# Transmission tube source spectra, Geant4 physics model G4EmStandardPhysics.
# Tungsten target on a 250 um diamond substrate; simulated for the XCal paper (Optics Express 2025).
# apex_angle_deg: anode apex angle; voltage_kV: tube voltage; target_thickness_um: tungsten thickness;
# energy_keV: bin center; photons: relative photon count per 0.1 keV bin (absolute scale not used).
apex_angle_deg,voltage_kV,target_thickness_um,energy_keV,photons
1.7,40,1,3.3,107226.2393
1.7,40,1,3.4,107226.2393
1.7,40,1,3.5,321678.7179
1.7,40,1,3.6,321678.7179
1.7,40,1,3.7,1286714.872
1.7,40,1,3.8,1286714.872
1.7,40,1,3.9,1072262.393
1.7,40,1,4,1608393.59
1.7,40,1,4.1,1715619.829
1.7,40,1,4.2,2895108.461
1.7,40,1,4.3,3431239.658
1.7,40,1,4.4,3538465.897
1.7,40,1,4.5,4717954.53
1.7,40,1,4.6,6004669.402
1.7,40,1,4.7,7291384.273
1.7,40,1,4.8,7291384.273
1.7,40,1,4.9,9114230.342
1.7,40,1,5,10400945.21
1.7,40,1,5.1,11687660.09
1.7,40,1,5.2,12116565.04
1.7,40,1,5.3,12331017.52
1.7,40,1,5.4,16083935.9
1.7,40,1,5.5,14904447.26
1.7,40,1,5.6,16727293.33
1.7,40,1,5.7,16620067.09
1.7,40,1,5.8,20801890.43
1.7,40,1,5.9,19729628.03
1.7,40,1,6,20480211.71
1.7,40,1,6.1,18657365.64
1.7,40,1,6.2,22624736.5
1.7,40,1,6.3,25090940
1.7,40,1,6.4,25305392.48
1.7,40,1,6.5,27128238.55
1.7,40,1,6.6,25305392.48
1.7,40,1,6.7,26699333.59
1.7,40,1,6.8,27557143.5
1.7,40,1,6.9,28200500.94
1.7,40,1,7,26377654.87
1.7,40,1,7.1,25841523.67
1.7,40,1,7.2,30345025.73
1.7,40,1,7.3,27557143.5
1.7,40,1,7.4,61333408.89
1.7,40,1,7.5,29701668.29
1.7,40,1,7.6,33669039.14
1.7,40,1,7.7,31846193.08
1.7,40,1,7.8,28629405.9
1.7,40,1,7.9,32489550.51
1.7,40,1,8,28200500.94
1.7,40,1,8.1,35599111.45
1.7,40,1,8.2,32918455.47
1.7,40,1,8.3,93930185.64
1.7,40,1,8.4,610867885.4
1.7,40,1,8.5,33240134.19
1.7,40,1,8.6,32811229.23
1.7,40,1,8.7,33240134.19
1.7,40,1,8.8,41174875.9
1.7,40,1,8.9,32811229.23
1.7,40,1,9,34634075.3
1.7,40,1,9.1,34741301.54
1.7,40,1,9.2,35062980.26
1.7,40,1,9.3,33454586.67
1.7,40,1,9.4,32275098.03
1.7,40,1,9.5,54363703.33
1.7,40,1,9.6,46536187.86
1.7,40,1,9.7,317175215.9
1.7,40,1,9.8,52326404.78
1.7,40,1,9.9,44713341.79
1.7,40,1,10,161804395.1
1.7,40,1,10.1,29487215.81
1.7,40,1,10.2,34634075.3
1.7,40,1,10.3,31095609.4
1.7,40,1,10.4,29058310.85
1.7,40,1,10.5,26270428.63
1.7,40,1,10.6,28629405.9
1.7,40,1,10.7,27771595.98
1.7,40,1,10.8,28951084.61
1.7,40,1,10.9,27449917.26
1.7,40,1,11,30666704.44
1.7,40,1,11.1,25734297.44
1.7,40,1,11.2,28951084.61
1.7,40,1,11.3,73557200.17
1.7,40,1,11.4,26913786.07
1.7,40,1,11.5,25734297.44
1.7,40,1,11.6,31524514.36
1.7,40,1,11.7,30023347.01
1.7,40,1,11.8,23911451.37
1.7,40,1,11.9,25627071.2
1.7,40,1,12,29916120.77
1.7,40,1,12.1,27021012.31
1.7,40,1,12.2,21766926.58
1.7,40,1,12.3,23804225.13
1.7,40,1,12.4,23804225.13
1.7,40,1,12.5,24233130.08
1.7,40,1,12.6,22624736.5
1.7,40,1,12.7,23696998.89
1.7,40,1,12.8,23696998.89
1.7,40,1,12.9,23053641.45
1.7,40,1,13,22088605.3
1.7,40,1,13.1,23804225.13
1.7,40,1,13.2,21981379.06
1.7,40,1,13.3,21659700.34
1.7,40,1,13.4,21230795.38
1.7,40,1,13.5,23696998.89
1.7,40,1,13.6,21230795.38
1.7,40,1,13.7,21981379.06
1.7,40,1,13.8,23696998.89
1.7,40,1,13.9,21445247.86
1.7,40,1,14,22088605.3
1.7,40,1,14.1,21981379.06
1.7,40,1,14.2,18550139.4
1.7,40,1,14.3,19407949.32
1.7,40,1,14.4,20480211.71
1.7,40,1,14.5,22946415.21
1.7,40,1,14.6,21230795.38
1.7,40,1,14.7,21338021.62
1.7,40,1,14.8,22517510.26
1.7,40,1,14.9,20158532.99
1.7,40,1,15,25090940
1.7,40,1,15.1,18764591.88
1.7,40,1,15.2,21874152.82
1.7,40,1,15.3,17906781.97
1.7,40,1,15.4,18871818.12
1.7,40,1,15.5,18228460.68
1.7,40,1,15.6,21874152.82
1.7,40,1,15.7,21230795.38
1.7,40,1,15.8,18979044.36
1.7,40,1,15.9,20694664.19
1.7,40,1,16,18335686.92
1.7,40,1,16.1,20480211.71
1.7,40,1,16.2,20372985.47
1.7,40,1,16.3,20480211.71
1.7,40,1,16.4,19836854.27
1.7,40,1,16.5,17156198.29
1.7,40,1,16.6,19407949.32
1.7,40,1,16.7,16834519.57
1.7,40,1,16.8,20265759.23
1.7,40,1,16.9,16298388.38
1.7,40,1,17,19515175.55
1.7,40,1,17.1,16941745.81
1.7,40,1,17.2,17585103.25
1.7,40,1,17.3,18121234.44
1.7,40,1,17.4,17692329.49
1.7,40,1,17.5,16405614.61
1.7,40,1,17.6,18764591.88
1.7,40,1,17.7,12116565.04
1.7,40,1,17.8,17263424.53
1.7,40,1,17.9,18014008.2
1.7,40,1,18,14689994.79
1.7,40,1,18.1,17370650.77
1.7,40,1,18.2,16941745.81
1.7,40,1,18.3,18550139.4
1.7,40,1,18.4,18550139.4
1.7,40,1,18.5,16620067.09
1.7,40,1,18.6,18550139.4
1.7,40,1,18.7,15547804.7
1.7,40,1,18.8,14797221.03
1.7,40,1,18.9,16083935.9
1.7,40,1,19,15440578.46
1.7,40,1,19.1,16191162.14
1.7,40,1,19.2,17799555.73
1.7,40,1,19.3,15333352.22
1.7,40,1,19.4,15011673.5
1.7,40,1,19.5,15011673.5
1.7,40,1,19.6,17263424.53
1.7,40,1,19.7,12974374.96
1.7,40,1,19.8,17585103.25
1.7,40,1,19.9,15118899.74
1.7,40,1,20,14904447.26
1.7,40,1,20.1,17477877.01
1.7,40,1,20.2,14153863.59
1.7,40,1,20.3,13939411.11
1.7,40,1,20.4,14689994.79
1.7,40,1,20.5,15655030.94
1.7,40,1,20.6,15440578.46
1.7,40,1,20.7,14475542.31
1.7,40,1,20.8,15011673.5
1.7,40,1,20.9,14689994.79
1.7,40,1,21,13617732.39
1.7,40,1,21.1,13510506.15
1.7,40,1,21.2,11794886.32
1.7,40,1,21.3,13724958.63
1.7,40,1,21.4,16727293.33
1.7,40,1,21.5,13617732.39
1.7,40,1,21.6,13724958.63
1.7,40,1,21.7,13939411.11
1.7,40,1,21.8,13081601.2
1.7,40,1,21.9,13296053.67
1.7,40,1,22,11473207.61
1.7,40,1,22.1,12759922.48
1.7,40,1,22.2,12759922.48
1.7,40,1,22.3,11580433.85
1.7,40,1,22.4,12116565.04
1.7,40,1,22.5,14046637.35
1.7,40,1,22.6,14261089.83
1.7,40,1,22.7,12545470
1.7,40,1,22.8,14582768.55
1.7,40,1,22.9,11902112.56
1.7,40,1,23,11365981.37
1.7,40,1,23.1,13403279.91
1.7,40,1,23.2,13081601.2
1.7,40,1,23.3,14046637.35
1.7,40,1,23.4,11687660.09
1.7,40,1,23.5,10508171.45
1.7,40,1,23.6,12652696.24
1.7,40,1,23.7,10186492.73
1.7,40,1,23.8,11473207.61
1.7,40,1,23.9,11151528.89
1.7,40,1,24,10937076.41
1.7,40,1,24.1,11902112.56
1.7,40,1,24.2,11365981.37
1.7,40,1,24.3,10079266.5
1.7,40,1,24.4,9757587.777
1.7,40,1,24.5,10615397.69
1.7,40,1,24.6,10615397.69
1.7,40,1,24.7,11902112.56
1.7,40,1,24.8,9435909.06
1.7,40,1,24.9,11580433.85
1.7,40,1,25,9972040.256
1.7,40,1,25.1,9435909.06
1.7,40,1,25.2,10186492.73
1.7,40,1,25.3,9543135.299
1.7,40,1,25.4,10079266.5
1.7,40,1,25.5,9972040.256
1.7,40,1,25.6,9543135.299
1.7,40,1,25.7,9864814.017
1.7,40,1,25.8,11151528.89
1.7,40,1,25.9,9114230.342
1.7,40,1,26,10079266.5
1.7,40,1,26.1,11794886.32
1.7,40,1,26.2,9650361.538
1.7,40,1,26.3,10079266.5
1.7,40,1,26.4,9435909.06
1.7,40,1,26.5,11151528.89
1.7,40,1,26.6,10400945.21
1.7,40,1,26.7,9864814.017
1.7,40,1,26.8,9650361.538
1.7,40,1,26.9,11151528.89
1.7,40,1,27,9328682.82
1.7,40,1,27.1,7720289.231
1.7,40,1,27.2,10508171.45
1.7,40,1,27.3,11794886.32
1.7,40,1,27.4,10079266.5
1.7,40,1,27.5,9543135.299
1.7,40,1,27.6,10722623.93
1.7,40,1,27.7,7934741.709
1.7,40,1,27.8,8685325.384
1.7,40,1,27.9,10186492.73
1.7,40,1,28,10079266.5
1.7,40,1,28.1,8470872.906
1.7,40,1,28.2,7613062.991
1.7,40,1,28.3,7720289.231
1.7,40,1,28.4,8149194.188
1.7,40,1,28.5,9757587.777
1.7,40,1,28.6,5682990.684
1.7,40,1,28.7,8578099.145
1.7,40,1,28.8,9221456.581
1.7,40,1,28.9,7720289.231
1.7,40,1,29,7398610.513
1.7,40,1,29.1,7613062.991
1.7,40,1,29.2,6111895.641
1.7,40,1,29.3,7505836.752
1.7,40,1,29.4,7720289.231
1.7,40,1,29.5,6219121.88
1.7,40,1,29.6,8149194.188
1.7,40,1,29.7,7934741.709
1.7,40,1,29.8,9328682.82
1.7,40,1,29.9,8256420.427
1.7,40,1,30,7613062.991
1.7,40,1,30.1,7827515.47
1.7,40,1,30.2,7827515.47
1.7,40,1,30.3,7505836.752
1.7,40,1,30.4,6004669.402
1.7,40,1,30.5,7505836.752
1.7,40,1,30.6,6111895.641
1.7,40,1,30.7,6540800.598
1.7,40,1,30.8,8256420.427
1.7,40,1,30.9,6111895.641
1.7,40,1,31,7934741.709
1.7,40,1,31.1,5682990.684
1.7,40,1,31.2,5897443.162
1.7,40,1,31.3,6755253.077
1.7,40,1,31.4,6433574.359
1.7,40,1,31.5,6326348.119
1.7,40,1,31.6,6111895.641
1.7,40,1,31.7,5575764.444
1.7,40,1,31.8,5468538.205
1.7,40,1,31.9,6540800.598
1.7,40,1,32,4717954.53
1.7,40,1,32.1,7291384.273
1.7,40,1,32.2,5575764.444
1.7,40,1,32.3,6862479.316
1.7,40,1,32.4,7720289.231
1.7,40,1,32.5,5575764.444
1.7,40,1,32.6,5575764.444
1.7,40,1,32.7,5575764.444
1.7,40,1,32.8,6004669.402
1.7,40,1,32.9,6433574.359
1.7,40,1,33,5039633.248
1.7,40,1,33.1,5254085.726
1.7,40,1,33.2,4396275.812
1.7,40,1,33.3,4503502.051
1.7,40,1,33.4,5575764.444
1.7,40,1,33.5,4717954.53
1.7,40,1,33.6,4289049.573
1.7,40,1,33.7,5790216.923
1.7,40,1,33.8,4610728.29
1.7,40,1,33.9,4503502.051
1.7,40,1,34,4503502.051
1.7,40,1,34.1,5575764.444
1.7,40,1,34.2,3860144.615
1.7,40,1,34.3,5146859.487
1.7,40,1,34.4,5468538.205
1.7,40,1,34.5,3645692.137
1.7,40,1,34.6,5039633.248
1.7,40,1,34.7,3860144.615
1.7,40,1,34.8,3967370.855
1.7,40,1,34.9,3967370.855
1.7,40,1,35,4717954.53
1.7,40,1,35.1,4289049.573
1.7,40,1,35.2,3324013.419
1.7,40,1,35.3,4181823.333
1.7,40,1,35.4,4396275.812
1.7,40,1,35.5,3109560.94
1.7,40,1,35.6,4396275.812
1.7,40,1,35.7,5254085.726
1.7,40,1,35.8,4825180.769
1.7,40,1,35.9,3538465.897
1.7,40,1,36,4396275.812
1.7,40,1,36.1,5254085.726
1.7,40,1,36.2,3967370.855
1.7,40,1,36.3,4074597.094
1.7,40,1,36.4,3752918.376
1.7,40,1,36.5,3216787.179
1.7,40,1,36.6,3752918.376
1.7,40,1,36.7,3216787.179
1.7,40,1,36.8,4181823.333
1.7,40,1,36.9,3324013.419
1.7,40,1,37,2573429.744
1.7,40,1,37.1,3967370.855
1.7,40,1,37.2,2251751.026
1.7,40,1,37.3,3860144.615
1.7,40,1,37.4,3216787.179
1.7,40,1,37.5,4503502.051
1.7,40,1,37.6,2037298.547
1.7,40,1,37.7,2787882.222
1.7,40,1,37.8,1822846.068
1.7,40,1,37.9,2680655.983
1.7,40,1,38,2037298.547
1.7,40,1,38.1,1930072.308
1.7,40,1,38.2,1930072.308
1.7,40,1,38.3,1930072.308
1.7,40,1,38.4,2358977.265
1.7,40,1,38.5,1930072.308
1.7,40,1,38.6,2680655.983
1.7,40,1,38.7,1501167.35
1.7,40,1,38.8,2358977.265
1.7,40,1,38.9,965036.1538
1.7,40,1,39,2144524.786
1.7,40,1,39.1,3002334.701
1.7,40,1,39.2,1286714.872
1.7,40,1,39.3,1608393.59
1.7,40,1,39.4,1286714.872
1.7,40,1,39.5,1072262.393
1.7,40,1,39.6,1072262.393
1.7,40,1,39.7,965036.1538
1.7,40,1,39.8,857809.9145
1.7,40,1,39.9,428904.9573
1.7,80,1,3.2,454976.9751
1.7,80,1,3.4,454976.9751
1.7,80,1,3.5,341232.7313
1.7,80,1,3.6,909953.9503
1.7,80,1,3.7,1364930.925
1.7,80,1,3.8,2161140.632
1.7,80,1,3.9,1592419.413
1.7,80,1,4,3753560.045
1.7,80,1,4.1,4436025.507
1.7,80,1,4.2,3412327.313
1.7,80,1,4.3,5573467.945
1.7,80,1,4.4,7962097.065
1.7,80,1,4.5,8303329.796
1.7,80,1,4.6,7507120.09
1.7,80,1,4.7,13308076.52
1.7,80,1,4.8,12056889.84
1.7,80,1,4.9,13080588.03
1.7,80,1,5,12056889.84
1.7,80,1,5.1,15582961.4
1.7,80,1,5.2,16947892.32
1.7,80,1,5.3,15696705.64
1.7,80,1,5.4,19791498.42
1.7,80,1,5.5,18881544.47
1.7,80,1,5.6,21156429.34
1.7,80,1,5.7,22180127.54
1.7,80,1,5.8,25251222.12
1.7,80,1,5.9,27526107
1.7,80,1,6,25137477.88
1.7,80,1,6.1,28094828.21
1.7,80,1,6.2,30483457.33
1.7,80,1,6.3,31165922.8
1.7,80,1,6.4,32530853.72
1.7,80,1,6.5,28549805.19
1.7,80,1,6.6,29914736.11
1.7,80,1,6.7,32758342.21
1.7,80,1,6.8,37649344.69
1.7,80,1,6.9,33895784.65
1.7,80,1,7,36966879.23
1.7,80,1,7.1,35146971.33
1.7,80,1,7.2,37763088.94
1.7,80,1,7.3,35943181.03
1.7,80,1,7.4,86786858.01
1.7,80,1,7.5,36625646.5
1.7,80,1,7.6,37421856.2
1.7,80,1,7.7,39128019.86
1.7,80,1,7.8,34009528.89
1.7,80,1,7.9,40492950.79
1.7,80,1,8,44019022.34
1.7,80,1,8.1,42540347.17
1.7,80,1,8.2,39696741.08
1.7,80,1,8.3,148322493.9
1.7,80,1,8.4,976494332.9
1.7,80,1,8.5,38559298.64
1.7,80,1,8.6,43677789.61
1.7,80,1,8.7,37535600.45
1.7,80,1,8.8,59260751.01
1.7,80,1,8.9,41289160.49
1.7,80,1,9,40720439.27
1.7,80,1,9.1,40037973.81
1.7,80,1,9.2,38331810.15
1.7,80,1,9.3,44587743.56
1.7,80,1,9.4,38900531.37
1.7,80,1,9.5,75184945.14
1.7,80,1,9.6,51867375.16
1.7,80,1,9.7,546654835.6
1.7,80,1,9.8,81895855.52
1.7,80,1,9.9,59715727.99
1.7,80,1,10,242730216.2
1.7,80,1,10.1,43222812.64
1.7,80,1,10.2,44132766.59
1.7,80,1,10.3,33554551.92
1.7,80,1,10.4,34919482.84
1.7,80,1,10.5,32530853.72
1.7,80,1,10.6,33327063.43
1.7,80,1,10.7,32644597.97
1.7,80,1,10.8,37308111.96
1.7,80,1,10.9,34578250.11
1.7,80,1,11,38218065.91
1.7,80,1,11.1,32530853.72
1.7,80,1,11.2,32872086.45
1.7,80,1,11.3,127507297.3
1.7,80,1,11.4,34237017.38
1.7,80,1,11.5,31734644.01
1.7,80,1,11.6,44587743.56
1.7,80,1,11.7,45725186
1.7,80,1,11.8,32985830.7
1.7,80,1,11.9,31052178.55
1.7,80,1,12,34464505.87
1.7,80,1,12.1,33554551.92
1.7,80,1,12.2,30255968.85
1.7,80,1,12.3,32758342.21
1.7,80,1,12.4,30028480.36
1.7,80,1,12.5,28436060.95
1.7,80,1,12.6,25478710.61
1.7,80,1,12.7,29687247.63
1.7,80,1,12.8,29346014.9
1.7,80,1,12.9,29459759.14
1.7,80,1,13,27981083.97
1.7,80,1,13.1,28777293.68
1.7,80,1,13.2,29232270.65
1.7,80,1,13.3,30710945.82
1.7,80,1,13.4,28094828.21
1.7,80,1,13.5,28436060.95
1.7,80,1,13.6,27639851.24
1.7,80,1,13.7,27526107
1.7,80,1,13.8,31393411.28
1.7,80,1,13.9,27981083.97
1.7,80,1,14,29004782.16
1.7,80,1,14.1,28436060.95
1.7,80,1,14.2,26388664.56
1.7,80,1,14.3,28663549.43
1.7,80,1,14.4,26274920.31
1.7,80,1,14.5,29004782.16
1.7,80,1,14.6,26729897.29
1.7,80,1,14.7,27981083.97
1.7,80,1,14.8,24909989.39
1.7,80,1,14.9,27753595.48
1.7,80,1,15,24682500.9
1.7,80,1,15.1,24000035.44
1.7,80,1,15.2,25478710.61
1.7,80,1,15.3,24796245.14
1.7,80,1,15.4,22862593
1.7,80,1,15.5,24227523.93
1.7,80,1,15.6,28549805.19
1.7,80,1,15.7,26047431.83
1.7,80,1,15.8,27981083.97
1.7,80,1,15.9,25364966.36
1.7,80,1,16,24341268.17
1.7,80,1,16.1,25137477.88
1.7,80,1,16.2,25251222.12
1.7,80,1,16.3,26047431.83
1.7,80,1,16.4,24000035.44
1.7,80,1,16.5,24455012.41
1.7,80,1,16.6,22748848.76
1.7,80,1,16.7,23886291.19
1.7,80,1,16.8,22862593
1.7,80,1,16.9,22635104.51
1.7,80,1,17,25592454.85
1.7,80,1,17.1,27184874.26
1.7,80,1,17.2,24341268.17
1.7,80,1,17.3,22066383.29
1.7,80,1,17.4,25137477.88
1.7,80,1,17.5,22976337.24
1.7,80,1,17.6,24000035.44
1.7,80,1,17.7,24568756.66
1.7,80,1,17.8,21611406.32
1.7,80,1,17.9,19109032.96
1.7,80,1,18,25364966.36
1.7,80,1,18.1,22635104.51
1.7,80,1,18.2,21838894.81
1.7,80,1,18.3,22066383.29
1.7,80,1,18.4,21497662.07
1.7,80,1,18.5,21497662.07
1.7,80,1,18.6,20815196.61
1.7,80,1,18.7,20246475.39
1.7,80,1,18.8,21725150.56
1.7,80,1,18.9,22521360.27
1.7,80,1,19,23317569.98
1.7,80,1,19.1,22976337.24
1.7,80,1,19.2,19222777.2
1.7,80,1,19.3,20587708.12
1.7,80,1,19.4,24227523.93
1.7,80,1,19.5,19450265.69
1.7,80,1,19.6,21156429.34
1.7,80,1,19.7,19222777.2
1.7,80,1,19.8,17402869.3
1.7,80,1,19.9,20587708.12
1.7,80,1,20,22180127.54
1.7,80,1,20.1,18767800.22
1.7,80,1,20.2,23317569.98
1.7,80,1,20.3,20360219.64
1.7,80,1,20.4,18881544.47
1.7,80,1,20.5,21952639.05
1.7,80,1,20.6,18767800.22
1.7,80,1,20.7,19564009.93
1.7,80,1,20.8,18540311.74
1.7,80,1,20.9,21156429.34
1.7,80,1,21,18312823.25
1.7,80,1,21.1,16037938.37
1.7,80,1,21.2,17857846.27
1.7,80,1,21.3,20701452.37
1.7,80,1,21.4,18426567.49
1.7,80,1,21.5,20360219.64
1.7,80,1,21.6,20360219.64
1.7,80,1,21.7,18767800.22
1.7,80,1,21.8,17857846.27
1.7,80,1,21.9,18085334.76
1.7,80,1,22,19905242.66
1.7,80,1,22.1,18426567.49
1.7,80,1,22.2,21497662.07
1.7,80,1,22.3,18540311.74
1.7,80,1,22.4,18540311.74
1.7,80,1,22.5,19222777.2
1.7,80,1,22.6,19336521.44
1.7,80,1,22.7,18654055.98
1.7,80,1,22.8,16492915.35
1.7,80,1,22.9,18995288.71
1.7,80,1,23,15469217.15
1.7,80,1,23.1,19222777.2
1.7,80,1,23.2,17630357.79
1.7,80,1,23.3,18995288.71
1.7,80,1,23.4,19564009.93
1.7,80,1,23.5,19905242.66
1.7,80,1,23.6,15810449.89
1.7,80,1,23.7,18199079.01
1.7,80,1,23.8,14786751.69
1.7,80,1,23.9,15014240.18
1.7,80,1,24,15127984.42
1.7,80,1,24.1,16947892.32
1.7,80,1,24.2,16606659.59
1.7,80,1,24.3,17971590.52
1.7,80,1,24.4,16151682.62
1.7,80,1,24.5,15582961.4
1.7,80,1,24.6,14104286.23
1.7,80,1,24.7,16834148.08
1.7,80,1,24.8,16606659.59
1.7,80,1,24.9,14673007.45
1.7,80,1,25,17061636.57
1.7,80,1,25.1,16492915.35
1.7,80,1,25.2,14559263.2
1.7,80,1,25.3,16834148.08
1.7,80,1,25.4,16151682.62
1.7,80,1,25.5,17061636.57
1.7,80,1,25.6,16834148.08
1.7,80,1,25.7,13535565.01
1.7,80,1,25.8,16037938.37
1.7,80,1,25.9,16834148.08
1.7,80,1,26,15469217.15
1.7,80,1,26.1,14673007.45
1.7,80,1,26.2,16947892.32
1.7,80,1,26.3,15127984.42
1.7,80,1,26.4,15241728.67
1.7,80,1,26.5,17289125.05
1.7,80,1,26.6,15014240.18
1.7,80,1,26.7,15127984.42
1.7,80,1,26.8,16151682.62
1.7,80,1,26.9,14331774.72
1.7,80,1,27,14900495.94
1.7,80,1,27.1,15127984.42
1.7,80,1,27.2,12966843.79
1.7,80,1,27.3,15241728.67
1.7,80,1,27.4,15469217.15
1.7,80,1,27.5,15469217.15
1.7,80,1,27.6,13194332.28
1.7,80,1,27.7,13535565.01
1.7,80,1,27.8,14104286.23
1.7,80,1,27.9,13535565.01
1.7,80,1,28,14104286.23
1.7,80,1,28.1,15810449.89
1.7,80,1,28.2,14104286.23
1.7,80,1,28.3,13308076.52
1.7,80,1,28.4,13649309.25
1.7,80,1,28.5,11260680.13
1.7,80,1,28.6,11601912.87
1.7,80,1,28.7,14445518.96
1.7,80,1,28.8,12511866.82
1.7,80,1,28.9,13535565.01
1.7,80,1,29,12966843.79
1.7,80,1,29.1,11829401.35
1.7,80,1,29.2,14559263.2
1.7,80,1,29.3,12170634.08
1.7,80,1,29.4,12625611.06
1.7,80,1,29.5,12398122.57
1.7,80,1,29.6,14559263.2
1.7,80,1,29.7,12511866.82
1.7,80,1,29.8,13535565.01
1.7,80,1,29.9,13308076.52
1.7,80,1,30,14218030.47
1.7,80,1,30.1,10578214.67
1.7,80,1,30.2,14445518.96
1.7,80,1,30.3,15127984.42
1.7,80,1,30.4,12056889.84
1.7,80,1,30.5,10919447.4
1.7,80,1,30.6,12511866.82
1.7,80,1,30.7,12625611.06
1.7,80,1,30.8,12739355.3
1.7,80,1,30.9,10236981.94
1.7,80,1,31,13649309.25
1.7,80,1,31.1,13308076.52
1.7,80,1,31.2,13763053.5
1.7,80,1,31.3,9440772.234
1.7,80,1,31.4,11601912.87
1.7,80,1,31.5,10919447.4
1.7,80,1,31.6,11943145.6
1.7,80,1,31.7,9782004.965
1.7,80,1,31.8,11943145.6
1.7,80,1,31.9,13535565.01
1.7,80,1,32,12511866.82
1.7,80,1,32.1,9895749.209
1.7,80,1,32.2,13421820.77
1.7,80,1,32.3,12853099.55
1.7,80,1,32.4,12625611.06
1.7,80,1,32.5,11260680.13
1.7,80,1,32.6,13194332.28
1.7,80,1,32.7,13080588.03
1.7,80,1,32.8,11033191.65
1.7,80,1,32.9,11374424.38
1.7,80,1,33,12966843.79
1.7,80,1,33.1,9440772.234
1.7,80,1,33.2,12170634.08
1.7,80,1,33.3,9440772.234
1.7,80,1,33.4,9554516.478
1.7,80,1,33.5,10919447.4
1.7,80,1,33.6,10691958.92
1.7,80,1,33.7,12170634.08
1.7,80,1,33.8,10123237.7
1.7,80,1,33.9,8758306.771
1.7,80,1,34,11601912.87
1.7,80,1,34.1,11374424.38
1.7,80,1,34.2,10691958.92
1.7,80,1,34.3,9668260.721
1.7,80,1,34.4,11488168.62
1.7,80,1,34.5,11601912.87
1.7,80,1,34.6,11829401.35
1.7,80,1,34.7,10919447.4
1.7,80,1,34.8,9782004.965
1.7,80,1,34.9,8872051.015
1.7,80,1,35,9668260.721
1.7,80,1,35.1,13763053.5
1.7,80,1,35.2,9440772.234
1.7,80,1,35.3,10578214.67
1.7,80,1,35.4,9327027.99
1.7,80,1,35.5,9554516.478
1.7,80,1,35.6,9554516.478
1.7,80,1,35.7,11488168.62
1.7,80,1,35.8,11488168.62
1.7,80,1,35.9,8189585.552
1.7,80,1,36,10464470.43
1.7,80,1,36.1,9895749.209
1.7,80,1,36.2,10464470.43
1.7,80,1,36.3,10123237.7
1.7,80,1,36.4,10464470.43
1.7,80,1,36.5,10123237.7
1.7,80,1,36.6,9895749.209
1.7,80,1,36.7,8303329.796
1.7,80,1,36.8,10919447.4
1.7,80,1,36.9,10919447.4
1.7,80,1,37,8985795.259
1.7,80,1,37.1,9327027.99
1.7,80,1,37.2,8872051.015
1.7,80,1,37.3,10123237.7
1.7,80,1,37.4,9327027.99
1.7,80,1,37.5,8758306.771
1.7,80,1,37.6,8417074.04
1.7,80,1,37.7,7393375.846
1.7,80,1,37.8,10691958.92
1.7,80,1,37.9,8644562.527
1.7,80,1,38,8985795.259
1.7,80,1,38.1,8075841.308
1.7,80,1,38.2,9327027.99
1.7,80,1,38.3,8530818.284
1.7,80,1,38.4,9099539.503
1.7,80,1,38.5,9099539.503
1.7,80,1,38.6,8758306.771
1.7,80,1,38.7,9213283.746
1.7,80,1,38.8,9782004.965
1.7,80,1,38.9,9099539.503
1.7,80,1,39,6938398.871
1.7,80,1,39.1,8189585.552
1.7,80,1,39.2,11033191.65
1.7,80,1,39.3,10691958.92
1.7,80,1,39.4,7620864.333
1.7,80,1,39.5,8530818.284
1.7,80,1,39.6,7165887.358
1.7,80,1,39.7,10350726.18
1.7,80,1,39.8,8075841.308
1.7,80,1,39.9,8985795.259
1.7,80,1,40,6369677.652
1.7,80,1,40.1,7620864.333
1.7,80,1,40.2,8417074.04
1.7,80,1,40.3,7620864.333
1.7,80,1,40.4,9327027.99
1.7,80,1,40.5,8303329.796
1.7,80,1,40.6,9440772.234
1.7,80,1,40.7,9782004.965
1.7,80,1,40.8,9668260.721
1.7,80,1,40.9,8417074.04
1.7,80,1,41,7962097.065
1.7,80,1,41.1,7165887.358
1.7,80,1,41.2,7620864.333
1.7,80,1,41.3,9213283.746
1.7,80,1,41.4,5800956.433
1.7,80,1,41.5,8189585.552
1.7,80,1,41.6,9099539.503
1.7,80,1,41.7,9099539.503
1.7,80,1,41.8,10236981.94
1.7,80,1,41.9,8417074.04
1.7,80,1,42,8985795.259
1.7,80,1,42.1,11146935.89
1.7,80,1,42.2,8417074.04
1.7,80,1,42.3,7734608.577
1.7,80,1,42.4,6710910.383
1.7,80,1,42.5,6710910.383
1.7,80,1,42.6,6597166.139
1.7,80,1,42.7,7848352.821
1.7,80,1,42.8,9554516.478
1.7,80,1,42.9,6824654.627
1.7,80,1,43,6255933.408
1.7,80,1,43.1,7507120.09
1.7,80,1,43.2,6824654.627
1.7,80,1,43.3,8303329.796
1.7,80,1,43.4,7507120.09
1.7,80,1,43.5,7962097.065
1.7,80,1,43.6,8985795.259
1.7,80,1,43.7,6824654.627
1.7,80,1,43.8,5800956.433
1.7,80,1,43.9,8985795.259
1.7,80,1,44,6938398.871
1.7,80,1,44.1,8303329.796
1.7,80,1,44.2,8758306.771
1.7,80,1,44.3,6255933.408
1.7,80,1,44.4,7734608.577
1.7,80,1,44.5,7165887.358
1.7,80,1,44.6,6710910.383
1.7,80,1,44.7,8758306.771
1.7,80,1,44.8,8985795.259
1.7,80,1,44.9,6142189.164
1.7,80,1,45,8644562.527
1.7,80,1,45.1,7393375.846
1.7,80,1,45.2,5914700.677
1.7,80,1,45.3,6369677.652
1.7,80,1,45.4,7620864.333
1.7,80,1,45.5,5687212.189
1.7,80,1,45.6,7507120.09
1.7,80,1,45.7,6255933.408
1.7,80,1,45.8,5687212.189
1.7,80,1,45.9,6369677.652
1.7,80,1,46,5459723.702
1.7,80,1,46.1,8189585.552
1.7,80,1,46.2,8985795.259
1.7,80,1,46.3,6938398.871
1.7,80,1,46.4,6938398.871
1.7,80,1,46.5,6028444.92
1.7,80,1,46.6,7165887.358
1.7,80,1,46.7,6824654.627
1.7,80,1,46.8,7734608.577
1.7,80,1,46.9,6710910.383
1.7,80,1,47,5459723.702
1.7,80,1,47.1,5800956.433
1.7,80,1,47.2,7052143.114
1.7,80,1,47.3,4777258.239
1.7,80,1,47.4,5687212.189
1.7,80,1,47.5,5800956.433
1.7,80,1,47.6,6824654.627
1.7,80,1,47.7,6710910.383
1.7,80,1,47.8,6938398.871
1.7,80,1,47.9,7962097.065
1.7,80,1,48,7393375.846
1.7,80,1,48.1,5459723.702
1.7,80,1,48.2,6938398.871
1.7,80,1,48.3,6028444.92
1.7,80,1,48.4,5800956.433
1.7,80,1,48.5,7962097.065
1.7,80,1,48.6,5914700.677
1.7,80,1,48.7,7620864.333
1.7,80,1,48.8,6597166.139
1.7,80,1,48.9,5345979.458
1.7,80,1,49,9327027.99
1.7,80,1,49.1,7279631.602
1.7,80,1,49.2,6028444.92
1.7,80,1,49.3,6938398.871
1.7,80,1,49.4,5345979.458
1.7,80,1,49.5,6938398.871
1.7,80,1,49.6,7165887.358
1.7,80,1,49.7,7052143.114
1.7,80,1,49.8,4891002.483
1.7,80,1,49.9,6142189.164
1.7,80,1,50,6142189.164
1.7,80,1,50.1,5914700.677
1.7,80,1,50.2,6028444.92
1.7,80,1,50.3,6142189.164
1.7,80,1,50.4,5459723.702
1.7,80,1,50.5,5687212.189
1.7,80,1,50.6,5345979.458
1.7,80,1,50.7,5118490.97
1.7,80,1,50.8,7052143.114
1.7,80,1,50.9,5118490.97
1.7,80,1,51,6938398.871
1.7,80,1,51.1,4777258.239
1.7,80,1,51.2,6938398.871
1.7,80,1,51.3,5004746.726
1.7,80,1,51.4,4663513.995
1.7,80,1,51.5,6938398.871
1.7,80,1,51.6,5687212.189
1.7,80,1,51.7,4891002.483
1.7,80,1,51.8,6710910.383
1.7,80,1,51.9,5459723.702
1.7,80,1,52,5004746.726
1.7,80,1,52.1,7279631.602
1.7,80,1,52.2,4777258.239
1.7,80,1,52.3,6938398.871
1.7,80,1,52.4,6369677.652
1.7,80,1,52.5,6938398.871
1.7,80,1,52.6,6938398.871
1.7,80,1,52.7,5459723.702
1.7,80,1,52.8,5687212.189
1.7,80,1,52.9,5232235.214
1.7,80,1,53,7165887.358
1.7,80,1,53.1,5800956.433
1.7,80,1,53.2,6142189.164
1.7,80,1,53.3,6028444.92
1.7,80,1,53.4,5800956.433
1.7,80,1,53.5,7507120.09
1.7,80,1,53.6,5232235.214
1.7,80,1,53.7,6255933.408
1.7,80,1,53.8,5800956.433
1.7,80,1,53.9,7279631.602
1.7,80,1,54,5573467.945
1.7,80,1,54.1,9213283.746
1.7,80,1,54.2,6255933.408
1.7,80,1,54.3,4777258.239
1.7,80,1,54.4,6028444.92
1.7,80,1,54.5,5687212.189
1.7,80,1,54.6,4322281.264
1.7,80,1,54.7,4891002.483
1.7,80,1,54.8,4777258.239
1.7,80,1,54.9,6369677.652
1.7,80,1,55,6142189.164
1.7,80,1,55.1,5118490.97
1.7,80,1,55.2,4094792.776
1.7,80,1,55.3,6483421.896
1.7,80,1,55.4,4891002.483
1.7,80,1,55.5,5232235.214
1.7,80,1,55.6,5687212.189
1.7,80,1,55.7,5459723.702
1.7,80,1,55.8,5800956.433
1.7,80,1,55.9,5345979.458
1.7,80,1,56,4777258.239
1.7,80,1,56.1,5687212.189
1.7,80,1,56.2,5914700.677
1.7,80,1,56.3,7620864.333
1.7,80,1,56.4,5800956.433
1.7,80,1,56.5,5232235.214
1.7,80,1,56.6,6597166.139
1.7,80,1,56.7,4436025.507
1.7,80,1,56.8,4663513.995
1.7,80,1,56.9,4663513.995
1.7,80,1,57,4891002.483
1.7,80,1,57.1,5459723.702
1.7,80,1,57.2,6142189.164
1.7,80,1,57.3,4208537.02
1.7,80,1,57.4,4663513.995
1.7,80,1,57.5,5687212.189
1.7,80,1,57.6,5004746.726
1.7,80,1,57.7,3753560.045
1.7,80,1,57.8,5004746.726
1.7,80,1,57.9,4549769.751
1.7,80,1,58,4777258.239
1.7,80,1,58.1,7052143.114
1.7,80,1,58.2,4322281.264
1.7,80,1,58.3,3753560.045
1.7,80,1,58.4,5800956.433
1.7,80,1,58.5,4663513.995
1.7,80,1,58.6,3412327.313
1.7,80,1,58.7,5004746.726
1.7,80,1,58.8,4322281.264
1.7,80,1,58.9,5345979.458
1.7,80,1,59,3753560.045
1.7,80,1,59.1,4777258.239
1.7,80,1,59.2,5573467.945
1.7,80,1,59.3,5118490.97
1.7,80,1,59.4,3412327.313
1.7,80,1,59.5,11943145.6
1.7,80,1,59.6,3071094.582
1.7,80,1,59.7,5232235.214
1.7,80,1,59.8,5573467.945
1.7,80,1,59.9,4208537.02
1.7,80,1,60,4549769.751
1.7,80,1,60.1,4208537.02
1.7,80,1,60.2,4436025.507
1.7,80,1,60.3,5004746.726
1.7,80,1,60.4,5800956.433
1.7,80,1,60.5,4322281.264
1.7,80,1,60.6,3867304.289
1.7,80,1,60.7,5800956.433
1.7,80,1,60.8,4549769.751
1.7,80,1,60.9,4663513.995
1.7,80,1,61,5232235.214
1.7,80,1,61.1,4208537.02
1.7,80,1,61.2,4549769.751
1.7,80,1,61.3,4777258.239
1.7,80,1,61.4,6142189.164
1.7,80,1,61.5,4322281.264
1.7,80,1,61.6,4663513.995
1.7,80,1,61.7,3639815.801
1.7,80,1,61.8,4322281.264
1.7,80,1,61.9,3867304.289
1.7,80,1,62,3526071.557
1.7,80,1,62.1,5118490.97
1.7,80,1,62.2,4436025.507
1.7,80,1,62.3,4663513.995
1.7,80,1,62.4,4094792.776
1.7,80,1,62.5,4436025.507
1.7,80,1,62.6,5118490.97
1.7,80,1,62.7,3753560.045
1.7,80,1,62.8,4663513.995
1.7,80,1,62.9,3412327.313
1.7,80,1,63,4208537.02
1.7,80,1,63.1,5800956.433
1.7,80,1,63.2,3867304.289
1.7,80,1,63.3,5118490.97
1.7,80,1,63.4,4208537.02
1.7,80,1,63.5,3071094.582
1.7,80,1,63.6,5118490.97
1.7,80,1,63.7,3639815.801
1.7,80,1,63.8,2843606.095
1.7,80,1,63.9,4549769.751
1.7,80,1,64,3867304.289
1.7,80,1,64.1,4777258.239
1.7,80,1,64.2,4322281.264
1.7,80,1,64.3,3298583.07
1.7,80,1,64.4,2729861.851
1.7,80,1,64.5,3184838.826
1.7,80,1,64.6,4094792.776
1.7,80,1,64.7,3412327.313
1.7,80,1,64.8,3867304.289
1.7,80,1,64.9,3071094.582
1.7,80,1,65,3867304.289
1.7,80,1,65.1,3753560.045
1.7,80,1,65.2,3526071.557
1.7,80,1,65.3,4322281.264
1.7,80,1,65.4,4322281.264
1.7,80,1,65.5,4094792.776
1.7,80,1,65.6,4777258.239
1.7,80,1,65.7,5004746.726
1.7,80,1,65.8,3298583.07
1.7,80,1,65.9,3526071.557
1.7,80,1,66,3867304.289
1.7,80,1,66.1,4549769.751
1.7,80,1,66.2,4777258.239
1.7,80,1,66.3,3071094.582
1.7,80,1,66.4,4549769.751
1.7,80,1,66.5,2957350.338
1.7,80,1,66.6,4322281.264
1.7,80,1,66.7,4208537.02
1.7,80,1,66.8,4663513.995
1.7,80,1,66.9,2616117.607
1.7,80,1,67,3184838.826
1.7,80,1,67.1,5573467.945
1.7,80,1,67.2,5004746.726
1.7,80,1,67.3,3526071.557
1.7,80,1,67.4,6028444.92
1.7,80,1,67.5,3867304.289
1.7,80,1,67.6,3412327.313
1.7,80,1,67.7,3867304.289
1.7,80,1,67.8,3298583.07
1.7,80,1,67.9,2843606.095
1.7,80,1,68,4208537.02
1.7,80,1,68.1,2957350.338
1.7,80,1,68.2,3298583.07
1.7,80,1,68.3,4322281.264
1.7,80,1,68.4,2729861.851
1.7,80,1,68.5,3298583.07
1.7,80,1,68.6,3184838.826
1.7,80,1,68.7,4208537.02
1.7,80,1,68.8,3867304.289
1.7,80,1,68.9,4549769.751
1.7,80,1,69,3298583.07
1.7,80,1,69.1,2957350.338
1.7,80,1,69.2,3298583.07
1.7,80,1,69.3,5118490.97
1.7,80,1,69.4,3071094.582
1.7,80,1,69.5,3298583.07
1.7,80,1,69.6,3526071.557
1.7,80,1,69.7,2729861.851
1.7,80,1,69.8,3412327.313
1.7,80,1,69.9,2161140.632
1.7,80,1,70,2843606.095
1.7,80,1,70.1,2729861.851
1.7,80,1,70.2,3412327.313
1.7,80,1,70.3,2388629.119
1.7,80,1,70.4,3298583.07
1.7,80,1,70.5,2502373.363
1.7,80,1,70.6,3753560.045
1.7,80,1,70.7,3639815.801
1.7,80,1,70.8,3298583.07
1.7,80,1,70.9,3981048.532
1.7,80,1,71,3298583.07
1.7,80,1,71.1,3639815.801
1.7,80,1,71.2,2616117.607
1.7,80,1,71.3,3071094.582
1.7,80,1,71.4,5004746.726
1.7,80,1,71.5,3298583.07
1.7,80,1,71.6,3298583.07
1.7,80,1,71.7,2957350.338
1.7,80,1,71.8,2161140.632
1.7,80,1,71.9,3639815.801
1.7,80,1,72,3753560.045
1.7,80,1,72.1,2388629.119
1.7,80,1,72.2,2729861.851
1.7,80,1,72.3,3071094.582
1.7,80,1,72.4,2502373.363
1.7,80,1,72.5,2047396.388
1.7,80,1,72.6,2274884.876
1.7,80,1,72.7,4094792.776
1.7,80,1,72.8,3184838.826
1.7,80,1,72.9,2729861.851
1.7,80,1,73,2274884.876
1.7,80,1,73.1,3981048.532
1.7,80,1,73.2,1706163.657
1.7,80,1,73.3,2729861.851
1.7,80,1,73.4,2843606.095
1.7,80,1,73.5,2729861.851
1.7,80,1,73.6,2957350.338
1.7,80,1,73.7,3526071.557
1.7,80,1,73.8,2957350.338
1.7,80,1,73.9,3184838.826
1.7,80,1,74,2274884.876
1.7,80,1,74.1,2274884.876
1.7,80,1,74.2,2729861.851
1.7,80,1,74.3,2729861.851
1.7,80,1,74.4,2388629.119
1.7,80,1,74.5,1819907.901
1.7,80,1,74.6,2729861.851
1.7,80,1,74.7,2729861.851
1.7,80,1,74.8,2616117.607
1.7,80,1,74.9,1592419.413
1.7,80,1,75,2957350.338
1.7,80,1,75.1,1819907.901
1.7,80,1,75.2,1819907.901
1.7,80,1,75.3,2161140.632
1.7,80,1,75.4,2843606.095
1.7,80,1,75.5,2957350.338
1.7,80,1,75.6,1478675.169
1.7,80,1,75.7,1933652.144
1.7,80,1,75.8,1706163.657
1.7,80,1,75.9,2388629.119
1.7,80,1,76,2388629.119
1.7,80,1,76.1,2957350.338
1.7,80,1,76.2,2843606.095
1.7,80,1,76.3,2161140.632
1.7,80,1,76.4,2047396.388
1.7,80,1,76.5,1933652.144
1.7,80,1,76.6,2388629.119
1.7,80,1,76.7,2274884.876
1.7,80,1,76.8,2274884.876
1.7,80,1,76.9,1819907.901
1.7,80,1,77,1819907.901
1.7,80,1,77.1,1819907.901
1.7,80,1,77.2,1933652.144
1.7,80,1,77.3,2729861.851
1.7,80,1,77.4,1706163.657
1.7,80,1,77.5,1251186.682
1.7,80,1,77.6,2161140.632
1.7,80,1,77.7,1706163.657
1.7,80,1,77.8,1137442.438
1.7,80,1,77.9,1137442.438
1.7,80,1,78,1364930.925
1.7,80,1,78.1,1364930.925
1.7,80,1,78.2,1933652.144
1.7,80,1,78.3,1251186.682
1.7,80,1,78.4,909953.9503
1.7,80,1,78.5,1364930.925
1.7,80,1,78.6,909953.9503
1.7,80,1,78.7,1251186.682
1.7,80,1,78.8,1364930.925
1.7,80,1,78.9,796209.7065
1.7,80,1,79,1706163.657
1.7,80,1,79.1,568721.2189
1.7,80,1,79.2,1478675.169
1.7,80,1,79.3,1023698.194
1.7,80,1,79.4,909953.9503
1.7,80,1,79.5,1023698.194
1.7,80,1,79.6,454976.9751
1.7,80,1,79.7,568721.2189
1.7,80,1,79.8,113744.2438
1.7,80,1,79.9,113744.2438
1.7,150,1,3,128564.6045
1.7,150,1,3.1,257129.209
1.7,150,1,3.2,514258.418
1.7,150,1,3.3,771387.6269
1.7,150,1,3.4,899952.2314
1.7,150,1,3.5,1671339.858
1.7,150,1,3.6,2185598.276
1.7,150,1,3.7,3471244.321
1.7,150,1,3.8,3342679.717
1.7,150,1,3.9,4371196.553
1.7,150,1,4,4885454.971
1.7,150,1,4.1,6171101.015
1.7,150,1,4.2,7199617.851
1.7,150,1,4.3,10285168.36
1.7,150,1,4.4,12470766.64
1.7,150,1,4.5,13756412.68
1.7,150,1,4.6,15942010.96
1.7,150,1,4.7,14656364.91
1.7,150,1,4.8,19670384.49
1.7,150,1,4.9,22627370.39
1.7,150,1,5,22884499.6
1.7,150,1,5.1,25841485.5
1.7,150,1,5.2,28412777.59
1.7,150,1,5.3,28412777.59
1.7,150,1,5.4,28412777.59
1.7,150,1,5.5,32012586.52
1.7,150,1,5.6,30341246.66
1.7,150,1,5.7,36898041.49
1.7,150,1,5.8,37155170.7
1.7,150,1,5.9,41269238.04
1.7,150,1,6,40240721.2
1.7,150,1,6.1,40883544.23
1.7,150,1,6.2,38826510.56
1.7,150,1,6.3,42940577.9
1.7,150,1,6.4,42554884.09
1.7,150,1,6.5,44097659.34
1.7,150,1,6.6,47826032.87
1.7,150,1,6.7,43069142.5
1.7,150,1,6.8,46797516.03
1.7,150,1,6.9,47568903.66
1.7,150,1,7,49625937.33
1.7,150,1,7.1,48597420.5
1.7,150,1,7.2,45511869.99
1.7,150,1,7.3,50397324.96
1.7,150,1,7.4,90123787.75
1.7,150,1,7.5,49497372.73
1.7,150,1,7.6,49883066.54
1.7,150,1,7.7,49625937.33
1.7,150,1,7.8,54511392.3
1.7,150,1,7.9,56954119.79
1.7,150,1,8,55025650.72
1.7,150,1,8.1,50525889.56
1.7,150,1,8.2,53740004.68
1.7,150,1,8.3,135635657.7
1.7,150,1,8.4,673935656.7
1.7,150,1,8.5,56054167.56
1.7,150,1,8.6,60425364.11
1.7,150,1,8.7,59268282.67
1.7,150,1,8.8,63896608.43
1.7,150,1,8.9,55282779.93
1.7,150,1,9,53225746.26
1.7,150,1,9.1,54125698.49
1.7,150,1,9.2,55797038.35
1.7,150,1,9.3,53354310.86
1.7,150,1,9.4,55282779.93
1.7,150,1,9.5,76753068.88
1.7,150,1,9.6,69810580.24
1.7,150,1,9.7,403435728.9
1.7,150,1,9.8,81638523.85
1.7,150,1,9.9,65182254.48
1.7,150,1,10,193361165.1
1.7,150,1,10.1,54254263.09
1.7,150,1,10.2,55282779.93
1.7,150,1,10.3,49368808.12
1.7,150,1,10.4,47183209.85
1.7,150,1,10.5,43069142.5
1.7,150,1,10.6,42683448.69
1.7,150,1,10.7,47183209.85
1.7,150,1,10.8,44226223.94
1.7,150,1,10.9,45383305.38
1.7,150,1,11,49240243.52
1.7,150,1,11.1,43711965.53
1.7,150,1,11.2,41397802.65
1.7,150,1,11.3,109022784.6
1.7,150,1,11.4,48597420.5
1.7,150,1,11.5,39083639.76
1.7,150,1,11.6,50654454.17
1.7,150,1,11.7,51940100.21
1.7,150,1,11.8,41397802.65
1.7,150,1,11.9,38312252.14
1.7,150,1,12,46154693.01
1.7,150,1,12.1,42940577.9
1.7,150,1,12.2,38440816.74
1.7,150,1,12.3,40883544.23
1.7,150,1,12.4,42040625.67
1.7,150,1,12.5,42169190.27
1.7,150,1,12.6,44483353.15
1.7,150,1,12.7,42297754.88
1.7,150,1,12.8,37926558.32
1.7,150,1,12.9,38055122.93
1.7,150,1,13,35226701.63
1.7,150,1,13.1,41654931.85
1.7,150,1,13.2,36640912.28
1.7,150,1,13.3,39212204.37
1.7,150,1,13.4,40112156.6
1.7,150,1,13.5,37669429.11
1.7,150,1,13.6,33812490.98
1.7,150,1,13.7,39340768.97
1.7,150,1,13.8,31884021.91
1.7,150,1,13.9,36255218.47
1.7,150,1,14,37669429.11
1.7,150,1,14.1,38569381.35
1.7,150,1,14.2,35355266.23
1.7,150,1,14.3,39469333.58
1.7,150,1,14.4,33426797.17
1.7,150,1,14.5,36769476.88
1.7,150,1,14.6,38312252.14
1.7,150,1,14.7,32141151.12
1.7,150,1,14.8,37669429.11
1.7,150,1,14.9,35098137.03
1.7,150,1,15,35226701.63
1.7,150,1,15.1,36126653.86
1.7,150,1,15.2,33812490.98
1.7,150,1,15.3,31884021.91
1.7,150,1,15.4,31755457.31
1.7,150,1,15.5,33298232.56
1.7,150,1,15.6,31884021.91
1.7,150,1,15.7,33683926.38
1.7,150,1,15.8,32783974.14
1.7,150,1,15.9,30726940.47
1.7,150,1,16,32526844.94
1.7,150,1,16.1,35869524.65
1.7,150,1,16.2,34069620.19
1.7,150,1,16.3,31626892.7
1.7,150,1,16.4,32526844.94
1.7,150,1,16.5,35740960.05
1.7,150,1,16.6,31884021.91
1.7,150,1,16.7,31369763.49
1.7,150,1,16.8,30984069.68
1.7,150,1,16.9,30855505.08
1.7,150,1,17,30855505.08
1.7,150,1,17.1,27127131.55
1.7,150,1,17.2,29698423.64
1.7,150,1,17.3,30084117.45
1.7,150,1,17.4,29184165.22
1.7,150,1,17.5,29441294.43
1.7,150,1,17.6,30469811.26
1.7,150,1,17.7,30598375.87
1.7,150,1,17.8,29312729.82
1.7,150,1,17.9,27641389.96
1.7,150,1,18,26355743.92
1.7,150,1,18.1,31112634.29
1.7,150,1,18.2,33812490.98
1.7,150,1,18.3,30855505.08
1.7,150,1,18.4,27512825.36
1.7,150,1,18.5,28798471.41
1.7,150,1,18.6,29441294.43
1.7,150,1,18.7,30598375.87
1.7,150,1,18.8,28669906.8
1.7,150,1,18.9,28798471.41
1.7,150,1,19,28798471.41
1.7,150,1,19.1,28669906.8
1.7,150,1,19.2,30726940.47
1.7,150,1,19.3,24941533.27
1.7,150,1,19.4,29569859.03
1.7,150,1,19.5,28927036.01
1.7,150,1,19.6,25712920.9
1.7,150,1,19.7,28669906.8
1.7,150,1,19.8,27255696.15
1.7,150,1,19.9,29698423.64
1.7,150,1,20,26741437.73
1.7,150,1,20.1,23655887.23
1.7,150,1,20.2,27255696.15
1.7,150,1,20.3,24170145.64
1.7,150,1,20.4,24170145.64
1.7,150,1,20.5,23784451.83
1.7,150,1,20.6,29441294.43
1.7,150,1,20.7,24812968.67
1.7,150,1,20.8,26612873.13
1.7,150,1,20.9,26484308.52
1.7,150,1,21,28669906.8
1.7,150,1,21.1,24298710.25
1.7,150,1,21.2,23527322.62
1.7,150,1,21.3,25070097.88
1.7,150,1,21.4,26355743.92
1.7,150,1,21.5,21855982.76
1.7,150,1,21.6,26355743.92
1.7,150,1,21.7,23270193.41
1.7,150,1,21.8,24427274.85
1.7,150,1,21.9,24684404.06
1.7,150,1,22,23398758.02
1.7,150,1,22.1,23655887.23
1.7,150,1,22.2,23013064.2
1.7,150,1,22.3,23398758.02
1.7,150,1,22.4,20698901.32
1.7,150,1,22.5,25970050.11
1.7,150,1,22.6,21341724.34
1.7,150,1,22.7,23141628.81
1.7,150,1,22.8,20313207.51
1.7,150,1,22.9,25070097.88
1.7,150,1,23,21727418.16
1.7,150,1,23.1,25455791.69
1.7,150,1,23.2,21213159.74
1.7,150,1,23.3,21984547.37
1.7,150,1,23.4,20698901.32
1.7,150,1,23.5,23655887.23
1.7,150,1,23.6,20313207.51
1.7,150,1,23.7,20184642.9
1.7,150,1,23.8,24041581.04
1.7,150,1,23.9,20184642.9
1.7,150,1,24,21470288.95
1.7,150,1,24.1,19670384.49
1.7,150,1,24.2,20313207.51
1.7,150,1,24.3,19670384.49
1.7,150,1,24.4,23270193.41
1.7,150,1,24.5,20827465.93
1.7,150,1,24.6,23013064.2
1.7,150,1,24.7,18384738.44
1.7,150,1,24.8,20956030.53
1.7,150,1,24.9,20570336.72
1.7,150,1,25,20056078.3
1.7,150,1,25.1,19541819.88
1.7,150,1,25.2,21084595.14
1.7,150,1,25.3,23398758.02
1.7,150,1,25.4,21470288.95
1.7,150,1,25.5,20698901.32
1.7,150,1,25.6,20441772.11
1.7,150,1,25.7,19798949.09
1.7,150,1,25.8,19541819.88
1.7,150,1,25.9,18384738.44
1.7,150,1,26,20570336.72
1.7,150,1,26.1,16070575.56
1.7,150,1,26.2,20698901.32
1.7,150,1,26.3,16841963.19
1.7,150,1,26.4,19541819.88
1.7,150,1,26.5,15942010.96
1.7,150,1,26.6,22113111.97
1.7,150,1,26.7,17613350.81
1.7,150,1,26.8,19670384.49
1.7,150,1,26.9,19156126.07
1.7,150,1,27,21341724.34
1.7,150,1,27.1,17999044.63
1.7,150,1,27.2,17356221.61
1.7,150,1,27.3,18513303.05
1.7,150,1,27.4,14270671.1
1.7,150,1,27.5,20313207.51
1.7,150,1,27.6,19798949.09
1.7,150,1,27.7,18127609.23
1.7,150,1,27.8,21213159.74
1.7,150,1,27.9,21213159.74
1.7,150,1,28,18384738.44
1.7,150,1,28.1,18770432.26
1.7,150,1,28.2,15299187.93
1.7,150,1,28.3,19284690.67
1.7,150,1,28.4,14913494.12
1.7,150,1,28.5,15684881.75
1.7,150,1,28.6,17227657
1.7,150,1,28.7,17870480.02
1.7,150,1,28.8,17613350.81
1.7,150,1,28.9,15299187.93
1.7,150,1,29,18256173.84
1.7,150,1,29.1,16713398.58
1.7,150,1,29.2,13113589.66
1.7,150,1,29.3,18384738.44
1.7,150,1,29.4,15813446.35
1.7,150,1,29.5,16713398.58
1.7,150,1,29.6,16199140.17
1.7,150,1,29.7,19413255.28
1.7,150,1,29.8,18384738.44
1.7,150,1,29.9,16970527.79
1.7,150,1,30,15556317.14
1.7,150,1,30.1,14270671.1
1.7,150,1,30.2,16713398.58
1.7,150,1,30.3,17099092.4
1.7,150,1,30.4,17099092.4
1.7,150,1,30.5,14656364.91
1.7,150,1,30.6,15427752.54
1.7,150,1,30.7,14142106.49
1.7,150,1,30.8,15042058.73
1.7,150,1,30.9,16841963.19
1.7,150,1,31,15427752.54
1.7,150,1,31.1,16199140.17
1.7,150,1,31.2,14013541.89
1.7,150,1,31.3,15556317.14
1.7,150,1,31.4,16456269.37
1.7,150,1,31.5,16199140.17
1.7,150,1,31.6,15684881.75
1.7,150,1,31.7,14913494.12
1.7,150,1,31.8,14142106.49
1.7,150,1,31.9,15684881.75
1.7,150,1,32,13884977.28
1.7,150,1,32.1,14527800.31
1.7,150,1,32.2,13756412.68
1.7,150,1,32.3,15684881.75
1.7,150,1,32.4,15684881.75
1.7,150,1,32.5,14270671.1
1.7,150,1,32.6,14013541.89
1.7,150,1,32.7,10927991.38
1.7,150,1,32.8,14527800.31
1.7,150,1,32.9,13627848.08
1.7,150,1,33,13756412.68
1.7,150,1,33.1,13499283.47
1.7,150,1,33.2,14013541.89
1.7,150,1,33.3,12470766.64
1.7,150,1,33.4,16199140.17
1.7,150,1,33.5,15427752.54
1.7,150,1,33.6,14013541.89
1.7,150,1,33.7,12727895.84
1.7,150,1,33.8,14784929.52
1.7,150,1,33.9,13884977.28
1.7,150,1,34,12470766.64
1.7,150,1,34.1,14399235.7
1.7,150,1,34.2,12727895.84
1.7,150,1,34.3,13756412.68
1.7,150,1,34.4,12342202.03
1.7,150,1,34.5,15556317.14
1.7,150,1,34.6,14527800.31
1.7,150,1,34.7,14142106.49
1.7,150,1,34.8,13370718.87
1.7,150,1,34.9,13370718.87
1.7,150,1,35,12985025.05
1.7,150,1,35.1,13242154.26
1.7,150,1,35.2,14270671.1
1.7,150,1,35.3,14013541.89
1.7,150,1,35.4,11956508.22
1.7,150,1,35.5,13370718.87
1.7,150,1,35.6,12213637.43
1.7,150,1,35.7,10927991.38
1.7,150,1,35.8,13884977.28
1.7,150,1,35.9,13499283.47
1.7,150,1,36,13499283.47
1.7,150,1,36.1,13627848.08
1.7,150,1,36.2,13113589.66
1.7,150,1,36.3,15556317.14
1.7,150,1,36.4,12985025.05
1.7,150,1,36.5,13113589.66
1.7,150,1,36.6,14527800.31
1.7,150,1,36.7,14527800.31
1.7,150,1,36.8,11827943.61
1.7,150,1,36.9,11185120.59
1.7,150,1,37,13113589.66
1.7,150,1,37.1,11056555.99
1.7,150,1,37.2,10413732.96
1.7,150,1,37.3,12727895.84
1.7,150,1,37.4,12085072.82
1.7,150,1,37.5,12470766.64
1.7,150,1,37.6,10413732.96
1.7,150,1,37.7,11570814.4
1.7,150,1,37.8,11056555.99
1.7,150,1,37.9,11956508.22
1.7,150,1,38,13884977.28
1.7,150,1,38.1,12599331.24
1.7,150,1,38.2,11056555.99
1.7,150,1,38.3,11056555.99
1.7,150,1,38.4,10927991.38
1.7,150,1,38.5,12727895.84
1.7,150,1,38.6,12985025.05
1.7,150,1,38.7,9385216.128
1.7,150,1,38.8,14013541.89
1.7,150,1,38.9,9770909.941
1.7,150,1,39,12985025.05
1.7,150,1,39.1,13370718.87
1.7,150,1,39.2,10927991.38
1.7,150,1,39.3,9256651.523
1.7,150,1,39.4,12599331.24
1.7,150,1,39.5,9513780.732
1.7,150,1,39.6,12727895.84
1.7,150,1,39.7,7713876.269
1.7,150,1,39.8,10413732.96
1.7,150,1,39.9,7842440.874
1.7,150,1,40,9256651.523
1.7,150,1,40.1,11699379.01
1.7,150,1,40.2,12727895.84
1.7,150,1,40.3,12856460.45
1.7,150,1,40.4,11699379.01
1.7,150,1,40.5,11570814.4
1.7,150,1,40.6,10028039.15
1.7,150,1,40.7,10028039.15
1.7,150,1,40.8,10542297.57
1.7,150,1,40.9,11185120.59
1.7,150,1,41,11056555.99
1.7,150,1,41.1,11699379.01
1.7,150,1,41.2,8999522.314
1.7,150,1,41.3,12085072.82
1.7,150,1,41.4,12599331.24
1.7,150,1,41.5,10156603.75
1.7,150,1,41.6,10028039.15
1.7,150,1,41.7,9128086.919
1.7,150,1,41.8,9770909.941
1.7,150,1,41.9,9642345.337
1.7,150,1,42,7842440.874
1.7,150,1,42.1,9513780.732
1.7,150,1,42.2,9770909.941
1.7,150,1,42.3,9642345.337
1.7,150,1,42.4,8870957.71
1.7,150,1,42.5,9642345.337
1.7,150,1,42.6,11056555.99
1.7,150,1,42.7,9128086.919
1.7,150,1,42.8,10413732.96
1.7,150,1,42.9,8485263.896
1.7,150,1,43,8485263.896
1.7,150,1,43.1,9770909.941
1.7,150,1,43.2,10670862.17
1.7,150,1,43.3,9770909.941
1.7,150,1,43.4,9899474.546
1.7,150,1,43.5,10285168.36
1.7,150,1,43.6,9513780.732
1.7,150,1,43.7,7842440.874
1.7,150,1,43.8,10413732.96
1.7,150,1,43.9,9899474.546
1.7,150,1,44,7971005.478
1.7,150,1,44.1,7842440.874
1.7,150,1,44.2,9256651.523
1.7,150,1,44.3,10156603.75
1.7,150,1,44.4,8613828.501
1.7,150,1,44.5,9256651.523
1.7,150,1,44.6,7971005.478
1.7,150,1,44.7,8742393.105
1.7,150,1,44.8,10927991.38
1.7,150,1,44.9,8485263.896
1.7,150,1,45,9256651.523
1.7,150,1,45.1,10285168.36
1.7,150,1,45.2,7842440.874
1.7,150,1,45.3,8228134.687
1.7,150,1,45.4,8356699.292
1.7,150,1,45.5,9128086.919
1.7,150,1,45.6,6428230.224
1.7,150,1,45.7,10156603.75
1.7,150,1,45.8,10670862.17
1.7,150,1,45.9,9899474.546
1.7,150,1,46,9128086.919
1.7,150,1,46.1,10028039.15
1.7,150,1,46.2,9770909.941
1.7,150,1,46.3,8099570.083
1.7,150,1,46.4,8228134.687
1.7,150,1,46.5,8356699.292
1.7,150,1,46.6,8870957.71
1.7,150,1,46.7,7842440.874
1.7,150,1,46.8,8099570.083
1.7,150,1,46.9,8999522.314
1.7,150,1,47,11699379.01
1.7,150,1,47.1,8742393.105
1.7,150,1,47.2,8356699.292
1.7,150,1,47.3,8356699.292
1.7,150,1,47.4,6556794.829
1.7,150,1,47.5,7456747.06
1.7,150,1,47.6,9642345.337
1.7,150,1,47.7,9256651.523
1.7,150,1,47.8,8742393.105
1.7,150,1,47.9,7842440.874
1.7,150,1,48,8356699.292
1.7,150,1,48.1,7842440.874
1.7,150,1,48.2,8485263.896
1.7,150,1,48.3,9385216.128
1.7,150,1,48.4,7328182.456
1.7,150,1,48.5,9513780.732
1.7,150,1,48.6,9385216.128
1.7,150,1,48.7,8999522.314
1.7,150,1,48.8,9770909.941
1.7,150,1,48.9,10156603.75
1.7,150,1,49,9128086.919
1.7,150,1,49.1,7713876.269
1.7,150,1,49.2,6942488.642
1.7,150,1,49.3,7713876.269
1.7,150,1,49.4,9513780.732
1.7,150,1,49.5,7328182.456
1.7,150,1,49.6,9642345.337
1.7,150,1,49.7,8485263.896
1.7,150,1,49.8,8485263.896
1.7,150,1,49.9,7328182.456
1.7,150,1,50,7713876.269
1.7,150,1,50.1,6299665.62
1.7,150,1,50.2,9513780.732
1.7,150,1,50.3,8870957.71
1.7,150,1,50.4,6942488.642
1.7,150,1,50.5,6685359.433
1.7,150,1,50.6,8356699.292
1.7,150,1,50.7,7199617.851
1.7,150,1,50.8,5913971.806
1.7,150,1,50.9,9513780.732
1.7,150,1,51,6813924.038
1.7,150,1,51.1,6042536.411
1.7,150,1,51.2,9256651.523
1.7,150,1,51.3,8099570.083
1.7,150,1,51.4,8099570.083
1.7,150,1,51.5,7199617.851
1.7,150,1,51.6,5528277.993
1.7,150,1,51.7,8870957.71
1.7,150,1,51.8,8742393.105
1.7,150,1,51.9,6299665.62
1.7,150,1,52,7199617.851
1.7,150,1,52.1,6428230.224
1.7,150,1,52.2,8099570.083
1.7,150,1,52.3,7842440.874
1.7,150,1,52.4,8613828.501
1.7,150,1,52.5,5528277.993
1.7,150,1,52.6,9256651.523
1.7,150,1,52.7,7585311.665
1.7,150,1,52.8,5399713.388
1.7,150,1,52.9,9385216.128
1.7,150,1,53,5785407.202
1.7,150,1,53.1,7328182.456
1.7,150,1,53.2,5656842.597
1.7,150,1,53.3,6942488.642
1.7,150,1,53.4,7199617.851
1.7,150,1,53.5,9513780.732
1.7,150,1,53.6,5785407.202
1.7,150,1,53.7,6556794.829
1.7,150,1,53.8,8613828.501
1.7,150,1,53.9,8099570.083
1.7,150,1,54,7842440.874
1.7,150,1,54.1,7842440.874
1.7,150,1,54.2,7842440.874
1.7,150,1,54.3,7971005.478
1.7,150,1,54.4,7842440.874
1.7,150,1,54.5,5785407.202
1.7,150,1,54.6,8228134.687
1.7,150,1,54.7,5913971.806
1.7,150,1,54.8,8999522.314
1.7,150,1,54.9,6685359.433
1.7,150,1,55,7071053.247
1.7,150,1,55.1,6042536.411
1.7,150,1,55.2,7585311.665
1.7,150,1,55.3,8485263.896
1.7,150,1,55.4,7071053.247
1.7,150,1,55.5,4885454.971
1.7,150,1,55.6,7585311.665
1.7,150,1,55.7,6685359.433
1.7,150,1,55.8,7328182.456
1.7,150,1,55.9,6428230.224
1.7,150,1,56,6942488.642
1.7,150,1,56.1,6428230.224
1.7,150,1,56.2,6942488.642
1.7,150,1,56.3,7071053.247
1.7,150,1,56.4,6556794.829
1.7,150,1,56.5,5399713.388
1.7,150,1,56.6,7071053.247
1.7,150,1,56.7,7585311.665
1.7,150,1,56.8,5913971.806
1.7,150,1,56.9,6299665.62
1.7,150,1,57,6685359.433
1.7,150,1,57.1,6171101.015
1.7,150,1,57.2,7328182.456
1.7,150,1,57.3,7713876.269
1.7,150,1,57.4,5656842.597
1.7,150,1,57.5,6685359.433
1.7,150,1,57.6,6942488.642
1.7,150,1,57.7,6556794.829
1.7,150,1,57.8,6042536.411
1.7,150,1,57.9,7199617.851
1.7,150,1,58,5785407.202
1.7,150,1,58.1,29955552.85
1.7,150,1,58.2,6171101.015
1.7,150,1,58.3,4628325.762
1.7,150,1,58.4,6171101.015
1.7,150,1,58.5,5913971.806
1.7,150,1,58.6,5656842.597
1.7,150,1,58.7,4885454.971
1.7,150,1,58.8,5142584.18
1.7,150,1,58.9,7071053.247
1.7,150,1,59,6556794.829
1.7,150,1,59.1,7328182.456
1.7,150,1,59.2,5271148.784
1.7,150,1,59.3,5142584.18
1.7,150,1,59.4,6042536.411
1.7,150,1,59.5,47054645.24
1.7,150,1,59.6,5142584.18
1.7,150,1,59.7,7199617.851
1.7,150,1,59.8,4756890.366
1.7,150,1,59.9,8613828.501
1.7,150,1,60,6556794.829
1.7,150,1,60.1,5014019.575
1.7,150,1,60.2,6428230.224
1.7,150,1,60.3,6685359.433
1.7,150,1,60.4,7971005.478
1.7,150,1,60.5,5271148.784
1.7,150,1,60.6,4242631.948
1.7,150,1,60.7,6171101.015
1.7,150,1,60.8,6685359.433
1.7,150,1,60.9,5142584.18
1.7,150,1,61,7199617.851
1.7,150,1,61.1,5271148.784
1.7,150,1,61.2,5913971.806
1.7,150,1,61.3,5399713.388
1.7,150,1,61.4,5528277.993
1.7,150,1,61.5,5656842.597
1.7,150,1,61.6,5913971.806
1.7,150,1,61.7,6813924.038
1.7,150,1,61.8,6042536.411
1.7,150,1,61.9,4885454.971
1.7,150,1,62,5528277.993
1.7,150,1,62.1,4371196.553
1.7,150,1,62.2,5656842.597
1.7,150,1,62.3,5528277.993
1.7,150,1,62.4,5271148.784
1.7,150,1,62.5,7071053.247
1.7,150,1,62.6,5656842.597
1.7,150,1,62.7,6685359.433
1.7,150,1,62.8,6428230.224
1.7,150,1,62.9,6171101.015
1.7,150,1,63,5014019.575
1.7,150,1,63.1,5528277.993
1.7,150,1,63.2,6813924.038
1.7,150,1,63.3,5399713.388
1.7,150,1,63.4,6556794.829
1.7,150,1,63.5,7456747.06
1.7,150,1,63.6,4371196.553
1.7,150,1,63.7,6813924.038
1.7,150,1,63.8,6813924.038
1.7,150,1,63.9,5528277.993
1.7,150,1,64,4628325.762
1.7,150,1,64.1,5142584.18
1.7,150,1,64.2,4885454.971
1.7,150,1,64.3,5656842.597
1.7,150,1,64.4,6042536.411
1.7,150,1,64.5,6685359.433
1.7,150,1,64.6,6942488.642
1.7,150,1,64.7,6556794.829
1.7,150,1,64.8,5785407.202
1.7,150,1,64.9,4371196.553
1.7,150,1,65,5528277.993
1.7,150,1,65.1,5014019.575
1.7,150,1,65.2,5399713.388
1.7,150,1,65.3,5656842.597
1.7,150,1,65.4,4756890.366
1.7,150,1,65.5,6042536.411
1.7,150,1,65.6,3728373.53
1.7,150,1,65.7,3856938.135
1.7,150,1,65.8,6428230.224
1.7,150,1,65.9,5399713.388
1.7,150,1,66,7713876.269
1.7,150,1,66.1,4756890.366
1.7,150,1,66.2,5656842.597
1.7,150,1,66.3,4499761.157
1.7,150,1,66.4,5142584.18
1.7,150,1,66.5,6685359.433
1.7,150,1,66.6,3985502.739
1.7,150,1,66.7,3985502.739
1.7,150,1,66.8,4371196.553
1.7,150,1,66.9,4114067.344
1.7,150,1,67,4885454.971
1.7,150,1,67.1,9642345.337
1.7,150,1,67.2,6042536.411
1.7,150,1,67.3,6556794.829
1.7,150,1,67.4,11699379.01
1.7,150,1,67.5,5014019.575
1.7,150,1,67.6,4371196.553
1.7,150,1,67.7,5913971.806
1.7,150,1,67.8,6813924.038
1.7,150,1,67.9,4628325.762
1.7,150,1,68,6171101.015
1.7,150,1,68.1,5014019.575
1.7,150,1,68.2,4499761.157
1.7,150,1,68.3,4371196.553
1.7,150,1,68.4,4242631.948
1.7,150,1,68.5,4242631.948
1.7,150,1,68.6,5271148.784
1.7,150,1,68.7,3856938.135
1.7,150,1,68.8,4628325.762
1.7,150,1,68.9,5399713.388
1.7,150,1,69,3471244.321
1.7,150,1,69.1,3985502.739
1.7,150,1,69.2,5142584.18
1.7,150,1,69.3,6813924.038
1.7,150,1,69.4,4756890.366
1.7,150,1,69.5,5656842.597
1.7,150,1,69.6,5142584.18
1.7,150,1,69.7,5014019.575
1.7,150,1,69.8,6042536.411
1.7,150,1,69.9,4885454.971
1.7,150,1,70,3599808.926
1.7,150,1,70.1,3856938.135
1.7,150,1,70.2,4499761.157
1.7,150,1,70.3,5656842.597
1.7,150,1,70.4,4114067.344
1.7,150,1,70.5,5271148.784
1.7,150,1,70.6,3728373.53
1.7,150,1,70.7,5142584.18
1.7,150,1,70.8,3856938.135
1.7,150,1,70.9,5271148.784
1.7,150,1,71,5656842.597
1.7,150,1,71.1,6299665.62
1.7,150,1,71.2,4371196.553
1.7,150,1,71.3,5014019.575
1.7,150,1,71.4,4499761.157
1.7,150,1,71.5,5528277.993
1.7,150,1,71.6,5142584.18
1.7,150,1,71.7,4756890.366
1.7,150,1,71.8,4499761.157
1.7,150,1,71.9,4499761.157
1.7,150,1,72,4885454.971
1.7,150,1,72.1,4371196.553
1.7,150,1,72.2,4499761.157
1.7,150,1,72.3,4242631.948
1.7,150,1,72.4,3728373.53
1.7,150,1,72.5,4885454.971
1.7,150,1,72.6,4242631.948
1.7,150,1,72.7,4756890.366
1.7,150,1,72.8,5528277.993
1.7,150,1,72.9,5913971.806
1.7,150,1,73,4628325.762
1.7,150,1,73.1,4114067.344
1.7,150,1,73.2,5271148.784
1.7,150,1,73.3,5142584.18
1.7,150,1,73.4,3856938.135
1.7,150,1,73.5,4885454.971
1.7,150,1,73.6,5014019.575
1.7,150,1,73.7,5142584.18
1.7,150,1,73.8,5014019.575
1.7,150,1,73.9,4242631.948
1.7,150,1,74,3085550.508
1.7,150,1,74.1,3856938.135
1.7,150,1,74.2,3599808.926
1.7,150,1,74.3,4242631.948
1.7,150,1,74.4,4371196.553
1.7,150,1,74.5,2828421.299
1.7,150,1,74.6,3985502.739
1.7,150,1,74.7,5785407.202
1.7,150,1,74.8,6042536.411
1.7,150,1,74.9,4371196.553
1.7,150,1,75,3985502.739
1.7,150,1,75.1,5014019.575
1.7,150,1,75.2,4371196.553
1.7,150,1,75.3,5399713.388
1.7,150,1,75.4,4242631.948
1.7,150,1,75.5,4242631.948
1.7,150,1,75.6,3342679.717
1.7,150,1,75.7,4885454.971
1.7,150,1,75.8,3856938.135
1.7,150,1,75.9,4114067.344
1.7,150,1,76,5142584.18
1.7,150,1,76.1,3728373.53
1.7,150,1,76.2,5271148.784
1.7,150,1,76.3,5014019.575
1.7,150,1,76.4,3471244.321
1.7,150,1,76.5,4885454.971
1.7,150,1,76.6,6171101.015
1.7,150,1,76.7,3728373.53
1.7,150,1,76.8,3599808.926
1.7,150,1,76.9,5014019.575
1.7,150,1,77,4628325.762
1.7,150,1,77.1,3471244.321
1.7,150,1,77.2,3471244.321
1.7,150,1,77.3,4628325.762
1.7,150,1,77.4,5656842.597
1.7,150,1,77.5,3599808.926
1.7,150,1,77.6,4885454.971
1.7,150,1,77.7,4371196.553
1.7,150,1,77.8,3471244.321
1.7,150,1,77.9,4756890.366
1.7,150,1,78,3471244.321
1.7,150,1,78.1,4499761.157
1.7,150,1,78.2,3856938.135
1.7,150,1,78.3,4371196.553
1.7,150,1,78.4,4242631.948
1.7,150,1,78.5,5528277.993
1.7,150,1,78.6,3599808.926
1.7,150,1,78.7,4114067.344
1.7,150,1,78.8,2057033.672
1.7,150,1,78.9,3856938.135
1.7,150,1,79,4756890.366
1.7,150,1,79.1,3471244.321
1.7,150,1,79.2,3214115.112
1.7,150,1,79.3,4114067.344
1.7,150,1,79.4,2699856.694
1.7,150,1,79.5,3214115.112
1.7,150,1,79.6,3214115.112
1.7,150,1,79.7,3342679.717
1.7,150,1,79.8,3342679.717
1.7,150,1,79.9,4371196.553
1.7,150,1,80,3599808.926
1.7,150,1,80.1,3342679.717
1.7,150,1,80.2,4242631.948
1.7,150,1,80.3,2185598.276
1.7,150,1,80.4,4242631.948
1.7,150,1,80.5,2442727.485
1.7,150,1,80.6,3599808.926
1.7,150,1,80.7,2956985.903
1.7,150,1,80.8,3856938.135
1.7,150,1,80.9,4499761.157
1.7,150,1,81,4628325.762
1.7,150,1,81.1,5271148.784
1.7,150,1,81.2,3728373.53
1.7,150,1,81.3,5528277.993
1.7,150,1,81.4,4114067.344
1.7,150,1,81.5,2828421.299
1.7,150,1,81.6,3728373.53
1.7,150,1,81.7,4499761.157
1.7,150,1,81.8,4114067.344
1.7,150,1,81.9,4371196.553
1.7,150,1,82,3342679.717
1.7,150,1,82.1,3728373.53
1.7,150,1,82.2,3085550.508
1.7,150,1,82.3,3728373.53
1.7,150,1,82.4,4242631.948
1.7,150,1,82.5,4114067.344
1.7,150,1,82.6,4114067.344
1.7,150,1,82.7,3214115.112
1.7,150,1,82.8,3599808.926
1.7,150,1,82.9,4628325.762
1.7,150,1,83,5656842.597
1.7,150,1,83.1,3599808.926
1.7,150,1,83.2,4756890.366
1.7,150,1,83.3,4114067.344
1.7,150,1,83.4,2956985.903
1.7,150,1,83.5,3856938.135
1.7,150,1,83.6,3471244.321
1.7,150,1,83.7,2314162.881
1.7,150,1,83.8,3985502.739
1.7,150,1,83.9,3085550.508
1.7,150,1,84,4242631.948
1.7,150,1,84.1,4499761.157
1.7,150,1,84.2,2571292.09
1.7,150,1,84.3,2314162.881
1.7,150,1,84.4,3342679.717
1.7,150,1,84.5,3342679.717
1.7,150,1,84.6,4114067.344
1.7,150,1,84.7,3985502.739
1.7,150,1,84.8,2571292.09
1.7,150,1,84.9,2828421.299
1.7,150,1,85,2828421.299
1.7,150,1,85.1,3471244.321
1.7,150,1,85.2,2699856.694
1.7,150,1,85.3,3471244.321
1.7,150,1,85.4,2314162.881
1.7,150,1,85.5,4371196.553
1.7,150,1,85.6,3985502.739
1.7,150,1,85.7,3856938.135
1.7,150,1,85.8,4756890.366
1.7,150,1,85.9,2699856.694
1.7,150,1,86,2956985.903
1.7,150,1,86.1,2571292.09
1.7,150,1,86.2,3728373.53
1.7,150,1,86.3,3985502.739
1.7,150,1,86.4,3342679.717
1.7,150,1,86.5,4114067.344
1.7,150,1,86.6,3471244.321
1.7,150,1,86.7,3856938.135
1.7,150,1,86.8,3599808.926
1.7,150,1,86.9,3985502.739
1.7,150,1,87,4114067.344
1.7,150,1,87.1,2699856.694
1.7,150,1,87.2,3471244.321
1.7,150,1,87.3,3856938.135
1.7,150,1,87.4,3471244.321
1.7,150,1,87.5,3728373.53
1.7,150,1,87.6,2314162.881
1.7,150,1,87.7,3471244.321
1.7,150,1,87.8,3856938.135
1.7,150,1,87.9,3471244.321
1.7,150,1,88,1671339.858
1.7,150,1,88.1,3214115.112
1.7,150,1,88.2,2571292.09
1.7,150,1,88.3,3856938.135
1.7,150,1,88.4,2828421.299
1.7,150,1,88.5,3471244.321
1.7,150,1,88.6,3214115.112
1.7,150,1,88.7,2956985.903
1.7,150,1,88.8,2185598.276
1.7,150,1,88.9,3342679.717
1.7,150,1,89,2442727.485
1.7,150,1,89.1,2185598.276
1.7,150,1,89.2,2442727.485
1.7,150,1,89.3,3471244.321
1.7,150,1,89.4,3728373.53
1.7,150,1,89.5,3471244.321
1.7,150,1,89.6,2699856.694
1.7,150,1,89.7,2828421.299
1.7,150,1,89.8,3856938.135
1.7,150,1,89.9,2699856.694
1.7,150,1,90,2442727.485
1.7,150,1,90.1,3342679.717
1.7,150,1,90.2,3728373.53
1.7,150,1,90.3,3214115.112
1.7,150,1,90.4,2314162.881
1.7,150,1,90.5,2956985.903
1.7,150,1,90.6,2571292.09
1.7,150,1,90.7,2185598.276
1.7,150,1,90.8,2314162.881
1.7,150,1,90.9,3856938.135
1.7,150,1,91,2442727.485
1.7,150,1,91.1,2314162.881
1.7,150,1,91.2,3471244.321
1.7,150,1,91.3,2571292.09
1.7,150,1,91.4,1799904.463
1.7,150,1,91.5,3214115.112
1.7,150,1,91.6,2956985.903
1.7,150,1,91.7,3085550.508
1.7,150,1,91.8,2699856.694
1.7,150,1,91.9,2699856.694
1.7,150,1,92,2699856.694
1.7,150,1,92.1,2571292.09
1.7,150,1,92.2,3471244.321
1.7,150,1,92.3,4114067.344
1.7,150,1,92.4,2185598.276
1.7,150,1,92.5,4371196.553
1.7,150,1,92.6,3214115.112
1.7,150,1,92.7,1671339.858
1.7,150,1,92.8,2956985.903
1.7,150,1,92.9,4885454.971
1.7,150,1,93,2057033.672
1.7,150,1,93.1,3471244.321
1.7,150,1,93.2,3085550.508
1.7,150,1,93.3,2956985.903
1.7,150,1,93.4,2699856.694
1.7,150,1,93.5,3085550.508
1.7,150,1,93.6,2699856.694
1.7,150,1,93.7,1414210.649
1.7,150,1,93.8,1928469.067
1.7,150,1,93.9,2828421.299
1.7,150,1,94,2828421.299
1.7,150,1,94.1,3214115.112
1.7,150,1,94.2,2314162.881
1.7,150,1,94.3,2057033.672
1.7,150,1,94.4,3085550.508
1.7,150,1,94.5,3085550.508
1.7,150,1,94.6,2828421.299
1.7,150,1,94.7,3728373.53
1.7,150,1,94.8,2442727.485
1.7,150,1,94.9,3085550.508
1.7,150,1,95,4242631.948
1.7,150,1,95.1,2442727.485
1.7,150,1,95.2,2699856.694
1.7,150,1,95.3,3471244.321
1.7,150,1,95.4,2571292.09
1.7,150,1,95.5,3985502.739
1.7,150,1,95.6,2057033.672
1.7,150,1,95.7,1928469.067
1.7,150,1,95.8,3085550.508
1.7,150,1,95.9,2314162.881
1.7,150,1,96,2314162.881
1.7,150,1,96.1,3085550.508
1.7,150,1,96.2,4885454.971
1.7,150,1,96.3,2828421.299
1.7,150,1,96.4,2571292.09
1.7,150,1,96.5,1285646.045
1.7,150,1,96.6,2442727.485
1.7,150,1,96.7,3471244.321
1.7,150,1,96.8,3085550.508
1.7,150,1,96.9,3471244.321
1.7,150,1,97,3985502.739
1.7,150,1,97.1,2314162.881
1.7,150,1,97.2,3342679.717
1.7,150,1,97.3,3085550.508
1.7,150,1,97.4,2571292.09
1.7,150,1,97.5,2956985.903
1.7,150,1,97.6,2828421.299
1.7,150,1,97.7,2442727.485
1.7,150,1,97.8,2571292.09
1.7,150,1,97.9,2828421.299
1.7,150,1,98,2185598.276
1.7,150,1,98.1,2314162.881
1.7,150,1,98.2,3085550.508
1.7,150,1,98.3,1928469.067
1.7,150,1,98.4,3342679.717
1.7,150,1,98.5,4242631.948
1.7,150,1,98.6,1542775.254
1.7,150,1,98.7,3085550.508
1.7,150,1,98.8,2699856.694
1.7,150,1,98.9,1928469.067
1.7,150,1,99,2185598.276
1.7,150,1,99.1,3342679.717
1.7,150,1,99.2,3214115.112
1.7,150,1,99.3,2828421.299
1.7,150,1,99.4,2571292.09
1.7,150,1,99.5,2571292.09
1.7,150,1,99.6,1928469.067
1.7,150,1,99.7,2571292.09
1.7,150,1,99.8,2057033.672
1.7,150,1,99.9,3085550.508
1.7,150,1,100,3085550.508
1.7,150,1,100.1,2314162.881
1.7,150,1,100.2,2828421.299
1.7,150,1,100.3,1799904.463
1.7,150,1,100.4,2699856.694
1.7,150,1,100.5,2057033.672
1.7,150,1,100.6,3728373.53
1.7,150,1,100.7,3471244.321
1.7,150,1,100.8,2828421.299
1.7,150,1,100.9,3214115.112
1.7,150,1,101,1671339.858
1.7,150,1,101.1,2185598.276
1.7,150,1,101.2,2442727.485
1.7,150,1,101.3,2571292.09
1.7,150,1,101.4,2956985.903
1.7,150,1,101.5,2828421.299
1.7,150,1,101.6,3342679.717
1.7,150,1,101.7,3085550.508
1.7,150,1,101.8,2828421.299
1.7,150,1,101.9,1671339.858
1.7,150,1,102,2828421.299
1.7,150,1,102.1,2314162.881
1.7,150,1,102.2,3214115.112
1.7,150,1,102.3,1671339.858
1.7,150,1,102.4,3342679.717
1.7,150,1,102.5,2828421.299
1.7,150,1,102.6,2828421.299
1.7,150,1,102.7,3085550.508
1.7,150,1,102.8,1414210.649
1.7,150,1,102.9,1928469.067
1.7,150,1,103,3599808.926
1.7,150,1,103.1,2185598.276
1.7,150,1,103.2,2828421.299
1.7,150,1,103.3,1799904.463
1.7,150,1,103.4,1542775.254
1.7,150,1,103.5,2057033.672
1.7,150,1,103.6,2185598.276
1.7,150,1,103.7,2314162.881
1.7,150,1,103.8,3985502.739
1.7,150,1,103.9,1799904.463
1.7,150,1,104,2185598.276
1.7,150,1,104.1,2185598.276
1.7,150,1,104.2,2057033.672
1.7,150,1,104.3,2442727.485
1.7,150,1,104.4,2314162.881
1.7,150,1,104.5,3214115.112
1.7,150,1,104.6,2956985.903
1.7,150,1,104.7,2057033.672
1.7,150,1,104.8,1799904.463
1.7,150,1,104.9,2185598.276
1.7,150,1,105,3085550.508
1.7,150,1,105.1,1671339.858
1.7,150,1,105.2,3599808.926
1.7,150,1,105.3,2699856.694
1.7,150,1,105.4,1928469.067
1.7,150,1,105.5,2314162.881
1.7,150,1,105.6,2442727.485
1.7,150,1,105.7,1928469.067
1.7,150,1,105.8,2828421.299
1.7,150,1,105.9,2571292.09
1.7,150,1,106,2828421.299
1.7,150,1,106.1,3085550.508
1.7,150,1,106.2,2571292.09
1.7,150,1,106.3,1414210.649
1.7,150,1,106.4,2571292.09
1.7,150,1,106.5,2828421.299
1.7,150,1,106.6,2442727.485
1.7,150,1,106.7,899952.2314
1.7,150,1,106.8,2956985.903
1.7,150,1,106.9,2699856.694
1.7,150,1,107,1542775.254
1.7,150,1,107.1,1928469.067
1.7,150,1,107.2,2571292.09
1.7,150,1,107.3,2699856.694
1.7,150,1,107.4,2699856.694
1.7,150,1,107.5,1285646.045
1.7,150,1,107.6,1928469.067
1.7,150,1,107.7,1799904.463
1.7,150,1,107.8,2057033.672
1.7,150,1,107.9,1928469.067
1.7,150,1,108,3342679.717
1.7,150,1,108.1,1542775.254
1.7,150,1,108.2,2057033.672
1.7,150,1,108.3,2699856.694
1.7,150,1,108.4,2571292.09
1.7,150,1,108.5,2185598.276
1.7,150,1,108.6,2699856.694
1.7,150,1,108.7,2314162.881
1.7,150,1,108.8,1414210.649
1.7,150,1,108.9,2828421.299
1.7,150,1,109,1542775.254
1.7,150,1,109.1,2057033.672
1.7,150,1,109.2,1799904.463
1.7,150,1,109.3,2571292.09
1.7,150,1,109.4,2699856.694
1.7,150,1,109.5,1414210.649
1.7,150,1,109.6,2699856.694
1.7,150,1,109.7,2314162.881
1.7,150,1,109.8,1542775.254
1.7,150,1,109.9,2185598.276
1.7,150,1,110,1799904.463
1.7,150,1,110.1,1671339.858
1.7,150,1,110.2,1928469.067
1.7,150,1,110.3,3471244.321
1.7,150,1,110.4,1799904.463
1.7,150,1,110.5,2699856.694
1.7,150,1,110.6,2185598.276
1.7,150,1,110.7,1671339.858
1.7,150,1,110.8,2956985.903
1.7,150,1,110.9,1542775.254
1.7,150,1,111,1285646.045
1.7,150,1,111.1,2699856.694
1.7,150,1,111.2,2185598.276
1.7,150,1,111.3,2185598.276
1.7,150,1,111.4,1542775.254
1.7,150,1,111.5,2828421.299
1.7,150,1,111.6,1542775.254
1.7,150,1,111.7,1028516.836
1.7,150,1,111.8,3085550.508
1.7,150,1,111.9,2314162.881
1.7,150,1,112,1799904.463
1.7,150,1,112.1,2699856.694
1.7,150,1,112.2,2442727.485
1.7,150,1,112.3,1928469.067
1.7,150,1,112.4,1928469.067
1.7,150,1,112.5,2185598.276
1.7,150,1,112.6,1671339.858
1.7,150,1,112.7,1928469.067
1.7,150,1,112.8,1928469.067
1.7,150,1,112.9,1542775.254
1.7,150,1,113,2571292.09
1.7,150,1,113.1,1542775.254
1.7,150,1,113.2,1542775.254
1.7,150,1,113.3,2057033.672
1.7,150,1,113.4,2699856.694
1.7,150,1,113.5,2057033.672
1.7,150,1,113.6,2699856.694
1.7,150,1,113.7,2314162.881
1.7,150,1,113.8,2442727.485
1.7,150,1,113.9,1671339.858
1.7,150,1,114,1928469.067
1.7,150,1,114.1,1285646.045
1.7,150,1,114.2,1671339.858
1.7,150,1,114.3,2828421.299
1.7,150,1,114.4,2057033.672
1.7,150,1,114.5,1671339.858
1.7,150,1,114.6,1799904.463
1.7,150,1,114.7,1157081.44
1.7,150,1,114.8,1285646.045
1.7,150,1,114.9,1285646.045
1.7,150,1,115,2057033.672
1.7,150,1,115.1,3342679.717
1.7,150,1,115.2,2057033.672
1.7,150,1,115.3,2057033.672
1.7,150,1,115.4,1542775.254
1.7,150,1,115.5,1671339.858
1.7,150,1,115.6,2828421.299
1.7,150,1,115.7,2314162.881
1.7,150,1,115.8,2571292.09
1.7,150,1,115.9,1671339.858
1.7,150,1,116,2442727.485
1.7,150,1,116.1,1542775.254
1.7,150,1,116.2,2571292.09
1.7,150,1,116.3,1542775.254
1.7,150,1,116.4,1157081.44
1.7,150,1,116.5,2185598.276
1.7,150,1,116.6,1542775.254
1.7,150,1,116.7,1542775.254
1.7,150,1,116.8,1542775.254
1.7,150,1,116.9,2442727.485
1.7,150,1,117,2314162.881
1.7,150,1,117.1,2185598.276
1.7,150,1,117.2,1414210.649
1.7,150,1,117.3,1928469.067
1.7,150,1,117.4,2314162.881
1.7,150,1,117.5,2185598.276
1.7,150,1,117.6,2699856.694
1.7,150,1,117.7,1671339.858
1.7,150,1,117.8,1671339.858
1.7,150,1,117.9,1157081.44
1.7,150,1,118,2185598.276
1.7,150,1,118.1,1285646.045
1.7,150,1,118.2,1799904.463
1.7,150,1,118.3,2185598.276
1.7,150,1,118.4,2314162.881
1.7,150,1,118.5,1799904.463
1.7,150,1,118.6,1414210.649
1.7,150,1,118.7,1157081.44
1.7,150,1,118.8,1028516.836
1.7,150,1,118.9,2185598.276
1.7,150,1,119,1671339.858
1.7,150,1,119.1,1285646.045
1.7,150,1,119.2,1799904.463
1.7,150,1,119.3,1671339.858
1.7,150,1,119.4,1671339.858
1.7,150,1,119.5,1928469.067
1.7,150,1,119.6,1285646.045
1.7,150,1,119.7,1671339.858
1.7,150,1,119.8,2699856.694
1.7,150,1,119.9,2314162.881
1.7,150,1,120,2828421.299
1.7,150,1,120.1,1799904.463
1.7,150,1,120.2,1671339.858
1.7,150,1,120.3,1671339.858
1.7,150,1,120.4,2057033.672
1.7,150,1,120.5,1928469.067
1.7,150,1,120.6,899952.2314
1.7,150,1,120.7,1671339.858
1.7,150,1,120.8,2057033.672
1.7,150,1,120.9,2185598.276
1.7,150,1,121,2314162.881
1.7,150,1,121.1,1285646.045
1.7,150,1,121.2,2057033.672
1.7,150,1,121.3,1671339.858
1.7,150,1,121.4,899952.2314
1.7,150,1,121.5,1799904.463
1.7,150,1,121.6,2571292.09
1.7,150,1,121.7,899952.2314
1.7,150,1,121.8,2442727.485
1.7,150,1,121.9,1799904.463
1.7,150,1,122,1414210.649
1.7,150,1,122.1,1285646.045
1.7,150,1,122.2,2057033.672
1.7,150,1,122.3,2314162.881
1.7,150,1,122.4,1928469.067
1.7,150,1,122.5,1671339.858
1.7,150,1,122.6,2442727.485
1.7,150,1,122.7,1285646.045
1.7,150,1,122.8,1157081.44
1.7,150,1,122.9,1671339.858
1.7,150,1,123,2442727.485
1.7,150,1,123.1,1671339.858
1.7,150,1,123.2,1799904.463
1.7,150,1,123.3,1799904.463
1.7,150,1,123.4,2699856.694
1.7,150,1,123.5,1542775.254
1.7,150,1,123.6,1671339.858
1.7,150,1,123.7,1414210.649
1.7,150,1,123.8,1928469.067
1.7,150,1,123.9,1285646.045
1.7,150,1,124,2314162.881
1.7,150,1,124.1,1285646.045
1.7,150,1,124.2,1542775.254
1.7,150,1,124.3,2185598.276
1.7,150,1,124.4,1414210.649
1.7,150,1,124.5,1799904.463
1.7,150,1,124.6,1671339.858
1.7,150,1,124.7,1928469.067
1.7,150,1,124.8,3214115.112
1.7,150,1,124.9,1799904.463
1.7,150,1,125,1542775.254
1.7,150,1,125.1,1028516.836
1.7,150,1,125.2,1414210.649
1.7,150,1,125.3,1542775.254
1.7,150,1,125.4,1928469.067
1.7,150,1,125.5,1799904.463
1.7,150,1,125.6,2057033.672
1.7,150,1,125.7,1799904.463
1.7,150,1,125.8,1799904.463
1.7,150,1,125.9,1542775.254
1.7,150,1,126,1799904.463
1.7,150,1,126.1,1028516.836
1.7,150,1,126.2,1928469.067
1.7,150,1,126.3,1799904.463
1.7,150,1,126.4,1414210.649
1.7,150,1,126.5,899952.2314
1.7,150,1,126.6,1671339.858
1.7,150,1,126.7,1157081.44
1.7,150,1,126.8,1671339.858
1.7,150,1,126.9,1028516.836
1.7,150,1,127,1671339.858
1.7,150,1,127.1,1799904.463
1.7,150,1,127.2,1028516.836
1.7,150,1,127.3,1671339.858
1.7,150,1,127.4,1157081.44
1.7,150,1,127.5,1928469.067
1.7,150,1,127.6,1285646.045
1.7,150,1,127.7,1157081.44
1.7,150,1,127.8,1671339.858
1.7,150,1,127.9,1799904.463
1.7,150,1,128,2442727.485
1.7,150,1,128.1,1157081.44
1.7,150,1,128.2,1414210.649
1.7,150,1,128.3,1414210.649
1.7,150,1,128.4,1285646.045
1.7,150,1,128.5,1285646.045
1.7,150,1,128.6,1671339.858
1.7,150,1,128.7,2314162.881
1.7,150,1,128.8,2057033.672
1.7,150,1,128.9,1671339.858
1.7,150,1,129,1671339.858
1.7,150,1,129.1,1285646.045
1.7,150,1,129.2,1414210.649
1.7,150,1,129.3,1799904.463
1.7,150,1,129.4,2057033.672
1.7,150,1,129.5,2057033.672
1.7,150,1,129.6,1028516.836
1.7,150,1,129.7,1028516.836
1.7,150,1,129.8,2185598.276
1.7,150,1,129.9,1414210.649
1.7,150,1,130,1414210.649
1.7,150,1,130.1,2571292.09
1.7,150,1,130.2,899952.2314
1.7,150,1,130.3,1542775.254
1.7,150,1,130.4,899952.2314
1.7,150,1,130.5,1928469.067
1.7,150,1,130.6,1157081.44
1.7,150,1,130.7,1928469.067
1.7,150,1,130.8,1671339.858
1.7,150,1,130.9,1285646.045
1.7,150,1,131,1799904.463
1.7,150,1,131.1,1928469.067
1.7,150,1,131.2,1671339.858
1.7,150,1,131.3,1542775.254
1.7,150,1,131.4,1285646.045
1.7,150,1,131.5,1028516.836
1.7,150,1,131.6,642823.0224
1.7,150,1,131.7,1542775.254
1.7,150,1,131.8,1671339.858
1.7,150,1,131.9,1028516.836
1.7,150,1,132,1671339.858
1.7,150,1,132.1,1285646.045
1.7,150,1,132.2,1285646.045
1.7,150,1,132.3,1928469.067
1.7,150,1,132.4,1285646.045
1.7,150,1,132.5,1799904.463
1.7,150,1,132.6,1928469.067
1.7,150,1,132.7,1671339.858
1.7,150,1,132.8,1542775.254
1.7,150,1,132.9,771387.6269
1.7,150,1,133,1928469.067
1.7,150,1,133.1,1671339.858
1.7,150,1,133.2,1028516.836
1.7,150,1,133.3,1671339.858
1.7,150,1,133.4,1414210.649
1.7,150,1,133.5,1285646.045
1.7,150,1,133.6,1928469.067
1.7,150,1,133.7,1542775.254
1.7,150,1,133.8,1799904.463
1.7,150,1,133.9,1542775.254
1.7,150,1,134,1542775.254
1.7,150,1,134.1,1799904.463
1.7,150,1,134.2,1671339.858
1.7,150,1,134.3,1799904.463
1.7,150,1,134.4,2185598.276
1.7,150,1,134.5,1799904.463
1.7,150,1,134.6,1285646.045
1.7,150,1,134.7,2057033.672
1.7,150,1,134.8,1671339.858
1.7,150,1,134.9,1157081.44
1.7,150,1,135,1414210.649
1.7,150,1,135.1,1542775.254
1.7,150,1,135.2,642823.0224
1.7,150,1,135.3,1928469.067
1.7,150,1,135.4,2057033.672
1.7,150,1,135.5,1028516.836
1.7,150,1,135.6,1671339.858
1.7,150,1,135.7,1028516.836
1.7,150,1,135.8,1414210.649
1.7,150,1,135.9,2571292.09
1.7,150,1,136,1671339.858
1.7,150,1,136.1,1928469.067
1.7,150,1,136.2,2185598.276
1.7,150,1,136.3,899952.2314
1.7,150,1,136.4,1285646.045
1.7,150,1,136.5,1157081.44
1.7,150,1,136.6,1157081.44
1.7,150,1,136.7,1542775.254
1.7,150,1,136.8,1414210.649
1.7,150,1,136.9,1671339.858
1.7,150,1,137,2314162.881
1.7,150,1,137.1,1028516.836
1.7,150,1,137.2,2057033.672
1.7,150,1,137.3,1028516.836
1.7,150,1,137.4,899952.2314
1.7,150,1,137.5,1157081.44
1.7,150,1,137.6,1671339.858
1.7,150,1,137.7,1285646.045
1.7,150,1,137.8,1157081.44
1.7,150,1,137.9,1414210.649
1.7,150,1,138,1799904.463
1.7,150,1,138.1,771387.6269
1.7,150,1,138.2,1414210.649
1.7,150,1,138.3,514258.418
1.7,150,1,138.4,1028516.836
1.7,150,1,138.5,1414210.649
1.7,150,1,138.6,514258.418
1.7,150,1,138.7,899952.2314
1.7,150,1,138.8,1542775.254
1.7,150,1,138.9,1157081.44
1.7,150,1,139,1799904.463
1.7,150,1,139.1,1414210.649
1.7,150,1,139.2,1157081.44
1.7,150,1,139.3,1285646.045
1.7,150,1,139.4,2057033.672
1.7,150,1,139.5,1414210.649
1.7,150,1,139.6,771387.6269
1.7,150,1,139.7,1671339.858
1.7,150,1,139.8,1799904.463
1.7,150,1,139.9,2185598.276
1.7,150,1,140,2057033.672
1.7,150,1,140.1,1799904.463
1.7,150,1,140.2,899952.2314
1.7,150,1,140.3,1928469.067
1.7,150,1,140.4,1285646.045
1.7,150,1,140.5,1414210.649
1.7,150,1,140.6,899952.2314
1.7,150,1,140.7,2314162.881
1.7,150,1,140.8,1414210.649
1.7,150,1,140.9,1928469.067
1.7,150,1,141,1414210.649
1.7,150,1,141.1,1671339.858
1.7,150,1,141.2,1157081.44
1.7,150,1,141.3,771387.6269
1.7,150,1,141.4,1671339.858
1.7,150,1,141.5,1157081.44
1.7,150,1,141.6,642823.0224
1.7,150,1,141.7,771387.6269
1.7,150,1,141.8,2185598.276
1.7,150,1,141.9,1671339.858
1.7,150,1,142,1157081.44
1.7,150,1,142.1,385693.8135
1.7,150,1,142.2,1028516.836
1.7,150,1,142.3,1928469.067
1.7,150,1,142.4,1157081.44
1.7,150,1,142.5,1414210.649
1.7,150,1,142.6,771387.6269
1.7,150,1,142.7,1028516.836
1.7,150,1,142.8,1542775.254
1.7,150,1,142.9,1414210.649
1.7,150,1,143,1157081.44
1.7,150,1,143.1,1285646.045
1.7,150,1,143.2,2057033.672
1.7,150,1,143.3,1157081.44
1.7,150,1,143.4,1414210.649
1.7,150,1,143.5,1542775.254
1.7,150,1,143.6,771387.6269
1.7,150,1,143.7,514258.418
1.7,150,1,143.8,2185598.276
1.7,150,1,143.9,899952.2314
1.7,150,1,144,1542775.254
1.7,150,1,144.1,899952.2314
1.7,150,1,144.2,1285646.045
1.7,150,1,144.3,771387.6269
1.7,150,1,144.4,1028516.836
1.7,150,1,144.5,771387.6269
1.7,150,1,144.6,1285646.045
1.7,150,1,144.7,642823.0224
1.7,150,1,144.8,1928469.067
1.7,150,1,144.9,1157081.44
1.7,150,1,145,1928469.067
1.7,150,1,145.1,514258.418
1.7,150,1,145.2,1671339.858
1.7,150,1,145.3,1157081.44
1.7,150,1,145.4,899952.2314
1.7,150,1,145.5,1028516.836
1.7,150,1,145.6,1285646.045
1.7,150,1,145.7,771387.6269
1.7,150,1,145.8,899952.2314
1.7,150,1,145.9,1542775.254
1.7,150,1,146,899952.2314
1.7,150,1,146.1,1542775.254
1.7,150,1,146.2,1285646.045
1.7,150,1,146.3,642823.0224
1.7,150,1,146.4,1414210.649
1.7,150,1,146.5,1542775.254
1.7,150,1,146.6,257129.209
1.7,150,1,146.7,1028516.836
1.7,150,1,146.8,1028516.836
1.7,150,1,146.9,1157081.44
1.7,150,1,147,1542775.254
1.7,150,1,147.1,771387.6269
1.7,150,1,147.2,1157081.44
1.7,150,1,147.3,771387.6269
1.7,150,1,147.4,642823.0224
1.7,150,1,147.5,1157081.44
1.7,150,1,147.6,1414210.649
1.7,150,1,147.7,1157081.44
1.7,150,1,147.8,899952.2314
1.7,150,1,147.9,1028516.836
1.7,150,1,148,642823.0224
1.7,150,1,148.1,642823.0224
1.7,150,1,148.2,1285646.045
1.7,150,1,148.3,642823.0224
1.7,150,1,148.4,1285646.045
1.7,150,1,148.5,771387.6269
1.7,150,1,148.6,899952.2314
1.7,150,1,148.7,899952.2314
1.7,150,1,148.8,899952.2314
1.7,150,1,148.9,514258.418
1.7,150,1,149,771387.6269
1.7,150,1,149.1,771387.6269
1.7,150,1,149.2,128564.6045
1.7,150,1,149.3,642823.0224
1.7,150,1,149.4,385693.8135
1.7,150,1,149.5,385693.8135
1.7,150,1,149.7,642823.0224
1.7,150,1,149.8,128564.6045
1.7,40,3,3.5,103123.3507
1.7,40,3,4,103123.3507
1.7,40,3,4.1,103123.3507
1.7,40,3,4.3,412493.4026
1.7,40,3,4.4,721863.4546
1.7,40,3,4.5,309370.052
1.7,40,3,4.6,206246.7013
1.7,40,3,4.7,1546850.26
1.7,40,3,4.8,515616.7533
1.7,40,3,4.9,1134356.857
1.7,40,3,5,721863.4546
1.7,40,3,5.1,1546850.26
1.7,40,3,5.2,1856220.312
1.7,40,3,5.3,1649973.611
1.7,40,3,5.4,3918687.325
1.7,40,3,5.5,2681207.117
1.7,40,3,5.6,4434304.078
1.7,40,3,5.7,4640550.78
1.7,40,3,5.8,5465537.585
1.7,40,3,5.9,4640550.78
1.7,40,3,6,6187401.04
1.7,40,3,6.1,6806141.143
1.7,40,3,6.2,6703017.793
1.7,40,3,6.3,7528004.598
1.7,40,3,6.4,8456114.754
1.7,40,3,6.5,10106088.36
1.7,40,3,6.6,10106088.36
1.7,40,3,6.7,10106088.36
1.7,40,3,6.8,11446691.92
1.7,40,3,6.9,12168555.38
1.7,40,3,7,12168555.38
1.7,40,3,7.1,15365379.25
1.7,40,3,7.2,13096665.53
1.7,40,3,7.3,15880996
1.7,40,3,7.4,31865115.35
1.7,40,3,7.5,14231022.39
1.7,40,3,7.6,16293489.4
1.7,40,3,7.7,17530969.61
1.7,40,3,7.8,18871573.17
1.7,40,3,7.9,19902806.68
1.7,40,3,8,16705982.81
1.7,40,3,8.1,19593436.63
1.7,40,3,8.2,17118476.21
1.7,40,3,8.3,65689574.37
1.7,40,3,8.4,400427970.6
1.7,40,3,8.5,19696559.98
1.7,40,3,8.6,22068397.04
1.7,40,3,8.7,21862150.34
1.7,40,3,8.8,24646480.81
1.7,40,3,8.9,23512123.95
1.7,40,3,9,20934040.18
1.7,40,3,9.1,23409000.6
1.7,40,3,9.2,22893383.85
1.7,40,3,9.3,23718370.65
1.7,40,3,9.4,22377767.09
1.7,40,3,9.5,38671256.5
1.7,40,3,9.6,35577555.98
1.7,40,3,9.7,254095936
1.7,40,3,9.8,40733723.51
1.7,40,3,9.9,33721335.67
1.7,40,3,10,128697941.6
1.7,40,3,10.1,25883961.02
1.7,40,3,10.2,24130864.05
1.7,40,3,10.3,14952885.85
1.7,40,3,10.4,11446691.92
1.7,40,3,10.5,11343568.57
1.7,40,3,10.6,11137321.87
1.7,40,3,10.7,12787295.48
1.7,40,3,10.8,14024775.69
1.7,40,3,10.9,15159132.55
1.7,40,3,11,14849762.49
1.7,40,3,11.1,12787295.48
1.7,40,3,11.2,15984119.35
1.7,40,3,11.3,53417895.64
1.7,40,3,11.4,14540392.44
1.7,40,3,11.5,15880996
1.7,40,3,11.6,14127899.04
1.7,40,3,11.7,12890418.83
1.7,40,3,11.8,12787295.48
1.7,40,3,11.9,13096665.53
1.7,40,3,12,11240445.22
1.7,40,3,12.1,10518581.77
1.7,40,3,12.2,9899841.663
1.7,40,3,12.3,10106088.36
1.7,40,3,12.4,11756061.98
1.7,40,3,12.5,10312335.07
1.7,40,3,12.6,10106088.36
1.7,40,3,12.7,11962308.68
1.7,40,3,12.8,11240445.22
1.7,40,3,12.9,11549815.27
1.7,40,3,13,12993542.18
1.7,40,3,13.1,11034198.52
1.7,40,3,13.2,11446691.92
1.7,40,3,13.3,13509158.94
1.7,40,3,13.4,12477925.43
1.7,40,3,13.5,12993542.18
1.7,40,3,13.6,14127899.04
1.7,40,3,13.7,13199788.88
1.7,40,3,13.8,12374802.08
1.7,40,3,13.9,15159132.55
1.7,40,3,14,13302912.23
1.7,40,3,14.1,12993542.18
1.7,40,3,14.2,11962308.68
1.7,40,3,14.3,13612282.29
1.7,40,3,14.4,12993542.18
1.7,40,3,14.5,14024775.69
1.7,40,3,14.6,12271678.73
1.7,40,3,14.7,13612282.29
1.7,40,3,14.8,15468502.6
1.7,40,3,14.9,11034198.52
1.7,40,3,15,14127899.04
1.7,40,3,15.1,13406035.59
1.7,40,3,15.2,11859185.33
1.7,40,3,15.3,12684172.13
1.7,40,3,15.4,13096665.53
1.7,40,3,15.5,11962308.68
1.7,40,3,15.6,12581048.78
1.7,40,3,15.7,13715405.64
1.7,40,3,15.8,13818528.99
1.7,40,3,15.9,12168555.38
1.7,40,3,16,13302912.23
1.7,40,3,16.1,13921652.34
1.7,40,3,16.2,13509158.94
1.7,40,3,16.3,11446691.92
1.7,40,3,16.4,13406035.59
1.7,40,3,16.5,13406035.59
1.7,40,3,16.6,12271678.73
1.7,40,3,16.7,13715405.64
1.7,40,3,16.8,14849762.49
1.7,40,3,16.9,12684172.13
1.7,40,3,17,15468502.6
1.7,40,3,17.1,15159132.55
1.7,40,3,17.2,12374802.08
1.7,40,3,17.3,10621705.12
1.7,40,3,17.4,15674749.3
1.7,40,3,17.5,13509158.94
1.7,40,3,17.6,13612282.29
1.7,40,3,17.7,12477925.43
1.7,40,3,17.8,11859185.33
1.7,40,3,17.9,13509158.94
1.7,40,3,18,11756061.98
1.7,40,3,18.1,12684172.13
1.7,40,3,18.2,11859185.33
1.7,40,3,18.3,13921652.34
1.7,40,3,18.4,14231022.39
1.7,40,3,18.5,14746639.14
1.7,40,3,18.6,10827951.82
1.7,40,3,18.7,12684172.13
1.7,40,3,18.8,14643515.79
1.7,40,3,18.9,12477925.43
1.7,40,3,19,10209211.72
1.7,40,3,19.1,15056009.2
1.7,40,3,19.2,13509158.94
1.7,40,3,19.3,11549815.27
1.7,40,3,19.4,12684172.13
1.7,40,3,19.5,13921652.34
1.7,40,3,19.6,14127899.04
1.7,40,3,19.7,11652938.62
1.7,40,3,19.8,13921652.34
1.7,40,3,19.9,12890418.83
1.7,40,3,20,12065432.03
1.7,40,3,20.1,12581048.78
1.7,40,3,20.2,11962308.68
1.7,40,3,20.3,12581048.78
1.7,40,3,20.4,12684172.13
1.7,40,3,20.5,12065432.03
1.7,40,3,20.6,10518581.77
1.7,40,3,20.7,11343568.57
1.7,40,3,20.8,11549815.27
1.7,40,3,20.9,14746639.14
1.7,40,3,21,11549815.27
1.7,40,3,21.1,11962308.68
1.7,40,3,21.2,13096665.53
1.7,40,3,21.3,11034198.52
1.7,40,3,21.4,10209211.72
1.7,40,3,21.5,10518581.77
1.7,40,3,21.6,11137321.87
1.7,40,3,21.7,13612282.29
1.7,40,3,21.8,9899841.663
1.7,40,3,21.9,12168555.38
1.7,40,3,22,10106088.36
1.7,40,3,22.1,11137321.87
1.7,40,3,22.2,10724828.47
1.7,40,3,22.3,13096665.53
1.7,40,3,22.4,11549815.27
1.7,40,3,22.5,10518581.77
1.7,40,3,22.6,11652938.62
1.7,40,3,22.7,11240445.22
1.7,40,3,22.8,10827951.82
1.7,40,3,22.9,10827951.82
1.7,40,3,23,11549815.27
1.7,40,3,23.1,11549815.27
1.7,40,3,23.2,8765484.806
1.7,40,3,23.3,10931075.17
1.7,40,3,23.4,9487348.261
1.7,40,3,23.5,10209211.72
1.7,40,3,23.6,9796718.313
1.7,40,3,23.7,11962308.68
1.7,40,3,23.8,10209211.72
1.7,40,3,23.9,10724828.47
1.7,40,3,24,10724828.47
1.7,40,3,24.1,9693594.962
1.7,40,3,24.2,9074854.858
1.7,40,3,24.3,9693594.962
1.7,40,3,24.4,10002965.01
1.7,40,3,24.5,9281101.559
1.7,40,3,24.6,9693594.962
1.7,40,3,24.7,9693594.962
1.7,40,3,24.8,9590471.611
1.7,40,3,24.9,9384224.91
1.7,40,3,25,8352991.403
1.7,40,3,25.1,9487348.261
1.7,40,3,25.2,8456114.754
1.7,40,3,25.3,7528004.598
1.7,40,3,25.4,8043621.351
1.7,40,3,25.5,7734251.299
1.7,40,3,25.6,9177978.209
1.7,40,3,25.7,9487348.261
1.7,40,3,25.8,8971731.507
1.7,40,3,25.9,9281101.559
1.7,40,3,26,10415458.42
1.7,40,3,26.1,9693594.962
1.7,40,3,26.2,9590471.611
1.7,40,3,26.3,8249868.053
1.7,40,3,26.4,8249868.053
1.7,40,3,26.5,6496771.091
1.7,40,3,26.6,8765484.806
1.7,40,3,26.7,8765484.806
1.7,40,3,26.8,9281101.559
1.7,40,3,26.9,7218634.546
1.7,40,3,27,7734251.299
1.7,40,3,27.1,10518581.77
1.7,40,3,27.2,8146744.702
1.7,40,3,27.3,7321757.897
1.7,40,3,27.4,9384224.91
1.7,40,3,27.5,7837374.65
1.7,40,3,27.6,8043621.351
1.7,40,3,27.7,8352991.403
1.7,40,3,27.8,9074854.858
1.7,40,3,27.9,9074854.858
1.7,40,3,28,8146744.702
1.7,40,3,28.1,7424881.247
1.7,40,3,28.2,10209211.72
1.7,40,3,28.3,6599894.442
1.7,40,3,28.4,8662361.455
1.7,40,3,28.5,6599894.442
1.7,40,3,28.6,8146744.702
1.7,40,3,28.7,7012387.845
1.7,40,3,28.8,6806141.143
1.7,40,3,28.9,6806141.143
1.7,40,3,29,8146744.702
1.7,40,3,29.1,6393647.741
1.7,40,3,29.2,7218634.546
1.7,40,3,29.3,7424881.247
1.7,40,3,29.4,7218634.546
1.7,40,3,29.5,5671784.286
1.7,40,3,29.6,7424881.247
1.7,40,3,29.7,8043621.351
1.7,40,3,29.8,7115511.195
1.7,40,3,29.9,6290524.39
1.7,40,3,30,5465537.585
1.7,40,3,30.1,6599894.442
1.7,40,3,30.2,6496771.091
1.7,40,3,30.3,6084277.689
1.7,40,3,30.4,6187401.04
1.7,40,3,30.5,3506193.922
1.7,40,3,30.6,7012387.845
1.7,40,3,30.7,6187401.04
1.7,40,3,30.8,6496771.091
1.7,40,3,30.9,6290524.39
1.7,40,3,31,6187401.04
1.7,40,3,31.1,4640550.78
1.7,40,3,31.2,6393647.741
1.7,40,3,31.3,5362414.234
1.7,40,3,31.4,5878030.988
1.7,40,3,31.5,6393647.741
1.7,40,3,31.6,5259290.884
1.7,40,3,31.7,6393647.741
1.7,40,3,31.8,7837374.65
1.7,40,3,31.9,5362414.234
1.7,40,3,32,6703017.793
1.7,40,3,32.1,5465537.585
1.7,40,3,32.2,6393647.741
1.7,40,3,32.3,6909264.494
1.7,40,3,32.4,4846797.481
1.7,40,3,32.5,4434304.078
1.7,40,3,32.6,4331180.728
1.7,40,3,32.7,5671784.286
1.7,40,3,32.8,5259290.884
1.7,40,3,32.9,4743674.13
1.7,40,3,33,4640550.78
1.7,40,3,33.1,4640550.78
1.7,40,3,33.2,5156167.533
1.7,40,3,33.3,5053044.182
1.7,40,3,33.4,5568660.936
1.7,40,3,33.5,5053044.182
1.7,40,3,33.6,5878030.988
1.7,40,3,33.7,4021810.676
1.7,40,3,33.8,7012387.845
1.7,40,3,33.9,4949920.832
1.7,40,3,34,6084277.689
1.7,40,3,34.1,3918687.325
1.7,40,3,34.2,3712440.624
1.7,40,3,34.3,5259290.884
1.7,40,3,34.4,4434304.078
1.7,40,3,34.5,4640550.78
1.7,40,3,34.6,3712440.624
1.7,40,3,34.7,3609317.273
1.7,40,3,34.8,4743674.13
1.7,40,3,34.9,3918687.325
1.7,40,3,35,3196823.87
1.7,40,3,35.1,4434304.078
1.7,40,3,35.2,3918687.325
1.7,40,3,35.3,3712440.624
1.7,40,3,35.4,3196823.87
1.7,40,3,35.5,4021810.676
1.7,40,3,35.6,4228057.377
1.7,40,3,35.7,3093700.52
1.7,40,3,35.8,4124934.026
1.7,40,3,35.9,2990577.169
1.7,40,3,36,3712440.624
1.7,40,3,36.1,4331180.728
1.7,40,3,36.2,4640550.78
1.7,40,3,36.3,3815563.974
1.7,40,3,36.4,3609317.273
1.7,40,3,36.5,2784330.468
1.7,40,3,36.6,3506193.922
1.7,40,3,36.7,2887453.818
1.7,40,3,36.8,2887453.818
1.7,40,3,36.9,3196823.87
1.7,40,3,37,2578083.766
1.7,40,3,37.1,3403070.572
1.7,40,3,37.2,3196823.87
1.7,40,3,37.3,3609317.273
1.7,40,3,37.4,3299947.221
1.7,40,3,37.5,2887453.818
1.7,40,3,37.6,2474960.416
1.7,40,3,37.7,2165590.364
1.7,40,3,37.8,2681207.117
1.7,40,3,37.9,3609317.273
1.7,40,3,38,2990577.169
1.7,40,3,38.1,1546850.26
1.7,40,3,38.2,1959343.663
1.7,40,3,38.3,1856220.312
1.7,40,3,38.4,2165590.364
1.7,40,3,38.5,2165590.364
1.7,40,3,38.6,2681207.117
1.7,40,3,38.7,1134356.857
1.7,40,3,38.8,1134356.857
1.7,40,3,38.9,1340603.559
1.7,40,3,39,2474960.416
1.7,40,3,39.1,2474960.416
1.7,40,3,39.2,1753096.961
1.7,40,3,39.3,1443726.909
1.7,40,3,39.4,1237480.208
1.7,40,3,39.5,721863.4546
1.7,40,3,39.6,1340603.559
1.7,40,3,39.7,1031233.507
1.7,40,3,39.8,824986.8053
1.7,40,3,39.9,928110.1559
1.7,40,3,40,103123.3507
1.7,80,3,3.2,165280.5373
1.7,80,3,3.6,330561.0746
1.7,80,3,3.7,165280.5373
1.7,80,3,3.8,330561.0746
1.7,80,3,3.9,495841.6119
1.7,80,3,4,1487524.836
1.7,80,3,4.1,1156963.761
1.7,80,3,4.2,1652805.373
1.7,80,3,4.3,2809769.134
1.7,80,3,4.4,1983366.448
1.7,80,3,4.5,3470891.283
1.7,80,3,4.6,4958416.119
1.7,80,3,4.7,5288977.194
1.7,80,3,4.8,5454257.731
1.7,80,3,4.9,6445940.955
1.7,80,3,5,7933465.791
1.7,80,3,5.1,9751551.701
1.7,80,3,5.2,11569637.61
1.7,80,3,5.3,14214126.21
1.7,80,3,5.4,13553004.06
1.7,80,3,5.5,13222442.98
1.7,80,3,5.6,15205809.43
1.7,80,3,5.7,20660067.16
1.7,80,3,5.8,21817030.92
1.7,80,3,5.9,19503103.4
1.7,80,3,6,19007261.79
1.7,80,3,6.1,23304555.76
1.7,80,3,6.2,27271288.65
1.7,80,3,6.3,27106008.12
1.7,80,3,6.4,34543632.3
1.7,80,3,6.5,35370034.98
1.7,80,3,6.6,31733863.16
1.7,80,3,6.7,40163170.56
1.7,80,3,6.8,39336767.88
1.7,80,3,6.9,36526998.74
1.7,80,3,7,37022840.36
1.7,80,3,7.1,36031157.13
1.7,80,3,7.2,42146537.01
1.7,80,3,7.3,40824292.71
1.7,80,3,7.4,118836706.3
1.7,80,3,7.5,46774392.06
1.7,80,3,7.6,42807659.16
1.7,80,3,7.7,42972939.7
1.7,80,3,7.8,51567527.64
1.7,80,3,7.9,52228649.79
1.7,80,3,8,47600794.74
1.7,80,3,8.1,49584161.19
1.7,80,3,8.2,54542577.31
1.7,80,3,8.3,217509187.1
1.7,80,3,8.4,1646524713
1.7,80,3,8.5,50410563.88
1.7,80,3,8.6,52724491.4
1.7,80,3,8.7,55534260.53
1.7,80,3,8.8,77186010.92
1.7,80,3,8.9,51567527.64
1.7,80,3,9,55203699.46
1.7,80,3,9.1,55699541.07
1.7,80,3,9.2,69252545.13
1.7,80,3,9.3,55203699.46
1.7,80,3,9.4,57352346.44
1.7,80,3,9.5,114374131.8
1.7,80,3,9.6,82805549.19
1.7,80,3,9.7,979121903
1.7,80,3,9.8,144951031.2
1.7,80,3,9.9,104292019
1.7,80,3,10,436505899
1.7,80,3,10.1,62971884.71
1.7,80,3,10.2,63798287.4
1.7,80,3,10.3,41815975.94
1.7,80,3,10.4,36692279.28
1.7,80,3,10.5,37188120.89
1.7,80,3,10.6,39997890.03
1.7,80,3,10.7,34874193.37
1.7,80,3,10.8,38675645.73
1.7,80,3,10.9,45121586.68
1.7,80,3,11,47435514.21
1.7,80,3,11.1,38179804.12
1.7,80,3,11.2,39006206.8
1.7,80,3,11.3,178502980.3
1.7,80,3,11.4,41320134.33
1.7,80,3,11.5,42311817.55
1.7,80,3,11.6,50410563.88
1.7,80,3,11.7,47104953.13
1.7,80,3,11.8,32394985.31
1.7,80,3,11.9,38510365.19
1.7,80,3,12,37518681.97
1.7,80,3,12.1,31568582.62
1.7,80,3,12.2,30576899.4
1.7,80,3,12.3,31568582.62
1.7,80,3,12.4,30907460.48
1.7,80,3,12.5,32064424.24
1.7,80,3,12.6,31899143.7
1.7,80,3,12.7,35865876.59
1.7,80,3,12.8,31899143.7
1.7,80,3,12.9,36526998.74
1.7,80,3,13,30907460.48
1.7,80,3,13.1,31899143.7
1.7,80,3,13.2,34874193.37
1.7,80,3,13.3,34874193.37
1.7,80,3,13.4,36857559.82
1.7,80,3,13.5,30246338.33
1.7,80,3,13.6,38014523.58
1.7,80,3,13.7,36196437.67
1.7,80,3,13.8,35865876.59
1.7,80,3,13.9,37849243.04
1.7,80,3,14,35535315.52
1.7,80,3,14.1,34047790.68
1.7,80,3,14.2,33056107.46
1.7,80,3,14.3,37353401.43
1.7,80,3,14.4,33056107.46
1.7,80,3,14.5,35204754.45
1.7,80,3,14.6,39006206.8
1.7,80,3,14.7,33717229.61
1.7,80,3,14.8,36692279.28
1.7,80,3,14.9,33717229.61
1.7,80,3,15,35535315.52
1.7,80,3,15.1,32064424.24
1.7,80,3,15.2,36692279.28
1.7,80,3,15.3,35700596.06
1.7,80,3,15.4,37683962.5
1.7,80,3,15.5,30411618.86
1.7,80,3,15.6,34213071.22
1.7,80,3,15.7,39006206.8
1.7,80,3,15.8,34543632.3
1.7,80,3,15.9,39006206.8
1.7,80,3,16,34047790.68
1.7,80,3,16.1,43634061.85
1.7,80,3,16.2,32725546.39
1.7,80,3,16.3,36526998.74
1.7,80,3,16.4,34378351.76
1.7,80,3,16.5,38014523.58
1.7,80,3,16.6,32394985.31
1.7,80,3,16.7,37353401.43
1.7,80,3,16.8,33882510.15
1.7,80,3,16.9,31238021.55
1.7,80,3,17,36692279.28
1.7,80,3,17.1,36031157.13
1.7,80,3,17.2,38345084.65
1.7,80,3,17.3,39502048.42
1.7,80,3,17.4,37518681.97
1.7,80,3,17.5,33882510.15
1.7,80,3,17.6,36692279.28
1.7,80,3,17.7,34378351.76
1.7,80,3,17.8,32064424.24
1.7,80,3,17.9,34047790.68
1.7,80,3,18,33056107.46
1.7,80,3,18.1,36196437.67
1.7,80,3,18.2,33386668.54
1.7,80,3,18.3,36857559.82
1.7,80,3,18.4,33717229.61
1.7,80,3,18.5,33386668.54
1.7,80,3,18.6,34543632.3
1.7,80,3,18.7,33551949.07
1.7,80,3,18.8,32394985.31
1.7,80,3,18.9,28428252.42
1.7,80,3,19,37353401.43
1.7,80,3,19.1,28593532.95
1.7,80,3,19.2,34874193.37
1.7,80,3,19.3,32725546.39
1.7,80,3,19.4,36857559.82
1.7,80,3,19.5,34378351.76
1.7,80,3,19.6,34213071.22
1.7,80,3,19.7,33551949.07
1.7,80,3,19.8,34543632.3
1.7,80,3,19.9,30742179.94
1.7,80,3,20,29915777.25
1.7,80,3,20.1,30576899.4
1.7,80,3,20.2,32064424.24
1.7,80,3,20.3,26775447.04
1.7,80,3,20.4,29419935.64
1.7,80,3,20.5,37022840.36
1.7,80,3,20.6,30246338.33
1.7,80,3,20.7,34378351.76
1.7,80,3,20.8,28262971.88
1.7,80,3,20.9,34543632.3
1.7,80,3,21,32064424.24
1.7,80,3,21.1,33056107.46
1.7,80,3,21.2,31238021.55
1.7,80,3,21.3,33551949.07
1.7,80,3,21.4,32725546.39
1.7,80,3,21.5,31568582.62
1.7,80,3,21.6,28593532.95
1.7,80,3,21.7,30081057.79
1.7,80,3,21.8,28428252.42
1.7,80,3,21.9,30576899.4
1.7,80,3,22,33717229.61
1.7,80,3,22.1,33221388
1.7,80,3,22.2,32394985.31
1.7,80,3,22.3,30907460.48
1.7,80,3,22.4,30742179.94
1.7,80,3,22.5,28262971.88
1.7,80,3,22.6,26610166.51
1.7,80,3,22.7,29915777.25
1.7,80,3,22.8,31899143.7
1.7,80,3,22.9,31072741.01
1.7,80,3,23,29750496.71
1.7,80,3,23.1,30742179.94
1.7,80,3,23.2,27601849.73
1.7,80,3,23.3,28428252.42
1.7,80,3,23.4,26940727.58
1.7,80,3,23.5,27271288.65
1.7,80,3,23.6,27767130.27
1.7,80,3,23.7,28097691.34
1.7,80,3,23.8,30081057.79
1.7,80,3,23.9,31238021.55
1.7,80,3,24,27932410.8
1.7,80,3,24.1,26775447.04
1.7,80,3,24.2,28428252.42
1.7,80,3,24.3,30576899.4
1.7,80,3,24.4,27767130.27
1.7,80,3,24.5,29254655.1
1.7,80,3,24.6,28428252.42
1.7,80,3,24.7,26775447.04
1.7,80,3,24.8,26114324.89
1.7,80,3,24.9,27767130.27
1.7,80,3,25,24957361.13
1.7,80,3,25.1,25949044.36
1.7,80,3,25.2,22808714.15
1.7,80,3,25.3,26444885.97
1.7,80,3,25.4,26279605.43
1.7,80,3,25.5,28428252.42
1.7,80,3,25.6,24792080.6
1.7,80,3,25.7,24130958.45
1.7,80,3,25.8,25618483.28
1.7,80,3,25.9,26279605.43
1.7,80,3,26,22478153.07
1.7,80,3,26.1,21486469.85
1.7,80,3,26.2,27932410.8
1.7,80,3,26.3,26775447.04
1.7,80,3,26.4,24957361.13
1.7,80,3,26.5,26775447.04
1.7,80,3,26.6,25949044.36
1.7,80,3,26.7,25949044.36
1.7,80,3,26.8,24461519.52
1.7,80,3,26.9,27436569.19
1.7,80,3,27,23304555.76
1.7,80,3,27.1,24461519.52
1.7,80,3,27.2,22973994.69
1.7,80,3,27.3,24461519.52
1.7,80,3,27.4,23800397.37
1.7,80,3,27.5,23469836.3
1.7,80,3,27.6,24957361.13
1.7,80,3,27.7,21982311.46
1.7,80,3,27.8,20660067.16
1.7,80,3,27.9,20494786.63
1.7,80,3,28,24626800.06
1.7,80,3,28.1,21817030.92
1.7,80,3,28.2,21982311.46
1.7,80,3,28.3,24461519.52
1.7,80,3,28.4,22808714.15
1.7,80,3,28.5,25287922.21
1.7,80,3,28.6,26444885.97
1.7,80,3,28.7,21651750.39
1.7,80,3,28.8,22643433.61
1.7,80,3,28.9,22312872.54
1.7,80,3,29,23304555.76
1.7,80,3,29.1,23965677.91
1.7,80,3,29.2,20990628.24
1.7,80,3,29.3,28097691.34
1.7,80,3,29.4,28758813.49
1.7,80,3,29.5,20660067.16
1.7,80,3,29.6,22808714.15
1.7,80,3,29.7,21155908.77
1.7,80,3,29.8,21651750.39
1.7,80,3,29.9,14875248.36
1.7,80,3,30,22808714.15
1.7,80,3,30.1,22973994.69
1.7,80,3,30.2,20164225.55
1.7,80,3,30.3,21982311.46
1.7,80,3,30.4,21651750.39
1.7,80,3,30.5,20164225.55
1.7,80,3,30.6,23469836.3
1.7,80,3,30.7,21817030.92
1.7,80,3,30.8,17685017.49
1.7,80,3,30.9,20990628.24
1.7,80,3,31,23139275.22
1.7,80,3,31.1,22478153.07
1.7,80,3,31.2,19503103.4
1.7,80,3,31.3,19998945.01
1.7,80,3,31.4,20494786.63
1.7,80,3,31.5,18841981.25
1.7,80,3,31.6,23304555.76
1.7,80,3,31.7,22973994.69
1.7,80,3,31.8,19668383.94
1.7,80,3,31.9,21817030.92
1.7,80,3,32,21982311.46
1.7,80,3,32.1,17850298.03
1.7,80,3,32.2,18841981.25
1.7,80,3,32.3,18180859.1
1.7,80,3,32.4,20164225.55
1.7,80,3,32.5,18346139.64
1.7,80,3,32.6,19833664.48
1.7,80,3,32.7,21817030.92
1.7,80,3,32.8,15701651.04
1.7,80,3,32.9,20990628.24
1.7,80,3,33,18015578.57
1.7,80,3,33.1,15536370.51
1.7,80,3,33.2,17850298.03
1.7,80,3,33.3,20825347.7
1.7,80,3,33.4,20164225.55
1.7,80,3,33.5,18676700.72
1.7,80,3,33.6,18511420.18
1.7,80,3,33.7,16858614.8
1.7,80,3,33.8,19503103.4
1.7,80,3,33.9,20164225.55
1.7,80,3,34,18841981.25
1.7,80,3,34.1,15205809.43
1.7,80,3,34.2,19007261.79
1.7,80,3,34.3,17519736.95
1.7,80,3,34.4,14875248.36
1.7,80,3,34.5,17354456.42
1.7,80,3,34.6,16362773.19
1.7,80,3,34.7,16528053.73
1.7,80,3,34.8,15040528.89
1.7,80,3,34.9,16197492.66
1.7,80,3,35,16197492.66
1.7,80,3,35.1,16362773.19
1.7,80,3,35.2,16528053.73
1.7,80,3,35.3,19668383.94
1.7,80,3,35.4,15205809.43
1.7,80,3,35.5,18015578.57
1.7,80,3,35.6,16528053.73
1.7,80,3,35.7,21486469.85
1.7,80,3,35.8,18015578.57
1.7,80,3,35.9,18015578.57
1.7,80,3,36,15866931.58
1.7,80,3,36.1,17685017.49
1.7,80,3,36.2,16528053.73
1.7,80,3,36.3,15205809.43
1.7,80,3,36.4,15040528.89
1.7,80,3,36.5,16858614.8
1.7,80,3,36.6,18346139.64
1.7,80,3,36.7,14709967.82
1.7,80,3,36.8,14214126.21
1.7,80,3,36.9,16032212.12
1.7,80,3,37,17519736.95
1.7,80,3,37.1,13057162.45
1.7,80,3,37.2,19172542.33
1.7,80,3,37.3,14544687.28
1.7,80,3,37.4,13387723.52
1.7,80,3,37.5,17354456.42
1.7,80,3,37.6,14875248.36
1.7,80,3,37.7,14214126.21
1.7,80,3,37.8,17519736.95
1.7,80,3,37.9,14875248.36
1.7,80,3,38,15701651.04
1.7,80,3,38.1,13718284.6
1.7,80,3,38.2,16528053.73
1.7,80,3,38.3,16693334.27
1.7,80,3,38.4,18015578.57
1.7,80,3,38.5,14875248.36
1.7,80,3,38.6,17685017.49
1.7,80,3,38.7,12230759.76
1.7,80,3,38.8,15866931.58
1.7,80,3,38.9,15371089.97
1.7,80,3,39,12891881.91
1.7,80,3,39.1,13057162.45
1.7,80,3,39.2,17189175.88
1.7,80,3,39.3,13718284.6
1.7,80,3,39.4,15205809.43
1.7,80,3,39.5,13553004.06
1.7,80,3,39.6,13057162.45
1.7,80,3,39.7,15040528.89
1.7,80,3,39.8,14048845.67
1.7,80,3,39.9,12891881.91
1.7,80,3,40,14875248.36
1.7,80,3,40.1,13553004.06
1.7,80,3,40.2,13222442.98
1.7,80,3,40.3,14544687.28
1.7,80,3,40.4,15040528.89
1.7,80,3,40.5,14214126.21
1.7,80,3,40.6,12065479.22
1.7,80,3,40.7,13387723.52
1.7,80,3,40.8,14048845.67
1.7,80,3,40.9,14048845.67
1.7,80,3,41,15866931.58
1.7,80,3,41.1,16528053.73
1.7,80,3,41.2,11900198.69
1.7,80,3,41.3,14379406.75
1.7,80,3,41.4,16858614.8
1.7,80,3,41.5,15701651.04
1.7,80,3,41.6,13387723.52
1.7,80,3,41.7,12230759.76
1.7,80,3,41.8,11569637.61
1.7,80,3,41.9,15536370.51
1.7,80,3,42,13222442.98
1.7,80,3,42.1,13222442.98
1.7,80,3,42.2,13222442.98
1.7,80,3,42.3,14048845.67
1.7,80,3,42.4,14544687.28
1.7,80,3,42.5,10908515.46
1.7,80,3,42.6,14709967.82
1.7,80,3,42.7,15701651.04
1.7,80,3,42.8,15205809.43
1.7,80,3,42.9,11404357.07
1.7,80,3,43,13883565.13
1.7,80,3,43.1,10577954.39
1.7,80,3,43.2,12561320.83
1.7,80,3,43.3,13553004.06
1.7,80,3,43.4,16858614.8
1.7,80,3,43.5,12230759.76
1.7,80,3,43.6,12561320.83
1.7,80,3,43.7,13222442.98
1.7,80,3,43.8,11734918.15
1.7,80,3,43.9,12891881.91
1.7,80,3,44,10082112.78
1.7,80,3,44.1,15371089.97
1.7,80,3,44.2,11569637.61
1.7,80,3,44.3,15371089.97
1.7,80,3,44.4,14214126.21
1.7,80,3,44.5,9586271.164
1.7,80,3,44.6,11569637.61
1.7,80,3,44.7,14379406.75
1.7,80,3,44.8,10247393.31
1.7,80,3,44.9,11073796
1.7,80,3,45,12396040.3
1.7,80,3,45.1,11900198.69
1.7,80,3,45.2,10908515.46
1.7,80,3,45.3,11900198.69
1.7,80,3,45.4,11900198.69
1.7,80,3,45.5,14214126.21
1.7,80,3,45.6,10908515.46
1.7,80,3,45.7,10577954.39
1.7,80,3,45.8,11239076.54
1.7,80,3,45.9,11569637.61
1.7,80,3,46,9420990.626
1.7,80,3,46.1,12561320.83
1.7,80,3,46.2,9916832.238
1.7,80,3,46.3,11239076.54
1.7,80,3,46.4,11734918.15
1.7,80,3,46.5,11073796
1.7,80,3,46.6,10908515.46
1.7,80,3,46.7,11073796
1.7,80,3,46.8,11239076.54
1.7,80,3,46.9,11569637.61
1.7,80,3,47,12561320.83
1.7,80,3,47.1,9255710.089
1.7,80,3,47.2,10577954.39
1.7,80,3,47.3,9916832.238
1.7,80,3,47.4,8429307.402
1.7,80,3,47.5,12065479.22
1.7,80,3,47.6,13553004.06
1.7,80,3,47.7,10743234.92
1.7,80,3,47.8,9751551.701
1.7,80,3,47.9,9916832.238
1.7,80,3,48,8759868.477
1.7,80,3,48.1,9751551.701
1.7,80,3,48.2,13057162.45
1.7,80,3,48.3,10082112.78
1.7,80,3,48.4,9090429.552
1.7,80,3,48.5,12726601.37
1.7,80,3,48.6,12891881.91
1.7,80,3,48.7,11073796
1.7,80,3,48.8,12065479.22
1.7,80,3,48.9,9090429.552
1.7,80,3,49,11900198.69
1.7,80,3,49.1,10412673.85
1.7,80,3,49.2,12230759.76
1.7,80,3,49.3,10908515.46
1.7,80,3,49.4,9751551.701
1.7,80,3,49.5,9751551.701
1.7,80,3,49.6,8925149.014
1.7,80,3,49.7,7768185.253
1.7,80,3,49.8,10577954.39
1.7,80,3,49.9,7602904.716
1.7,80,3,50,11404357.07
1.7,80,3,50.1,7933465.791
1.7,80,3,50.2,12230759.76
1.7,80,3,50.3,10412673.85
1.7,80,3,50.4,8098746.328
1.7,80,3,50.5,7933465.791
1.7,80,3,50.6,10908515.46
1.7,80,3,50.7,10908515.46
1.7,80,3,50.8,11239076.54
1.7,80,3,50.9,7602904.716
1.7,80,3,51,9751551.701
1.7,80,3,51.1,7933465.791
1.7,80,3,51.2,9420990.626
1.7,80,3,51.3,10577954.39
1.7,80,3,51.4,7107063.104
1.7,80,3,51.5,9916832.238
1.7,80,3,51.6,8759868.477
1.7,80,3,51.7,8429307.402
1.7,80,3,51.8,10908515.46
1.7,80,3,51.9,9255710.089
1.7,80,3,52,9420990.626
1.7,80,3,52.1,11239076.54
1.7,80,3,52.2,8759868.477
1.7,80,3,52.3,6941782.567
1.7,80,3,52.4,8759868.477
1.7,80,3,52.5,10247393.31
1.7,80,3,52.6,9255710.089
1.7,80,3,52.7,8925149.014
1.7,80,3,52.8,9255710.089
1.7,80,3,52.9,9090429.552
1.7,80,3,53,8594587.94
1.7,80,3,53.1,6776502.029
1.7,80,3,53.2,7768185.253
1.7,80,3,53.3,10082112.78
1.7,80,3,53.4,8759868.477
1.7,80,3,53.5,9090429.552
1.7,80,3,53.6,8264026.865
1.7,80,3,53.7,9751551.701
1.7,80,3,53.8,8098746.328
1.7,80,3,53.9,9586271.164
1.7,80,3,54,8759868.477
1.7,80,3,54.1,9751551.701
1.7,80,3,54.2,8429307.402
1.7,80,3,54.3,9255710.089
1.7,80,3,54.4,8759868.477
1.7,80,3,54.5,8594587.94
1.7,80,3,54.6,9586271.164
1.7,80,3,54.7,7933465.791
1.7,80,3,54.8,8264026.865
1.7,80,3,54.9,8759868.477
1.7,80,3,55,7768185.253
1.7,80,3,55.1,8429307.402
1.7,80,3,55.2,10908515.46
1.7,80,3,55.3,7768185.253
1.7,80,3,55.4,5950099.343
1.7,80,3,55.5,6115379.88
1.7,80,3,55.6,6280660.417
1.7,80,3,55.7,9751551.701
1.7,80,3,55.8,6115379.88
1.7,80,3,55.9,7933465.791
1.7,80,3,56,8264026.865
1.7,80,3,56.1,7437624.179
1.7,80,3,56.2,8264026.865
1.7,80,3,56.3,6280660.417
1.7,80,3,56.4,6115379.88
1.7,80,3,56.5,6941782.567
1.7,80,3,56.6,8098746.328
1.7,80,3,56.7,9751551.701
1.7,80,3,56.8,6776502.029
1.7,80,3,56.9,8925149.014
1.7,80,3,57,9255710.089
1.7,80,3,57.1,7272343.641
1.7,80,3,57.2,7437624.179
1.7,80,3,57.3,7272343.641
1.7,80,3,57.4,7107063.104
1.7,80,3,57.5,5288977.194
1.7,80,3,57.6,6280660.417
1.7,80,3,57.7,5123696.656
1.7,80,3,57.8,7933465.791
1.7,80,3,57.9,6280660.417
1.7,80,3,58,7437624.179
1.7,80,3,58.1,12230759.76
1.7,80,3,58.2,8098746.328
1.7,80,3,58.3,7272343.641
1.7,80,3,58.4,5619538.268
1.7,80,3,58.5,6280660.417
1.7,80,3,58.6,6280660.417
1.7,80,3,58.7,6115379.88
1.7,80,3,58.8,7272343.641
1.7,80,3,58.9,7107063.104
1.7,80,3,59,7602904.716
1.7,80,3,59.1,6941782.567
1.7,80,3,59.2,7437624.179
1.7,80,3,59.3,7272343.641
1.7,80,3,59.4,5288977.194
1.7,80,3,59.5,17354456.42
1.7,80,3,59.6,7768185.253
1.7,80,3,59.7,6115379.88
1.7,80,3,59.8,5784818.806
1.7,80,3,59.9,6941782.567
1.7,80,3,60,7272343.641
1.7,80,3,60.1,6115379.88
1.7,80,3,60.2,5454257.731
1.7,80,3,60.3,5288977.194
1.7,80,3,60.4,6445940.955
1.7,80,3,60.5,7437624.179
1.7,80,3,60.6,6445940.955
1.7,80,3,60.7,6941782.567
1.7,80,3,60.8,5784818.806
1.7,80,3,60.9,4958416.119
1.7,80,3,61,5950099.343
1.7,80,3,61.1,5784818.806
1.7,80,3,61.2,6445940.955
1.7,80,3,61.3,4462574.507
1.7,80,3,61.4,5784818.806
1.7,80,3,61.5,6445940.955
1.7,80,3,61.6,4297293.97
1.7,80,3,61.7,6445940.955
1.7,80,3,61.8,4958416.119
1.7,80,3,61.9,7437624.179
1.7,80,3,62,6115379.88
1.7,80,3,62.1,5454257.731
1.7,80,3,62.2,5784818.806
1.7,80,3,62.3,3966732.895
1.7,80,3,62.4,5619538.268
1.7,80,3,62.5,5454257.731
1.7,80,3,62.6,5123696.656
1.7,80,3,62.7,3801452.358
1.7,80,3,62.8,7272343.641
1.7,80,3,62.9,5950099.343
1.7,80,3,63,5784818.806
1.7,80,3,63.1,6115379.88
1.7,80,3,63.2,5619538.268
1.7,80,3,63.3,5619538.268
1.7,80,3,63.4,6941782.567
1.7,80,3,63.5,6611221.492
1.7,80,3,63.6,3966732.895
1.7,80,3,63.7,7602904.716
1.7,80,3,63.8,6280660.417
1.7,80,3,63.9,6115379.88
1.7,80,3,64,6280660.417
1.7,80,3,64.1,3966732.895
1.7,80,3,64.2,5784818.806
1.7,80,3,64.3,5619538.268
1.7,80,3,64.4,5123696.656
1.7,80,3,64.5,4793135.582
1.7,80,3,64.6,5784818.806
1.7,80,3,64.7,4297293.97
1.7,80,3,64.8,5950099.343
1.7,80,3,64.9,6115379.88
1.7,80,3,65,5288977.194
1.7,80,3,65.1,4627855.044
1.7,80,3,65.2,6280660.417
1.7,80,3,65.3,4462574.507
1.7,80,3,65.4,5288977.194
1.7,80,3,65.5,5784818.806
1.7,80,3,65.6,5123696.656
1.7,80,3,65.7,3966732.895
1.7,80,3,65.8,4958416.119
1.7,80,3,65.9,5619538.268
1.7,80,3,66,3636171.821
1.7,80,3,66.1,5288977.194
1.7,80,3,66.2,5123696.656
1.7,80,3,66.3,3636171.821
1.7,80,3,66.4,4793135.582
1.7,80,3,66.5,2975049.671
1.7,80,3,66.6,5288977.194
1.7,80,3,66.7,5619538.268
1.7,80,3,66.8,5288977.194
1.7,80,3,66.9,5288977.194
1.7,80,3,67,4958416.119
1.7,80,3,67.1,5950099.343
1.7,80,3,67.2,5288977.194
1.7,80,3,67.3,4627855.044
1.7,80,3,67.4,6445940.955
1.7,80,3,67.5,6280660.417
1.7,80,3,67.6,4462574.507
1.7,80,3,67.7,4627855.044
1.7,80,3,67.8,4132013.433
1.7,80,3,67.9,5619538.268
1.7,80,3,68,4297293.97
1.7,80,3,68.1,4132013.433
1.7,80,3,68.2,3966732.895
1.7,80,3,68.3,4627855.044
1.7,80,3,68.4,3305610.746
1.7,80,3,68.5,2975049.671
1.7,80,3,68.6,2479208.06
1.7,80,3,68.7,3140330.209
1.7,80,3,68.8,5123696.656
1.7,80,3,68.9,5784818.806
1.7,80,3,69,4627855.044
1.7,80,3,69.1,3305610.746
1.7,80,3,69.2,3140330.209
1.7,80,3,69.3,3966732.895
1.7,80,3,69.4,3636171.821
1.7,80,3,69.5,2479208.06
1.7,80,3,69.6,4297293.97
1.7,80,3,69.7,2975049.671
1.7,80,3,69.8,4297293.97
1.7,80,3,69.9,2975049.671
1.7,80,3,70,4132013.433
1.7,80,3,70.1,4297293.97
1.7,80,3,70.2,2479208.06
1.7,80,3,70.3,3470891.283
1.7,80,3,70.4,3801452.358
1.7,80,3,70.5,4462574.507
1.7,80,3,70.6,3305610.746
1.7,80,3,70.7,4462574.507
1.7,80,3,70.8,4132013.433
1.7,80,3,70.9,2644488.597
1.7,80,3,71,4297293.97
1.7,80,3,71.1,2975049.671
1.7,80,3,71.2,3470891.283
1.7,80,3,71.3,4132013.433
1.7,80,3,71.4,2975049.671
1.7,80,3,71.5,3966732.895
1.7,80,3,71.6,5454257.731
1.7,80,3,71.7,2975049.671
1.7,80,3,71.8,4793135.582
1.7,80,3,71.9,3966732.895
1.7,80,3,72,2975049.671
1.7,80,3,72.1,2148646.985
1.7,80,3,72.2,4462574.507
1.7,80,3,72.3,3470891.283
1.7,80,3,72.4,4462574.507
1.7,80,3,72.5,2975049.671
1.7,80,3,72.6,2644488.597
1.7,80,3,72.7,3305610.746
1.7,80,3,72.8,2975049.671
1.7,80,3,72.9,3305610.746
1.7,80,3,73,4132013.433
1.7,80,3,73.1,4958416.119
1.7,80,3,73.2,3140330.209
1.7,80,3,73.3,2479208.06
1.7,80,3,73.4,2313927.522
1.7,80,3,73.5,2809769.134
1.7,80,3,73.6,1322244.298
1.7,80,3,73.7,3966732.895
1.7,80,3,73.8,3305610.746
1.7,80,3,73.9,1818085.91
1.7,80,3,74,1652805.373
1.7,80,3,74.1,2148646.985
1.7,80,3,74.2,2148646.985
1.7,80,3,74.3,3305610.746
1.7,80,3,74.4,4132013.433
1.7,80,3,74.5,1652805.373
1.7,80,3,74.6,2809769.134
1.7,80,3,74.7,2975049.671
1.7,80,3,74.8,1322244.298
1.7,80,3,74.9,1322244.298
1.7,80,3,75,2479208.06
1.7,80,3,75.1,2809769.134
1.7,80,3,75.2,2809769.134
1.7,80,3,75.3,2148646.985
1.7,80,3,75.4,2313927.522
1.7,80,3,75.5,1983366.448
1.7,80,3,75.6,1818085.91
1.7,80,3,75.7,2809769.134
1.7,80,3,75.8,2479208.06
1.7,80,3,75.9,1322244.298
1.7,80,3,76,1322244.298
1.7,80,3,76.1,3140330.209
1.7,80,3,76.2,2313927.522
1.7,80,3,76.3,1983366.448
1.7,80,3,76.4,2148646.985
1.7,80,3,76.5,1487524.836
1.7,80,3,76.6,1487524.836
1.7,80,3,76.7,2809769.134
1.7,80,3,76.8,1652805.373
1.7,80,3,76.9,1156963.761
1.7,80,3,77,1818085.91
1.7,80,3,77.1,991683.2238
1.7,80,3,77.2,1652805.373
1.7,80,3,77.3,1487524.836
1.7,80,3,77.4,1983366.448
1.7,80,3,77.5,1156963.761
1.7,80,3,77.6,1818085.91
1.7,80,3,77.7,1983366.448
1.7,80,3,77.8,1818085.91
1.7,80,3,77.9,826402.6865
1.7,80,3,78,1652805.373
1.7,80,3,78.1,1487524.836
1.7,80,3,78.2,1652805.373
1.7,80,3,78.3,1156963.761
1.7,80,3,78.4,826402.6865
1.7,80,3,78.5,1322244.298
1.7,80,3,78.6,1156963.761
1.7,80,3,78.7,1322244.298
1.7,80,3,78.8,991683.2238
1.7,80,3,78.9,1156963.761
1.7,80,3,79,1156963.761
1.7,80,3,79.1,330561.0746
1.7,80,3,79.2,991683.2238
1.7,80,3,79.3,1487524.836
1.7,80,3,79.4,1322244.298
1.7,80,3,79.5,1156963.761
1.7,80,3,79.6,330561.0746
1.7,80,3,79.8,991683.2238
1.7,80,3,79.9,826402.6865
1.7,150,3,2.6,173874.8069
1.7,150,3,3,173874.8069
1.7,150,3,3.2,347749.6139
1.7,150,3,3.3,347749.6139
1.7,150,3,3.4,695499.2277
1.7,150,3,3.5,521624.4208
1.7,150,3,3.6,1043248.842
1.7,150,3,3.7,2434247.297
1.7,150,3,3.8,2086497.683
1.7,150,3,3.9,2260372.49
1.7,150,3,4,4172995.366
1.7,150,3,4.1,3477496.139
1.7,150,3,4.2,4172995.366
1.7,150,3,4.3,5737868.629
1.7,150,3,4.4,7998241.119
1.7,150,3,4.5,8172115.926
1.7,150,3,4.6,10432488.42
1.7,150,3,4.7,11997361.68
1.7,150,3,4.8,17909105.11
1.7,150,3,4.9,16865856.27
1.7,150,3,5,17735230.31
1.7,150,3,5.1,20169477.6
1.7,150,3,5.2,19473978.38
1.7,150,3,5.3,25037972.2
1.7,150,3,5.4,25385721.81
1.7,150,3,5.5,26602845.46
1.7,150,3,5.6,31645214.86
1.7,150,3,5.7,33036213.32
1.7,150,3,5.8,30775840.83
1.7,150,3,5.9,36861459.07
1.7,150,3,6,39121831.56
1.7,150,3,6.1,41556078.86
1.7,150,3,6.2,36861459.07
1.7,150,3,6.3,41556078.86
1.7,150,3,6.4,45207449.8
1.7,150,3,6.5,48163321.52
1.7,150,3,6.6,51640817.66
1.7,150,3,6.7,49206570.36
1.7,150,3,6.8,52336316.89
1.7,150,3,6.9,55813813.03
1.7,150,3,7,59639058.78
1.7,150,3,7.1,55987687.83
1.7,150,3,7.2,57204811.48
1.7,150,3,7.3,53727315.34
1.7,150,3,7.4,159964822.4
1.7,150,3,7.5,65203052.6
1.7,150,3,7.6,66072426.64
1.7,150,3,7.7,65724677.02
1.7,150,3,7.8,69376047.97
1.7,150,3,7.9,64855302.99
1.7,150,3,8,66072426.64
1.7,150,3,8.1,66072426.64
1.7,150,3,8.2,67463425.09
1.7,150,3,8.3,312626902.9
1.7,150,3,8.4,2140398873
1.7,150,3,8.5,71462545.65
1.7,150,3,8.6,69202173.16
1.7,150,3,8.7,78069788.31
1.7,150,3,8.8,105715882.6
1.7,150,3,8.9,63812054.15
1.7,150,3,9,70593171.62
1.7,150,3,9.1,69897672.39
1.7,150,3,9.2,71288670.84
1.7,150,3,9.3,74766166.98
1.7,150,3,9.4,75287791.4
1.7,150,3,9.5,147793585.9
1.7,150,3,9.6,118756493.1
1.7,150,3,9.7,1280414078
1.7,150,3,9.8,175787429.8
1.7,150,3,9.9,133535851.7
1.7,150,3,10,567701244.6
1.7,150,3,10.1,75113916.6
1.7,150,3,10.2,82590533.29
1.7,150,3,10.3,57030936.67
1.7,150,3,10.4,57726435.9
1.7,150,3,10.5,53031816.12
1.7,150,3,10.6,57030936.67
1.7,150,3,10.7,51814692.47
1.7,150,3,10.8,54944438.99
1.7,150,3,10.9,56857061.87
1.7,150,3,11,59465183.97
1.7,150,3,11.1,54596689.38
1.7,150,3,11.2,50597568.82
1.7,150,3,11.3,252813969.3
1.7,150,3,11.4,54944438.99
1.7,150,3,11.5,58943559.55
1.7,150,3,11.6,72679669.3
1.7,150,3,11.7,70419296.81
1.7,150,3,11.8,48163321.52
1.7,150,3,11.9,50771443.63
1.7,150,3,12,58074185.52
1.7,150,3,12.1,52684066.5
1.7,150,3,12.2,49206570.36
1.7,150,3,12.3,43990326.15
1.7,150,3,12.4,47989446.71
1.7,150,3,12.5,43816451.35
1.7,150,3,12.6,48684945.94
1.7,150,3,12.7,51119193.24
1.7,150,3,12.8,49902069.59
1.7,150,3,12.9,46598448.26
1.7,150,3,13,50597568.82
1.7,150,3,13.1,46076823.84
1.7,150,3,13.2,53553440.54
1.7,150,3,13.3,50249819.2
1.7,150,3,13.4,49554319.98
1.7,150,3,13.5,49380445.17
1.7,150,3,13.6,44685825.38
1.7,150,3,13.7,49380445.17
1.7,150,3,13.8,54248939.76
1.7,150,3,13.9,49728194.78
1.7,150,3,14,44511950.58
1.7,150,3,14.1,49902069.59
1.7,150,3,14.2,46772323.07
1.7,150,3,14.3,46076823.84
1.7,150,3,14.4,48337196.33
1.7,150,3,14.5,45033575
1.7,150,3,14.6,46772323.07
1.7,150,3,14.7,58943559.55
1.7,150,3,14.8,45033575
1.7,150,3,14.9,42947077.31
1.7,150,3,15,46772323.07
1.7,150,3,15.1,45033575
1.7,150,3,15.2,46076823.84
1.7,150,3,15.3,49902069.59
1.7,150,3,15.4,48337196.33
1.7,150,3,15.5,44859700.19
1.7,150,3,15.6,46946197.87
1.7,150,3,15.7,42773202.51
1.7,150,3,15.8,48163321.52
1.7,150,3,15.9,49206570.36
1.7,150,3,16,50945318.43
1.7,150,3,16.1,51119193.24
1.7,150,3,16.2,41729953.66
1.7,150,3,16.3,47989446.71
1.7,150,3,16.4,52510191.69
1.7,150,3,16.5,45033575
1.7,150,3,16.6,47293947.49
1.7,150,3,16.7,48511071.14
1.7,150,3,16.8,43816451.35
1.7,150,3,16.9,49554319.98
1.7,150,3,17,44164200.96
1.7,150,3,17.1,47815571.91
1.7,150,3,17.2,43990326.15
1.7,150,3,17.3,45207449.8
1.7,150,3,17.4,45033575
1.7,150,3,17.5,39643455.98
1.7,150,3,17.6,44511950.58
1.7,150,3,17.7,43294826.93
1.7,150,3,17.8,43816451.35
1.7,150,3,17.9,49728194.78
1.7,150,3,18,45902949.03
1.7,150,3,18.1,50597568.82
1.7,150,3,18.2,42773202.51
1.7,150,3,18.3,47467822.29
1.7,150,3,18.4,44338075.77
1.7,150,3,18.5,42425452.89
1.7,150,3,18.6,45033575
1.7,150,3,18.7,46250698.64
1.7,150,3,18.8,41729953.66
1.7,150,3,18.9,40165080.4
1.7,150,3,19,40512830.02
1.7,150,3,19.1,47293947.49
1.7,150,3,19.2,42077703.28
1.7,150,3,19.3,42599327.7
1.7,150,3,19.4,42599327.7
1.7,150,3,19.5,45555199.42
1.7,150,3,19.6,44164200.96
1.7,150,3,19.7,42425452.89
1.7,150,3,19.8,48163321.52
1.7,150,3,19.9,35122711
1.7,150,3,20,41382204.05
1.7,150,3,20.1,44859700.19
1.7,150,3,20.2,40860579.63
1.7,150,3,20.3,42599327.7
1.7,150,3,20.4,43294826.93
1.7,150,3,20.5,39295706.37
1.7,150,3,20.6,37556958.3
1.7,150,3,20.7,42251578.09
1.7,150,3,20.8,42425452.89
1.7,150,3,20.9,40338955.21
1.7,150,3,21,39121831.56
1.7,150,3,21.1,44859700.19
1.7,150,3,21.2,34601086.58
1.7,150,3,21.3,37209208.68
1.7,150,3,21.4,39121831.56
1.7,150,3,21.5,41729953.66
1.7,150,3,21.6,37035333.88
1.7,150,3,21.7,42425452.89
1.7,150,3,21.8,38426332.33
1.7,150,3,21.9,44164200.96
1.7,150,3,22,42077703.28
1.7,150,3,22.1,42773202.51
1.7,150,3,22.2,38774081.95
1.7,150,3,22.3,40512830.02
1.7,150,3,22.4,38078582.72
1.7,150,3,22.5,40686704.82
1.7,150,3,22.6,39469581.17
1.7,150,3,22.7,38947956.75
1.7,150,3,22.8,35644335.42
1.7,150,3,22.9,38600207.14
1.7,150,3,23,37556958.3
1.7,150,3,23.1,33557837.74
1.7,150,3,23.2,40686704.82
1.7,150,3,23.3,39295706.37
1.7,150,3,23.4,39817330.79
1.7,150,3,23.5,38774081.95
1.7,150,3,23.6,43294826.93
1.7,150,3,23.7,35992085.04
1.7,150,3,23.8,38078582.72
1.7,150,3,23.9,34774961.39
1.7,150,3,24,36513709.46
1.7,150,3,24.1,36687584.26
1.7,150,3,24.2,36513709.46
1.7,150,3,24.3,29210967.57
1.7,150,3,24.4,36687584.26
1.7,150,3,24.5,39817330.79
1.7,150,3,24.6,37209208.68
1.7,150,3,24.7,33210088.12
1.7,150,3,24.8,33731712.55
1.7,150,3,24.9,30949715.63
1.7,150,3,25,36513709.46
1.7,150,3,25.1,35644335.42
1.7,150,3,25.2,36513709.46
1.7,150,3,25.3,38600207.14
1.7,150,3,25.4,33731712.55
1.7,150,3,25.5,32166839.28
1.7,150,3,25.6,32688463.7
1.7,150,3,25.7,36687584.26
1.7,150,3,25.8,31123590.44
1.7,150,3,25.9,35644335.42
1.7,150,3,26,32688463.7
1.7,150,3,26.1,36861459.07
1.7,150,3,26.2,33383962.93
1.7,150,3,26.3,36339834.65
1.7,150,3,26.4,34079462.16
1.7,150,3,26.5,32166839.28
1.7,150,3,26.6,29558717.18
1.7,150,3,26.7,35296585.81
1.7,150,3,26.8,35122711
1.7,150,3,26.9,31819089.67
1.7,150,3,27,35992085.04
1.7,150,3,27.1,32514588.9
1.7,150,3,27.2,29210967.57
1.7,150,3,27.3,30254216.41
1.7,150,3,27.4,32340714.09
1.7,150,3,27.5,30775840.83
1.7,150,3,27.6,33383962.93
1.7,150,3,27.7,34079462.16
1.7,150,3,27.8,28341593.53
1.7,150,3,27.9,29558717.18
1.7,150,3,28,31819089.67
1.7,150,3,28.1,32688463.7
1.7,150,3,28.2,34427211.77
1.7,150,3,28.3,29037092.76
1.7,150,3,28.4,33383962.93
1.7,150,3,28.5,30428091.21
1.7,150,3,28.6,32862338.51
1.7,150,3,28.7,33383962.93
1.7,150,3,28.8,31645214.86
1.7,150,3,28.9,33036213.32
1.7,150,3,29,30080341.6
1.7,150,3,29.1,24516347.78
1.7,150,3,29.2,31471340.06
1.7,150,3,29.3,30601966.02
1.7,150,3,29.4,32514588.9
1.7,150,3,29.5,26602845.46
1.7,150,3,29.6,31992964.48
1.7,150,3,29.7,28341593.53
1.7,150,3,29.8,32340714.09
1.7,150,3,29.9,31819089.67
1.7,150,3,30,29732591.99
1.7,150,3,30.1,29732591.99
1.7,150,3,30.2,27124469.88
1.7,150,3,30.3,32862338.51
1.7,150,3,30.4,29384842.37
1.7,150,3,30.5,31645214.86
1.7,150,3,30.6,29384842.37
1.7,150,3,30.7,29037092.76
1.7,150,3,30.8,27472219.5
1.7,150,3,30.9,29558717.18
1.7,150,3,31,28689343.14
1.7,150,3,31.1,29210967.57
1.7,150,3,31.2,26428970.65
1.7,150,3,31.3,27993843.92
1.7,150,3,31.4,28341593.53
1.7,150,3,31.5,25385721.81
1.7,150,3,31.6,35644335.42
1.7,150,3,31.7,30254216.41
1.7,150,3,31.8,25211847.01
1.7,150,3,31.9,29384842.37
1.7,150,3,32,28863217.95
1.7,150,3,32.1,24342472.97
1.7,150,3,32.2,24864097.39
1.7,150,3,32.3,24168598.16
1.7,150,3,32.4,26776720.27
1.7,150,3,32.5,27298344.69
1.7,150,3,32.6,24864097.39
1.7,150,3,32.7,23473098.94
1.7,150,3,32.8,26602845.46
1.7,150,3,32.9,27472219.5
1.7,150,3,33,26081221.04
1.7,150,3,33.1,28689343.14
1.7,150,3,33.2,23820848.55
1.7,150,3,33.3,26255095.85
1.7,150,3,33.4,26776720.27
1.7,150,3,33.5,23994723.36
1.7,150,3,33.6,26081221.04
1.7,150,3,33.7,22777599.71
1.7,150,3,33.8,27646094.3
1.7,150,3,33.9,21212726.45
1.7,150,3,34,21908225.67
1.7,150,3,34.1,26081221.04
1.7,150,3,34.2,26428970.65
1.7,150,3,34.3,24342472.97
1.7,150,3,34.4,28341593.53
1.7,150,3,34.5,27472219.5
1.7,150,3,34.6,25037972.2
1.7,150,3,34.7,23994723.36
1.7,150,3,34.8,23646973.74
1.7,150,3,34.9,23820848.55
1.7,150,3,35,26950595.08
1.7,150,3,35.1,22429850.09
1.7,150,3,35.2,23125349.32
1.7,150,3,35.3,21734350.87
1.7,150,3,35.4,24690222.58
1.7,150,3,35.5,24516347.78
1.7,150,3,35.6,24168598.16
1.7,150,3,35.7,25385721.81
1.7,150,3,35.8,24864097.39
1.7,150,3,35.9,24690222.58
1.7,150,3,36,25733471.43
1.7,150,3,36.1,21212726.45
1.7,150,3,36.2,21734350.87
1.7,150,3,36.3,22951474.52
1.7,150,3,36.4,21908225.67
1.7,150,3,36.5,19995602.8
1.7,150,3,36.6,21560476.06
1.7,150,3,36.7,24516347.78
1.7,150,3,36.8,23299224.13
1.7,150,3,36.9,22777599.71
1.7,150,3,37,22603724.9
1.7,150,3,37.1,21386601.25
1.7,150,3,37.2,21734350.87
1.7,150,3,37.3,21734350.87
1.7,150,3,37.4,22951474.52
1.7,150,3,37.5,22255975.29
1.7,150,3,37.6,20691102.03
1.7,150,3,37.7,20169477.6
1.7,150,3,37.8,24516347.78
1.7,150,3,37.9,18256854.73
1.7,150,3,38,21908225.67
1.7,150,3,38.1,20864976.83
1.7,150,3,38.2,21734350.87
1.7,150,3,38.3,24342472.97
1.7,150,3,38.4,23299224.13
1.7,150,3,38.5,23125349.32
1.7,150,3,38.6,22255975.29
1.7,150,3,38.7,20691102.03
1.7,150,3,38.8,22429850.09
1.7,150,3,38.9,21560476.06
1.7,150,3,39,23473098.94
1.7,150,3,39.1,19300103.57
1.7,150,3,39.2,18952353.96
1.7,150,3,39.3,21038851.64
1.7,150,3,39.4,21560476.06
1.7,150,3,39.5,20517227.22
1.7,150,3,39.6,23994723.36
1.7,150,3,39.7,22255975.29
1.7,150,3,39.8,22255975.29
1.7,150,3,39.9,23473098.94
1.7,150,3,40,17909105.11
1.7,150,3,40.1,20517227.22
1.7,150,3,40.2,21212726.45
1.7,150,3,40.3,19300103.57
1.7,150,3,40.4,23125349.32
1.7,150,3,40.5,23299224.13
1.7,150,3,40.6,15300983.01
1.7,150,3,40.7,19473978.38
1.7,150,3,40.8,23473098.94
1.7,150,3,40.9,21560476.06
1.7,150,3,41,19300103.57
1.7,150,3,41.1,18256854.73
1.7,150,3,41.2,19300103.57
1.7,150,3,41.3,18778479.15
1.7,150,3,41.4,21734350.87
1.7,150,3,41.5,18256854.73
1.7,150,3,41.6,21212726.45
1.7,150,3,41.7,18082979.92
1.7,150,3,41.8,21908225.67
1.7,150,3,41.9,20517227.22
1.7,150,3,42,21212726.45
1.7,150,3,42.1,17039731.08
1.7,150,3,42.2,18952353.96
1.7,150,3,42.3,20343352.41
1.7,150,3,42.4,19300103.57
1.7,150,3,42.5,13909984.55
1.7,150,3,42.6,21038851.64
1.7,150,3,42.7,19821727.99
1.7,150,3,42.8,15996482.24
1.7,150,3,42.9,15822607.43
1.7,150,3,43,13388360.13
1.7,150,3,43.1,17735230.31
1.7,150,3,43.2,18430729.54
1.7,150,3,43.3,22255975.29
1.7,150,3,43.4,17039731.08
1.7,150,3,43.5,22429850.09
1.7,150,3,43.6,21038851.64
1.7,150,3,43.7,17387480.69
1.7,150,3,43.8,22603724.9
1.7,150,3,43.9,18256854.73
1.7,150,3,44,15300983.01
1.7,150,3,44.1,17039731.08
1.7,150,3,44.2,20864976.83
1.7,150,3,44.3,16518106.66
1.7,150,3,44.4,17387480.69
1.7,150,3,44.5,17387480.69
1.7,150,3,44.6,19821727.99
1.7,150,3,44.7,20517227.22
1.7,150,3,44.8,18952353.96
1.7,150,3,44.9,18778479.15
1.7,150,3,45,18256854.73
1.7,150,3,45.1,16865856.27
1.7,150,3,45.2,16518106.66
1.7,150,3,45.3,17039731.08
1.7,150,3,45.4,16691981.47
1.7,150,3,45.5,18082979.92
1.7,150,3,45.6,17039731.08
1.7,150,3,45.7,21560476.06
1.7,150,3,45.8,17387480.69
1.7,150,3,45.9,18778479.15
1.7,150,3,46,18256854.73
1.7,150,3,46.1,17387480.69
1.7,150,3,46.2,15300983.01
1.7,150,3,46.3,15474857.82
1.7,150,3,46.4,16518106.66
1.7,150,3,46.5,18430729.54
1.7,150,3,46.6,18952353.96
1.7,150,3,46.7,14953233.4
1.7,150,3,46.8,14605483.78
1.7,150,3,46.9,15474857.82
1.7,150,3,47,15822607.43
1.7,150,3,47.1,18604604.34
1.7,150,3,47.2,17387480.69
1.7,150,3,47.3,16518106.66
1.7,150,3,47.4,17387480.69
1.7,150,3,47.5,16344231.85
1.7,150,3,47.6,18430729.54
1.7,150,3,47.7,16344231.85
1.7,150,3,47.8,15127108.2
1.7,150,3,47.9,17213605.89
1.7,150,3,48,17039731.08
1.7,150,3,48.1,16865856.27
1.7,150,3,48.2,17735230.31
1.7,150,3,48.3,16865856.27
1.7,150,3,48.4,17909105.11
1.7,150,3,48.5,19473978.38
1.7,150,3,48.6,16344231.85
1.7,150,3,48.7,15127108.2
1.7,150,3,48.8,13909984.55
1.7,150,3,48.9,16691981.47
1.7,150,3,49,15474857.82
1.7,150,3,49.1,16344231.85
1.7,150,3,49.2,14083859.36
1.7,150,3,49.3,17213605.89
1.7,150,3,49.4,12692860.91
1.7,150,3,49.5,17213605.89
1.7,150,3,49.6,15996482.24
1.7,150,3,49.7,16865856.27
1.7,150,3,49.8,13214485.33
1.7,150,3,49.9,13909984.55
1.7,150,3,50,14257734.17
1.7,150,3,50.1,11301862.45
1.7,150,3,50.2,13214485.33
1.7,150,3,50.3,14257734.17
1.7,150,3,50.4,15822607.43
1.7,150,3,50.5,15474857.82
1.7,150,3,50.6,15127108.2
1.7,150,3,50.7,16344231.85
1.7,150,3,50.8,13736109.75
1.7,150,3,50.9,13736109.75
1.7,150,3,51,17909105.11
1.7,150,3,51.1,13040610.52
1.7,150,3,51.2,15822607.43
1.7,150,3,51.3,14257734.17
1.7,150,3,51.4,17561355.5
1.7,150,3,51.5,14605483.78
1.7,150,3,51.6,13388360.13
1.7,150,3,51.7,14431608.98
1.7,150,3,51.8,14779358.59
1.7,150,3,51.9,15996482.24
1.7,150,3,52,13562234.94
1.7,150,3,52.1,13562234.94
1.7,150,3,52.2,16170357.05
1.7,150,3,52.3,15822607.43
1.7,150,3,52.4,11301862.45
1.7,150,3,52.5,14083859.36
1.7,150,3,52.6,14605483.78
1.7,150,3,52.7,14605483.78
1.7,150,3,52.8,16170357.05
1.7,150,3,52.9,15996482.24
1.7,150,3,53,11475737.26
1.7,150,3,53.1,15648732.62
1.7,150,3,53.2,14605483.78
1.7,150,3,53.3,11823486.87
1.7,150,3,53.4,15474857.82
1.7,150,3,53.5,13909984.55
1.7,150,3,53.6,11997361.68
1.7,150,3,53.7,14953233.4
1.7,150,3,53.8,14605483.78
1.7,150,3,53.9,12692860.91
1.7,150,3,54,14605483.78
1.7,150,3,54.1,14953233.4
1.7,150,3,54.2,14953233.4
1.7,150,3,54.3,15996482.24
1.7,150,3,54.4,11301862.45
1.7,150,3,54.5,11823486.87
1.7,150,3,54.6,13562234.94
1.7,150,3,54.7,11823486.87
1.7,150,3,54.8,11823486.87
1.7,150,3,54.9,14779358.59
1.7,150,3,55,13736109.75
1.7,150,3,55.1,12866735.71
1.7,150,3,55.2,9910863.995
1.7,150,3,55.3,14605483.78
1.7,150,3,55.4,11475737.26
1.7,150,3,55.5,15300983.01
1.7,150,3,55.6,15996482.24
1.7,150,3,55.7,15822607.43
1.7,150,3,55.8,12692860.91
1.7,150,3,55.9,12171236.49
1.7,150,3,56,13388360.13
1.7,150,3,56.1,12692860.91
1.7,150,3,56.2,13040610.52
1.7,150,3,56.3,12866735.71
1.7,150,3,56.4,11649612.06
1.7,150,3,56.5,13214485.33
1.7,150,3,56.6,13214485.33
1.7,150,3,56.7,12518986.1
1.7,150,3,56.8,14257734.17
1.7,150,3,56.9,16865856.27
1.7,150,3,57,15648732.62
1.7,150,3,57.1,12171236.49
1.7,150,3,57.2,12345111.29
1.7,150,3,57.3,14083859.36
1.7,150,3,57.4,11301862.45
1.7,150,3,57.5,11823486.87
1.7,150,3,57.6,11649612.06
1.7,150,3,57.7,13909984.55
1.7,150,3,57.8,13040610.52
1.7,150,3,57.9,12345111.29
1.7,150,3,58,12866735.71
1.7,150,3,58.1,110062752.8
1.7,150,3,58.2,11997361.68
1.7,150,3,58.3,13214485.33
1.7,150,3,58.4,12171236.49
1.7,150,3,58.5,14083859.36
1.7,150,3,58.6,14605483.78
1.7,150,3,58.7,12866735.71
1.7,150,3,58.8,8345990.733
1.7,150,3,58.9,16518106.66
1.7,150,3,59,11823486.87
1.7,150,3,59.1,11649612.06
1.7,150,3,59.2,10954112.84
1.7,150,3,59.3,10606363.22
1.7,150,3,59.4,11127987.64
1.7,150,3,59.5,183090171.7
1.7,150,3,59.6,12866735.71
1.7,150,3,59.7,11823486.87
1.7,150,3,59.8,10954112.84
1.7,150,3,59.9,12866735.71
1.7,150,3,60,13388360.13
1.7,150,3,60.1,11127987.64
1.7,150,3,60.2,13909984.55
1.7,150,3,60.3,15474857.82
1.7,150,3,60.4,14083859.36
1.7,150,3,60.5,11823486.87
1.7,150,3,60.6,14257734.17
1.7,150,3,60.7,12692860.91
1.7,150,3,60.8,10954112.84
1.7,150,3,60.9,11475737.26
1.7,150,3,61,10432488.42
1.7,150,3,61.1,11475737.26
1.7,150,3,61.2,10606363.22
1.7,150,3,61.3,10780238.03
1.7,150,3,61.4,11301862.45
1.7,150,3,61.5,10258613.61
1.7,150,3,61.6,10084738.8
1.7,150,3,61.7,7476616.698
1.7,150,3,61.8,10258613.61
1.7,150,3,61.9,11127987.64
1.7,150,3,62,12345111.29
1.7,150,3,62.1,12171236.49
1.7,150,3,62.2,11127987.64
1.7,150,3,62.3,13562234.94
1.7,150,3,62.4,10084738.8
1.7,150,3,62.5,12171236.49
1.7,150,3,62.6,11997361.68
1.7,150,3,62.7,10780238.03
1.7,150,3,62.8,12171236.49
1.7,150,3,62.9,10432488.42
1.7,150,3,63,9910863.995
1.7,150,3,63.1,7476616.698
1.7,150,3,63.2,12345111.29
1.7,150,3,63.3,11301862.45
1.7,150,3,63.4,11127987.64
1.7,150,3,63.5,10258613.61
1.7,150,3,63.6,12692860.91
1.7,150,3,63.7,9041489.961
1.7,150,3,63.8,13040610.52
1.7,150,3,63.9,9215364.768
1.7,150,3,64,10606363.22
1.7,150,3,64.1,9736989.188
1.7,150,3,64.2,12171236.49
1.7,150,3,64.3,12345111.29
1.7,150,3,64.4,10780238.03
1.7,150,3,64.5,11475737.26
1.7,150,3,64.6,11127987.64
1.7,150,3,64.7,9736989.188
1.7,150,3,64.8,8693740.347
1.7,150,3,64.9,13388360.13
1.7,150,3,65,9563114.381
1.7,150,3,65.1,12171236.49
1.7,150,3,65.2,7998241.119
1.7,150,3,65.3,9563114.381
1.7,150,3,65.4,11301862.45
1.7,150,3,65.5,13562234.94
1.7,150,3,65.6,11649612.06
1.7,150,3,65.7,12692860.91
1.7,150,3,65.8,7998241.119
1.7,150,3,65.9,9736989.188
1.7,150,3,66,10432488.42
1.7,150,3,66.1,7476616.698
1.7,150,3,66.2,8693740.347
1.7,150,3,66.3,10780238.03
1.7,150,3,66.4,10780238.03
1.7,150,3,66.5,9215364.768
1.7,150,3,66.6,10606363.22
1.7,150,3,66.7,13040610.52
1.7,150,3,66.8,10780238.03
1.7,150,3,66.9,10084738.8
1.7,150,3,67,7998241.119
1.7,150,3,67.1,26602845.46
1.7,150,3,67.2,10258613.61
1.7,150,3,67.3,10258613.61
1.7,150,3,67.4,40686704.82
1.7,150,3,67.5,12171236.49
1.7,150,3,67.6,8693740.347
1.7,150,3,67.7,11127987.64
1.7,150,3,67.8,9910863.995
1.7,150,3,67.9,11301862.45
1.7,150,3,68,9910863.995
1.7,150,3,68.1,10258613.61
1.7,150,3,68.2,9910863.995
1.7,150,3,68.3,9563114.381
1.7,150,3,68.4,12692860.91
1.7,150,3,68.5,9041489.961
1.7,150,3,68.6,11127987.64
1.7,150,3,68.7,10780238.03
1.7,150,3,68.8,8867615.154
1.7,150,3,68.9,11823486.87
1.7,150,3,69,11823486.87
1.7,150,3,69.1,10084738.8
1.7,150,3,69.2,12866735.71
1.7,150,3,69.3,19300103.57
1.7,150,3,69.4,10084738.8
1.7,150,3,69.5,10432488.42
1.7,150,3,69.6,10606363.22
1.7,150,3,69.7,9215364.768
1.7,150,3,69.8,8345990.733
1.7,150,3,69.9,8172115.926
1.7,150,3,70,10084738.8
1.7,150,3,70.1,10432488.42
1.7,150,3,70.2,9041489.961
1.7,150,3,70.3,10258613.61
1.7,150,3,70.4,10084738.8
1.7,150,3,70.5,7128867.084
1.7,150,3,70.6,11127987.64
1.7,150,3,70.7,7302741.891
1.7,150,3,70.8,6954992.277
1.7,150,3,70.9,8172115.926
1.7,150,3,71,8172115.926
1.7,150,3,71.1,9736989.188
1.7,150,3,71.2,8867615.154
1.7,150,3,71.3,10606363.22
1.7,150,3,71.4,8693740.347
1.7,150,3,71.5,8172115.926
1.7,150,3,71.6,10084738.8
1.7,150,3,71.7,8345990.733
1.7,150,3,71.8,7998241.119
1.7,150,3,71.9,8519865.54
1.7,150,3,72,8867615.154
1.7,150,3,72.1,7998241.119
1.7,150,3,72.2,10084738.8
1.7,150,3,72.3,7128867.084
1.7,150,3,72.4,9215364.768
1.7,150,3,72.5,9215364.768
1.7,150,3,72.6,7650491.505
1.7,150,3,72.7,8519865.54
1.7,150,3,72.8,9215364.768
1.7,150,3,72.9,9215364.768
1.7,150,3,73,9736989.188
1.7,150,3,73.1,9563114.381
1.7,150,3,73.2,9389239.575
1.7,150,3,73.3,10084738.8
1.7,150,3,73.4,8693740.347
1.7,150,3,73.5,9041489.961
1.7,150,3,73.6,7302741.891
1.7,150,3,73.7,9389239.575
1.7,150,3,73.8,9041489.961
1.7,150,3,73.9,8693740.347
1.7,150,3,74,9389239.575
1.7,150,3,74.1,9041489.961
1.7,150,3,74.2,8867615.154
1.7,150,3,74.3,6607242.664
1.7,150,3,74.4,8172115.926
1.7,150,3,74.5,9910863.995
1.7,150,3,74.6,11475737.26
1.7,150,3,74.7,8519865.54
1.7,150,3,74.8,9041489.961
1.7,150,3,74.9,9041489.961
1.7,150,3,75,7650491.505
1.7,150,3,75.1,10258613.61
1.7,150,3,75.2,8345990.733
1.7,150,3,75.3,9736989.188
1.7,150,3,75.4,7650491.505
1.7,150,3,75.5,9910863.995
1.7,150,3,75.6,7128867.084
1.7,150,3,75.7,8519865.54
1.7,150,3,75.8,8345990.733
1.7,150,3,75.9,8345990.733
1.7,150,3,76,8867615.154
1.7,150,3,76.1,8693740.347
1.7,150,3,76.2,6607242.664
1.7,150,3,76.3,10954112.84
1.7,150,3,76.4,8519865.54
1.7,150,3,76.5,9215364.768
1.7,150,3,76.6,9389239.575
1.7,150,3,76.7,10432488.42
1.7,150,3,76.8,9215364.768
1.7,150,3,76.9,10084738.8
1.7,150,3,77,8345990.733
1.7,150,3,77.1,7998241.119
1.7,150,3,77.2,9389239.575
1.7,150,3,77.3,6781117.47
1.7,150,3,77.4,9389239.575
1.7,150,3,77.5,8693740.347
1.7,150,3,77.6,8867615.154
1.7,150,3,77.7,8693740.347
1.7,150,3,77.8,8345990.733
1.7,150,3,77.9,7998241.119
1.7,150,3,78,8345990.733
1.7,150,3,78.1,6954992.277
1.7,150,3,78.2,6954992.277
1.7,150,3,78.3,8519865.54
1.7,150,3,78.4,7650491.505
1.7,150,3,78.5,6607242.664
1.7,150,3,78.6,5216244.208
1.7,150,3,78.7,10606363.22
1.7,150,3,78.8,7824366.312
1.7,150,3,78.9,8172115.926
1.7,150,3,79,8345990.733
1.7,150,3,79.1,7302741.891
1.7,150,3,79.2,8345990.733
1.7,150,3,79.3,7476616.698
1.7,150,3,79.4,7302741.891
1.7,150,3,79.5,9041489.961
1.7,150,3,79.6,7476616.698
1.7,150,3,79.7,8172115.926
1.7,150,3,79.8,7476616.698
1.7,150,3,79.9,6607242.664
1.7,150,3,80,9736989.188
1.7,150,3,80.1,6607242.664
1.7,150,3,80.2,8867615.154
1.7,150,3,80.3,9910863.995
1.7,150,3,80.4,7824366.312
1.7,150,3,80.5,6954992.277
1.7,150,3,80.6,6954992.277
1.7,150,3,80.7,8693740.347
1.7,150,3,80.8,7650491.505
1.7,150,3,80.9,7128867.084
1.7,150,3,81,9215364.768
1.7,150,3,81.1,6433367.857
1.7,150,3,81.2,8345990.733
1.7,150,3,81.3,7476616.698
1.7,150,3,81.4,7824366.312
1.7,150,3,81.5,5911743.436
1.7,150,3,81.6,7302741.891
1.7,150,3,81.7,7824366.312
1.7,150,3,81.8,6433367.857
1.7,150,3,81.9,8345990.733
1.7,150,3,82,7998241.119
1.7,150,3,82.1,8345990.733
1.7,150,3,82.2,5563993.822
1.7,150,3,82.3,6085618.243
1.7,150,3,82.4,7476616.698
1.7,150,3,82.5,6433367.857
1.7,150,3,82.6,7650491.505
1.7,150,3,82.7,9215364.768
1.7,150,3,82.8,10084738.8
1.7,150,3,82.9,8345990.733
1.7,150,3,83,6433367.857
1.7,150,3,83.1,7302741.891
1.7,150,3,83.2,7998241.119
1.7,150,3,83.3,9736989.188
1.7,150,3,83.4,7302741.891
1.7,150,3,83.5,7998241.119
1.7,150,3,83.6,9736989.188
1.7,150,3,83.7,6607242.664
1.7,150,3,83.8,5737868.629
1.7,150,3,83.9,7476616.698
1.7,150,3,84,5911743.436
1.7,150,3,84.1,10084738.8
1.7,150,3,84.2,5563993.822
1.7,150,3,84.3,8693740.347
1.7,150,3,84.4,6085618.243
1.7,150,3,84.5,8172115.926
1.7,150,3,84.6,8693740.347
1.7,150,3,84.7,6607242.664
1.7,150,3,84.8,4694619.787
1.7,150,3,84.9,4694619.787
1.7,150,3,85,8519865.54
1.7,150,3,85.1,4520744.98
1.7,150,3,85.2,7476616.698
1.7,150,3,85.3,6954992.277
1.7,150,3,85.4,6607242.664
1.7,150,3,85.5,6433367.857
1.7,150,3,85.6,7302741.891
1.7,150,3,85.7,7650491.505
1.7,150,3,85.8,6781117.47
1.7,150,3,85.9,5737868.629
1.7,150,3,86,6607242.664
1.7,150,3,86.1,9215364.768
1.7,150,3,86.2,8345990.733
1.7,150,3,86.3,5911743.436
1.7,150,3,86.4,9563114.381
1.7,150,3,86.5,6085618.243
1.7,150,3,86.6,7476616.698
1.7,150,3,86.7,5042369.401
1.7,150,3,86.8,5390119.015
1.7,150,3,86.9,7302741.891
1.7,150,3,87,6433367.857
1.7,150,3,87.1,7302741.891
1.7,150,3,87.2,4694619.787
1.7,150,3,87.3,6085618.243
1.7,150,3,87.4,5390119.015
1.7,150,3,87.5,5390119.015
1.7,150,3,87.6,4520744.98
1.7,150,3,87.7,6954992.277
1.7,150,3,87.8,5216244.208
1.7,150,3,87.9,6433367.857
1.7,150,3,88,5737868.629
1.7,150,3,88.1,8693740.347
1.7,150,3,88.2,5216244.208
1.7,150,3,88.3,6781117.47
1.7,150,3,88.4,5563993.822
1.7,150,3,88.5,5737868.629
1.7,150,3,88.6,6607242.664
1.7,150,3,88.7,6433367.857
1.7,150,3,88.8,6954992.277
1.7,150,3,88.9,7650491.505
1.7,150,3,89,6781117.47
1.7,150,3,89.1,6085618.243
1.7,150,3,89.2,6433367.857
1.7,150,3,89.3,5563993.822
1.7,150,3,89.4,5911743.436
1.7,150,3,89.5,6085618.243
1.7,150,3,89.6,5390119.015
1.7,150,3,89.7,6259493.05
1.7,150,3,89.8,5563993.822
1.7,150,3,89.9,6433367.857
1.7,150,3,90,4172995.366
1.7,150,3,90.1,6085618.243
1.7,150,3,90.2,5563993.822
1.7,150,3,90.3,7650491.505
1.7,150,3,90.4,7650491.505
1.7,150,3,90.5,5737868.629
1.7,150,3,90.6,5737868.629
1.7,150,3,90.7,6433367.857
1.7,150,3,90.8,5390119.015
1.7,150,3,90.9,6259493.05
1.7,150,3,91,6954992.277
1.7,150,3,91.1,4172995.366
1.7,150,3,91.2,5911743.436
1.7,150,3,91.3,7650491.505
1.7,150,3,91.4,7824366.312
1.7,150,3,91.5,5216244.208
1.7,150,3,91.6,4520744.98
1.7,150,3,91.7,6954992.277
1.7,150,3,91.8,6607242.664
1.7,150,3,91.9,6433367.857
1.7,150,3,92,5216244.208
1.7,150,3,92.1,6781117.47
1.7,150,3,92.2,7128867.084
1.7,150,3,92.3,4346870.173
1.7,150,3,92.4,5737868.629
1.7,150,3,92.5,5216244.208
1.7,150,3,92.6,8867615.154
1.7,150,3,92.7,7998241.119
1.7,150,3,92.8,5737868.629
1.7,150,3,92.9,5911743.436
1.7,150,3,93,4868494.594
1.7,150,3,93.1,6433367.857
1.7,150,3,93.2,8693740.347
1.7,150,3,93.3,3999120.56
1.7,150,3,93.4,7650491.505
1.7,150,3,93.5,6259493.05
1.7,150,3,93.6,5390119.015
1.7,150,3,93.7,5390119.015
1.7,150,3,93.8,5042369.401
1.7,150,3,93.9,5042369.401
1.7,150,3,94,6954992.277
1.7,150,3,94.1,6607242.664
1.7,150,3,94.2,7650491.505
1.7,150,3,94.3,5216244.208
1.7,150,3,94.4,5216244.208
1.7,150,3,94.5,5563993.822
1.7,150,3,94.6,5911743.436
1.7,150,3,94.7,3999120.56
1.7,150,3,94.8,6259493.05
1.7,150,3,94.9,5737868.629
1.7,150,3,95,5216244.208
1.7,150,3,95.1,6085618.243
1.7,150,3,95.2,5042369.401
1.7,150,3,95.3,4868494.594
1.7,150,3,95.4,6607242.664
1.7,150,3,95.5,5216244.208
1.7,150,3,95.6,7302741.891
1.7,150,3,95.7,6781117.47
1.7,150,3,95.8,6607242.664
1.7,150,3,95.9,4694619.787
1.7,150,3,96,5216244.208
1.7,150,3,96.1,3825245.753
1.7,150,3,96.2,4868494.594
1.7,150,3,96.3,5216244.208
1.7,150,3,96.4,4172995.366
1.7,150,3,96.5,5216244.208
1.7,150,3,96.6,6085618.243
1.7,150,3,96.7,3999120.56
1.7,150,3,96.8,6259493.05
1.7,150,3,96.9,6085618.243
1.7,150,3,97,4868494.594
1.7,150,3,97.1,5216244.208
1.7,150,3,97.2,5737868.629
1.7,150,3,97.3,6085618.243
1.7,150,3,97.4,5390119.015
1.7,150,3,97.5,4868494.594
1.7,150,3,97.6,6781117.47
1.7,150,3,97.7,5563993.822
1.7,150,3,97.8,5216244.208
1.7,150,3,97.9,6607242.664
1.7,150,3,98,4868494.594
1.7,150,3,98.1,6954992.277
1.7,150,3,98.2,6259493.05
1.7,150,3,98.3,5390119.015
1.7,150,3,98.4,6085618.243
1.7,150,3,98.5,5042369.401
1.7,150,3,98.6,6433367.857
1.7,150,3,98.7,6781117.47
1.7,150,3,98.8,7128867.084
1.7,150,3,98.9,4172995.366
1.7,150,3,99,5390119.015
1.7,150,3,99.1,5216244.208
1.7,150,3,99.2,4346870.173
1.7,150,3,99.3,5042369.401
1.7,150,3,99.4,5911743.436
1.7,150,3,99.5,6607242.664
1.7,150,3,99.6,5216244.208
1.7,150,3,99.7,7128867.084
1.7,150,3,99.8,4694619.787
1.7,150,3,99.9,4172995.366
1.7,150,3,100,6085618.243
1.7,150,3,100.1,5737868.629
1.7,150,3,100.2,5216244.208
1.7,150,3,100.3,7650491.505
1.7,150,3,100.4,6781117.47
1.7,150,3,100.5,3825245.753
1.7,150,3,100.6,5390119.015
1.7,150,3,100.7,5737868.629
1.7,150,3,100.8,5216244.208
1.7,150,3,100.9,3477496.139
1.7,150,3,101,5911743.436
1.7,150,3,101.1,4694619.787
1.7,150,3,101.2,7302741.891
1.7,150,3,101.3,5216244.208
1.7,150,3,101.4,5563993.822
1.7,150,3,101.5,6085618.243
1.7,150,3,101.6,5563993.822
1.7,150,3,101.7,6781117.47
1.7,150,3,101.8,5911743.436
1.7,150,3,101.9,4868494.594
1.7,150,3,102,3129746.525
1.7,150,3,102.1,4346870.173
1.7,150,3,102.2,5911743.436
1.7,150,3,102.3,4694619.787
1.7,150,3,102.4,6085618.243
1.7,150,3,102.5,5042369.401
1.7,150,3,102.6,4868494.594
1.7,150,3,102.7,6085618.243
1.7,150,3,102.8,6085618.243
1.7,150,3,102.9,5737868.629
1.7,150,3,103,6085618.243
1.7,150,3,103.1,5737868.629
1.7,150,3,103.2,3999120.56
1.7,150,3,103.3,6433367.857
1.7,150,3,103.4,4520744.98
1.7,150,3,103.5,5390119.015
1.7,150,3,103.6,3651370.946
1.7,150,3,103.7,4868494.594
1.7,150,3,103.8,3477496.139
1.7,150,3,103.9,6085618.243
1.7,150,3,104,5216244.208
1.7,150,3,104.1,5737868.629
1.7,150,3,104.2,4868494.594
1.7,150,3,104.3,4520744.98
1.7,150,3,104.4,5911743.436
1.7,150,3,104.5,5042369.401
1.7,150,3,104.6,4694619.787
1.7,150,3,104.7,4694619.787
1.7,150,3,104.8,4172995.366
1.7,150,3,104.9,3999120.56
1.7,150,3,105,6259493.05
1.7,150,3,105.1,5216244.208
1.7,150,3,105.2,5216244.208
1.7,150,3,105.3,3825245.753
1.7,150,3,105.4,4868494.594
1.7,150,3,105.5,4520744.98
1.7,150,3,105.6,4868494.594
1.7,150,3,105.7,5737868.629
1.7,150,3,105.8,5563993.822
1.7,150,3,105.9,4172995.366
1.7,150,3,106,5737868.629
1.7,150,3,106.1,4694619.787
1.7,150,3,106.2,6259493.05
1.7,150,3,106.3,5216244.208
1.7,150,3,106.4,2608122.104
1.7,150,3,106.5,4520744.98
1.7,150,3,106.6,5911743.436
1.7,150,3,106.7,6607242.664
1.7,150,3,106.8,4868494.594
1.7,150,3,106.9,3999120.56
1.7,150,3,107,4346870.173
1.7,150,3,107.1,3303621.332
1.7,150,3,107.2,5216244.208
1.7,150,3,107.3,5216244.208
1.7,150,3,107.4,5737868.629
1.7,150,3,107.5,4694619.787
1.7,150,3,107.6,5563993.822
1.7,150,3,107.7,6259493.05
1.7,150,3,107.8,5563993.822
1.7,150,3,107.9,3999120.56
1.7,150,3,108,4172995.366
1.7,150,3,108.1,4346870.173
1.7,150,3,108.2,8345990.733
1.7,150,3,108.3,4868494.594
1.7,150,3,108.4,4520744.98
1.7,150,3,108.5,5390119.015
1.7,150,3,108.6,4520744.98
1.7,150,3,108.7,4520744.98
1.7,150,3,108.8,4172995.366
1.7,150,3,108.9,6781117.47
1.7,150,3,109,5563993.822
1.7,150,3,109.1,4694619.787
1.7,150,3,109.2,3999120.56
1.7,150,3,109.3,5042369.401
1.7,150,3,109.4,3303621.332
1.7,150,3,109.5,4172995.366
1.7,150,3,109.6,5390119.015
1.7,150,3,109.7,3825245.753
1.7,150,3,109.8,4694619.787
1.7,150,3,109.9,4172995.366
1.7,150,3,110,3651370.946
1.7,150,3,110.1,5042369.401
1.7,150,3,110.2,3999120.56
1.7,150,3,110.3,4346870.173
1.7,150,3,110.4,4694619.787
1.7,150,3,110.5,4868494.594
1.7,150,3,110.6,5737868.629
1.7,150,3,110.7,3999120.56
1.7,150,3,110.8,6433367.857
1.7,150,3,110.9,3477496.139
1.7,150,3,111,4694619.787
1.7,150,3,111.1,5563993.822
1.7,150,3,111.2,3651370.946
1.7,150,3,111.3,5563993.822
1.7,150,3,111.4,4868494.594
1.7,150,3,111.5,5216244.208
1.7,150,3,111.6,5216244.208
1.7,150,3,111.7,3477496.139
1.7,150,3,111.8,5216244.208
1.7,150,3,111.9,4172995.366
1.7,150,3,112,4868494.594
1.7,150,3,112.1,5563993.822
1.7,150,3,112.2,4520744.98
1.7,150,3,112.3,4172995.366
1.7,150,3,112.4,5216244.208
1.7,150,3,112.5,4868494.594
1.7,150,3,112.6,3651370.946
1.7,150,3,112.7,4868494.594
1.7,150,3,112.8,4172995.366
1.7,150,3,112.9,3129746.525
1.7,150,3,113,3651370.946
1.7,150,3,113.1,4694619.787
1.7,150,3,113.2,3999120.56
1.7,150,3,113.3,4694619.787
1.7,150,3,113.4,4694619.787
1.7,150,3,113.5,1912622.876
1.7,150,3,113.6,4868494.594
1.7,150,3,113.7,5390119.015
1.7,150,3,113.8,5390119.015
1.7,150,3,113.9,3477496.139
1.7,150,3,114,3129746.525
1.7,150,3,114.1,4346870.173
1.7,150,3,114.2,4346870.173
1.7,150,3,114.3,4520744.98
1.7,150,3,114.4,3825245.753
1.7,150,3,114.5,3651370.946
1.7,150,3,114.6,4172995.366
1.7,150,3,114.7,3999120.56
1.7,150,3,114.8,5216244.208
1.7,150,3,114.9,3477496.139
1.7,150,3,115,4520744.98
1.7,150,3,115.1,5042369.401
1.7,150,3,115.2,3825245.753
1.7,150,3,115.3,5042369.401
1.7,150,3,115.4,3999120.56
1.7,150,3,115.5,5042369.401
1.7,150,3,115.6,3477496.139
1.7,150,3,115.7,2781996.911
1.7,150,3,115.8,3825245.753
1.7,150,3,115.9,4694619.787
1.7,150,3,116,5390119.015
1.7,150,3,116.1,2434247.297
1.7,150,3,116.2,2781996.911
1.7,150,3,116.3,2086497.683
1.7,150,3,116.4,5216244.208
1.7,150,3,116.5,2955871.718
1.7,150,3,116.6,4868494.594
1.7,150,3,116.7,2955871.718
1.7,150,3,116.8,4520744.98
1.7,150,3,116.9,5911743.436
1.7,150,3,117,4520744.98
1.7,150,3,117.1,4346870.173
1.7,150,3,117.2,5390119.015
1.7,150,3,117.3,3651370.946
1.7,150,3,117.4,4520744.98
1.7,150,3,117.5,4346870.173
1.7,150,3,117.6,3825245.753
1.7,150,3,117.7,2608122.104
1.7,150,3,117.8,2955871.718
1.7,150,3,117.9,4172995.366
1.7,150,3,118,2260372.49
1.7,150,3,118.1,6259493.05
1.7,150,3,118.2,4172995.366
1.7,150,3,118.3,4520744.98
1.7,150,3,118.4,4520744.98
1.7,150,3,118.5,3825245.753
1.7,150,3,118.6,4172995.366
1.7,150,3,118.7,5390119.015
1.7,150,3,118.8,3651370.946
1.7,150,3,118.9,3825245.753
1.7,150,3,119,4694619.787
1.7,150,3,119.1,4172995.366
1.7,150,3,119.2,3651370.946
1.7,150,3,119.3,5563993.822
1.7,150,3,119.4,3303621.332
1.7,150,3,119.5,4520744.98
1.7,150,3,119.6,3825245.753
1.7,150,3,119.7,4172995.366
1.7,150,3,119.8,3477496.139
1.7,150,3,119.9,3999120.56
1.7,150,3,120,4172995.366
1.7,150,3,120.1,2608122.104
1.7,150,3,120.2,3825245.753
1.7,150,3,120.3,4694619.787
1.7,150,3,120.4,5216244.208
1.7,150,3,120.5,4520744.98
1.7,150,3,120.6,3651370.946
1.7,150,3,120.7,2434247.297
1.7,150,3,120.8,3129746.525
1.7,150,3,120.9,3999120.56
1.7,150,3,121,2955871.718
1.7,150,3,121.1,2434247.297
1.7,150,3,121.2,2434247.297
1.7,150,3,121.3,3477496.139
1.7,150,3,121.4,2955871.718
1.7,150,3,121.5,3303621.332
1.7,150,3,121.6,4694619.787
1.7,150,3,121.7,4172995.366
1.7,150,3,121.8,3999120.56
1.7,150,3,121.9,3303621.332
1.7,150,3,122,3303621.332
1.7,150,3,122.1,2955871.718
1.7,150,3,122.2,3651370.946
1.7,150,3,122.3,4172995.366
1.7,150,3,122.4,3129746.525
1.7,150,3,122.5,2260372.49
1.7,150,3,122.6,2608122.104
1.7,150,3,122.7,3303621.332
1.7,150,3,122.8,2955871.718
1.7,150,3,122.9,3999120.56
1.7,150,3,123,2955871.718
1.7,150,3,123.1,3477496.139
1.7,150,3,123.2,2955871.718
1.7,150,3,123.3,3999120.56
1.7,150,3,123.4,1564873.262
1.7,150,3,123.5,3825245.753
1.7,150,3,123.6,4346870.173
1.7,150,3,123.7,3129746.525
1.7,150,3,123.8,3999120.56
1.7,150,3,123.9,4346870.173
1.7,150,3,124,3303621.332
1.7,150,3,124.1,1912622.876
1.7,150,3,124.2,2608122.104
1.7,150,3,124.3,3303621.332
1.7,150,3,124.4,3477496.139
1.7,150,3,124.5,3303621.332
1.7,150,3,124.6,2260372.49
1.7,150,3,124.7,2260372.49
1.7,150,3,124.8,4694619.787
1.7,150,3,124.9,2608122.104
1.7,150,3,125,3303621.332
1.7,150,3,125.1,3477496.139
1.7,150,3,125.2,3477496.139
1.7,150,3,125.3,3303621.332
1.7,150,3,125.4,3651370.946
1.7,150,3,125.5,2955871.718
1.7,150,3,125.6,2260372.49
1.7,150,3,125.7,3129746.525
1.7,150,3,125.8,2781996.911
1.7,150,3,125.9,2608122.104
1.7,150,3,126,3477496.139
1.7,150,3,126.1,2086497.683
1.7,150,3,126.2,2434247.297
1.7,150,3,126.3,3825245.753
1.7,150,3,126.4,3825245.753
1.7,150,3,126.5,2955871.718
1.7,150,3,126.6,2781996.911
1.7,150,3,126.7,2260372.49
1.7,150,3,126.8,1912622.876
1.7,150,3,126.9,3825245.753
1.7,150,3,127,4520744.98
1.7,150,3,127.1,3477496.139
1.7,150,3,127.2,4172995.366
1.7,150,3,127.3,2086497.683
1.7,150,3,127.4,3999120.56
1.7,150,3,127.5,4346870.173
1.7,150,3,127.6,3129746.525
1.7,150,3,127.7,3303621.332
1.7,150,3,127.8,3303621.332
1.7,150,3,127.9,2781996.911
1.7,150,3,128,3477496.139
1.7,150,3,128.1,3825245.753
1.7,150,3,128.2,3129746.525
1.7,150,3,128.3,2955871.718
1.7,150,3,128.4,4172995.366
1.7,150,3,128.5,3477496.139
1.7,150,3,128.6,3129746.525
1.7,150,3,128.7,4172995.366
1.7,150,3,128.8,1390998.455
1.7,150,3,128.9,3477496.139
1.7,150,3,129,3129746.525
1.7,150,3,129.1,3999120.56
1.7,150,3,129.2,3129746.525
1.7,150,3,129.3,2955871.718
1.7,150,3,129.4,3129746.525
1.7,150,3,129.5,2260372.49
1.7,150,3,129.6,2781996.911
1.7,150,3,129.7,3999120.56
1.7,150,3,129.8,4172995.366
1.7,150,3,129.9,2608122.104
1.7,150,3,130,3477496.139
1.7,150,3,130.1,2781996.911
1.7,150,3,130.2,4346870.173
1.7,150,3,130.3,2086497.683
1.7,150,3,130.4,4172995.366
1.7,150,3,130.5,2260372.49
1.7,150,3,130.6,2260372.49
1.7,150,3,130.7,2434247.297
1.7,150,3,130.8,2086497.683
1.7,150,3,130.9,3303621.332
1.7,150,3,131,2260372.49
1.7,150,3,131.1,2434247.297
1.7,150,3,131.2,2608122.104
1.7,150,3,131.3,3129746.525
1.7,150,3,131.4,3477496.139
1.7,150,3,131.5,4346870.173
1.7,150,3,131.6,3303621.332
1.7,150,3,131.7,2608122.104
1.7,150,3,131.8,2781996.911
1.7,150,3,131.9,3999120.56
1.7,150,3,132,2260372.49
1.7,150,3,132.1,1390998.455
1.7,150,3,132.2,2781996.911
1.7,150,3,132.3,3825245.753
1.7,150,3,132.4,3477496.139
1.7,150,3,132.5,3303621.332
1.7,150,3,132.6,2086497.683
1.7,150,3,132.7,2608122.104
1.7,150,3,132.8,2434247.297
1.7,150,3,132.9,2434247.297
1.7,150,3,133,1912622.876
1.7,150,3,133.1,2260372.49
1.7,150,3,133.2,2260372.49
1.7,150,3,133.3,3477496.139
1.7,150,3,133.4,1912622.876
1.7,150,3,133.5,3129746.525
1.7,150,3,133.6,2434247.297
1.7,150,3,133.7,2955871.718
1.7,150,3,133.8,2434247.297
1.7,150,3,133.9,3651370.946
1.7,150,3,134,3303621.332
1.7,150,3,134.1,2086497.683
1.7,150,3,134.2,2781996.911
1.7,150,3,134.3,3477496.139
1.7,150,3,134.4,2608122.104
1.7,150,3,134.5,2434247.297
1.7,150,3,134.6,2955871.718
1.7,150,3,134.7,1912622.876
1.7,150,3,134.8,1564873.262
1.7,150,3,134.9,2608122.104
1.7,150,3,135,2260372.49
1.7,150,3,135.1,1390998.455
1.7,150,3,135.2,2434247.297
1.7,150,3,135.3,2434247.297
1.7,150,3,135.4,3303621.332
1.7,150,3,135.5,3651370.946
1.7,150,3,135.6,3825245.753
1.7,150,3,135.7,1564873.262
1.7,150,3,135.8,3129746.525
1.7,150,3,135.9,3477496.139
1.7,150,3,136,2955871.718
1.7,150,3,136.1,2781996.911
1.7,150,3,136.2,1738748.069
1.7,150,3,136.3,3129746.525
1.7,150,3,136.4,2608122.104
1.7,150,3,136.5,2260372.49
1.7,150,3,136.6,2260372.49
1.7,150,3,136.7,2781996.911
1.7,150,3,136.8,2955871.718
1.7,150,3,136.9,1217123.649
1.7,150,3,137,2608122.104
1.7,150,3,137.1,2955871.718
1.7,150,3,137.2,2086497.683
1.7,150,3,137.3,2781996.911
1.7,150,3,137.4,1564873.262
1.7,150,3,137.5,2955871.718
1.7,150,3,137.6,3303621.332
1.7,150,3,137.7,1738748.069
1.7,150,3,137.8,3477496.139
1.7,150,3,137.9,2608122.104
1.7,150,3,138,2086497.683
1.7,150,3,138.1,2434247.297
1.7,150,3,138.2,2086497.683
1.7,150,3,138.3,1738748.069
1.7,150,3,138.4,2781996.911
1.7,150,3,138.5,4172995.366
1.7,150,3,138.6,3303621.332
1.7,150,3,138.7,3129746.525
1.7,150,3,138.8,1738748.069
1.7,150,3,138.9,1738748.069
1.7,150,3,139,2086497.683
1.7,150,3,139.1,1217123.649
1.7,150,3,139.2,2086497.683
1.7,150,3,139.3,2260372.49
1.7,150,3,139.4,2955871.718
1.7,150,3,139.5,2434247.297
1.7,150,3,139.6,2086497.683
1.7,150,3,139.7,3129746.525
1.7,150,3,139.8,1912622.876
1.7,150,3,139.9,2608122.104
1.7,150,3,140,1217123.649
1.7,150,3,140.1,2781996.911
1.7,150,3,140.2,2086497.683
1.7,150,3,140.3,1912622.876
1.7,150,3,140.4,1217123.649
1.7,150,3,140.5,2086497.683
1.7,150,3,140.6,3477496.139
1.7,150,3,140.7,1217123.649
1.7,150,3,140.8,1912622.876
1.7,150,3,140.9,1912622.876
1.7,150,3,141,2955871.718
1.7,150,3,141.1,2955871.718
1.7,150,3,141.2,1738748.069
1.7,150,3,141.3,1390998.455
1.7,150,3,141.4,2260372.49
1.7,150,3,141.5,1564873.262
1.7,150,3,141.6,2434247.297
1.7,150,3,141.7,2086497.683
1.7,150,3,141.8,2955871.718
1.7,150,3,141.9,2086497.683
1.7,150,3,142,2086497.683
1.7,150,3,142.1,1738748.069
1.7,150,3,142.2,1564873.262
1.7,150,3,142.3,1738748.069
1.7,150,3,142.4,1738748.069
1.7,150,3,142.5,2086497.683
1.7,150,3,142.6,1912622.876
1.7,150,3,142.7,1217123.649
1.7,150,3,142.8,1390998.455
1.7,150,3,142.9,1912622.876
1.7,150,3,143,1217123.649
1.7,150,3,143.1,1564873.262
1.7,150,3,143.2,1738748.069
1.7,150,3,143.3,1390998.455
1.7,150,3,143.4,1043248.842
1.7,150,3,143.5,2434247.297
1.7,150,3,143.6,1390998.455
1.7,150,3,143.7,1912622.876
1.7,150,3,143.8,1912622.876
1.7,150,3,143.9,521624.4208
1.7,150,3,144,1912622.876
1.7,150,3,144.1,1043248.842
1.7,150,3,144.2,1217123.649
1.7,150,3,144.3,1217123.649
1.7,150,3,144.4,1738748.069
1.7,150,3,144.5,1912622.876
1.7,150,3,144.6,1564873.262
1.7,150,3,144.7,695499.2277
1.7,150,3,144.8,1043248.842
1.7,150,3,144.9,2086497.683
1.7,150,3,145,1738748.069
1.7,150,3,145.1,869374.0347
1.7,150,3,145.2,1912622.876
1.7,150,3,145.3,1390998.455
1.7,150,3,145.4,1738748.069
1.7,150,3,145.5,1217123.649
1.7,150,3,145.6,1738748.069
1.7,150,3,145.7,1390998.455
1.7,150,3,145.8,1738748.069
1.7,150,3,145.9,1390998.455
1.7,150,3,146,869374.0347
1.7,150,3,146.1,1043248.842
1.7,150,3,146.2,1738748.069
1.7,150,3,146.3,869374.0347
1.7,150,3,146.4,1043248.842
1.7,150,3,146.5,1738748.069
1.7,150,3,146.6,1564873.262
1.7,150,3,146.7,1564873.262
1.7,150,3,146.8,521624.4208
1.7,150,3,146.9,1043248.842
1.7,150,3,147,2260372.49
1.7,150,3,147.1,869374.0347
1.7,150,3,147.2,1043248.842
1.7,150,3,147.3,869374.0347
1.7,150,3,147.4,1390998.455
1.7,150,3,147.5,869374.0347
1.7,150,3,147.6,1390998.455
1.7,150,3,147.7,2086497.683
1.7,150,3,147.8,695499.2277
1.7,150,3,147.9,1564873.262
1.7,150,3,148,521624.4208
1.7,150,3,148.1,1390998.455
1.7,150,3,148.2,869374.0347
1.7,150,3,148.3,1390998.455
1.7,150,3,148.4,695499.2277
1.7,150,3,148.6,521624.4208
1.7,150,3,148.7,1564873.262
1.7,150,3,148.8,521624.4208
1.7,150,3,148.9,521624.4208
1.7,150,3,149,173874.8069
1.7,150,3,149.1,695499.2277
1.7,150,3,149.2,1043248.842
1.7,150,3,149.3,173874.8069
1.7,150,3,149.4,521624.4208
1.7,150,3,149.5,869374.0347
1.7,150,3,149.6,869374.0347
1.7,150,3,149.8,173874.8069
1.7,150,3,149.9,521624.4208
1.7,150,3,150,173874.8069
1.7,40,5,4.4,201303.2185
1.7,40,5,4.7,201303.2185
1.7,40,5,4.8,100651.6093
1.7,40,5,4.9,301954.8278
1.7,40,5,5,201303.2185
1.7,40,5,5.1,301954.8278
1.7,40,5,5.2,603909.6555
1.7,40,5,5.3,201303.2185
1.7,40,5,5.4,402606.437
1.7,40,5,5.5,503258.0463
1.7,40,5,5.6,805212.874
1.7,40,5,5.7,805212.874
1.7,40,5,5.8,1006516.093
1.7,40,5,5.9,1610425.748
1.7,40,5,6,1409122.53
1.7,40,5,6.1,2214335.404
1.7,40,5,6.2,2516290.231
1.7,40,5,6.3,2113683.794
1.7,40,5,6.4,3019548.278
1.7,40,5,6.5,2516290.231
1.7,40,5,6.6,3220851.496
1.7,40,5,6.7,4730625.635
1.7,40,5,6.8,3724109.542
1.7,40,5,6.9,4831277.244
1.7,40,5,7,4529322.416
1.7,40,5,7.1,5535838.509
1.7,40,5,7.2,6643006.211
1.7,40,5,7.3,6643006.211
1.7,40,5,7.4,17010121.96
1.7,40,5,7.5,6441702.992
1.7,40,5,7.6,8756690.005
1.7,40,5,7.7,6844309.429
1.7,40,5,7.8,8454735.177
1.7,40,5,7.9,7850825.522
1.7,40,5,8,7548870.694
1.7,40,5,8.1,10165812.53
1.7,40,5,8.2,10568418.97
1.7,40,5,8.3,34624153.58
1.7,40,5,8.4,246395139.5
1.7,40,5,8.5,12682102.77
1.7,40,5,8.6,14695134.95
1.7,40,5,8.7,11876889.89
1.7,40,5,8.8,18419244.49
1.7,40,5,8.9,12682102.77
1.7,40,5,9,13386664.03
1.7,40,5,9.1,15701651.04
1.7,40,5,9.2,16003605.87
1.7,40,5,9.3,15500347.83
1.7,40,5,9.4,16003605.87
1.7,40,5,9.5,25162902.31
1.7,40,5,9.6,20432276.68
1.7,40,5,9.7,175133800.1
1.7,40,5,9.8,27981147.37
1.7,40,5,9.9,24458341.05
1.7,40,5,10,92096222.47
1.7,40,5,10.1,19727715.41
1.7,40,5,10.2,16506863.92
1.7,40,5,10.3,5837793.337
1.7,40,5,10.4,6341051.383
1.7,40,5,10.5,6743657.82
1.7,40,5,10.6,6542354.602
1.7,40,5,10.7,7045612.648
1.7,40,5,10.8,6139748.165
1.7,40,5,10.9,5938444.946
1.7,40,5,11,9662554.488
1.7,40,5,11.1,7548870.694
1.7,40,5,11.2,5233883.681
1.7,40,5,11.3,24055734.61
1.7,40,5,11.4,7649522.303
1.7,40,5,11.5,8656038.396
1.7,40,5,11.6,5938444.946
1.7,40,5,11.7,7146264.257
1.7,40,5,11.8,5334535.29
1.7,40,5,11.9,5837793.337
1.7,40,5,12,5636490.118
1.7,40,5,12.1,4931928.853
1.7,40,5,12.2,4629974.026
1.7,40,5,12.3,3824761.152
1.7,40,5,12.4,4026064.37
1.7,40,5,12.5,5032580.463
1.7,40,5,12.6,4428670.807
1.7,40,5,12.7,4126715.979
1.7,40,5,12.8,5233883.681
1.7,40,5,12.9,6944961.039
1.7,40,5,13,4126715.979
1.7,40,5,13.1,5133232.072
1.7,40,5,13.2,6039096.555
1.7,40,5,13.3,4931928.853
1.7,40,5,13.4,7045612.648
1.7,40,5,13.5,6139748.165
1.7,40,5,13.6,8052128.74
1.7,40,5,13.7,7548870.694
1.7,40,5,13.8,5837793.337
1.7,40,5,13.9,5938444.946
1.7,40,5,14,6743657.82
1.7,40,5,14.1,6844309.429
1.7,40,5,14.2,7750173.913
1.7,40,5,14.3,7448219.085
1.7,40,5,14.4,6039096.555
1.7,40,5,14.5,7750173.913
1.7,40,5,14.6,6743657.82
1.7,40,5,14.7,6944961.039
1.7,40,5,14.8,8052128.74
1.7,40,5,14.9,7649522.303
1.7,40,5,15,7850825.522
1.7,40,5,15.1,8756690.005
1.7,40,5,15.2,7548870.694
1.7,40,5,15.3,7951477.131
1.7,40,5,15.4,6441702.992
1.7,40,5,15.5,7146264.257
1.7,40,5,15.6,7347567.476
1.7,40,5,15.7,8454735.177
1.7,40,5,15.8,10870373.8
1.7,40,5,15.9,9662554.488
1.7,40,5,16,8052128.74
1.7,40,5,16.1,8555386.787
1.7,40,5,16.2,7246915.866
1.7,40,5,16.3,9360599.661
1.7,40,5,16.4,8656038.396
1.7,40,5,16.5,8756690.005
1.7,40,5,16.6,7548870.694
1.7,40,5,16.7,7448219.085
1.7,40,5,16.8,9360599.661
1.7,40,5,16.9,9159296.442
1.7,40,5,17,7347567.476
1.7,40,5,17.1,9360599.661
1.7,40,5,17.2,8857341.614
1.7,40,5,17.3,8957993.224
1.7,40,5,17.4,9561902.879
1.7,40,5,17.5,10065160.93
1.7,40,5,17.6,10367115.75
1.7,40,5,17.7,8555386.787
1.7,40,5,17.8,6944961.039
1.7,40,5,17.9,11071677.02
1.7,40,5,18,8756690.005
1.7,40,5,18.1,9058644.833
1.7,40,5,18.2,8756690.005
1.7,40,5,18.3,8052128.74
1.7,40,5,18.4,9159296.442
1.7,40,5,18.5,9763206.098
1.7,40,5,18.6,10065160.93
1.7,40,5,18.7,9763206.098
1.7,40,5,18.8,9662554.488
1.7,40,5,18.9,8253431.959
1.7,40,5,19,9763206.098
1.7,40,5,19.1,10669070.58
1.7,40,5,19.2,9259948.051
1.7,40,5,19.3,9461251.27
1.7,40,5,19.4,9159296.442
1.7,40,5,19.5,10870373.8
1.7,40,5,19.6,9662554.488
1.7,40,5,19.7,7951477.131
1.7,40,5,19.8,10266464.14
1.7,40,5,19.9,9360599.661
1.7,40,5,20,8656038.396
1.7,40,5,20.1,8454735.177
1.7,40,5,20.2,12279496.33
1.7,40,5,20.3,9863857.707
1.7,40,5,20.4,10971025.41
1.7,40,5,20.5,8857341.614
1.7,40,5,20.6,8656038.396
1.7,40,5,20.7,8957993.224
1.7,40,5,20.8,9360599.661
1.7,40,5,20.9,11776238.28
1.7,40,5,21,8354083.568
1.7,40,5,21.1,10165812.53
1.7,40,5,21.2,9561902.879
1.7,40,5,21.3,9360599.661
1.7,40,5,21.4,8957993.224
1.7,40,5,21.5,9058644.833
1.7,40,5,21.6,7649522.303
1.7,40,5,21.7,9863857.707
1.7,40,5,21.8,8354083.568
1.7,40,5,21.9,9964509.316
1.7,40,5,22,10266464.14
1.7,40,5,22.1,9259948.051
1.7,40,5,22.2,8857341.614
1.7,40,5,22.3,8756690.005
1.7,40,5,22.4,9461251.27
1.7,40,5,22.5,9259948.051
1.7,40,5,22.6,7548870.694
1.7,40,5,22.7,10568418.97
1.7,40,5,22.8,9461251.27
1.7,40,5,22.9,9763206.098
1.7,40,5,23,9763206.098
1.7,40,5,23.1,9461251.27
1.7,40,5,23.2,10367115.75
1.7,40,5,23.3,8152780.35
1.7,40,5,23.4,10669070.58
1.7,40,5,23.5,8354083.568
1.7,40,5,23.6,7951477.131
1.7,40,5,23.7,10165812.53
1.7,40,5,23.8,7347567.476
1.7,40,5,23.9,8152780.35
1.7,40,5,24,10165812.53
1.7,40,5,24.1,7951477.131
1.7,40,5,24.2,8052128.74
1.7,40,5,24.3,9058644.833
1.7,40,5,24.4,8857341.614
1.7,40,5,24.5,8957993.224
1.7,40,5,24.6,7951477.131
1.7,40,5,24.7,6743657.82
1.7,40,5,24.8,8555386.787
1.7,40,5,24.9,9662554.488
1.7,40,5,25,9159296.442
1.7,40,5,25.1,8957993.224
1.7,40,5,25.2,7750173.913
1.7,40,5,25.3,9964509.316
1.7,40,5,25.4,7649522.303
1.7,40,5,25.5,8253431.959
1.7,40,5,25.6,8957993.224
1.7,40,5,25.7,6944961.039
1.7,40,5,25.8,8454735.177
1.7,40,5,25.9,7448219.085
1.7,40,5,26,7649522.303
1.7,40,5,26.1,7951477.131
1.7,40,5,26.2,7548870.694
1.7,40,5,26.3,6441702.992
1.7,40,5,26.4,8253431.959
1.7,40,5,26.5,7347567.476
1.7,40,5,26.6,7649522.303
1.7,40,5,26.7,6743657.82
1.7,40,5,26.8,5938444.946
1.7,40,5,26.9,6441702.992
1.7,40,5,27,9058644.833
1.7,40,5,27.1,6944961.039
1.7,40,5,27.2,7649522.303
1.7,40,5,27.3,7146264.257
1.7,40,5,27.4,7347567.476
1.7,40,5,27.5,7649522.303
1.7,40,5,27.6,6240399.774
1.7,40,5,27.7,7146264.257
1.7,40,5,27.8,7951477.131
1.7,40,5,27.9,7750173.913
1.7,40,5,28,8253431.959
1.7,40,5,28.1,7246915.866
1.7,40,5,28.2,9360599.661
1.7,40,5,28.3,7246915.866
1.7,40,5,28.4,5535838.509
1.7,40,5,28.5,7548870.694
1.7,40,5,28.6,7951477.131
1.7,40,5,28.7,7951477.131
1.7,40,5,28.8,6743657.82
1.7,40,5,28.9,4629974.026
1.7,40,5,29,6240399.774
1.7,40,5,29.1,6743657.82
1.7,40,5,29.2,5133232.072
1.7,40,5,29.3,7045612.648
1.7,40,5,29.4,7649522.303
1.7,40,5,29.5,6240399.774
1.7,40,5,29.6,7649522.303
1.7,40,5,29.7,7750173.913
1.7,40,5,29.8,6341051.383
1.7,40,5,29.9,6743657.82
1.7,40,5,30,7448219.085
1.7,40,5,30.1,6643006.211
1.7,40,5,30.2,6341051.383
1.7,40,5,30.3,6139748.165
1.7,40,5,30.4,6240399.774
1.7,40,5,30.5,5535838.509
1.7,40,5,30.6,5837793.337
1.7,40,5,30.7,6844309.429
1.7,40,5,30.8,5334535.29
1.7,40,5,30.9,6844309.429
1.7,40,5,31,5233883.681
1.7,40,5,31.1,6441702.992
1.7,40,5,31.2,5837793.337
1.7,40,5,31.3,6743657.82
1.7,40,5,31.4,4730625.635
1.7,40,5,31.5,5938444.946
1.7,40,5,31.6,5435186.9
1.7,40,5,31.7,5133232.072
1.7,40,5,31.8,5233883.681
1.7,40,5,31.9,5837793.337
1.7,40,5,32,4328019.198
1.7,40,5,32.1,5032580.463
1.7,40,5,32.2,5837793.337
1.7,40,5,32.3,5233883.681
1.7,40,5,32.4,5133232.072
1.7,40,5,32.5,5032580.463
1.7,40,5,32.6,4227367.589
1.7,40,5,32.7,5636490.118
1.7,40,5,32.8,3824761.152
1.7,40,5,32.9,4428670.807
1.7,40,5,33,5133232.072
1.7,40,5,33.1,5435186.9
1.7,40,5,33.2,5435186.9
1.7,40,5,33.3,4831277.244
1.7,40,5,33.4,4428670.807
1.7,40,5,33.5,5334535.29
1.7,40,5,33.6,4227367.589
1.7,40,5,33.7,4730625.635
1.7,40,5,33.8,5032580.463
1.7,40,5,33.9,4428670.807
1.7,40,5,34,4126715.979
1.7,40,5,34.1,3522806.324
1.7,40,5,34.2,3925412.761
1.7,40,5,34.3,4529322.416
1.7,40,5,34.4,3321503.105
1.7,40,5,34.5,2818245.059
1.7,40,5,34.6,2918896.668
1.7,40,5,34.7,4328019.198
1.7,40,5,34.8,4026064.37
1.7,40,5,34.9,3422154.715
1.7,40,5,35,4328019.198
1.7,40,5,35.1,3522806.324
1.7,40,5,35.2,3321503.105
1.7,40,5,35.3,4428670.807
1.7,40,5,35.4,4328019.198
1.7,40,5,35.5,4026064.37
1.7,40,5,35.6,3422154.715
1.7,40,5,35.7,4227367.589
1.7,40,5,35.8,3321503.105
1.7,40,5,35.9,2918896.668
1.7,40,5,36,2818245.059
1.7,40,5,36.1,2013032.185
1.7,40,5,36.2,3019548.278
1.7,40,5,36.3,3120199.887
1.7,40,5,36.4,2415638.622
1.7,40,5,36.5,4126715.979
1.7,40,5,36.6,3220851.496
1.7,40,5,36.7,2616941.841
1.7,40,5,36.8,2818245.059
1.7,40,5,36.9,2013032.185
1.7,40,5,37,3824761.152
1.7,40,5,37.1,2818245.059
1.7,40,5,37.2,2415638.622
1.7,40,5,37.3,2717593.45
1.7,40,5,37.4,2818245.059
1.7,40,5,37.5,3824761.152
1.7,40,5,37.6,1912380.576
1.7,40,5,37.7,2214335.404
1.7,40,5,37.8,1912380.576
1.7,40,5,37.9,2214335.404
1.7,40,5,38,1610425.748
1.7,40,5,38.1,1409122.53
1.7,40,5,38.2,2214335.404
1.7,40,5,38.3,2214335.404
1.7,40,5,38.4,2717593.45
1.7,40,5,38.5,2717593.45
1.7,40,5,38.6,1912380.576
1.7,40,5,38.7,2415638.622
1.7,40,5,38.8,2314987.013
1.7,40,5,38.9,1509774.139
1.7,40,5,39,1711077.357
1.7,40,5,39.1,1912380.576
1.7,40,5,39.2,905864.4833
1.7,40,5,39.3,704561.2648
1.7,40,5,39.4,1509774.139
1.7,40,5,39.5,1308470.92
1.7,40,5,39.6,1811728.967
1.7,40,5,39.7,603909.6555
1.7,40,5,39.8,1509774.139
1.7,40,5,39.9,704561.2648
1.7,40,5,40,100651.6093
1.7,80,5,3.9,301828.6452
1.7,80,5,4.1,150914.3226
1.7,80,5,4.2,452742.9678
1.7,80,5,4.3,301828.6452
1.7,80,5,4.4,603657.2904
1.7,80,5,4.5,754571.613
1.7,80,5,4.6,905485.9357
1.7,80,5,4.7,1660057.549
1.7,80,5,4.8,1358228.903
1.7,80,5,4.9,1509143.226
1.7,80,5,5,1660057.549
1.7,80,5,5.1,1961886.194
1.7,80,5,5.2,3772858.065
1.7,80,5,5.3,2867372.13
1.7,80,5,5.4,2867372.13
1.7,80,5,5.5,5282001.291
1.7,80,5,5.6,4829258.324
1.7,80,5,5.7,5885658.582
1.7,80,5,5.8,6489315.872
1.7,80,5,5.9,8300287.744
1.7,80,5,6,9356688.002
1.7,80,5,6.1,8451202.066
1.7,80,5,6.2,10714916.91
1.7,80,5,6.3,12073145.81
1.7,80,5,6.4,9809430.97
1.7,80,5,6.5,14336860.65
1.7,80,5,6.6,14336860.65
1.7,80,5,6.7,14487774.97
1.7,80,5,6.8,16147832.52
1.7,80,5,6.9,16449661.16
1.7,80,5,7,18411547.36
1.7,80,5,7.1,15846003.87
1.7,80,5,7.2,20675262.2
1.7,80,5,7.3,25202691.88
1.7,80,5,7.4,66704130.59
1.7,80,5,7.5,27315492.39
1.7,80,5,7.6,25504520.52
1.7,80,5,7.7,24599034.59
1.7,80,5,7.8,25353606.2
1.7,80,5,7.9,29277378.59
1.7,80,5,8,29428292.91
1.7,80,5,8.1,32899322.33
1.7,80,5,8.2,33653893.94
1.7,80,5,8.3,146990550.2
1.7,80,5,8.4,1117369645
1.7,80,5,8.5,35917608.78
1.7,80,5,8.6,38784980.91
1.7,80,5,8.7,35766694.46
1.7,80,5,8.8,50707212.4
1.7,80,5,8.9,39086809.56
1.7,80,5,9,42105096.01
1.7,80,5,9.1,41954181.69
1.7,80,5,9.2,38030409.3
1.7,80,5,9.3,44519725.17
1.7,80,5,9.4,40294124.14
1.7,80,5,9.5,90548593.57
1.7,80,5,9.6,71080645.95
1.7,80,5,9.7,764230129.7
1.7,80,5,9.8,106998254.7
1.7,80,5,9.9,78475447.76
1.7,80,5,10,340462711.8
1.7,80,5,10.1,52970927.24
1.7,80,5,10.2,45877954.07
1.7,80,5,10.3,19920690.58
1.7,80,5,10.4,17204232.78
1.7,80,5,10.5,16449661.16
1.7,80,5,10.6,22335319.75
1.7,80,5,10.7,25504520.52
1.7,80,5,10.8,19618861.94
1.7,80,5,10.9,20675262.2
1.7,80,5,11,26711835.1
1.7,80,5,11.1,23995377.29
1.7,80,5,11.2,25051777.55
1.7,80,5,11.3,118165914.6
1.7,80,5,11.4,20977090.84
1.7,80,5,11.5,30031950.2
1.7,80,5,11.6,27164578.07
1.7,80,5,11.7,23995377.29
1.7,80,5,11.8,16147832.52
1.7,80,5,11.9,15846003.87
1.7,80,5,12,23995377.29
1.7,80,5,12.1,15393260.91
1.7,80,5,12.2,16751489.81
1.7,80,5,12.3,15242346.58
1.7,80,5,12.4,18260633.04
1.7,80,5,12.5,20373433.55
1.7,80,5,12.6,16751489.81
1.7,80,5,12.7,18260633.04
1.7,80,5,12.8,19467947.62
1.7,80,5,12.9,16902404.13
1.7,80,5,13,19317033.29
1.7,80,5,13.1,18260633.04
1.7,80,5,13.2,19769776.26
1.7,80,5,13.3,20373433.55
1.7,80,5,13.4,21580748.13
1.7,80,5,13.5,17506061.42
1.7,80,5,13.6,19920690.58
1.7,80,5,13.7,22184405.42
1.7,80,5,13.8,21429833.81
1.7,80,5,13.9,19920690.58
1.7,80,5,14,20977090.84
1.7,80,5,14.1,20071604.91
1.7,80,5,14.2,21580748.13
1.7,80,5,14.3,21731662.46
1.7,80,5,14.4,21580748.13
1.7,80,5,14.5,24900863.23
1.7,80,5,14.6,23240805.68
1.7,80,5,14.7,22938977.04
1.7,80,5,14.8,21128005.17
1.7,80,5,14.9,20826176.52
1.7,80,5,15,23391720
1.7,80,5,15.1,24297205.94
1.7,80,5,15.2,27164578.07
1.7,80,5,15.3,23844462.97
1.7,80,5,15.4,23844462.97
1.7,80,5,15.5,24749948.91
1.7,80,5,15.6,25353606.2
1.7,80,5,15.7,26108177.81
1.7,80,5,15.8,26410006.46
1.7,80,5,15.9,22938977.04
1.7,80,5,16,25202691.88
1.7,80,5,16.1,24749948.91
1.7,80,5,16.2,27315492.39
1.7,80,5,16.3,26711835.1
1.7,80,5,16.4,24448120.26
1.7,80,5,16.5,28070064.01
1.7,80,5,16.6,26410006.46
1.7,80,5,16.7,28975549.94
1.7,80,5,16.8,25957263.49
1.7,80,5,16.9,27315492.39
1.7,80,5,17,27617321.04
1.7,80,5,17.1,26711835.1
1.7,80,5,17.2,31239264.78
1.7,80,5,17.3,27164578.07
1.7,80,5,17.4,28522806.97
1.7,80,5,17.5,26410006.46
1.7,80,5,17.6,23693548.65
1.7,80,5,17.7,25806349.17
1.7,80,5,17.8,28070064.01
1.7,80,5,17.9,24146291.62
1.7,80,5,18,25051777.55
1.7,80,5,18.1,25806349.17
1.7,80,5,18.2,27617321.04
1.7,80,5,18.3,22033491.1
1.7,80,5,18.4,30333778.84
1.7,80,5,18.5,28220978.33
1.7,80,5,18.6,25353606.2
1.7,80,5,18.7,27466406.72
1.7,80,5,18.8,31088350.46
1.7,80,5,18.9,29126464.26
1.7,80,5,19,31239264.78
1.7,80,5,19.1,26410006.46
1.7,80,5,19.2,30786521.81
1.7,80,5,19.3,27617321.04
1.7,80,5,19.4,29126464.26
1.7,80,5,19.5,26560920.78
1.7,80,5,19.6,30484693.17
1.7,80,5,19.7,28522806.97
1.7,80,5,19.8,25353606.2
1.7,80,5,19.9,27768235.36
1.7,80,5,20,26410006.46
1.7,80,5,20.1,27919149.68
1.7,80,5,20.2,25957263.49
1.7,80,5,20.3,28371892.65
1.7,80,5,20.4,28220978.33
1.7,80,5,20.5,23240805.68
1.7,80,5,20.6,26259092.13
1.7,80,5,20.7,23844462.97
1.7,80,5,20.8,30182864.52
1.7,80,5,20.9,28522806.97
1.7,80,5,21,29881035.88
1.7,80,5,21.1,29428292.91
1.7,80,5,21.2,26560920.78
1.7,80,5,21.3,29428292.91
1.7,80,5,21.4,29277378.59
1.7,80,5,21.5,29579207.23
1.7,80,5,21.6,24900863.23
1.7,80,5,21.7,27617321.04
1.7,80,5,21.8,26560920.78
1.7,80,5,21.9,27315492.39
1.7,80,5,22,26108177.81
1.7,80,5,22.1,24146291.62
1.7,80,5,22.2,27768235.36
1.7,80,5,22.3,24448120.26
1.7,80,5,22.4,29730121.55
1.7,80,5,22.5,26560920.78
1.7,80,5,22.6,26259092.13
1.7,80,5,22.7,30937436.14
1.7,80,5,22.8,26108177.81
1.7,80,5,22.9,27919149.68
1.7,80,5,23,26259092.13
1.7,80,5,23.1,24599034.59
1.7,80,5,23.2,25957263.49
1.7,80,5,23.3,23542634.33
1.7,80,5,23.4,23240805.68
1.7,80,5,23.5,28371892.65
1.7,80,5,23.6,25504520.52
1.7,80,5,23.7,29428292.91
1.7,80,5,23.8,23844462.97
1.7,80,5,23.9,25655434.84
1.7,80,5,24,23844462.97
1.7,80,5,24.1,24749948.91
1.7,80,5,24.2,24599034.59
1.7,80,5,24.3,25655434.84
1.7,80,5,24.4,27466406.72
1.7,80,5,24.5,26560920.78
1.7,80,5,24.6,27164578.07
1.7,80,5,24.7,25353606.2
1.7,80,5,24.8,24448120.26
1.7,80,5,24.9,29277378.59
1.7,80,5,25,26259092.13
1.7,80,5,25.1,27164578.07
1.7,80,5,25.2,24749948.91
1.7,80,5,25.3,22788062.71
1.7,80,5,25.4,21580748.13
1.7,80,5,25.5,26711835.1
1.7,80,5,25.6,24900863.23
1.7,80,5,25.7,23240805.68
1.7,80,5,25.8,24900863.23
1.7,80,5,25.9,22637148.39
1.7,80,5,26,25353606.2
1.7,80,5,26.1,25806349.17
1.7,80,5,26.2,24749948.91
1.7,80,5,26.3,23693548.65
1.7,80,5,26.4,28975549.94
1.7,80,5,26.5,23995377.29
1.7,80,5,26.6,23995377.29
1.7,80,5,26.7,25353606.2
1.7,80,5,26.8,21429833.81
1.7,80,5,26.9,22788062.71
1.7,80,5,27,23089891.36
1.7,80,5,27.1,22788062.71
1.7,80,5,27.2,24749948.91
1.7,80,5,27.3,24146291.62
1.7,80,5,27.4,22788062.71
1.7,80,5,27.5,25353606.2
1.7,80,5,27.6,22184405.42
1.7,80,5,27.7,24146291.62
1.7,80,5,27.8,22788062.71
1.7,80,5,27.9,21429833.81
1.7,80,5,28,22033491.1
1.7,80,5,28.1,23391720
1.7,80,5,28.2,23542634.33
1.7,80,5,28.3,21580748.13
1.7,80,5,28.4,22335319.75
1.7,80,5,28.5,21278919.49
1.7,80,5,28.6,19015204.65
1.7,80,5,28.7,20071604.91
1.7,80,5,28.8,22486234.07
1.7,80,5,28.9,22637148.39
1.7,80,5,29,21882576.78
1.7,80,5,29.1,21128005.17
1.7,80,5,29.2,22788062.71
1.7,80,5,29.3,22486234.07
1.7,80,5,29.4,23240805.68
1.7,80,5,29.5,23995377.29
1.7,80,5,29.6,24146291.62
1.7,80,5,29.7,19317033.29
1.7,80,5,29.8,19317033.29
1.7,80,5,29.9,19166118.97
1.7,80,5,30,20222519.23
1.7,80,5,30.1,20524347.87
1.7,80,5,30.2,21429833.81
1.7,80,5,30.3,19769776.26
1.7,80,5,30.4,21278919.49
1.7,80,5,30.5,19467947.62
1.7,80,5,30.6,20826176.52
1.7,80,5,30.7,20977090.84
1.7,80,5,30.8,20675262.2
1.7,80,5,30.9,21580748.13
1.7,80,5,31,21882576.78
1.7,80,5,31.1,18260633.04
1.7,80,5,31.2,19166118.97
1.7,80,5,31.3,20977090.84
1.7,80,5,31.4,18864290.33
1.7,80,5,31.5,19015204.65
1.7,80,5,31.6,21882576.78
1.7,80,5,31.7,20675262.2
1.7,80,5,31.8,19015204.65
1.7,80,5,31.9,19015204.65
1.7,80,5,32,19618861.94
1.7,80,5,32.1,18562461.68
1.7,80,5,32.2,14940517.94
1.7,80,5,32.3,22788062.71
1.7,80,5,32.4,18109718.71
1.7,80,5,32.5,17506061.42
1.7,80,5,32.6,20071604.91
1.7,80,5,32.7,17807890.07
1.7,80,5,32.8,18109718.71
1.7,80,5,32.9,17053318.45
1.7,80,5,33,19769776.26
1.7,80,5,33.1,16751489.81
1.7,80,5,33.2,19015204.65
1.7,80,5,33.3,22335319.75
1.7,80,5,33.4,20826176.52
1.7,80,5,33.5,17053318.45
1.7,80,5,33.6,18864290.33
1.7,80,5,33.7,19920690.58
1.7,80,5,33.8,17958804.39
1.7,80,5,33.9,18713376
1.7,80,5,34,14487774.97
1.7,80,5,34.1,20826176.52
1.7,80,5,34.2,21429833.81
1.7,80,5,34.3,17506061.42
1.7,80,5,34.4,18260633.04
1.7,80,5,34.5,18411547.36
1.7,80,5,34.6,22184405.42
1.7,80,5,34.7,17656975.75
1.7,80,5,34.8,17506061.42
1.7,80,5,34.9,14789603.62
1.7,80,5,35,15393260.91
1.7,80,5,35.1,17807890.07
1.7,80,5,35.2,15996918.2
1.7,80,5,35.3,18713376
1.7,80,5,35.4,15091432.26
1.7,80,5,35.5,18713376
1.7,80,5,35.6,14940517.94
1.7,80,5,35.7,17958804.39
1.7,80,5,35.8,16298746.84
1.7,80,5,35.9,15846003.87
1.7,80,5,36,15393260.91
1.7,80,5,36.1,17506061.42
1.7,80,5,36.2,14035032
1.7,80,5,36.3,16449661.16
1.7,80,5,36.4,13129546.07
1.7,80,5,36.5,15846003.87
1.7,80,5,36.6,16751489.81
1.7,80,5,36.7,16449661.16
1.7,80,5,36.8,15544175.23
1.7,80,5,36.9,16147832.52
1.7,80,5,37,16449661.16
1.7,80,5,37.1,16902404.13
1.7,80,5,37.2,14487774.97
1.7,80,5,37.3,18109718.71
1.7,80,5,37.4,14940517.94
1.7,80,5,37.5,15091432.26
1.7,80,5,37.6,14035032
1.7,80,5,37.7,13884117.68
1.7,80,5,37.8,16902404.13
1.7,80,5,37.9,16449661.16
1.7,80,5,38,15242346.58
1.7,80,5,38.1,16449661.16
1.7,80,5,38.2,15695089.55
1.7,80,5,38.3,11469488.52
1.7,80,5,38.4,14789603.62
1.7,80,5,38.5,16751489.81
1.7,80,5,38.6,14789603.62
1.7,80,5,38.7,15091432.26
1.7,80,5,38.8,16449661.16
1.7,80,5,38.9,15695089.55
1.7,80,5,39,15695089.55
1.7,80,5,39.1,17204232.78
1.7,80,5,39.2,18864290.33
1.7,80,5,39.3,15544175.23
1.7,80,5,39.4,13884117.68
1.7,80,5,39.5,16298746.84
1.7,80,5,39.6,17204232.78
1.7,80,5,39.7,15695089.55
1.7,80,5,39.8,13431374.71
1.7,80,5,39.9,17053318.45
1.7,80,5,40,14185946.33
1.7,80,5,40.1,16751489.81
1.7,80,5,40.2,13884117.68
1.7,80,5,40.3,16449661.16
1.7,80,5,40.4,14035032
1.7,80,5,40.5,15544175.23
1.7,80,5,40.6,12525888.78
1.7,80,5,40.7,15242346.58
1.7,80,5,40.8,17355147.1
1.7,80,5,40.9,15846003.87
1.7,80,5,41,12978631.74
1.7,80,5,41.1,15242346.58
1.7,80,5,41.2,13280460.39
1.7,80,5,41.3,13129546.07
1.7,80,5,41.4,13582289.03
1.7,80,5,41.5,14638689.29
1.7,80,5,41.6,17355147.1
1.7,80,5,41.7,14035032
1.7,80,5,41.8,15544175.23
1.7,80,5,41.9,12827717.42
1.7,80,5,42,12676803.1
1.7,80,5,42.1,14185946.33
1.7,80,5,42.2,13431374.71
1.7,80,5,42.3,11771317.16
1.7,80,5,42.4,11167659.87
1.7,80,5,42.5,13431374.71
1.7,80,5,42.6,11922231.49
1.7,80,5,42.7,11167659.87
1.7,80,5,42.8,14789603.62
1.7,80,5,42.9,13582289.03
1.7,80,5,43,15242346.58
1.7,80,5,43.1,12827717.42
1.7,80,5,43.2,12224060.13
1.7,80,5,43.3,14035032
1.7,80,5,43.4,11922231.49
1.7,80,5,43.5,12676803.1
1.7,80,5,43.6,13733203.36
1.7,80,5,43.7,12676803.1
1.7,80,5,43.8,11469488.52
1.7,80,5,43.9,13129546.07
1.7,80,5,44,12374974.45
1.7,80,5,44.1,13129546.07
1.7,80,5,44.2,12374974.45
1.7,80,5,44.3,12676803.1
1.7,80,5,44.4,11167659.87
1.7,80,5,44.5,12978631.74
1.7,80,5,44.6,11469488.52
1.7,80,5,44.7,11620402.84
1.7,80,5,44.8,13884117.68
1.7,80,5,44.9,13129546.07
1.7,80,5,45,12827717.42
1.7,80,5,45.1,11167659.87
1.7,80,5,45.2,11318574.2
1.7,80,5,45.3,9809430.97
1.7,80,5,45.4,11318574.2
1.7,80,5,45.5,10413088.26
1.7,80,5,45.6,10262173.94
1.7,80,5,45.7,10564002.58
1.7,80,5,45.8,10262173.94
1.7,80,5,45.9,12374974.45
1.7,80,5,46,12978631.74
1.7,80,5,46.1,10714916.91
1.7,80,5,46.2,11620402.84
1.7,80,5,46.3,12978631.74
1.7,80,5,46.4,10714916.91
1.7,80,5,46.5,8903945.034
1.7,80,5,46.6,12676803.1
1.7,80,5,46.7,12073145.81
1.7,80,5,46.8,11016745.55
1.7,80,5,46.9,12676803.1
1.7,80,5,47,12827717.42
1.7,80,5,47.1,9809430.97
1.7,80,5,47.2,12525888.78
1.7,80,5,47.3,9658516.647
1.7,80,5,47.4,12676803.1
1.7,80,5,47.5,11771317.16
1.7,80,5,47.6,12827717.42
1.7,80,5,47.7,10714916.91
1.7,80,5,47.8,11167659.87
1.7,80,5,47.9,11016745.55
1.7,80,5,48,13129546.07
1.7,80,5,48.1,9507602.324
1.7,80,5,48.2,11771317.16
1.7,80,5,48.3,11167659.87
1.7,80,5,48.4,9960345.292
1.7,80,5,48.5,9960345.292
1.7,80,5,48.6,10111259.61
1.7,80,5,48.7,10714916.91
1.7,80,5,48.8,11016745.55
1.7,80,5,48.9,8753030.711
1.7,80,5,49,9809430.97
1.7,80,5,49.1,10564002.58
1.7,80,5,49.2,10865831.23
1.7,80,5,49.3,8149373.421
1.7,80,5,49.4,8903945.034
1.7,80,5,49.5,9507602.324
1.7,80,5,49.6,9356688.002
1.7,80,5,49.7,11016745.55
1.7,80,5,49.8,8451202.066
1.7,80,5,49.9,10564002.58
1.7,80,5,50,9507602.324
1.7,80,5,50.1,9205773.679
1.7,80,5,50.2,8903945.034
1.7,80,5,50.3,10714916.91
1.7,80,5,50.4,10262173.94
1.7,80,5,50.5,8149373.421
1.7,80,5,50.6,7394801.808
1.7,80,5,50.7,12224060.13
1.7,80,5,50.8,9809430.97
1.7,80,5,50.9,8753030.711
1.7,80,5,51,9507602.324
1.7,80,5,51.1,7545716.13
1.7,80,5,51.2,10111259.61
1.7,80,5,51.3,8300287.744
1.7,80,5,51.4,8903945.034
1.7,80,5,51.5,7998459.098
1.7,80,5,51.6,8903945.034
1.7,80,5,51.7,6036572.904
1.7,80,5,51.8,8300287.744
1.7,80,5,51.9,9054859.357
1.7,80,5,52,9205773.679
1.7,80,5,52.1,7696630.453
1.7,80,5,52.2,11469488.52
1.7,80,5,52.3,10262173.94
1.7,80,5,52.4,8903945.034
1.7,80,5,52.5,11469488.52
1.7,80,5,52.6,7696630.453
1.7,80,5,52.7,11318574.2
1.7,80,5,52.8,8451202.066
1.7,80,5,52.9,8602116.389
1.7,80,5,53,7847544.776
1.7,80,5,53.1,9356688.002
1.7,80,5,53.2,7092973.163
1.7,80,5,53.3,10865831.23
1.7,80,5,53.4,7092973.163
1.7,80,5,53.5,7847544.776
1.7,80,5,53.6,8602116.389
1.7,80,5,53.7,8149373.421
1.7,80,5,53.8,7545716.13
1.7,80,5,53.9,8451202.066
1.7,80,5,54,7847544.776
1.7,80,5,54.1,8451202.066
1.7,80,5,54.2,10262173.94
1.7,80,5,54.3,9809430.97
1.7,80,5,54.4,8602116.389
1.7,80,5,54.5,11016745.55
1.7,80,5,54.6,9507602.324
1.7,80,5,54.7,7394801.808
1.7,80,5,54.8,7998459.098
1.7,80,5,54.9,9205773.679
1.7,80,5,55,8149373.421
1.7,80,5,55.1,8149373.421
1.7,80,5,55.2,8602116.389
1.7,80,5,55.3,8451202.066
1.7,80,5,55.4,6489315.872
1.7,80,5,55.5,5432915.614
1.7,80,5,55.6,6187487.227
1.7,80,5,55.7,9205773.679
1.7,80,5,55.8,9658516.647
1.7,80,5,55.9,6489315.872
1.7,80,5,56,7243887.485
1.7,80,5,56.1,9809430.97
1.7,80,5,56.2,7394801.808
1.7,80,5,56.3,6942058.84
1.7,80,5,56.4,8149373.421
1.7,80,5,56.5,6338401.55
1.7,80,5,56.6,6338401.55
1.7,80,5,56.7,7696630.453
1.7,80,5,56.8,9205773.679
1.7,80,5,56.9,8451202.066
1.7,80,5,57,7243887.485
1.7,80,5,57.1,7092973.163
1.7,80,5,57.2,7243887.485
1.7,80,5,57.3,7696630.453
1.7,80,5,57.4,6187487.227
1.7,80,5,57.5,6187487.227
1.7,80,5,57.6,5734744.259
1.7,80,5,57.7,7998459.098
1.7,80,5,57.8,8753030.711
1.7,80,5,57.9,7998459.098
1.7,80,5,58,6791144.517
1.7,80,5,58.1,14487774.97
1.7,80,5,58.2,5583829.937
1.7,80,5,58.3,7998459.098
1.7,80,5,58.4,7696630.453
1.7,80,5,58.5,7092973.163
1.7,80,5,58.6,7243887.485
1.7,80,5,58.7,6489315.872
1.7,80,5,58.8,5583829.937
1.7,80,5,58.9,8300287.744
1.7,80,5,59,5583829.937
1.7,80,5,59.1,5885658.582
1.7,80,5,59.2,7545716.13
1.7,80,5,59.3,6338401.55
1.7,80,5,59.4,9205773.679
1.7,80,5,59.5,18864290.33
1.7,80,5,59.6,6640230.195
1.7,80,5,59.7,6338401.55
1.7,80,5,59.8,6791144.517
1.7,80,5,59.9,7092973.163
1.7,80,5,60,6942058.84
1.7,80,5,60.1,8451202.066
1.7,80,5,60.2,6489315.872
1.7,80,5,60.3,7847544.776
1.7,80,5,60.4,6338401.55
1.7,80,5,60.5,4980172.646
1.7,80,5,60.6,4678344.001
1.7,80,5,60.7,6489315.872
1.7,80,5,60.8,5885658.582
1.7,80,5,60.9,5131086.969
1.7,80,5,61,6942058.84
1.7,80,5,61.1,5885658.582
1.7,80,5,61.2,6187487.227
1.7,80,5,61.3,4980172.646
1.7,80,5,61.4,6489315.872
1.7,80,5,61.5,5282001.291
1.7,80,5,61.6,7394801.808
1.7,80,5,61.7,8903945.034
1.7,80,5,61.8,8300287.744
1.7,80,5,61.9,5734744.259
1.7,80,5,62,5885658.582
1.7,80,5,62.1,5282001.291
1.7,80,5,62.2,7092973.163
1.7,80,5,62.3,6640230.195
1.7,80,5,62.4,4376515.356
1.7,80,5,62.5,5432915.614
1.7,80,5,62.6,5734744.259
1.7,80,5,62.7,4678344.001
1.7,80,5,62.8,5131086.969
1.7,80,5,62.9,5282001.291
1.7,80,5,63,7394801.808
1.7,80,5,63.1,5432915.614
1.7,80,5,63.2,7847544.776
1.7,80,5,63.3,6489315.872
1.7,80,5,63.4,5885658.582
1.7,80,5,63.5,6036572.904
1.7,80,5,63.6,3772858.065
1.7,80,5,63.7,5583829.937
1.7,80,5,63.8,5282001.291
1.7,80,5,63.9,5432915.614
1.7,80,5,64,6338401.55
1.7,80,5,64.1,5131086.969
1.7,80,5,64.2,6036572.904
1.7,80,5,64.3,6338401.55
1.7,80,5,64.4,7998459.098
1.7,80,5,64.5,5734744.259
1.7,80,5,64.6,5583829.937
1.7,80,5,64.7,5583829.937
1.7,80,5,64.8,3923772.388
1.7,80,5,64.9,4829258.324
1.7,80,5,65,4678344.001
1.7,80,5,65.1,5282001.291
1.7,80,5,65.2,4980172.646
1.7,80,5,65.3,6036572.904
1.7,80,5,65.4,5432915.614
1.7,80,5,65.5,3169200.775
1.7,80,5,65.6,4829258.324
1.7,80,5,65.7,4376515.356
1.7,80,5,65.8,4527429.678
1.7,80,5,65.9,5131086.969
1.7,80,5,66,4829258.324
1.7,80,5,66.1,3320115.097
1.7,80,5,66.2,4225601.033
1.7,80,5,66.3,3923772.388
1.7,80,5,66.4,5432915.614
1.7,80,5,66.5,4980172.646
1.7,80,5,66.6,4376515.356
1.7,80,5,66.7,3621943.743
1.7,80,5,66.8,3018286.452
1.7,80,5,66.9,4376515.356
1.7,80,5,67,5131086.969
1.7,80,5,67.1,4829258.324
1.7,80,5,67.2,4527429.678
1.7,80,5,67.3,4225601.033
1.7,80,5,67.4,6489315.872
1.7,80,5,67.5,3923772.388
1.7,80,5,67.6,3320115.097
1.7,80,5,67.7,5432915.614
1.7,80,5,67.8,3169200.775
1.7,80,5,67.9,2716457.807
1.7,80,5,68,4074686.71
1.7,80,5,68.1,4225601.033
1.7,80,5,68.2,3621943.743
1.7,80,5,68.3,4678344.001
1.7,80,5,68.4,4376515.356
1.7,80,5,68.5,3923772.388
1.7,80,5,68.6,5885658.582
1.7,80,5,68.7,4376515.356
1.7,80,5,68.8,4225601.033
1.7,80,5,68.9,3018286.452
1.7,80,5,69,3169200.775
1.7,80,5,69.1,3621943.743
1.7,80,5,69.2,3772858.065
1.7,80,5,69.3,4527429.678
1.7,80,5,69.4,5131086.969
1.7,80,5,69.5,4074686.71
1.7,80,5,69.6,3169200.775
1.7,80,5,69.7,4527429.678
1.7,80,5,69.8,4527429.678
1.7,80,5,69.9,3471029.42
1.7,80,5,70,3018286.452
1.7,80,5,70.1,2565543.484
1.7,80,5,70.2,3772858.065
1.7,80,5,70.3,3169200.775
1.7,80,5,70.4,3169200.775
1.7,80,5,70.5,3923772.388
1.7,80,5,70.6,4678344.001
1.7,80,5,70.7,2716457.807
1.7,80,5,70.8,2867372.13
1.7,80,5,70.9,2565543.484
1.7,80,5,71,2867372.13
1.7,80,5,71.1,3018286.452
1.7,80,5,71.2,3018286.452
1.7,80,5,71.3,3018286.452
1.7,80,5,71.4,4225601.033
1.7,80,5,71.5,3169200.775
1.7,80,5,71.6,3471029.42
1.7,80,5,71.7,4074686.71
1.7,80,5,71.8,1961886.194
1.7,80,5,71.9,2716457.807
1.7,80,5,72,3772858.065
1.7,80,5,72.1,2414629.162
1.7,80,5,72.2,2263714.839
1.7,80,5,72.3,3169200.775
1.7,80,5,72.4,3320115.097
1.7,80,5,72.5,3018286.452
1.7,80,5,72.6,3018286.452
1.7,80,5,72.7,2414629.162
1.7,80,5,72.8,3772858.065
1.7,80,5,72.9,2263714.839
1.7,80,5,73,1961886.194
1.7,80,5,73.1,3018286.452
1.7,80,5,73.2,2263714.839
1.7,80,5,73.3,4074686.71
1.7,80,5,73.4,2263714.839
1.7,80,5,73.5,2867372.13
1.7,80,5,73.6,3320115.097
1.7,80,5,73.7,3923772.388
1.7,80,5,73.8,3471029.42
1.7,80,5,73.9,2716457.807
1.7,80,5,74,3471029.42
1.7,80,5,74.1,2263714.839
1.7,80,5,74.2,2565543.484
1.7,80,5,74.3,1509143.226
1.7,80,5,74.4,1358228.903
1.7,80,5,74.5,3923772.388
1.7,80,5,74.6,2565543.484
1.7,80,5,74.7,2414629.162
1.7,80,5,74.8,1509143.226
1.7,80,5,74.9,2263714.839
1.7,80,5,75,1810971.871
1.7,80,5,75.1,2716457.807
1.7,80,5,75.2,2716457.807
1.7,80,5,75.3,1358228.903
1.7,80,5,75.4,1810971.871
1.7,80,5,75.5,2716457.807
1.7,80,5,75.6,1961886.194
1.7,80,5,75.7,2263714.839
1.7,80,5,75.8,2716457.807
1.7,80,5,75.9,1961886.194
1.7,80,5,76,2263714.839
1.7,80,5,76.1,1810971.871
1.7,80,5,76.2,1660057.549
1.7,80,5,76.3,1358228.903
1.7,80,5,76.4,3320115.097
1.7,80,5,76.5,2414629.162
1.7,80,5,76.6,2112800.517
1.7,80,5,76.7,2263714.839
1.7,80,5,76.8,1961886.194
1.7,80,5,76.9,1358228.903
1.7,80,5,77,1961886.194
1.7,80,5,77.1,3018286.452
1.7,80,5,77.2,1810971.871
1.7,80,5,77.3,1961886.194
1.7,80,5,77.4,1660057.549
1.7,80,5,77.5,1509143.226
1.7,80,5,77.6,1056400.258
1.7,80,5,77.7,1660057.549
1.7,80,5,77.8,2263714.839
1.7,80,5,77.9,1509143.226
1.7,80,5,78,1056400.258
1.7,80,5,78.1,2263714.839
1.7,80,5,78.2,1509143.226
1.7,80,5,78.3,905485.9357
1.7,80,5,78.4,1207314.581
1.7,80,5,78.5,452742.9678
1.7,80,5,78.6,1207314.581
1.7,80,5,78.7,1056400.258
1.7,80,5,78.8,1056400.258
1.7,80,5,78.9,1056400.258
1.7,80,5,79,1509143.226
1.7,80,5,79.1,603657.2904
1.7,80,5,79.2,1056400.258
1.7,80,5,79.3,1358228.903
1.7,80,5,79.4,1961886.194
1.7,80,5,79.5,905485.9357
1.7,80,5,79.6,905485.9357
1.7,80,5,79.7,603657.2904
1.7,80,5,79.8,452742.9678
1.7,80,5,79.9,150914.3226
1.7,80,5,80,301828.6452
1.7,150,5,3.4,879751.4592
1.7,150,5,3.5,439875.7296
1.7,150,5,3.6,1099689.324
1.7,150,5,3.7,439875.7296
1.7,150,5,3.8,2419316.513
1.7,150,5,3.9,1979440.783
1.7,150,5,4,2859192.242
1.7,150,5,4.1,2859192.242
1.7,150,5,4.2,3299067.972
1.7,150,5,4.3,4178819.431
1.7,150,5,4.4,4398757.296
1.7,150,5,4.5,4618695.161
1.7,150,5,4.6,9017452.457
1.7,150,5,4.7,12096582.56
1.7,150,5,4.8,8577576.727
1.7,150,5,4.9,11216831.1
1.7,150,5,5,12976334.02
1.7,150,5,5.1,14295961.21
1.7,150,5,5.2,14955774.81
1.7,150,5,5.3,23973227.26
1.7,150,5,5.4,17375091.32
1.7,150,5,5.5,22873537.94
1.7,150,5,5.6,18034904.91
1.7,150,5,5.7,23313413.67
1.7,150,5,5.8,27272295.24
1.7,150,5,5.9,26172605.91
1.7,150,5,6,28591922.42
1.7,150,5,6.1,32990679.72
1.7,150,5,6.2,34310306.91
1.7,150,5,6.3,36729623.42
1.7,150,5,6.4,34310306.91
1.7,150,5,6.5,40468567.12
1.7,150,5,6.6,40248629.26
1.7,150,5,6.7,40248629.26
1.7,150,5,6.8,47726516.66
1.7,150,5,6.9,48386330.26
1.7,150,5,7,51465460.36
1.7,150,5,7.1,54544590.47
1.7,150,5,7.2,53444901.15
1.7,150,5,7.3,55864217.66
1.7,150,5,7.4,172651223.9
1.7,150,5,7.5,58063596.31
1.7,150,5,7.6,65321545.85
1.7,150,5,7.7,60262974.96
1.7,150,5,7.8,65321545.85
1.7,150,5,7.9,66421235.17
1.7,150,5,8,66641173.04
1.7,150,5,8.1,69500365.28
1.7,150,5,8.2,71919681.79
1.7,150,5,8.3,351680645.8
1.7,150,5,8.4,2558977057
1.7,150,5,8.5,79397569.19
1.7,150,5,8.6,82036823.57
1.7,150,5,8.7,73019371.11
1.7,150,5,8.8,115687316.9
1.7,150,5,8.9,81157072.11
1.7,150,5,9,80937134.25
1.7,150,5,9.1,80497258.52
1.7,150,5,9.2,77858004.14
1.7,150,5,9.3,80497258.52
1.7,150,5,9.4,76318439.09
1.7,150,5,9.5,173970851.1
1.7,150,5,9.6,128663650.9
1.7,150,5,9.7,1680985101
1.7,150,5,9.8,223896746.4
1.7,150,5,9.9,158795138.4
1.7,150,5,10,757466006.4
1.7,150,5,10.1,97652411.97
1.7,150,5,10.2,100731542.1
1.7,150,5,10.3,51465460.36
1.7,150,5,10.4,46186951.61
1.7,150,5,10.5,48606268.12
1.7,150,5,10.6,49266081.72
1.7,150,5,10.7,55424341.93
1.7,150,5,10.8,53005025.42
1.7,150,5,10.9,56304093.39
1.7,150,5,11,59163285.63
1.7,150,5,11.1,56963906.98
1.7,150,5,11.2,62902229.33
1.7,150,5,11.3,297136055.3
1.7,150,5,11.4,57623720.58
1.7,150,5,11.5,53884776.88
1.7,150,5,11.6,73459246.84
1.7,150,5,11.7,69500365.28
1.7,150,5,11.8,50145833.17
1.7,150,5,11.9,53005025.42
1.7,150,5,12,47286640.93
1.7,150,5,12.1,51025584.63
1.7,150,5,12.2,38489126.34
1.7,150,5,12.3,47506578.8
1.7,150,5,12.4,43767635.1
1.7,150,5,12.5,45967013.74
1.7,150,5,12.6,50365771.04
1.7,150,5,12.7,41568256.45
1.7,150,5,12.8,48826205.99
1.7,150,5,12.9,46626827.34
1.7,150,5,13,49925895.31
1.7,150,5,13.1,42887883.64
1.7,150,5,13.2,50805646.77
1.7,150,5,13.3,50805646.77
1.7,150,5,13.4,47946454.53
1.7,150,5,13.5,39588815.66
1.7,150,5,13.6,49046143.85
1.7,150,5,13.7,49266081.72
1.7,150,5,13.8,45747075.88
1.7,150,5,13.9,54104714.74
1.7,150,5,14,51465460.36
1.7,150,5,14.1,46846765.2
1.7,150,5,14.2,58503472.04
1.7,150,5,14.3,52125273.96
1.7,150,5,14.4,51025584.63
1.7,150,5,14.5,49046143.85
1.7,150,5,14.6,50805646.77
1.7,150,5,14.7,46406889.47
1.7,150,5,14.8,55204404.07
1.7,150,5,14.9,47286640.93
1.7,150,5,15,45087262.28
1.7,150,5,15.1,48606268.12
1.7,150,5,15.2,47066703.07
1.7,150,5,15.3,48826205.99
1.7,150,5,15.4,49486019.58
1.7,150,5,15.5,47506578.8
1.7,150,5,15.6,47286640.93
1.7,150,5,15.7,45527138.01
1.7,150,5,15.8,52785087.55
1.7,150,5,15.9,54544590.47
1.7,150,5,16,51905336.09
1.7,150,5,16.1,53444901.15
1.7,150,5,16.2,53664839.01
1.7,150,5,16.3,56743969.12
1.7,150,5,16.4,51465460.36
1.7,150,5,16.5,55644279.8
1.7,150,5,16.6,55864217.66
1.7,150,5,16.7,56524031.25
1.7,150,5,16.8,49925895.31
1.7,150,5,16.9,53005025.42
1.7,150,5,17,48166392.39
1.7,150,5,17.1,54984466.2
1.7,150,5,17.2,49925895.31
1.7,150,5,17.3,57183844.85
1.7,150,5,17.4,57843658.44
1.7,150,5,17.5,44867324.42
1.7,150,5,17.6,47286640.93
1.7,150,5,17.7,51245522.5
1.7,150,5,17.8,51685398.23
1.7,150,5,17.9,54764528.34
1.7,150,5,18,54984466.2
1.7,150,5,18.1,52125273.96
1.7,150,5,18.2,46406889.47
1.7,150,5,18.3,47286640.93
1.7,150,5,18.4,52345211.82
1.7,150,5,18.5,49046143.85
1.7,150,5,18.6,49046143.85
1.7,150,5,18.7,54104714.74
1.7,150,5,18.8,51025584.63
1.7,150,5,18.9,47066703.07
1.7,150,5,19,44207510.83
1.7,150,5,19.1,48386330.26
1.7,150,5,19.2,46186951.61
1.7,150,5,19.3,52565149.69
1.7,150,5,19.4,50365771.04
1.7,150,5,19.5,50805646.77
1.7,150,5,19.6,51245522.5
1.7,150,5,19.7,55644279.8
1.7,150,5,19.8,54324652.61
1.7,150,5,19.9,53884776.88
1.7,150,5,20,52125273.96
1.7,150,5,20.1,45967013.74
1.7,150,5,20.2,53664839.01
1.7,150,5,20.3,47726516.66
1.7,150,5,20.4,50805646.77
1.7,150,5,20.5,52125273.96
1.7,150,5,20.6,49925895.31
1.7,150,5,20.7,53884776.88
1.7,150,5,20.8,52785087.55
1.7,150,5,20.9,54764528.34
1.7,150,5,21,52125273.96
1.7,150,5,21.1,41788194.31
1.7,150,5,21.2,46846765.2
1.7,150,5,21.3,52345211.82
1.7,150,5,21.4,45087262.28
1.7,150,5,21.5,50585708.9
1.7,150,5,21.6,48166392.39
1.7,150,5,21.7,46406889.47
1.7,150,5,21.8,47946454.53
1.7,150,5,21.9,52565149.69
1.7,150,5,22,50145833.17
1.7,150,5,22.1,50365771.04
1.7,150,5,22.2,47726516.66
1.7,150,5,22.3,49046143.85
1.7,150,5,22.4,51685398.23
1.7,150,5,22.5,47286640.93
1.7,150,5,22.6,45087262.28
1.7,150,5,22.7,45967013.74
1.7,150,5,22.8,43987572.96
1.7,150,5,22.9,45747075.88
1.7,150,5,23,50585708.9
1.7,150,5,23.1,41128380.72
1.7,150,5,23.2,50365771.04
1.7,150,5,23.3,48166392.39
1.7,150,5,23.4,45527138.01
1.7,150,5,23.5,50585708.9
1.7,150,5,23.6,45527138.01
1.7,150,5,23.7,46626827.34
1.7,150,5,23.8,42887883.64
1.7,150,5,23.9,46406889.47
1.7,150,5,24,41788194.31
1.7,150,5,24.1,49046143.85
1.7,150,5,24.2,45747075.88
1.7,150,5,24.3,47506578.8
1.7,150,5,24.4,43987572.96
1.7,150,5,24.5,42008132.18
1.7,150,5,24.6,41128380.72
1.7,150,5,24.7,47506578.8
1.7,150,5,24.8,46846765.2
1.7,150,5,24.9,48386330.26
1.7,150,5,25,40468567.12
1.7,150,5,25.1,42008132.18
1.7,150,5,25.2,45087262.28
1.7,150,5,25.3,39148939.93
1.7,150,5,25.4,46406889.47
1.7,150,5,25.5,43547697.23
1.7,150,5,25.6,41348318.58
1.7,150,5,25.7,46406889.47
1.7,150,5,25.8,42008132.18
1.7,150,5,25.9,45527138.01
1.7,150,5,26,43107821.5
1.7,150,5,26.1,45087262.28
1.7,150,5,26.2,40248629.26
1.7,150,5,26.3,40688504.99
1.7,150,5,26.4,42008132.18
1.7,150,5,26.5,42228070.04
1.7,150,5,26.6,44647386.55
1.7,150,5,26.7,44207510.83
1.7,150,5,26.8,39368877.8
1.7,150,5,26.9,45087262.28
1.7,150,5,27,44867324.42
1.7,150,5,27.1,38709064.21
1.7,150,5,27.2,42887883.64
1.7,150,5,27.3,49266081.72
1.7,150,5,27.4,42667945.77
1.7,150,5,27.5,38049250.61
1.7,150,5,27.6,40028691.39
1.7,150,5,27.7,48606268.12
1.7,150,5,27.8,45087262.28
1.7,150,5,27.9,40468567.12
1.7,150,5,28,41348318.58
1.7,150,5,28.1,43987572.96
1.7,150,5,28.2,34090369.04
1.7,150,5,28.3,40468567.12
1.7,150,5,28.4,40688504.99
1.7,150,5,28.5,37169499.15
1.7,150,5,28.6,40468567.12
1.7,150,5,28.7,44647386.55
1.7,150,5,28.8,38269188.48
1.7,150,5,28.9,37169499.15
1.7,150,5,29,37609374.88
1.7,150,5,29.1,37829312.75
1.7,150,5,29.2,38929002.07
1.7,150,5,29.3,38269188.48
1.7,150,5,29.4,39588815.66
1.7,150,5,29.5,38489126.34
1.7,150,5,29.6,40468567.12
1.7,150,5,29.7,38049250.61
1.7,150,5,29.8,42887883.64
1.7,150,5,29.9,41568256.45
1.7,150,5,30,40248629.26
1.7,150,5,30.1,36289747.69
1.7,150,5,30.2,40248629.26
1.7,150,5,30.3,38049250.61
1.7,150,5,30.4,38489126.34
1.7,150,5,30.5,37169499.15
1.7,150,5,30.6,32770741.86
1.7,150,5,30.7,39588815.66
1.7,150,5,30.8,34750182.64
1.7,150,5,30.9,33430555.45
1.7,150,5,31,36509685.56
1.7,150,5,31.1,35190058.37
1.7,150,5,31.2,40028691.39
1.7,150,5,31.3,36289747.69
1.7,150,5,31.4,38269188.48
1.7,150,5,31.5,40688504.99
1.7,150,5,31.6,37609374.88
1.7,150,5,31.7,31451114.67
1.7,150,5,31.8,40468567.12
1.7,150,5,31.9,34310306.91
1.7,150,5,32,32550803.99
1.7,150,5,32.1,32550803.99
1.7,150,5,32.2,37829312.75
1.7,150,5,32.3,34750182.64
1.7,150,5,32.4,42228070.04
1.7,150,5,32.5,35849871.96
1.7,150,5,32.6,36289747.69
1.7,150,5,32.7,33210617.59
1.7,150,5,32.8,39148939.93
1.7,150,5,32.9,30351425.34
1.7,150,5,33,33870431.18
1.7,150,5,33.1,35849871.96
1.7,150,5,33.2,35190058.37
1.7,150,5,33.3,42667945.77
1.7,150,5,33.4,31451114.67
1.7,150,5,33.5,36289747.69
1.7,150,5,33.6,36069809.83
1.7,150,5,33.7,31671052.53
1.7,150,5,33.8,29911549.61
1.7,150,5,33.9,34750182.64
1.7,150,5,34,34970120.5
1.7,150,5,34.1,36289747.69
1.7,150,5,34.2,37169499.15
1.7,150,5,34.3,34750182.64
1.7,150,5,34.4,32770741.86
1.7,150,5,34.5,34530244.77
1.7,150,5,34.6,36729623.42
1.7,150,5,34.7,32770741.86
1.7,150,5,34.8,29031798.15
1.7,150,5,34.9,34750182.64
1.7,150,5,35,40248629.26
1.7,150,5,35.1,29251736.02
1.7,150,5,35.2,34090369.04
1.7,150,5,35.3,36069809.83
1.7,150,5,35.4,30131487.48
1.7,150,5,35.5,30571363.21
1.7,150,5,35.6,31451114.67
1.7,150,5,35.7,30571363.21
1.7,150,5,35.8,39148939.93
1.7,150,5,35.9,30131487.48
1.7,150,5,36,34750182.64
1.7,150,5,36.1,31231176.8
1.7,150,5,36.2,30571363.21
1.7,150,5,36.3,29471673.88
1.7,150,5,36.4,37389437.02
1.7,150,5,36.5,33210617.59
1.7,150,5,36.6,31011238.94
1.7,150,5,36.7,29471673.88
1.7,150,5,36.8,35629934.1
1.7,150,5,36.9,32990679.72
1.7,150,5,37,32550803.99
1.7,150,5,37.1,28152046.69
1.7,150,5,37.2,26392543.78
1.7,150,5,37.3,28811860.29
1.7,150,5,37.4,30351425.34
1.7,150,5,37.5,31011238.94
1.7,150,5,37.6,28371984.56
1.7,150,5,37.7,31451114.67
1.7,150,5,37.8,25512792.32
1.7,150,5,37.9,26172605.91
1.7,150,5,38,28371984.56
1.7,150,5,38.1,25952668.05
1.7,150,5,38.2,29911549.61
1.7,150,5,38.3,33650493.31
1.7,150,5,38.4,29471673.88
1.7,150,5,38.5,33650493.31
1.7,150,5,38.6,23753289.4
1.7,150,5,38.7,30351425.34
1.7,150,5,38.8,26612481.64
1.7,150,5,38.9,26612481.64
1.7,150,5,39,28371984.56
1.7,150,5,39.1,25512792.32
1.7,150,5,39.2,32330866.13
1.7,150,5,39.3,23973227.26
1.7,150,5,39.4,28811860.29
1.7,150,5,39.5,29911549.61
1.7,150,5,39.6,22433662.21
1.7,150,5,39.7,31671052.53
1.7,150,5,39.8,25292854.45
1.7,150,5,39.9,31671052.53
1.7,150,5,40,26612481.64
1.7,150,5,40.1,26392543.78
1.7,150,5,40.2,27712170.97
1.7,150,5,40.3,32110928.26
1.7,150,5,40.4,28811860.29
1.7,150,5,40.5,30131487.48
1.7,150,5,40.6,27272295.24
1.7,150,5,40.7,28591922.42
1.7,150,5,40.8,25292854.45
1.7,150,5,40.9,25292854.45
1.7,150,5,41,27932108.83
1.7,150,5,41.1,25512792.32
1.7,150,5,41.2,26172605.91
1.7,150,5,41.3,27712170.97
1.7,150,5,41.4,23533351.53
1.7,150,5,41.5,28371984.56
1.7,150,5,41.6,28371984.56
1.7,150,5,41.7,25732730.18
1.7,150,5,41.8,24193165.13
1.7,150,5,41.9,25292854.45
1.7,150,5,42,25292854.45
1.7,150,5,42.1,24852978.72
1.7,150,5,42.2,22653600.07
1.7,150,5,42.3,26172605.91
1.7,150,5,42.4,27932108.83
1.7,150,5,42.5,23093475.8
1.7,150,5,42.6,29251736.02
1.7,150,5,42.7,24852978.72
1.7,150,5,42.8,27932108.83
1.7,150,5,42.9,22213724.35
1.7,150,5,43,25952668.05
1.7,150,5,43.1,26612481.64
1.7,150,5,43.2,23313413.67
1.7,150,5,43.3,24633040.86
1.7,150,5,43.4,28591922.42
1.7,150,5,43.5,30571363.21
1.7,150,5,43.6,22213724.35
1.7,150,5,43.7,26832419.51
1.7,150,5,43.8,27492233.1
1.7,150,5,43.9,27272295.24
1.7,150,5,44,23753289.4
1.7,150,5,44.1,25292854.45
1.7,150,5,44.2,27052357.37
1.7,150,5,44.3,25292854.45
1.7,150,5,44.4,23973227.26
1.7,150,5,44.5,25732730.18
1.7,150,5,44.6,25072916.59
1.7,150,5,44.7,23313413.67
1.7,150,5,44.8,26172605.91
1.7,150,5,44.9,28811860.29
1.7,150,5,45,22213724.35
1.7,150,5,45.1,25732730.18
1.7,150,5,45.2,27932108.83
1.7,150,5,45.3,25292854.45
1.7,150,5,45.4,22433662.21
1.7,150,5,45.5,24413102.99
1.7,150,5,45.6,22873537.94
1.7,150,5,45.7,21114035.02
1.7,150,5,45.8,22433662.21
1.7,150,5,45.9,24413102.99
1.7,150,5,46,21114035.02
1.7,150,5,46.1,23973227.26
1.7,150,5,46.2,25512792.32
1.7,150,5,46.3,22433662.21
1.7,150,5,46.4,26832419.51
1.7,150,5,46.5,20674159.29
1.7,150,5,46.6,22433662.21
1.7,150,5,46.7,21333972.89
1.7,150,5,46.8,23093475.8
1.7,150,5,46.9,18914656.37
1.7,150,5,47,20894097.16
1.7,150,5,47.1,22653600.07
1.7,150,5,47.2,19354532.1
1.7,150,5,47.3,18254842.78
1.7,150,5,47.4,19354532.1
1.7,150,5,47.5,23313413.67
1.7,150,5,47.6,21773848.62
1.7,150,5,47.7,26612481.64
1.7,150,5,47.8,22873537.94
1.7,150,5,47.9,17375091.32
1.7,150,5,48,23313413.67
1.7,150,5,48.1,21333972.89
1.7,150,5,48.2,22213724.35
1.7,150,5,48.3,20234283.56
1.7,150,5,48.4,28152046.69
1.7,150,5,48.5,18254842.78
1.7,150,5,48.6,25952668.05
1.7,150,5,48.7,22653600.07
1.7,150,5,48.8,20894097.16
1.7,150,5,48.9,21773848.62
1.7,150,5,49,19574469.97
1.7,150,5,49.1,19574469.97
1.7,150,5,49.2,18694718.51
1.7,150,5,49.3,22433662.21
1.7,150,5,49.4,20454221.43
1.7,150,5,49.5,20454221.43
1.7,150,5,49.6,22213724.35
1.7,150,5,49.7,21114035.02
1.7,150,5,49.8,22873537.94
1.7,150,5,49.9,17814967.05
1.7,150,5,50,25292854.45
1.7,150,5,50.1,21773848.62
1.7,150,5,50.2,20674159.29
1.7,150,5,50.3,18694718.51
1.7,150,5,50.4,23313413.67
1.7,150,5,50.5,16935215.59
1.7,150,5,50.6,22433662.21
1.7,150,5,50.7,22433662.21
1.7,150,5,50.8,16935215.59
1.7,150,5,50.9,20674159.29
1.7,150,5,51,20454221.43
1.7,150,5,51.1,16275402
1.7,150,5,51.2,18694718.51
1.7,150,5,51.3,21553910.75
1.7,150,5,51.4,23313413.67
1.7,150,5,51.5,23753289.4
1.7,150,5,51.6,21773848.62
1.7,150,5,51.7,17155153.45
1.7,150,5,51.8,16275402
1.7,150,5,51.9,22433662.21
1.7,150,5,52,18474780.64
1.7,150,5,52.1,21773848.62
1.7,150,5,52.2,21993786.48
1.7,150,5,52.3,21993786.48
1.7,150,5,52.4,21993786.48
1.7,150,5,52.5,19134594.24
1.7,150,5,52.6,18694718.51
1.7,150,5,52.7,18034904.91
1.7,150,5,52.8,18254842.78
1.7,150,5,52.9,18254842.78
1.7,150,5,53,20674159.29
1.7,150,5,53.1,21333972.89
1.7,150,5,53.2,19354532.1
1.7,150,5,53.3,18474780.64
1.7,150,5,53.4,18694718.51
1.7,150,5,53.5,18254842.78
1.7,150,5,53.6,20234283.56
1.7,150,5,53.7,18254842.78
1.7,150,5,53.8,19574469.97
1.7,150,5,53.9,20674159.29
1.7,150,5,54,18474780.64
1.7,150,5,54.1,20454221.43
1.7,150,5,54.2,20234283.56
1.7,150,5,54.3,21114035.02
1.7,150,5,54.4,20014345.7
1.7,150,5,54.5,21553910.75
1.7,150,5,54.6,16715277.72
1.7,150,5,54.7,14955774.81
1.7,150,5,54.8,18694718.51
1.7,150,5,54.9,23973227.26
1.7,150,5,55,18694718.51
1.7,150,5,55.1,18694718.51
1.7,150,5,55.2,19134594.24
1.7,150,5,55.3,19574469.97
1.7,150,5,55.4,17814967.05
1.7,150,5,55.5,17595029.18
1.7,150,5,55.6,15835526.27
1.7,150,5,55.7,19134594.24
1.7,150,5,55.8,19134594.24
1.7,150,5,55.9,16275402
1.7,150,5,56,18034904.91
1.7,150,5,56.1,19574469.97
1.7,150,5,56.2,19794407.83
1.7,150,5,56.3,19574469.97
1.7,150,5,56.4,15835526.27
1.7,150,5,56.5,16495339.86
1.7,150,5,56.6,16935215.59
1.7,150,5,56.7,16275402
1.7,150,5,56.8,15395650.54
1.7,150,5,56.9,20674159.29
1.7,150,5,57,15175712.67
1.7,150,5,57.1,18914656.37
1.7,150,5,57.2,18034904.91
1.7,150,5,57.3,17595029.18
1.7,150,5,57.4,16495339.86
1.7,150,5,57.5,13856085.48
1.7,150,5,57.6,18474780.64
1.7,150,5,57.7,20014345.7
1.7,150,5,57.8,16935215.59
1.7,150,5,57.9,16715277.72
1.7,150,5,58,20234283.56
1.7,150,5,58.1,171771472.4
1.7,150,5,58.2,17595029.18
1.7,150,5,58.3,14955774.81
1.7,150,5,58.4,14076023.35
1.7,150,5,58.5,13856085.48
1.7,150,5,58.6,16715277.72
1.7,150,5,58.7,16055464.13
1.7,150,5,58.8,16495339.86
1.7,150,5,58.9,18474780.64
1.7,150,5,59,17595029.18
1.7,150,5,59.1,15835526.27
1.7,150,5,59.2,19134594.24
1.7,150,5,59.3,16495339.86
1.7,150,5,59.4,16275402
1.7,150,5,59.5,289438230.1
1.7,150,5,59.6,16275402
1.7,150,5,59.7,17375091.32
1.7,150,5,59.8,18474780.64
1.7,150,5,59.9,16935215.59
1.7,150,5,60,15615588.4
1.7,150,5,60.1,17155153.45
1.7,150,5,60.2,14515899.08
1.7,150,5,60.3,12976334.02
1.7,150,5,60.4,17155153.45
1.7,150,5,60.5,14955774.81
1.7,150,5,60.6,16055464.13
1.7,150,5,60.7,19574469.97
1.7,150,5,60.8,19354532.1
1.7,150,5,60.9,16495339.86
1.7,150,5,61,17155153.45
1.7,150,5,61.1,13856085.48
1.7,150,5,61.2,17595029.18
1.7,150,5,61.3,12976334.02
1.7,150,5,61.4,16495339.86
1.7,150,5,61.5,12976334.02
1.7,150,5,61.6,15175712.67
1.7,150,5,61.7,13856085.48
1.7,150,5,61.8,14295961.21
1.7,150,5,61.9,18254842.78
1.7,150,5,62,12756396.16
1.7,150,5,62.1,17155153.45
1.7,150,5,62.2,16715277.72
1.7,150,5,62.3,17155153.45
1.7,150,5,62.4,16275402
1.7,150,5,62.5,15835526.27
1.7,150,5,62.6,16495339.86
1.7,150,5,62.7,16495339.86
1.7,150,5,62.8,14955774.81
1.7,150,5,62.9,14076023.35
1.7,150,5,63,18034904.91
1.7,150,5,63.1,21993786.48
1.7,150,5,63.2,14076023.35
1.7,150,5,63.3,12096582.56
1.7,150,5,63.4,14735836.94
1.7,150,5,63.5,14955774.81
1.7,150,5,63.6,15615588.4
1.7,150,5,63.7,14076023.35
1.7,150,5,63.8,13196271.89
1.7,150,5,63.9,16935215.59
1.7,150,5,64,13196271.89
1.7,150,5,64.1,13416209.75
1.7,150,5,64.2,18254842.78
1.7,150,5,64.3,16055464.13
1.7,150,5,64.4,15175712.67
1.7,150,5,64.5,16935215.59
1.7,150,5,64.6,15835526.27
1.7,150,5,64.7,14295961.21
1.7,150,5,64.8,14735836.94
1.7,150,5,64.9,13856085.48
1.7,150,5,65,12976334.02
1.7,150,5,65.1,13856085.48
1.7,150,5,65.2,13196271.89
1.7,150,5,65.3,16495339.86
1.7,150,5,65.4,13196271.89
1.7,150,5,65.5,15615588.4
1.7,150,5,65.6,13416209.75
1.7,150,5,65.7,13416209.75
1.7,150,5,65.8,15395650.54
1.7,150,5,65.9,15395650.54
1.7,150,5,66,12536458.29
1.7,150,5,66.1,12096582.56
1.7,150,5,66.2,14295961.21
1.7,150,5,66.3,12096582.56
1.7,150,5,66.4,14076023.35
1.7,150,5,66.5,14076023.35
1.7,150,5,66.6,16715277.72
1.7,150,5,66.7,14076023.35
1.7,150,5,66.8,16495339.86
1.7,150,5,66.9,12536458.29
1.7,150,5,67,12096582.56
1.7,150,5,67.1,43107821.5
1.7,150,5,67.2,15615588.4
1.7,150,5,67.3,13636147.62
1.7,150,5,67.4,75438687.63
1.7,150,5,67.5,13636147.62
1.7,150,5,67.6,12976334.02
1.7,150,5,67.7,14955774.81
1.7,150,5,67.8,10996893.24
1.7,150,5,67.9,12756396.16
1.7,150,5,68,14295961.21
1.7,150,5,68.1,13416209.75
1.7,150,5,68.2,13196271.89
1.7,150,5,68.3,13416209.75
1.7,150,5,68.4,12316520.43
1.7,150,5,68.5,12096582.56
1.7,150,5,68.6,10996893.24
1.7,150,5,68.7,14515899.08
1.7,150,5,68.8,12536458.29
1.7,150,5,68.9,10117141.78
1.7,150,5,69,12756396.16
1.7,150,5,69.1,11656706.83
1.7,150,5,69.2,20014345.7
1.7,150,5,69.3,24193165.13
1.7,150,5,69.4,15395650.54
1.7,150,5,69.5,16055464.13
1.7,150,5,69.6,15615588.4
1.7,150,5,69.7,10996893.24
1.7,150,5,69.8,10776955.38
1.7,150,5,69.9,12756396.16
1.7,150,5,70,11656706.83
1.7,150,5,70.1,14076023.35
1.7,150,5,70.2,11436768.97
1.7,150,5,70.3,9677266.051
1.7,150,5,70.4,11216831.1
1.7,150,5,70.5,13856085.48
1.7,150,5,70.6,13196271.89
1.7,150,5,70.7,10337079.65
1.7,150,5,70.8,11216831.1
1.7,150,5,70.9,11216831.1
1.7,150,5,71,11876644.7
1.7,150,5,71.1,13856085.48
1.7,150,5,71.2,12756396.16
1.7,150,5,71.3,11436768.97
1.7,150,5,71.4,13416209.75
1.7,150,5,71.5,13636147.62
1.7,150,5,71.6,10996893.24
1.7,150,5,71.7,9237390.322
1.7,150,5,71.8,13636147.62
1.7,150,5,71.9,11656706.83
1.7,150,5,72,12536458.29
1.7,150,5,72.1,13196271.89
1.7,150,5,72.2,14515899.08
1.7,150,5,72.3,12096582.56
1.7,150,5,72.4,10337079.65
1.7,150,5,72.5,14295961.21
1.7,150,5,72.6,10117141.78
1.7,150,5,72.7,9237390.322
1.7,150,5,72.8,9017452.457
1.7,150,5,72.9,10996893.24
1.7,150,5,73,9897203.916
1.7,150,5,73.1,11656706.83
1.7,150,5,73.2,9237390.322
1.7,150,5,73.3,13856085.48
1.7,150,5,73.4,12536458.29
1.7,150,5,73.5,12316520.43
1.7,150,5,73.6,12096582.56
1.7,150,5,73.7,9457328.187
1.7,150,5,73.8,12976334.02
1.7,150,5,73.9,7697825.268
1.7,150,5,74,13196271.89
1.7,150,5,74.1,10117141.78
1.7,150,5,74.2,12316520.43
1.7,150,5,74.3,12756396.16
1.7,150,5,74.4,12756396.16
1.7,150,5,74.5,10557017.51
1.7,150,5,74.6,10337079.65
1.7,150,5,74.7,12096582.56
1.7,150,5,74.8,10996893.24
1.7,150,5,74.9,11876644.7
1.7,150,5,75,9457328.187
1.7,150,5,75.1,9897203.916
1.7,150,5,75.2,12756396.16
1.7,150,5,75.3,9677266.051
1.7,150,5,75.4,10557017.51
1.7,150,5,75.5,11436768.97
1.7,150,5,75.6,11216831.1
1.7,150,5,75.7,13856085.48
1.7,150,5,75.8,7917763.133
1.7,150,5,75.9,9017452.457
1.7,150,5,76,6378198.079
1.7,150,5,76.1,11436768.97
1.7,150,5,76.2,10337079.65
1.7,150,5,76.3,9457328.187
1.7,150,5,76.4,12316520.43
1.7,150,5,76.5,10776955.38
1.7,150,5,76.6,12316520.43
1.7,150,5,76.7,12536458.29
1.7,150,5,76.8,11876644.7
1.7,150,5,76.9,11656706.83
1.7,150,5,77,12096582.56
1.7,150,5,77.1,10557017.51
1.7,150,5,77.2,9677266.051
1.7,150,5,77.3,11876644.7
1.7,150,5,77.4,12756396.16
1.7,150,5,77.5,12096582.56
1.7,150,5,77.6,10996893.24
1.7,150,5,77.7,10776955.38
1.7,150,5,77.8,8577576.727
1.7,150,5,77.9,9237390.322
1.7,150,5,78,9677266.051
1.7,150,5,78.1,10117141.78
1.7,150,5,78.2,10337079.65
1.7,150,5,78.3,9457328.187
1.7,150,5,78.4,14515899.08
1.7,150,5,78.5,9017452.457
1.7,150,5,78.6,8137700.998
1.7,150,5,78.7,12756396.16
1.7,150,5,78.8,8137700.998
1.7,150,5,78.9,11216831.1
1.7,150,5,79,12316520.43
1.7,150,5,79.1,8797514.592
1.7,150,5,79.2,11436768.97
1.7,150,5,79.3,11436768.97
1.7,150,5,79.4,9457328.187
1.7,150,5,79.5,9897203.916
1.7,150,5,79.6,8357638.862
1.7,150,5,79.7,6378198.079
1.7,150,5,79.8,9897203.916
1.7,150,5,79.9,9017452.457
1.7,150,5,80,10557017.51
1.7,150,5,80.1,11216831.1
1.7,150,5,80.2,7917763.133
1.7,150,5,80.3,9017452.457
1.7,150,5,80.4,6378198.079
1.7,150,5,80.5,10996893.24
1.7,150,5,80.6,10996893.24
1.7,150,5,80.7,9017452.457
1.7,150,5,80.8,10557017.51
1.7,150,5,80.9,9457328.187
1.7,150,5,81,10117141.78
1.7,150,5,81.1,10996893.24
1.7,150,5,81.2,12096582.56
1.7,150,5,81.3,9237390.322
1.7,150,5,81.4,9677266.051
1.7,150,5,81.5,9457328.187
1.7,150,5,81.6,8357638.862
1.7,150,5,81.7,9897203.916
1.7,150,5,81.8,11436768.97
1.7,150,5,81.9,10776955.38
1.7,150,5,82,7477887.403
1.7,150,5,82.1,9897203.916
1.7,150,5,82.2,6598135.944
1.7,150,5,82.3,8357638.862
1.7,150,5,82.4,10557017.51
1.7,150,5,82.5,8357638.862
1.7,150,5,82.6,9017452.457
1.7,150,5,82.7,8577576.727
1.7,150,5,82.8,10117141.78
1.7,150,5,82.9,9017452.457
1.7,150,5,83,8797514.592
1.7,150,5,83.1,8577576.727
1.7,150,5,83.2,9897203.916
1.7,150,5,83.3,8797514.592
1.7,150,5,83.4,7697825.268
1.7,150,5,83.5,10337079.65
1.7,150,5,83.6,9237390.322
1.7,150,5,83.7,9457328.187
1.7,150,5,83.8,8797514.592
1.7,150,5,83.9,10557017.51
1.7,150,5,84,9457328.187
1.7,150,5,84.1,7477887.403
1.7,150,5,84.2,8797514.592
1.7,150,5,84.3,9457328.187
1.7,150,5,84.4,8357638.862
1.7,150,5,84.5,9237390.322
1.7,150,5,84.6,11436768.97
1.7,150,5,84.7,10117141.78
1.7,150,5,84.8,7257949.538
1.7,150,5,84.9,8797514.592
1.7,150,5,85,7697825.268
1.7,150,5,85.1,8577576.727
1.7,150,5,85.2,9897203.916
1.7,150,5,85.3,7477887.403
1.7,150,5,85.4,8797514.592
1.7,150,5,85.5,8137700.998
1.7,150,5,85.6,9017452.457
1.7,150,5,85.7,8357638.862
1.7,150,5,85.8,7917763.133
1.7,150,5,85.9,9677266.051
1.7,150,5,86,11656706.83
1.7,150,5,86.1,11216831.1
1.7,150,5,86.2,9897203.916
1.7,150,5,86.3,11436768.97
1.7,150,5,86.4,11436768.97
1.7,150,5,86.5,7917763.133
1.7,150,5,86.6,9677266.051
1.7,150,5,86.7,7697825.268
1.7,150,5,86.8,7697825.268
1.7,150,5,86.9,6598135.944
1.7,150,5,87,9017452.457
1.7,150,5,87.1,7477887.403
1.7,150,5,87.2,10337079.65
1.7,150,5,87.3,8137700.998
1.7,150,5,87.4,9017452.457
1.7,150,5,87.5,6598135.944
1.7,150,5,87.6,7917763.133
1.7,150,5,87.7,8357638.862
1.7,150,5,87.8,8137700.998
1.7,150,5,87.9,9457328.187
1.7,150,5,88,6598135.944
1.7,150,5,88.1,8797514.592
1.7,150,5,88.2,7477887.403
1.7,150,5,88.3,7038011.674
1.7,150,5,88.4,10117141.78
1.7,150,5,88.5,6158260.214
1.7,150,5,88.6,6598135.944
1.7,150,5,88.7,8357638.862
1.7,150,5,88.8,7917763.133
1.7,150,5,88.9,9237390.322
1.7,150,5,89,9457328.187
1.7,150,5,89.1,7477887.403
1.7,150,5,89.2,6378198.079
1.7,150,5,89.3,9237390.322
1.7,150,5,89.4,11436768.97
1.7,150,5,89.5,8357638.862
1.7,150,5,89.6,8577576.727
1.7,150,5,89.7,5498446.62
1.7,150,5,89.8,9677266.051
1.7,150,5,89.9,8797514.592
1.7,150,5,90,8577576.727
1.7,150,5,90.1,8137700.998
1.7,150,5,90.2,8797514.592
1.7,150,5,90.3,9237390.322
1.7,150,5,90.4,6598135.944
1.7,150,5,90.5,10117141.78
1.7,150,5,90.6,9897203.916
1.7,150,5,90.7,7477887.403
1.7,150,5,90.8,9237390.322
1.7,150,5,90.9,8797514.592
1.7,150,5,91,10117141.78
1.7,150,5,91.1,11436768.97
1.7,150,5,91.2,5498446.62
1.7,150,5,91.3,7917763.133
1.7,150,5,91.4,9237390.322
1.7,150,5,91.5,7917763.133
1.7,150,5,91.6,9457328.187
1.7,150,5,91.7,6818073.809
1.7,150,5,91.8,8797514.592
1.7,150,5,91.9,6818073.809
1.7,150,5,92,7917763.133
1.7,150,5,92.1,11436768.97
1.7,150,5,92.2,6818073.809
1.7,150,5,92.3,6818073.809
1.7,150,5,92.4,7477887.403
1.7,150,5,92.5,5938322.35
1.7,150,5,92.6,6378198.079
1.7,150,5,92.7,7038011.674
1.7,150,5,92.8,11436768.97
1.7,150,5,92.9,6158260.214
1.7,150,5,93,10117141.78
1.7,150,5,93.1,7477887.403
1.7,150,5,93.2,8577576.727
1.7,150,5,93.3,8357638.862
1.7,150,5,93.4,7697825.268
1.7,150,5,93.5,6378198.079
1.7,150,5,93.6,7917763.133
1.7,150,5,93.7,7477887.403
1.7,150,5,93.8,7257949.538
1.7,150,5,93.9,8577576.727
1.7,150,5,94,8357638.862
1.7,150,5,94.1,6598135.944
1.7,150,5,94.2,6598135.944
1.7,150,5,94.3,8137700.998
1.7,150,5,94.4,6818073.809
1.7,150,5,94.5,8357638.862
1.7,150,5,94.6,7917763.133
1.7,150,5,94.7,7697825.268
1.7,150,5,94.8,9017452.457
1.7,150,5,94.9,5498446.62
1.7,150,5,95,6818073.809
1.7,150,5,95.1,6818073.809
1.7,150,5,95.2,5938322.35
1.7,150,5,95.3,8797514.592
1.7,150,5,95.4,6158260.214
1.7,150,5,95.5,6598135.944
1.7,150,5,95.6,7917763.133
1.7,150,5,95.7,9237390.322
1.7,150,5,95.8,9457328.187
1.7,150,5,95.9,6818073.809
1.7,150,5,96,5718384.485
1.7,150,5,96.1,5058570.89
1.7,150,5,96.2,6598135.944
1.7,150,5,96.3,6598135.944
1.7,150,5,96.4,7257949.538
1.7,150,5,96.5,6598135.944
1.7,150,5,96.6,7917763.133
1.7,150,5,96.7,8357638.862
1.7,150,5,96.8,7257949.538
1.7,150,5,96.9,8137700.998
1.7,150,5,97,9457328.187
1.7,150,5,97.1,6598135.944
1.7,150,5,97.2,6598135.944
1.7,150,5,97.3,7038011.674
1.7,150,5,97.4,7697825.268
1.7,150,5,97.5,7257949.538
1.7,150,5,97.6,6598135.944
1.7,150,5,97.7,7257949.538
1.7,150,5,97.8,5498446.62
1.7,150,5,97.9,7257949.538
1.7,150,5,98,3519005.837
1.7,150,5,98.1,6158260.214
1.7,150,5,98.2,7697825.268
1.7,150,5,98.3,6598135.944
1.7,150,5,98.4,6818073.809
1.7,150,5,98.5,7697825.268
1.7,150,5,98.6,7038011.674
1.7,150,5,98.7,7697825.268
1.7,150,5,98.8,5498446.62
1.7,150,5,98.9,6158260.214
1.7,150,5,99,7917763.133
1.7,150,5,99.1,7477887.403
1.7,150,5,99.2,6598135.944
1.7,150,5,99.3,6598135.944
1.7,150,5,99.4,6598135.944
1.7,150,5,99.5,9457328.187
1.7,150,5,99.6,7257949.538
1.7,150,5,99.7,6158260.214
1.7,150,5,99.8,5718384.485
1.7,150,5,99.9,7257949.538
1.7,150,5,100,5938322.35
1.7,150,5,100.1,6378198.079
1.7,150,5,100.2,6158260.214
1.7,150,5,100.3,8357638.862
1.7,150,5,100.4,3958881.566
1.7,150,5,100.5,7917763.133
1.7,150,5,100.6,8137700.998
1.7,150,5,100.7,5718384.485
1.7,150,5,100.8,5938322.35
1.7,150,5,100.9,5718384.485
1.7,150,5,101,7038011.674
1.7,150,5,101.1,7257949.538
1.7,150,5,101.2,7917763.133
1.7,150,5,101.3,6818073.809
1.7,150,5,101.4,7477887.403
1.7,150,5,101.5,7697825.268
1.7,150,5,101.6,5718384.485
1.7,150,5,101.7,7697825.268
1.7,150,5,101.8,6598135.944
1.7,150,5,101.9,4178819.431
1.7,150,5,102,5718384.485
1.7,150,5,102.1,7917763.133
1.7,150,5,102.2,4618695.161
1.7,150,5,102.3,6598135.944
1.7,150,5,102.4,5058570.89
1.7,150,5,102.5,6818073.809
1.7,150,5,102.6,6598135.944
1.7,150,5,102.7,5718384.485
1.7,150,5,102.8,6158260.214
1.7,150,5,102.9,5278508.755
1.7,150,5,103,7697825.268
1.7,150,5,103.1,7038011.674
1.7,150,5,103.2,6158260.214
1.7,150,5,103.3,5938322.35
1.7,150,5,103.4,5718384.485
1.7,150,5,103.5,7477887.403
1.7,150,5,103.6,5058570.89
1.7,150,5,103.7,6818073.809
1.7,150,5,103.8,7477887.403
1.7,150,5,103.9,4398757.296
1.7,150,5,104,7038011.674
1.7,150,5,104.1,7038011.674
1.7,150,5,104.2,4838633.026
1.7,150,5,104.3,6158260.214
1.7,150,5,104.4,6158260.214
1.7,150,5,104.5,7697825.268
1.7,150,5,104.6,4618695.161
1.7,150,5,104.7,8797514.592
1.7,150,5,104.8,7477887.403
1.7,150,5,104.9,6158260.214
1.7,150,5,105,8797514.592
1.7,150,5,105.1,6598135.944
1.7,150,5,105.2,5498446.62
1.7,150,5,105.3,6598135.944
1.7,150,5,105.4,8137700.998
1.7,150,5,105.5,5718384.485
1.7,150,5,105.6,6818073.809
1.7,150,5,105.7,3738943.702
1.7,150,5,105.8,6158260.214
1.7,150,5,105.9,7257949.538
1.7,150,5,106,7477887.403
1.7,150,5,106.1,8357638.862
1.7,150,5,106.2,8137700.998
1.7,150,5,106.3,7257949.538
1.7,150,5,106.4,5278508.755
1.7,150,5,106.5,6378198.079
1.7,150,5,106.6,7257949.538
1.7,150,5,106.7,4618695.161
1.7,150,5,106.8,7038011.674
1.7,150,5,106.9,6818073.809
1.7,150,5,107,6158260.214
1.7,150,5,107.1,6598135.944
1.7,150,5,107.2,4398757.296
1.7,150,5,107.3,5718384.485
1.7,150,5,107.4,4618695.161
1.7,150,5,107.5,5938322.35
1.7,150,5,107.6,5938322.35
1.7,150,5,107.7,6158260.214
1.7,150,5,107.8,6378198.079
1.7,150,5,107.9,6378198.079
1.7,150,5,108,5938322.35
1.7,150,5,108.1,6598135.944
1.7,150,5,108.2,5718384.485
1.7,150,5,108.3,5498446.62
1.7,150,5,108.4,5058570.89
1.7,150,5,108.5,5278508.755
1.7,150,5,108.6,7038011.674
1.7,150,5,108.7,5498446.62
1.7,150,5,108.8,6378198.079
1.7,150,5,108.9,7038011.674
1.7,150,5,109,5278508.755
1.7,150,5,109.1,6818073.809
1.7,150,5,109.2,3519005.837
1.7,150,5,109.3,2639254.378
1.7,150,5,109.4,5278508.755
1.7,150,5,109.5,6818073.809
1.7,150,5,109.6,7038011.674
1.7,150,5,109.7,5058570.89
1.7,150,5,109.8,5278508.755
1.7,150,5,109.9,3299067.972
1.7,150,5,110,4838633.026
1.7,150,5,110.1,6598135.944
1.7,150,5,110.2,5498446.62
1.7,150,5,110.3,5278508.755
1.7,150,5,110.4,7038011.674
1.7,150,5,110.5,6158260.214
1.7,150,5,110.6,6158260.214
1.7,150,5,110.7,7257949.538
1.7,150,5,110.8,5718384.485
1.7,150,5,110.9,6818073.809
1.7,150,5,111,5938322.35
1.7,150,5,111.1,5278508.755
1.7,150,5,111.2,4838633.026
1.7,150,5,111.3,5938322.35
1.7,150,5,111.4,5278508.755
1.7,150,5,111.5,4178819.431
1.7,150,5,111.6,4618695.161
1.7,150,5,111.7,6158260.214
1.7,150,5,111.8,7697825.268
1.7,150,5,111.9,5278508.755
1.7,150,5,112,3519005.837
1.7,150,5,112.1,4838633.026
1.7,150,5,112.2,3958881.566
1.7,150,5,112.3,4838633.026
1.7,150,5,112.4,5498446.62
1.7,150,5,112.5,4618695.161
1.7,150,5,112.6,5498446.62
1.7,150,5,112.7,4398757.296
1.7,150,5,112.8,5498446.62
1.7,150,5,112.9,5278508.755
1.7,150,5,113,5938322.35
1.7,150,5,113.1,5718384.485
1.7,150,5,113.2,6158260.214
1.7,150,5,113.3,5278508.755
1.7,150,5,113.4,7697825.268
1.7,150,5,113.5,5278508.755
1.7,150,5,113.6,5718384.485
1.7,150,5,113.7,3079130.107
1.7,150,5,113.8,4398757.296
1.7,150,5,113.9,6598135.944
1.7,150,5,114,4838633.026
1.7,150,5,114.1,5058570.89
1.7,150,5,114.2,4618695.161
1.7,150,5,114.3,6158260.214
1.7,150,5,114.4,3958881.566
1.7,150,5,114.5,5058570.89
1.7,150,5,114.6,4178819.431
1.7,150,5,114.7,3958881.566
1.7,150,5,114.8,3299067.972
1.7,150,5,114.9,5498446.62
1.7,150,5,115,3958881.566
1.7,150,5,115.1,4618695.161
1.7,150,5,115.2,6598135.944
1.7,150,5,115.3,6378198.079
1.7,150,5,115.4,6158260.214
1.7,150,5,115.5,3299067.972
1.7,150,5,115.6,3738943.702
1.7,150,5,115.7,4398757.296
1.7,150,5,115.8,5058570.89
1.7,150,5,115.9,5938322.35
1.7,150,5,116,4838633.026
1.7,150,5,116.1,4838633.026
1.7,150,5,116.2,5718384.485
1.7,150,5,116.3,4398757.296
1.7,150,5,116.4,7257949.538
1.7,150,5,116.5,5938322.35
1.7,150,5,116.6,4838633.026
1.7,150,5,116.7,3958881.566
1.7,150,5,116.8,3079130.107
1.7,150,5,116.9,4178819.431
1.7,150,5,117,6378198.079
1.7,150,5,117.1,5938322.35
1.7,150,5,117.2,4398757.296
1.7,150,5,117.3,4838633.026
1.7,150,5,117.4,7038011.674
1.7,150,5,117.5,2859192.242
1.7,150,5,117.6,3738943.702
1.7,150,5,117.7,4838633.026
1.7,150,5,117.8,4398757.296
1.7,150,5,117.9,3958881.566
1.7,150,5,118,3079130.107
1.7,150,5,118.1,5938322.35
1.7,150,5,118.2,3738943.702
1.7,150,5,118.3,7038011.674
1.7,150,5,118.4,5058570.89
1.7,150,5,118.5,5278508.755
1.7,150,5,118.6,3958881.566
1.7,150,5,118.7,3958881.566
1.7,150,5,118.8,6158260.214
1.7,150,5,118.9,5498446.62
1.7,150,5,119,4838633.026
1.7,150,5,119.1,3738943.702
1.7,150,5,119.2,4398757.296
1.7,150,5,119.3,3958881.566
1.7,150,5,119.4,2639254.378
1.7,150,5,119.5,4398757.296
1.7,150,5,119.6,2639254.378
1.7,150,5,119.7,3958881.566
1.7,150,5,119.8,5718384.485
1.7,150,5,119.9,5718384.485
1.7,150,5,120,5938322.35
1.7,150,5,120.1,3079130.107
1.7,150,5,120.2,3738943.702
1.7,150,5,120.3,3519005.837
1.7,150,5,120.4,5498446.62
1.7,150,5,120.5,4398757.296
1.7,150,5,120.6,4398757.296
1.7,150,5,120.7,3299067.972
1.7,150,5,120.8,5278508.755
1.7,150,5,120.9,4398757.296
1.7,150,5,121,4178819.431
1.7,150,5,121.1,5498446.62
1.7,150,5,121.2,3079130.107
1.7,150,5,121.3,3738943.702
1.7,150,5,121.4,4838633.026
1.7,150,5,121.5,4178819.431
1.7,150,5,121.6,5498446.62
1.7,150,5,121.7,3958881.566
1.7,150,5,121.8,3738943.702
1.7,150,5,121.9,3299067.972
1.7,150,5,122,6158260.214
1.7,150,5,122.1,2859192.242
1.7,150,5,122.2,1979440.783
1.7,150,5,122.3,5058570.89
1.7,150,5,122.4,3299067.972
1.7,150,5,122.5,1979440.783
1.7,150,5,122.6,3958881.566
1.7,150,5,122.7,4178819.431
1.7,150,5,122.8,3299067.972
1.7,150,5,122.9,3079130.107
1.7,150,5,123,4838633.026
1.7,150,5,123.1,4398757.296
1.7,150,5,123.2,2859192.242
1.7,150,5,123.3,3958881.566
1.7,150,5,123.4,2859192.242
1.7,150,5,123.5,5498446.62
1.7,150,5,123.6,4178819.431
1.7,150,5,123.7,3738943.702
1.7,150,5,123.8,4838633.026
1.7,150,5,123.9,4618695.161
1.7,150,5,124,3519005.837
1.7,150,5,124.1,6378198.079
1.7,150,5,124.2,3519005.837
1.7,150,5,124.3,3299067.972
1.7,150,5,124.4,3519005.837
1.7,150,5,124.5,3958881.566
1.7,150,5,124.6,4178819.431
1.7,150,5,124.7,3079130.107
1.7,150,5,124.8,2859192.242
1.7,150,5,124.9,4398757.296
1.7,150,5,125,4398757.296
1.7,150,5,125.1,6818073.809
1.7,150,5,125.2,4398757.296
1.7,150,5,125.3,3738943.702
1.7,150,5,125.4,3738943.702
1.7,150,5,125.5,4178819.431
1.7,150,5,125.6,4618695.161
1.7,150,5,125.7,4178819.431
1.7,150,5,125.8,4398757.296
1.7,150,5,125.9,3079130.107
1.7,150,5,126,4178819.431
1.7,150,5,126.1,3738943.702
1.7,150,5,126.2,4178819.431
1.7,150,5,126.3,3738943.702
1.7,150,5,126.4,4398757.296
1.7,150,5,126.5,3958881.566
1.7,150,5,126.6,5278508.755
1.7,150,5,126.7,2199378.648
1.7,150,5,126.8,3519005.837
1.7,150,5,126.9,3299067.972
1.7,150,5,127,5058570.89
1.7,150,5,127.1,2859192.242
1.7,150,5,127.2,3958881.566
1.7,150,5,127.3,2419316.513
1.7,150,5,127.4,4838633.026
1.7,150,5,127.5,4398757.296
1.7,150,5,127.6,3079130.107
1.7,150,5,127.7,2859192.242
1.7,150,5,127.8,3738943.702
1.7,150,5,127.9,3958881.566
1.7,150,5,128,4838633.026
1.7,150,5,128.1,3738943.702
1.7,150,5,128.2,4178819.431
1.7,150,5,128.3,1759502.918
1.7,150,5,128.4,3519005.837
1.7,150,5,128.5,4178819.431
1.7,150,5,128.6,2639254.378
1.7,150,5,128.7,2859192.242
1.7,150,5,128.8,3079130.107
1.7,150,5,128.9,3738943.702
1.7,150,5,129,3079130.107
1.7,150,5,129.1,4178819.431
1.7,150,5,129.2,3079130.107
1.7,150,5,129.3,4838633.026
1.7,150,5,129.4,2419316.513
1.7,150,5,129.5,3958881.566
1.7,150,5,129.6,3299067.972
1.7,150,5,129.7,2199378.648
1.7,150,5,129.8,2419316.513
1.7,150,5,129.9,4398757.296
1.7,150,5,130,5058570.89
1.7,150,5,130.1,4618695.161
1.7,150,5,130.2,1759502.918
1.7,150,5,130.3,3079130.107
1.7,150,5,130.4,2419316.513
1.7,150,5,130.5,2419316.513
1.7,150,5,130.6,5058570.89
1.7,150,5,130.7,2639254.378
1.7,150,5,130.8,3079130.107
1.7,150,5,130.9,2419316.513
1.7,150,5,131,3299067.972
1.7,150,5,131.1,3519005.837
1.7,150,5,131.2,3079130.107
1.7,150,5,131.3,3079130.107
1.7,150,5,131.4,2419316.513
1.7,150,5,131.5,2419316.513
1.7,150,5,131.6,2199378.648
1.7,150,5,131.7,3519005.837
1.7,150,5,131.8,3738943.702
1.7,150,5,131.9,2859192.242
1.7,150,5,132,3079130.107
1.7,150,5,132.1,3519005.837
1.7,150,5,132.2,3738943.702
1.7,150,5,132.3,3519005.837
1.7,150,5,132.4,3299067.972
1.7,150,5,132.5,4838633.026
1.7,150,5,132.6,3738943.702
1.7,150,5,132.7,2859192.242
1.7,150,5,132.8,3299067.972
1.7,150,5,132.9,3079130.107
1.7,150,5,133,4398757.296
1.7,150,5,133.1,2859192.242
1.7,150,5,133.2,2639254.378
1.7,150,5,133.3,3299067.972
1.7,150,5,133.4,2419316.513
1.7,150,5,133.5,4618695.161
1.7,150,5,133.6,2639254.378
1.7,150,5,133.7,3519005.837
1.7,150,5,133.8,2419316.513
1.7,150,5,133.9,2199378.648
1.7,150,5,134,1979440.783
1.7,150,5,134.1,3299067.972
1.7,150,5,134.2,3299067.972
1.7,150,5,134.3,2859192.242
1.7,150,5,134.4,3079130.107
1.7,150,5,134.5,3079130.107
1.7,150,5,134.6,2639254.378
1.7,150,5,134.7,2199378.648
1.7,150,5,134.8,2639254.378
1.7,150,5,134.9,1979440.783
1.7,150,5,135,4178819.431
1.7,150,5,135.1,2199378.648
1.7,150,5,135.2,2859192.242
1.7,150,5,135.3,2859192.242
1.7,150,5,135.4,2859192.242
1.7,150,5,135.5,5498446.62
1.7,150,5,135.6,4398757.296
1.7,150,5,135.7,3738943.702
1.7,150,5,135.8,1759502.918
1.7,150,5,135.9,3079130.107
1.7,150,5,136,4178819.431
1.7,150,5,136.1,3299067.972
1.7,150,5,136.2,3519005.837
1.7,150,5,136.3,4618695.161
1.7,150,5,136.4,2199378.648
1.7,150,5,136.5,2639254.378
1.7,150,5,136.6,3079130.107
1.7,150,5,136.7,2859192.242
1.7,150,5,136.8,3079130.107
1.7,150,5,136.9,2639254.378
1.7,150,5,137,1759502.918
1.7,150,5,137.1,1759502.918
1.7,150,5,137.2,2639254.378
1.7,150,5,137.3,4178819.431
1.7,150,5,137.4,2199378.648
1.7,150,5,137.5,659813.5944
1.7,150,5,137.6,2859192.242
1.7,150,5,137.7,2859192.242
1.7,150,5,137.8,2639254.378
1.7,150,5,137.9,3738943.702
1.7,150,5,138,3738943.702
1.7,150,5,138.1,2639254.378
1.7,150,5,138.2,2419316.513
1.7,150,5,138.3,2859192.242
1.7,150,5,138.4,2639254.378
1.7,150,5,138.5,3519005.837
1.7,150,5,138.6,2859192.242
1.7,150,5,138.7,2859192.242
1.7,150,5,138.8,2639254.378
1.7,150,5,138.9,1759502.918
1.7,150,5,139,2419316.513
1.7,150,5,139.1,2859192.242
1.7,150,5,139.2,1979440.783
1.7,150,5,139.3,1099689.324
1.7,150,5,139.4,879751.4592
1.7,150,5,139.5,1319627.189
1.7,150,5,139.6,3299067.972
1.7,150,5,139.7,1979440.783
1.7,150,5,139.8,2199378.648
1.7,150,5,139.9,2419316.513
1.7,150,5,140,2859192.242
1.7,150,5,140.1,1539565.054
1.7,150,5,140.2,2639254.378
1.7,150,5,140.3,2859192.242
1.7,150,5,140.4,2419316.513
1.7,150,5,140.5,2859192.242
1.7,150,5,140.6,1979440.783
1.7,150,5,140.7,3079130.107
1.7,150,5,140.8,2199378.648
1.7,150,5,140.9,1979440.783
1.7,150,5,141,2639254.378
1.7,150,5,141.1,1759502.918
1.7,150,5,141.2,2199378.648
1.7,150,5,141.3,1319627.189
1.7,150,5,141.4,2199378.648
1.7,150,5,141.5,2199378.648
1.7,150,5,141.6,2199378.648
1.7,150,5,141.7,2639254.378
1.7,150,5,141.8,1539565.054
1.7,150,5,141.9,2859192.242
1.7,150,5,142,2859192.242
1.7,150,5,142.1,1319627.189
1.7,150,5,142.2,1759502.918
1.7,150,5,142.3,1539565.054
1.7,150,5,142.4,439875.7296
1.7,150,5,142.5,2639254.378
1.7,150,5,142.6,2199378.648
1.7,150,5,142.7,3079130.107
1.7,150,5,142.8,2859192.242
1.7,150,5,142.9,879751.4592
1.7,150,5,143,2199378.648
1.7,150,5,143.1,1759502.918
1.7,150,5,143.2,1759502.918
1.7,150,5,143.3,2639254.378
1.7,150,5,143.4,2419316.513
1.7,150,5,143.5,1319627.189
1.7,150,5,143.6,879751.4592
1.7,150,5,143.7,1759502.918
1.7,150,5,143.8,2859192.242
1.7,150,5,143.9,1319627.189
1.7,150,5,144,1759502.918
1.7,150,5,144.1,3079130.107
1.7,150,5,144.2,2859192.242
1.7,150,5,144.3,1539565.054
1.7,150,5,144.4,1979440.783
1.7,150,5,144.5,1319627.189
1.7,150,5,144.6,659813.5944
1.7,150,5,144.7,1099689.324
1.7,150,5,144.8,1759502.918
1.7,150,5,144.9,2859192.242
1.7,150,5,145,1099689.324
1.7,150,5,145.1,1319627.189
1.7,150,5,145.2,1539565.054
1.7,150,5,145.3,1539565.054
1.7,150,5,145.4,1099689.324
1.7,150,5,145.5,879751.4592
1.7,150,5,145.6,879751.4592
1.7,150,5,145.7,659813.5944
1.7,150,5,145.8,2639254.378
1.7,150,5,145.9,879751.4592
1.7,150,5,146,1539565.054
1.7,150,5,146.1,1319627.189
1.7,150,5,146.2,1539565.054
1.7,150,5,146.3,1759502.918
1.7,150,5,146.4,879751.4592
1.7,150,5,146.5,1759502.918
1.7,150,5,146.6,1979440.783
1.7,150,5,146.7,219937.8648
1.7,150,5,146.8,1319627.189
1.7,150,5,146.9,1539565.054
1.7,150,5,147,1319627.189
1.7,150,5,147.1,879751.4592
1.7,150,5,147.2,1319627.189
1.7,150,5,147.3,219937.8648
1.7,150,5,147.4,1319627.189
1.7,150,5,147.5,1099689.324
1.7,150,5,147.6,659813.5944
1.7,150,5,147.7,1319627.189
1.7,150,5,147.8,219937.8648
1.7,150,5,147.9,1759502.918
1.7,150,5,148,1099689.324
1.7,150,5,148.1,1319627.189
1.7,150,5,148.2,1759502.918
1.7,150,5,148.3,439875.7296
1.7,150,5,148.4,439875.7296
1.7,150,5,148.5,659813.5944
1.7,150,5,148.6,1099689.324
1.7,150,5,148.8,1319627.189
1.7,150,5,148.9,1099689.324
1.7,150,5,149,659813.5944
1.7,150,5,149.1,879751.4592
1.7,150,5,149.2,439875.7296
1.7,150,5,149.3,219937.8648
1.7,150,5,149.4,219937.8648
1.7,150,5,149.5,439875.7296
1.7,150,5,149.6,439875.7296
1.7,150,5,149.7,439875.7296
1.7,150,5,149.8,1099689.324
1.7,150,5,149.9,659813.5944
1.7,150,5,150,659813.5944
1.7,40,7,5.4,97736.93478
1.7,40,7,5.5,97736.93478
1.7,40,7,5.6,97736.93478
1.7,40,7,5.7,97736.93478
1.7,40,7,5.8,390947.7391
1.7,40,7,5.9,684158.5434
1.7,40,7,6,97736.93478
1.7,40,7,6.1,488684.6739
1.7,40,7,6.2,488684.6739
1.7,40,7,6.3,1172843.217
1.7,40,7,6.4,1172843.217
1.7,40,7,6.5,879632.413
1.7,40,7,6.6,977369.3478
1.7,40,7,6.7,1759264.826
1.7,40,7,6.8,1857001.761
1.7,40,7,6.9,1759264.826
1.7,40,7,7,1563790.956
1.7,40,7,7.1,1368317.087
1.7,40,7,7.2,2247949.5
1.7,40,7,7.3,3127581.913
1.7,40,7,7.4,8112165.587
1.7,40,7,7.5,3029844.978
1.7,40,7,7.6,4300425.13
1.7,40,7,7.7,5180057.543
1.7,40,7,7.8,4984583.674
1.7,40,7,7.9,5180057.543
1.7,40,7,8,6743848.5
1.7,40,7,8.1,4789109.804
1.7,40,7,8.2,5766479.152
1.7,40,7,8.3,22479495
1.7,40,7,8.4,136343024
1.7,40,7,8.5,7134796.239
1.7,40,7,8.6,10360115.09
1.7,40,7,8.7,7721217.847
1.7,40,7,8.8,9871430.413
1.7,40,7,8.9,8991798
1.7,40,7,9,7623480.913
1.7,40,7,9.1,8405376.391
1.7,40,7,9.2,10164641.22
1.7,40,7,9.3,10457852.02
1.7,40,7,9.4,9675956.543
1.7,40,7,9.5,17983596
1.7,40,7,9.6,14074118.61
1.7,40,7,9.7,126080645.9
1.7,40,7,9.8,20817967.11
1.7,40,7,9.9,16908489.72
1.7,40,7,10,60890110.37
1.7,40,7,10.1,12901275.39
1.7,40,7,10.2,10555588.96
1.7,40,7,10.3,2541160.304
1.7,40,7,10.4,2247949.5
1.7,40,7,10.5,2150212.565
1.7,40,7,10.6,2150212.565
1.7,40,7,10.7,3420792.717
1.7,40,7,10.8,4300425.13
1.7,40,7,10.9,2932108.043
1.7,40,7,11,3811740.456
1.7,40,7,11.1,3029844.978
1.7,40,7,11.2,2150212.565
1.7,40,7,11.3,14074118.61
1.7,40,7,11.4,2932108.043
1.7,40,7,11.5,3323055.782
1.7,40,7,11.6,1759264.826
1.7,40,7,11.7,2638897.239
1.7,40,7,11.8,1954738.696
1.7,40,7,11.9,2638897.239
1.7,40,7,12,2736634.174
1.7,40,7,12.1,2638897.239
1.7,40,7,12.2,2345686.435
1.7,40,7,12.3,2345686.435
1.7,40,7,12.4,1954738.696
1.7,40,7,12.5,1563790.956
1.7,40,7,12.6,1954738.696
1.7,40,7,12.7,2541160.304
1.7,40,7,12.8,2150212.565
1.7,40,7,12.9,1857001.761
1.7,40,7,13,3029844.978
1.7,40,7,13.1,2443423.369
1.7,40,7,13.2,3420792.717
1.7,40,7,13.3,1954738.696
1.7,40,7,13.4,2541160.304
1.7,40,7,13.5,3127581.913
1.7,40,7,13.6,4104951.261
1.7,40,7,13.7,2345686.435
1.7,40,7,13.8,2834371.109
1.7,40,7,13.9,2932108.043
1.7,40,7,14,3714003.522
1.7,40,7,14.1,3811740.456
1.7,40,7,14.2,4495899
1.7,40,7,14.3,3909477.391
1.7,40,7,14.4,2443423.369
1.7,40,7,14.5,4886846.739
1.7,40,7,14.6,3616266.587
1.7,40,7,14.7,5082320.608
1.7,40,7,14.8,3323055.782
1.7,40,7,14.9,4202688.195
1.7,40,7,15,3811740.456
1.7,40,7,15.1,5082320.608
1.7,40,7,15.2,4495899
1.7,40,7,15.3,4007214.326
1.7,40,7,15.4,5180057.543
1.7,40,7,15.5,4984583.674
1.7,40,7,15.6,5375531.413
1.7,40,7,15.7,5571005.282
1.7,40,7,15.8,5961953.021
1.7,40,7,15.9,4886846.739
1.7,40,7,16,5668742.217
1.7,40,7,16.1,5864216.087
1.7,40,7,16.2,4886846.739
1.7,40,7,16.3,6743848.5
1.7,40,7,16.4,7232533.174
1.7,40,7,16.5,6352900.761
1.7,40,7,16.6,4691372.869
1.7,40,7,16.7,7525743.978
1.7,40,7,16.8,6743848.5
1.7,40,7,16.9,4886846.739
1.7,40,7,17,5375531.413
1.7,40,7,17.1,6059689.956
1.7,40,7,17.2,5473268.348
1.7,40,7,17.3,6548374.63
1.7,40,7,17.4,5961953.021
1.7,40,7,17.5,4691372.869
1.7,40,7,17.6,6352900.761
1.7,40,7,17.7,6646111.565
1.7,40,7,17.8,5961953.021
1.7,40,7,17.9,9382745.739
1.7,40,7,18,5473268.348
1.7,40,7,18.1,8796324.13
1.7,40,7,18.2,7134796.239
1.7,40,7,18.3,7232533.174
1.7,40,7,18.4,6157426.891
1.7,40,7,18.5,7525743.978
1.7,40,7,18.6,5961953.021
1.7,40,7,18.7,6450637.695
1.7,40,7,18.8,7037059.304
1.7,40,7,18.9,7623480.913
1.7,40,7,19,6450637.695
1.7,40,7,19.1,7623480.913
1.7,40,7,19.2,6450637.695
1.7,40,7,19.3,8014428.652
1.7,40,7,19.4,7232533.174
1.7,40,7,19.5,6450637.695
1.7,40,7,19.6,7134796.239
1.7,40,7,19.7,7134796.239
1.7,40,7,19.8,6352900.761
1.7,40,7,19.9,5277794.478
1.7,40,7,20,6548374.63
1.7,40,7,20.1,6743848.5
1.7,40,7,20.2,7428007.043
1.7,40,7,20.3,6743848.5
1.7,40,7,20.4,6646111.565
1.7,40,7,20.5,8698587.195
1.7,40,7,20.6,8112165.587
1.7,40,7,20.7,7916691.717
1.7,40,7,20.8,6450637.695
1.7,40,7,20.9,7134796.239
1.7,40,7,21,8014428.652
1.7,40,7,21.1,7721217.847
1.7,40,7,21.2,7721217.847
1.7,40,7,21.3,6157426.891
1.7,40,7,21.4,8698587.195
1.7,40,7,21.5,6255163.826
1.7,40,7,21.6,6841585.434
1.7,40,7,21.7,9675956.543
1.7,40,7,21.8,6646111.565
1.7,40,7,21.9,7818954.782
1.7,40,7,22,6743848.5
1.7,40,7,22.1,7916691.717
1.7,40,7,22.2,5961953.021
1.7,40,7,22.3,8503113.326
1.7,40,7,22.4,7232533.174
1.7,40,7,22.5,6255163.826
1.7,40,7,22.6,5668742.217
1.7,40,7,22.7,7232533.174
1.7,40,7,22.8,7525743.978
1.7,40,7,22.9,7428007.043
1.7,40,7,23,7623480.913
1.7,40,7,23.1,6352900.761
1.7,40,7,23.2,7134796.239
1.7,40,7,23.3,7916691.717
1.7,40,7,23.4,7818954.782
1.7,40,7,23.5,7623480.913
1.7,40,7,23.6,7623480.913
1.7,40,7,23.7,7330270.108
1.7,40,7,23.8,8112165.587
1.7,40,7,23.9,7818954.782
1.7,40,7,24,6450637.695
1.7,40,7,24.1,7818954.782
1.7,40,7,24.2,7623480.913
1.7,40,7,24.3,8209902.521
1.7,40,7,24.4,6157426.891
1.7,40,7,24.5,7134796.239
1.7,40,7,24.6,5668742.217
1.7,40,7,24.7,7232533.174
1.7,40,7,24.8,8405376.391
1.7,40,7,24.9,6841585.434
1.7,40,7,25,7428007.043
1.7,40,7,25.1,8503113.326
1.7,40,7,25.2,8405376.391
1.7,40,7,25.3,4886846.739
1.7,40,7,25.4,6255163.826
1.7,40,7,25.5,7525743.978
1.7,40,7,25.6,7037059.304
1.7,40,7,25.7,4789109.804
1.7,40,7,25.8,6646111.565
1.7,40,7,25.9,6352900.761
1.7,40,7,26,7916691.717
1.7,40,7,26.1,7525743.978
1.7,40,7,26.2,6841585.434
1.7,40,7,26.3,7623480.913
1.7,40,7,26.4,5766479.152
1.7,40,7,26.5,7916691.717
1.7,40,7,26.6,7037059.304
1.7,40,7,26.7,5473268.348
1.7,40,7,26.8,6157426.891
1.7,40,7,26.9,7623480.913
1.7,40,7,27,7330270.108
1.7,40,7,27.1,7916691.717
1.7,40,7,27.2,7232533.174
1.7,40,7,27.3,6059689.956
1.7,40,7,27.4,6646111.565
1.7,40,7,27.5,7330270.108
1.7,40,7,27.6,6352900.761
1.7,40,7,27.7,6548374.63
1.7,40,7,27.8,5571005.282
1.7,40,7,27.9,5864216.087
1.7,40,7,28,6646111.565
1.7,40,7,28.1,6059689.956
1.7,40,7,28.2,7037059.304
1.7,40,7,28.3,6743848.5
1.7,40,7,28.4,6450637.695
1.7,40,7,28.5,6939322.369
1.7,40,7,28.6,6548374.63
1.7,40,7,28.7,6255163.826
1.7,40,7,28.8,5082320.608
1.7,40,7,28.9,5571005.282
1.7,40,7,29,5277794.478
1.7,40,7,29.1,5571005.282
1.7,40,7,29.2,6841585.434
1.7,40,7,29.3,4202688.195
1.7,40,7,29.4,4886846.739
1.7,40,7,29.5,6646111.565
1.7,40,7,29.6,5571005.282
1.7,40,7,29.7,5571005.282
1.7,40,7,29.8,5473268.348
1.7,40,7,29.9,5375531.413
1.7,40,7,30,6157426.891
1.7,40,7,30.1,6939322.369
1.7,40,7,30.2,6352900.761
1.7,40,7,30.3,6450637.695
1.7,40,7,30.4,5766479.152
1.7,40,7,30.5,5473268.348
1.7,40,7,30.6,5375531.413
1.7,40,7,30.7,5473268.348
1.7,40,7,30.8,6059689.956
1.7,40,7,30.9,5766479.152
1.7,40,7,31,5473268.348
1.7,40,7,31.1,4495899
1.7,40,7,31.2,5375531.413
1.7,40,7,31.3,5180057.543
1.7,40,7,31.4,6352900.761
1.7,40,7,31.5,5375531.413
1.7,40,7,31.6,5668742.217
1.7,40,7,31.7,5180057.543
1.7,40,7,31.8,4007214.326
1.7,40,7,31.9,5766479.152
1.7,40,7,32,5473268.348
1.7,40,7,32.1,4984583.674
1.7,40,7,32.2,4789109.804
1.7,40,7,32.3,3714003.522
1.7,40,7,32.4,6352900.761
1.7,40,7,32.5,4886846.739
1.7,40,7,32.6,4789109.804
1.7,40,7,32.7,4495899
1.7,40,7,32.8,4789109.804
1.7,40,7,32.9,4495899
1.7,40,7,33,5180057.543
1.7,40,7,33.1,4691372.869
1.7,40,7,33.2,4789109.804
1.7,40,7,33.3,3909477.391
1.7,40,7,33.4,3909477.391
1.7,40,7,33.5,4984583.674
1.7,40,7,33.6,4104951.261
1.7,40,7,33.7,4789109.804
1.7,40,7,33.8,3909477.391
1.7,40,7,33.9,4691372.869
1.7,40,7,34,4202688.195
1.7,40,7,34.1,4007214.326
1.7,40,7,34.2,4593635.935
1.7,40,7,34.3,4593635.935
1.7,40,7,34.4,4007214.326
1.7,40,7,34.5,4007214.326
1.7,40,7,34.6,4104951.261
1.7,40,7,34.7,4398162.065
1.7,40,7,34.8,5766479.152
1.7,40,7,34.9,4398162.065
1.7,40,7,35,3518529.652
1.7,40,7,35.1,2932108.043
1.7,40,7,35.2,2932108.043
1.7,40,7,35.3,2736634.174
1.7,40,7,35.4,3420792.717
1.7,40,7,35.5,3225318.848
1.7,40,7,35.6,4104951.261
1.7,40,7,35.7,3029844.978
1.7,40,7,35.8,3518529.652
1.7,40,7,35.9,3714003.522
1.7,40,7,36,2247949.5
1.7,40,7,36.1,3127581.913
1.7,40,7,36.2,3127581.913
1.7,40,7,36.3,2834371.109
1.7,40,7,36.4,3029844.978
1.7,40,7,36.5,3225318.848
1.7,40,7,36.6,3616266.587
1.7,40,7,36.7,3127581.913
1.7,40,7,36.8,3420792.717
1.7,40,7,36.9,3323055.782
1.7,40,7,37,1759264.826
1.7,40,7,37.1,2052475.63
1.7,40,7,37.2,2247949.5
1.7,40,7,37.3,3127581.913
1.7,40,7,37.4,2541160.304
1.7,40,7,37.5,1661527.891
1.7,40,7,37.6,2443423.369
1.7,40,7,37.7,2638897.239
1.7,40,7,37.8,3225318.848
1.7,40,7,37.9,1661527.891
1.7,40,7,38,1954738.696
1.7,40,7,38.1,2052475.63
1.7,40,7,38.2,3029844.978
1.7,40,7,38.3,1270580.152
1.7,40,7,38.4,1759264.826
1.7,40,7,38.5,1954738.696
1.7,40,7,38.6,1563790.956
1.7,40,7,38.7,2150212.565
1.7,40,7,38.8,1075106.283
1.7,40,7,38.9,2052475.63
1.7,40,7,39,1368317.087
1.7,40,7,39.1,1857001.761
1.7,40,7,39.2,1368317.087
1.7,40,7,39.3,1172843.217
1.7,40,7,39.4,1563790.956
1.7,40,7,39.5,586421.6087
1.7,40,7,39.6,977369.3478
1.7,40,7,39.7,1466054.022
1.7,40,7,39.8,977369.3478
1.7,40,7,39.9,390947.7391
1.7,80,7,4.6,160149.8776
1.7,80,7,4.9,320299.7552
1.7,80,7,5,480449.6328
1.7,80,7,5.2,480449.6328
1.7,80,7,5.3,320299.7552
1.7,80,7,5.4,1281199.021
1.7,80,7,5.5,480449.6328
1.7,80,7,5.6,1121049.143
1.7,80,7,5.7,1601498.776
1.7,80,7,5.8,1601498.776
1.7,80,7,5.9,1121049.143
1.7,80,7,6,1441348.898
1.7,80,7,6.1,2882697.797
1.7,80,7,6.2,2562398.042
1.7,80,7,6.3,4324046.695
1.7,80,7,6.4,3683447.185
1.7,80,7,6.5,4003746.94
1.7,80,7,6.6,4003746.94
1.7,80,7,6.7,4644346.451
1.7,80,7,6.8,8007493.88
1.7,80,7,6.9,6245845.227
1.7,80,7,7,7527044.248
1.7,80,7,7.1,7206744.492
1.7,80,7,7.2,8648093.391
1.7,80,7,7.3,11530791.19
1.7,80,7,7.4,35232973.07
1.7,80,7,7.5,11050341.55
1.7,80,7,7.6,13132289.96
1.7,80,7,7.7,11210491.43
1.7,80,7,7.8,13612739.6
1.7,80,7,7.9,17936786.29
1.7,80,7,8,15534538.13
1.7,80,7,8.1,16335287.52
1.7,80,7,8.2,19378135.19
1.7,80,7,8.3,90324530.97
1.7,80,7,8.4,652931051
1.7,80,7,8.5,24022481.64
1.7,80,7,8.6,20819484.09
1.7,80,7,8.7,23221732.25
1.7,80,7,8.8,30588626.62
1.7,80,7,8.9,19057835.44
1.7,80,7,9,22420982.87
1.7,80,7,9.1,24502931.27
1.7,80,7,9.2,23862331.76
1.7,80,7,9.3,28826977.97
1.7,80,7,9.4,27545778.95
1.7,80,7,9.5,51408110.71
1.7,80,7,9.6,38916420.26
1.7,80,7,9.7,539384787.8
1.7,80,7,9.8,73829093.58
1.7,80,7,9.9,54931408.02
1.7,80,7,10,256880403.7
1.7,80,7,10.1,33631474.3
1.7,80,7,10.2,33951774.05
1.7,80,7,10.3,8327793.636
1.7,80,7,10.4,11050341.55
1.7,80,7,10.5,9608992.656
1.7,80,7,10.6,11370641.31
1.7,80,7,10.7,8327793.636
1.7,80,7,10.8,12171390.7
1.7,80,7,10.9,11210491.43
1.7,80,7,11,12972140.09
1.7,80,7,11.1,12491690.45
1.7,80,7,11.2,12011240.82
1.7,80,7,11.3,58134405.57
1.7,80,7,11.4,9929292.412
1.7,80,7,11.5,10890191.68
1.7,80,7,11.6,10890191.68
1.7,80,7,11.7,9288692.901
1.7,80,7,11.8,8167643.758
1.7,80,7,11.9,7847344.003
1.7,80,7,12,9448842.779
1.7,80,7,12.1,6726294.86
1.7,80,7,12.2,4644346.451
1.7,80,7,12.3,6886444.737
1.7,80,7,12.4,5284945.961
1.7,80,7,12.5,7046594.615
1.7,80,7,12.6,9128543.024
1.7,80,7,12.7,8167643.758
1.7,80,7,12.8,6566144.982
1.7,80,7,12.9,7366894.37
1.7,80,7,13,9929292.412
1.7,80,7,13.1,9929292.412
1.7,80,7,13.2,9608992.656
1.7,80,7,13.3,10249592.17
1.7,80,7,13.4,11370641.31
1.7,80,7,13.5,10249592.17
1.7,80,7,13.6,11370641.31
1.7,80,7,13.7,11851090.94
1.7,80,7,13.8,11690941.07
1.7,80,7,13.9,9769142.534
1.7,80,7,14,12811990.21
1.7,80,7,14.1,11370641.31
1.7,80,7,14.2,12972140.09
1.7,80,7,14.3,12171390.7
1.7,80,7,14.4,14093189.23
1.7,80,7,14.5,11851090.94
1.7,80,7,14.6,12011240.82
1.7,80,7,14.7,14733788.74
1.7,80,7,14.8,11370641.31
1.7,80,7,14.9,14413488.98
1.7,80,7,15,14093189.23
1.7,80,7,15.1,11370641.31
1.7,80,7,15.2,11210491.43
1.7,80,7,15.3,16335287.52
1.7,80,7,15.4,12811990.21
1.7,80,7,15.5,16335287.52
1.7,80,7,15.6,16014987.76
1.7,80,7,15.7,11690941.07
1.7,80,7,15.8,12811990.21
1.7,80,7,15.9,13292439.84
1.7,80,7,16,15214238.37
1.7,80,7,16.1,17776636.41
1.7,80,7,16.2,16655587.27
1.7,80,7,16.3,15374388.25
1.7,80,7,16.4,14413488.98
1.7,80,7,16.5,16014987.76
1.7,80,7,16.6,18897685.56
1.7,80,7,16.7,19217985.31
1.7,80,7,16.8,19538285.07
1.7,80,7,16.9,17616486.54
1.7,80,7,17,15694688.01
1.7,80,7,17.1,19378135.19
1.7,80,7,17.2,17456336.66
1.7,80,7,17.3,18257086.05
1.7,80,7,17.4,18257086.05
1.7,80,7,17.5,17776636.41
1.7,80,7,17.6,17776636.41
1.7,80,7,17.7,17456336.66
1.7,80,7,17.8,17776636.41
1.7,80,7,17.9,18897685.56
1.7,80,7,18,18417235.92
1.7,80,7,18.1,19057835.44
1.7,80,7,18.2,18897685.56
1.7,80,7,18.3,21620233.48
1.7,80,7,18.4,19217985.31
1.7,80,7,18.5,22901432.5
1.7,80,7,18.6,23221732.25
1.7,80,7,18.7,18417235.92
1.7,80,7,18.8,22741282.62
1.7,80,7,18.9,21620233.48
1.7,80,7,19,23542032.01
1.7,80,7,19.1,18737535.68
1.7,80,7,19.2,21940533.23
1.7,80,7,19.3,21299933.72
1.7,80,7,19.4,20819484.09
1.7,80,7,19.5,21299933.72
1.7,80,7,19.6,18417235.92
1.7,80,7,19.7,20819484.09
1.7,80,7,19.8,20819484.09
1.7,80,7,19.9,23061582.38
1.7,80,7,20,21460083.6
1.7,80,7,20.1,22741282.62
1.7,80,7,20.2,22100683.11
1.7,80,7,20.3,19217985.31
1.7,80,7,20.4,18897685.56
1.7,80,7,20.5,23381882.13
1.7,80,7,20.6,21460083.6
1.7,80,7,20.7,20659334.21
1.7,80,7,20.8,21620233.48
1.7,80,7,20.9,21940533.23
1.7,80,7,21,20339034.46
1.7,80,7,21.1,20979633.97
1.7,80,7,21.2,20979633.97
1.7,80,7,21.3,25784130.29
1.7,80,7,21.4,24663081.15
1.7,80,7,21.5,25463830.54
1.7,80,7,21.6,18737535.68
1.7,80,7,21.7,21620233.48
1.7,80,7,21.8,23381882.13
1.7,80,7,21.9,23542032.01
1.7,80,7,22,20819484.09
1.7,80,7,22.1,18897685.56
1.7,80,7,22.2,19858584.82
1.7,80,7,22.3,20659334.21
1.7,80,7,22.4,20659334.21
1.7,80,7,22.5,23381882.13
1.7,80,7,22.6,22420982.87
1.7,80,7,22.7,24983380.91
1.7,80,7,22.8,24182631.52
1.7,80,7,22.9,24983380.91
1.7,80,7,23,19858584.82
1.7,80,7,23.1,24502931.27
1.7,80,7,23.2,21620233.48
1.7,80,7,23.3,22741282.62
1.7,80,7,23.4,22100683.11
1.7,80,7,23.5,22741282.62
1.7,80,7,23.6,23221732.25
1.7,80,7,23.7,25143530.78
1.7,80,7,23.8,20339034.46
1.7,80,7,23.9,22581132.74
1.7,80,7,24,24342781.4
1.7,80,7,24.1,21460083.6
1.7,80,7,24.2,21620233.48
1.7,80,7,24.3,23221732.25
1.7,80,7,24.4,22420982.87
1.7,80,7,24.5,23221732.25
1.7,80,7,24.6,23381882.13
1.7,80,7,24.7,22420982.87
1.7,80,7,24.8,21940533.23
1.7,80,7,24.9,20178884.58
1.7,80,7,25,24823231.03
1.7,80,7,25.1,21460083.6
1.7,80,7,25.2,23381882.13
1.7,80,7,25.3,21940533.23
1.7,80,7,25.4,21460083.6
1.7,80,7,25.5,21620233.48
1.7,80,7,25.6,17296186.78
1.7,80,7,25.7,20979633.97
1.7,80,7,25.8,20339034.46
1.7,80,7,25.9,21460083.6
1.7,80,7,26,19858584.82
1.7,80,7,26.1,22741282.62
1.7,80,7,26.2,22100683.11
1.7,80,7,26.3,24502931.27
1.7,80,7,26.4,17936786.29
1.7,80,7,26.5,20018734.7
1.7,80,7,26.6,18257086.05
1.7,80,7,26.7,20979633.97
1.7,80,7,26.8,23542032.01
1.7,80,7,26.9,19858584.82
1.7,80,7,27,18577385.8
1.7,80,7,27.1,19217985.31
1.7,80,7,27.2,23381882.13
1.7,80,7,27.3,18737535.68
1.7,80,7,27.4,18257086.05
1.7,80,7,27.5,22260832.99
1.7,80,7,27.6,19538285.07
1.7,80,7,27.7,21620233.48
1.7,80,7,27.8,22901432.5
1.7,80,7,27.9,20178884.58
1.7,80,7,28,22741282.62
1.7,80,7,28.1,17456336.66
1.7,80,7,28.2,16815737.15
1.7,80,7,28.3,19538285.07
1.7,80,7,28.4,20339034.46
1.7,80,7,28.5,21940533.23
1.7,80,7,28.6,18417235.92
1.7,80,7,28.7,19057835.44
1.7,80,7,28.8,16975887.03
1.7,80,7,28.9,18897685.56
1.7,80,7,29,19057835.44
1.7,80,7,29.1,20499184.33
1.7,80,7,29.2,20659334.21
1.7,80,7,29.3,20659334.21
1.7,80,7,29.4,15694688.01
1.7,80,7,29.5,22100683.11
1.7,80,7,29.6,19538285.07
1.7,80,7,29.7,23061582.38
1.7,80,7,29.8,18737535.68
1.7,80,7,29.9,20178884.58
1.7,80,7,30,16975887.03
1.7,80,7,30.1,18897685.56
1.7,80,7,30.2,22901432.5
1.7,80,7,30.3,21620233.48
1.7,80,7,30.4,20979633.97
1.7,80,7,30.5,18096936.17
1.7,80,7,30.6,21299933.72
1.7,80,7,30.7,17936786.29
1.7,80,7,30.8,17616486.54
1.7,80,7,30.9,16975887.03
1.7,80,7,31,16815737.15
1.7,80,7,31.1,20499184.33
1.7,80,7,31.2,16335287.52
1.7,80,7,31.3,18096936.17
1.7,80,7,31.4,19378135.19
1.7,80,7,31.5,17616486.54
1.7,80,7,31.6,18096936.17
1.7,80,7,31.7,17296186.78
1.7,80,7,31.8,19538285.07
1.7,80,7,31.9,16335287.52
1.7,80,7,32,17616486.54
1.7,80,7,32.1,17616486.54
1.7,80,7,32.2,18257086.05
1.7,80,7,32.3,18577385.8
1.7,80,7,32.4,16175137.64
1.7,80,7,32.5,19698434.95
1.7,80,7,32.6,18257086.05
1.7,80,7,32.7,19057835.44
1.7,80,7,32.8,20339034.46
1.7,80,7,32.9,17136036.9
1.7,80,7,33,16495437.39
1.7,80,7,33.1,16975887.03
1.7,80,7,33.2,20018734.7
1.7,80,7,33.3,16655587.27
1.7,80,7,33.4,15854837.88
1.7,80,7,33.5,17136036.9
1.7,80,7,33.6,18577385.8
1.7,80,7,33.7,18096936.17
1.7,80,7,33.8,16655587.27
1.7,80,7,33.9,20018734.7
1.7,80,7,34,16495437.39
1.7,80,7,34.1,19698434.95
1.7,80,7,34.2,16495437.39
1.7,80,7,34.3,15054088.5
1.7,80,7,34.4,16335287.52
1.7,80,7,34.5,20819484.09
1.7,80,7,34.6,16655587.27
1.7,80,7,34.7,20018734.7
1.7,80,7,34.8,17936786.29
1.7,80,7,34.9,16655587.27
1.7,80,7,35,17296186.78
1.7,80,7,35.1,17776636.41
1.7,80,7,35.2,18257086.05
1.7,80,7,35.3,18897685.56
1.7,80,7,35.4,14573638.86
1.7,80,7,35.5,15854837.88
1.7,80,7,35.6,14893938.62
1.7,80,7,35.7,13452589.72
1.7,80,7,35.8,17136036.9
1.7,80,7,35.9,15534538.13
1.7,80,7,36,16495437.39
1.7,80,7,36.1,18417235.92
1.7,80,7,36.2,15374388.25
1.7,80,7,36.3,15694688.01
1.7,80,7,36.4,17456336.66
1.7,80,7,36.5,14253339.11
1.7,80,7,36.6,15374388.25
1.7,80,7,36.7,13612739.6
1.7,80,7,36.8,15534538.13
1.7,80,7,36.9,15374388.25
1.7,80,7,37,14893938.62
1.7,80,7,37.1,15694688.01
1.7,80,7,37.2,13933039.35
1.7,80,7,37.3,19217985.31
1.7,80,7,37.4,17296186.78
1.7,80,7,37.5,15054088.5
1.7,80,7,37.6,16335287.52
1.7,80,7,37.7,14093189.23
1.7,80,7,37.8,15374388.25
1.7,80,7,37.9,13292439.84
1.7,80,7,38,14093189.23
1.7,80,7,38.1,12331540.58
1.7,80,7,38.2,16014987.76
1.7,80,7,38.3,14733788.74
1.7,80,7,38.4,13612739.6
1.7,80,7,38.5,13132289.96
1.7,80,7,38.6,14413488.98
1.7,80,7,38.7,15054088.5
1.7,80,7,38.8,15854837.88
1.7,80,7,38.9,13933039.35
1.7,80,7,39,16655587.27
1.7,80,7,39.1,14413488.98
1.7,80,7,39.2,13933039.35
1.7,80,7,39.3,15374388.25
1.7,80,7,39.4,15534538.13
1.7,80,7,39.5,13933039.35
1.7,80,7,39.6,15214238.37
1.7,80,7,39.7,12972140.09
1.7,80,7,39.8,14413488.98
1.7,80,7,39.9,14573638.86
1.7,80,7,40,14733788.74
1.7,80,7,40.1,12811990.21
1.7,80,7,40.2,13452589.72
1.7,80,7,40.3,14573638.86
1.7,80,7,40.4,17456336.66
1.7,80,7,40.5,13772889.47
1.7,80,7,40.6,15214238.37
1.7,80,7,40.7,15854837.88
1.7,80,7,40.8,13132289.96
1.7,80,7,40.9,16655587.27
1.7,80,7,41,10890191.68
1.7,80,7,41.1,16014987.76
1.7,80,7,41.2,12331540.58
1.7,80,7,41.3,12331540.58
1.7,80,7,41.4,13292439.84
1.7,80,7,41.5,13292439.84
1.7,80,7,41.6,12651840.33
1.7,80,7,41.7,12491690.45
1.7,80,7,41.8,11210491.43
1.7,80,7,41.9,12331540.58
1.7,80,7,42,12491690.45
1.7,80,7,42.1,12651840.33
1.7,80,7,42.2,12811990.21
1.7,80,7,42.3,12811990.21
1.7,80,7,42.4,11690941.07
1.7,80,7,42.5,10569891.92
1.7,80,7,42.6,14253339.11
1.7,80,7,42.7,14093189.23
1.7,80,7,42.8,12331540.58
1.7,80,7,42.9,11210491.43
1.7,80,7,43,10249592.17
1.7,80,7,43.1,12011240.82
1.7,80,7,43.2,12171390.7
1.7,80,7,43.3,12171390.7
1.7,80,7,43.4,12331540.58
1.7,80,7,43.5,12491690.45
1.7,80,7,43.6,12811990.21
1.7,80,7,43.7,12651840.33
1.7,80,7,43.8,12011240.82
1.7,80,7,43.9,9608992.656
1.7,80,7,44,13933039.35
1.7,80,7,44.1,11851090.94
1.7,80,7,44.2,8167643.758
1.7,80,7,44.3,10569891.92
1.7,80,7,44.4,12491690.45
1.7,80,7,44.5,12011240.82
1.7,80,7,44.6,13772889.47
1.7,80,7,44.7,13292439.84
1.7,80,7,44.8,10890191.68
1.7,80,7,44.9,14093189.23
1.7,80,7,45,13452589.72
1.7,80,7,45.1,11370641.31
1.7,80,7,45.2,11530791.19
1.7,80,7,45.3,11210491.43
1.7,80,7,45.4,10890191.68
1.7,80,7,45.5,13292439.84
1.7,80,7,45.6,9448842.779
1.7,80,7,45.7,14253339.11
1.7,80,7,45.8,9769142.534
1.7,80,7,45.9,8648093.391
1.7,80,7,46,9929292.412
1.7,80,7,46.1,12491690.45
1.7,80,7,46.2,9608992.656
1.7,80,7,46.3,12972140.09
1.7,80,7,46.4,9929292.412
1.7,80,7,46.5,9929292.412
1.7,80,7,46.6,11370641.31
1.7,80,7,46.7,9448842.779
1.7,80,7,46.8,8327793.636
1.7,80,7,46.9,10409742.04
1.7,80,7,47,11851090.94
1.7,80,7,47.1,9288692.901
1.7,80,7,47.2,12011240.82
1.7,80,7,47.3,10249592.17
1.7,80,7,47.4,12011240.82
1.7,80,7,47.5,12011240.82
1.7,80,7,47.6,12171390.7
1.7,80,7,47.7,9608992.656
1.7,80,7,47.8,9288692.901
1.7,80,7,47.9,11210491.43
1.7,80,7,48,10730041.8
1.7,80,7,48.1,9769142.534
1.7,80,7,48.2,8968393.146
1.7,80,7,48.3,11210491.43
1.7,80,7,48.4,10089442.29
1.7,80,7,48.5,12491690.45
1.7,80,7,48.6,12171390.7
1.7,80,7,48.7,10249592.17
1.7,80,7,48.8,8808243.268
1.7,80,7,48.9,9448842.779
1.7,80,7,49,10569891.92
1.7,80,7,49.1,12171390.7
1.7,80,7,49.2,12491690.45
1.7,80,7,49.3,10249592.17
1.7,80,7,49.4,7206744.492
1.7,80,7,49.5,12491690.45
1.7,80,7,49.6,7366894.37
1.7,80,7,49.7,10409742.04
1.7,80,7,49.8,8487943.513
1.7,80,7,49.9,10409742.04
1.7,80,7,50,9929292.412
1.7,80,7,50.1,7527044.248
1.7,80,7,50.2,10730041.8
1.7,80,7,50.3,9929292.412
1.7,80,7,50.4,10730041.8
1.7,80,7,50.5,10089442.29
1.7,80,7,50.6,9929292.412
1.7,80,7,50.7,11851090.94
1.7,80,7,50.8,9769142.534
1.7,80,7,50.9,10249592.17
1.7,80,7,51,7687194.125
1.7,80,7,51.1,7206744.492
1.7,80,7,51.2,9128543.024
1.7,80,7,51.3,9769142.534
1.7,80,7,51.4,8167643.758
1.7,80,7,51.5,10569891.92
1.7,80,7,51.6,7206744.492
1.7,80,7,51.7,7366894.37
1.7,80,7,51.8,8968393.146
1.7,80,7,51.9,6886444.737
1.7,80,7,52,10409742.04
1.7,80,7,52.1,5925545.471
1.7,80,7,52.2,7847344.003
1.7,80,7,52.3,9448842.779
1.7,80,7,52.4,10089442.29
1.7,80,7,52.5,6405995.104
1.7,80,7,52.6,11210491.43
1.7,80,7,52.7,9128543.024
1.7,80,7,52.8,9128543.024
1.7,80,7,52.9,7046594.615
1.7,80,7,53,9448842.779
1.7,80,7,53.1,11530791.19
1.7,80,7,53.2,9128543.024
1.7,80,7,53.3,7366894.37
1.7,80,7,53.4,8007493.88
1.7,80,7,53.5,8167643.758
1.7,80,7,53.6,8167643.758
1.7,80,7,53.7,9769142.534
1.7,80,7,53.8,8327793.636
1.7,80,7,53.9,8648093.391
1.7,80,7,54,5925545.471
1.7,80,7,54.1,7206744.492
1.7,80,7,54.2,6566144.982
1.7,80,7,54.3,5765395.594
1.7,80,7,54.4,7206744.492
1.7,80,7,54.5,8007493.88
1.7,80,7,54.6,7206744.492
1.7,80,7,54.7,8968393.146
1.7,80,7,54.8,6886444.737
1.7,80,7,54.9,5765395.594
1.7,80,7,55,8007493.88
1.7,80,7,55.1,8808243.268
1.7,80,7,55.2,7847344.003
1.7,80,7,55.3,7046594.615
1.7,80,7,55.4,9448842.779
1.7,80,7,55.5,6886444.737
1.7,80,7,55.6,8007493.88
1.7,80,7,55.7,6405995.104
1.7,80,7,55.8,6726294.86
1.7,80,7,55.9,10409742.04
1.7,80,7,56,5605245.716
1.7,80,7,56.1,8487943.513
1.7,80,7,56.2,9288692.901
1.7,80,7,56.3,7527044.248
1.7,80,7,56.4,5124796.083
1.7,80,7,56.5,10089442.29
1.7,80,7,56.6,10730041.8
1.7,80,7,56.7,8167643.758
1.7,80,7,56.8,8487943.513
1.7,80,7,56.9,8167643.758
1.7,80,7,57,8808243.268
1.7,80,7,57.1,5445095.839
1.7,80,7,57.2,9128543.024
1.7,80,7,57.3,8487943.513
1.7,80,7,57.4,6566144.982
1.7,80,7,57.5,8167643.758
1.7,80,7,57.6,4964646.206
1.7,80,7,57.7,5124796.083
1.7,80,7,57.8,8007493.88
1.7,80,7,57.9,6726294.86
1.7,80,7,58,5925545.471
1.7,80,7,58.1,15374388.25
1.7,80,7,58.2,7527044.248
1.7,80,7,58.3,8487943.513
1.7,80,7,58.4,6245845.227
1.7,80,7,58.5,7046594.615
1.7,80,7,58.6,6566144.982
1.7,80,7,58.7,8487943.513
1.7,80,7,58.8,6886444.737
1.7,80,7,58.9,5765395.594
1.7,80,7,59,5284945.961
1.7,80,7,59.1,7847344.003
1.7,80,7,59.2,6566144.982
1.7,80,7,59.3,7046594.615
1.7,80,7,59.4,6085695.349
1.7,80,7,59.5,21780383.35
1.7,80,7,59.6,5925545.471
1.7,80,7,59.7,5605245.716
1.7,80,7,59.8,7046594.615
1.7,80,7,59.9,7366894.37
1.7,80,7,60,6566144.982
1.7,80,7,60.1,7687194.125
1.7,80,7,60.2,4644346.451
1.7,80,7,60.3,6566144.982
1.7,80,7,60.4,6726294.86
1.7,80,7,60.5,5445095.839
1.7,80,7,60.6,6245845.227
1.7,80,7,60.7,5925545.471
1.7,80,7,60.8,7046594.615
1.7,80,7,60.9,5765395.594
1.7,80,7,61,7046594.615
1.7,80,7,61.1,3843597.063
1.7,80,7,61.2,7046594.615
1.7,80,7,61.3,5284945.961
1.7,80,7,61.4,6886444.737
1.7,80,7,61.5,5445095.839
1.7,80,7,61.6,6405995.104
1.7,80,7,61.7,6566144.982
1.7,80,7,61.8,7687194.125
1.7,80,7,61.9,6566144.982
1.7,80,7,62,5124796.083
1.7,80,7,62.1,6726294.86
1.7,80,7,62.2,5765395.594
1.7,80,7,62.3,8648093.391
1.7,80,7,62.4,5765395.594
1.7,80,7,62.5,4163896.818
1.7,80,7,62.6,5445095.839
1.7,80,7,62.7,6405995.104
1.7,80,7,62.8,6726294.86
1.7,80,7,62.9,4644346.451
1.7,80,7,63,3363147.43
1.7,80,7,63.1,7366894.37
1.7,80,7,63.2,5284945.961
1.7,80,7,63.3,3042847.675
1.7,80,7,63.4,5124796.083
1.7,80,7,63.5,5925545.471
1.7,80,7,63.6,5605245.716
1.7,80,7,63.7,5925545.471
1.7,80,7,63.8,4804496.328
1.7,80,7,63.9,7046594.615
1.7,80,7,64,4644346.451
1.7,80,7,64.1,4804496.328
1.7,80,7,64.2,6405995.104
1.7,80,7,64.3,6405995.104
1.7,80,7,64.4,5284945.961
1.7,80,7,64.5,6085695.349
1.7,80,7,64.6,3843597.063
1.7,80,7,64.7,2562398.042
1.7,80,7,64.8,5605245.716
1.7,80,7,64.9,3683447.185
1.7,80,7,65,5765395.594
1.7,80,7,65.1,4324046.695
1.7,80,7,65.2,5124796.083
1.7,80,7,65.3,4003746.94
1.7,80,7,65.4,4644346.451
1.7,80,7,65.5,4324046.695
1.7,80,7,65.6,5925545.471
1.7,80,7,65.7,4003746.94
1.7,80,7,65.8,4163896.818
1.7,80,7,65.9,4804496.328
1.7,80,7,66,5925545.471
1.7,80,7,66.1,5124796.083
1.7,80,7,66.2,3363147.43
1.7,80,7,66.3,3683447.185
1.7,80,7,66.4,4163896.818
1.7,80,7,66.5,4964646.206
1.7,80,7,66.6,4804496.328
1.7,80,7,66.7,4324046.695
1.7,80,7,66.8,4324046.695
1.7,80,7,66.9,4163896.818
1.7,80,7,67,3843597.063
1.7,80,7,67.1,6726294.86
1.7,80,7,67.2,3683447.185
1.7,80,7,67.3,3843597.063
1.7,80,7,67.4,7527044.248
1.7,80,7,67.5,5124796.083
1.7,80,7,67.6,5284945.961
1.7,80,7,67.7,5124796.083
1.7,80,7,67.8,3042847.675
1.7,80,7,67.9,5925545.471
1.7,80,7,68,4964646.206
1.7,80,7,68.1,5124796.083
1.7,80,7,68.2,3683447.185
1.7,80,7,68.3,5925545.471
1.7,80,7,68.4,4644346.451
1.7,80,7,68.5,4003746.94
1.7,80,7,68.6,1441348.898
1.7,80,7,68.7,3683447.185
1.7,80,7,68.8,3523297.307
1.7,80,7,68.9,2242098.287
1.7,80,7,69,4003746.94
1.7,80,7,69.1,2402248.164
1.7,80,7,69.2,4644346.451
1.7,80,7,69.3,3523297.307
1.7,80,7,69.4,2402248.164
1.7,80,7,69.5,3523297.307
1.7,80,7,69.6,3683447.185
1.7,80,7,69.7,4964646.206
1.7,80,7,69.8,2562398.042
1.7,80,7,69.9,4804496.328
1.7,80,7,70,3042847.675
1.7,80,7,70.1,3363147.43
1.7,80,7,70.2,2882697.797
1.7,80,7,70.3,3523297.307
1.7,80,7,70.4,2722547.919
1.7,80,7,70.5,3202997.552
1.7,80,7,70.6,3523297.307
1.7,80,7,70.7,2722547.919
1.7,80,7,70.8,2882697.797
1.7,80,7,70.9,2882697.797
1.7,80,7,71,3523297.307
1.7,80,7,71.1,3042847.675
1.7,80,7,71.2,3843597.063
1.7,80,7,71.3,3683447.185
1.7,80,7,71.4,2402248.164
1.7,80,7,71.5,3042847.675
1.7,80,7,71.6,2722547.919
1.7,80,7,71.7,3042847.675
1.7,80,7,71.8,2882697.797
1.7,80,7,71.9,2882697.797
1.7,80,7,72,4484196.573
1.7,80,7,72.1,1281199.021
1.7,80,7,72.2,3042847.675
1.7,80,7,72.3,1761648.654
1.7,80,7,72.4,3042847.675
1.7,80,7,72.5,4003746.94
1.7,80,7,72.6,2882697.797
1.7,80,7,72.7,1921798.531
1.7,80,7,72.8,5124796.083
1.7,80,7,72.9,2242098.287
1.7,80,7,73,3363147.43
1.7,80,7,73.1,2402248.164
1.7,80,7,73.2,3202997.552
1.7,80,7,73.3,2722547.919
1.7,80,7,73.4,3202997.552
1.7,80,7,73.5,2722547.919
1.7,80,7,73.6,4003746.94
1.7,80,7,73.7,2402248.164
1.7,80,7,73.8,2402248.164
1.7,80,7,73.9,1921798.531
1.7,80,7,74,3523297.307
1.7,80,7,74.1,1921798.531
1.7,80,7,74.2,2562398.042
1.7,80,7,74.3,3042847.675
1.7,80,7,74.4,2562398.042
1.7,80,7,74.5,1601498.776
1.7,80,7,74.6,2242098.287
1.7,80,7,74.7,2402248.164
1.7,80,7,74.8,960899.2656
1.7,80,7,74.9,1441348.898
1.7,80,7,75,1921798.531
1.7,80,7,75.1,1921798.531
1.7,80,7,75.2,1441348.898
1.7,80,7,75.3,2722547.919
1.7,80,7,75.4,1761648.654
1.7,80,7,75.5,2402248.164
1.7,80,7,75.6,1761648.654
1.7,80,7,75.7,800749.388
1.7,80,7,75.8,1121049.143
1.7,80,7,75.9,1921798.531
1.7,80,7,76,2081948.409
1.7,80,7,76.1,2562398.042
1.7,80,7,76.2,1601498.776
1.7,80,7,76.3,2722547.919
1.7,80,7,76.4,2242098.287
1.7,80,7,76.5,1281199.021
1.7,80,7,76.6,1761648.654
1.7,80,7,76.7,1281199.021
1.7,80,7,76.8,2081948.409
1.7,80,7,76.9,2562398.042
1.7,80,7,77,1921798.531
1.7,80,7,77.1,1281199.021
1.7,80,7,77.2,1921798.531
1.7,80,7,77.3,1761648.654
1.7,80,7,77.4,1281199.021
1.7,80,7,77.5,1121049.143
1.7,80,7,77.6,1601498.776
1.7,80,7,77.7,2081948.409
1.7,80,7,77.8,800749.388
1.7,80,7,77.9,1761648.654
1.7,80,7,78,1121049.143
1.7,80,7,78.1,2081948.409
1.7,80,7,78.2,1281199.021
1.7,80,7,78.3,1121049.143
1.7,80,7,78.4,640599.5104
1.7,80,7,78.5,800749.388
1.7,80,7,78.6,2402248.164
1.7,80,7,78.7,640599.5104
1.7,80,7,78.8,800749.388
1.7,80,7,78.9,960899.2656
1.7,80,7,79,960899.2656
1.7,80,7,79.1,1761648.654
1.7,80,7,79.2,1281199.021
1.7,80,7,79.3,800749.388
1.7,80,7,79.4,1121049.143
1.7,80,7,79.5,640599.5104
1.7,80,7,79.6,800749.388
1.7,80,7,79.7,640599.5104
1.7,80,7,79.8,480449.6328
1.7,80,7,79.9,320299.7552
1.7,150,7,0.3,278871.0224
1.7,150,7,3.2,557742.0448
1.7,150,7,3.5,278871.0224
1.7,150,7,3.7,1115484.09
1.7,150,7,3.8,1115484.09
1.7,150,7,3.9,1115484.09
1.7,150,7,4,1952097.157
1.7,150,7,4.1,1394355.112
1.7,150,7,4.2,1952097.157
1.7,150,7,4.3,2230968.179
1.7,150,7,4.4,3904194.314
1.7,150,7,4.5,4183065.336
1.7,150,7,4.6,4461936.358
1.7,150,7,4.7,3067581.246
1.7,150,7,4.8,5019678.403
1.7,150,7,4.9,8087259.65
1.7,150,7,5,6971775.56
1.7,150,7,5.1,7808388.627
1.7,150,7,5.2,8923872.717
1.7,150,7,5.3,9760485.784
1.7,150,7,5.4,10039356.81
1.7,150,7,5.5,13106938.05
1.7,150,7,5.6,16732261.34
1.7,150,7,5.7,16174519.3
1.7,150,7,5.8,21194197.7
1.7,150,7,5.9,17011132.37
1.7,150,7,6,19799842.59
1.7,150,7,6.1,25098392.02
1.7,150,7,6.2,25935005.08
1.7,150,7,6.3,23704036.9
1.7,150,7,6.4,29839199.4
1.7,150,7,6.5,26771618.15
1.7,150,7,6.6,32906780.64
1.7,150,7,6.7,29560328.37
1.7,150,7,6.8,32906780.64
1.7,150,7,6.9,39320814.16
1.7,150,7,7,38205330.07
1.7,150,7,7.1,37647588.02
1.7,150,7,7.2,40715169.27
1.7,150,7,7.3,36532103.93
1.7,150,7,7.4,139993253.2
1.7,150,7,7.5,47965815.85
1.7,150,7,7.6,53264365.28
1.7,150,7,7.7,46850331.76
1.7,150,7,7.8,47686944.83
1.7,150,7,7.9,60793882.88
1.7,150,7,8,51312268.12
1.7,150,7,8.1,51870010.17
1.7,150,7,8.2,58284043.68
1.7,150,7,8.3,322096030.9
1.7,150,7,8.4,2392155630
1.7,150,7,8.5,64976948.22
1.7,150,7,8.6,66092432.31
1.7,150,7,8.7,62745980.04
1.7,150,7,8.8,114615990.2
1.7,150,7,8.9,67765658.44
1.7,150,7,9,68323400.49
1.7,150,7,9.1,73064207.87
1.7,150,7,9.2,76131789.11
1.7,150,7,9.3,72785336.85
1.7,150,7,9.4,78362757.29
1.7,150,7,9.5,172900033.9
1.7,150,7,9.6,122145507.8
1.7,150,7,9.7,1667369843
1.7,150,7,9.8,218356010.5
1.7,150,7,9.9,155331159.5
1.7,150,7,10,721160463.9
1.7,150,7,10.1,100393568.1
1.7,150,7,10.2,93421792.5
1.7,150,7,10.3,36532103.93
1.7,150,7,10.4,34858877.8
1.7,150,7,10.5,40994040.29
1.7,150,7,10.6,39878556.2
1.7,150,7,10.7,39599685.18
1.7,150,7,10.8,41551782.34
1.7,150,7,10.9,43782750.52
1.7,150,7,11,53822107.32
1.7,150,7,11.1,56331946.52
1.7,150,7,11.2,40157427.23
1.7,150,7,11.3,243175531.5
1.7,150,7,11.4,47408073.81
1.7,150,7,11.5,49081299.94
1.7,150,7,11.6,51591139.14
1.7,150,7,11.7,47686944.83
1.7,150,7,11.8,34580006.78
1.7,150,7,11.9,33185651.67
1.7,150,7,12,37926459.05
1.7,150,7,12.1,30954683.49
1.7,150,7,12.2,27329360.2
1.7,150,7,12.3,31233554.51
1.7,150,7,12.4,28723715.31
1.7,150,7,12.5,36253232.91
1.7,150,7,12.6,38205330.07
1.7,150,7,12.7,35974361.89
1.7,150,7,12.8,36253232.91
1.7,150,7,12.9,35137748.82
1.7,150,7,13,37089845.98
1.7,150,7,13.1,34022264.73
1.7,150,7,13.2,34301135.75
1.7,150,7,13.3,36253232.91
1.7,150,7,13.4,36253232.91
1.7,150,7,13.5,35695490.87
1.7,150,7,13.6,38205330.07
1.7,150,7,13.7,35137748.82
1.7,150,7,13.8,39878556.2
1.7,150,7,13.9,36810974.96
1.7,150,7,14,41272911.31
1.7,150,7,14.1,37926459.05
1.7,150,7,14.2,42946137.45
1.7,150,7,14.3,37926459.05
1.7,150,7,14.4,36810974.96
1.7,150,7,14.5,36532103.93
1.7,150,7,14.6,45177105.63
1.7,150,7,14.7,38763072.11
1.7,150,7,14.8,50754526.08
1.7,150,7,14.9,41551782.34
1.7,150,7,15,36810974.96
1.7,150,7,15.1,39878556.2
1.7,150,7,15.2,41830653.36
1.7,150,7,15.3,38484201.09
1.7,150,7,15.4,50475655.05
1.7,150,7,15.5,49917913.01
1.7,150,7,15.6,50475655.05
1.7,150,7,15.7,39599685.18
1.7,150,7,15.8,52985494.26
1.7,150,7,15.9,47129202.79
1.7,150,7,16,41551782.34
1.7,150,7,16.1,43503879.49
1.7,150,7,16.2,52985494.26
1.7,150,7,16.3,44898234.61
1.7,150,7,16.4,47129202.79
1.7,150,7,16.5,48244686.87
1.7,150,7,16.6,50475655.05
1.7,150,7,16.7,47965815.85
1.7,150,7,16.8,55774204.48
1.7,150,7,16.9,48523557.9
1.7,150,7,17,47408073.81
1.7,150,7,17.1,51312268.12
1.7,150,7,17.2,52706623.23
1.7,150,7,17.3,51312268.12
1.7,150,7,17.4,43782750.52
1.7,150,7,17.5,45177105.63
1.7,150,7,17.6,51312268.12
1.7,150,7,17.7,53822107.32
1.7,150,7,17.8,54379849.37
1.7,150,7,17.9,45734847.67
1.7,150,7,18,47965815.85
1.7,150,7,18.1,49917913.01
1.7,150,7,18.2,52706623.23
1.7,150,7,18.3,47965815.85
1.7,150,7,18.4,49081299.94
1.7,150,7,18.5,51033397.1
1.7,150,7,18.6,54658720.39
1.7,150,7,18.7,49360170.96
1.7,150,7,18.8,56610817.55
1.7,150,7,18.9,51870010.17
1.7,150,7,19,48802428.92
1.7,150,7,19.1,58005172.66
1.7,150,7,19.2,46013718.7
1.7,150,7,19.3,52985494.26
1.7,150,7,19.4,52148881.19
1.7,150,7,19.5,47408073.81
1.7,150,7,19.6,57168559.59
1.7,150,7,19.7,54658720.39
1.7,150,7,19.8,54658720.39
1.7,150,7,19.9,56053075.5
1.7,150,7,20,52985494.26
1.7,150,7,20.1,54937591.41
1.7,150,7,20.2,54379849.37
1.7,150,7,20.3,54658720.39
1.7,150,7,20.4,53822107.32
1.7,150,7,20.5,50754526.08
1.7,150,7,20.6,47686944.83
1.7,150,7,20.7,48244686.87
1.7,150,7,20.8,48523557.9
1.7,150,7,20.9,48523557.9
1.7,150,7,21,50196784.03
1.7,150,7,21.1,52148881.19
1.7,150,7,21.2,53822107.32
1.7,150,7,21.3,52706623.23
1.7,150,7,21.4,46292589.72
1.7,150,7,21.5,49639041.99
1.7,150,7,21.6,52148881.19
1.7,150,7,21.7,49917913.01
1.7,150,7,21.8,52706623.23
1.7,150,7,21.9,56331946.52
1.7,150,7,22,51312268.12
1.7,150,7,22.1,49360170.96
1.7,150,7,22.2,49081299.94
1.7,150,7,22.3,51591139.14
1.7,150,7,22.4,50196784.03
1.7,150,7,22.5,49360170.96
1.7,150,7,22.6,58284043.68
1.7,150,7,22.7,50754526.08
1.7,150,7,22.8,49081299.94
1.7,150,7,22.9,49917913.01
1.7,150,7,23,47965815.85
1.7,150,7,23.1,47129202.79
1.7,150,7,23.2,52148881.19
1.7,150,7,23.3,55774204.48
1.7,150,7,23.4,43782750.52
1.7,150,7,23.5,56889688.57
1.7,150,7,23.6,42667266.43
1.7,150,7,23.7,47408073.81
1.7,150,7,23.8,43225008.47
1.7,150,7,23.9,54100978.35
1.7,150,7,24,52706623.23
1.7,150,7,24.1,47686944.83
1.7,150,7,24.2,49917913.01
1.7,150,7,24.3,42946137.45
1.7,150,7,24.4,47129202.79
1.7,150,7,24.5,46850331.76
1.7,150,7,24.6,48523557.9
1.7,150,7,24.7,48244686.87
1.7,150,7,24.8,51312268.12
1.7,150,7,24.9,48523557.9
1.7,150,7,25,46013718.7
1.7,150,7,25.1,54379849.37
1.7,150,7,25.2,48244686.87
1.7,150,7,25.3,46013718.7
1.7,150,7,25.4,42667266.43
1.7,150,7,25.5,49639041.99
1.7,150,7,25.6,48244686.87
1.7,150,7,25.7,47965815.85
1.7,150,7,25.8,41551782.34
1.7,150,7,25.9,47129202.79
1.7,150,7,26,45177105.63
1.7,150,7,26.1,41551782.34
1.7,150,7,26.2,50196784.03
1.7,150,7,26.3,43503879.49
1.7,150,7,26.4,42388395.4
1.7,150,7,26.5,47686944.83
1.7,150,7,26.6,45455976.65
1.7,150,7,26.7,46571460.74
1.7,150,7,26.8,41272911.31
1.7,150,7,26.9,51312268.12
1.7,150,7,27,49639041.99
1.7,150,7,27.1,45455976.65
1.7,150,7,27.2,46850331.76
1.7,150,7,27.3,55495333.46
1.7,150,7,27.4,46292589.72
1.7,150,7,27.5,50754526.08
1.7,150,7,27.6,41830653.36
1.7,150,7,27.7,48244686.87
1.7,150,7,27.8,44619363.58
1.7,150,7,27.9,41830653.36
1.7,150,7,28,42109524.38
1.7,150,7,28.1,47686944.83
1.7,150,7,28.2,41272911.31
1.7,150,7,28.3,46571460.74
1.7,150,7,28.4,47129202.79
1.7,150,7,28.5,40994040.29
1.7,150,7,28.6,42946137.45
1.7,150,7,28.7,48523557.9
1.7,150,7,28.8,54379849.37
1.7,150,7,28.9,40994040.29
1.7,150,7,29,40157427.23
1.7,150,7,29.1,41830653.36
1.7,150,7,29.2,40994040.29
1.7,150,7,29.3,49360170.96
1.7,150,7,29.4,48802428.92
1.7,150,7,29.5,45734847.67
1.7,150,7,29.6,36253232.91
1.7,150,7,29.7,43782750.52
1.7,150,7,29.8,46571460.74
1.7,150,7,29.9,45455976.65
1.7,150,7,30,47408073.81
1.7,150,7,30.1,42109524.38
1.7,150,7,30.2,38763072.11
1.7,150,7,30.3,45734847.67
1.7,150,7,30.4,44061621.54
1.7,150,7,30.5,45177105.63
1.7,150,7,30.6,36810974.96
1.7,150,7,30.7,41551782.34
1.7,150,7,30.8,44898234.61
1.7,150,7,30.9,40994040.29
1.7,150,7,31,37926459.05
1.7,150,7,31.1,40715169.27
1.7,150,7,31.2,47408073.81
1.7,150,7,31.3,42388395.4
1.7,150,7,31.4,44619363.58
1.7,150,7,31.5,44898234.61
1.7,150,7,31.6,42946137.45
1.7,150,7,31.7,40994040.29
1.7,150,7,31.8,42388395.4
1.7,150,7,31.9,41830653.36
1.7,150,7,32,39041943.14
1.7,150,7,32.1,41551782.34
1.7,150,7,32.2,40994040.29
1.7,150,7,32.3,42667266.43
1.7,150,7,32.4,44340492.56
1.7,150,7,32.5,44340492.56
1.7,150,7,32.6,42667266.43
1.7,150,7,32.7,34858877.8
1.7,150,7,32.8,38763072.11
1.7,150,7,32.9,40715169.27
1.7,150,7,33,42667266.43
1.7,150,7,33.1,42946137.45
1.7,150,7,33.2,36532103.93
1.7,150,7,33.3,39878556.2
1.7,150,7,33.4,33185651.67
1.7,150,7,33.5,37926459.05
1.7,150,7,33.6,39878556.2
1.7,150,7,33.7,41551782.34
1.7,150,7,33.8,39599685.18
1.7,150,7,33.9,35137748.82
1.7,150,7,34,37647588.02
1.7,150,7,34.1,39599685.18
1.7,150,7,34.2,41272911.31
1.7,150,7,34.3,36532103.93
1.7,150,7,34.4,39320814.16
1.7,150,7,34.5,35137748.82
1.7,150,7,34.6,40436298.25
1.7,150,7,34.7,37647588.02
1.7,150,7,34.8,39599685.18
1.7,150,7,34.9,34858877.8
1.7,150,7,35,38205330.07
1.7,150,7,35.1,35974361.89
1.7,150,7,35.2,30396941.44
1.7,150,7,35.3,40157427.23
1.7,150,7,35.4,36253232.91
1.7,150,7,35.5,35137748.82
1.7,150,7,35.6,35137748.82
1.7,150,7,35.7,37926459.05
1.7,150,7,35.8,37926459.05
1.7,150,7,35.9,38484201.09
1.7,150,7,36,32627909.62
1.7,150,7,36.1,39041943.14
1.7,150,7,36.2,33464522.69
1.7,150,7,36.3,40715169.27
1.7,150,7,36.4,33464522.69
1.7,150,7,36.5,34301135.75
1.7,150,7,36.6,32906780.64
1.7,150,7,36.7,32070167.58
1.7,150,7,36.8,37647588.02
1.7,150,7,36.9,37368717
1.7,150,7,37,34022264.73
1.7,150,7,37.1,37368717
1.7,150,7,37.2,36532103.93
1.7,150,7,37.3,31791296.55
1.7,150,7,37.4,36532103.93
1.7,150,7,37.5,29281457.35
1.7,150,7,37.6,33464522.69
1.7,150,7,37.7,38205330.07
1.7,150,7,37.8,30118070.42
1.7,150,7,37.9,29560328.37
1.7,150,7,38,38484201.09
1.7,150,7,38.1,31233554.51
1.7,150,7,38.2,28723715.31
1.7,150,7,38.3,29560328.37
1.7,150,7,38.4,31233554.51
1.7,150,7,38.5,29002586.33
1.7,150,7,38.6,35137748.82
1.7,150,7,38.7,30118070.42
1.7,150,7,38.8,32627909.62
1.7,150,7,38.9,35416619.84
1.7,150,7,39,32349038.6
1.7,150,7,39.1,34301135.75
1.7,150,7,39.2,35695490.87
1.7,150,7,39.3,36253232.91
1.7,150,7,39.4,34580006.78
1.7,150,7,39.5,32627909.62
1.7,150,7,39.6,33464522.69
1.7,150,7,39.7,34022264.73
1.7,150,7,39.8,30675812.46
1.7,150,7,39.9,37089845.98
1.7,150,7,40,31791296.55
1.7,150,7,40.1,30118070.42
1.7,150,7,40.2,29002586.33
1.7,150,7,40.3,32349038.6
1.7,150,7,40.4,36253232.91
1.7,150,7,40.5,31233554.51
1.7,150,7,40.6,31233554.51
1.7,150,7,40.7,26771618.15
1.7,150,7,40.8,27329360.2
1.7,150,7,40.9,30954683.49
1.7,150,7,41,30118070.42
1.7,150,7,41.1,29839199.4
1.7,150,7,41.2,33464522.69
1.7,150,7,41.3,29839199.4
1.7,150,7,41.4,33185651.67
1.7,150,7,41.5,33185651.67
1.7,150,7,41.6,27887102.24
1.7,150,7,41.7,32349038.6
1.7,150,7,41.8,27329360.2
1.7,150,7,41.9,31512425.53
1.7,150,7,42,32349038.6
1.7,150,7,42.1,30118070.42
1.7,150,7,42.2,34301135.75
1.7,150,7,42.3,32070167.58
1.7,150,7,42.4,25935005.08
1.7,150,7,42.5,39599685.18
1.7,150,7,42.6,25935005.08
1.7,150,7,42.7,32070167.58
1.7,150,7,42.8,34858877.8
1.7,150,7,42.9,33743393.71
1.7,150,7,43,27887102.24
1.7,150,7,43.1,26492747.13
1.7,150,7,43.2,28723715.31
1.7,150,7,43.3,31233554.51
1.7,150,7,43.4,24819520.99
1.7,150,7,43.5,30396941.44
1.7,150,7,43.6,24540649.97
1.7,150,7,43.7,28723715.31
1.7,150,7,43.8,27329360.2
1.7,150,7,43.9,32070167.58
1.7,150,7,44,29560328.37
1.7,150,7,44.1,24819520.99
1.7,150,7,44.2,30954683.49
1.7,150,7,44.3,25935005.08
1.7,150,7,44.4,28723715.31
1.7,150,7,44.5,30675812.46
1.7,150,7,44.6,27329360.2
1.7,150,7,44.7,30396941.44
1.7,150,7,44.8,29002586.33
1.7,150,7,44.9,25098392.02
1.7,150,7,45,27608231.22
1.7,150,7,45.1,27887102.24
1.7,150,7,45.2,25935005.08
1.7,150,7,45.3,23704036.9
1.7,150,7,45.4,31512425.53
1.7,150,7,45.5,26213876.11
1.7,150,7,45.6,27050489.17
1.7,150,7,45.7,32070167.58
1.7,150,7,45.8,30118070.42
1.7,150,7,45.9,27887102.24
1.7,150,7,46,23982907.93
1.7,150,7,46.1,25935005.08
1.7,150,7,46.2,25377263.04
1.7,150,7,46.3,30675812.46
1.7,150,7,46.4,26213876.11
1.7,150,7,46.5,28165973.26
1.7,150,7,46.6,23982907.93
1.7,150,7,46.7,27887102.24
1.7,150,7,46.8,24819520.99
1.7,150,7,46.9,28444844.28
1.7,150,7,47,27050489.17
1.7,150,7,47.1,25377263.04
1.7,150,7,47.2,27050489.17
1.7,150,7,47.3,28444844.28
1.7,150,7,47.4,23146294.86
1.7,150,7,47.5,23704036.9
1.7,150,7,47.6,25098392.02
1.7,150,7,47.7,25656134.06
1.7,150,7,47.8,26771618.15
1.7,150,7,47.9,29002586.33
1.7,150,7,48,25377263.04
1.7,150,7,48.1,24540649.97
1.7,150,7,48.2,29002586.33
1.7,150,7,48.3,23704036.9
1.7,150,7,48.4,24540649.97
1.7,150,7,48.5,25098392.02
1.7,150,7,48.6,22309681.79
1.7,150,7,48.7,24540649.97
1.7,150,7,48.8,23704036.9
1.7,150,7,48.9,26771618.15
1.7,150,7,49,27887102.24
1.7,150,7,49.1,23704036.9
1.7,150,7,49.2,24540649.97
1.7,150,7,49.3,23704036.9
1.7,150,7,49.4,29002586.33
1.7,150,7,49.5,28165973.26
1.7,150,7,49.6,18684358.5
1.7,150,7,49.7,24261778.95
1.7,150,7,49.8,27050489.17
1.7,150,7,49.9,22030810.77
1.7,150,7,50,22588552.81
1.7,150,7,50.1,27887102.24
1.7,150,7,50.2,18126616.46
1.7,150,7,50.3,20636455.66
1.7,150,7,50.4,24819520.99
1.7,150,7,50.5,24261778.95
1.7,150,7,50.6,27329360.2
1.7,150,7,50.7,21473068.72
1.7,150,7,50.8,27050489.17
1.7,150,7,50.9,27329360.2
1.7,150,7,51,23425165.88
1.7,150,7,51.1,22867423.84
1.7,150,7,51.2,26213876.11
1.7,150,7,51.3,25656134.06
1.7,150,7,51.4,27329360.2
1.7,150,7,51.5,21473068.72
1.7,150,7,51.6,20915326.68
1.7,150,7,51.7,21751939.75
1.7,150,7,51.8,25935005.08
1.7,150,7,51.9,21751939.75
1.7,150,7,52,24819520.99
1.7,150,7,52.1,22867423.84
1.7,150,7,52.2,23704036.9
1.7,150,7,52.3,23982907.93
1.7,150,7,52.4,24261778.95
1.7,150,7,52.5,25377263.04
1.7,150,7,52.6,22030810.77
1.7,150,7,52.7,24819520.99
1.7,150,7,52.8,20636455.66
1.7,150,7,52.9,27608231.22
1.7,150,7,53,19799842.59
1.7,150,7,53.1,22030810.77
1.7,150,7,53.2,22030810.77
1.7,150,7,53.3,19242100.55
1.7,150,7,53.4,23425165.88
1.7,150,7,53.5,25935005.08
1.7,150,7,53.6,25935005.08
1.7,150,7,53.7,25656134.06
1.7,150,7,53.8,23425165.88
1.7,150,7,53.9,22867423.84
1.7,150,7,54,23982907.93
1.7,150,7,54.1,17568874.41
1.7,150,7,54.2,19242100.55
1.7,150,7,54.3,23425165.88
1.7,150,7,54.4,22588552.81
1.7,150,7,54.5,24540649.97
1.7,150,7,54.6,22588552.81
1.7,150,7,54.7,21473068.72
1.7,150,7,54.8,22030810.77
1.7,150,7,54.9,23146294.86
1.7,150,7,55,20915326.68
1.7,150,7,55.1,24540649.97
1.7,150,7,55.2,25377263.04
1.7,150,7,55.3,23704036.9
1.7,150,7,55.4,23425165.88
1.7,150,7,55.5,23146294.86
1.7,150,7,55.6,22309681.79
1.7,150,7,55.7,25935005.08
1.7,150,7,55.8,24261778.95
1.7,150,7,55.9,23146294.86
1.7,150,7,56,20078713.61
1.7,150,7,56.1,25377263.04
1.7,150,7,56.2,24261778.95
1.7,150,7,56.3,20636455.66
1.7,150,7,56.4,22309681.79
1.7,150,7,56.5,21194197.7
1.7,150,7,56.6,18126616.46
1.7,150,7,56.7,22588552.81
1.7,150,7,56.8,15337906.23
1.7,150,7,56.9,17290003.39
1.7,150,7,57,20636455.66
1.7,150,7,57.1,20078713.61
1.7,150,7,57.2,22867423.84
1.7,150,7,57.3,20915326.68
1.7,150,7,57.4,18963229.52
1.7,150,7,57.5,19520971.57
1.7,150,7,57.6,18126616.46
1.7,150,7,57.7,16174519.3
1.7,150,7,57.8,20357584.64
1.7,150,7,57.9,18684358.5
1.7,150,7,58,18126616.46
1.7,150,7,58.1,220308107.7
1.7,150,7,58.2,21751939.75
1.7,150,7,58.3,18684358.5
1.7,150,7,58.4,21473068.72
1.7,150,7,58.5,14780164.19
1.7,150,7,58.6,19799842.59
1.7,150,7,58.7,18405487.48
1.7,150,7,58.8,15059035.21
1.7,150,7,58.9,18963229.52
1.7,150,7,59,19520971.57
1.7,150,7,59.1,20915326.68
1.7,150,7,59.2,17847745.43
1.7,150,7,59.3,16732261.34
1.7,150,7,59.4,15337906.23
1.7,150,7,59.5,370061846.7
1.7,150,7,59.6,18963229.52
1.7,150,7,59.7,22867423.84
1.7,150,7,59.8,17290003.39
1.7,150,7,59.9,19520971.57
1.7,150,7,60,18126616.46
1.7,150,7,60.1,17290003.39
1.7,150,7,60.2,22588552.81
1.7,150,7,60.3,21473068.72
1.7,150,7,60.4,18963229.52
1.7,150,7,60.5,17290003.39
1.7,150,7,60.6,17847745.43
1.7,150,7,60.7,18405487.48
1.7,150,7,60.8,14222422.14
1.7,150,7,60.9,17290003.39
1.7,150,7,61,18126616.46
1.7,150,7,61.1,17568874.41
1.7,150,7,61.2,18684358.5
1.7,150,7,61.3,17847745.43
1.7,150,7,61.4,15337906.23
1.7,150,7,61.5,15337906.23
1.7,150,7,61.6,18684358.5
1.7,150,7,61.7,17568874.41
1.7,150,7,61.8,17568874.41
1.7,150,7,61.9,17847745.43
1.7,150,7,62,17847745.43
1.7,150,7,62.1,17568874.41
1.7,150,7,62.2,19799842.59
1.7,150,7,62.3,16732261.34
1.7,150,7,62.4,13943551.12
1.7,150,7,62.5,22588552.81
1.7,150,7,62.6,14222422.14
1.7,150,7,62.7,18126616.46
1.7,150,7,62.8,19242100.55
1.7,150,7,62.9,16174519.3
1.7,150,7,63,14780164.19
1.7,150,7,63.1,18405487.48
1.7,150,7,63.2,16732261.34
1.7,150,7,63.3,15895648.28
1.7,150,7,63.4,14780164.19
1.7,150,7,63.5,16732261.34
1.7,150,7,63.6,14780164.19
1.7,150,7,63.7,17011132.37
1.7,150,7,63.8,15337906.23
1.7,150,7,63.9,12549196.01
1.7,150,7,64,16732261.34
1.7,150,7,64.1,18405487.48
1.7,150,7,64.2,19242100.55
1.7,150,7,64.3,15616777.25
1.7,150,7,64.4,18963229.52
1.7,150,7,64.5,17290003.39
1.7,150,7,64.6,20078713.61
1.7,150,7,64.7,15895648.28
1.7,150,7,64.8,23425165.88
1.7,150,7,64.9,13943551.12
1.7,150,7,65,13943551.12
1.7,150,7,65.1,14222422.14
1.7,150,7,65.2,12270324.99
1.7,150,7,65.3,13385809.08
1.7,150,7,65.4,19520971.57
1.7,150,7,65.5,14501293.16
1.7,150,7,65.6,15895648.28
1.7,150,7,65.7,16174519.3
1.7,150,7,65.8,20636455.66
1.7,150,7,65.9,18684358.5
1.7,150,7,66,18405487.48
1.7,150,7,66.1,17290003.39
1.7,150,7,66.2,15616777.25
1.7,150,7,66.3,17568874.41
1.7,150,7,66.4,11433711.92
1.7,150,7,66.5,18963229.52
1.7,150,7,66.6,17847745.43
1.7,150,7,66.7,13385809.08
1.7,150,7,66.8,14780164.19
1.7,150,7,66.9,20078713.61
1.7,150,7,67,11154840.9
1.7,150,7,67.1,58562914.7
1.7,150,7,67.2,15337906.23
1.7,150,7,67.3,15616777.25
1.7,150,7,67.4,81430338.54
1.7,150,7,67.5,20636455.66
1.7,150,7,67.6,13943551.12
1.7,150,7,67.7,16453390.32
1.7,150,7,67.8,16732261.34
1.7,150,7,67.9,14222422.14
1.7,150,7,68,19520971.57
1.7,150,7,68.1,14222422.14
1.7,150,7,68.2,17847745.43
1.7,150,7,68.3,16453390.32
1.7,150,7,68.4,13106938.05
1.7,150,7,68.5,18126616.46
1.7,150,7,68.6,15059035.21
1.7,150,7,68.7,12270324.99
1.7,150,7,68.8,17290003.39
1.7,150,7,68.9,15616777.25
1.7,150,7,69,14501293.16
1.7,150,7,69.1,15895648.28
1.7,150,7,69.2,22588552.81
1.7,150,7,69.3,29281457.35
1.7,150,7,69.4,15059035.21
1.7,150,7,69.5,14780164.19
1.7,150,7,69.6,16732261.34
1.7,150,7,69.7,15616777.25
1.7,150,7,69.8,16453390.32
1.7,150,7,69.9,16453390.32
1.7,150,7,70,11154840.9
1.7,150,7,70.1,13943551.12
1.7,150,7,70.2,16453390.32
1.7,150,7,70.3,11154840.9
1.7,150,7,70.4,14501293.16
1.7,150,7,70.5,13943551.12
1.7,150,7,70.6,15337906.23
1.7,150,7,70.7,13385809.08
1.7,150,7,70.8,13385809.08
1.7,150,7,70.9,14222422.14
1.7,150,7,71,17568874.41
1.7,150,7,71.1,13385809.08
1.7,150,7,71.2,11154840.9
1.7,150,7,71.3,11991453.96
1.7,150,7,71.4,11991453.96
1.7,150,7,71.5,13943551.12
1.7,150,7,71.6,13664680.1
1.7,150,7,71.7,12549196.01
1.7,150,7,71.8,7808388.627
1.7,150,7,71.9,13385809.08
1.7,150,7,72,13943551.12
1.7,150,7,72.1,14780164.19
1.7,150,7,72.2,12270324.99
1.7,150,7,72.3,9760485.784
1.7,150,7,72.4,12270324.99
1.7,150,7,72.5,13385809.08
1.7,150,7,72.6,16453390.32
1.7,150,7,72.7,9760485.784
1.7,150,7,72.8,12828067.03
1.7,150,7,72.9,15337906.23
1.7,150,7,73,14780164.19
1.7,150,7,73.1,14780164.19
1.7,150,7,73.2,10875969.87
1.7,150,7,73.3,13106938.05
1.7,150,7,73.4,10318227.83
1.7,150,7,73.5,11712582.94
1.7,150,7,73.6,12270324.99
1.7,150,7,73.7,10875969.87
1.7,150,7,73.8,13664680.1
1.7,150,7,73.9,9760485.784
1.7,150,7,74,10597098.85
1.7,150,7,74.1,12549196.01
1.7,150,7,74.2,17290003.39
1.7,150,7,74.3,11991453.96
1.7,150,7,74.4,10318227.83
1.7,150,7,74.5,11991453.96
1.7,150,7,74.6,9481614.762
1.7,150,7,74.7,12270324.99
1.7,150,7,74.8,11712582.94
1.7,150,7,74.9,8923872.717
1.7,150,7,75,12270324.99
1.7,150,7,75.1,12828067.03
1.7,150,7,75.2,10597098.85
1.7,150,7,75.3,11991453.96
1.7,150,7,75.4,12270324.99
1.7,150,7,75.5,10318227.83
1.7,150,7,75.6,12828067.03
1.7,150,7,75.7,9481614.762
1.7,150,7,75.8,12828067.03
1.7,150,7,75.9,11712582.94
1.7,150,7,76,12828067.03
1.7,150,7,76.1,10597098.85
1.7,150,7,76.2,11991453.96
1.7,150,7,76.3,13664680.1
1.7,150,7,76.4,11154840.9
1.7,150,7,76.5,9760485.784
1.7,150,7,76.6,12549196.01
1.7,150,7,76.7,15895648.28
1.7,150,7,76.8,10597098.85
1.7,150,7,76.9,13664680.1
1.7,150,7,77,13943551.12
1.7,150,7,77.1,10318227.83
1.7,150,7,77.2,13943551.12
1.7,150,7,77.3,11712582.94
1.7,150,7,77.4,10875969.87
1.7,150,7,77.5,12270324.99
1.7,150,7,77.6,11991453.96
1.7,150,7,77.7,10039356.81
1.7,150,7,77.8,7529517.605
1.7,150,7,77.9,10875969.87
1.7,150,7,78,10039356.81
1.7,150,7,78.1,7808388.627
1.7,150,7,78.2,11433711.92
1.7,150,7,78.3,12270324.99
1.7,150,7,78.4,11433711.92
1.7,150,7,78.5,10875969.87
1.7,150,7,78.6,11154840.9
1.7,150,7,78.7,11991453.96
1.7,150,7,78.8,10039356.81
1.7,150,7,78.9,13664680.1
1.7,150,7,79,9481614.762
1.7,150,7,79.1,11154840.9
1.7,150,7,79.2,10039356.81
1.7,150,7,79.3,11712582.94
1.7,150,7,79.4,12828067.03
1.7,150,7,79.5,14222422.14
1.7,150,7,79.6,12270324.99
1.7,150,7,79.7,13664680.1
1.7,150,7,79.8,11991453.96
1.7,150,7,79.9,8645001.694
1.7,150,7,80,6414033.515
1.7,150,7,80.1,11712582.94
1.7,150,7,80.2,11712582.94
1.7,150,7,80.3,11433711.92
1.7,150,7,80.4,8645001.694
1.7,150,7,80.5,14501293.16
1.7,150,7,80.6,13106938.05
1.7,150,7,80.7,10875969.87
1.7,150,7,80.8,8923872.717
1.7,150,7,80.9,9760485.784
1.7,150,7,81,9760485.784
1.7,150,7,81.1,10318227.83
1.7,150,7,81.2,10597098.85
1.7,150,7,81.3,12549196.01
1.7,150,7,81.4,10039356.81
1.7,150,7,81.5,12549196.01
1.7,150,7,81.6,12270324.99
1.7,150,7,81.7,10875969.87
1.7,150,7,81.8,14222422.14
1.7,150,7,81.9,13385809.08
1.7,150,7,82,11712582.94
1.7,150,7,82.1,12270324.99
1.7,150,7,82.2,11154840.9
1.7,150,7,82.3,11991453.96
1.7,150,7,82.4,9760485.784
1.7,150,7,82.5,10039356.81
1.7,150,7,82.6,9760485.784
1.7,150,7,82.7,8645001.694
1.7,150,7,82.8,13943551.12
1.7,150,7,82.9,9760485.784
1.7,150,7,83,11991453.96
1.7,150,7,83.1,7529517.605
1.7,150,7,83.2,13106938.05
1.7,150,7,83.3,10597098.85
1.7,150,7,83.4,10318227.83
1.7,150,7,83.5,9760485.784
1.7,150,7,83.6,11154840.9
1.7,150,7,83.7,9760485.784
1.7,150,7,83.8,9202743.739
1.7,150,7,83.9,10875969.87
1.7,150,7,84,7808388.627
1.7,150,7,84.1,12549196.01
1.7,150,7,84.2,13943551.12
1.7,150,7,84.3,10318227.83
1.7,150,7,84.4,12270324.99
1.7,150,7,84.5,8087259.65
1.7,150,7,84.6,12270324.99
1.7,150,7,84.7,10875969.87
1.7,150,7,84.8,12549196.01
1.7,150,7,84.9,9202743.739
1.7,150,7,85,8923872.717
1.7,150,7,85.1,17011132.37
1.7,150,7,85.2,8923872.717
1.7,150,7,85.3,12828067.03
1.7,150,7,85.4,8645001.694
1.7,150,7,85.5,8645001.694
1.7,150,7,85.6,10318227.83
1.7,150,7,85.7,9481614.762
1.7,150,7,85.8,11433711.92
1.7,150,7,85.9,6135162.493
1.7,150,7,86,8923872.717
1.7,150,7,86.1,10318227.83
1.7,150,7,86.2,9481614.762
1.7,150,7,86.3,10875969.87
1.7,150,7,86.4,9760485.784
1.7,150,7,86.5,10318227.83
1.7,150,7,86.6,11991453.96
1.7,150,7,86.7,8923872.717
1.7,150,7,86.8,10875969.87
1.7,150,7,86.9,9481614.762
1.7,150,7,87,11433711.92
1.7,150,7,87.1,9202743.739
1.7,150,7,87.2,7529517.605
1.7,150,7,87.3,8366130.672
1.7,150,7,87.4,10597098.85
1.7,150,7,87.5,14501293.16
1.7,150,7,87.6,10039356.81
1.7,150,7,87.7,9202743.739
1.7,150,7,87.8,9202743.739
1.7,150,7,87.9,10039356.81
1.7,150,7,88,11991453.96
1.7,150,7,88.1,10597098.85
1.7,150,7,88.2,8366130.672
1.7,150,7,88.3,10875969.87
1.7,150,7,88.4,10039356.81
1.7,150,7,88.5,8087259.65
1.7,150,7,88.6,8923872.717
1.7,150,7,88.7,10318227.83
1.7,150,7,88.8,6692904.538
1.7,150,7,88.9,8087259.65
1.7,150,7,89,8923872.717
1.7,150,7,89.1,8645001.694
1.7,150,7,89.2,11154840.9
1.7,150,7,89.3,10318227.83
1.7,150,7,89.4,8087259.65
1.7,150,7,89.5,8645001.694
1.7,150,7,89.6,9481614.762
1.7,150,7,89.7,6692904.538
1.7,150,7,89.8,11154840.9
1.7,150,7,89.9,9202743.739
1.7,150,7,90,8923872.717
1.7,150,7,90.1,9481614.762
1.7,150,7,90.2,10318227.83
1.7,150,7,90.3,8087259.65
1.7,150,7,90.4,9202743.739
1.7,150,7,90.5,9202743.739
1.7,150,7,90.6,10597098.85
1.7,150,7,90.7,8923872.717
1.7,150,7,90.8,10875969.87
1.7,150,7,90.9,11991453.96
1.7,150,7,91,9202743.739
1.7,150,7,91.1,8923872.717
1.7,150,7,91.2,7529517.605
1.7,150,7,91.3,8645001.694
1.7,150,7,91.4,7250646.582
1.7,150,7,91.5,8087259.65
1.7,150,7,91.6,11991453.96
1.7,150,7,91.7,7529517.605
1.7,150,7,91.8,8366130.672
1.7,150,7,91.9,6135162.493
1.7,150,7,92,11991453.96
1.7,150,7,92.1,9202743.739
1.7,150,7,92.2,10318227.83
1.7,150,7,92.3,7529517.605
1.7,150,7,92.4,7808388.627
1.7,150,7,92.5,10875969.87
1.7,150,7,92.6,4183065.336
1.7,150,7,92.7,9760485.784
1.7,150,7,92.8,9760485.784
1.7,150,7,92.9,10039356.81
1.7,150,7,93,10039356.81
1.7,150,7,93.1,8087259.65
1.7,150,7,93.2,6971775.56
1.7,150,7,93.3,8087259.65
1.7,150,7,93.4,6971775.56
1.7,150,7,93.5,8366130.672
1.7,150,7,93.6,12270324.99
1.7,150,7,93.7,7529517.605
1.7,150,7,93.8,6414033.515
1.7,150,7,93.9,9202743.739
1.7,150,7,94,7250646.582
1.7,150,7,94.1,9481614.762
1.7,150,7,94.2,6135162.493
1.7,150,7,94.3,8366130.672
1.7,150,7,94.4,9481614.762
1.7,150,7,94.5,7250646.582
1.7,150,7,94.6,11433711.92
1.7,150,7,94.7,8087259.65
1.7,150,7,94.8,7529517.605
1.7,150,7,94.9,8366130.672
1.7,150,7,95,6414033.515
1.7,150,7,95.1,8087259.65
1.7,150,7,95.2,8366130.672
1.7,150,7,95.3,7808388.627
1.7,150,7,95.4,10039356.81
1.7,150,7,95.5,8645001.694
1.7,150,7,95.6,8087259.65
1.7,150,7,95.7,5577420.448
1.7,150,7,95.8,7529517.605
1.7,150,7,95.9,9481614.762
1.7,150,7,96,10039356.81
1.7,150,7,96.1,7250646.582
1.7,150,7,96.2,6692904.538
1.7,150,7,96.3,8366130.672
1.7,150,7,96.4,6692904.538
1.7,150,7,96.5,4740807.381
1.7,150,7,96.6,6414033.515
1.7,150,7,96.7,6971775.56
1.7,150,7,96.8,5856291.47
1.7,150,7,96.9,7250646.582
1.7,150,7,97,8645001.694
1.7,150,7,97.1,9481614.762
1.7,150,7,97.2,11712582.94
1.7,150,7,97.3,8366130.672
1.7,150,7,97.4,6971775.56
1.7,150,7,97.5,8366130.672
1.7,150,7,97.6,6414033.515
1.7,150,7,97.7,6971775.56
1.7,150,7,97.8,6692904.538
1.7,150,7,97.9,6692904.538
1.7,150,7,98,5019678.403
1.7,150,7,98.1,9760485.784
1.7,150,7,98.2,4183065.336
1.7,150,7,98.3,5577420.448
1.7,150,7,98.4,6971775.56
1.7,150,7,98.5,8366130.672
1.7,150,7,98.6,6971775.56
1.7,150,7,98.7,6971775.56
1.7,150,7,98.8,8087259.65
1.7,150,7,98.9,8645001.694
1.7,150,7,99,6692904.538
1.7,150,7,99.1,8645001.694
1.7,150,7,99.2,5298549.426
1.7,150,7,99.3,5298549.426
1.7,150,7,99.4,5577420.448
1.7,150,7,99.5,8645001.694
1.7,150,7,99.6,6414033.515
1.7,150,7,99.7,9202743.739
1.7,150,7,99.8,7808388.627
1.7,150,7,99.9,4183065.336
1.7,150,7,100,6692904.538
1.7,150,7,100.1,6135162.493
1.7,150,7,100.2,5019678.403
1.7,150,7,100.3,6414033.515
1.7,150,7,100.4,5019678.403
1.7,150,7,100.5,5019678.403
1.7,150,7,100.6,8087259.65
1.7,150,7,100.7,6971775.56
1.7,150,7,100.8,6971775.56
1.7,150,7,100.9,6971775.56
1.7,150,7,101,9202743.739
1.7,150,7,101.1,5856291.47
1.7,150,7,101.2,10318227.83
1.7,150,7,101.3,9202743.739
1.7,150,7,101.4,5577420.448
1.7,150,7,101.5,6692904.538
1.7,150,7,101.6,7808388.627
1.7,150,7,101.7,4740807.381
1.7,150,7,101.8,7808388.627
1.7,150,7,101.9,6135162.493
1.7,150,7,102,5856291.47
1.7,150,7,102.1,7529517.605
1.7,150,7,102.2,8923872.717
1.7,150,7,102.3,7250646.582
1.7,150,7,102.4,5856291.47
1.7,150,7,102.5,7250646.582
1.7,150,7,102.6,4461936.358
1.7,150,7,102.7,5577420.448
1.7,150,7,102.8,6135162.493
1.7,150,7,102.9,5856291.47
1.7,150,7,103,5298549.426
1.7,150,7,103.1,9202743.739
1.7,150,7,103.2,6692904.538
1.7,150,7,103.3,7529517.605
1.7,150,7,103.4,8923872.717
1.7,150,7,103.5,5019678.403
1.7,150,7,103.6,7808388.627
1.7,150,7,103.7,8087259.65
1.7,150,7,103.8,5856291.47
1.7,150,7,103.9,5019678.403
1.7,150,7,104,6971775.56
1.7,150,7,104.1,6692904.538
1.7,150,7,104.2,6414033.515
1.7,150,7,104.3,6135162.493
1.7,150,7,104.4,8645001.694
1.7,150,7,104.5,5298549.426
1.7,150,7,104.6,5856291.47
1.7,150,7,104.7,6692904.538
1.7,150,7,104.8,7250646.582
1.7,150,7,104.9,9481614.762
1.7,150,7,105,6692904.538
1.7,150,7,105.1,5298549.426
1.7,150,7,105.2,5856291.47
1.7,150,7,105.3,6692904.538
1.7,150,7,105.4,8087259.65
1.7,150,7,105.5,5856291.47
1.7,150,7,105.6,5298549.426
1.7,150,7,105.7,5856291.47
1.7,150,7,105.8,6971775.56
1.7,150,7,105.9,6692904.538
1.7,150,7,106,6971775.56
1.7,150,7,106.1,5856291.47
1.7,150,7,106.2,5856291.47
1.7,150,7,106.3,6135162.493
1.7,150,7,106.4,6971775.56
1.7,150,7,106.5,7250646.582
1.7,150,7,106.6,7808388.627
1.7,150,7,106.7,7250646.582
1.7,150,7,106.8,5856291.47
1.7,150,7,106.9,5577420.448
1.7,150,7,107,7250646.582
1.7,150,7,107.1,4183065.336
1.7,150,7,107.2,8923872.717
1.7,150,7,107.3,5856291.47
1.7,150,7,107.4,5298549.426
1.7,150,7,107.5,5577420.448
1.7,150,7,107.6,7250646.582
1.7,150,7,107.7,7529517.605
1.7,150,7,107.8,9202743.739
1.7,150,7,107.9,4740807.381
1.7,150,7,108,7808388.627
1.7,150,7,108.1,4461936.358
1.7,150,7,108.2,7250646.582
1.7,150,7,108.3,9202743.739
1.7,150,7,108.4,8366130.672
1.7,150,7,108.5,6414033.515
1.7,150,7,108.6,4740807.381
1.7,150,7,108.7,6971775.56
1.7,150,7,108.8,3904194.314
1.7,150,7,108.9,5856291.47
1.7,150,7,109,8645001.694
1.7,150,7,109.1,5019678.403
1.7,150,7,109.2,6414033.515
1.7,150,7,109.3,6135162.493
1.7,150,7,109.4,7529517.605
1.7,150,7,109.5,5019678.403
1.7,150,7,109.6,5298549.426
1.7,150,7,109.7,8087259.65
1.7,150,7,109.8,5577420.448
1.7,150,7,109.9,5856291.47
1.7,150,7,110,4740807.381
1.7,150,7,110.1,4461936.358
1.7,150,7,110.2,5856291.47
1.7,150,7,110.3,3625323.291
1.7,150,7,110.4,5856291.47
1.7,150,7,110.5,5298549.426
1.7,150,7,110.6,6135162.493
1.7,150,7,110.7,5019678.403
1.7,150,7,110.8,6971775.56
1.7,150,7,110.9,4740807.381
1.7,150,7,111,5298549.426
1.7,150,7,111.1,4461936.358
1.7,150,7,111.2,5298549.426
1.7,150,7,111.3,4461936.358
1.7,150,7,111.4,6135162.493
1.7,150,7,111.5,4740807.381
1.7,150,7,111.6,8087259.65
1.7,150,7,111.7,5019678.403
1.7,150,7,111.8,5298549.426
1.7,150,7,111.9,5019678.403
1.7,150,7,112,3067581.246
1.7,150,7,112.1,5298549.426
1.7,150,7,112.2,4461936.358
1.7,150,7,112.3,5298549.426
1.7,150,7,112.4,5019678.403
1.7,150,7,112.5,5577420.448
1.7,150,7,112.6,5577420.448
1.7,150,7,112.7,3625323.291
1.7,150,7,112.8,7808388.627
1.7,150,7,112.9,3625323.291
1.7,150,7,113,5019678.403
1.7,150,7,113.1,5019678.403
1.7,150,7,113.2,6692904.538
1.7,150,7,113.3,6135162.493
1.7,150,7,113.4,5577420.448
1.7,150,7,113.5,6414033.515
1.7,150,7,113.6,6135162.493
1.7,150,7,113.7,7808388.627
1.7,150,7,113.8,6692904.538
1.7,150,7,113.9,5856291.47
1.7,150,7,114,3067581.246
1.7,150,7,114.1,5019678.403
1.7,150,7,114.2,4183065.336
1.7,150,7,114.3,5577420.448
1.7,150,7,114.4,3346452.269
1.7,150,7,114.5,8923872.717
1.7,150,7,114.6,4461936.358
1.7,150,7,114.7,5856291.47
1.7,150,7,114.8,7808388.627
1.7,150,7,114.9,6692904.538
1.7,150,7,115,6692904.538
1.7,150,7,115.1,4740807.381
1.7,150,7,115.2,5298549.426
1.7,150,7,115.3,6135162.493
1.7,150,7,115.4,6692904.538
1.7,150,7,115.5,5856291.47
1.7,150,7,115.6,5019678.403
1.7,150,7,115.7,5298549.426
1.7,150,7,115.8,6135162.493
1.7,150,7,115.9,2788710.224
1.7,150,7,116,5856291.47
1.7,150,7,116.1,5298549.426
1.7,150,7,116.2,5019678.403
1.7,150,7,116.3,5019678.403
1.7,150,7,116.4,4183065.336
1.7,150,7,116.5,8366130.672
1.7,150,7,116.6,6971775.56
1.7,150,7,116.7,5577420.448
1.7,150,7,116.8,7808388.627
1.7,150,7,116.9,4183065.336
1.7,150,7,117,4461936.358
1.7,150,7,117.1,4740807.381
1.7,150,7,117.2,2788710.224
1.7,150,7,117.3,3346452.269
1.7,150,7,117.4,4461936.358
1.7,150,7,117.5,4461936.358
1.7,150,7,117.6,3346452.269
1.7,150,7,117.7,4183065.336
1.7,150,7,117.8,3067581.246
1.7,150,7,117.9,5577420.448
1.7,150,7,118,4183065.336
1.7,150,7,118.1,5856291.47
1.7,150,7,118.2,5577420.448
1.7,150,7,118.3,4183065.336
1.7,150,7,118.4,5019678.403
1.7,150,7,118.5,5577420.448
1.7,150,7,118.6,5019678.403
1.7,150,7,118.7,5019678.403
1.7,150,7,118.8,4461936.358
1.7,150,7,118.9,3067581.246
1.7,150,7,119,3904194.314
1.7,150,7,119.1,4740807.381
1.7,150,7,119.2,4183065.336
1.7,150,7,119.3,3625323.291
1.7,150,7,119.4,4740807.381
1.7,150,7,119.5,4740807.381
1.7,150,7,119.6,4183065.336
1.7,150,7,119.7,5298549.426
1.7,150,7,119.8,4183065.336
1.7,150,7,119.9,4461936.358
1.7,150,7,120,5298549.426
1.7,150,7,120.1,5577420.448
1.7,150,7,120.2,5856291.47
1.7,150,7,120.3,5019678.403
1.7,150,7,120.4,2788710.224
1.7,150,7,120.5,3904194.314
1.7,150,7,120.6,3625323.291
1.7,150,7,120.7,3346452.269
1.7,150,7,120.8,4461936.358
1.7,150,7,120.9,1394355.112
1.7,150,7,121,3067581.246
1.7,150,7,121.1,5019678.403
1.7,150,7,121.2,2788710.224
1.7,150,7,121.3,3625323.291
1.7,150,7,121.4,3625323.291
1.7,150,7,121.5,7529517.605
1.7,150,7,121.6,5019678.403
1.7,150,7,121.7,3625323.291
1.7,150,7,121.8,4740807.381
1.7,150,7,121.9,4183065.336
1.7,150,7,122,3904194.314
1.7,150,7,122.1,5298549.426
1.7,150,7,122.2,4183065.336
1.7,150,7,122.3,4183065.336
1.7,150,7,122.4,5298549.426
1.7,150,7,122.5,3625323.291
1.7,150,7,122.6,3067581.246
1.7,150,7,122.7,2788710.224
1.7,150,7,122.8,4183065.336
1.7,150,7,122.9,2788710.224
1.7,150,7,123,5577420.448
1.7,150,7,123.1,3904194.314
1.7,150,7,123.2,5019678.403
1.7,150,7,123.3,3625323.291
1.7,150,7,123.4,4183065.336
1.7,150,7,123.5,5298549.426
1.7,150,7,123.6,3625323.291
1.7,150,7,123.7,5577420.448
1.7,150,7,123.8,4183065.336
1.7,150,7,123.9,5298549.426
1.7,150,7,124,5019678.403
1.7,150,7,124.1,3904194.314
1.7,150,7,124.2,4461936.358
1.7,150,7,124.3,3904194.314
1.7,150,7,124.4,3346452.269
1.7,150,7,124.5,6692904.538
1.7,150,7,124.6,4183065.336
1.7,150,7,124.7,5019678.403
1.7,150,7,124.8,3067581.246
1.7,150,7,124.9,4740807.381
1.7,150,7,125,3625323.291
1.7,150,7,125.1,3067581.246
1.7,150,7,125.2,2788710.224
1.7,150,7,125.3,4461936.358
1.7,150,7,125.4,3625323.291
1.7,150,7,125.5,4740807.381
1.7,150,7,125.6,3346452.269
1.7,150,7,125.7,4183065.336
1.7,150,7,125.8,5298549.426
1.7,150,7,125.9,5856291.47
1.7,150,7,126,6135162.493
1.7,150,7,126.1,4183065.336
1.7,150,7,126.2,4740807.381
1.7,150,7,126.3,3346452.269
1.7,150,7,126.4,2509839.202
1.7,150,7,126.5,3904194.314
1.7,150,7,126.6,3904194.314
1.7,150,7,126.7,4740807.381
1.7,150,7,126.8,4183065.336
1.7,150,7,126.9,3067581.246
1.7,150,7,127,3067581.246
1.7,150,7,127.1,3904194.314
1.7,150,7,127.2,3067581.246
1.7,150,7,127.3,2788710.224
1.7,150,7,127.4,2788710.224
1.7,150,7,127.5,3067581.246
1.7,150,7,127.6,3346452.269
1.7,150,7,127.7,2509839.202
1.7,150,7,127.8,5019678.403
1.7,150,7,127.9,3625323.291
1.7,150,7,128,3625323.291
1.7,150,7,128.1,3067581.246
1.7,150,7,128.2,4183065.336
1.7,150,7,128.3,3625323.291
1.7,150,7,128.4,4183065.336
1.7,150,7,128.5,3904194.314
1.7,150,7,128.6,5019678.403
1.7,150,7,128.7,3625323.291
1.7,150,7,128.8,1952097.157
1.7,150,7,128.9,4183065.336
1.7,150,7,129,5019678.403
1.7,150,7,129.1,2230968.179
1.7,150,7,129.2,2509839.202
1.7,150,7,129.3,4183065.336
1.7,150,7,129.4,2509839.202
1.7,150,7,129.5,1394355.112
1.7,150,7,129.6,4183065.336
1.7,150,7,129.7,3625323.291
1.7,150,7,129.8,3904194.314
1.7,150,7,129.9,3067581.246
1.7,150,7,130,3904194.314
1.7,150,7,130.1,3346452.269
1.7,150,7,130.2,2788710.224
1.7,150,7,130.3,2509839.202
1.7,150,7,130.4,2509839.202
1.7,150,7,130.5,3067581.246
1.7,150,7,130.6,3346452.269
1.7,150,7,130.7,4183065.336
1.7,150,7,130.8,3067581.246
1.7,150,7,130.9,2509839.202
1.7,150,7,131,3346452.269
1.7,150,7,131.1,2788710.224
1.7,150,7,131.2,2509839.202
1.7,150,7,131.3,3067581.246
1.7,150,7,131.4,2509839.202
1.7,150,7,131.5,3904194.314
1.7,150,7,131.6,3904194.314
1.7,150,7,131.7,4183065.336
1.7,150,7,131.8,4461936.358
1.7,150,7,131.9,3346452.269
1.7,150,7,132,2788710.224
1.7,150,7,132.1,2509839.202
1.7,150,7,132.2,3625323.291
1.7,150,7,132.3,1115484.09
1.7,150,7,132.4,3067581.246
1.7,150,7,132.5,2788710.224
1.7,150,7,132.6,2788710.224
1.7,150,7,132.7,1115484.09
1.7,150,7,132.8,2788710.224
1.7,150,7,132.9,3067581.246
1.7,150,7,133,1673226.134
1.7,150,7,133.1,3346452.269
1.7,150,7,133.2,3904194.314
1.7,150,7,133.3,1673226.134
1.7,150,7,133.4,3346452.269
1.7,150,7,133.5,1952097.157
1.7,150,7,133.6,3346452.269
1.7,150,7,133.7,4183065.336
1.7,150,7,133.8,3067581.246
1.7,150,7,133.9,4461936.358
1.7,150,7,134,3346452.269
1.7,150,7,134.1,2788710.224
1.7,150,7,134.2,2788710.224
1.7,150,7,134.3,2230968.179
1.7,150,7,134.4,2509839.202
1.7,150,7,134.5,3067581.246
1.7,150,7,134.6,1115484.09
1.7,150,7,134.7,2509839.202
1.7,150,7,134.8,3346452.269
1.7,150,7,134.9,1952097.157
1.7,150,7,135,2788710.224
1.7,150,7,135.1,3346452.269
1.7,150,7,135.2,2788710.224
1.7,150,7,135.3,2509839.202
1.7,150,7,135.4,2509839.202
1.7,150,7,135.5,3067581.246
1.7,150,7,135.6,3904194.314
1.7,150,7,135.7,3067581.246
1.7,150,7,135.8,1115484.09
1.7,150,7,135.9,3067581.246
1.7,150,7,136,1952097.157
1.7,150,7,136.1,2788710.224
1.7,150,7,136.2,2509839.202
1.7,150,7,136.3,4183065.336
1.7,150,7,136.4,3067581.246
1.7,150,7,136.5,2509839.202
1.7,150,7,136.6,1952097.157
1.7,150,7,136.7,2788710.224
1.7,150,7,136.8,1394355.112
1.7,150,7,136.9,1952097.157
1.7,150,7,137,3625323.291
1.7,150,7,137.1,1394355.112
1.7,150,7,137.2,1673226.134
1.7,150,7,137.3,3346452.269
1.7,150,7,137.4,1952097.157
1.7,150,7,137.5,2509839.202
1.7,150,7,137.6,1673226.134
1.7,150,7,137.7,2509839.202
1.7,150,7,137.8,3346452.269
1.7,150,7,137.9,3067581.246
1.7,150,7,138,2230968.179
1.7,150,7,138.1,2509839.202
1.7,150,7,138.3,1673226.134
1.7,150,7,138.4,1952097.157
1.7,150,7,138.5,3346452.269
1.7,150,7,138.6,2230968.179
1.7,150,7,138.7,1673226.134
1.7,150,7,138.8,2509839.202
1.7,150,7,138.9,2230968.179
1.7,150,7,139,4461936.358
1.7,150,7,139.1,1952097.157
1.7,150,7,139.2,2509839.202
1.7,150,7,139.3,1394355.112
1.7,150,7,139.4,2509839.202
1.7,150,7,139.5,1952097.157
1.7,150,7,139.6,557742.0448
1.7,150,7,139.7,1673226.134
1.7,150,7,139.8,836613.0672
1.7,150,7,139.9,3067581.246
1.7,150,7,140,1673226.134
1.7,150,7,140.1,1952097.157
1.7,150,7,140.2,1115484.09
1.7,150,7,140.3,2230968.179
1.7,150,7,140.4,1115484.09
1.7,150,7,140.5,2230968.179
1.7,150,7,140.6,2230968.179
1.7,150,7,140.7,1952097.157
1.7,150,7,140.8,2788710.224
1.7,150,7,140.9,2230968.179
1.7,150,7,141,2230968.179
1.7,150,7,141.1,3067581.246
1.7,150,7,141.2,1673226.134
1.7,150,7,141.3,1952097.157
1.7,150,7,141.4,2230968.179
1.7,150,7,141.5,2230968.179
1.7,150,7,141.6,1952097.157
1.7,150,7,141.7,2509839.202
1.7,150,7,141.8,1952097.157
1.7,150,7,141.9,1952097.157
1.7,150,7,142,1952097.157
1.7,150,7,142.1,1673226.134
1.7,150,7,142.2,1394355.112
1.7,150,7,142.3,3067581.246
1.7,150,7,142.4,836613.0672
1.7,150,7,142.5,2509839.202
1.7,150,7,142.6,2230968.179
1.7,150,7,142.7,2509839.202
1.7,150,7,142.8,836613.0672
1.7,150,7,142.9,2509839.202
1.7,150,7,143,1952097.157
1.7,150,7,143.1,1394355.112
1.7,150,7,143.2,2230968.179
1.7,150,7,143.3,3346452.269
1.7,150,7,143.4,278871.0224
1.7,150,7,143.5,1394355.112
1.7,150,7,143.6,1952097.157
1.7,150,7,143.7,3625323.291
1.7,150,7,143.8,2230968.179
1.7,150,7,143.9,1115484.09
1.7,150,7,144,1115484.09
1.7,150,7,144.1,1394355.112
1.7,150,7,144.2,1673226.134
1.7,150,7,144.3,1952097.157
1.7,150,7,144.4,1394355.112
1.7,150,7,144.5,1115484.09
1.7,150,7,144.6,1952097.157
1.7,150,7,144.7,557742.0448
1.7,150,7,144.8,1394355.112
1.7,150,7,144.9,1952097.157
1.7,150,7,145,1115484.09
1.7,150,7,145.1,836613.0672
1.7,150,7,145.2,2509839.202
1.7,150,7,145.3,2230968.179
1.7,150,7,145.4,1115484.09
1.7,150,7,145.5,1673226.134
1.7,150,7,145.6,557742.0448
1.7,150,7,145.7,836613.0672
1.7,150,7,145.8,836613.0672
1.7,150,7,145.9,1394355.112
1.7,150,7,146,278871.0224
1.7,150,7,146.1,1673226.134
1.7,150,7,146.2,1115484.09
1.7,150,7,146.3,3346452.269
1.7,150,7,146.4,1394355.112
1.7,150,7,146.5,1115484.09
1.7,150,7,146.6,836613.0672
1.7,150,7,146.7,278871.0224
1.7,150,7,146.8,1115484.09
1.7,150,7,146.9,1673226.134
1.7,150,7,147,1673226.134
1.7,150,7,147.1,557742.0448
1.7,150,7,147.2,1673226.134
1.7,150,7,147.3,557742.0448
1.7,150,7,147.4,557742.0448
1.7,150,7,147.5,1952097.157
1.7,150,7,147.6,1394355.112
1.7,150,7,147.7,836613.0672
1.7,150,7,147.8,1394355.112
1.7,150,7,147.9,836613.0672
1.7,150,7,148,836613.0672
1.7,150,7,148.1,836613.0672
1.7,150,7,148.2,1394355.112
1.7,150,7,148.3,278871.0224
1.7,150,7,148.4,1673226.134
1.7,150,7,148.5,557742.0448
1.7,150,7,148.6,836613.0672
1.7,150,7,148.7,557742.0448
1.7,150,7,148.8,278871.0224
1.7,150,7,148.9,278871.0224
1.7,150,7,149,836613.0672
1.7,150,7,149.1,557742.0448
1.7,150,7,149.2,557742.0448
1.7,150,7,149.3,278871.0224
1.7,150,7,149.4,557742.0448
1.7,150,7,149.5,557742.0448
1.7,150,7,149.7,557742.0448
1.7,150,7,149.8,836613.0672
1.7,150,7,149.9,557742.0448
1.7,150,7,150,278871.0224
5,40,1,0.3,27940.46098
5,40,1,2.9,27940.46098
5,40,1,3,27940.46098
5,40,1,3.1,55880.92195
5,40,1,3.2,111761.8439
5,40,1,3.3,111761.8439
5,40,1,3.4,223523.6878
5,40,1,3.5,223523.6878
5,40,1,3.6,642630.6025
5,40,1,3.7,754392.4464
5,40,1,3.8,838213.8293
5,40,1,3.9,1536725.354
5,40,1,4,1620546.737
5,40,1,4.1,2458760.566
5,40,1,4.2,2626403.332
5,40,1,4.3,3799902.693
5,40,1,4.4,4163128.686
5,40,1,4.5,4721937.905
5,40,1,4.6,5867496.805
5,40,1,4.7,7627745.847
5,40,1,4.8,7683626.769
5,40,1,4.9,9555637.654
5,40,1,5,9387994.888
5,40,1,5.1,10868839.32
5,40,1,5.2,13383480.81
5,40,1,5.3,13104076.2
5,40,1,5.4,14305516.02
5,40,1,5.5,15590777.23
5,40,1,5.6,17239264.42
5,40,1,5.7,17881895.03
5,40,1,5.8,19111275.31
5,40,1,5.9,20536238.82
5,40,1,6,21262690.8
5,40,1,6.1,21514154.95
5,40,1,6.2,22184726.02
5,40,1,6.3,25397879.03
5,40,1,6.4,25453759.95
5,40,1,6.5,25314057.65
5,40,1,6.6,24950831.65
5,40,1,6.7,25621402.72
5,40,1,6.8,26934604.38
5,40,1,6.9,28583091.58
5,40,1,7,30455102.47
5,40,1,7.1,30455102.47
5,40,1,7.2,29309543.57
5,40,1,7.3,29477186.33
5,40,1,7.4,60602859.86
5,40,1,7.5,28974258.03
5,40,1,7.6,30706566.61
5,40,1,7.7,31209494.91
5,40,1,7.8,30790388
5,40,1,7.9,31433018.6
5,40,1,8,32215351.51
5,40,1,8.1,34310886.08
5,40,1,8.2,34366767
5,40,1,8.3,100138612.1
5,40,1,8.4,609241751.6
5,40,1,8.5,33947660.09
5,40,1,8.6,32746220.27
5,40,1,8.7,31600661.37
5,40,1,8.8,39871037.81
5,40,1,8.9,32327113.35
5,40,1,9,33221208.1
5,40,1,9.1,33863838.7
5,40,1,9.2,33919719.63
5,40,1,9.3,36015254.2
5,40,1,9.4,32187411.05
5,40,1,9.5,46800272.14
5,40,1,9.6,43195952.67
5,40,1,9.7,320169742.3
5,40,1,9.8,55182410.43
5,40,1,9.9,47778188.27
5,40,1,10,157137152.5
5,40,1,10.1,36238777.89
5,40,1,10.2,36099075.58
5,40,1,10.3,28890436.65
5,40,1,10.4,27577234.98
5,40,1,10.5,27353711.3
5,40,1,10.6,29337484.03
5,40,1,10.7,26934604.38
5,40,1,10.8,26766961.62
5,40,1,10.9,27409592.22
5,40,1,11,28471329.74
5,40,1,11.1,26822842.54
5,40,1,11.2,26906663.92
5,40,1,11.3,78792099.96
5,40,1,11.4,26906663.92
5,40,1,11.5,27605175.45
5,40,1,11.6,29784531.4
5,40,1,11.7,30091876.47
5,40,1,11.8,24308201.05
5,40,1,11.9,25006712.57
5,40,1,12,24475843.82
5,40,1,12.1,24336141.51
5,40,1,12.2,23358225.38
5,40,1,12.3,24084677.36
5,40,1,12.4,22156785.56
5,40,1,12.5,21737678.64
5,40,1,12.6,23246463.53
5,40,1,12.7,23693510.91
5,40,1,12.8,22268547.4
5,40,1,12.9,21793559.56
5,40,1,13,22743535.24
5,40,1,13.1,22659713.85
5,40,1,13.2,21234750.34
5,40,1,13.3,23162642.15
5,40,1,13.4,23246463.53
5,40,1,13.5,20675941.12
5,40,1,13.6,23050880.31
5,40,1,13.7,19949489.14
5,40,1,13.8,23162642.15
5,40,1,13.9,22156785.56
5,40,1,14,21542095.41
5,40,1,14.1,21849440.48
5,40,1,14.2,20312715.13
5,40,1,14.3,21402393.11
5,40,1,14.4,20759762.51
5,40,1,14.5,22296487.86
5,40,1,14.6,21458274.03
5,40,1,14.7,21318571.73
5,40,1,14.8,19865667.75
5,40,1,14.9,20620060.2
5,40,1,15,19753905.91
5,40,1,15.1,19418620.38
5,40,1,15.2,20899464.81
5,40,1,15.3,18217180.56
5,40,1,15.4,19921548.68
5,40,1,15.5,20927405.27
5,40,1,15.6,19893608.22
5,40,1,15.7,19614203.61
5,40,1,15.8,18664227.93
5,40,1,15.9,18803930.24
5,40,1,16,18915692.08
5,40,1,16.1,19949489.14
5,40,1,16.2,18803930.24
5,40,1,16.3,19614203.61
5,40,1,16.4,19083334.85
5,40,1,16.5,19027453.93
5,40,1,16.6,19195096.69
5,40,1,16.7,18133359.17
5,40,1,16.8,18468644.71
5,40,1,16.9,18077478.25
5,40,1,17,18440704.25
5,40,1,17.1,18440704.25
5,40,1,17.2,18692168.39
5,40,1,17.3,18720108.85
5,40,1,17.4,18301001.94
5,40,1,17.5,16401050.59
5,40,1,17.6,17798073.64
5,40,1,17.7,17770133.18
5,40,1,17.8,16931919.35
5,40,1,17.9,16680455.2
5,40,1,18,15954003.22
5,40,1,18.1,17211323.96
5,40,1,18.2,17183383.5
5,40,1,18.3,16009884.14
5,40,1,18.4,16820157.51
5,40,1,18.5,15870181.84
5,40,1,18.6,17127502.58
5,40,1,18.7,16624574.28
5,40,1,18.8,15646658.15
5,40,1,18.9,16149586.44
5,40,1,19,15395194
5,40,1,19.1,15898122.3
5,40,1,19.2,15981943.68
5,40,1,19.3,14668742.01
5,40,1,19.4,15590777.23
5,40,1,19.5,14445218.33
5,40,1,19.6,16009884.14
5,40,1,19.7,14556980.17
5,40,1,19.8,15143729.85
5,40,1,19.9,15087848.93
5,40,1,20,15646658.15
5,40,1,20.1,15031968.01
5,40,1,20.2,14752563.4
5,40,1,20.3,14724622.94
5,40,1,20.4,13970230.49
5,40,1,20.5,15339313.08
5,40,1,20.6,15255491.69
5,40,1,20.7,15115789.39
5,40,1,20.8,15171670.31
5,40,1,20.9,14417277.86
5,40,1,21,14724622.94
5,40,1,21.1,14081992.33
5,40,1,21.2,14668742.01
5,40,1,21.3,14640801.55
5,40,1,21.4,14780503.86
5,40,1,21.5,12908492.97
5,40,1,21.6,12573207.44
5,40,1,21.7,13634944.96
5,40,1,21.8,13914349.57
5,40,1,21.9,14249635.1
5,40,1,22,14081992.33
5,40,1,22.1,13299659.43
5,40,1,22.2,12936433.43
5,40,1,22.3,12768790.67
5,40,1,22.4,13579064.04
5,40,1,22.5,12629088.36
5,40,1,22.6,12461445.6
5,40,1,22.7,13886409.11
5,40,1,22.8,12461445.6
5,40,1,22.9,12545266.98
5,40,1,23,12740850.21
5,40,1,23.1,12070279.14
5,40,1,23.2,12098219.6
5,40,1,23.3,10896779.78
5,40,1,23.4,11986457.76
5,40,1,23.5,11232065.31
5,40,1,23.6,11232065.31
5,40,1,23.7,11595291.31
5,40,1,23.8,10868839.32
5,40,1,23.9,12209981.45
5,40,1,24,12098219.6
5,40,1,24.1,11483529.46
5,40,1,24.2,11511469.92
5,40,1,24.3,9667399.498
5,40,1,24.4,11958517.3
5,40,1,24.5,11232065.31
5,40,1,24.6,11120303.47
5,40,1,24.7,10533553.79
5,40,1,24.8,10645315.63
5,40,1,24.9,10785017.94
5,40,1,25,10142387.33
5,40,1,25.1,10729137.02
5,40,1,25.2,10449732.41
5,40,1,25.3,10226208.72
5,40,1,25.4,11651172.23
5,40,1,25.5,10086506.41
5,40,1,25.6,10310030.1
5,40,1,25.7,10561494.25
5,40,1,25.8,10114446.87
5,40,1,25.9,10086506.41
5,40,1,26,10310030.1
5,40,1,26.1,9667399.498
5,40,1,26.2,9862982.725
5,40,1,26.3,9639459.037
5,40,1,26.4,9304173.505
5,40,1,26.5,9080649.818
5,40,1,26.6,9332113.966
5,40,1,26.7,9052709.357
5,40,1,26.8,8717423.825
5,40,1,26.9,9052709.357
5,40,1,27,8857126.13
5,40,1,27.1,9248292.584
5,40,1,27.2,8493900.137
5,40,1,27.3,9052709.357
5,40,1,27.4,8968887.974
5,40,1,27.5,9248292.584
5,40,1,27.6,9052709.357
5,40,1,27.7,8801245.208
5,40,1,27.8,8493900.137
5,40,1,27.9,9024768.896
5,40,1,28,8521840.598
5,40,1,28.1,8298316.91
5,40,1,28.2,9611518.576
5,40,1,28.3,9555637.654
5,40,1,28.4,8410078.754
5,40,1,28.5,8465959.676
5,40,1,28.6,7990971.84
5,40,1,28.7,7683626.769
5,40,1,28.8,7935090.918
5,40,1,28.9,7935090.918
5,40,1,29,7488043.542
5,40,1,29.1,8046852.761
5,40,1,29.2,7935090.918
5,40,1,29.3,8382138.293
5,40,1,29.4,7376281.698
5,40,1,29.5,8968887.974
5,40,1,29.6,7571864.925
5,40,1,29.7,7292460.315
5,40,1,29.8,7404222.159
5,40,1,29.9,8689483.364
5,40,1,30,7040996.166
5,40,1,30.1,7515984.003
5,40,1,30.2,6789532.018
5,40,1,30.3,7767448.152
5,40,1,30.4,7571864.925
5,40,1,30.5,6063080.032
5,40,1,30.6,6649829.713
5,40,1,30.7,6342484.642
5,40,1,30.8,7124817.549
5,40,1,30.9,6789532.018
5,40,1,31,6845412.939
5,40,1,31.1,7515984.003
5,40,1,31.2,6761591.557
5,40,1,31.3,6538067.869
5,40,1,31.4,6230722.798
5,40,1,31.5,5699854.039
5,40,1,31.6,7320400.776
5,40,1,31.7,6873353.4
5,40,1,31.8,6342484.642
5,40,1,31.9,6566008.33
5,40,1,32,6035139.571
5,40,1,32.1,6230722.798
5,40,1,32.2,6370425.103
5,40,1,32.3,6258663.259
5,40,1,32.4,6426306.025
5,40,1,32.5,4973402.054
5,40,1,32.6,5224866.203
5,40,1,32.7,5923377.727
5,40,1,32.8,5448389.891
5,40,1,32.9,5560151.734
5,40,1,33,5392508.969
5,40,1,33.1,5671913.578
5,40,1,33.2,5979258.649
5,40,1,33.3,5616032.656
5,40,1,33.4,4693997.444
5,40,1,33.5,4889580.671
5,40,1,33.6,5979258.649
5,40,1,33.7,5755734.961
5,40,1,33.8,4554295.139
5,40,1,33.9,5392508.969
5,40,1,34,5141044.82
5,40,1,34.1,4554295.139
5,40,1,34.2,4107247.764
5,40,1,34.3,4358711.912
5,40,1,34.4,4051366.842
5,40,1,34.5,4749878.366
5,40,1,34.6,4777818.827
5,40,1,34.7,4693997.444
5,40,1,34.8,4777818.827
5,40,1,34.9,3995485.92
5,40,1,35,5029282.976
5,40,1,35.1,3967545.459
5,40,1,35.2,4330771.451
5,40,1,35.3,4302830.991
5,40,1,35.4,4582235.6
5,40,1,35.5,3855783.615
5,40,1,35.6,4777818.827
5,40,1,35.7,4051366.842
5,40,1,35.8,3716081.31
5,40,1,35.9,3660200.388
5,40,1,36,4526354.678
5,40,1,36.1,3855783.615
5,40,1,36.2,3995485.92
5,40,1,36.3,3269033.934
5,40,1,36.4,3017569.786
5,40,1,36.5,3576379.005
5,40,1,36.6,3101391.168
5,40,1,36.7,2877867.481
5,40,1,36.8,3296974.395
5,40,1,36.9,3352855.317
5,40,1,37,3296974.395
5,40,1,37.1,2654343.793
5,40,1,37.2,3296974.395
5,40,1,37.3,3296974.395
5,40,1,37.4,3324914.856
5,40,1,37.5,3380795.778
5,40,1,37.6,2570522.41
5,40,1,37.7,2626403.332
5,40,1,37.8,3548438.544
5,40,1,37.9,2794046.098
5,40,1,38,2095534.573
5,40,1,38.1,2514641.488
5,40,1,38.2,2849927.02
5,40,1,38.3,2095534.573
5,40,1,38.4,2263177.339
5,40,1,38.5,2486701.027
5,40,1,38.6,2123475.034
5,40,1,38.7,1704368.12
5,40,1,38.8,1983772.729
5,40,1,38.9,1704368.12
5,40,1,39,1983772.729
5,40,1,39.1,2011713.19
5,40,1,39.2,1508784.893
5,40,1,39.3,1676427.659
5,40,1,39.4,1341142.127
5,40,1,39.5,1480844.432
5,40,1,39.6,1173499.361
5,40,1,39.7,1061737.517
5,40,1,39.8,1257320.744
5,40,1,39.9,754392.4464
5,40,1,40,195583.2268
5,80,1,3.1,59672.84166
5,80,1,3.2,208854.9458
5,80,1,3.3,149182.1041
5,80,1,3.4,387873.4708
5,80,1,3.5,507219.1541
5,80,1,3.6,745910.5207
5,80,1,3.7,1163620.412
5,80,1,3.8,1342638.937
5,80,1,3.9,2327240.825
5,80,1,4,2536095.771
5,80,1,4.1,3341679.133
5,80,1,4.2,3908571.129
5,80,1,4.3,5131864.383
5,80,1,4.4,6743031.107
5,80,1,4.5,7578450.891
5,80,1,4.6,9279126.878
5,80,1,4.7,8771907.724
5,80,1,4.8,11606367.7
5,80,1,4.9,12471623.91
5,80,1,5,14082790.63
5,80,1,5.1,15932648.72
5,80,1,5.2,15843139.46
5,80,1,5.3,18349398.81
5,80,1,5.4,19572692.06
5,80,1,5.5,19363837.12
5,80,1,5.6,22287806.36
5,80,1,5.7,23600608.88
5,80,1,5.8,23451426.77
5,80,1,5.9,23451426.77
5,80,1,6,25987522.54
5,80,1,6.1,27330161.48
5,80,1,6.2,27986562.74
5,80,1,6.3,31477423.98
5,80,1,6.4,32372516.6
5,80,1,6.5,31447587.55
5,80,1,6.6,31984643.13
5,80,1,6.7,32730553.65
5,80,1,6.8,32342680.18
5,80,1,6.9,34073192.59
5,80,1,7,34729593.85
5,80,1,7.1,36221414.89
5,80,1,7.2,38757510.66
5,80,1,7.3,36370596.99
5,80,1,7.4,86137746.93
5,80,1,7.5,37146343.93
5,80,1,7.6,38011600.14
5,80,1,7.7,39175220.55
5,80,1,7.8,38817183.5
5,80,1,7.9,37504380.98
5,80,1,8,38906692.76
5,80,1,8.1,40547695.91
5,80,1,8.2,39324402.65
5,80,1,8.3,150017523.9
5,80,1,8.4,972458464.1
5,80,1,8.5,39921131.07
5,80,1,8.6,41711316.32
5,80,1,8.7,39354239.07
5,80,1,8.8,54570813.7
5,80,1,8.9,39801785.39
5,80,1,9,41114587.9
5,80,1,9.1,40637205.17
5,80,1,9.2,38101109.4
5,80,1,9.3,40398513.8
5,80,1,9.4,38280127.92
5,80,1,9.5,69668042.64
5,80,1,9.6,54899014.33
5,80,1,9.7,530252871
5,80,1,9.8,78022240.47
5,80,1,9.9,61910573.22
5,80,1,10,236065761.6
5,80,1,10.1,40428350.22
5,80,1,10.2,45023159.03
5,80,1,10.3,33834501.22
5,80,1,10.4,33148263.54
5,80,1,10.5,33744991.96
5,80,1,10.6,33834501.22
5,80,1,10.7,33207936.38
5,80,1,10.8,33297445.65
5,80,1,10.9,34192538.27
5,80,1,11,36758470.46
5,80,1,11.1,32611207.97
5,80,1,11.2,32641044.39
5,80,1,11.3,124417874.9
5,80,1,11.4,33327282.07
5,80,1,11.5,32760390.07
5,80,1,11.6,38936529.18
5,80,1,11.7,40965405.8
5,80,1,11.8,30164621.46
5,80,1,11.9,30612167.77
5,80,1,12,33625646.27
5,80,1,12.1,30134785.04
5,80,1,12.2,28195417.68
5,80,1,12.3,30850859.14
5,80,1,12.4,28404272.63
5,80,1,12.5,29836420.83
5,80,1,12.6,28225254.1
5,80,1,12.7,29806584.41
5,80,1,12.8,28881655.36
5,80,1,12.9,28613127.58
5,80,1,13,28165581.26
5,80,1,13.1,28284926.95
5,80,1,13.2,31566933.24
5,80,1,13.3,28165581.26
5,80,1,13.4,28374436.21
5,80,1,13.5,29508220.2
5,80,1,13.6,28016399.16
5,80,1,13.7,27568852.85
5,80,1,13.8,27389834.32
5,80,1,13.9,28971164.63
5,80,1,14,26972124.43
5,80,1,14.1,28672800.42
5,80,1,14.2,26882615.17
5,80,1,14.3,26852778.75
5,80,1,14.4,27747871.37
5,80,1,14.5,26464905.28
5,80,1,14.6,25898013.28
5,80,1,14.7,25927849.7
5,80,1,14.8,26852778.75
5,80,1,14.9,25510139.81
5,80,1,15,25599649.07
5,80,1,15.1,26584250.96
5,80,1,15.2,26494741.7
5,80,1,15.3,26077031.8
5,80,1,15.4,25569812.65
5,80,1,15.5,24316682.98
5,80,1,15.6,23898973.08
5,80,1,15.7,24943247.81
5,80,1,15.8,26494741.7
5,80,1,15.9,24823902.13
5,80,1,16,24406192.24
5,80,1,16.1,25539976.23
5,80,1,16.2,23511099.61
5,80,1,16.3,24436028.66
5,80,1,16.4,25868176.86
5,80,1,16.5,23928809.51
5,80,1,16.6,23361917.51
5,80,1,16.7,24167500.87
5,80,1,16.8,25480303.39
5,80,1,16.9,23093389.72
5,80,1,17,23839300.24
5,80,1,17.1,23361917.51
5,80,1,17.2,24167500.87
5,80,1,17.3,23481263.19
5,80,1,17.4,22795025.51
5,80,1,17.5,23570772.46
5,80,1,17.6,23272408.25
5,80,1,17.7,22586170.57
5,80,1,17.8,21661241.52
5,80,1,17.9,22824861.93
5,80,1,18,21989442.15
5,80,1,18.1,22228133.52
5,80,1,18.2,22228133.52
5,80,1,18.3,21541895.84
5,80,1,18.4,21064513.11
5,80,1,18.5,22735352.67
5,80,1,18.6,21392713.73
5,80,1,18.7,21333040.89
5,80,1,18.8,21512059.42
5,80,1,18.9,20915331
5,80,1,19,20437948.27
5,80,1,19.1,22436988.46
5,80,1,19.2,22407152.04
5,80,1,19.3,21243531.63
5,80,1,19.4,20855658.16
5,80,1,19.5,20885494.58
5,80,1,19.6,20288766.16
5,80,1,19.7,21094349.53
5,80,1,19.8,20766148.9
5,80,1,19.9,21273368.05
5,80,1,20,19184818.59
5,80,1,20.1,21064513.11
5,80,1,20.2,18826781.54
5,80,1,20.3,20676639.63
5,80,1,20.4,18498580.91
5,80,1,20.5,19602528.48
5,80,1,20.6,20616966.79
5,80,1,20.7,18319562.39
5,80,1,20.8,19334000.7
5,80,1,20.9,19930729.11
5,80,1,21,19453346.38
5,80,1,21.1,19781547.01
5,80,1,21.2,18796945.12
5,80,1,21.3,19513019.22
5,80,1,21.4,19811383.43
5,80,1,21.5,19721874.17
5,80,1,21.6,19005800.07
5,80,1,21.7,18737272.28
5,80,1,21.8,19542855.64
5,80,1,21.9,20378275.43
5,80,1,22,17752670.39
5,80,1,22.1,17782506.81
5,80,1,22.2,18021198.18
5,80,1,22.3,18319562.39
5,80,1,22.4,18349398.81
5,80,1,22.5,19154982.17
5,80,1,22.6,17692997.55
5,80,1,22.7,16947087.03
5,80,1,22.8,16887414.19
5,80,1,22.9,16081830.83
5,80,1,23,16827741.35
5,80,1,23.1,17931688.92
5,80,1,23.2,15992321.56
5,80,1,23.3,16439867.88
5,80,1,23.4,16947087.03
5,80,1,23.5,17155941.98
5,80,1,23.6,16529377.14
5,80,1,23.7,16857577.77
5,80,1,23.8,17066432.71
5,80,1,23.9,17543815.45
5,80,1,24,15634284.51
5,80,1,24.1,16290685.77
5,80,1,24.2,15783466.62
5,80,1,24.3,17036596.29
5,80,1,24.4,16320522.19
5,80,1,24.5,15455265.99
5,80,1,24.6,16022157.99
5,80,1,24.7,14321482
5,80,1,24.8,16678559.24
5,80,1,24.9,15932648.72
5,80,1,25,16260849.35
5,80,1,25.1,17275287.66
5,80,1,25.2,16290685.77
5,80,1,25.3,15843139.46
5,80,1,25.4,15872975.88
5,80,1,25.5,16738232.09
5,80,1,25.6,15097228.94
5,80,1,25.7,14530336.94
5,80,1,25.8,15783466.62
5,80,1,25.9,13545735.06
5,80,1,26,15425429.57
5,80,1,26.1,15455265.99
5,80,1,26.2,16141503.67
5,80,1,26.3,14679519.05
5,80,1,26.4,13963444.95
5,80,1,26.5,15365756.73
5,80,1,26.6,14918210.41
5,80,1,26.7,14739191.89
5,80,1,26.8,14530336.94
5,80,1,26.9,14500500.52
5,80,1,27,13694917.16
5,80,1,27.1,14291645.58
5,80,1,27.2,13963444.95
5,80,1,27.3,13396552.95
5,80,1,27.4,13217534.43
5,80,1,27.5,14112627.05
5,80,1,27.6,13098188.74
5,80,1,27.7,14052954.21
5,80,1,27.8,13098188.74
5,80,1,27.9,13665080.74
5,80,1,28,13605407.9
5,80,1,28.1,14142463.47
5,80,1,28.2,13814262.84
5,80,1,28.3,14231972.74
5,80,1,28.4,13426389.37
5,80,1,28.5,13993281.37
5,80,1,28.6,13336880.11
5,80,1,28.7,13575571.48
5,80,1,28.8,13993281.37
5,80,1,28.9,13515898.64
5,80,1,29,13098188.74
5,80,1,29.1,12650642.43
5,80,1,29.2,13128025.16
5,80,1,29.3,11785386.23
5,80,1,29.4,13635244.32
5,80,1,29.5,13247370.85
5,80,1,29.6,12889333.8
5,80,1,29.7,12680478.85
5,80,1,29.8,13307043.69
5,80,1,29.9,12590969.59
5,80,1,30,11994241.17
5,80,1,30.1,13336880.11
5,80,1,30.2,13635244.32
5,80,1,30.3,13098188.74
5,80,1,30.4,12143423.28
5,80,1,30.5,13366716.53
5,80,1,30.6,12471623.91
5,80,1,30.7,12531296.75
5,80,1,30.8,12590969.59
5,80,1,30.9,12382114.64
5,80,1,31,11904731.91
5,80,1,31.1,11636204.12
5,80,1,31.2,10890293.6
5,80,1,31.3,11874895.49
5,80,1,31.4,11695876.97
5,80,1,31.5,11516858.44
5,80,1,31.6,12232932.54
5,80,1,31.7,11427349.18
5,80,1,31.8,12143423.28
5,80,1,31.9,11516858.44
5,80,1,32,11904731.91
5,80,1,32.1,11337839.92
5,80,1,32.2,11457185.6
5,80,1,32.3,12382114.64
5,80,1,32.4,12232932.54
5,80,1,32.5,11725713.39
5,80,1,32.6,12143423.28
5,80,1,32.7,11725713.39
5,80,1,32.8,11845059.07
5,80,1,32.9,10830620.76
5,80,1,33,11457185.6
5,80,1,33.1,12441787.49
5,80,1,33.2,10770947.92
5,80,1,33.3,11695876.97
5,80,1,33.4,11218494.23
5,80,1,33.5,12292605.38
5,80,1,33.6,11218494.23
5,80,1,33.7,9846018.874
5,80,1,33.8,10353238.03
5,80,1,33.9,11099148.55
5,80,1,34,12561133.17
5,80,1,34.1,10383074.45
5,80,1,34.2,11128984.97
5,80,1,34.3,10591929.39
5,80,1,34.4,10770947.92
5,80,1,34.5,10532256.55
5,80,1,34.6,11099148.55
5,80,1,34.7,9637163.928
5,80,1,34.8,10323401.61
5,80,1,34.9,10114546.66
5,80,1,35,10472583.71
5,80,1,35.1,10830620.76
5,80,1,35.2,9756509.611
5,80,1,35.3,9279126.878
5,80,1,35.4,11039475.71
5,80,1,35.5,10233892.34
5,80,1,35.6,10949966.44
5,80,1,35.7,10204055.92
5,80,1,35.8,10532256.55
5,80,1,35.9,9159781.195
5,80,1,36,9935528.136
5,80,1,36.1,9756509.611
5,80,1,36.2,10025037.4
5,80,1,36.3,10323401.61
5,80,1,36.4,9846018.874
5,80,1,36.5,9368636.14
5,80,1,36.6,9696836.77
5,80,1,36.7,9726673.19
5,80,1,36.8,9428308.982
5,80,1,36.9,9517818.245
5,80,1,37,8921089.828
5,80,1,37.1,9338799.72
5,80,1,37.2,10114546.66
5,80,1,37.3,9010599.09
5,80,1,37.4,9189617.615
5,80,1,37.5,9726673.19
5,80,1,37.6,8801744.145
5,80,1,37.7,8503379.936
5,80,1,37.8,8294524.991
5,80,1,37.9,9189617.615
5,80,1,38,9100108.353
5,80,1,38.1,9607327.507
5,80,1,38.2,9308963.299
5,80,1,38.3,8055833.624
5,80,1,38.4,9458145.403
5,80,1,38.5,9129944.774
5,80,1,38.6,9189617.615
5,80,1,38.7,8055833.624
5,80,1,38.8,9487981.824
5,80,1,38.9,9129944.774
5,80,1,39,9428308.982
5,80,1,39.1,8891253.407
5,80,1,39.2,8294524.991
5,80,1,39.3,9189617.615
5,80,1,39.4,9249290.457
5,80,1,39.5,8503379.936
5,80,1,39.6,8831580.566
5,80,1,39.7,9010599.09
5,80,1,39.8,9040435.511
5,80,1,39.9,9368636.14
5,80,1,40,9129944.774
5,80,1,40.1,9428308.982
5,80,1,40.2,8234852.149
5,80,1,40.3,8712234.882
5,80,1,40.4,8712234.882
5,80,1,40.5,8771907.724
5,80,1,40.6,8473543.516
5,80,1,40.7,7787305.836
5,80,1,40.8,7876815.099
5,80,1,40.9,9010599.09
5,80,1,41,8085670.045
5,80,1,41.1,7936487.941
5,80,1,41.2,8264688.57
5,80,1,41.3,7906651.52
5,80,1,41.4,7936487.941
5,80,1,41.5,7250250.262
5,80,1,41.6,7936487.941
5,80,1,41.7,6802703.949
5,80,1,41.8,8025997.203
5,80,1,41.9,8085670.045
5,80,1,42,7488941.628
5,80,1,42.1,8294524.991
5,80,1,42.2,8234852.149
5,80,1,42.3,7996160.782
5,80,1,42.4,7936487.941
5,80,1,42.5,7518778.049
5,80,1,42.6,7488941.628
5,80,1,42.7,8205015.728
5,80,1,42.8,7459105.207
5,80,1,42.9,8085670.045
5,80,1,43,7757469.416
5,80,1,43.1,8384034.253
5,80,1,43.2,7548614.47
5,80,1,43.3,8563052.778
5,80,1,43.4,6564012.582
5,80,1,43.5,7429268.787
5,80,1,43.6,7220413.841
5,80,1,43.7,7280086.682
5,80,1,43.8,7966324.361
5,80,1,43.9,7817142.257
5,80,1,44,7369595.945
5,80,1,44.1,7190577.42
5,80,1,44.2,7011558.895
5,80,1,44.3,7011558.895
5,80,1,44.4,7339759.524
5,80,1,44.5,6653521.845
5,80,1,44.6,7727632.995
5,80,1,44.7,7906651.52
5,80,1,44.8,7996160.782
5,80,1,44.9,7280086.682
5,80,1,45,6772867.528
5,80,1,45.1,7101068.157
5,80,1,45.2,6981722.474
5,80,1,45.3,6593849.003
5,80,1,45.4,6683358.266
5,80,1,45.5,7280086.682
5,80,1,45.6,6832540.37
5,80,1,45.7,6653521.845
5,80,1,45.8,6951886.053
5,80,1,45.9,6772867.528
5,80,1,46,6743031.107
5,80,1,46.1,7101068.157
5,80,1,46.2,6951886.053
5,80,1,46.3,7071231.737
5,80,1,46.4,7160740.999
5,80,1,46.5,6534176.162
5,80,1,46.6,6623685.424
5,80,1,46.7,7160740.999
5,80,1,46.8,7309923.103
5,80,1,46.9,6564012.582
5,80,1,47,7638123.732
5,80,1,47.1,6564012.582
5,80,1,47.2,7906651.52
5,80,1,47.3,6564012.582
5,80,1,47.4,7071231.737
5,80,1,47.5,7190577.42
5,80,1,47.6,6086629.849
5,80,1,47.7,7429268.787
5,80,1,47.8,6564012.582
5,80,1,47.9,5728592.799
5,80,1,48,6414830.478
5,80,1,48.1,6862376.791
5,80,1,48.2,6772867.528
5,80,1,48.3,6802703.949
5,80,1,48.4,6086629.849
5,80,1,48.5,5907611.324
5,80,1,48.6,6146302.691
5,80,1,48.7,6743031.107
5,80,1,48.8,6384994.057
5,80,1,48.9,5967284.166
5,80,1,49,6653521.845
5,80,1,49.1,6534176.162
5,80,1,49.2,6683358.266
5,80,1,49.3,6772867.528
5,80,1,49.4,6534176.162
5,80,1,49.5,7071231.737
5,80,1,49.6,5668919.958
5,80,1,49.7,5907611.324
5,80,1,49.8,6235811.953
5,80,1,49.9,6743031.107
5,80,1,50,5967284.166
5,80,1,50.1,6504339.741
5,80,1,50.2,6325321.216
5,80,1,50.3,6086629.849
5,80,1,50.4,6534176.162
5,80,1,50.5,6564012.582
5,80,1,50.6,6802703.949
5,80,1,50.7,6384994.057
5,80,1,50.8,6026957.008
5,80,1,50.9,6355157.637
5,80,1,51,4893173.016
5,80,1,51.1,6265648.374
5,80,1,51.2,6862376.791
5,80,1,51.3,5728592.799
5,80,1,51.4,6205975.533
5,80,1,51.5,6026957.008
5,80,1,51.6,5579410.695
5,80,1,51.7,5937447.745
5,80,1,51.8,5579410.695
5,80,1,51.9,6056793.428
5,80,1,52,5997120.587
5,80,1,52.1,6564012.582
5,80,1,52.2,5877774.903
5,80,1,52.3,5758429.22
5,80,1,52.4,5818102.062
5,80,1,52.5,5281046.487
5,80,1,52.6,5579410.695
5,80,1,52.7,5758429.22
5,80,1,52.8,6504339.741
5,80,1,52.9,6414830.478
5,80,1,53,5251210.066
5,80,1,53.1,5609247.116
5,80,1,53.2,5668919.958
5,80,1,53.3,5937447.745
5,80,1,53.4,5668919.958
5,80,1,53.5,5221373.645
5,80,1,53.6,5847938.483
5,80,1,53.7,5549574.274
5,80,1,53.8,5131864.383
5,80,1,53.9,6325321.216
5,80,1,54,5489901.433
5,80,1,54.1,5131864.383
5,80,1,54.2,5460065.012
5,80,1,54.3,5102027.962
5,80,1,54.4,4893173.016
5,80,1,54.5,5997120.587
5,80,1,54.6,5370555.749
5,80,1,54.7,5609247.116
5,80,1,54.8,5609247.116
5,80,1,54.9,4445626.704
5,80,1,55,5549574.274
5,80,1,55.1,4624645.229
5,80,1,55.2,5400392.17
5,80,1,55.3,4594808.808
5,80,1,55.4,5519737.853
5,80,1,55.5,4564972.387
5,80,1,55.6,4564972.387
5,80,1,55.7,5340719.328
5,80,1,55.8,5281046.487
5,80,1,55.9,5519737.853
5,80,1,56,5102027.962
5,80,1,56.1,4893173.016
5,80,1,56.2,5460065.012
5,80,1,56.3,4654481.649
5,80,1,56.4,5012518.699
5,80,1,56.5,5161700.803
5,80,1,56.6,4952845.858
5,80,1,56.7,4743990.912
5,80,1,56.8,4833500.174
5,80,1,56.9,4266608.179
5,80,1,57,5191537.224
5,80,1,57.1,5042355.12
5,80,1,57.2,4773827.333
5,80,1,57.3,5042355.12
5,80,1,57.4,5370555.749
5,80,1,57.5,5012518.699
5,80,1,57.6,5161700.803
5,80,1,57.7,4684318.07
5,80,1,57.8,4982682.279
5,80,1,57.9,5221373.645
5,80,1,58,5072191.541
5,80,1,58.1,8324361.411
5,80,1,58.2,5251210.066
5,80,1,58.3,4475463.124
5,80,1,58.4,4415790.283
5,80,1,58.5,4594808.808
5,80,1,58.6,5251210.066
5,80,1,58.7,5072191.541
5,80,1,58.8,4654481.649
5,80,1,58.9,4535135.966
5,80,1,59,4445626.704
5,80,1,59.1,4147262.495
5,80,1,59.2,5072191.541
5,80,1,59.3,4773827.333
5,80,1,59.4,4654481.649
5,80,1,59.5,11994241.17
5,80,1,59.6,4833500.174
5,80,1,59.7,4594808.808
5,80,1,59.8,4952845.858
5,80,1,59.9,4147262.495
5,80,1,60,3938407.549
5,80,1,60.1,5221373.645
5,80,1,60.2,4773827.333
5,80,1,60.3,5131864.383
5,80,1,60.4,3908571.129
5,80,1,60.5,4385953.862
5,80,1,60.6,3938407.549
5,80,1,60.7,4624645.229
5,80,1,60.8,4266608.179
5,80,1,60.9,4177098.916
5,80,1,61,4893173.016
5,80,1,61.1,4743990.912
5,80,1,61.2,4296444.599
5,80,1,61.3,4982682.279
5,80,1,61.4,5042355.12
5,80,1,61.5,4385953.862
5,80,1,61.6,4206935.337
5,80,1,61.7,4982682.279
5,80,1,61.8,3878734.708
5,80,1,61.9,4356117.441
5,80,1,62,4236771.758
5,80,1,62.1,4684318.07
5,80,1,62.2,4982682.279
5,80,1,62.3,4296444.599
5,80,1,62.4,4117426.074
5,80,1,62.5,3699716.183
5,80,1,62.6,4385953.862
5,80,1,62.7,4236771.758
5,80,1,62.8,3610206.92
5,80,1,62.9,4326281.02
5,80,1,63,4087589.654
5,80,1,63.1,4923009.437
5,80,1,63.2,4266608.179
5,80,1,63.3,4057753.233
5,80,1,63.4,3998080.391
5,80,1,63.5,4236771.758
5,80,1,63.6,4236771.758
5,80,1,63.7,4326281.02
5,80,1,63.8,4535135.966
5,80,1,63.9,4415790.283
5,80,1,64,3490861.237
5,80,1,64.1,3938407.549
5,80,1,64.2,4147262.495
5,80,1,64.3,4027916.812
5,80,1,64.4,3461024.816
5,80,1,64.5,4505299.545
5,80,1,64.6,4147262.495
5,80,1,64.7,3968243.97
5,80,1,64.8,3669879.762
5,80,1,64.9,3908571.129
5,80,1,65,3938407.549
5,80,1,65.1,3938407.549
5,80,1,65.2,3669879.762
5,80,1,65.3,4415790.283
5,80,1,65.4,3311842.712
5,80,1,65.5,3819061.866
5,80,1,65.6,3490861.237
5,80,1,65.7,4147262.495
5,80,1,65.8,3520697.658
5,80,1,65.9,4236771.758
5,80,1,66,3401351.975
5,80,1,66.1,3640043.341
5,80,1,66.2,4087589.654
5,80,1,66.3,3938407.549
5,80,1,66.4,3580370.5
5,80,1,66.5,3520697.658
5,80,1,66.6,3789225.445
5,80,1,66.7,3431188.395
5,80,1,66.8,3252169.87
5,80,1,66.9,3311842.712
5,80,1,67,3162660.608
5,80,1,67.1,4117426.074
5,80,1,67.2,3550534.079
5,80,1,67.3,3819061.866
5,80,1,67.4,5102027.962
5,80,1,67.5,3640043.341
5,80,1,67.6,3461024.816
5,80,1,67.7,3908571.129
5,80,1,67.8,3162660.608
5,80,1,67.9,3908571.129
5,80,1,68,3640043.341
5,80,1,68.1,3252169.87
5,80,1,68.2,3431188.395
5,80,1,68.3,3431188.395
5,80,1,68.4,3878734.708
5,80,1,68.5,4057753.233
5,80,1,68.6,2894132.82
5,80,1,68.7,3013478.504
5,80,1,68.8,4027916.812
5,80,1,68.9,2983642.083
5,80,1,69,3669879.762
5,80,1,69.1,3789225.445
5,80,1,69.2,3013478.504
5,80,1,69.3,3908571.129
5,80,1,69.4,2923969.241
5,80,1,69.5,3669879.762
5,80,1,69.6,3908571.129
5,80,1,69.7,2625605.033
5,80,1,69.8,3371515.554
5,80,1,69.9,3222333.45
5,80,1,70,3192497.029
5,80,1,70.1,2774787.137
5,80,1,70.2,3610206.92
5,80,1,70.3,3938407.549
5,80,1,70.4,3102987.766
5,80,1,70.5,3461024.816
5,80,1,70.6,3102987.766
5,80,1,70.7,3311842.712
5,80,1,70.8,3132824.187
5,80,1,70.9,2894132.82
5,80,1,71,2834459.979
5,80,1,71.1,3192497.029
5,80,1,71.2,3102987.766
5,80,1,71.3,2685277.875
5,80,1,71.4,3102987.766
5,80,1,71.5,3013478.504
5,80,1,71.6,3162660.608
5,80,1,71.7,2715114.295
5,80,1,71.8,2983642.083
5,80,1,71.9,2864296.4
5,80,1,72,2506259.35
5,80,1,72.1,3490861.237
5,80,1,72.2,2655441.454
5,80,1,72.3,3162660.608
5,80,1,72.4,3401351.975
5,80,1,72.5,2834459.979
5,80,1,72.6,3520697.658
5,80,1,72.7,2744950.716
5,80,1,72.8,2536095.771
5,80,1,72.9,3013478.504
5,80,1,73,2834459.979
5,80,1,73.1,2595768.612
5,80,1,73.2,2923969.241
5,80,1,73.3,3162660.608
5,80,1,73.4,3252169.87
5,80,1,73.5,2536095.771
5,80,1,73.6,2357077.246
5,80,1,73.7,2834459.979
5,80,1,73.8,1999040.196
5,80,1,73.9,2237731.562
5,80,1,74,2118385.879
5,80,1,74.1,2864296.4
5,80,1,74.2,2715114.295
5,80,1,74.3,2595768.612
5,80,1,74.4,2565932.191
5,80,1,74.5,2446586.508
5,80,1,74.6,2506259.35
5,80,1,74.7,2744950.716
5,80,1,74.8,2237731.562
5,80,1,74.9,2237731.562
5,80,1,75,1849858.091
5,80,1,75.1,2685277.875
5,80,1,75.2,2446586.508
5,80,1,75.3,2118385.879
5,80,1,75.4,2625605.033
5,80,1,75.5,2118385.879
5,80,1,75.6,2058713.037
5,80,1,75.7,2327240.825
5,80,1,75.8,2297404.404
5,80,1,75.9,2297404.404
5,80,1,76,2058713.037
5,80,1,76.1,1999040.196
5,80,1,76.2,1969203.775
5,80,1,76.3,2237731.562
5,80,1,76.4,1879694.512
5,80,1,76.5,1700675.987
5,80,1,76.6,1849858.091
5,80,1,76.7,1879694.512
5,80,1,76.8,2207895.141
5,80,1,76.9,2207895.141
5,80,1,77,2028876.616
5,80,1,77.1,1939367.354
5,80,1,77.2,1432148.2
5,80,1,77.3,1849858.091
5,80,1,77.4,1700675.987
5,80,1,77.5,1760348.829
5,80,1,77.6,1491821.041
5,80,1,77.7,1730512.408
5,80,1,77.8,1969203.775
5,80,1,77.9,1611166.725
5,80,1,78,1611166.725
5,80,1,78.1,1730512.408
5,80,1,78.2,1372475.358
5,80,1,78.3,1402311.779
5,80,1,78.4,924929.0457
5,80,1,78.5,1103947.571
5,80,1,78.6,1223293.254
5,80,1,78.7,984601.8874
5,80,1,78.8,1223293.254
5,80,1,78.9,895092.6249
5,80,1,79,924929.0457
5,80,1,79.1,924929.0457
5,80,1,79.2,924929.0457
5,80,1,79.3,895092.6249
5,80,1,79.4,1103947.571
5,80,1,79.5,1253129.675
5,80,1,79.6,805583.3624
5,80,1,79.7,745910.5207
5,80,1,79.8,566891.9958
5,80,1,79.9,387873.4708
5,80,1,80,208854.9458
5,150,1,2.6,29478.468
5,150,1,2.9,29478.468
5,150,1,3,88435.40401
5,150,1,3.1,235827.744
5,150,1,3.2,353741.616
5,150,1,3.3,560090.8921
5,150,1,3.4,854875.5721
5,150,1,3.5,1208617.188
5,150,1,3.6,2034014.292
5,150,1,3.7,2741497.524
5,150,1,3.8,3861679.308
5,150,1,3.9,4834468.753
5,150,1,4,5718822.793
5,150,1,4.1,7517009.341
5,150,1,4.2,8195014.105
5,150,1,4.3,9403631.293
5,150,1,4.4,11408167.12
5,150,1,4.5,13206353.67
5,150,1,4.6,14857147.87
5,150,1,4.7,17952387.01
5,150,1,4.8,18188214.76
5,150,1,4.9,20281185.99
5,150,1,5,21430846.24
5,150,1,5.1,25528353.29
5,150,1,5.2,25970530.31
5,150,1,5.3,29507946.47
5,150,1,5.4,30392300.51
5,150,1,5.5,31040826.81
5,150,1,5.6,35315204.67
5,150,1,5.7,34990941.52
5,150,1,5.8,35639467.82
5,150,1,5.9,35344683.14
5,150,1,6,38911577.76
5,150,1,6.1,38410443.81
5,150,1,6.2,42006816.91
5,150,1,6.3,43628132.65
5,150,1,6.4,42507950.86
5,150,1,6.5,45544233.07
5,150,1,6.6,45632668.47
5,150,1,6.7,44483008.22
5,150,1,6.8,47165548.81
5,150,1,6.9,47873032.04
5,150,1,7,49464869.31
5,150,1,7.1,50231309.48
5,150,1,7.2,48727907.61
5,150,1,7.3,49582783.18
5,150,1,7.4,85634949.55
5,150,1,7.5,51616797.47
5,150,1,7.6,51705232.88
5,150,1,7.7,51882103.69
5,150,1,7.8,53002285.47
5,150,1,7.9,49936524.8
5,150,1,8,53061242.41
5,150,1,8.1,51911582.15
5,150,1,8.2,51882103.69
5,150,1,8.3,126285756.9
5,150,1,8.4,706038787.2
5,150,1,8.5,54653079.68
5,150,1,8.6,52117931.43
5,150,1,8.7,53680290.23
5,150,1,8.8,60607730.22
5,150,1,8.9,53827682.57
5,150,1,9,53857161.04
5,150,1,9.1,52530629.98
5,150,1,9.2,54122467.25
5,150,1,9.3,52648543.85
5,150,1,9.4,50968271.18
5,150,1,9.5,75464878.09
5,150,1,9.6,63585055.48
5,150,1,9.7,405889025.9
5,150,1,9.8,78029504.81
5,150,1,9.9,67063514.71
5,150,1,10,188426367.5
5,150,1,10.1,50555572.63
5,150,1,10.2,53002285.47
5,150,1,10.3,47725639.7
5,150,1,10.4,47342419.61
5,150,1,10.5,46458065.57
5,150,1,10.6,44866228.3
5,150,1,10.7,46222237.83
5,150,1,10.8,47607725.83
5,150,1,10.9,44453529.75
5,150,1,11,45986410.09
5,150,1,11.1,46015888.55
5,150,1,11.2,45308405.32
5,150,1,11.3,114789154.4
5,150,1,11.4,44718835.96
5,150,1,11.5,44483008.22
5,150,1,11.6,50732443.43
5,150,1,11.7,48580515.27
5,150,1,11.8,40591850.44
5,150,1,11.9,42714300.14
5,150,1,12,42242644.65
5,150,1,12.1,41299333.67
5,150,1,12.2,39589582.53
5,150,1,12.3,38793663.89
5,150,1,12.4,41888903.03
5,150,1,12.5,40562371.97
5,150,1,12.6,40356022.7
5,150,1,12.7,39058970.1
5,150,1,12.8,38911577.76
5,150,1,12.9,39648539.46
5,150,1,13,40267587.29
5,150,1,13.1,40120194.95
5,150,1,13.2,39825410.27
5,150,1,13.3,37496611.3
5,150,1,13.4,38380965.34
5,150,1,13.5,38646271.55
5,150,1,13.6,38351486.87
5,150,1,13.7,38263051.47
5,150,1,13.8,37702960.58
5,150,1,13.9,36258515.64
5,150,1,14,36818606.54
5,150,1,14.1,35816338.62
5,150,1,14.2,36641735.73
5,150,1,14.3,37614525.17
5,150,1,14.4,35993209.43
5,150,1,14.5,34814070.71
5,150,1,14.6,34637199.9
5,150,1,14.7,36582778.79
5,150,1,14.8,35551032.41
5,150,1,14.9,33841281.27
5,150,1,15,36258515.64
5,150,1,15.1,33015884.16
5,150,1,15.2,33517018.12
5,150,1,15.3,34489807.56
5,150,1,15.4,32868491.82
5,150,1,15.5,34843549.18
5,150,1,15.6,33281190.38
5,150,1,15.7,33634931.99
5,150,1,15.8,33369625.78
5,150,1,15.9,31394568.42
5,150,1,16,32897970.29
5,150,1,16.1,34077109.01
5,150,1,16.2,32603185.61
5,150,1,16.3,33045362.63
5,150,1,16.4,32544228.68
5,150,1,16.5,34283458.29
5,150,1,16.6,31217697.62
5,150,1,16.7,33192754.97
5,150,1,16.8,31129262.21
5,150,1,16.9,30804999.06
5,150,1,17,30038558.9
5,150,1,17.1,30569171.32
5,150,1,17.2,31954659.32
5,150,1,17.3,29802731.15
5,150,1,17.4,30746042.13
5,150,1,17.5,31247176.08
5,150,1,17.6,30244908.17
5,150,1,17.7,29537424.94
5,150,1,17.8,30274386.64
5,150,1,17.9,30834477.53
5,150,1,18,29124726.39
5,150,1,18.1,29331075.66
5,150,1,18.2,30156472.77
5,150,1,18.3,28240372.35
5,150,1,18.4,31011348.34
5,150,1,18.5,29448989.54
5,150,1,18.6,28682549.37
5,150,1,18.7,29891166.56
5,150,1,18.8,28004544.6
5,150,1,18.9,27562367.58
5,150,1,19,28358286.22
5,150,1,19.1,27238104.44
5,150,1,19.2,28034023.07
5,150,1,19.3,26383228.86
5,150,1,19.4,26029487.25
5,150,1,19.5,27090712.1
5,150,1,19.6,24555563.85
5,150,1,19.7,27002276.69
5,150,1,19.8,25646267.16
5,150,1,19.9,27473932.18
5,150,1,20,25852616.44
5,150,1,20.1,26029487.25
5,150,1,20.2,25793659.5
5,150,1,20.3,25587310.23
5,150,1,20.4,25557831.76
5,150,1,20.5,25705224.1
5,150,1,20.6,26000008.78
5,150,1,20.7,26000008.78
5,150,1,20.8,26000008.78
5,150,1,20.9,24113386.83
5,150,1,21,24496606.91
5,150,1,21.1,24938783.93
5,150,1,21.2,24526085.38
5,150,1,21.3,25439917.89
5,150,1,21.4,23848080.61
5,150,1,21.5,25322004.02
5,150,1,21.6,23081640.45
5,150,1,21.7,25322004.02
5,150,1,21.8,23258511.25
5,150,1,21.9,22521549.55
5,150,1,22,24820870.06
5,150,1,22.1,24408171.51
5,150,1,22.2,22963726.57
5,150,1,22.3,23111118.91
5,150,1,22.4,24260779.17
5,150,1,22.5,23022683.51
5,150,1,22.6,23818602.15
5,150,1,22.7,23140597.38
5,150,1,22.8,21637195.51
5,150,1,22.9,21430846.24
5,150,1,23,21224496.96
5,150,1,23.1,21725630.92
5,150,1,23.2,21519281.64
5,150,1,23.3,22993205.04
5,150,1,23.4,21018147.69
5,150,1,23.5,21873023.26
5,150,1,23.6,22521549.55
5,150,1,23.7,21873023.26
5,150,1,23.8,20841276.88
5,150,1,23.9,21018147.69
5,150,1,24,20045358.24
5,150,1,24.1,21430846.24
5,150,1,24.2,21342410.83
5,150,1,24.3,19839008.97
5,150,1,24.4,19897965.9
5,150,1,24.5,21961458.66
5,150,1,24.6,21224496.96
5,150,1,24.7,20870755.35
5,150,1,24.8,19514745.82
5,150,1,24.9,21460324.71
5,150,1,25,20664406.07
5,150,1,25.1,19190482.67
5,150,1,25.2,19750573.56
5,150,1,25.3,20900233.81
5,150,1,25.4,19868487.43
5,150,1,25.5,20133793.65
5,150,1,25.6,19102047.27
5,150,1,25.7,19573702.75
5,150,1,25.8,19102047.27
5,150,1,25.9,18247171.69
5,150,1,26,19632659.69
5,150,1,26.1,20251707.52
5,150,1,26.2,19249439.61
5,150,1,26.3,19249439.61
5,150,1,26.4,18512477.91
5,150,1,26.5,19249439.61
5,150,1,26.6,18748305.65
5,150,1,26.7,18276650.16
5,150,1,26.8,18424042.5
5,150,1,26.9,18866219.52
5,150,1,27,19367353.48
5,150,1,27.1,17863951.61
5,150,1,27.2,18188214.76
5,150,1,27.3,17716559.27
5,150,1,27.4,18482999.44
5,150,1,27.5,17804994.67
5,150,1,27.6,17480731.53
5,150,1,27.7,17834473.14
5,150,1,27.8,17215425.31
5,150,1,27.9,18188214.76
5,150,1,28,16655334.42
5,150,1,28.1,18276650.16
5,150,1,28.2,18099779.35
5,150,1,28.3,16390028.21
5,150,1,28.4,16213157.4
5,150,1,28.5,18099779.35
5,150,1,28.6,16566899.02
5,150,1,28.7,17009076.04
5,150,1,28.8,17687080.8
5,150,1,28.9,16979597.57
5,150,1,29,17510209.99
5,150,1,29.1,17746037.74
5,150,1,29.2,16625855.95
5,150,1,29.3,17804994.67
5,150,1,29.4,16566899.02
5,150,1,29.5,17215425.31
5,150,1,29.6,16154200.47
5,150,1,29.7,15269846.43
5,150,1,29.8,16507942.08
5,150,1,29.9,16213157.4
5,150,1,30,15004540.21
5,150,1,30.1,16625855.95
5,150,1,30.2,17068032.97
5,150,1,30.3,16861683.7
5,150,1,30.4,16124722
5,150,1,30.5,15800458.85
5,150,1,30.6,15210889.49
5,150,1,30.7,15918372.72
5,150,1,30.8,15092975.62
5,150,1,30.9,15210889.49
5,150,1,31,16065765.06
5,150,1,31.1,16566899.02
5,150,1,31.2,15299324.89
5,150,1,31.3,15741501.91
5,150,1,31.4,14356013.92
5,150,1,31.5,16390028.21
5,150,1,31.6,15712023.45
5,150,1,31.7,14886626.34
5,150,1,31.8,16360549.74
5,150,1,31.9,15004540.21
5,150,1,32,13678009.15
5,150,1,32.1,13736966.09
5,150,1,32.2,14768712.47
5,150,1,32.3,14120186.17
5,150,1,32.4,15829937.32
5,150,1,32.5,15004540.21
5,150,1,32.6,14916104.81
5,150,1,32.7,14326535.45
5,150,1,32.8,14857147.87
5,150,1,32.9,13884358.43
5,150,1,33,13707487.62
5,150,1,33.1,15181411.02
5,150,1,33.2,14208621.58
5,150,1,33.3,14916104.81
5,150,1,33.4,12587305.84
5,150,1,33.5,15623588.04
5,150,1,33.6,14709755.53
5,150,1,33.7,14650798.6
5,150,1,33.8,13294789.07
5,150,1,33.9,12675741.24
5,150,1,34,12616784.31
5,150,1,34.1,14208621.58
5,150,1,34.2,14650798.6
5,150,1,34.3,13000004.39
5,150,1,34.4,14857147.87
5,150,1,34.5,13972793.83
5,150,1,34.6,13058961.33
5,150,1,34.7,13471659.88
5,150,1,34.8,12852612.05
5,150,1,34.9,13736966.09
5,150,1,35,13265310.6
5,150,1,35.1,13560095.28
5,150,1,35.2,12587305.84
5,150,1,35.3,13825401.49
5,150,1,35.4,13147396.73
5,150,1,35.5,13353746.01
5,150,1,35.6,13324267.54
5,150,1,35.7,12263042.69
5,150,1,35.8,13795923.03
5,150,1,35.9,12970525.92
5,150,1,36,12233564.22
5,150,1,36.1,12145128.82
5,150,1,36.2,12734698.18
5,150,1,36.3,12675741.24
5,150,1,36.4,11968258.01
5,150,1,36.5,11702951.8
5,150,1,36.6,11585037.93
5,150,1,36.7,11024947.03
5,150,1,36.8,11643994.86
5,150,1,36.9,11850344.14
5,150,1,37,11614516.39
5,150,1,37.1,12498870.43
5,150,1,37.2,12469391.97
5,150,1,37.3,12115650.35
5,150,1,37.4,13294789.07
5,150,1,37.5,12528348.9
5,150,1,37.6,12469391.97
5,150,1,37.7,12439913.5
5,150,1,37.8,13000004.39
5,150,1,37.9,13353746.01
5,150,1,38,12557827.37
5,150,1,38.1,11997736.48
5,150,1,38.2,11968258.01
5,150,1,38.3,12557827.37
5,150,1,38.4,10523813.08
5,150,1,38.5,11024947.03
5,150,1,38.6,11201817.84
5,150,1,38.7,11673473.33
5,150,1,38.8,12204085.75
5,150,1,38.9,10641726.95
5,150,1,39,12145128.82
5,150,1,39.1,10700683.89
5,150,1,39.2,11083903.97
5,150,1,39.3,10907033.16
5,150,1,39.4,10965990.1
5,150,1,39.5,11761908.73
5,150,1,39.6,10700683.89
5,150,1,39.7,11702951.8
5,150,1,39.8,11172339.37
5,150,1,39.9,10700683.89
5,150,1,40,11437645.59
5,150,1,40.1,11526080.99
5,150,1,40.2,11643994.86
5,150,1,40.3,10907033.16
5,150,1,40.4,11879822.61
5,150,1,40.5,10877554.69
5,150,1,40.6,10907033.16
5,150,1,40.7,11408167.12
5,150,1,40.8,10435377.67
5,150,1,40.9,9226760.485
5,150,1,41,12115650.35
5,150,1,41.1,10494334.61
5,150,1,41.2,9816329.845
5,150,1,41.3,11437645.59
5,150,1,41.4,10464856.14
5,150,1,41.5,10700683.89
5,150,1,41.6,10965990.1
5,150,1,41.7,10346942.27
5,150,1,41.8,11231296.31
5,150,1,41.9,9875286.781
5,150,1,42,9963722.185
5,150,1,42.1,10229028.4
5,150,1,42.2,9816329.845
5,150,1,42.3,9433109.761
5,150,1,42.4,9521545.165
5,150,1,42.5,9049889.677
5,150,1,42.6,10759640.82
5,150,1,42.7,10346942.27
5,150,1,42.8,10346942.27
5,150,1,42.9,9875286.781
5,150,1,43,10494334.61
5,150,1,43.1,9049889.677
5,150,1,43.2,9256238.953
5,150,1,43.3,10229028.4
5,150,1,43.4,10523813.08
5,150,1,43.5,10464856.14
5,150,1,43.6,10081636.06
5,150,1,43.7,9344674.357
5,150,1,43.8,9580502.101
5,150,1,43.9,10081636.06
5,150,1,44,9167803.549
5,150,1,44.1,10199549.93
5,150,1,44.2,9904765.249
5,150,1,44.3,10258506.87
5,150,1,44.4,9521545.165
5,150,1,44.5,9108846.613
5,150,1,44.6,9285717.421
5,150,1,44.7,9757372.909
5,150,1,44.8,8283449.509
5,150,1,44.9,8902497.337
5,150,1,45,9256238.953
5,150,1,45.1,9167803.549
5,150,1,45.2,8755104.997
5,150,1,45.3,8401363.381
5,150,1,45.4,8401363.381
5,150,1,45.5,7841272.489
5,150,1,45.6,9256238.953
5,150,1,45.7,9108846.613
5,150,1,45.8,9138325.081
5,150,1,45.9,8401363.381
5,150,1,46,8607712.657
5,150,1,46.1,8578234.189
5,150,1,46.2,8519277.253
5,150,1,46.3,8666669.593
5,150,1,46.4,8077100.233
5,150,1,46.5,9138325.081
5,150,1,46.6,7959186.361
5,150,1,46.7,9049889.677
5,150,1,46.8,8401363.381
5,150,1,46.9,8283449.509
5,150,1,47,8725626.529
5,150,1,47.1,9020411.209
5,150,1,47.2,8843540.401
5,150,1,47.3,9668937.505
5,150,1,47.4,8165535.637
5,150,1,47.5,7959186.361
5,150,1,47.6,8342406.445
5,150,1,47.7,8548755.721
5,150,1,47.8,8666669.593
5,150,1,47.9,7900229.425
5,150,1,48,9551023.633
5,150,1,48.1,7929707.893
5,150,1,48.2,8548755.721
5,150,1,48.3,8931975.805
5,150,1,48.4,7634923.213
5,150,1,48.5,8755104.997
5,150,1,48.6,8460320.317
5,150,1,48.7,8430841.849
5,150,1,48.8,8401363.381
5,150,1,48.9,8342406.445
5,150,1,49,7634923.213
5,150,1,49.1,9167803.549
5,150,1,49.2,7752837.085
5,150,1,49.3,8755104.997
5,150,1,49.4,9108846.613
5,150,1,49.5,7605444.745
5,150,1,49.6,7575966.277
5,150,1,49.7,8106578.701
5,150,1,49.8,7693880.149
5,150,1,49.9,7988664.829
5,150,1,50,8666669.593
5,150,1,50.1,7988664.829
5,150,1,50.2,7693880.149
5,150,1,50.3,7870750.957
5,150,1,50.4,8165535.637
5,150,1,50.5,8136057.169
5,150,1,50.6,8047621.765
5,150,1,50.7,7575966.277
5,150,1,50.8,7723358.617
5,150,1,50.9,8430841.849
5,150,1,51,7634923.213
5,150,1,51.1,7133789.257
5,150,1,51.2,7634923.213
5,150,1,51.3,8077100.233
5,150,1,51.4,8607712.657
5,150,1,51.5,6839004.577
5,150,1,51.6,7399095.469
5,150,1,51.7,6809526.109
5,150,1,51.8,7045353.853
5,150,1,51.9,7487530.873
5,150,1,52,7752837.085
5,150,1,52.1,8165535.637
5,150,1,52.2,7163267.725
5,150,1,52.3,7959186.361
5,150,1,52.4,7517009.341
5,150,1,52.5,7870750.957
5,150,1,52.6,8401363.381
5,150,1,52.7,8165535.637
5,150,1,52.8,7458052.405
5,150,1,52.9,8253971.041
5,150,1,53,7340138.533
5,150,1,53.1,6897961.513
5,150,1,53.2,6514741.429
5,150,1,53.3,7340138.533
5,150,1,53.4,7428573.937
5,150,1,53.5,7340138.533
5,150,1,53.6,7517009.341
5,150,1,53.7,7870750.957
5,150,1,53.8,6278913.685
5,150,1,53.9,6897961.513
5,150,1,54,6160999.813
5,150,1,54.1,7929707.893
5,150,1,54.2,7929707.893
5,150,1,54.3,6013607.473
5,150,1,54.4,7605444.745
5,150,1,54.5,7251703.129
5,150,1,54.6,7575966.277
5,150,1,54.7,7399095.469
5,150,1,54.8,7310660.065
5,150,1,54.9,7281181.597
5,150,1,55,6514741.429
5,150,1,55.1,6455784.493
5,150,1,55.2,8047621.765
5,150,1,55.3,7104310.789
5,150,1,55.4,6927439.981
5,150,1,55.5,7575966.277
5,150,1,55.6,6278913.685
5,150,1,55.7,7752837.085
5,150,1,55.8,6721090.705
5,150,1,55.9,6573698.365
5,150,1,56,5836736.665
5,150,1,56.1,7575966.277
5,150,1,56.2,6691612.237
5,150,1,56.3,6897961.513
5,150,1,56.4,7251703.129
5,150,1,56.5,6839004.577
5,150,1,56.6,6160999.813
5,150,1,56.7,7546487.809
5,150,1,56.8,6839004.577
5,150,1,56.9,6396827.557
5,150,1,57,6868483.045
5,150,1,57.1,6455784.493
5,150,1,57.2,6721090.705
5,150,1,57.3,6632655.301
5,150,1,57.4,6367349.089
5,150,1,57.5,6308392.153
5,150,1,57.6,6868483.045
5,150,1,57.7,6632655.301
5,150,1,57.8,6102042.877
5,150,1,57.9,7192746.193
5,150,1,58,6721090.705
5,150,1,58.1,26265314.99
5,150,1,58.2,6131521.345
5,150,1,58.3,6308392.153
5,150,1,58.4,6131521.345
5,150,1,58.5,6426306.025
5,150,1,58.6,6249435.217
5,150,1,58.7,5895693.601
5,150,1,58.8,6632655.301
5,150,1,58.9,6102042.877
5,150,1,59,5895693.601
5,150,1,59.1,6514741.429
5,150,1,59.2,6544219.897
5,150,1,59.3,6190478.281
5,150,1,59.4,6278913.685
5,150,1,59.5,41829946.1
5,150,1,59.6,5571430.453
5,150,1,59.7,6367349.089
5,150,1,59.8,5630387.389
5,150,1,59.9,5571430.453
5,150,1,60,5777779.729
5,150,1,60.1,5482995.049
5,150,1,60.2,5866215.133
5,150,1,60.3,6485262.961
5,150,1,60.4,6278913.685
5,150,1,60.5,5777779.729
5,150,1,60.6,5424038.113
5,150,1,60.7,5482995.049
5,150,1,60.8,5689344.325
5,150,1,60.9,5247167.305
5,150,1,61,5630387.389
5,150,1,61.1,6278913.685
5,150,1,61.2,5453516.581
5,150,1,61.3,6426306.025
5,150,1,61.4,5718822.793
5,150,1,61.5,5482995.049
5,150,1,61.6,5482995.049
5,150,1,61.7,5777779.729
5,150,1,61.8,5306124.241
5,150,1,61.9,5748301.261
5,150,1,62,5866215.133
5,150,1,62.1,5895693.601
5,150,1,62.2,6426306.025
5,150,1,62.3,5040818.029
5,150,1,62.4,5984129.005
5,150,1,62.5,6485262.961
5,150,1,62.6,5836736.665
5,150,1,62.7,5807258.197
5,150,1,62.8,5718822.793
5,150,1,62.9,5512473.517
5,150,1,63,5306124.241
5,150,1,63.1,5748301.261
5,150,1,63.2,6249435.217
5,150,1,63.3,5158731.901
5,150,1,63.4,5630387.389
5,150,1,63.5,5777779.729
5,150,1,63.6,5541951.985
5,150,1,63.7,4716554.881
5,150,1,63.8,5600908.921
5,150,1,63.9,4922904.157
5,150,1,64,5571430.453
5,150,1,64.1,5158731.901
5,150,1,64.2,5394559.645
5,150,1,64.3,5129253.433
5,150,1,64.4,5954650.537
5,150,1,64.5,5571430.453
5,150,1,64.6,5394559.645
5,150,1,64.7,5365081.177
5,150,1,64.8,5748301.261
5,150,1,64.9,5807258.197
5,150,1,65,4303856.329
5,150,1,65.1,5129253.433
5,150,1,65.2,5512473.517
5,150,1,65.3,5777779.729
5,150,1,65.4,5247167.305
5,150,1,65.5,6013607.473
5,150,1,65.6,5158731.901
5,150,1,65.7,4893425.689
5,150,1,65.8,4746033.349
5,150,1,65.9,4451248.669
5,150,1,66,4922904.157
5,150,1,66.1,5011339.561
5,150,1,66.2,5600908.921
5,150,1,66.3,5099774.965
5,150,1,66.4,5188210.369
5,150,1,66.5,5365081.177
5,150,1,66.6,5365081.177
5,150,1,66.7,5571430.453
5,150,1,66.8,4952382.625
5,150,1,66.9,5070296.497
5,150,1,67,5394559.645
5,150,1,67.1,8843540.401
5,150,1,67.2,4746033.349
5,150,1,67.3,5365081.177
5,150,1,67.4,12911568.99
5,150,1,67.5,4952382.625
5,150,1,67.6,5600908.921
5,150,1,67.7,5011339.561
5,150,1,67.8,4775511.817
5,150,1,67.9,5070296.497
5,150,1,68,4657597.945
5,150,1,68.1,4981861.093
5,150,1,68.2,5158731.901
5,150,1,68.3,4303856.329
5,150,1,68.4,5335602.709
5,150,1,68.5,4804990.285
5,150,1,68.6,5158731.901
5,150,1,68.7,4628119.477
5,150,1,68.8,5040818.029
5,150,1,68.9,4628119.477
5,150,1,69,4775511.817
5,150,1,69.1,4981861.093
5,150,1,69.2,5541951.985
5,150,1,69.3,6780047.641
5,150,1,69.4,5040818.029
5,150,1,69.5,5188210.369
5,150,1,69.6,4480727.137
5,150,1,69.7,4156463.989
5,150,1,69.8,4068028.585
5,150,1,69.9,5040818.029
5,150,1,70,5188210.369
5,150,1,70.1,4598641.009
5,150,1,70.2,4687076.413
5,150,1,70.3,4421770.201
5,150,1,70.4,4097507.053
5,150,1,70.5,4244899.393
5,150,1,70.6,4303856.329
5,150,1,70.7,4981861.093
5,150,1,70.8,5129253.433
5,150,1,70.9,4687076.413
5,150,1,71,4392291.733
5,150,1,71.1,4038550.117
5,150,1,71.2,4185942.457
5,150,1,71.3,4038550.117
5,150,1,71.4,4569162.541
5,150,1,71.5,4922904.157
5,150,1,71.6,3891157.776
5,150,1,71.7,5335602.709
5,150,1,71.8,4333334.797
5,150,1,71.9,4480727.137
5,150,1,72,4569162.541
5,150,1,72.1,4421770.201
5,150,1,72.2,4421770.201
5,150,1,72.3,4480727.137
5,150,1,72.4,4893425.689
5,150,1,72.5,4804990.285
5,150,1,72.6,3950114.712
5,150,1,72.7,4510205.605
5,150,1,72.8,4893425.689
5,150,1,72.9,3625851.564
5,150,1,73,4628119.477
5,150,1,73.1,4156463.989
5,150,1,73.2,4510205.605
5,150,1,73.3,4009071.648
5,150,1,73.4,3566894.628
5,150,1,73.5,3714286.968
5,150,1,73.6,4215420.925
5,150,1,73.7,4598641.009
5,150,1,73.8,5335602.709
5,150,1,73.9,4303856.329
5,150,1,74,5070296.497
5,150,1,74.1,3861679.308
5,150,1,74.2,3832200.84
5,150,1,74.3,4421770.201
5,150,1,74.4,4126985.521
5,150,1,74.5,4775511.817
5,150,1,74.6,4068028.585
5,150,1,74.7,4362813.265
5,150,1,74.8,5040818.029
5,150,1,74.9,4539684.073
5,150,1,75,4244899.393
5,150,1,75.1,4981861.093
5,150,1,75.2,4274377.861
5,150,1,75.3,3773243.904
5,150,1,75.4,4185942.457
5,150,1,75.5,4244899.393
5,150,1,75.6,4156463.989
5,150,1,75.7,3979593.18
5,150,1,75.8,3802722.372
5,150,1,75.9,4716554.881
5,150,1,76,4421770.201
5,150,1,76.1,3950114.712
5,150,1,76.2,3891157.776
5,150,1,76.3,3773243.904
5,150,1,76.4,4185942.457
5,150,1,76.5,4303856.329
5,150,1,76.6,4539684.073
5,150,1,76.7,4539684.073
5,150,1,76.8,4126985.521
5,150,1,76.9,4009071.648
5,150,1,77,4893425.689
5,150,1,77.1,3891157.776
5,150,1,77.2,3832200.84
5,150,1,77.3,3832200.84
5,150,1,77.4,3802722.372
5,150,1,77.5,4097507.053
5,150,1,77.6,3802722.372
5,150,1,77.7,3950114.712
5,150,1,77.8,3920636.244
5,150,1,77.9,3891157.776
5,150,1,78,3537416.16
5,150,1,78.1,3861679.308
5,150,1,78.2,4097507.053
5,150,1,78.3,3773243.904
5,150,1,78.4,3832200.84
5,150,1,78.5,3979593.18
5,150,1,78.6,3272109.948
5,150,1,78.7,3655330.032
5,150,1,78.8,3920636.244
5,150,1,78.9,3743765.436
5,150,1,79,4097507.053
5,150,1,79.1,4038550.117
5,150,1,79.2,4392291.733
5,150,1,79.3,4244899.393
5,150,1,79.4,3979593.18
5,150,1,79.5,3566894.628
5,150,1,79.6,4009071.648
5,150,1,79.7,4126985.521
5,150,1,79.8,3419502.288
5,150,1,79.9,3861679.308
5,150,1,80,3743765.436
5,150,1,80.1,3802722.372
5,150,1,80.2,3655330.032
5,150,1,80.3,4834468.753
5,150,1,80.4,3655330.032
5,150,1,80.5,3242631.48
5,150,1,80.6,3684808.5
5,150,1,80.7,3891157.776
5,150,1,80.8,3478459.224
5,150,1,80.9,3065760.672
5,150,1,81,3655330.032
5,150,1,81.1,3065760.672
5,150,1,81.2,3773243.904
5,150,1,81.3,3537416.16
5,150,1,81.4,3684808.5
5,150,1,81.5,4539684.073
5,150,1,81.6,4392291.733
5,150,1,81.7,4097507.053
5,150,1,81.8,3832200.84
5,150,1,81.9,3625851.564
5,150,1,82,3566894.628
5,150,1,82.1,3360545.352
5,150,1,82.2,4097507.053
5,150,1,82.3,3625851.564
5,150,1,82.4,3655330.032
5,150,1,82.5,3655330.032
5,150,1,82.6,3891157.776
5,150,1,82.7,3331066.884
5,150,1,82.8,3272109.948
5,150,1,82.9,3183674.544
5,150,1,83,3625851.564
5,150,1,83.1,3478459.224
5,150,1,83.2,2977325.268
5,150,1,83.3,3154196.076
5,150,1,83.4,4215420.925
5,150,1,83.5,3537416.16
5,150,1,83.6,3655330.032
5,150,1,83.7,3714286.968
5,150,1,83.8,3655330.032
5,150,1,83.9,3832200.84
5,150,1,84,3773243.904
5,150,1,84.1,3213153.012
5,150,1,84.2,3891157.776
5,150,1,84.3,3832200.84
5,150,1,84.4,3478459.224
5,150,1,84.5,3566894.628
5,150,1,84.6,3213153.012
5,150,1,84.7,3419502.288
5,150,1,84.8,3773243.904
5,150,1,84.9,3448980.756
5,150,1,85,3301588.416
5,150,1,85.1,3124717.608
5,150,1,85.2,3183674.544
5,150,1,85.3,3124717.608
5,150,1,85.4,3331066.884
5,150,1,85.5,3154196.076
5,150,1,85.6,2918368.332
5,150,1,85.7,3891157.776
5,150,1,85.8,3714286.968
5,150,1,85.9,3478459.224
5,150,1,86,3802722.372
5,150,1,86.1,3743765.436
5,150,1,86.2,3419502.288
5,150,1,86.3,2800454.46
5,150,1,86.4,3566894.628
5,150,1,86.5,3566894.628
5,150,1,86.6,3419502.288
5,150,1,86.7,3566894.628
5,150,1,86.8,3183674.544
5,150,1,86.9,3773243.904
5,150,1,87,3301588.416
5,150,1,87.1,3036282.204
5,150,1,87.2,3566894.628
5,150,1,87.3,3507937.692
5,150,1,87.4,3448980.756
5,150,1,87.5,2918368.332
5,150,1,87.6,3183674.544
5,150,1,87.7,3301588.416
5,150,1,87.8,3448980.756
5,150,1,87.9,4009071.648
5,150,1,88,3478459.224
5,150,1,88.1,3183674.544
5,150,1,88.2,3743765.436
5,150,1,88.3,3478459.224
5,150,1,88.4,2977325.268
5,150,1,88.5,2859411.396
5,150,1,88.6,2741497.524
5,150,1,88.7,3566894.628
5,150,1,88.8,3537416.16
5,150,1,88.9,3213153.012
5,150,1,89,3213153.012
5,150,1,89.1,2535148.248
5,150,1,89.2,2770975.992
5,150,1,89.3,3331066.884
5,150,1,89.4,3154196.076
5,150,1,89.5,3272109.948
5,150,1,89.6,3448980.756
5,150,1,89.7,3360545.352
5,150,1,89.8,3124717.608
5,150,1,89.9,2800454.46
5,150,1,90,3301588.416
5,150,1,90.1,2594105.184
5,150,1,90.2,3331066.884
5,150,1,90.3,2977325.268
5,150,1,90.4,2800454.46
5,150,1,90.5,3065760.672
5,150,1,90.6,3095239.14
5,150,1,90.7,2829932.928
5,150,1,90.8,2594105.184
5,150,1,90.9,3242631.48
5,150,1,91,3773243.904
5,150,1,91.1,3154196.076
5,150,1,91.2,3743765.436
5,150,1,91.3,3478459.224
5,150,1,91.4,3419502.288
5,150,1,91.5,2829932.928
5,150,1,91.6,2653062.12
5,150,1,91.7,3124717.608
5,150,1,91.8,3065760.672
5,150,1,91.9,2328798.972
5,150,1,92,3242631.48
5,150,1,92.1,3065760.672
5,150,1,92.2,3036282.204
5,150,1,92.3,2800454.46
5,150,1,92.4,2918368.332
5,150,1,92.5,2888889.864
5,150,1,92.6,3006803.736
5,150,1,92.7,2918368.332
5,150,1,92.8,2623583.652
5,150,1,92.9,2505669.78
5,150,1,93,2918368.332
5,150,1,93.1,2770975.992
5,150,1,93.2,2741497.524
5,150,1,93.3,3036282.204
5,150,1,93.4,3566894.628
5,150,1,93.5,2712019.056
5,150,1,93.6,2505669.78
5,150,1,93.7,2741497.524
5,150,1,93.8,3566894.628
5,150,1,93.9,2918368.332
5,150,1,94,2859411.396
5,150,1,94.1,2476191.312
5,150,1,94.2,2712019.056
5,150,1,94.3,3036282.204
5,150,1,94.4,2829932.928
5,150,1,94.5,2269842.036
5,150,1,94.6,3036282.204
5,150,1,94.7,2800454.46
5,150,1,94.8,2328798.972
5,150,1,94.9,3832200.84
5,150,1,95,2594105.184
5,150,1,95.1,2446712.844
5,150,1,95.2,2859411.396
5,150,1,95.3,2888889.864
5,150,1,95.4,2564626.716
5,150,1,95.5,2476191.312
5,150,1,95.6,3301588.416
5,150,1,95.7,2417234.376
5,150,1,95.8,3272109.948
5,150,1,95.9,2947846.8
5,150,1,96,2623583.652
5,150,1,96.1,3124717.608
5,150,1,96.2,3095239.14
5,150,1,96.3,2888889.864
5,150,1,96.4,1886621.952
5,150,1,96.5,2682540.588
5,150,1,96.6,2092971.228
5,150,1,96.7,2564626.716
5,150,1,96.8,2505669.78
5,150,1,96.9,2594105.184
5,150,1,97,3390023.82
5,150,1,97.1,2623583.652
5,150,1,97.2,3419502.288
5,150,1,97.3,2947846.8
5,150,1,97.4,2269842.036
5,150,1,97.5,2918368.332
5,150,1,97.6,2800454.46
5,150,1,97.7,2888889.864
5,150,1,97.8,2918368.332
5,150,1,97.9,3301588.416
5,150,1,98,2712019.056
5,150,1,98.1,3714286.968
5,150,1,98.2,2888889.864
5,150,1,98.3,2004535.824
5,150,1,98.4,2122449.696
5,150,1,98.5,2240363.568
5,150,1,98.6,2269842.036
5,150,1,98.7,2712019.056
5,150,1,98.8,2770975.992
5,150,1,98.9,2564626.716
5,150,1,99,2859411.396
5,150,1,99.1,2594105.184
5,150,1,99.2,1916100.42
5,150,1,99.3,2387755.908
5,150,1,99.4,2240363.568
5,150,1,99.5,2712019.056
5,150,1,99.6,2240363.568
5,150,1,99.7,2594105.184
5,150,1,99.8,2535148.248
5,150,1,99.9,2328798.972
5,150,1,100,2476191.312
5,150,1,100.1,2888889.864
5,150,1,100.2,2564626.716
5,150,1,100.3,2829932.928
5,150,1,100.4,2269842.036
5,150,1,100.5,2977325.268
5,150,1,100.6,2092971.228
5,150,1,100.7,2594105.184
5,150,1,100.8,2682540.588
5,150,1,100.9,2387755.908
5,150,1,101,2653062.12
5,150,1,101.1,2417234.376
5,150,1,101.2,2653062.12
5,150,1,101.3,2122449.696
5,150,1,101.4,2240363.568
5,150,1,101.5,2947846.8
5,150,1,101.6,2446712.844
5,150,1,101.7,2594105.184
5,150,1,101.8,2446712.844
5,150,1,101.9,2151928.164
5,150,1,102,2417234.376
5,150,1,102.1,2859411.396
5,150,1,102.2,2092971.228
5,150,1,102.3,2623583.652
5,150,1,102.4,2151928.164
5,150,1,102.5,2299320.504
5,150,1,102.6,2859411.396
5,150,1,102.7,3331066.884
5,150,1,102.8,2535148.248
5,150,1,102.9,2269842.036
5,150,1,103,2446712.844
5,150,1,103.1,2594105.184
5,150,1,103.2,2505669.78
5,150,1,103.3,2417234.376
5,150,1,103.4,2240363.568
5,150,1,103.5,2594105.184
5,150,1,103.6,2594105.184
5,150,1,103.7,2004535.824
5,150,1,103.8,2918368.332
5,150,1,103.9,2299320.504
5,150,1,104,2918368.332
5,150,1,104.1,2476191.312
5,150,1,104.2,2505669.78
5,150,1,104.3,2741497.524
5,150,1,104.4,2269842.036
5,150,1,104.5,2328798.972
5,150,1,104.6,2505669.78
5,150,1,104.7,2328798.972
5,150,1,104.8,2682540.588
5,150,1,104.9,1975057.356
5,150,1,105,1768708.08
5,150,1,105.1,2417234.376
5,150,1,105.2,2741497.524
5,150,1,105.3,2092971.228
5,150,1,105.4,2063492.76
5,150,1,105.5,2387755.908
5,150,1,105.6,2653062.12
5,150,1,105.7,2092971.228
5,150,1,105.8,2446712.844
5,150,1,105.9,2240363.568
5,150,1,106,2210885.1
5,150,1,106.1,2564626.716
5,150,1,106.2,1975057.356
5,150,1,106.3,2800454.46
5,150,1,106.4,1886621.952
5,150,1,106.5,2564626.716
5,150,1,106.6,2299320.504
5,150,1,106.7,2741497.524
5,150,1,106.8,2092971.228
5,150,1,106.9,2151928.164
5,150,1,107,2299320.504
5,150,1,107.1,2387755.908
5,150,1,107.2,2004535.824
5,150,1,107.3,2800454.46
5,150,1,107.4,2505669.78
5,150,1,107.5,2240363.568
5,150,1,107.6,2535148.248
5,150,1,107.7,2210885.1
5,150,1,107.8,2505669.78
5,150,1,107.9,2328798.972
5,150,1,108,2417234.376
5,150,1,108.1,2476191.312
5,150,1,108.2,2122449.696
5,150,1,108.3,2122449.696
5,150,1,108.4,2181406.632
5,150,1,108.5,2063492.76
5,150,1,108.6,2004535.824
5,150,1,108.7,2181406.632
5,150,1,108.8,1827665.016
5,150,1,108.9,1945578.888
5,150,1,109,2505669.78
5,150,1,109.1,2299320.504
5,150,1,109.2,2063492.76
5,150,1,109.3,2358277.44
5,150,1,109.4,2417234.376
5,150,1,109.5,1739229.612
5,150,1,109.6,2181406.632
5,150,1,109.7,2417234.376
5,150,1,109.8,2240363.568
5,150,1,109.9,2505669.78
5,150,1,110,2210885.1
5,150,1,110.1,1945578.888
5,150,1,110.2,2594105.184
5,150,1,110.3,1650794.208
5,150,1,110.4,1945578.888
5,150,1,110.5,2122449.696
5,150,1,110.6,2181406.632
5,150,1,110.7,2210885.1
5,150,1,110.8,2063492.76
5,150,1,110.9,1945578.888
5,150,1,111,2299320.504
5,150,1,111.1,2210885.1
5,150,1,111.2,1945578.888
5,150,1,111.3,2151928.164
5,150,1,111.4,1945578.888
5,150,1,111.5,2564626.716
5,150,1,111.6,2240363.568
5,150,1,111.7,2240363.568
5,150,1,111.8,1650794.208
5,150,1,111.9,1975057.356
5,150,1,112,2417234.376
5,150,1,112.1,2417234.376
5,150,1,112.2,1975057.356
5,150,1,112.3,2004535.824
5,150,1,112.4,2034014.292
5,150,1,112.5,1827665.016
5,150,1,112.6,2034014.292
5,150,1,112.7,1591837.272
5,150,1,112.8,2122449.696
5,150,1,112.9,1886621.952
5,150,1,113,2269842.036
5,150,1,113.1,2092971.228
5,150,1,113.2,1857143.484
5,150,1,113.3,2122449.696
5,150,1,113.4,2446712.844
5,150,1,113.5,2122449.696
5,150,1,113.6,1827665.016
5,150,1,113.7,1975057.356
5,150,1,113.8,2417234.376
5,150,1,113.9,1857143.484
5,150,1,114,2063492.76
5,150,1,114.1,2122449.696
5,150,1,114.2,2299320.504
5,150,1,114.3,2092971.228
5,150,1,114.4,1857143.484
5,150,1,114.5,1297052.592
5,150,1,114.6,2210885.1
5,150,1,114.7,1827665.016
5,150,1,114.8,1798186.548
5,150,1,114.9,2181406.632
5,150,1,115,1709751.144
5,150,1,115.1,1798186.548
5,150,1,115.2,2240363.568
5,150,1,115.3,2358277.44
5,150,1,115.4,1709751.144
5,150,1,115.5,1916100.42
5,150,1,115.6,1975057.356
5,150,1,115.7,1975057.356
5,150,1,115.8,2004535.824
5,150,1,115.9,1650794.208
5,150,1,116,1857143.484
5,150,1,116.1,1798186.548
5,150,1,116.2,2151928.164
5,150,1,116.3,1827665.016
5,150,1,116.4,1945578.888
5,150,1,116.5,2092971.228
5,150,1,116.6,1591837.272
5,150,1,116.7,1886621.952
5,150,1,116.8,2122449.696
5,150,1,116.9,1857143.484
5,150,1,117,2623583.652
5,150,1,117.1,2034014.292
5,150,1,117.2,1768708.08
5,150,1,117.3,2004535.824
5,150,1,117.4,1886621.952
5,150,1,117.5,1591837.272
5,150,1,117.6,2623583.652
5,150,1,117.7,1680272.676
5,150,1,117.8,1621315.74
5,150,1,117.9,2181406.632
5,150,1,118,1739229.612
5,150,1,118.1,2240363.568
5,150,1,118.2,1975057.356
5,150,1,118.3,2505669.78
5,150,1,118.4,2092971.228
5,150,1,118.5,1916100.42
5,150,1,118.6,2476191.312
5,150,1,118.7,1680272.676
5,150,1,118.8,2122449.696
5,150,1,118.9,1680272.676
5,150,1,119,1886621.952
5,150,1,119.1,2034014.292
5,150,1,119.2,2476191.312
5,150,1,119.3,1709751.144
5,150,1,119.4,1886621.952
5,150,1,119.5,1975057.356
5,150,1,119.6,2092971.228
5,150,1,119.7,1857143.484
5,150,1,119.8,1768708.08
5,150,1,119.9,1739229.612
5,150,1,120,2210885.1
5,150,1,120.1,1975057.356
5,150,1,120.2,1650794.208
5,150,1,120.3,2004535.824
5,150,1,120.4,1621315.74
5,150,1,120.5,1297052.592
5,150,1,120.6,1886621.952
5,150,1,120.7,2034014.292
5,150,1,120.8,1827665.016
5,150,1,120.9,1680272.676
5,150,1,121,1975057.356
5,150,1,121.1,1945578.888
5,150,1,121.2,1768708.08
5,150,1,121.3,1621315.74
5,150,1,121.4,1532880.336
5,150,1,121.5,2151928.164
5,150,1,121.6,1886621.952
5,150,1,121.7,1414966.464
5,150,1,121.8,1621315.74
5,150,1,121.9,1709751.144
5,150,1,122,1768708.08
5,150,1,122.1,2034014.292
5,150,1,122.2,1444444.932
5,150,1,122.3,1886621.952
5,150,1,122.4,1385487.996
5,150,1,122.5,1650794.208
5,150,1,122.6,1297052.592
5,150,1,122.7,1886621.952
5,150,1,122.8,1916100.42
5,150,1,122.9,1827665.016
5,150,1,123,1768708.08
5,150,1,123.1,1798186.548
5,150,1,123.2,1650794.208
5,150,1,123.3,2328798.972
5,150,1,123.4,1326531.06
5,150,1,123.5,1709751.144
5,150,1,123.6,1857143.484
5,150,1,123.7,1503401.868
5,150,1,123.8,1945578.888
5,150,1,123.9,1326531.06
5,150,1,124,1591837.272
5,150,1,124.1,1739229.612
5,150,1,124.2,1532880.336
5,150,1,124.3,1650794.208
5,150,1,124.4,1650794.208
5,150,1,124.5,1385487.996
5,150,1,124.6,1857143.484
5,150,1,124.7,1208617.188
5,150,1,124.8,1916100.42
5,150,1,124.9,1827665.016
5,150,1,125,1798186.548
5,150,1,125.1,1414966.464
5,150,1,125.2,1326531.06
5,150,1,125.3,2004535.824
5,150,1,125.4,1798186.548
5,150,1,125.5,1444444.932
5,150,1,125.6,1798186.548
5,150,1,125.7,1680272.676
5,150,1,125.8,2151928.164
5,150,1,125.9,1680272.676
5,150,1,126,1916100.42
5,150,1,126.1,1591837.272
5,150,1,126.2,1503401.868
5,150,1,126.3,1532880.336
5,150,1,126.4,1945578.888
5,150,1,126.5,1768708.08
5,150,1,126.6,1414966.464
5,150,1,126.7,1886621.952
5,150,1,126.8,1267574.124
5,150,1,126.9,1827665.016
5,150,1,127,2063492.76
5,150,1,127.1,1503401.868
5,150,1,127.2,1975057.356
5,150,1,127.3,1532880.336
5,150,1,127.4,1975057.356
5,150,1,127.5,1385487.996
5,150,1,127.6,1739229.612
5,150,1,127.7,1798186.548
5,150,1,127.8,1945578.888
5,150,1,127.9,1945578.888
5,150,1,128,1356009.528
5,150,1,128.1,1857143.484
5,150,1,128.2,1621315.74
5,150,1,128.3,1798186.548
5,150,1,128.4,1650794.208
5,150,1,128.5,1208617.188
5,150,1,128.6,1356009.528
5,150,1,128.7,1680272.676
5,150,1,128.8,1444444.932
5,150,1,128.9,1149660.252
5,150,1,129,1208617.188
5,150,1,129.1,1356009.528
5,150,1,129.2,1562358.804
5,150,1,129.3,1680272.676
5,150,1,129.4,1562358.804
5,150,1,129.5,1267574.124
5,150,1,129.6,2034014.292
5,150,1,129.7,1532880.336
5,150,1,129.8,1503401.868
5,150,1,129.9,1798186.548
5,150,1,130,1768708.08
5,150,1,130.1,1591837.272
5,150,1,130.2,1385487.996
5,150,1,130.3,1031746.38
5,150,1,130.4,1650794.208
5,150,1,130.5,1650794.208
5,150,1,130.6,1768708.08
5,150,1,130.7,1238095.656
5,150,1,130.8,1002267.912
5,150,1,130.9,1473923.4
5,150,1,131,1149660.252
5,150,1,131.1,1680272.676
5,150,1,131.2,1297052.592
5,150,1,131.3,1650794.208
5,150,1,131.4,1886621.952
5,150,1,131.5,1916100.42
5,150,1,131.6,1739229.612
5,150,1,131.7,1356009.528
5,150,1,131.8,1503401.868
5,150,1,131.9,1886621.952
5,150,1,132,1238095.656
5,150,1,132.1,1621315.74
5,150,1,132.2,1444444.932
5,150,1,132.3,1267574.124
5,150,1,132.4,1503401.868
5,150,1,132.5,1267574.124
5,150,1,132.6,1267574.124
5,150,1,132.7,1090703.316
5,150,1,132.8,1473923.4
5,150,1,132.9,1297052.592
5,150,1,133,1532880.336
5,150,1,133.1,1532880.336
5,150,1,133.2,1326531.06
5,150,1,133.3,1562358.804
5,150,1,133.4,1503401.868
5,150,1,133.5,1709751.144
5,150,1,133.6,1709751.144
5,150,1,133.7,1120181.784
5,150,1,133.8,1709751.144
5,150,1,133.9,1503401.868
5,150,1,134,972789.4441
5,150,1,134.1,1031746.38
5,150,1,134.2,1208617.188
5,150,1,134.3,1061224.848
5,150,1,134.4,1414966.464
5,150,1,134.5,1385487.996
5,150,1,134.6,1267574.124
5,150,1,134.7,1356009.528
5,150,1,134.8,1473923.4
5,150,1,134.9,1532880.336
5,150,1,135,1326531.06
5,150,1,135.1,1562358.804
5,150,1,135.2,1621315.74
5,150,1,135.3,1414966.464
5,150,1,135.4,1503401.868
5,150,1,135.5,1120181.784
5,150,1,135.6,1149660.252
5,150,1,135.7,1356009.528
5,150,1,135.8,1031746.38
5,150,1,135.9,1473923.4
5,150,1,136,1709751.144
5,150,1,136.1,1356009.528
5,150,1,136.2,1120181.784
5,150,1,136.3,1503401.868
5,150,1,136.4,1002267.912
5,150,1,136.5,1385487.996
5,150,1,136.6,1473923.4
5,150,1,136.7,1768708.08
5,150,1,136.8,1414966.464
5,150,1,136.9,1031746.38
5,150,1,137,1031746.38
5,150,1,137.1,1061224.848
5,150,1,137.2,1473923.4
5,150,1,137.3,1414966.464
5,150,1,137.4,1385487.996
5,150,1,137.5,1120181.784
5,150,1,137.6,1621315.74
5,150,1,137.7,1149660.252
5,150,1,137.8,1267574.124
5,150,1,137.9,1857143.484
5,150,1,138,1414966.464
5,150,1,138.1,1768708.08
5,150,1,138.2,1267574.124
5,150,1,138.3,1473923.4
5,150,1,138.4,1385487.996
5,150,1,138.5,1385487.996
5,150,1,138.6,1591837.272
5,150,1,138.7,1385487.996
5,150,1,138.8,1473923.4
5,150,1,138.9,1444444.932
5,150,1,139,1356009.528
5,150,1,139.1,1238095.656
5,150,1,139.2,1473923.4
5,150,1,139.3,1267574.124
5,150,1,139.4,972789.4441
5,150,1,139.5,972789.4441
5,150,1,139.6,1916100.42
5,150,1,139.7,1179138.72
5,150,1,139.8,1591837.272
5,150,1,139.9,1356009.528
5,150,1,140,1414966.464
5,150,1,140.1,1709751.144
5,150,1,140.2,1591837.272
5,150,1,140.3,1739229.612
5,150,1,140.4,1149660.252
5,150,1,140.5,1414966.464
5,150,1,140.6,1414966.464
5,150,1,140.7,1356009.528
5,150,1,140.8,1532880.336
5,150,1,140.9,1356009.528
5,150,1,141,1002267.912
5,150,1,141.1,1267574.124
5,150,1,141.2,1002267.912
5,150,1,141.3,1414966.464
5,150,1,141.4,1326531.06
5,150,1,141.5,1503401.868
5,150,1,141.6,1149660.252
5,150,1,141.7,1444444.932
5,150,1,141.8,1414966.464
5,150,1,141.9,1356009.528
5,150,1,142,1267574.124
5,150,1,142.1,1385487.996
5,150,1,142.2,1061224.848
5,150,1,142.3,1267574.124
5,150,1,142.4,1473923.4
5,150,1,142.5,1503401.868
5,150,1,142.6,1238095.656
5,150,1,142.7,1002267.912
5,150,1,142.8,1208617.188
5,150,1,142.9,1238095.656
5,150,1,143,1326531.06
5,150,1,143.1,1267574.124
5,150,1,143.2,1238095.656
5,150,1,143.3,913832.5081
5,150,1,143.4,1414966.464
5,150,1,143.5,1120181.784
5,150,1,143.6,1356009.528
5,150,1,143.7,1297052.592
5,150,1,143.8,1120181.784
5,150,1,143.9,1238095.656
5,150,1,144,913832.5081
5,150,1,144.1,1120181.784
5,150,1,144.2,1031746.38
5,150,1,144.3,1149660.252
5,150,1,144.4,1090703.316
5,150,1,144.5,1090703.316
5,150,1,144.6,913832.5081
5,150,1,144.7,1650794.208
5,150,1,144.8,1208617.188
5,150,1,144.9,1326531.06
5,150,1,145,1356009.528
5,150,1,145.1,1267574.124
5,150,1,145.2,1562358.804
5,150,1,145.3,1414966.464
5,150,1,145.4,1120181.784
5,150,1,145.5,1650794.208
5,150,1,145.6,884354.0401
5,150,1,145.7,1179138.72
5,150,1,145.8,972789.4441
5,150,1,145.9,1532880.336
5,150,1,146,825397.1041
5,150,1,146.1,736961.7001
5,150,1,146.2,1208617.188
5,150,1,146.3,1473923.4
5,150,1,146.4,1061224.848
5,150,1,146.5,1473923.4
5,150,1,146.6,1297052.592
5,150,1,146.7,913832.5081
5,150,1,146.8,1031746.38
5,150,1,146.9,825397.1041
5,150,1,147,825397.1041
5,150,1,147.1,1149660.252
5,150,1,147.2,913832.5081
5,150,1,147.3,1090703.316
5,150,1,147.4,1120181.784
5,150,1,147.5,913832.5081
5,150,1,147.6,1061224.848
5,150,1,147.7,412698.5521
5,150,1,147.8,825397.1041
5,150,1,147.9,1002267.912
5,150,1,148,972789.4441
5,150,1,148.1,1208617.188
5,150,1,148.2,854875.5721
5,150,1,148.3,1031746.38
5,150,1,148.4,795918.6361
5,150,1,148.5,589569.3601
5,150,1,148.6,913832.5081
5,150,1,148.7,736961.7001
5,150,1,148.8,501133.9561
5,150,1,148.9,707483.2321
5,150,1,149,265306.212
5,150,1,149.1,795918.6361
5,150,1,149.2,471655.4881
5,150,1,149.3,530612.4241
5,150,1,149.4,619047.8281
5,150,1,149.5,383220.084
5,150,1,149.6,353741.616
5,150,1,149.7,353741.616
5,150,1,149.8,235827.744
5,150,1,149.9,265306.212
5,150,1,150,29478.468
5,40,3,3.9,51221.32331
5,40,3,4.1,153663.9699
5,40,3,4.2,51221.32331
5,40,3,4.3,230495.9549
5,40,3,4.4,179274.6316
5,40,3,4.5,435381.2482
5,40,3,4.6,435381.2482
5,40,3,4.7,435381.2482
5,40,3,4.8,845151.8347
5,40,3,4.9,1075647.79
5,40,3,5,1434197.053
5,40,3,5.1,1843967.639
5,40,3,5.2,1972020.948
5,40,3,5.3,2561066.166
5,40,3,5.4,2765951.459
5,40,3,5.5,3585492.632
5,40,3,5.6,3636713.955
5,40,3,5.7,4866025.715
5,40,3,5.8,4686751.083
5,40,3,5.9,5839230.858
5,40,3,6,6249001.444
5,40,3,6.1,6633161.369
5,40,3,6.2,7299038.572
5,40,3,6.3,8502739.67
5,40,3,6.4,8886899.595
5,40,3,6.5,8579571.655
5,40,3,6.6,9936936.723
5,40,3,6.7,11832125.69
5,40,3,6.8,10910141.87
5,40,3,6.9,11012584.51
5,40,3,7,13010216.12
5,40,3,7.1,13650482.66
5,40,3,7.2,13778535.97
5,40,3,7.3,13957810.6
5,40,3,7.4,33268249.49
5,40,3,7.5,15110290.38
5,40,3,7.6,17440860.59
5,40,3,7.7,16672540.74
5,40,3,7.8,17594524.56
5,40,3,7.9,19336049.55
5,40,3,8,18849446.98
5,40,3,8.1,19079942.93
5,40,3,8.2,19720209.48
5,40,3,8.3,63104670.32
5,40,3,8.4,404187462.3
5,40,3,8.5,19873873.45
5,40,3,8.6,20514139.99
5,40,3,8.7,21948337.04
5,40,3,8.8,26276538.86
5,40,3,8.9,20693414.62
5,40,3,9,22665435.57
5,40,3,9.1,23817915.34
5,40,3,9.2,23613030.05
5,40,3,9.3,22972763.51
5,40,3,9.4,24996005.78
5,40,3,9.5,35957368.97
5,40,3,9.6,33575577.43
5,40,3,9.7,256413944.5
5,40,3,9.8,41719767.84
5,40,3,9.9,35470766.39
5,40,3,10,125184914.2
5,40,3,10.1,26916805.4
5,40,3,10.2,24842341.81
5,40,3,10.3,13573650.68
5,40,3,10.4,12267506.93
5,40,3,10.5,12498002.89
5,40,3,10.6,13573650.68
5,40,3,10.7,13650482.66
5,40,3,10.8,13599261.34
5,40,3,10.9,12907773.47
5,40,3,11,14239527.88
5,40,3,11.1,15417618.32
5,40,3,11.2,14393191.85
5,40,3,11.3,45433313.78
5,40,3,11.4,13701703.99
5,40,3,11.5,15289565.01
5,40,3,11.6,13445597.37
5,40,3,11.7,14367581.19
5,40,3,11.8,12293117.59
5,40,3,11.9,10705256.57
5,40,3,12,12165064.29
5,40,3,12.1,11063805.84
5,40,3,12.2,10935752.53
5,40,3,12.3,10500371.28
5,40,3,12.4,11396744.44
5,40,3,12.5,10782088.56
5,40,3,12.6,10551592.6
5,40,3,12.7,11294301.79
5,40,3,12.8,11524797.75
5,40,3,12.9,10910141.87
5,40,3,13,11601629.73
5,40,3,13.1,11038195.17
5,40,3,13.2,11319912.45
5,40,3,13.3,11780904.36
5,40,3,13.4,11294301.79
5,40,3,13.5,11115027.16
5,40,3,13.6,12062621.64
5,40,3,13.7,11601629.73
5,40,3,13.8,11115027.16
5,40,3,13.9,11934568.33
5,40,3,14,12600445.53
5,40,3,14.1,13035826.78
5,40,3,14.2,12574834.87
5,40,3,14.3,12677277.52
5,40,3,14.4,11550408.41
5,40,3,14.5,12344338.92
5,40,3,14.6,12446781.56
5,40,3,14.7,14009031.93
5,40,3,14.8,12677277.52
5,40,3,14.9,14341970.53
5,40,3,15,12472392.23
5,40,3,15.1,13778535.97
5,40,3,15.2,13215101.41
5,40,3,15.3,13752925.31
5,40,3,15.4,12984605.46
5,40,3,15.5,13087048.11
5,40,3,15.6,13522429.35
5,40,3,15.7,13035826.78
5,40,3,15.8,14034642.59
5,40,3,15.9,12062621.64
5,40,3,16,13266322.74
5,40,3,16.1,12907773.47
5,40,3,16.2,12216285.61
5,40,3,16.3,12549224.21
5,40,3,16.4,13701703.99
5,40,3,16.5,12805330.83
5,40,3,16.6,11960178.99
5,40,3,16.7,13599261.34
5,40,3,16.8,13112658.77
5,40,3,16.9,13112658.77
5,40,3,17,13087048.11
5,40,3,17.1,13599261.34
5,40,3,17.2,13215101.41
5,40,3,17.3,12037010.98
5,40,3,17.4,13548040.02
5,40,3,17.5,13343154.72
5,40,3,17.6,11934568.33
5,40,3,17.7,12805330.83
5,40,3,17.8,13010216.12
5,40,3,17.9,12830941.49
5,40,3,18,13496818.69
5,40,3,18.1,12728498.84
5,40,3,18.2,12933384.14
5,40,3,18.3,13266322.74
5,40,3,18.4,13317544.06
5,40,3,18.5,12754109.5
5,40,3,18.6,13778535.97
5,40,3,18.7,13650482.66
5,40,3,18.8,13035826.78
5,40,3,18.9,12907773.47
5,40,3,19,12498002.89
5,40,3,19.1,12062621.64
5,40,3,19.2,12395560.24
5,40,3,19.3,12318728.26
5,40,3,19.4,13752925.31
5,40,3,19.5,12395560.24
5,40,3,19.6,13496818.69
5,40,3,19.7,12139453.63
5,40,3,19.8,12728498.84
5,40,3,19.9,12113842.96
5,40,3,20,10372317.97
5,40,3,20.1,11704072.38
5,40,3,20.2,12369949.58
5,40,3,20.3,11780904.36
5,40,3,20.4,12728498.84
5,40,3,20.5,10679645.91
5,40,3,20.6,12626056.2
5,40,3,20.7,11576019.07
5,40,3,20.8,10218654
5,40,3,20.9,12165064.29
5,40,3,21,11115027.16
5,40,3,21.1,11729683.04
5,40,3,21.2,12113842.96
5,40,3,21.3,11780904.36
5,40,3,21.4,12344338.92
5,40,3,21.5,10935752.53
5,40,3,21.6,12062621.64
5,40,3,21.7,11473576.42
5,40,3,21.8,11371133.78
5,40,3,21.9,10167432.68
5,40,3,22,11883347.01
5,40,3,22.1,11524797.75
5,40,3,22.2,11012584.51
5,40,3,22.3,11729683.04
5,40,3,22.4,11166248.48
5,40,3,22.5,11806515.02
5,40,3,22.6,11089416.5
5,40,3,22.7,10090600.69
5,40,3,22.8,10474760.62
5,40,3,22.9,10141822.02
5,40,3,23,10551592.6
5,40,3,23.1,10141822.02
5,40,3,23.2,11038195.17
5,40,3,23.3,10679645.91
5,40,3,23.4,11140637.82
5,40,3,23.5,10090600.69
5,40,3,23.6,10244264.66
5,40,3,23.7,9143006.211
5,40,3,23.8,10269875.32
5,40,3,23.9,9988158.046
5,40,3,24,10449149.96
5,40,3,24.1,9168616.873
5,40,3,24.2,8682014.301
5,40,3,24.3,9808883.414
5,40,3,24.4,9655219.444
5,40,3,24.5,10449149.96
5,40,3,24.6,8989342.241
5,40,3,24.7,10474760.62
5,40,3,24.8,9450334.151
5,40,3,24.9,9757662.091
5,40,3,25,9450334.151
5,40,3,25.1,9655219.444
5,40,3,25.2,9936936.723
5,40,3,25.3,9450334.151
5,40,3,25.4,9219838.196
5,40,3,25.5,8758846.286
5,40,3,25.6,8835678.271
5,40,3,25.7,8425907.685
5,40,3,25.8,8861288.933
5,40,3,25.9,9373502.166
5,40,3,26,8810067.61
5,40,3,26.1,8425907.685
5,40,3,26.2,8349075.7
5,40,3,26.3,9066174.226
5,40,3,26.4,8067358.422
5,40,3,26.5,8272243.715
5,40,3,26.6,8272243.715
5,40,3,26.7,8425907.685
5,40,3,26.8,8041747.76
5,40,3,26.9,8502739.67
5,40,3,27,8502739.67
5,40,3,27.1,9219838.196
5,40,3,27.2,8477129.008
5,40,3,27.3,8425907.685
5,40,3,27.4,8246633.053
5,40,3,27.5,7785641.143
5,40,3,27.6,7580755.85
5,40,3,27.7,8067358.422
5,40,3,27.8,8272243.715
5,40,3,27.9,7375870.557
5,40,3,28,7631977.174
5,40,3,28.1,7862473.128
5,40,3,28.2,7913694.452
5,40,3,28.3,8092969.083
5,40,3,28.4,7990526.437
5,40,3,28.5,7452702.542
5,40,3,28.6,7196595.925
5,40,3,28.7,8451518.347
5,40,3,28.8,7708809.159
5,40,3,28.9,7042931.955
5,40,3,29,6991710.632
5,40,3,29.1,7017321.294
5,40,3,29.2,6709993.354
5,40,3,29.3,6761214.677
5,40,3,29.4,6684382.692
5,40,3,29.5,7657587.835
5,40,3,29.6,6966099.97
5,40,3,29.7,7299038.572
5,40,3,29.8,7478313.204
5,40,3,29.9,7299038.572
5,40,3,30,6530718.722
5,40,3,30.1,7452702.542
5,40,3,30.2,6300222.767
5,40,3,30.3,6709993.354
5,40,3,30.4,6581940.046
5,40,3,30.5,6914878.647
5,40,3,30.6,6530718.722
5,40,3,30.7,6402665.414
5,40,3,30.8,6505108.061
5,40,3,30.9,6351444.091
5,40,3,31,6069726.813
5,40,3,31.1,6735604.016
5,40,3,31.2,6377054.752
5,40,3,31.3,5762398.873
5,40,3,31.4,5788009.534
5,40,3,31.5,5173353.655
5,40,3,31.6,5531902.918
5,40,3,31.7,5916062.843
5,40,3,31.8,5967284.166
5,40,3,31.9,4994079.023
5,40,3,32,6095337.474
5,40,3,32.1,4968468.361
5,40,3,32.2,5250185.64
5,40,3,32.3,5839230.858
5,40,3,32.4,4891636.376
5,40,3,32.5,5301406.963
5,40,3,32.6,5762398.873
5,40,3,32.7,5327017.624
5,40,3,32.8,5788009.534
5,40,3,32.9,4840415.053
5,40,3,33,4507476.451
5,40,3,33.1,5659956.226
5,40,3,33.2,5198964.316
5,40,3,33.3,5327017.624
5,40,3,33.4,4533087.113
5,40,3,33.5,4994079.023
5,40,3,33.6,5045300.346
5,40,3,33.7,4840415.053
5,40,3,33.8,4686751.083
5,40,3,33.9,5019689.685
5,40,3,34,4686751.083
5,40,3,34.1,4661140.421
5,40,3,34.2,4968468.361
5,40,3,34.3,4123316.527
5,40,3,34.4,4046484.542
5,40,3,34.5,4814804.391
5,40,3,34.6,4276980.497
5,40,3,34.7,4763583.068
5,40,3,34.8,4276980.497
5,40,3,34.9,4251369.835
5,40,3,35,4046484.542
5,40,3,35.1,3815988.587
5,40,3,35.2,4200148.512
5,40,3,35.3,3841599.248
5,40,3,35.4,4507476.451
5,40,3,35.5,3739156.602
5,40,3,35.6,3892820.572
5,40,3,35.7,4302591.158
5,40,3,35.8,3918431.233
5,40,3,35.9,4072095.203
5,40,3,36,4251369.835
5,40,3,36.1,3508660.647
5,40,3,36.2,3508660.647
5,40,3,36.3,3687935.278
5,40,3,36.4,3611103.294
5,40,3,36.5,3380607.339
5,40,3,36.6,3483049.985
5,40,3,36.7,3508660.647
5,40,3,36.8,2919615.429
5,40,3,36.9,2791562.121
5,40,3,37,3098890.06
5,40,3,37.1,2894004.767
5,40,3,37.2,3047668.737
5,40,3,37.3,2765951.459
5,40,3,37.4,2612287.489
5,40,3,37.5,2433012.857
5,40,3,37.6,3406218
5,40,3,37.7,2253738.226
5,40,3,37.8,2048852.932
5,40,3,37.9,2458623.519
5,40,3,38,2586676.827
5,40,3,38.1,2253738.226
5,40,3,38.2,2740340.797
5,40,3,38.3,2330570.211
5,40,3,38.4,1920799.624
5,40,3,38.5,1485418.376
5,40,3,38.6,2074463.594
5,40,3,38.7,1869578.301
5,40,3,38.8,1511029.038
5,40,3,38.9,1997631.609
5,40,3,39,1536639.699
5,40,3,39.1,1511029.038
5,40,3,39.2,1280533.083
5,40,3,39.3,1639082.346
5,40,3,39.4,1741524.993
5,40,3,39.5,1229311.759
5,40,3,39.6,1306143.744
5,40,3,39.7,947594.4813
5,40,3,39.8,896373.158
5,40,3,39.9,614655.8797
5,40,3,40,153663.9699
5,80,3,3.1,83541.97832
5,80,3,3.2,41770.98916
5,80,3,3.4,41770.98916
5,80,3,3.5,167083.9566
5,80,3,3.6,417709.8916
5,80,3,3.7,375938.9025
5,80,3,3.8,668335.8266
5,80,3,3.9,543022.8591
5,80,3,4,1169587.697
5,80,3,4.1,1253129.675
5,80,3,4.2,1754381.545
5,80,3,4.3,1963236.491
5,80,3,4.4,3550534.079
5,80,3,4.5,4051785.949
5,80,3,4.6,5012518.699
5,80,3,4.7,4260640.894
5,80,3,4.8,6432732.331
5,80,3,4.9,7101068.157
5,80,3,5,8980762.67
5,80,3,5.1,10359205.31
5,80,3,5.2,10943999.16
5,80,3,5.3,11528793.01
5,80,3,5.4,13867968.4
5,80,3,5.5,13492029.5
5,80,3,5.6,15747662.91
5,80,3,5.7,18128609.3
5,80,3,5.8,19924761.83
5,80,3,5.9,20969036.56
5,80,3,6,22305708.21
5,80,3,6.1,23475295.91
5,80,3,6.2,27861249.77
5,80,3,6.3,27025829.99
5,80,3,6.4,28529585.6
5,80,3,6.5,29699173.29
5,80,3,6.6,32831997.48
5,80,3,6.7,34419295.07
5,80,3,6.8,34502837.05
5,80,3,6.9,36716699.47
5,80,3,7,36591386.51
5,80,3,7.1,38638164.97
5,80,3,7.2,39139416.84
5,80,3,7.3,41979844.11
5,80,3,7.4,116290433.8
5,80,3,7.5,44110164.55
5,80,3,7.6,44569645.43
5,80,3,7.7,49289767.21
5,80,3,7.8,47535385.67
5,80,3,7.9,48203721.49
5,80,3,8,49665706.11
5,80,3,8.1,50877064.8
5,80,3,8.2,47660698.63
5,80,3,8.3,230325234.2
5,80,3,8.4,1642101126
5,80,3,8.5,50417583.92
5,80,3,8.6,55430102.62
5,80,3,8.7,56599690.31
5,80,3,8.8,79406650.4
5,80,3,8.9,55430102.62
5,80,3,9,58479384.83
5,80,3,9.1,57309797.13
5,80,3,9.2,56265522.4
5,80,3,9.3,61278041.1
5,80,3,9.4,57100942.18
5,80,3,9.5,113993029.4
5,80,3,9.6,90308878.57
5,80,3,9.7,982537207
5,80,3,9.8,132414035.6
5,80,3,9.9,103926221
5,80,3,10,445863538.3
5,80,3,10.1,66499414.74
5,80,3,10.2,65580452.98
5,80,3,10.3,40183691.57
5,80,3,10.4,36967325.41
5,80,3,10.5,37217951.34
5,80,3,10.6,37176180.35
5,80,3,10.7,39431813.77
5,80,3,10.8,38930561.9
5,80,3,10.9,41687447.18
5,80,3,11,44235477.52
5,80,3,11.1,40058378.61
5,80,3,11.2,40016607.62
5,80,3,11.3,189306122.9
5,80,3,11.4,39515355.75
5,80,3,11.5,43943080.6
5,80,3,11.6,50125186.99
5,80,3,11.7,48746744.35
5,80,3,11.8,34043356.17
5,80,3,11.9,33709188.25
5,80,3,12,38262226.07
5,80,3,12.1,35797737.71
5,80,3,12.2,32748455.5
5,80,3,12.3,30868760.99
5,80,3,12.4,30534593.08
5,80,3,12.5,32706684.51
5,80,3,12.6,33834501.22
5,80,3,12.7,34252211.11
5,80,3,12.8,31578867.81
5,80,3,12.9,34837004.96
5,80,3,13,34252211.11
5,80,3,13.1,31954806.71
5,80,3,13.2,31620638.8
5,80,3,13.3,34168669.13
5,80,3,13.4,33291478.36
5,80,3,13.5,35004088.92
5,80,3,13.6,37301493.32
5,80,3,13.7,34001585.18
5,80,3,13.8,36883783.43
5,80,3,13.9,36842012.44
5,80,3,14,35421798.81
5,80,3,14.1,35171172.87
5,80,3,14.2,35129401.88
5,80,3,14.3,33124394.4
5,80,3,14.4,38095142.12
5,80,3,14.5,36633157.49
5,80,3,14.6,36758470.46
5,80,3,14.7,37301493.32
5,80,3,14.8,35296485.84
5,80,3,14.9,36883783.43
5,80,3,15,36842012.44
5,80,3,15.1,35964821.67
5,80,3,15.2,35797737.71
5,80,3,15.3,34126898.14
5,80,3,15.4,36257218.59
5,80,3,15.5,37802745.19
5,80,3,15.6,37760974.2
5,80,3,15.7,34419295.07
5,80,3,15.8,36131905.62
5,80,3,15.9,33834501.22
5,80,3,16,36424302.55
5,80,3,16.1,34377524.08
5,80,3,16.2,34711691.99
5,80,3,16.3,33876272.21
5,80,3,16.4,35338256.83
5,80,3,16.5,36674928.48
5,80,3,16.6,33667417.26
5,80,3,16.7,37259722.33
5,80,3,16.8,36173676.61
5,80,3,16.9,35463569.8
5,80,3,17,35338256.83
5,80,3,17.1,34962317.93
5,80,3,17.2,34586379.03
5,80,3,17.3,34628150.01
5,80,3,17.4,34544608.04
5,80,3,17.5,36507844.53
5,80,3,17.6,36716699.47
5,80,3,17.7,34837004.96
5,80,3,17.8,37134409.36
5,80,3,17.9,33291478.36
5,80,3,18,34043356.17
5,80,3,18.1,32957310.45
5,80,3,18.2,33458562.32
5,80,3,18.3,33166165.39
5,80,3,18.4,33082623.42
5,80,3,18.5,33959814.19
5,80,3,18.6,35588882.77
5,80,3,18.7,33291478.36
5,80,3,18.8,35505340.79
5,80,3,18.9,36298989.58
5,80,3,19,32497829.57
5,80,3,19.1,34168669.13
5,80,3,19.2,32330745.61
5,80,3,19.3,33625646.27
5,80,3,19.4,33082623.42
5,80,3,19.5,32288974.62
5,80,3,19.6,31244699.89
5,80,3,19.7,32456058.58
5,80,3,19.8,35171172.87
5,80,3,19.9,34795233.97
5,80,3,20,31704180.77
5,80,3,20.1,33124394.4
5,80,3,20.2,32915539.46
5,80,3,20.3,32414287.59
5,80,3,20.4,31787722.75
5,80,3,20.5,31996577.7
5,80,3,20.6,29740944.28
5,80,3,20.7,31411783.85
5,80,3,20.8,31328241.87
5,80,3,20.9,32915539.46
5,80,3,21,31119386.93
5,80,3,21.1,31370012.86
5,80,3,21.2,32623142.53
5,80,3,21.3,29365005.38
5,80,3,21.4,30743448.02
5,80,3,21.5,30200425.16
5,80,3,21.6,29991570.22
5,80,3,21.7,30785219.01
5,80,3,21.8,29448547.36
5,80,3,21.9,31620638.8
5,80,3,22,30743448.02
5,80,3,22.1,28905524.5
5,80,3,22.2,30492822.09
5,80,3,22.3,32999081.44
5,80,3,22.4,31829493.74
5,80,3,22.5,28571356.59
5,80,3,22.6,28487814.61
5,80,3,22.7,29490318.35
5,80,3,22.8,27359997.9
5,80,3,22.9,28320730.65
5,80,3,23,30283967.14
5,80,3,23.1,28487814.61
5,80,3,23.2,28278959.66
5,80,3,23.3,28153646.69
5,80,3,23.4,28404272.63
5,80,3,23.5,28738440.54
5,80,3,23.6,27903020.76
5,80,3,23.7,28989066.48
5,80,3,23.8,29323234.39
5,80,3,23.9,29239692.41
5,80,3,24,27819478.78
5,80,3,24.1,27067600.98
5,80,3,24.2,28696669.55
5,80,3,24.3,27025829.99
5,80,3,24.4,27109371.97
5,80,3,24.5,25689158.33
5,80,3,24.6,26524578.12
5,80,3,24.7,27527081.86
5,80,3,24.8,28905524.5
5,80,3,24.9,27568852.85
5,80,3,25,26106868.23
5,80,3,25.1,27192913.94
5,80,3,25.2,27151142.95
5,80,3,25.3,26691662.07
5,80,3,25.4,25939784.27
5,80,3,25.5,25104364.49
5,80,3,25.6,26399265.15
5,80,3,25.7,26984059
5,80,3,25.8,25313219.43
5,80,3,25.9,26273952.18
5,80,3,26,25229677.45
5,80,3,26.1,24060089.76
5,80,3,26.2,25856242.29
5,80,3,26.3,24770196.57
5,80,3,26.4,25104364.49
5,80,3,26.5,26524578.12
5,80,3,26.6,24770196.57
5,80,3,26.7,24644883.61
5,80,3,26.8,23851234.81
5,80,3,26.9,26232181.19
5,80,3,27,23684150.85
5,80,3,27.1,23725921.84
5,80,3,27.2,25647387.34
5,80,3,27.3,24352486.68
5,80,3,27.4,23308211.95
5,80,3,27.5,23684150.85
5,80,3,27.6,24728425.58
5,80,3,27.7,25187906.46
5,80,3,27.8,23141128
5,80,3,27.9,23642379.87
5,80,3,28,23433524.92
5,80,3,28.1,24101860.75
5,80,3,28.2,24101860.75
5,80,3,28.3,24436028.66
5,80,3,28.4,24436028.66
5,80,3,28.5,23182898.98
5,80,3,28.6,23851234.81
5,80,3,28.7,24018318.77
5,80,3,28.8,23517066.9
5,80,3,28.9,22222166.23
5,80,3,29,23725921.84
5,80,3,29.1,23391753.93
5,80,3,29.2,22096853.27
5,80,3,29.3,23893005.8
5,80,3,29.4,20760181.61
5,80,3,29.5,22932273.05
5,80,3,29.6,22180395.24
5,80,3,29.7,21303204.47
5,80,3,29.8,21261433.48
5,80,3,29.9,22096853.27
5,80,3,30,22096853.27
5,80,3,30.1,20885494.58
5,80,3,30.2,20760181.61
5,80,3,30.3,22890502.06
5,80,3,30.4,22180395.24
5,80,3,30.5,20718410.62
5,80,3,30.6,23308211.95
5,80,3,30.7,21136120.52
5,80,3,30.8,20760181.61
5,80,3,30.9,21386746.45
5,80,3,31,21428517.44
5,80,3,31.1,20718410.62
5,80,3,31.2,19548822.93
5,80,3,31.3,20843723.59
5,80,3,31.4,20300700.73
5,80,3,31.5,20634868.65
5,80,3,31.6,20593097.66
5,80,3,31.7,21010807.55
5,80,3,31.8,19966532.82
5,80,3,31.9,20843723.59
5,80,3,32,20091845.79
5,80,3,32.1,19841219.85
5,80,3,32.2,20217158.75
5,80,3,32.3,20342471.72
5,80,3,32.4,20133616.78
5,80,3,32.5,17961525.34
5,80,3,32.6,21762685.35
5,80,3,32.7,19256426
5,80,3,32.8,18713403.14
5,80,3,32.9,18212151.27
5,80,3,33,17794441.38
5,80,3,33.1,20426013.7
5,80,3,33.2,20050074.8
5,80,3,33.3,18421006.22
5,80,3,33.4,18421006.22
5,80,3,33.5,19799448.86
5,80,3,33.6,18337464.24
5,80,3,33.7,20300700.73
5,80,3,33.8,19047571.06
5,80,3,33.9,18170380.29
5,80,3,34,16959021.6
5,80,3,34.1,17710899.4
5,80,3,34.2,19298196.99
5,80,3,34.3,18128609.3
5,80,3,34.4,17752670.39
5,80,3,34.5,17376731.49
5,80,3,34.6,19005800.07
5,80,3,34.7,18964029.08
5,80,3,34.8,17669128.42
5,80,3,34.9,18671632.16
5,80,3,35,19339967.98
5,80,3,35.1,17836212.37
5,80,3,35.2,17877983.36
5,80,3,35.3,18504548.2
5,80,3,35.4,16708395.66
5,80,3,35.5,19047571.06
5,80,3,35.6,17167876.55
5,80,3,35.7,17752670.39
5,80,3,35.8,16415998.74
5,80,3,35.9,18713403.14
5,80,3,36,16165372.81
5,80,3,36.1,17167876.55
5,80,3,36.2,16332456.76
5,80,3,36.3,16708395.66
5,80,3,36.4,17084334.57
5,80,3,36.5,17502044.46
5,80,3,36.6,17502044.46
5,80,3,36.7,18504548.2
5,80,3,36.8,16791937.64
5,80,3,36.9,15204640.05
5,80,3,37,16917250.61
5,80,3,37.1,14703388.18
5,80,3,37.2,15455265.99
5,80,3,37.3,17251418.52
5,80,3,37.4,15747662.91
5,80,3,37.5,15664120.94
5,80,3,37.6,16290685.77
5,80,3,37.7,15580578.96
5,80,3,37.8,16666624.68
5,80,3,37.9,14202136.31
5,80,3,38,15413495
5,80,3,38.1,15455265.99
5,80,3,38.2,15246411.04
5,80,3,38.3,15037556.1
5,80,3,38.4,17251418.52
5,80,3,38.5,15538807.97
5,80,3,38.6,14995785.11
5,80,3,38.7,15664120.94
5,80,3,38.8,14745159.17
5,80,3,38.9,16332456.76
5,80,3,39,15497036.98
5,80,3,39.1,14160365.33
5,80,3,39.2,15872975.88
5,80,3,39.3,15037556.1
5,80,3,39.4,14285678.29
5,80,3,39.5,14536304.23
5,80,3,39.6,14786930.16
5,80,3,39.7,14160365.33
5,80,3,39.8,13742655.43
5,80,3,39.9,14954014.12
5,80,3,40,15413495
5,80,3,40.1,14243907.3
5,80,3,40.2,14995785.11
5,80,3,40.3,13074319.61
5,80,3,40.4,13324945.54
5,80,3,40.5,14327449.28
5,80,3,40.6,14619846.21
5,80,3,40.7,15204640.05
5,80,3,40.8,13659113.46
5,80,3,40.9,14285678.29
5,80,3,41,15329953.02
5,80,3,41.1,13199632.57
5,80,3,41.2,13074319.61
5,80,3,41.3,15455265.99
5,80,3,41.4,14243907.3
5,80,3,41.5,13241403.56
5,80,3,41.6,15413495
5,80,3,41.7,14410991.26
5,80,3,41.8,14578075.22
5,80,3,41.9,13533800.49
5,80,3,42,12531296.75
5,80,3,42.1,13450258.51
5,80,3,42.2,14118594.34
5,80,3,42.3,12155357.85
5,80,3,42.4,12740151.69
5,80,3,42.5,11904731.91
5,80,3,42.6,13116090.6
5,80,3,42.7,13324945.54
5,80,3,42.8,12447754.77
5,80,3,42.9,13784426.42
5,80,3,43,14118594.34
5,80,3,43.1,13617342.47
5,80,3,43.2,13408487.52
5,80,3,43.3,13408487.52
5,80,3,43.4,11612334.99
5,80,3,43.5,11988273.89
5,80,3,43.6,12990777.63
5,80,3,43.7,12322441.8
5,80,3,43.8,12865464.66
5,80,3,43.9,12656609.72
5,80,3,44,11695876.97
5,80,3,44.1,11946502.9
5,80,3,44.2,11695876.97
5,80,3,44.3,11779418.94
5,80,3,44.4,12573067.74
5,80,3,44.5,13032548.62
5,80,3,44.6,12197128.84
5,80,3,44.7,11654105.98
5,80,3,44.8,12656609.72
5,80,3,44.9,12030044.88
5,80,3,45,11528793.01
5,80,3,45.1,13157861.59
5,80,3,45.2,12949006.64
5,80,3,45.3,11737647.95
5,80,3,45.4,12614838.73
5,80,3,45.5,10943999.16
5,80,3,45.6,11445251.03
5,80,3,45.7,11445251.03
5,80,3,45.8,11654105.98
5,80,3,45.9,11445251.03
5,80,3,46,12322441.8
5,80,3,46.1,10484518.28
5,80,3,46.2,11612334.99
5,80,3,46.3,12614838.73
5,80,3,46.4,11821189.93
5,80,3,46.5,10317434.32
5,80,3,46.6,10568060.26
5,80,3,46.7,10651602.24
5,80,3,46.8,11278167.07
5,80,3,46.9,11236396.08
5,80,3,47,10818686.19
5,80,3,47.1,11194625.1
5,80,3,47.2,11612334.99
5,80,3,47.3,10735144.21
5,80,3,47.4,11111083.12
5,80,3,47.5,10359205.31
5,80,3,47.6,9398472.561
5,80,3,47.7,11027541.14
5,80,3,47.8,10902228.17
5,80,3,47.9,11737647.95
5,80,3,48,9774411.464
5,80,3,48.1,10400976.3
5,80,3,48.2,9356701.572
5,80,3,48.3,10860457.18
5,80,3,48.4,10526289.27
5,80,3,48.5,12071815.87
5,80,3,48.6,10317434.32
5,80,3,48.7,9816182.453
5,80,3,48.8,9607327.507
5,80,3,48.9,10150350.37
5,80,3,49,10568060.26
5,80,3,49.1,10192121.36
5,80,3,49.2,9816182.453
5,80,3,49.3,10735144.21
5,80,3,49.4,9022533.659
5,80,3,49.5,11695876.97
5,80,3,49.6,9774411.464
5,80,3,49.7,10317434.32
5,80,3,49.8,9816182.453
5,80,3,49.9,10359205.31
5,80,3,50,9231388.605
5,80,3,50.1,9314930.583
5,80,3,50.2,9440243.55
5,80,3,50.3,9523785.529
5,80,3,50.4,9356701.572
5,80,3,50.5,10025037.4
5,80,3,50.6,9774411.464
5,80,3,50.7,9816182.453
5,80,3,50.8,8938991.68
5,80,3,50.9,9398472.561
5,80,3,51,9106075.637
5,80,3,51.1,8897220.691
5,80,3,51.2,8855449.702
5,80,3,51.3,9106075.637
5,80,3,51.4,10400976.3
5,80,3,51.5,9565556.518
5,80,3,51.6,9189617.615
5,80,3,51.7,9440243.55
5,80,3,51.8,8604823.767
5,80,3,51.9,9356701.572
5,80,3,52,9816182.453
5,80,3,52.1,8813678.713
5,80,3,52.2,8938991.68
5,80,3,52.3,8813678.713
5,80,3,52.4,8646594.756
5,80,3,52.5,8187113.876
5,80,3,52.6,9649098.496
5,80,3,52.7,9440243.55
5,80,3,52.8,9440243.55
5,80,3,52.9,9064304.648
5,80,3,53,9022533.659
5,80,3,53.1,8061800.908
5,80,3,53.2,11111083.12
5,80,3,53.3,8103571.897
5,80,3,53.4,9398472.561
5,80,3,53.5,7393465.082
5,80,3,53.6,7268152.114
5,80,3,53.7,8354197.832
5,80,3,53.8,8938991.68
5,80,3,53.9,7894716.951
5,80,3,54,9064304.648
5,80,3,54.1,7226381.125
5,80,3,54.2,8730136.735
5,80,3,54.3,7894716.951
5,80,3,54.4,9022533.659
5,80,3,54.5,8312426.843
5,80,3,54.6,8730136.735
5,80,3,54.7,7351694.092
5,80,3,54.8,7602320.027
5,80,3,54.9,7852945.962
5,80,3,55,8813678.713
5,80,3,55.1,9523785.529
5,80,3,55.2,7101068.157
5,80,3,55.3,7059297.168
5,80,3,55.4,8813678.713
5,80,3,55.5,8020029.919
5,80,3,55.6,7184610.136
5,80,3,55.7,7435236.071
5,80,3,55.8,6933984.201
5,80,3,55.9,8103571.897
5,80,3,56,7351694.092
5,80,3,56.1,7769403.984
5,80,3,56.2,7226381.125
5,80,3,56.3,7184610.136
5,80,3,56.4,8061800.908
5,80,3,56.5,7101068.157
5,80,3,56.6,7351694.092
5,80,3,56.7,7226381.125
5,80,3,56.8,7518778.049
5,80,3,56.9,7852945.962
5,80,3,57,8354197.832
5,80,3,57.1,6808671.233
5,80,3,57.2,7477007.06
5,80,3,57.3,7477007.06
5,80,3,57.4,7351694.092
5,80,3,57.5,8395968.821
5,80,3,57.6,7769403.984
5,80,3,57.7,6892213.212
5,80,3,57.8,7351694.092
5,80,3,57.9,7351694.092
5,80,3,58,7059297.168
5,80,3,58.1,13867968.4
5,80,3,58.2,5722625.515
5,80,3,58.3,7101068.157
5,80,3,58.4,8228884.865
5,80,3,58.5,6766900.244
5,80,3,58.6,6349190.353
5,80,3,58.7,7393465.082
5,80,3,58.8,5764396.504
5,80,3,58.9,8145342.886
5,80,3,59,7852945.962
5,80,3,59.1,5722625.515
5,80,3,59.2,5931480.461
5,80,3,59.3,5597312.548
5,80,3,59.4,7894716.951
5,80,3,59.5,18003296.33
5,80,3,59.6,7226381.125
5,80,3,59.7,6683358.266
5,80,3,59.8,6015022.439
5,80,3,59.9,6390961.342
5,80,3,60,7894716.951
5,80,3,60.1,7477007.06
5,80,3,60.2,6683358.266
5,80,3,60.3,6474503.32
5,80,3,60.4,6182106.396
5,80,3,60.5,5722625.515
5,80,3,60.6,5680854.526
5,80,3,60.7,6390961.342
5,80,3,60.8,6975755.19
5,80,3,60.9,5973251.45
5,80,3,61,6349190.353
5,80,3,61.1,6808671.233
5,80,3,61.2,5597312.548
5,80,3,61.3,5889709.472
5,80,3,61.4,7393465.082
5,80,3,61.5,5764396.504
5,80,3,61.6,6390961.342
5,80,3,61.7,6641587.277
5,80,3,61.8,5973251.45
5,80,3,61.9,6223877.385
5,80,3,62,6056793.428
5,80,3,62.1,5012518.699
5,80,3,62.2,5346686.613
5,80,3,62.3,5973251.45
5,80,3,62.4,5889709.472
5,80,3,62.5,5639083.537
5,80,3,62.6,7101068.157
5,80,3,62.7,5722625.515
5,80,3,62.8,6098564.418
5,80,3,62.9,5680854.526
5,80,3,63,5806167.493
5,80,3,63.1,4970747.71
5,80,3,63.2,5931480.461
5,80,3,63.3,6265648.374
5,80,3,63.4,6390961.342
5,80,3,63.5,5096060.678
5,80,3,63.6,5346686.613
5,80,3,63.7,5847938.483
5,80,3,63.8,5597312.548
5,80,3,63.9,5806167.493
5,80,3,64,6599816.287
5,80,3,64.1,5346686.613
5,80,3,64.2,5263144.634
5,80,3,64.3,5346686.613
5,80,3,64.4,5221373.645
5,80,3,64.5,4803663.754
5,80,3,64.6,5304915.623
5,80,3,64.7,4553037.819
5,80,3,64.8,5054289.689
5,80,3,64.9,4887205.732
5,80,3,65,5221373.645
5,80,3,65.1,4678350.786
5,80,3,65.2,5346686.613
5,80,3,65.3,5388457.602
5,80,3,65.4,4928976.721
5,80,3,65.5,4636579.797
5,80,3,65.6,5054289.689
5,80,3,65.7,5137831.667
5,80,3,65.8,4344182.873
5,80,3,65.9,5096060.678
5,80,3,66,4135327.927
5,80,3,66.1,5471999.58
5,80,3,66.2,5346686.613
5,80,3,66.3,4302411.884
5,80,3,66.4,4469495.84
5,80,3,66.5,4135327.927
5,80,3,66.6,4845434.743
5,80,3,66.7,3508763.09
5,80,3,66.8,3801160.014
5,80,3,66.9,4678350.786
5,80,3,67,4970747.71
5,80,3,67.1,4720121.775
5,80,3,67.2,5012518.699
5,80,3,67.3,5263144.634
5,80,3,67.4,6975755.19
5,80,3,67.5,4636579.797
5,80,3,67.6,3968243.97
5,80,3,67.7,4928976.721
5,80,3,67.8,4135327.927
5,80,3,67.9,3884701.992
5,80,3,68,4218869.905
5,80,3,68.1,3717618.035
5,80,3,68.2,3926472.981
5,80,3,68.3,3884701.992
5,80,3,68.4,3926472.981
5,80,3,68.5,5179602.656
5,80,3,68.6,4093556.938
5,80,3,68.7,5096060.678
5,80,3,68.8,3926472.981
5,80,3,68.9,3801160.014
5,80,3,69,3216366.165
5,80,3,69.1,3968243.97
5,80,3,69.2,4427724.851
5,80,3,69.3,3801160.014
5,80,3,69.4,3842931.003
5,80,3,69.5,4135327.927
5,80,3,69.6,3759389.025
5,80,3,69.7,4344182.873
5,80,3,69.8,2923969.241
5,80,3,69.9,3466992.1
5,80,3,70,3049282.209
5,80,3,70.1,3425221.111
5,80,3,70.2,3801160.014
5,80,3,70.3,3383450.122
5,80,3,70.4,3926472.981
5,80,3,70.5,4344182.873
5,80,3,70.6,4051785.949
5,80,3,70.7,3634076.057
5,80,3,70.8,3299908.144
5,80,3,70.9,3550534.079
5,80,3,71,3926472.981
5,80,3,71.1,3550534.079
5,80,3,71.2,2422717.371
5,80,3,71.3,3466992.1
5,80,3,71.4,3216366.165
5,80,3,71.5,3550534.079
5,80,3,71.6,3383450.122
5,80,3,71.7,3926472.981
5,80,3,71.8,3091053.198
5,80,3,71.9,3466992.1
5,80,3,72,3132824.187
5,80,3,72.1,4135327.927
5,80,3,72.2,3717618.035
5,80,3,72.3,3383450.122
5,80,3,72.4,3049282.209
5,80,3,72.5,3466992.1
5,80,3,72.6,3049282.209
5,80,3,72.7,3466992.1
5,80,3,72.8,2589801.328
5,80,3,72.9,3341679.133
5,80,3,73,2422717.371
5,80,3,73.1,2589801.328
5,80,3,73.2,2589801.328
5,80,3,73.3,2965740.23
5,80,3,73.4,3049282.209
5,80,3,73.5,2882198.252
5,80,3,73.6,2172091.436
5,80,3,73.7,2882198.252
5,80,3,73.8,2840427.263
5,80,3,73.9,2548030.339
5,80,3,74,2589801.328
5,80,3,74.1,2589801.328
5,80,3,74.2,2715114.295
5,80,3,74.3,3508763.09
5,80,3,74.4,2548030.339
5,80,3,74.5,2213862.426
5,80,3,74.6,3049282.209
5,80,3,74.7,2255633.415
5,80,3,74.8,2506259.35
5,80,3,74.9,2464488.361
5,80,3,75,2005007.48
5,80,3,75.1,2589801.328
5,80,3,75.2,2464488.361
5,80,3,75.3,1754381.545
5,80,3,75.4,1754381.545
5,80,3,75.5,2130320.447
5,80,3,75.6,2339175.393
5,80,3,75.7,2046778.469
5,80,3,75.8,2172091.436
5,80,3,75.9,1796152.534
5,80,3,76,2213862.426
5,80,3,76.1,2506259.35
5,80,3,76.2,2715114.295
5,80,3,76.3,2297404.404
5,80,3,76.4,2380946.382
5,80,3,76.5,2088549.458
5,80,3,76.6,2213862.426
5,80,3,76.7,2339175.393
5,80,3,76.8,1545526.599
5,80,3,76.9,1796152.534
5,80,3,77,2005007.48
5,80,3,77.1,1963236.491
5,80,3,77.2,1629068.577
5,80,3,77.3,1712610.556
5,80,3,77.4,1712610.556
5,80,3,77.5,1670839.566
5,80,3,77.6,1545526.599
5,80,3,77.7,1837923.523
5,80,3,77.8,1712610.556
5,80,3,77.9,1629068.577
5,80,3,78,1670839.566
5,80,3,78.1,1378442.642
5,80,3,78.2,1253129.675
5,80,3,78.3,1086045.718
5,80,3,78.4,1211358.686
5,80,3,78.5,1253129.675
5,80,3,78.6,1086045.718
5,80,3,78.7,1629068.577
5,80,3,78.8,1044274.729
5,80,3,78.9,1253129.675
5,80,3,79,960732.7507
5,80,3,79.1,710106.8157
5,80,3,79.2,1002503.74
5,80,3,79.3,1086045.718
5,80,3,79.4,668335.8266
5,80,3,79.5,626564.8374
5,80,3,79.6,626564.8374
5,80,3,79.7,250625.935
5,80,3,79.8,417709.8916
5,80,3,79.9,501251.8699
5,80,3,80,83541.97832
5,150,3,0.3,42278.32911
5,150,3,2.8,42278.32911
5,150,3,3.1,84556.65822
5,150,3,3.2,253669.9747
5,150,3,3.3,338226.6329
5,150,3,3.4,465061.6202
5,150,3,3.5,845566.5822
5,150,3,3.6,761009.924
5,150,3,3.7,1606576.506
5,150,3,3.8,2240751.443
5,150,3,3.9,2578978.076
5,150,3,4,3001761.367
5,150,3,4.1,4777451.189
5,150,3,4.2,5580739.443
5,150,3,4.3,6045801.063
5,150,3,4.4,9047562.43
5,150,3,4.5,9977685.67
5,150,3,4.6,11541983.85
5,150,3,4.7,13064003.7
5,150,3,4.8,15938930.07
5,150,3,4.9,16446270.02
5,150,3,5,18052846.53
5,150,3,5.1,19574866.38
5,150,3,5.2,22534349.42
5,150,3,5.3,24775100.86
5,150,3,5.4,26212564.05
5,150,3,5.5,29002933.77
5,150,3,5.6,30313561.97
5,150,3,5.7,33738106.63
5,150,3,5.8,33188488.35
5,150,3,5.9,37416321.26
5,150,3,6,36528476.35
5,150,3,6.1,41432762.53
5,150,3,6.2,41686432.5
5,150,3,6.3,46379327.03
5,150,3,6.4,45956543.74
5,150,3,6.5,47351728.6
5,150,3,6.6,45871987.08
5,150,3,6.7,52932468.05
5,150,3,6.8,52129179.79
5,150,3,6.9,55215497.82
5,150,3,7,54412209.57
5,150,3,7.1,56568404.35
5,150,3,7.2,59992949.01
5,150,3,7.3,58090424.2
5,150,3,7.4,162179670.5
5,150,3,7.5,61895473.82
5,150,3,7.6,60035227.34
5,150,3,7.7,62783318.73
5,150,3,7.8,65362296.8
5,150,3,7.9,67941274.88
5,150,3,8,64643565.21
5,150,3,8.1,67814439.89
5,150,3,8.2,70139747.99
5,150,3,8.3,304995866.2
5,150,3,8.4,2142116101
5,150,3,8.5,71196706.22
5,150,3,8.6,73310622.68
5,150,3,8.7,70393417.97
5,150,3,8.8,99311795.08
5,150,3,8.9,72845561.06
5,150,3,9,75931879.08
5,150,3,9.1,72422777.77
5,150,3,9.2,73479735.99
5,150,3,9.3,74198467.59
5,150,3,9.4,73141509.36
5,150,3,9.5,155584251.1
5,150,3,9.6,111783902.2
5,150,3,9.7,1279849579
5,150,3,9.8,173172036
5,150,3,9.9,130217253.7
5,150,3,10,548053980.3
5,150,3,10.1,81343505.21
5,150,3,10.2,79779207.03
5,150,3,10.3,57456249.26
5,150,3,10.4,54285374.58
5,150,3,10.5,58851434.12
5,150,3,10.6,53482086.32
5,150,3,10.7,56568404.35
5,150,3,10.8,57118022.63
5,150,3,10.9,57625362.58
5,150,3,11,65320018.48
5,150,3,11.1,53312973.01
5,150,3,11.2,58935990.78
5,150,3,11.3,258236034.2
5,150,3,11.4,56526126.02
5,150,3,11.5,61684082.17
5,150,3,11.6,68279501.51
5,150,3,11.7,70900757.92
5,150,3,11.8,52044623.14
5,150,3,11.9,51072221.57
5,150,3,12,58132702.53
5,150,3,12.1,47647676.91
5,150,3,12.2,48620078.48
5,150,3,12.3,48028181.87
5,150,3,12.4,49338810.07
5,150,3,12.5,45787430.43
5,150,3,12.6,48831470.12
5,150,3,12.7,50184376.65
5,150,3,12.8,47351728.6
5,150,3,12.9,50987664.91
5,150,3,13,50776273.26
5,150,3,13.1,50733994.93
5,150,3,13.2,47816790.22
5,150,3,13.3,49761593.36
5,150,3,13.4,48535521.82
5,150,3,13.5,49381088.4
5,150,3,13.6,49211975.08
5,150,3,13.7,48408686.83
5,150,3,13.8,48831470.12
5,150,3,13.9,47055780.3
5,150,3,14,49381088.4
5,150,3,14.1,47478563.59
5,150,3,14.2,48239573.52
5,150,3,14.3,50142098.33
5,150,3,14.4,48662356.81
5,150,3,14.5,48239573.52
5,150,3,14.6,46506162.02
5,150,3,14.7,47224893.62
5,150,3,14.8,47774511.89
5,150,3,14.9,48662356.81
5,150,3,15,47774511.89
5,150,3,15.1,48408686.83
5,150,3,15.2,50226654.98
5,150,3,15.3,45956543.74
5,150,3,15.4,44603637.21
5,150,3,15.5,48324130.17
5,150,3,15.6,48197295.19
5,150,3,15.7,46041100.4
5,150,3,15.8,47943625.21
5,150,3,15.9,48916026.78
5,150,3,16,48028181.87
5,150,3,16.1,45153255.49
5,150,3,16.2,46590718.68
5,150,3,16.3,50607159.95
5,150,3,16.4,45914265.41
5,150,3,16.5,47267171.95
5,150,3,16.6,47901346.88
5,150,3,16.7,47520841.92
5,150,3,16.8,46421605.36
5,150,3,16.9,46252492.05
5,150,3,17,46802110.33
5,150,3,17.1,48408686.83
5,150,3,17.2,45660595.44
5,150,3,17.3,44603637.21
5,150,3,17.4,49338810.07
5,150,3,17.5,44603637.21
5,150,3,17.6,45449203.79
5,150,3,17.7,44223132.25
5,150,3,17.8,44688193.87
5,150,3,17.9,44476802.22
5,150,3,18,43335287.34
5,150,3,18.1,44096297.26
5,150,3,18.2,43758070.63
5,150,3,18.3,42531999.09
5,150,3,18.4,45660595.44
5,150,3,18.5,43969462.27
5,150,3,18.6,44011740.6
5,150,3,18.7,46548440.35
5,150,3,18.8,42701112.4
5,150,3,18.9,41601875.84
5,150,3,19,44138575.59
5,150,3,19.1,44561358.88
5,150,3,19.2,43927183.95
5,150,3,19.3,43631235.64
5,150,3,19.4,42997060.71
5,150,3,19.5,41686432.5
5,150,3,19.6,41855545.82
5,150,3,19.7,42616555.74
5,150,3,19.8,44054018.93
5,150,3,19.9,43166174.02
5,150,3,20,40544917.62
5,150,3,20.1,40756309.26
5,150,3,20.2,41094535.9
5,150,3,20.3,41770989.16
5,150,3,20.4,41263649.21
5,150,3,20.5,41475040.86
5,150,3,20.6,41559597.52
5,150,3,20.7,42870225.72
5,150,3,20.8,40333525.97
5,150,3,20.9,42489720.76
5,150,3,21,41390484.2
5,150,3,21.1,40629474.28
5,150,3,21.2,39910742.68
5,150,3,21.3,41728710.83
5,150,3,21.4,40333525.97
5,150,3,21.5,39487959.39
5,150,3,21.6,41559597.52
5,150,3,21.7,40122134.33
5,150,3,21.8,41094535.9
5,150,3,21.9,41009979.24
5,150,3,22,41686432.5
5,150,3,22.1,39318846.07
5,150,3,22.2,39995299.34
5,150,3,22.3,40333525.97
5,150,3,22.4,38769227.79
5,150,3,22.5,38008217.87
5,150,3,22.6,38726949.47
5,150,3,22.7,37965939.54
5,150,3,22.8,39403402.73
5,150,3,22.9,37416321.26
5,150,3,23,39699351.03
5,150,3,23.1,36528476.35
5,150,3,23.2,35894301.41
5,150,3,23.3,38177331.19
5,150,3,23.4,36782146.33
5,150,3,23.5,37204929.62
5,150,3,23.6,39022897.77
5,150,3,23.7,37881382.88
5,150,3,23.8,35682909.77
5,150,3,23.9,38431001.16
5,150,3,24,36739868
5,150,3,24.1,35852023.09
5,150,3,24.2,36570754.68
5,150,3,24.3,36528476.35
5,150,3,24.4,37458599.59
5,150,3,24.5,36824424.66
5,150,3,24.6,33738106.63
5,150,3,24.7,37162651.29
5,150,3,24.8,38219609.52
5,150,3,24.9,33146210.02
5,150,3,25,35344683.14
5,150,3,25.1,33568993.31
5,150,3,25.2,34837343.19
5,150,3,25.3,34668229.87
5,150,3,25.4,34287724.91
5,150,3,25.5,33653549.97
5,150,3,25.6,33611271.64
5,150,3,25.7,34837343.19
5,150,3,25.8,33822663.29
5,150,3,25.9,36232528.05
5,150,3,26,33273045.01
5,150,3,26.1,33019375.04
5,150,3,26.2,33653549.97
5,150,3,26.3,33864941.62
5,150,3,26.4,34837343.19
5,150,3,26.5,30440396.96
5,150,3,26.6,33188488.35
5,150,3,26.7,33738106.63
5,150,3,26.8,32807983.39
5,150,3,26.9,32850261.72
5,150,3,27,31666468.5
5,150,3,27.1,33188488.35
5,150,3,27.2,29425717.06
5,150,3,27.3,32892540.05
5,150,3,27.4,33357601.67
5,150,3,27.5,32131530.12
5,150,3,27.6,35006456.5
5,150,3,27.7,32934818.38
5,150,3,27.8,31370520.2
5,150,3,27.9,30398118.63
5,150,3,28,31328241.87
5,150,3,28.1,29552552.05
5,150,3,28.2,32385200.1
5,150,3,28.3,31243685.21
5,150,3,28.4,28749263.8
5,150,3,28.5,30102170.33
5,150,3,28.6,31412798.53
5,150,3,28.7,31835581.82
5,150,3,28.8,28706985.47
5,150,3,28.9,31285963.54
5,150,3,29,30863180.25
5,150,3,29.1,30313561.97
5,150,3,29.2,31074571.9
5,150,3,29.3,32173808.45
5,150,3,29.4,29763943.69
5,150,3,29.5,30186726.98
5,150,3,29.6,29172047.09
5,150,3,29.7,29679387.04
5,150,3,29.8,30440396.96
5,150,3,29.9,32427478.43
5,150,3,30,29763943.69
5,150,3,30.1,26973573.97
5,150,3,30.2,27396357.26
5,150,3,30.3,28284202.17
5,150,3,30.4,29425717.06
5,150,3,30.5,27819140.55
5,150,3,30.6,27523192.25
5,150,3,30.7,28072810.53
5,150,3,30.8,29383438.73
5,150,3,30.9,28453315.49
5,150,3,31,26804460.66
5,150,3,31.1,26550790.68
5,150,3,31.2,28749263.8
5,150,3,31.3,27480913.92
5,150,3,31.4,27100408.96
5,150,3,31.5,29679387.04
5,150,3,31.6,27396357.26
5,150,3,31.7,26466234.02
5,150,3,31.8,28368758.83
5,150,3,31.9,27776862.23
5,150,3,32,26128007.39
5,150,3,32.1,24563709.21
5,150,3,32.2,25620667.44
5,150,3,32.3,26593069.01
5,150,3,32.4,25916615.74
5,150,3,32.5,25536110.78
5,150,3,32.6,27058130.63
5,150,3,32.7,24436874.23
5,150,3,32.8,26635347.34
5,150,3,32.9,24521430.88
5,150,3,33,26804460.66
5,150,3,33.1,25536110.78
5,150,3,33.2,26170285.72
5,150,3,33.3,27988253.87
5,150,3,33.4,24986492.5
5,150,3,33.5,24056369.26
5,150,3,33.6,28284202.17
5,150,3,33.7,26339399.04
5,150,3,33.8,24775100.86
5,150,3,33.9,26804460.66
5,150,3,34,26043450.73
5,150,3,34.1,24436874.23
5,150,3,34.2,24521430.88
5,150,3,34.3,23760420.96
5,150,3,34.4,24732822.53
5,150,3,34.5,25071049.16
5,150,3,34.6,23675864.3
5,150,3,34.7,24521430.88
5,150,3,34.8,24225482.58
5,150,3,34.9,23718142.63
5,150,3,35,22027009.47
5,150,3,35.1,24521430.88
5,150,3,35.2,26381677.36
5,150,3,35.3,25832059.09
5,150,3,35.4,23295359.34
5,150,3,35.5,24267760.91
5,150,3,35.6,24014090.93
5,150,3,35.7,23168524.35
5,150,3,35.8,23337637.67
5,150,3,35.9,23760420.96
5,150,3,36,21477391.19
5,150,3,36.1,23379916
5,150,3,36.2,22830297.72
5,150,3,36.3,22280679.44
5,150,3,36.4,22872576.05
5,150,3,36.5,23464472.66
5,150,3,36.6,22661184.4
5,150,3,36.7,24986492.5
5,150,3,36.8,21731061.16
5,150,3,36.9,21054607.9
5,150,3,37,23844977.62
5,150,3,37.1,22238401.11
5,150,3,37.2,23802699.29
5,150,3,37.3,22069287.8
5,150,3,37.4,23083967.69
5,150,3,37.5,21561947.85
5,150,3,37.6,24098647.59
5,150,3,37.7,20800937.92
5,150,3,37.8,21477391.19
5,150,3,37.9,20927772.91
5,150,3,38,22534349.42
5,150,3,38.1,23168524.35
5,150,3,38.2,22027009.47
5,150,3,38.3,20674102.94
5,150,3,38.4,22238401.11
5,150,3,38.5,22872576.05
5,150,3,38.6,21900174.48
5,150,3,38.7,22914854.38
5,150,3,38.8,23760420.96
5,150,3,38.9,20166762.99
5,150,3,39,20885494.58
5,150,3,39.1,19067526.43
5,150,3,39.2,17545506.58
5,150,3,39.3,22872576.05
5,150,3,39.4,21477391.19
5,150,3,39.5,20462711.29
5,150,3,39.6,20758659.59
5,150,3,39.7,20674102.94
5,150,3,39.8,21435112.86
5,150,3,39.9,21435112.86
5,150,3,40,20674102.94
5,150,3,40.1,20251319.64
5,150,3,40.2,21477391.19
5,150,3,40.3,21265999.54
5,150,3,40.4,20589546.28
5,150,3,40.5,20462711.29
5,150,3,40.6,21435112.86
5,150,3,40.7,19363474.73
5,150,3,40.8,19532588.05
5,150,3,40.9,20378154.63
5,150,3,41,19574866.38
5,150,3,41.1,18475629.82
5,150,3,41.2,18560186.48
5,150,3,41.3,19321196.4
5,150,3,41.4,18982969.77
5,150,3,41.5,19532588.05
5,150,3,41.6,19109804.76
5,150,3,41.7,20843216.25
5,150,3,41.8,19321196.4
5,150,3,41.9,19828536.35
5,150,3,42,18898413.11
5,150,3,42.1,17714619.9
5,150,3,42.2,19617144.71
5,150,3,42.3,18221959.85
5,150,3,42.4,19067526.43
5,150,3,42.5,17883733.21
5,150,3,42.6,16911331.64
5,150,3,42.7,17587784.91
5,150,3,42.8,18517908.15
5,150,3,42.9,18517908.15
5,150,3,43,18560186.48
5,150,3,43.1,17545506.58
5,150,3,43.2,18560186.48
5,150,3,43.3,18602464.81
5,150,3,43.4,17460949.92
5,150,3,43.5,18137403.19
5,150,3,43.6,18898413.11
5,150,3,43.7,19194361.42
5,150,3,43.8,18137403.19
5,150,3,43.9,17291836.61
5,150,3,44,17799176.56
5,150,3,44.1,18813856.45
5,150,3,44.2,17122723.29
5,150,3,44.3,17587784.91
5,150,3,44.4,17587784.91
5,150,3,44.5,18348794.83
5,150,3,44.6,17545506.58
5,150,3,44.7,18729299.8
5,150,3,44.8,19236639.75
5,150,3,44.9,18729299.8
5,150,3,45,16319435.04
5,150,3,45.1,16573105.01
5,150,3,45.2,19828536.35
5,150,3,45.3,15812095.09
5,150,3,45.4,18306516.5
5,150,3,45.5,17291836.61
5,150,3,45.6,18771578.13
5,150,3,45.7,16826774.99
5,150,3,45.8,17038166.63
5,150,3,45.9,15558425.11
5,150,3,46,16784496.66
5,150,3,46.1,17587784.91
5,150,3,46.2,15600703.44
5,150,3,46.3,17249558.28
5,150,3,46.4,16699940
5,150,3,46.5,17841454.88
5,150,3,46.6,17587784.91
5,150,3,46.7,17841454.88
5,150,3,46.8,16108043.39
5,150,3,46.9,18475629.82
5,150,3,47,17926011.54
5,150,3,47.1,16319435.04
5,150,3,47.2,15093363.49
5,150,3,47.3,16530826.68
5,150,3,47.4,15642981.77
5,150,3,47.5,15600703.44
5,150,3,47.6,16995888.3
5,150,3,47.7,16023486.73
5,150,3,47.8,17122723.29
5,150,3,47.9,17672341.57
5,150,3,48,15727538.43
5,150,3,48.1,15473868.45
5,150,3,48.2,17376393.26
5,150,3,48.3,15812095.09
5,150,3,48.4,17460949.92
5,150,3,48.5,16277156.71
5,150,3,48.6,15516146.78
5,150,3,48.7,14839693.52
5,150,3,48.8,16234878.38
5,150,3,48.9,16361713.37
5,150,3,49,15600703.44
5,150,3,49.1,15812095.09
5,150,3,49.2,16108043.39
5,150,3,49.3,15262476.81
5,150,3,49.4,15304755.14
5,150,3,49.5,16108043.39
5,150,3,49.6,15558425.11
5,150,3,49.7,16277156.71
5,150,3,49.8,16488548.35
5,150,3,49.9,15220198.48
5,150,3,50,14416910.23
5,150,3,50.1,15642981.77
5,150,3,50.2,15854373.42
5,150,3,50.3,15431590.13
5,150,3,50.4,14924250.18
5,150,3,50.5,14459188.56
5,150,3,50.6,14628301.87
5,150,3,50.7,15177920.15
5,150,3,50.8,15812095.09
5,150,3,50.9,15431590.13
5,150,3,51,15685260.1
5,150,3,51.1,14755136.86
5,150,3,51.2,14755136.86
5,150,3,51.3,13867291.95
5,150,3,51.4,14247796.91
5,150,3,51.5,15600703.44
5,150,3,51.6,13317673.67
5,150,3,51.7,13317673.67
5,150,3,51.8,14120961.92
5,150,3,51.9,14543745.21
5,150,3,52,13148560.35
5,150,3,52.1,14374631.9
5,150,3,52.2,13106282.02
5,150,3,52.3,13951848.61
5,150,3,52.4,12979447.04
5,150,3,52.5,13275395.34
5,150,3,52.6,14543745.21
5,150,3,52.7,15558425.11
5,150,3,52.8,13444508.66
5,150,3,52.9,15600703.44
5,150,3,53,13994126.94
5,150,3,53.1,13148560.35
5,150,3,53.2,14586023.54
5,150,3,53.3,14416910.23
5,150,3,53.4,13529065.32
5,150,3,53.5,12810333.72
5,150,3,53.6,13740456.96
5,150,3,53.7,13825013.62
5,150,3,53.8,13867291.95
5,150,3,53.9,15727538.43
5,150,3,54,14416910.23
5,150,3,54.1,14120961.92
5,150,3,54.2,13359952
5,150,3,54.3,13275395.34
5,150,3,54.4,15389311.8
5,150,3,54.5,13190838.68
5,150,3,54.6,13740456.96
5,150,3,54.7,14416910.23
5,150,3,54.8,13571343.64
5,150,3,54.9,13994126.94
5,150,3,55,13021725.37
5,150,3,55.1,12345272.1
5,150,3,55.2,14036405.26
5,150,3,55.3,13951848.61
5,150,3,55.4,13529065.32
5,150,3,55.5,13825013.62
5,150,3,55.6,13571343.64
5,150,3,55.7,15177920.15
5,150,3,55.8,13825013.62
5,150,3,55.9,12472107.09
5,150,3,56,13486786.99
5,150,3,56.1,12218437.11
5,150,3,56.2,14374631.9
5,150,3,56.3,12556663.75
5,150,3,56.4,13909570.28
5,150,3,56.5,12429828.76
5,150,3,56.6,12091602.13
5,150,3,56.7,13909570.28
5,150,3,56.8,12260715.44
5,150,3,56.9,12810333.72
5,150,3,57,11330592.2
5,150,3,57.1,12894890.38
5,150,3,57.2,12683498.73
5,150,3,57.3,14205518.58
5,150,3,57.4,12725777.06
5,150,3,57.5,13359952
5,150,3,57.6,12514385.42
5,150,3,57.7,13825013.62
5,150,3,57.8,12641220.4
5,150,3,57.9,13613621.97
5,150,3,58,12472107.09
5,150,3,58.1,110092769
5,150,3,58.2,11541983.85
5,150,3,58.3,12641220.4
5,150,3,58.4,13951848.61
5,150,3,58.5,13529065.32
5,150,3,58.6,12176158.78
5,150,3,58.7,11584262.18
5,150,3,58.8,12049323.8
5,150,3,58.9,12260715.44
5,150,3,59,12302993.77
5,150,3,59.1,12472107.09
5,150,3,59.2,13064003.7
5,150,3,59.3,12345272.1
5,150,3,59.4,11541983.85
5,150,3,59.5,180147960.3
5,150,3,59.6,11372870.53
5,150,3,59.7,11626540.51
5,150,3,59.8,11837932.15
5,150,3,59.9,11711097.16
5,150,3,60,12049323.8
5,150,3,60.1,13190838.68
5,150,3,60.2,11880210.48
5,150,3,60.3,11922488.81
5,150,3,60.4,11964767.14
5,150,3,60.5,11626540.51
5,150,3,60.6,12345272.1
5,150,3,60.7,13613621.97
5,150,3,60.8,12810333.72
5,150,3,60.9,11922488.81
5,150,3,61,10654138.94
5,150,3,61.1,11541983.85
5,150,3,61.2,11288313.87
5,150,3,61.3,11499705.52
5,150,3,61.4,10315912.3
5,150,3,61.5,11584262.18
5,150,3,61.6,11457427.19
5,150,3,61.7,12133880.45
5,150,3,61.8,10485025.62
5,150,3,61.9,11246035.54
5,150,3,62,12556663.75
5,150,3,62.1,9850850.683
5,150,3,62.2,11161478.89
5,150,3,62.3,10611860.61
5,150,3,62.4,10273633.97
5,150,3,62.5,10738695.59
5,150,3,62.6,10823252.25
5,150,3,62.7,11457427.19
5,150,3,62.8,10569582.28
5,150,3,62.9,10992365.57
5,150,3,63,10780973.92
5,150,3,63.1,11753375.49
5,150,3,63.2,10104520.66
5,150,3,63.3,11330592.2
5,150,3,63.4,11246035.54
5,150,3,63.5,10950087.24
5,150,3,63.6,10062242.33
5,150,3,63.7,9597180.708
5,150,3,63.8,11119200.56
5,150,3,63.9,11499705.52
5,150,3,64,11246035.54
5,150,3,64.1,10442747.29
5,150,3,64.2,12514385.42
5,150,3,64.3,10273633.97
5,150,3,64.4,10104520.66
5,150,3,64.5,10062242.33
5,150,3,64.6,11076922.23
5,150,3,64.7,10400468.96
5,150,3,64.8,12345272.1
5,150,3,64.9,11372870.53
5,150,3,65,10992365.57
5,150,3,65.1,10823252.25
5,150,3,65.2,11922488.81
5,150,3,65.3,11964767.14
5,150,3,65.4,9977685.67
5,150,3,65.5,9512624.05
5,150,3,65.6,9808572.354
5,150,3,65.7,10907808.91
5,150,3,65.8,8878449.113
5,150,3,65.9,10104520.66
5,150,3,66,11119200.56
5,150,3,66.1,9597180.708
5,150,3,66.2,11288313.87
5,150,3,66.3,9174397.417
5,150,3,66.4,11076922.23
5,150,3,66.5,10654138.94
5,150,3,66.6,9893129.012
5,150,3,66.7,10569582.28
5,150,3,66.8,9005284.101
5,150,3,66.9,10780973.92
5,150,3,67,10823252.25
5,150,3,67.1,27480913.92
5,150,3,67.2,9850850.683
5,150,3,67.3,10273633.97
5,150,3,67.4,44434523.9
5,150,3,67.5,10738695.59
5,150,3,67.6,10019964
5,150,3,67.7,10527303.95
5,150,3,67.8,9258954.075
5,150,3,67.9,12176158.78
5,150,3,68,11288313.87
5,150,3,68.1,10442747.29
5,150,3,68.2,10231355.64
5,150,3,68.3,10358190.63
5,150,3,68.4,10104520.66
5,150,3,68.5,8836170.784
5,150,3,68.6,9681737.366
5,150,3,68.7,9554902.379
5,150,3,68.8,10062242.33
5,150,3,68.9,8751614.126
5,150,3,69,10146798.99
5,150,3,69.1,9512624.05
5,150,3,69.2,13994126.94
5,150,3,69.3,18517908.15
5,150,3,69.4,9681737.366
5,150,3,69.5,9301232.404
5,150,3,69.6,10738695.59
5,150,3,69.7,8582500.809
5,150,3,69.8,9512624.05
5,150,3,69.9,9216675.746
5,150,3,70,9047562.43
5,150,3,70.1,8709335.797
5,150,3,70.2,9681737.366
5,150,3,70.3,8201995.847
5,150,3,70.4,8159717.518
5,150,3,70.5,9343510.733
5,150,3,70.6,8793892.455
5,150,3,70.7,9343510.733
5,150,3,70.8,8963005.771
5,150,3,70.9,10400468.96
5,150,3,71,9343510.733
5,150,3,71.1,9681737.366
5,150,3,71.2,9216675.746
5,150,3,71.3,7863769.215
5,150,3,71.4,9512624.05
5,150,3,71.5,9554902.379
5,150,3,71.6,8878449.113
5,150,3,71.7,8582500.809
5,150,3,71.8,8836170.784
5,150,3,71.9,9132119.088
5,150,3,72,8371109.164
5,150,3,72.1,9047562.43
5,150,3,72.2,8793892.455
5,150,3,72.3,8667057.468
5,150,3,72.4,9554902.379
5,150,3,72.5,8455665.822
5,150,3,72.6,9343510.733
5,150,3,72.7,8413387.493
5,150,3,72.8,7863769.215
5,150,3,72.9,8244274.177
5,150,3,73,9132119.088
5,150,3,73.1,8328830.835
5,150,3,73.2,9301232.404
5,150,3,73.3,9005284.101
5,150,3,73.4,8075160.86
5,150,3,73.5,7567820.911
5,150,3,73.6,8667057.468
5,150,3,73.7,7694655.898
5,150,3,73.8,9935407.341
5,150,3,73.9,9216675.746
5,150,3,74,8878449.113
5,150,3,74.1,8455665.822
5,150,3,74.2,9977685.67
5,150,3,74.3,8201995.847
5,150,3,74.4,9258954.075
5,150,3,74.5,8032882.531
5,150,3,74.6,6637697.67
5,150,3,74.7,9258954.075
5,150,3,74.8,8455665.822
5,150,3,74.9,8667057.468
5,150,3,75,9385789.063
5,150,3,75.1,8286552.506
5,150,3,75.2,8751614.126
5,150,3,75.3,7906047.544
5,150,3,75.4,7652377.569
5,150,3,75.5,7694655.898
5,150,3,75.6,8244274.177
5,150,3,75.7,7736934.227
5,150,3,75.8,8075160.86
5,150,3,75.9,7610099.24
5,150,3,76,8075160.86
5,150,3,76.1,7948325.873
5,150,3,76.2,8920727.442
5,150,3,76.3,8497944.151
5,150,3,76.4,8328830.835
5,150,3,76.5,7821490.885
5,150,3,76.6,7610099.24
5,150,3,76.7,9681737.366
5,150,3,76.8,7906047.544
5,150,3,76.9,8540222.48
5,150,3,77,8117439.189
5,150,3,77.1,7102759.291
5,150,3,77.2,8624779.139
5,150,3,77.3,7821490.885
5,150,3,77.4,7398707.594
5,150,3,77.5,8709335.797
5,150,3,77.6,8667057.468
5,150,3,77.7,8371109.164
5,150,3,77.8,7145037.62
5,150,3,77.9,8328830.835
5,150,3,78,9132119.088
5,150,3,78.1,6891367.645
5,150,3,78.2,7652377.569
5,150,3,78.3,7314150.936
5,150,3,78.4,7525542.582
5,150,3,78.5,7187315.949
5,150,3,78.6,8582500.809
5,150,3,78.7,7736934.227
5,150,3,78.8,8624779.139
5,150,3,78.9,7863769.215
5,150,3,79,7398707.594
5,150,3,79.1,8075160.86
5,150,3,79.2,7779212.556
5,150,3,79.3,6891367.645
5,150,3,79.4,8709335.797
5,150,3,79.5,6764532.658
5,150,3,79.6,7483264.253
5,150,3,79.7,7314150.936
5,150,3,79.8,6975924.303
5,150,3,79.9,7694655.898
5,150,3,80,8455665.822
5,150,3,80.1,9385789.063
5,150,3,80.2,9385789.063
5,150,3,80.3,6933645.974
5,150,3,80.4,7187315.949
5,150,3,80.5,7990604.202
5,150,3,80.6,6595419.341
5,150,3,80.7,7356429.265
5,150,3,80.8,7652377.569
5,150,3,80.9,7314150.936
5,150,3,81,6595419.341
5,150,3,81.1,7145037.62
5,150,3,81.2,8413387.493
5,150,3,81.3,7229594.278
5,150,3,81.4,7736934.227
5,150,3,81.5,7145037.62
5,150,3,81.6,8159717.518
5,150,3,81.7,6722254.329
5,150,3,81.8,6637697.67
5,150,3,81.9,7060480.961
5,150,3,82,6849089.316
5,150,3,82.1,7863769.215
5,150,3,82.2,7398707.594
5,150,3,82.3,8032882.531
5,150,3,82.4,6806810.987
5,150,3,82.5,6679975.999
5,150,3,82.6,7863769.215
5,150,3,82.7,7314150.936
5,150,3,82.8,8582500.809
5,150,3,82.9,6975924.303
5,150,3,83,7483264.253
5,150,3,83.1,7271872.607
5,150,3,83.2,7736934.227
5,150,3,83.3,7779212.556
5,150,3,83.4,6722254.329
5,150,3,83.5,6722254.329
5,150,3,83.6,7356429.265
5,150,3,83.7,7229594.278
5,150,3,83.8,7356429.265
5,150,3,83.9,7102759.291
5,150,3,84,6553141.012
5,150,3,84.1,7483264.253
5,150,3,84.2,6849089.316
5,150,3,84.3,6679975.999
5,150,3,84.4,5876687.746
5,150,3,84.5,6849089.316
5,150,3,84.6,7314150.936
5,150,3,84.7,7694655.898
5,150,3,84.8,6679975.999
5,150,3,84.9,6045801.063
5,150,3,85,6764532.658
5,150,3,85.1,7102759.291
5,150,3,85.2,6891367.645
5,150,3,85.3,7018202.632
5,150,3,85.4,7821490.885
5,150,3,85.5,8159717.518
5,150,3,85.6,7356429.265
5,150,3,85.7,7271872.607
5,150,3,85.8,6722254.329
5,150,3,85.9,6764532.658
5,150,3,86,6299471.037
5,150,3,86.1,7398707.594
5,150,3,86.2,7018202.632
5,150,3,86.3,7187315.949
5,150,3,86.4,7779212.556
5,150,3,86.5,6679975.999
5,150,3,86.6,7018202.632
5,150,3,86.7,7567820.911
5,150,3,86.8,6722254.329
5,150,3,86.9,7440985.923
5,150,3,87,6637697.67
5,150,3,87.1,8159717.518
5,150,3,87.2,7018202.632
5,150,3,87.3,6553141.012
5,150,3,87.4,7271872.607
5,150,3,87.5,6975924.303
5,150,3,87.6,5496182.784
5,150,3,87.7,5961244.405
5,150,3,87.8,6553141.012
5,150,3,87.9,6553141.012
5,150,3,88,6426306.025
5,150,3,88.1,7018202.632
5,150,3,88.2,6003522.734
5,150,3,88.3,7060480.961
5,150,3,88.4,7060480.961
5,150,3,88.5,7525542.582
5,150,3,88.6,6806810.987
5,150,3,88.7,6933645.974
5,150,3,88.8,6891367.645
5,150,3,88.9,7102759.291
5,150,3,89,7187315.949
5,150,3,89.1,5918966.075
5,150,3,89.2,5918966.075
5,150,3,89.3,6595419.341
5,150,3,89.4,6130357.721
5,150,3,89.5,6806810.987
5,150,3,89.6,6849089.316
5,150,3,89.7,5242512.81
5,150,3,89.8,5961244.405
5,150,3,89.9,6214914.379
5,150,3,90,6553141.012
5,150,3,90.1,6468584.354
5,150,3,90.2,6510862.683
5,150,3,90.3,5834409.417
5,150,3,90.4,6088079.392
5,150,3,90.5,6426306.025
5,150,3,90.6,6172636.05
5,150,3,90.7,7145037.62
5,150,3,90.8,6722254.329
5,150,3,90.9,6426306.025
5,150,3,91,5580739.443
5,150,3,91.1,6595419.341
5,150,3,91.2,6553141.012
5,150,3,91.3,6849089.316
5,150,3,91.4,6088079.392
5,150,3,91.5,6679975.999
5,150,3,91.6,5580739.443
5,150,3,91.7,6384027.696
5,150,3,91.8,6384027.696
5,150,3,91.9,6679975.999
5,150,3,92,5707574.43
5,150,3,92.1,6595419.341
5,150,3,92.2,5876687.746
5,150,3,92.3,5961244.405
5,150,3,92.4,6468584.354
5,150,3,92.5,6130357.721
5,150,3,92.6,5496182.784
5,150,3,92.7,5749852.759
5,150,3,92.8,6214914.379
5,150,3,92.9,6806810.987
5,150,3,93,5792131.088
5,150,3,93.1,6172636.05
5,150,3,93.2,5580739.443
5,150,3,93.3,6172636.05
5,150,3,93.4,6553141.012
5,150,3,93.5,6130357.721
5,150,3,93.6,6722254.329
5,150,3,93.7,6341749.367
5,150,3,93.8,6384027.696
5,150,3,93.9,6130357.721
5,150,3,94,5918966.075
5,150,3,94.1,5665296.101
5,150,3,94.2,6299471.037
5,150,3,94.3,6510862.683
5,150,3,94.4,5792131.088
5,150,3,94.5,5749852.759
5,150,3,94.6,6214914.379
5,150,3,94.7,5242512.81
5,150,3,94.8,6172636.05
5,150,3,94.9,6384027.696
5,150,3,95,5961244.405
5,150,3,95.1,5453904.455
5,150,3,95.2,6045801.063
5,150,3,95.3,6468584.354
5,150,3,95.4,5961244.405
5,150,3,95.5,6088079.392
5,150,3,95.6,4692894.531
5,150,3,95.7,5369347.797
5,150,3,95.8,5792131.088
5,150,3,95.9,6172636.05
5,150,3,96,5961244.405
5,150,3,96.1,5876687.746
5,150,3,96.2,6172636.05
5,150,3,96.3,4904286.177
5,150,3,96.4,5834409.417
5,150,3,96.5,4988842.835
5,150,3,96.6,5200234.481
5,150,3,96.7,5200234.481
5,150,3,96.8,5876687.746
5,150,3,96.9,5792131.088
5,150,3,97,5200234.481
5,150,3,97.1,6468584.354
5,150,3,97.2,5031121.164
5,150,3,97.3,5242512.81
5,150,3,97.4,4862007.848
5,150,3,97.5,5031121.164
5,150,3,97.6,5623017.772
5,150,3,97.7,5369347.797
5,150,3,97.8,5031121.164
5,150,3,97.9,4946564.506
5,150,3,98,5242512.81
5,150,3,98.1,5538461.113
5,150,3,98.2,5792131.088
5,150,3,98.3,5411626.126
5,150,3,98.4,6214914.379
5,150,3,98.5,5496182.784
5,150,3,98.6,4439224.557
5,150,3,98.7,5580739.443
5,150,3,98.8,4904286.177
5,150,3,98.9,5623017.772
5,150,3,99,4946564.506
5,150,3,99.1,4650616.202
5,150,3,99.2,5749852.759
5,150,3,99.3,5411626.126
5,150,3,99.4,5200234.481
5,150,3,99.5,4904286.177
5,150,3,99.6,5369347.797
5,150,3,99.7,4650616.202
5,150,3,99.8,6468584.354
5,150,3,99.9,5538461.113
5,150,3,100,5580739.443
5,150,3,100.1,5242512.81
5,150,3,100.2,5749852.759
5,150,3,100.3,4312389.569
5,150,3,100.4,5623017.772
5,150,3,100.5,4904286.177
5,150,3,100.6,5876687.746
5,150,3,100.7,4819729.519
5,150,3,100.8,4439224.557
5,150,3,100.9,4523781.215
5,150,3,101,5327069.468
5,150,3,101.1,6214914.379
5,150,3,101.2,5496182.784
5,150,3,101.3,4946564.506
5,150,3,101.4,5834409.417
5,150,3,101.5,4904286.177
5,150,3,101.6,4819729.519
5,150,3,101.7,5623017.772
5,150,3,101.8,4946564.506
5,150,3,101.9,5749852.759
5,150,3,102,4862007.848
5,150,3,102.1,5580739.443
5,150,3,102.2,5073399.493
5,150,3,102.3,5327069.468
5,150,3,102.4,4862007.848
5,150,3,102.5,4185554.582
5,150,3,102.6,4481502.886
5,150,3,102.7,4735172.86
5,150,3,102.8,5327069.468
5,150,3,102.9,4439224.557
5,150,3,103,4692894.531
5,150,3,103.1,5157956.151
5,150,3,103.2,4566059.544
5,150,3,103.3,6214914.379
5,150,3,103.4,4650616.202
5,150,3,103.5,4439224.557
5,150,3,103.6,4777451.189
5,150,3,103.7,5031121.164
5,150,3,103.8,5200234.481
5,150,3,103.9,4481502.886
5,150,3,104,5749852.759
5,150,3,104.1,5453904.455
5,150,3,104.2,4862007.848
5,150,3,104.3,5200234.481
5,150,3,104.4,5115677.822
5,150,3,104.5,4692894.531
5,150,3,104.6,5623017.772
5,150,3,104.7,4227832.911
5,150,3,104.8,5200234.481
5,150,3,104.9,5327069.468
5,150,3,105,5073399.493
5,150,3,105.1,5327069.468
5,150,3,105.2,5369347.797
5,150,3,105.3,4904286.177
5,150,3,105.4,5031121.164
5,150,3,105.5,4270111.24
5,150,3,105.6,4481502.886
5,150,3,105.7,4439224.557
5,150,3,105.8,4396946.227
5,150,3,105.9,5284791.139
5,150,3,106,5327069.468
5,150,3,106.1,4227832.911
5,150,3,106.2,5200234.481
5,150,3,106.3,4439224.557
5,150,3,106.4,4904286.177
5,150,3,106.5,5284791.139
5,150,3,106.6,3805049.62
5,150,3,106.7,4988842.835
5,150,3,106.8,4185554.582
5,150,3,106.9,4608337.873
5,150,3,107,5157956.151
5,150,3,107.1,3382266.329
5,150,3,107.2,4100997.924
5,150,3,107.3,4354667.898
5,150,3,107.4,4946564.506
5,150,3,107.5,4312389.569
5,150,3,107.6,4566059.544
5,150,3,107.7,5157956.151
5,150,3,107.8,4946564.506
5,150,3,107.9,4439224.557
5,150,3,108,5073399.493
5,150,3,108.1,4777451.189
5,150,3,108.2,3635936.304
5,150,3,108.3,4439224.557
5,150,3,108.4,4735172.86
5,150,3,108.5,3889606.278
5,150,3,108.6,5157956.151
5,150,3,108.7,3889606.278
5,150,3,108.8,5411626.126
5,150,3,108.9,4692894.531
5,150,3,109,5157956.151
5,150,3,109.1,3551379.645
5,150,3,109.2,4396946.227
5,150,3,109.3,4270111.24
5,150,3,109.4,4185554.582
5,150,3,109.5,4270111.24
5,150,3,109.6,5580739.443
5,150,3,109.7,4439224.557
5,150,3,109.8,4566059.544
5,150,3,109.9,3889606.278
5,150,3,110,4650616.202
5,150,3,110.1,4735172.86
5,150,3,110.2,4396946.227
5,150,3,110.3,4270111.24
5,150,3,110.4,4481502.886
5,150,3,110.5,4692894.531
5,150,3,110.6,4016441.265
5,150,3,110.7,4777451.189
5,150,3,110.8,3382266.329
5,150,3,110.9,4692894.531
5,150,3,111,4608337.873
5,150,3,111.1,4058719.595
5,150,3,111.2,4608337.873
5,150,3,111.3,4270111.24
5,150,3,111.4,4312389.569
5,150,3,111.5,4270111.24
5,150,3,111.6,4143276.253
5,150,3,111.7,4566059.544
5,150,3,111.8,4312389.569
5,150,3,111.9,4819729.519
5,150,3,112,4481502.886
5,150,3,112.1,4058719.595
5,150,3,112.2,4439224.557
5,150,3,112.3,3889606.278
5,150,3,112.4,4227832.911
5,150,3,112.5,4988842.835
5,150,3,112.6,4185554.582
5,150,3,112.7,3974162.936
5,150,3,112.8,3889606.278
5,150,3,112.9,5284791.139
5,150,3,113,4143276.253
5,150,3,113.1,4481502.886
5,150,3,113.2,3466822.987
5,150,3,113.3,3805049.62
5,150,3,113.4,3847327.949
5,150,3,113.5,4650616.202
5,150,3,113.6,4270111.24
5,150,3,113.7,3889606.278
5,150,3,113.8,3339988
5,150,3,113.9,4143276.253
5,150,3,114,3678214.633
5,150,3,114.1,3931884.607
5,150,3,114.2,3974162.936
5,150,3,114.3,4100997.924
5,150,3,114.4,4608337.873
5,150,3,114.5,3974162.936
5,150,3,114.6,3678214.633
5,150,3,114.7,4312389.569
5,150,3,114.8,3678214.633
5,150,3,114.9,4354667.898
5,150,3,115,3593657.974
5,150,3,115.1,4270111.24
5,150,3,115.2,4227832.911
5,150,3,115.3,4016441.265
5,150,3,115.4,4016441.265
5,150,3,115.5,3889606.278
5,150,3,115.6,4481502.886
5,150,3,115.7,3974162.936
5,150,3,115.8,3466822.987
5,150,3,115.9,4270111.24
5,150,3,116,4396946.227
5,150,3,116.1,4354667.898
5,150,3,116.2,3339988
5,150,3,116.3,3805049.62
5,150,3,116.4,4354667.898
5,150,3,116.5,4058719.595
5,150,3,116.6,4439224.557
5,150,3,116.7,4143276.253
5,150,3,116.8,4227832.911
5,150,3,116.9,4100997.924
5,150,3,117,3551379.645
5,150,3,117.1,3889606.278
5,150,3,117.2,3297709.671
5,150,3,117.3,3847327.949
5,150,3,117.4,3805049.62
5,150,3,117.5,3593657.974
5,150,3,117.6,3720492.962
5,150,3,117.7,3974162.936
5,150,3,117.8,3974162.936
5,150,3,117.9,3805049.62
5,150,3,118,4100997.924
5,150,3,118.1,4523781.215
5,150,3,118.2,4523781.215
5,150,3,118.3,4650616.202
5,150,3,118.4,3297709.671
5,150,3,118.5,3001761.367
5,150,3,118.6,4270111.24
5,150,3,118.7,4100997.924
5,150,3,118.8,3593657.974
5,150,3,118.9,3678214.633
5,150,3,119,3847327.949
5,150,3,119.1,4016441.265
5,150,3,119.2,3762771.291
5,150,3,119.3,3635936.304
5,150,3,119.4,3297709.671
5,150,3,119.5,3974162.936
5,150,3,119.6,3593657.974
5,150,3,119.7,4143276.253
5,150,3,119.8,4016441.265
5,150,3,119.9,3297709.671
5,150,3,120,3847327.949
5,150,3,120.1,4016441.265
5,150,3,120.2,3466822.987
5,150,3,120.3,3847327.949
5,150,3,120.4,3128596.354
5,150,3,120.5,3847327.949
5,150,3,120.6,4016441.265
5,150,3,120.7,4227832.911
5,150,3,120.8,3297709.671
5,150,3,120.9,3551379.645
5,150,3,121,3889606.278
5,150,3,121.1,3297709.671
5,150,3,121.2,3424544.658
5,150,3,121.3,3466822.987
5,150,3,121.4,4058719.595
5,150,3,121.5,3762771.291
5,150,3,121.6,3382266.329
5,150,3,121.7,3086318.025
5,150,3,121.8,3678214.633
5,150,3,121.9,3424544.658
5,150,3,122,3213153.012
5,150,3,122.1,3255431.342
5,150,3,122.2,3213153.012
5,150,3,122.3,3931884.607
5,150,3,122.4,2959483.038
5,150,3,122.5,3678214.633
5,150,3,122.6,3128596.354
5,150,3,122.7,3424544.658
5,150,3,122.8,3635936.304
5,150,3,122.9,3213153.012
5,150,3,123,3509101.316
5,150,3,123.1,4354667.898
5,150,3,123.2,3424544.658
5,150,3,123.3,3720492.962
5,150,3,123.4,3086318.025
5,150,3,123.5,4100997.924
5,150,3,123.6,3720492.962
5,150,3,123.7,3720492.962
5,150,3,123.8,3635936.304
5,150,3,123.9,3297709.671
5,150,3,124,3720492.962
5,150,3,124.1,3086318.025
5,150,3,124.2,2748091.392
5,150,3,124.3,3297709.671
5,150,3,124.4,3297709.671
5,150,3,124.5,3931884.607
5,150,3,124.6,3509101.316
5,150,3,124.7,4016441.265
5,150,3,124.8,4058719.595
5,150,3,124.9,3931884.607
5,150,3,125,3044039.696
5,150,3,125.1,3466822.987
5,150,3,125.2,3213153.012
5,150,3,125.3,2874926.38
5,150,3,125.4,3466822.987
5,150,3,125.5,3382266.329
5,150,3,125.6,4016441.265
5,150,3,125.7,3382266.329
5,150,3,125.8,2874926.38
5,150,3,125.9,3720492.962
5,150,3,126,3255431.342
5,150,3,126.1,2790369.721
5,150,3,126.2,3170874.683
5,150,3,126.3,2917204.709
5,150,3,126.4,3170874.683
5,150,3,126.5,3001761.367
5,150,3,126.6,3255431.342
5,150,3,126.7,3001761.367
5,150,3,126.8,2959483.038
5,150,3,126.9,3255431.342
5,150,3,127,3339988
5,150,3,127.1,3044039.696
5,150,3,127.2,3593657.974
5,150,3,127.3,3382266.329
5,150,3,127.4,3720492.962
5,150,3,127.5,2663534.734
5,150,3,127.6,2832648.05
5,150,3,127.7,3086318.025
5,150,3,127.8,3974162.936
5,150,3,127.9,3466822.987
5,150,3,128,3466822.987
5,150,3,128.1,3593657.974
5,150,3,128.2,3551379.645
5,150,3,128.3,3044039.696
5,150,3,128.4,3001761.367
5,150,3,128.5,3593657.974
5,150,3,128.6,3128596.354
5,150,3,128.7,3720492.962
5,150,3,128.8,3213153.012
5,150,3,128.9,3762771.291
5,150,3,129,3593657.974
5,150,3,129.1,3213153.012
5,150,3,129.2,3170874.683
5,150,3,129.3,2790369.721
5,150,3,129.4,2705813.063
5,150,3,129.5,3424544.658
5,150,3,129.6,3974162.936
5,150,3,129.7,3931884.607
5,150,3,129.8,3339988
5,150,3,129.9,3086318.025
5,150,3,130,2748091.392
5,150,3,130.1,2832648.05
5,150,3,130.2,2790369.721
5,150,3,130.3,3509101.316
5,150,3,130.4,3170874.683
5,150,3,130.5,2748091.392
5,150,3,130.6,3086318.025
5,150,3,130.7,2705813.063
5,150,3,130.8,3297709.671
5,150,3,130.9,3678214.633
5,150,3,131,2874926.38
5,150,3,131.1,2621256.405
5,150,3,131.2,2959483.038
5,150,3,131.3,2663534.734
5,150,3,131.4,2705813.063
5,150,3,131.5,3001761.367
5,150,3,131.6,3297709.671
5,150,3,131.7,3635936.304
5,150,3,131.8,2705813.063
5,150,3,131.9,2621256.405
5,150,3,132,3170874.683
5,150,3,132.1,3255431.342
5,150,3,132.2,2452143.088
5,150,3,132.3,3551379.645
5,150,3,132.4,2663534.734
5,150,3,132.5,3001761.367
5,150,3,132.6,3847327.949
5,150,3,132.7,2790369.721
5,150,3,132.8,2705813.063
5,150,3,132.9,3339988
5,150,3,133,2790369.721
5,150,3,133.1,3339988
5,150,3,133.2,2832648.05
5,150,3,133.3,2452143.088
5,150,3,133.4,2325308.101
5,150,3,133.5,2874926.38
5,150,3,133.6,3001761.367
5,150,3,133.7,3170874.683
5,150,3,133.8,2621256.405
5,150,3,133.9,2494421.418
5,150,3,134,3170874.683
5,150,3,134.1,2536699.747
5,150,3,134.2,2917204.709
5,150,3,134.3,2325308.101
5,150,3,134.4,3128596.354
5,150,3,134.5,2494421.418
5,150,3,134.6,2959483.038
5,150,3,134.7,3128596.354
5,150,3,134.8,2705813.063
5,150,3,134.9,2663534.734
5,150,3,135,2790369.721
5,150,3,135.1,2705813.063
5,150,3,135.2,3213153.012
5,150,3,135.3,2874926.38
5,150,3,135.4,3086318.025
5,150,3,135.5,2705813.063
5,150,3,135.6,2156194.785
5,150,3,135.7,2621256.405
5,150,3,135.8,2240751.443
5,150,3,135.9,1944803.139
5,150,3,136,2071638.126
5,150,3,136.1,2409864.759
5,150,3,136.2,2367586.43
5,150,3,136.3,3297709.671
5,150,3,136.4,3044039.696
5,150,3,136.5,2113916.456
5,150,3,136.6,2198473.114
5,150,3,136.7,2578978.076
5,150,3,136.8,2240751.443
5,150,3,136.9,2663534.734
5,150,3,137,2283029.772
5,150,3,137.1,2113916.456
5,150,3,137.2,3128596.354
5,150,3,137.3,2536699.747
5,150,3,137.4,2240751.443
5,150,3,137.5,2536699.747
5,150,3,137.6,3001761.367
5,150,3,137.7,2113916.456
5,150,3,137.8,2621256.405
5,150,3,137.9,2621256.405
5,150,3,138,2071638.126
5,150,3,138.1,3086318.025
5,150,3,138.2,2367586.43
5,150,3,138.3,2029359.797
5,150,3,138.4,2536699.747
5,150,3,138.5,3001761.367
5,150,3,138.6,2071638.126
5,150,3,138.7,2663534.734
5,150,3,138.8,2283029.772
5,150,3,138.9,2156194.785
5,150,3,139,2325308.101
5,150,3,139.1,2113916.456
5,150,3,139.2,2029359.797
5,150,3,139.3,2621256.405
5,150,3,139.4,1944803.139
5,150,3,139.5,2283029.772
5,150,3,139.6,2156194.785
5,150,3,139.7,1648854.835
5,150,3,139.8,2578978.076
5,150,3,139.9,2240751.443
5,150,3,140,2156194.785
5,150,3,140.1,2452143.088
5,150,3,140.2,1691133.164
5,150,3,140.3,2071638.126
5,150,3,140.4,2240751.443
5,150,3,140.5,1775689.823
5,150,3,140.6,2832648.05
5,150,3,140.7,2367586.43
5,150,3,140.8,2705813.063
5,150,3,140.9,2198473.114
5,150,3,141,1479741.519
5,150,3,141.1,1944803.139
5,150,3,141.2,1352906.532
5,150,3,141.3,1902524.81
5,150,3,141.4,2029359.797
5,150,3,141.5,1944803.139
5,150,3,141.6,1733411.494
5,150,3,141.7,2156194.785
5,150,3,141.8,2113916.456
5,150,3,141.9,2029359.797
5,150,3,142,1775689.823
5,150,3,142.1,1395184.861
5,150,3,142.2,2367586.43
5,150,3,142.3,1860246.481
5,150,3,142.4,1944803.139
5,150,3,142.5,2409864.759
5,150,3,142.6,2156194.785
5,150,3,142.7,1648854.835
5,150,3,142.8,1564298.177
5,150,3,142.9,2029359.797
5,150,3,143,1648854.835
5,150,3,143.1,2156194.785
5,150,3,143.2,1987081.468
5,150,3,143.3,1395184.861
5,150,3,143.4,1395184.861
5,150,3,143.5,1648854.835
5,150,3,143.6,1564298.177
5,150,3,143.7,1817968.152
5,150,3,143.8,1648854.835
5,150,3,143.9,1395184.861
5,150,3,144,1522019.848
5,150,3,144.1,1522019.848
5,150,3,144.2,1564298.177
5,150,3,144.3,1648854.835
5,150,3,144.4,1648854.835
5,150,3,144.5,1944803.139
5,150,3,144.6,1775689.823
5,150,3,144.7,1479741.519
5,150,3,144.8,1944803.139
5,150,3,144.9,1606576.506
5,150,3,145,1817968.152
5,150,3,145.1,1902524.81
5,150,3,145.2,1268349.873
5,150,3,145.3,1606576.506
5,150,3,145.4,1099236.557
5,150,3,145.5,1352906.532
5,150,3,145.6,1817968.152
5,150,3,145.7,1268349.873
5,150,3,145.8,1691133.164
5,150,3,145.9,1437463.19
5,150,3,146,1352906.532
5,150,3,146.1,1860246.481
5,150,3,146.2,1268349.873
5,150,3,146.3,1268349.873
5,150,3,146.4,1606576.506
5,150,3,146.5,1479741.519
5,150,3,146.6,1437463.19
5,150,3,146.7,1310628.202
5,150,3,146.8,1056958.228
5,150,3,146.9,1056958.228
5,150,3,147,1014679.899
5,150,3,147.1,930123.2404
5,150,3,147.2,676453.2658
5,150,3,147.3,1564298.177
5,150,3,147.4,930123.2404
5,150,3,147.5,1564298.177
5,150,3,147.6,887844.9113
5,150,3,147.7,1648854.835
5,150,3,147.8,845566.5822
5,150,3,147.9,803288.2531
5,150,3,148,1183793.215
5,150,3,148.1,1183793.215
5,150,3,148.2,718731.5949
5,150,3,148.3,1056958.228
5,150,3,148.4,1141514.886
5,150,3,148.5,761009.924
5,150,3,148.6,845566.5822
5,150,3,148.7,761009.924
5,150,3,148.8,507339.9493
5,150,3,148.9,930123.2404
5,150,3,149,845566.5822
5,150,3,149.1,338226.6329
5,150,3,149.2,676453.2658
5,150,3,149.3,465061.6202
5,150,3,149.4,338226.6329
5,150,3,149.5,380504.962
5,150,3,149.6,380504.962
5,150,3,149.7,422783.2911
5,150,3,149.8,295948.3038
5,150,3,149.9,169113.3164
5,150,3,150,42278.32911
5,40,5,4.1,22054.37654
5,40,5,4.3,22054.37654
5,40,5,4.4,22054.37654
5,40,5,4.5,22054.37654
5,40,5,4.6,88217.50615
5,40,5,4.7,22054.37654
5,40,5,4.8,22054.37654
5,40,5,4.9,44108.75307
5,40,5,5,176435.0123
5,40,5,5.1,330815.6481
5,40,5,5.2,286706.895
5,40,5,5.3,507250.6604
5,40,5,5.4,396978.7777
5,40,5,5.5,485196.2838
5,40,5,5.6,948338.1911
5,40,5,5.7,1345316.969
5,40,5,5.8,1190936.333
5,40,5,5.9,1389425.722
5,40,5,6,1521751.981
5,40,5,6.1,1874622.006
5,40,5,6.2,2227492.03
5,40,5,6.3,2337763.913
5,40,5,6.4,3109667.092
5,40,5,6.5,2889123.326
5,40,5,6.6,3550754.622
5,40,5,6.7,4102114.036
5,40,5,6.8,3903624.647
5,40,5,6.9,5006343.474
5,40,5,7,5557702.887
5,40,5,7.1,5226887.239
5,40,5,7.2,5579757.264
5,40,5,7.3,5998790.418
5,40,5,7.4,15482172.33
5,40,5,7.5,7366161.763
5,40,5,7.6,7344107.387
5,40,5,7.7,8579152.473
5,40,5,7.8,8248336.825
5,40,5,7.9,9196675.016
5,40,5,8,9395164.405
5,40,5,8.1,9659816.923
5,40,5,8.2,10321448.22
5,40,5,8.3,36191231.9
5,40,5,8.4,241032281.2
5,40,5,8.5,11380058.29
5,40,5,8.6,11975526.46
5,40,5,8.7,12372505.24
5,40,5,8.8,16673108.66
5,40,5,8.9,12901810.27
5,40,5,9,13739876.58
5,40,5,9.1,15746824.85
5,40,5,9.2,14180964.11
5,40,5,9.3,14644106.02
5,40,5,9.4,15107247.93
5,40,5,9.5,24943499.86
5,40,5,9.6,21238364.61
5,40,5,9.7,180934105.1
5,40,5,9.8,28428091.36
5,40,5,9.9,23884889.79
5,40,5,10,90643487.57
5,40,5,10.1,19054981.33
5,40,5,10.2,15305737.32
5,40,5,10.3,5491539.758
5,40,5,10.4,5138669.733
5,40,5,10.5,5910572.912
5,40,5,10.6,5579757.264
5,40,5,10.7,5998790.418
5,40,5,10.8,6241388.56
5,40,5,10.9,6616312.961
5,40,5,11,7255889.881
5,40,5,11.1,8027793.059
5,40,5,11.2,6836856.726
5,40,5,11.3,25186098.01
5,40,5,11.4,7013291.739
5,40,5,11.5,7322053.01
5,40,5,11.6,5667974.77
5,40,5,11.7,5822355.406
5,40,5,11.8,4962234.721
5,40,5,11.9,4499092.814
5,40,5,12,5712083.523
5,40,5,12.1,4234440.295
5,40,5,12.2,3594863.376
5,40,5,12.3,3661026.505
5,40,5,12.4,4587310.32
5,40,5,12.5,4829908.462
5,40,5,12.6,4300603.425
5,40,5,12.7,4874017.215
5,40,5,12.8,4543201.567
5,40,5,12.9,5116615.357
5,40,5,13,5623866.017
5,40,5,13.1,5712083.523
5,40,5,13.2,5293050.369
5,40,5,13.3,6131116.677
5,40,5,13.4,5116615.357
5,40,5,13.5,6197279.807
5,40,5,13.6,5866464.159
5,40,5,13.7,6064953.548
5,40,5,13.8,5998790.418
5,40,5,13.9,6638367.338
5,40,5,14,7388216.14
5,40,5,14.1,6836856.726
5,40,5,14.2,6417823.572
5,40,5,14.3,6461932.325
5,40,5,14.4,7388216.14
5,40,5,14.5,6285497.313
5,40,5,14.6,7410270.516
5,40,5,14.7,6373714.819
5,40,5,14.8,7763140.541
5,40,5,14.9,7520542.399
5,40,5,15,7895466.8
5,40,5,15.1,7696977.411
5,40,5,15.2,7674923.035
5,40,5,15.3,7674923.035
5,40,5,15.4,7652868.658
5,40,5,15.5,7741086.165
5,40,5,15.6,8138064.942
5,40,5,15.7,7763140.541
5,40,5,15.8,8733533.109
5,40,5,15.9,8755587.485
5,40,5,16,8689424.356
5,40,5,16.1,8358608.708
5,40,5,16.2,9152566.263
5,40,5,16.3,8976131.251
5,40,5,16.4,8446826.214
5,40,5,16.5,9042294.38
5,40,5,16.6,8270391.201
5,40,5,16.7,8380663.084
5,40,5,16.8,8755587.485
5,40,5,16.9,8777641.862
5,40,5,17,8887913.744
5,40,5,17.1,9042294.38
5,40,5,17.2,8182173.695
5,40,5,17.3,9064348.757
5,40,5,17.4,9284892.522
5,40,5,17.5,9417218.781
5,40,5,17.6,9240783.769
5,40,5,17.7,9373110.028
5,40,5,17.8,9086403.133
5,40,5,17.9,9858306.312
5,40,5,18,9703925.676
5,40,5,18.1,9549545.041
5,40,5,18.2,8799696.238
5,40,5,18.3,9836251.936
5,40,5,18.4,8976131.251
5,40,5,18.5,8799696.238
5,40,5,18.6,8865859.368
5,40,5,18.7,9262838.146
5,40,5,18.8,10277339.47
5,40,5,18.9,9373110.028
5,40,5,19,9681871.3
5,40,5,19.1,10167067.58
5,40,5,19.2,9240783.769
5,40,5,19.3,10145013.21
5,40,5,19.4,9990632.571
5,40,5,19.5,10211176.34
5,40,5,19.6,8336554.331
5,40,5,19.7,9373110.028
5,40,5,19.8,9571599.417
5,40,5,19.9,9770088.806
5,40,5,20,8843804.991
5,40,5,20.1,10100904.45
5,40,5,20.2,9858306.312
5,40,5,20.3,9152566.263
5,40,5,20.4,9373110.028
5,40,5,20.5,10145013.21
5,40,5,20.6,9284892.522
5,40,5,20.7,10145013.21
5,40,5,20.8,10762535.75
5,40,5,20.9,9748034.429
5,40,5,21,10122958.83
5,40,5,21.1,9108457.51
5,40,5,21.2,8733533.109
5,40,5,21.3,9681871.3
5,40,5,21.4,9439273.158
5,40,5,21.5,8954076.874
5,40,5,21.6,9329001.275
5,40,5,21.7,9086403.133
5,40,5,21.8,8601206.849
5,40,5,21.9,9284892.522
5,40,5,22,8490934.967
5,40,5,22.1,8909968.121
5,40,5,22.2,9461327.534
5,40,5,22.3,9152566.263
5,40,5,22.4,9108457.51
5,40,5,22.5,9130511.886
5,40,5,22.6,8601206.849
5,40,5,22.7,9637762.547
5,40,5,22.8,8336554.331
5,40,5,22.9,8116010.566
5,40,5,23,8667369.979
5,40,5,23.1,9086403.133
5,40,5,23.2,9681871.3
5,40,5,23.3,8755587.485
5,40,5,23.4,9329001.275
5,40,5,23.5,8601206.849
5,40,5,23.6,8446826.214
5,40,5,23.7,8292445.578
5,40,5,23.8,9593653.794
5,40,5,23.9,8887913.744
5,40,5,24,8292445.578
5,40,5,24.1,9284892.522
5,40,5,24.2,9306946.899
5,40,5,24.3,9086403.133
5,40,5,24.4,8292445.578
5,40,5,24.5,8887913.744
5,40,5,24.6,9417218.781
5,40,5,24.7,7917521.177
5,40,5,24.8,8314499.954
5,40,5,24.9,7432324.893
5,40,5,25,8116010.566
5,40,5,25.1,8380663.084
5,40,5,25.2,7630814.282
5,40,5,25.3,7498488.023
5,40,5,25.4,8027793.059
5,40,5,25.5,8777641.862
5,40,5,25.6,8557098.096
5,40,5,25.7,7608759.905
5,40,5,25.8,7476433.646
5,40,5,25.9,7763140.541
5,40,5,26,7719031.788
5,40,5,26.1,7763140.541
5,40,5,26.2,8093956.189
5,40,5,26.3,7255889.881
5,40,5,26.4,8336554.331
5,40,5,26.5,7829303.671
5,40,5,26.6,8248336.825
5,40,5,26.7,7741086.165
5,40,5,26.8,8226282.448
5,40,5,26.9,7851358.047
5,40,5,27,6506041.078
5,40,5,27.1,7013291.739
5,40,5,27.2,7101509.245
5,40,5,27.3,6969182.986
5,40,5,27.4,7630814.282
5,40,5,27.5,7542596.776
5,40,5,27.6,7630814.282
5,40,5,27.7,6836856.726
5,40,5,27.8,7719031.788
5,40,5,27.9,7388216.14
5,40,5,28,7498488.023
5,40,5,28.1,6682476.091
5,40,5,28.2,6197279.807
5,40,5,28.3,7939575.553
5,40,5,28.4,6660421.714
5,40,5,28.5,6550149.832
5,40,5,28.6,6704530.467
5,40,5,28.7,6748639.22
5,40,5,28.8,6638367.338
5,40,5,28.9,6439877.949
5,40,5,29,6153171.054
5,40,5,29.1,6660421.714
5,40,5,29.2,5866464.159
5,40,5,29.3,5734137.9
5,40,5,29.4,5888518.535
5,40,5,29.5,6307551.69
5,40,5,29.6,6373714.819
5,40,5,29.7,6704530.467
5,40,5,29.8,5932627.288
5,40,5,29.9,6064953.548
5,40,5,30,6153171.054
5,40,5,30.1,5579757.264
5,40,5,30.2,7013291.739
5,40,5,30.3,5425376.628
5,40,5,30.4,6307551.69
5,40,5,30.5,6153171.054
5,40,5,30.6,5910572.912
5,40,5,30.7,5579757.264
5,40,5,30.8,6417823.572
5,40,5,30.9,5337159.122
5,40,5,31,5645920.393
5,40,5,31.1,5359213.499
5,40,5,31.2,5954681.665
5,40,5,31.3,6020844.795
5,40,5,31.4,6197279.807
5,40,5,31.5,5204832.863
5,40,5,31.6,5381267.875
5,40,5,31.7,5513594.134
5,40,5,31.8,5778246.653
5,40,5,31.9,5270995.992
5,40,5,32,5844409.782
5,40,5,32.1,5050452.227
5,40,5,32.2,5579757.264
5,40,5,32.3,4543201.567
5,40,5,32.4,4962234.721
5,40,5,32.5,5204832.863
5,40,5,32.6,5094560.98
5,40,5,32.7,4631419.073
5,40,5,32.8,4631419.073
5,40,5,32.9,4851962.838
5,40,5,33,4741690.955
5,40,5,33.1,5138669.733
5,40,5,33.2,4829908.462
5,40,5,33.3,4587310.32
5,40,5,33.4,4918125.968
5,40,5,33.5,4146222.789
5,40,5,33.6,5006343.474
5,40,5,33.7,4962234.721
5,40,5,33.8,4918125.968
5,40,5,33.9,4278549.048
5,40,5,34,4366766.554
5,40,5,34.1,4454984.06
5,40,5,34.2,4124168.412
5,40,5,34.3,3969787.777
5,40,5,34.4,4697582.202
5,40,5,34.5,4013896.53
5,40,5,34.6,3837461.517
5,40,5,34.7,4521147.19
5,40,5,34.8,3991842.153
5,40,5,34.9,4454984.06
5,40,5,35,4168277.166
5,40,5,35.1,4124168.412
5,40,5,35.2,4653473.449
5,40,5,35.3,3065558.339
5,40,5,35.4,3991842.153
5,40,5,35.5,3374319.61
5,40,5,35.6,4168277.166
5,40,5,35.7,3661026.505
5,40,5,35.8,3396373.987
5,40,5,35.9,3043503.962
5,40,5,36,3396373.987
5,40,5,36.1,3219938.974
5,40,5,36.2,3506645.869
5,40,5,36.3,2933232.079
5,40,5,36.4,3241993.351
5,40,5,36.5,2911177.703
5,40,5,36.6,3572808.999
5,40,5,36.7,3638972.129
5,40,5,36.8,3197884.598
5,40,5,36.9,2315709.536
5,40,5,37,2955286.456
5,40,5,37.1,2668579.561
5,40,5,37.2,2315709.536
5,40,5,37.3,2470090.172
5,40,5,37.4,2668579.561
5,40,5,37.5,2756797.067
5,40,5,37.6,2249546.407
5,40,5,37.7,2381872.666
5,40,5,37.8,2624470.808
5,40,5,37.9,2602416.431
5,40,5,38,2359818.289
5,40,5,38.1,2425981.419
5,40,5,38.2,2205437.654
5,40,5,38.3,2359818.289
5,40,5,38.4,1742295.746
5,40,5,38.5,2006948.265
5,40,5,38.6,1984893.888
5,40,5,38.7,1896676.382
5,40,5,38.8,1764350.123
5,40,5,38.9,2073111.394
5,40,5,39,1565860.734
5,40,5,39.1,1632023.864
5,40,5,39.2,1698186.993
5,40,5,39.3,1301208.216
5,40,5,39.4,1212990.71
5,40,5,39.5,1212990.71
5,40,5,39.6,1235045.086
5,40,5,39.7,1212990.71
5,40,5,39.8,793957.5553
5,40,5,39.9,507250.6604
5,40,5,40,154380.6358
5,80,5,1.6,38077.47417
5,80,5,3.3,38077.47417
5,80,5,3.5,38077.47417
5,80,5,3.6,38077.47417
5,80,5,3.9,76154.94833
5,80,5,4,76154.94833
5,80,5,4.1,114232.4225
5,80,5,4.2,190387.3708
5,80,5,4.3,342697.2675
5,80,5,4.4,571162.1125
5,80,5,4.5,533084.6383
5,80,5,4.6,761549.4833
5,80,5,4.7,837704.4317
5,80,5,4.8,1256556.648
5,80,5,4.9,1446944.018
5,80,5,5,1751563.812
5,80,5,5.1,2855810.563
5,80,5,5.2,2589268.243
5,80,5,5.3,2741578.14
5,80,5,5.4,3541205.098
5,80,5,5.5,3807747.417
5,80,5,5.6,4493141.952
5,80,5,5.7,5368923.858
5,80,5,5.8,7425107.463
5,80,5,5.9,7044332.721
5,80,5,6,8338966.843
5,80,5,6.1,9176671.274
5,80,5,6.2,10128608.13
5,80,5,6.3,11499397.2
5,80,5,6.4,11651707.1
5,80,5,6.5,13022496.17
5,80,5,6.6,15040602.3
5,80,5,6.7,14164820.39
5,80,5,6.8,15421377.04
5,80,5,6.9,17249095.8
5,80,5,7,18619884.87
5,80,5,7.1,21361463.01
5,80,5,7.2,20790300.9
5,80,5,7.3,22389554.81
5,80,5,7.4,65340945.67
5,80,5,7.5,25397675.27
5,80,5,7.6,27035006.66
5,80,5,7.7,29433887.53
5,80,5,7.8,27796556.14
5,80,5,7.9,29510042.48
5,80,5,8,30461979.33
5,80,5,8.1,31985078.3
5,80,5,8.2,32975092.63
5,80,5,8.3,151396037.3
5,80,5,8.4,1106341012
5,80,5,8.5,36059368.04
5,80,5,8.6,36516297.73
5,80,5,8.7,36554375.2
5,80,5,8.8,54565020.48
5,80,5,8.9,37239769.74
5,80,5,9,38496326.38
5,80,5,9.1,41390214.42
5,80,5,9.2,42570616.12
5,80,5,9.3,41275982
5,80,5,9.4,43522552.97
5,80,5,9.5,91766712.74
5,80,5,9.6,66064417.68
5,80,5,9.7,773924662.4
5,80,5,9.8,103989582
5,80,5,9.9,78020744.57
5,80,5,10,349893910.1
5,80,5,10.1,49538793.89
5,80,5,10.2,46302208.59
5,80,5,10.3,20257216.26
5,80,5,10.4,18810272.24
5,80,5,10.5,20181061.31
5,80,5,10.6,20333371.21
5,80,5,10.7,18810272.24
5,80,5,10.8,22008780.07
5,80,5,10.9,22960716.92
5,80,5,11,25207287.9
5,80,5,11.1,23113026.82
5,80,5,11.2,23760343.88
5,80,5,11.3,112480858.7
5,80,5,11.4,24636125.79
5,80,5,11.5,24407660.94
5,80,5,11.6,22275322.39
5,80,5,11.7,23531879.04
5,80,5,11.8,16754088.63
5,80,5,11.9,18696039.82
5,80,5,12,22046857.54
5,80,5,12.1,16677933.69
5,80,5,12.2,15954461.68
5,80,5,12.3,16144849.05
5,80,5,12.4,14888292.4
5,80,5,12.5,16944476
5,80,5,12.6,19381434.35
5,80,5,12.7,18619884.87
5,80,5,12.8,17515638.12
5,80,5,12.9,19381434.35
5,80,5,13,18696039.82
5,80,5,13.1,18886427.19
5,80,5,13.2,18619884.87
5,80,5,13.3,20599913.52
5,80,5,13.4,19724131.62
5,80,5,13.5,21475695.43
5,80,5,13.6,20866455.84
5,80,5,13.7,19800286.57
5,80,5,13.8,21589927.85
5,80,5,13.9,21056843.21
5,80,5,14,22579942.18
5,80,5,14.1,22694174.6
5,80,5,14.2,22046857.54
5,80,5,14.3,21171075.64
5,80,5,14.4,20904533.32
5,80,5,14.5,21209153.11
5,80,5,14.6,19724131.62
5,80,5,14.7,23455724.09
5,80,5,14.8,22960716.92
5,80,5,14.9,24521893.36
5,80,5,15,21437617.96
5,80,5,15.1,24483815.89
5,80,5,15.2,24559970.84
5,80,5,15.3,23493801.56
5,80,5,15.4,23912653.78
5,80,5,15.5,25321520.32
5,80,5,15.6,23341491.66
5,80,5,15.7,25892682.43
5,80,5,15.8,25588062.64
5,80,5,15.9,26006914.86
5,80,5,16,23988808.73
5,80,5,16.1,25968837.38
5,80,5,16.2,25740372.54
5,80,5,16.3,24826513.16
5,80,5,16.4,25702295.06
5,80,5,16.5,26387689.6
5,80,5,16.6,26235379.7
5,80,5,16.7,25397675.27
5,80,5,16.8,25207287.9
5,80,5,16.9,24902668.11
5,80,5,17,26768464.34
5,80,5,17.1,24369583.47
5,80,5,17.2,27948866.04
5,80,5,17.3,27910788.56
5,80,5,17.4,27491936.35
5,80,5,17.5,25740372.54
5,80,5,17.6,26654231.92
5,80,5,17.7,28405795.73
5,80,5,17.8,26197302.23
5,80,5,17.9,27377703.93
5,80,5,18,26616154.44
5,80,5,18.1,27720401.19
5,80,5,18.2,27377703.93
5,80,5,18.3,27149239.08
5,80,5,18.4,28710415.52
5,80,5,18.5,25892682.43
5,80,5,18.6,26235379.7
5,80,5,18.7,26311534.65
5,80,5,18.8,30157359.54
5,80,5,18.9,28063098.46
5,80,5,19,28520028.15
5,80,5,19.1,27682323.72
5,80,5,19.2,28101175.94
5,80,5,19.3,28101175.94
5,80,5,19.4,28139253.41
5,80,5,19.5,26006914.86
5,80,5,19.6,26311534.65
5,80,5,19.7,25435752.74
5,80,5,19.8,27491936.35
5,80,5,19.9,28824647.94
5,80,5,20,27530013.82
5,80,5,20.1,29129267.74
5,80,5,20.2,28596183.1
5,80,5,20.3,28291563.31
5,80,5,20.4,27644246.25
5,80,5,20.5,27073084.13
5,80,5,20.6,28824647.94
5,80,5,20.7,26616154.44
5,80,5,20.8,26730386.87
5,80,5,20.9,27491936.35
5,80,5,21,27149239.08
5,80,5,21.1,26578076.97
5,80,5,21.2,28405795.73
5,80,5,21.3,27453858.87
5,80,5,21.4,28672338.05
5,80,5,21.5,26463844.55
5,80,5,21.6,27377703.93
5,80,5,21.7,25740372.54
5,80,5,21.8,25397675.27
5,80,5,21.9,27910788.56
5,80,5,22,27872711.09
5,80,5,22.1,24750358.21
5,80,5,22.2,28215408.36
5,80,5,22.3,26235379.7
5,80,5,22.4,24598048.31
5,80,5,22.5,26616154.44
5,80,5,22.6,25283442.85
5,80,5,22.7,26387689.6
5,80,5,22.8,25511907.69
5,80,5,22.9,27644246.25
5,80,5,23,25245365.37
5,80,5,23.1,25359597.8
5,80,5,23.2,26920774.24
5,80,5,23.3,26387689.6
5,80,5,23.4,26235379.7
5,80,5,23.5,26539999.49
5,80,5,23.6,26806541.81
5,80,5,23.7,25626140.11
5,80,5,23.8,26235379.7
5,80,5,23.9,25054978
5,80,5,24,25397675.27
5,80,5,24.1,26654231.92
5,80,5,24.2,26311534.65
5,80,5,24.3,26044992.33
5,80,5,24.4,25778450.01
5,80,5,24.5,24674203.26
5,80,5,24.6,25930759.91
5,80,5,24.7,27149239.08
5,80,5,24.8,23608033.98
5,80,5,24.9,25549985.17
5,80,5,25,24141118.62
5,80,5,25.1,24521893.36
5,80,5,25.2,25968837.38
5,80,5,25.3,24788435.68
5,80,5,25.4,24940745.58
5,80,5,25.5,22541864.71
5,80,5,25.6,25169210.42
5,80,5,25.7,27149239.08
5,80,5,25.8,26349612.12
5,80,5,25.9,24636125.79
5,80,5,26,24179196.1
5,80,5,26.1,21970702.59
5,80,5,26.2,25016900.53
5,80,5,26.3,23455724.09
5,80,5,26.4,23151104.29
5,80,5,26.5,23684188.93
5,80,5,26.6,24483815.89
5,80,5,26.7,22960716.92
5,80,5,26.8,24674203.26
5,80,5,26.9,23151104.29
5,80,5,27,23074949.35
5,80,5,27.1,23646111.46
5,80,5,27.2,24750358.21
5,80,5,27.3,23798421.35
5,80,5,27.4,23303414.19
5,80,5,27.5,22998794.4
5,80,5,27.6,21780315.22
5,80,5,27.7,21399540.48
5,80,5,27.8,23151104.29
5,80,5,27.9,23417646.61
5,80,5,28,21742237.75
5,80,5,28.1,23646111.46
5,80,5,28.2,22541864.71
5,80,5,28.3,22084935.02
5,80,5,28.4,20904533.32
5,80,5,28.5,22084935.02
5,80,5,28.6,21704160.28
5,80,5,28.7,22884561.97
5,80,5,28.8,24103041.15
5,80,5,28.9,21856470.17
5,80,5,29,22694174.6
5,80,5,29.1,21551850.38
5,80,5,29.2,21437617.96
5,80,5,29.3,20637991
5,80,5,29.4,22199167.44
5,80,5,29.5,21628005.33
5,80,5,29.6,23455724.09
5,80,5,29.7,19952596.46
5,80,5,29.8,21171075.64
5,80,5,29.9,20790300.9
5,80,5,30,21932625.12
5,80,5,30.1,20942610.79
5,80,5,30.2,21513772.9
5,80,5,30.3,20637991
5,80,5,30.4,22960716.92
5,80,5,30.5,19800286.57
5,80,5,30.6,21818392.7
5,80,5,30.7,23074949.35
5,80,5,30.8,19609899.2
5,80,5,30.9,21285308.06
5,80,5,31,21856470.17
5,80,5,31.1,19267201.93
5,80,5,31.2,21247230.59
5,80,5,31.3,20447603.63
5,80,5,31.4,19381434.35
5,80,5,31.5,20752223.42
5,80,5,31.6,19076814.56
5,80,5,31.7,19990673.94
5,80,5,31.8,19647976.67
5,80,5,31.9,19419511.83
5,80,5,32,20828378.37
5,80,5,32.1,20485681.1
5,80,5,32.2,17515638.12
5,80,5,32.3,20257216.26
5,80,5,32.4,19419511.83
5,80,5,32.5,17744102.96
5,80,5,32.6,18886427.19
5,80,5,32.7,21513772.9
5,80,5,32.8,18619884.87
5,80,5,32.9,18277187.6
5,80,5,33,17896412.86
5,80,5,33.1,18657962.34
5,80,5,33.2,19533744.25
5,80,5,33.3,19686054.14
5,80,5,33.4,19229124.45
5,80,5,33.5,19686054.14
5,80,5,33.6,18010645.28
5,80,5,33.7,18391420.02
5,80,5,33.8,17363328.22
5,80,5,33.9,18429497.5
5,80,5,34,18048722.76
5,80,5,34.1,18239110.13
5,80,5,34.2,18277187.6
5,80,5,34.3,17058708.43
5,80,5,34.4,16982553.48
5,80,5,34.5,17058708.43
5,80,5,34.6,16563701.26
5,80,5,34.7,16868321.06
5,80,5,34.8,17515638.12
5,80,5,34.9,15916384.2
5,80,5,35,17934490.33
5,80,5,35.1,17401405.69
5,80,5,35.2,17401405.69
5,80,5,35.3,17782180.44
5,80,5,35.4,17515638.12
5,80,5,35.5,15840229.25
5,80,5,35.6,18353342.55
5,80,5,35.7,18124877.7
5,80,5,35.8,16601778.74
5,80,5,35.9,17515638.12
5,80,5,36,15725996.83
5,80,5,36.1,15611764.41
5,80,5,36.2,15421377.04
5,80,5,36.3,17172940.85
5,80,5,36.4,16411391.37
5,80,5,36.5,16868321.06
5,80,5,36.6,16944476
5,80,5,36.7,16182926.52
5,80,5,36.8,16297158.94
5,80,5,36.9,16030616.62
5,80,5,37,16639856.21
5,80,5,37.1,17477560.64
5,80,5,37.2,17020630.95
5,80,5,37.3,15497531.99
5,80,5,37.4,16716011.16
5,80,5,37.5,15078679.77
5,80,5,37.6,17172940.85
5,80,5,37.7,16106771.57
5,80,5,37.8,15992539.15
5,80,5,37.9,14774059.98
5,80,5,38,13707890.7
5,80,5,38.1,13441348.38
5,80,5,38.2,14659827.55
5,80,5,38.3,15307144.62
5,80,5,38.4,15383299.56
5,80,5,38.5,16335236.42
5,80,5,38.6,15345222.09
5,80,5,38.7,15497531.99
5,80,5,38.8,15269067.14
5,80,5,38.9,12984418.69
5,80,5,39,14012510.49
5,80,5,39.1,15307144.62
5,80,5,39.2,15307144.62
5,80,5,39.3,13479425.86
5,80,5,39.4,14888292.4
5,80,5,39.5,16182926.52
5,80,5,39.6,15878306.73
5,80,5,39.7,16030616.62
5,80,5,39.8,14393285.24
5,80,5,39.9,14964447.35
5,80,5,40,13822123.12
5,80,5,40.1,14355207.76
5,80,5,40.2,14812137.45
5,80,5,40.3,14545595.13
5,80,5,40.4,13555580.8
5,80,5,40.5,14050587.97
5,80,5,40.6,13784045.65
5,80,5,40.7,14317130.29
5,80,5,40.8,14735982.5
5,80,5,40.9,12832108.79
5,80,5,41,13745968.17
5,80,5,41.1,13974433.02
5,80,5,41.2,13745968.17
5,80,5,41.3,12984418.69
5,80,5,41.4,14164820.39
5,80,5,41.5,12870186.27
5,80,5,41.6,12946341.22
5,80,5,41.7,13860200.6
5,80,5,41.8,13898278.07
5,80,5,41.9,14583672.61
5,80,5,42,13707890.7
5,80,5,42.1,13707890.7
5,80,5,42.2,13631735.75
5,80,5,42.3,14050587.97
5,80,5,42.4,12870186.27
5,80,5,42.5,13098651.11
5,80,5,42.6,13441348.38
5,80,5,42.7,14240975.34
5,80,5,42.8,13022496.17
5,80,5,42.9,13517503.33
5,80,5,43,11956326.89
5,80,5,43.1,13250961.01
5,80,5,43.2,12527489
5,80,5,43.3,11537474.67
5,80,5,43.4,12337101.63
5,80,5,43.5,11689784.57
5,80,5,43.6,11765939.52
5,80,5,43.7,12108636.79
5,80,5,43.8,14164820.39
5,80,5,43.9,12527489
5,80,5,44,13212883.54
5,80,5,44.1,11309009.83
5,80,5,44.2,12832108.79
5,80,5,44.3,11994404.36
5,80,5,44.4,13289038.48
5,80,5,44.5,12260946.68
5,80,5,44.6,10890157.61
5,80,5,44.7,11956326.89
5,80,5,44.8,12375179.1
5,80,5,44.9,11880171.94
5,80,5,45,10737847.72
5,80,5,45.1,11994404.36
5,80,5,45.2,12565566.48
5,80,5,45.3,12108636.79
5,80,5,45.4,11956326.89
5,80,5,45.5,11842094.47
5,80,5,45.6,11956326.89
5,80,5,45.7,12032481.84
5,80,5,45.8,11765939.52
5,80,5,45.9,11080544.98
5,80,5,46,9823988.335
5,80,5,46.1,11232854.88
5,80,5,46.2,11004390.03
5,80,5,46.3,11118622.46
5,80,5,46.4,10128608.13
5,80,5,46.5,12946341.22
5,80,5,46.6,10890157.61
5,80,5,46.7,11232854.88
5,80,5,46.8,11080544.98
5,80,5,46.9,11880171.94
5,80,5,47,9519368.542
5,80,5,47.1,11423242.25
5,80,5,47.2,11689784.57
5,80,5,47.3,10090530.65
5,80,5,47.4,10966312.56
5,80,5,47.5,11423242.25
5,80,5,47.6,10661692.77
5,80,5,47.7,11309009.83
5,80,5,47.8,9290903.697
5,80,5,47.9,10623615.29
5,80,5,48,10357072.97
5,80,5,48.1,10661692.77
5,80,5,48.2,10509382.87
5,80,5,48.3,10661692.77
5,80,5,48.4,10242840.55
5,80,5,48.5,10014375.71
5,80,5,48.6,11080544.98
5,80,5,48.7,10242840.55
5,80,5,48.8,10395150.45
5,80,5,48.9,9785910.861
5,80,5,49,11194777.41
5,80,5,49.1,10471305.4
5,80,5,49.2,9138593.8
5,80,5,49.3,9633600.964
5,80,5,49.4,9138593.8
5,80,5,49.5,11423242.25
5,80,5,49.6,9747833.387
5,80,5,49.7,10242840.55
5,80,5,49.8,9900143.283
5,80,5,49.9,9747833.387
5,80,5,50,10509382.87
5,80,5,50.1,10509382.87
5,80,5,50.2,9862065.809
5,80,5,50.3,9785910.861
5,80,5,50.4,8986283.903
5,80,5,50.5,10395150.45
5,80,5,50.6,10737847.72
5,80,5,50.7,9633600.964
5,80,5,50.8,8605509.162
5,80,5,50.9,8377044.317
5,80,5,51,9633600.964
5,80,5,51.1,8567431.688
5,80,5,51.2,9938220.758
5,80,5,51.3,10242840.55
5,80,5,51.4,9862065.809
5,80,5,51.5,9138593.8
5,80,5,51.6,9100516.326
5,80,5,51.7,8567431.688
5,80,5,51.8,9443213.593
5,80,5,51.9,9024361.378
5,80,5,52,9062438.852
5,80,5,52.1,8681664.11
5,80,5,52.2,9214748.748
5,80,5,52.3,9328981.171
5,80,5,52.4,9862065.809
5,80,5,52.5,8719741.584
5,80,5,52.6,9367058.645
5,80,5,52.7,9062438.852
5,80,5,52.8,8948206.429
5,80,5,52.9,8795896.533
5,80,5,53,7996269.575
5,80,5,53.1,9367058.645
5,80,5,53.2,8072424.523
5,80,5,53.3,9252826.223
5,80,5,53.4,8567431.688
5,80,5,53.5,7044332.721
5,80,5,53.6,9024361.378
5,80,5,53.7,7958192.101
5,80,5,53.8,9290903.697
5,80,5,53.9,8262811.894
5,80,5,54,8224734.42
5,80,5,54.1,8833974.007
5,80,5,54.2,8491276.739
5,80,5,54.3,7387029.988
5,80,5,54.4,8453199.265
5,80,5,54.5,8377044.317
5,80,5,54.6,8148579.472
5,80,5,54.7,9214748.748
5,80,5,54.8,8415121.791
5,80,5,54.9,7501262.411
5,80,5,55,7767804.73
5,80,5,55.1,7729727.256
5,80,5,55.2,8643586.636
5,80,5,55.3,8224734.42
5,80,5,55.4,7463184.937
5,80,5,55.5,8910128.955
5,80,5,55.6,7272797.566
5,80,5,55.7,7425107.463
5,80,5,55.8,7920114.627
5,80,5,55.9,8872051.481
5,80,5,56,7653572.308
5,80,5,56.1,7767804.73
5,80,5,56.2,7348952.514
5,80,5,56.3,7310875.04
5,80,5,56.4,7958192.101
5,80,5,56.5,8453199.265
5,80,5,56.6,7196642.618
5,80,5,56.7,7996269.575
5,80,5,56.8,7006255.247
5,80,5,56.9,7539339.885
5,80,5,57,7615494.833
5,80,5,57.1,8072424.523
5,80,5,57.2,7996269.575
5,80,5,57.3,7310875.04
5,80,5,57.4,7615494.833
5,80,5,57.5,6930100.298
5,80,5,57.6,6397015.66
5,80,5,57.7,7425107.463
5,80,5,57.8,6777790.402
5,80,5,57.9,7196642.618
5,80,5,58,7539339.885
5,80,5,58.1,15307144.62
5,80,5,58.2,8491276.739
5,80,5,58.3,7234720.092
5,80,5,58.4,6130473.341
5,80,5,58.5,6892022.824
5,80,5,58.6,6358938.186
5,80,5,58.7,7120487.669
5,80,5,58.8,6511248.083
5,80,5,58.9,7120487.669
5,80,5,59,6054318.393
5,80,5,59.1,6625480.505
5,80,5,59.2,5978163.444
5,80,5,59.3,6968177.773
5,80,5,59.4,7577417.359
5,80,5,59.5,20028751.41
5,80,5,59.6,7006255.247
5,80,5,59.7,6397015.66
5,80,5,59.8,6358938.186
5,80,5,59.9,6397015.66
5,80,5,60,6092395.867
5,80,5,60.1,5940085.97
5,80,5,60.2,6739712.928
5,80,5,60.3,6206628.289
5,80,5,60.4,6320860.712
5,80,5,60.5,5711621.125
5,80,5,60.6,6397015.66
5,80,5,60.7,6397015.66
5,80,5,60.8,6016240.918
5,80,5,60.9,6016240.918
5,80,5,61,6358938.186
5,80,5,61.1,6358938.186
5,80,5,61.2,6244705.763
5,80,5,61.3,5368923.858
5,80,5,61.4,6092395.867
5,80,5,61.5,6016240.918
5,80,5,61.6,6777790.402
5,80,5,61.7,5445078.806
5,80,5,61.8,5445078.806
5,80,5,61.9,6244705.763
5,80,5,62,5749698.599
5,80,5,62.1,6397015.66
5,80,5,62.2,5787776.073
5,80,5,62.3,5749698.599
5,80,5,62.4,5330846.383
5,80,5,62.5,5483156.28
5,80,5,62.6,6206628.289
5,80,5,62.7,5902008.496
5,80,5,62.8,5597388.703
5,80,5,62.9,5445078.806
5,80,5,63,5825853.548
5,80,5,63.1,5216613.961
5,80,5,63.2,5825853.548
5,80,5,63.3,6168550.815
5,80,5,63.4,5749698.599
5,80,5,63.5,5635466.177
5,80,5,63.6,5216613.961
5,80,5,63.7,5216613.961
5,80,5,63.8,5597388.703
5,80,5,63.9,5254691.435
5,80,5,64,5559311.228
5,80,5,64.1,5330846.383
5,80,5,64.2,4911994.168
5,80,5,64.3,5026226.59
5,80,5,64.4,5216613.961
5,80,5,64.5,5064304.064
5,80,5,64.6,4683529.323
5,80,5,64.7,5026226.59
5,80,5,64.8,4721606.797
5,80,5,64.9,5026226.59
5,80,5,65,5749698.599
5,80,5,65.1,5407001.332
5,80,5,65.2,5521233.754
5,80,5,65.3,4988149.116
5,80,5,65.4,5254691.435
5,80,5,65.5,4645451.848
5,80,5,65.6,5178536.487
5,80,5,65.7,5064304.064
5,80,5,65.8,4911994.168
5,80,5,65.9,4378909.529
5,80,5,66,5407001.332
5,80,5,66.1,4607374.374
5,80,5,66.2,4683529.323
5,80,5,66.3,4645451.848
5,80,5,66.4,4264677.107
5,80,5,66.5,4302754.581
5,80,5,66.6,4226599.633
5,80,5,66.7,4950071.642
5,80,5,66.8,4264677.107
5,80,5,66.9,5140459.013
5,80,5,67,4645451.848
5,80,5,67.1,6244705.763
5,80,5,67.2,4416987.003
5,80,5,67.3,4074289.736
5,80,5,67.4,6473170.608
5,80,5,67.5,4378909.529
5,80,5,67.6,4911994.168
5,80,5,67.7,4721606.797
5,80,5,67.8,3845824.891
5,80,5,67.9,4569296.9
5,80,5,68,4835839.219
5,80,5,68.1,3731592.468
5,80,5,68.2,3579282.572
5,80,5,68.3,3731592.468
5,80,5,68.4,4873916.693
5,80,5,68.5,4112367.21
5,80,5,68.6,3845824.891
5,80,5,68.7,4531219.426
5,80,5,68.8,4645451.848
5,80,5,68.9,5026226.59
5,80,5,69,3769669.943
5,80,5,69.1,3465050.149
5,80,5,69.2,5102381.538
5,80,5,69.3,3921979.839
5,80,5,69.4,4531219.426
5,80,5,69.5,4036212.262
5,80,5,69.6,3236585.304
5,80,5,69.7,3312740.253
5,80,5,69.8,3579282.572
5,80,5,69.9,3883902.365
5,80,5,70,3617360.046
5,80,5,70.1,3617360.046
5,80,5,70.2,3807747.417
5,80,5,70.3,3807747.417
5,80,5,70.4,3465050.149
5,80,5,70.5,2855810.563
5,80,5,70.6,3084275.408
5,80,5,70.7,3274662.778
5,80,5,70.8,3388895.201
5,80,5,70.9,3236585.304
5,80,5,71,3198507.83
5,80,5,71.1,2779655.614
5,80,5,71.2,3274662.778
5,80,5,71.3,3198507.83
5,80,5,71.4,2855810.563
5,80,5,71.5,2855810.563
5,80,5,71.6,3236585.304
5,80,5,71.7,2665423.192
5,80,5,71.8,3503127.623
5,80,5,71.9,2627345.718
5,80,5,72,3503127.623
5,80,5,72.1,3388895.201
5,80,5,72.2,2475035.821
5,80,5,72.3,2475035.821
5,80,5,72.4,2627345.718
5,80,5,72.5,2703500.666
5,80,5,72.6,2779655.614
5,80,5,72.7,3312740.253
5,80,5,72.8,2398880.873
5,80,5,72.9,2855810.563
5,80,5,73,2779655.614
5,80,5,73.1,2551190.769
5,80,5,73.2,2551190.769
5,80,5,73.3,3084275.408
5,80,5,73.4,2893888.037
5,80,5,73.5,2741578.14
5,80,5,73.6,3312740.253
5,80,5,73.7,2398880.873
5,80,5,73.8,2703500.666
5,80,5,73.9,2284648.45
5,80,5,74,2398880.873
5,80,5,74.1,2703500.666
5,80,5,74.2,2246570.976
5,80,5,74.3,2398880.873
5,80,5,74.4,2665423.192
5,80,5,74.5,2589268.243
5,80,5,74.6,2284648.45
5,80,5,74.7,2170416.028
5,80,5,74.8,2893888.037
5,80,5,74.9,2360803.398
5,80,5,75,2208493.502
5,80,5,75.1,2665423.192
5,80,5,75.2,2436958.347
5,80,5,75.3,2284648.45
5,80,5,75.4,2970042.985
5,80,5,75.5,2322725.924
5,80,5,75.6,2284648.45
5,80,5,75.7,2094261.079
5,80,5,75.8,1980028.657
5,80,5,75.9,2132338.553
5,80,5,76,1827718.76
5,80,5,76.1,2208493.502
5,80,5,76.2,2322725.924
5,80,5,76.3,2627345.718
5,80,5,76.4,2018106.131
5,80,5,76.5,1827718.76
5,80,5,76.6,2018106.131
5,80,5,76.7,1865796.234
5,80,5,76.8,1599253.915
5,80,5,76.9,2132338.553
5,80,5,77,1637331.389
5,80,5,77.1,1523098.967
5,80,5,77.2,1561176.441
5,80,5,77.3,1294634.122
5,80,5,77.4,1675408.863
5,80,5,77.5,1561176.441
5,80,5,77.6,1827718.76
5,80,5,77.7,1561176.441
5,80,5,77.8,1599253.915
5,80,5,77.9,1104246.751
5,80,5,78,1446944.018
5,80,5,78.1,1256556.648
5,80,5,78.2,1370789.07
5,80,5,78.3,1180401.699
5,80,5,78.4,990014.3283
5,80,5,78.5,1408866.544
5,80,5,78.6,990014.3283
5,80,5,78.7,1294634.122
5,80,5,78.8,1485021.493
5,80,5,78.9,1523098.967
5,80,5,79,1142324.225
5,80,5,79.1,799626.9575
5,80,5,79.2,761549.4833
5,80,5,79.3,799626.9575
5,80,5,79.4,913859.38
5,80,5,79.5,647317.0608
5,80,5,79.6,799626.9575
5,80,5,79.7,533084.6383
5,80,5,79.8,456929.69
5,80,5,79.9,304619.7933
5,80,5,80,76154.94833
5,150,5,2.3,52741.14793
5,150,5,3.1,105482.2959
5,150,5,3.3,263705.7397
5,150,5,3.4,210964.5917
5,150,5,3.5,369188.0355
5,150,5,3.6,421929.1834
5,150,5,3.7,1476752.142
5,150,5,3.8,1318528.698
5,150,5,3.9,1318528.698
5,150,5,4,1740457.882
5,150,5,4.1,2953504.284
5,150,5,4.2,4535738.722
5,150,5,4.3,5168632.497
5,150,5,4.4,5274114.793
5,150,5,4.5,6698125.787
5,150,5,4.6,6012490.864
5,150,5,4.7,8174877.929
5,150,5,4.8,9809853.515
5,150,5,4.9,10284523.85
5,150,5,5,13712698.46
5,150,5,5.1,14345592.24
5,150,5,5.2,16191532.41
5,150,5,5.3,18142954.89
5,150,5,5.4,20621788.84
5,150,5,5.5,18881330.96
5,150,5,5.6,21307423.76
5,150,5,5.7,25421233.3
5,150,5,5.8,23680775.42
5,150,5,5.9,26106868.23
5,150,5,6,28796666.77
5,150,5,6.1,28532961.03
5,150,5,6.2,32857735.16
5,150,5,6.3,33332405.49
5,150,5,6.4,38712002.58
5,150,5,6.5,41823730.31
5,150,5,6.6,40874389.65
5,150,5,6.7,40557942.76
5,150,5,6.8,48152668.06
5,150,5,6.9,46570433.62
5,150,5,7,50156831.68
5,150,5,7.1,52582924.49
5,150,5,7.2,51686324.97
5,150,5,7.3,56222063.69
5,150,5,7.4,171883401.1
5,150,5,7.5,57857039.28
5,150,5,7.6,57276886.65
5,150,5,7.7,62709224.89
5,150,5,7.8,59492014.87
5,150,5,7.9,62392778
5,150,5,8,61759884.23
5,150,5,8.1,66031917.21
5,150,5,8.2,65926434.91
5,150,5,8.3,350886857.2
5,150,5,8.4,2581731932
5,150,5,8.5,74470500.88
5,150,5,8.6,76580146.8
5,150,5,8.7,75525323.84
5,150,5,8.8,113446209.2
5,150,5,8.9,76421923.35
5,150,5,9,76316441.06
5,150,5,9.1,74470500.88
5,150,5,9.2,79533651.08
5,150,5,9.3,81959743.88
5,150,5,9.4,76791111.39
5,150,5,9.5,185226911.5
5,150,5,9.6,132011093.3
5,150,5,9.7,1703117149
5,150,5,9.8,218559317
5,150,5,9.9,167664109.3
5,150,5,10,735053378.7
5,150,5,10.1,94406654.8
5,150,5,10.2,97307417.93
5,150,5,10.3,52266477.6
5,150,5,10.4,49734902.5
5,150,5,10.5,49207491.02
5,150,5,10.6,50262313.98
5,150,5,10.7,53585006.3
5,150,5,10.8,51580842.68
5,150,5,10.9,51106172.34
5,150,5,11,59597497.16
5,150,5,11.1,52952112.52
5,150,5,11.2,56802216.32
5,150,5,11.3,289970831.3
5,150,5,11.4,53795970.89
5,150,5,11.5,58911862.24
5,150,5,11.6,65873693.77
5,150,5,11.7,72677301.85
5,150,5,11.8,45990281
5,150,5,11.9,48099926.91
5,150,5,12,53057594.82
5,150,5,12.1,40716166.2
5,150,5,12.2,43300482.45
5,150,5,12.3,44513528.85
5,150,5,12.4,43089517.86
5,150,5,12.5,41401801.13
5,150,5,12.6,43827893.93
5,150,5,12.7,46675915.92
5,150,5,12.8,46201245.59
5,150,5,12.9,45040940.33
5,150,5,13,47730738.88
5,150,5,13.1,47519774.29
5,150,5,13.2,44671752.3
5,150,5,13.3,46517692.47
5,150,5,13.4,44724493.45
5,150,5,13.5,46043022.14
5,150,5,13.6,42931294.42
5,150,5,13.7,46834139.36
5,150,5,13.8,48943785.28
5,150,5,13.9,48205409.21
5,150,5,14,48469114.95
5,150,5,14.1,48838302.98
5,150,5,14.2,47414291.99
5,150,5,14.3,49576679.05
5,150,5,14.4,49576679.05
5,150,5,14.5,47150586.25
5,150,5,14.6,47783480.03
5,150,5,14.7,47888962.32
5,150,5,14.8,49787643.65
5,150,5,14.9,50736984.31
5,150,5,15,49102008.72
5,150,5,15.1,50104090.53
5,150,5,15.2,53321300.56
5,150,5,15.3,51686324.97
5,150,5,15.4,47888962.32
5,150,5,15.5,50684243.16
5,150,5,15.6,53690488.59
5,150,5,15.7,50895207.75
5,150,5,15.8,54165158.92
5,150,5,15.9,51580842.68
5,150,5,16,50156831.68
5,150,5,16.1,49312973.32
5,150,5,16.2,52002771.86
5,150,5,16.3,49893125.94
5,150,5,16.4,51317136.94
5,150,5,16.5,49945867.09
5,150,5,16.6,50578760.87
5,150,5,16.7,53215818.26
5,150,5,16.8,54006935.48
5,150,5,16.9,52160995.3
5,150,5,17,48521856.1
5,150,5,17.1,51528101.53
5,150,5,17.2,52371959.9
5,150,5,17.3,49312973.32
5,150,5,17.4,51897289.56
5,150,5,17.5,53954194.33
5,150,5,17.6,51158913.49
5,150,5,17.7,50156831.68
5,150,5,17.8,48891044.13
5,150,5,17.9,52266477.6
5,150,5,18,51211654.64
5,150,5,18.1,48205409.21
5,150,5,18.2,55167240.74
5,150,5,18.3,50736984.31
5,150,5,18.4,51528101.53
5,150,5,18.5,52371959.9
5,150,5,18.6,51580842.68
5,150,5,18.7,50736984.31
5,150,5,18.8,52108254.16
5,150,5,18.9,54956276.14
5,150,5,19,48099926.91
5,150,5,19.1,51475360.38
5,150,5,19.2,53690488.59
5,150,5,19.3,54323382.37
5,150,5,19.4,51739066.12
5,150,5,19.5,52055513.01
5,150,5,19.6,51000690.05
5,150,5,19.7,54112417.78
5,150,5,19.8,50367796.27
5,150,5,19.9,48732820.69
5,150,5,20,51475360.38
5,150,5,20.1,50736984.31
5,150,5,20.2,49840384.79
5,150,5,20.3,48627338.39
5,150,5,20.4,50526019.72
5,150,5,20.5,50262313.98
5,150,5,20.6,50947948.9
5,150,5,20.7,49629420.2
5,150,5,20.8,49893125.94
5,150,5,20.9,47677997.73
5,150,5,21,49418455.61
5,150,5,21.1,48627338.39
5,150,5,21.2,48891044.13
5,150,5,21.3,45779316.4
5,150,5,21.4,52530183.34
5,150,5,21.5,50104090.53
5,150,5,21.6,45884798.7
5,150,5,21.7,49840384.79
5,150,5,21.8,47941703.47
5,150,5,21.9,49682161.35
5,150,5,22,46412210.18
5,150,5,22.1,49207491.02
5,150,5,22.2,49154749.87
5,150,5,22.3,48047185.76
5,150,5,22.4,47414291.99
5,150,5,22.5,45251904.92
5,150,5,22.6,51633583.82
5,150,5,22.7,49471196.76
5,150,5,22.8,46992362.81
5,150,5,22.9,47941703.47
5,150,5,23,47783480.03
5,150,5,23.1,46464951.33
5,150,5,23.2,47625256.58
5,150,5,23.3,46992362.81
5,150,5,23.4,45093681.48
5,150,5,23.5,45832057.55
5,150,5,23.6,49893125.94
5,150,5,23.7,49840384.79
5,150,5,23.8,47836221.17
5,150,5,23.9,45410128.37
5,150,5,24,44988199.18
5,150,5,24.1,45146422.63
5,150,5,24.2,45515610.66
5,150,5,24.3,46359469.03
5,150,5,24.4,43353223.6
5,150,5,24.5,44091599.67
5,150,5,24.6,47467033.14
5,150,5,24.7,45357387.22
5,150,5,24.8,44988199.18
5,150,5,24.9,43353223.6
5,150,5,25,46517692.47
5,150,5,25.1,41981953.75
5,150,5,25.2,44935458.04
5,150,5,25.3,44619011.15
5,150,5,25.4,44988199.18
5,150,5,25.5,42351141.79
5,150,5,25.6,41823730.31
5,150,5,25.7,45884798.7
5,150,5,25.8,43142259.01
5,150,5,25.9,43669670.49
5,150,5,26,41665506.87
5,150,5,26.1,44249823.11
5,150,5,26.2,41929212.6
5,150,5,26.3,43511447.04
5,150,5,26.4,47361550.84
5,150,5,26.5,41507283.42
5,150,5,26.6,43986117.37
5,150,5,26.7,43827893.93
5,150,5,26.8,41718248.01
5,150,5,26.9,45251904.92
5,150,5,27,42087436.05
5,150,5,27.1,41085354.24
5,150,5,27.2,40979871.94
5,150,5,27.3,43458705.89
5,150,5,27.4,42403882.94
5,150,5,27.5,39977790.13
5,150,5,27.6,42931294.42
5,150,5,27.7,43089517.86
5,150,5,27.8,40241495.87
5,150,5,27.9,41401801.13
5,150,5,28,41507283.42
5,150,5,28.1,41138095.39
5,150,5,28.2,42140177.2
5,150,5,28.3,41507283.42
5,150,5,28.4,41454542.27
5,150,5,28.5,40136013.58
5,150,5,28.6,39344896.36
5,150,5,28.7,39397637.5
5,150,5,28.8,41929212.6
5,150,5,28.9,37340732.73
5,150,5,29,39661343.24
5,150,5,29.1,40505201.61
5,150,5,29.2,39344896.36
5,150,5,29.3,38553779.14
5,150,5,29.4,39925048.98
5,150,5,29.5,38975708.32
5,150,5,29.6,37077027
5,150,5,29.7,38712002.58
5,150,5,29.8,37815403.07
5,150,5,29.9,37868144.21
5,150,5,30,39450378.65
5,150,5,30.1,40716166.2
5,150,5,30.2,34967381.08
5,150,5,30.3,37235250.44
5,150,5,30.4,36022204.04
5,150,5,30.5,36707838.96
5,150,5,30.6,39555860.95
5,150,5,30.7,36496874.37
5,150,5,30.8,37920885.36
5,150,5,30.9,38448296.84
5,150,5,31,35336569.11
5,150,5,31.1,36918803.55
5,150,5,31.2,37920885.36
5,150,5,31.3,37024285.85
5,150,5,31.4,35178345.67
5,150,5,31.5,37024285.85
5,150,5,31.6,38922967.17
5,150,5,31.7,34598193.04
5,150,5,31.8,36655097.81
5,150,5,31.9,36707838.96
5,150,5,32,37709920.77
5,150,5,32.1,35125604.52
5,150,5,32.2,35758498.3
5,150,5,32.3,36971544.7
5,150,5,32.4,35653016
5,150,5,32.5,34598193.04
5,150,5,32.6,37920885.36
5,150,5,32.7,32804994.01
5,150,5,32.8,35178345.67
5,150,5,32.9,34756416.49
5,150,5,33,35072863.37
5,150,5,33.1,31486465.31
5,150,5,33.2,34914639.93
5,150,5,33.3,33385146.64
5,150,5,33.4,31591947.61
5,150,5,33.5,33174182.05
5,150,5,33.6,34598193.04
5,150,5,33.7,34809157.63
5,150,5,33.8,33490628.94
5,150,5,33.9,35653016
5,150,5,34,32752252.87
5,150,5,34.1,33807075.82
5,150,5,34.2,33385146.64
5,150,5,34.3,33015958.6
5,150,5,34.4,33332405.49
5,150,5,34.5,32330323.68
5,150,5,34.6,33490628.94
5,150,5,34.7,32224841.39
5,150,5,34.8,32172100.24
5,150,5,34.9,32172100.24
5,150,5,35,32224841.39
5,150,5,35.1,32541288.27
5,150,5,35.2,31117277.28
5,150,5,35.3,31908394.5
5,150,5,35.4,31064536.13
5,150,5,35.5,33068699.75
5,150,5,35.6,33279664.34
5,150,5,35.7,29376819.4
5,150,5,35.8,32224841.39
5,150,5,35.9,31539206.46
5,150,5,36,32224841.39
5,150,5,36.1,30378901.21
5,150,5,36.2,31328241.87
5,150,5,36.3,33121440.9
5,150,5,36.4,32594029.42
5,150,5,36.5,29429560.55
5,150,5,36.6,30431642.36
5,150,5,36.7,30378901.21
5,150,5,36.8,29165854.81
5,150,5,36.9,29851489.73
5,150,5,37,30642606.95
5,150,5,37.1,30009713.17
5,150,5,37.2,29956972.02
5,150,5,37.3,30167936.62
5,150,5,37.4,30378901.21
5,150,5,37.5,30537124.65
5,150,5,37.6,29429560.55
5,150,5,37.7,30009713.17
5,150,5,37.8,31064536.13
5,150,5,37.9,28058290.7
5,150,5,38,28691184.47
5,150,5,38.1,30959053.84
5,150,5,38.2,29060372.51
5,150,5,38.3,29746007.43
5,150,5,38.4,30589865.8
5,150,5,38.5,30484383.5
5,150,5,38.6,28796666.77
5,150,5,38.7,27108950.04
5,150,5,38.8,29587783.99
5,150,5,38.9,29587783.99
5,150,5,39,27056208.89
5,150,5,39.1,27847326.11
5,150,5,39.2,28005549.55
5,150,5,39.3,29429560.55
5,150,5,39.4,27003467.74
5,150,5,39.5,26687020.85
5,150,5,39.6,27478138.07
5,150,5,39.7,28638443.33
5,150,5,39.8,29693266.29
5,150,5,39.9,30009713.17
5,150,5,40,28058290.7
5,150,5,40.1,26476056.26
5,150,5,40.2,27794584.96
5,150,5,40.3,28638443.33
5,150,5,40.4,27319914.63
5,150,5,40.5,27741843.81
5,150,5,40.6,25737680.19
5,150,5,40.7,28427478.73
5,150,5,40.8,28216514.14
5,150,5,40.9,25579456.75
5,150,5,41,25579456.75
5,150,5,41.1,26212350.52
5,150,5,41.2,27161691.18
5,150,5,41.3,28111031.85
5,150,5,41.4,26159609.37
5,150,5,41.5,26634279.71
5,150,5,41.6,26423315.11
5,150,5,41.7,28374737.59
5,150,5,41.8,25263009.86
5,150,5,41.9,26212350.52
5,150,5,42,25790421.34
5,150,5,42.1,25790421.34
5,150,5,42.2,26476056.26
5,150,5,42.3,26054127.08
5,150,5,42.4,25157527.56
5,150,5,42.5,25948644.78
5,150,5,42.6,24841080.68
5,150,5,42.7,24999304.12
5,150,5,42.8,27372655.78
5,150,5,42.9,23891740.01
5,150,5,43,24313669.2
5,150,5,43.1,24049963.46
5,150,5,43.2,27478138.07
5,150,5,43.3,26897985.44
5,150,5,43.4,25895903.63
5,150,5,43.5,24946562.97
5,150,5,43.6,24630116.08
5,150,5,43.7,24524633.79
5,150,5,43.8,25263009.86
5,150,5,43.9,24841080.68
5,150,5,44,23628034.27
5,150,5,44.1,24049963.46
5,150,5,44.2,23944481.16
5,150,5,44.3,26370573.97
5,150,5,44.4,25052045.27
5,150,5,44.5,24841080.68
5,150,5,44.6,25579456.75
5,150,5,44.7,26265091.67
5,150,5,44.8,24893821.82
5,150,5,44.9,26423315.11
5,150,5,45,22731434.76
5,150,5,45.1,25526715.6
5,150,5,45.2,23311587.39
5,150,5,45.3,24260928.05
5,150,5,45.4,22942399.35
5,150,5,45.5,24893821.82
5,150,5,45.6,24682857.23
5,150,5,45.7,23786257.72
5,150,5,45.8,22573211.31
5,150,5,45.9,22467729.02
5,150,5,46,21201941.47
5,150,5,46.1,24788339.53
5,150,5,46.2,23047881.65
5,150,5,46.3,24630116.08
5,150,5,46.4,22098540.98
5,150,5,46.5,24682857.23
5,150,5,46.6,24313669.2
5,150,5,46.7,23206105.09
5,150,5,46.8,22309505.57
5,150,5,46.9,21676611.8
5,150,5,47,19408742.44
5,150,5,47.1,22942399.35
5,150,5,47.2,23628034.27
5,150,5,47.3,23891740.01
5,150,5,47.4,22784175.91
5,150,5,47.5,22151282.13
5,150,5,47.6,22625952.46
5,150,5,47.7,23258846.24
5,150,5,47.8,21149200.32
5,150,5,47.9,22678693.61
5,150,5,48,23311587.39
5,150,5,48.1,21940317.54
5,150,5,48.2,22784175.91
5,150,5,48.3,22204023.28
5,150,5,48.4,21571129.5
5,150,5,48.5,20410824.25
5,150,5,48.6,21360164.91
5,150,5,48.7,20938235.73
5,150,5,48.8,21412906.06
5,150,5,48.9,20938235.73
5,150,5,49,20305341.95
5,150,5,49.1,22362246.72
5,150,5,49.2,21571129.5
5,150,5,49.3,21676611.8
5,150,5,49.4,22520470.17
5,150,5,49.5,21043718.02
5,150,5,49.6,20832753.43
5,150,5,49.7,20252600.81
5,150,5,49.8,20832753.43
5,150,5,49.9,21782094.1
5,150,5,50,21465647.21
5,150,5,50.1,20199859.66
5,150,5,50.2,22045799.84
5,150,5,50.3,20410824.25
5,150,5,50.4,19672448.18
5,150,5,50.5,20621788.84
5,150,5,50.6,19514224.73
5,150,5,50.7,19988895.07
5,150,5,50.8,21254682.62
5,150,5,50.9,20147118.51
5,150,5,51,20463565.4
5,150,5,51.1,19039554.4
5,150,5,51.2,20516306.55
5,150,5,51.3,21571129.5
5,150,5,51.4,20463565.4
5,150,5,51.5,21043718.02
5,150,5,51.6,20938235.73
5,150,5,51.7,22204023.28
5,150,5,51.8,19303260.14
5,150,5,51.9,20463565.4
5,150,5,52,19566965.88
5,150,5,52.1,19830671.62
5,150,5,52.2,19461483.59
5,150,5,52.3,22204023.28
5,150,5,52.4,18881330.96
5,150,5,52.5,21676611.8
5,150,5,52.6,18986813.26
5,150,5,52.7,17931990.3
5,150,5,52.8,20674529.99
5,150,5,52.9,19566965.88
5,150,5,53,19883412.77
5,150,5,53.1,18986813.26
5,150,5,53.2,16929908.49
5,150,5,53.3,18564884.07
5,150,5,53.4,20094377.36
5,150,5,53.5,20621788.84
5,150,5,53.6,18828589.81
5,150,5,53.7,20463565.4
5,150,5,53.8,19092295.55
5,150,5,53.9,20252600.81
5,150,5,54,18301178.33
5,150,5,54.1,19936153.92
5,150,5,54.2,18353919.48
5,150,5,54.3,19356001.29
5,150,5,54.4,20358083.1
5,150,5,54.5,18248437.18
5,150,5,54.6,18248437.18
5,150,5,54.7,17826508
5,150,5,54.8,19936153.92
5,150,5,54.9,18934072.11
5,150,5,55,18828589.81
5,150,5,55.1,17193614.23
5,150,5,55.2,20041636.21
5,150,5,55.3,17035390.78
5,150,5,55.4,20041636.21
5,150,5,55.5,19039554.4
5,150,5,55.6,20041636.21
5,150,5,55.7,17668284.56
5,150,5,55.8,17351837.67
5,150,5,55.9,17193614.23
5,150,5,56,17193614.23
5,150,5,56.1,20674529.99
5,150,5,56.2,16138791.27
5,150,5,56.3,16718943.89
5,150,5,56.4,17826508
5,150,5,56.5,18670366.37
5,150,5,56.6,17193614.23
5,150,5,56.7,17615543.41
5,150,5,56.8,19514224.73
5,150,5,56.9,17879249.15
5,150,5,57,16771685.04
5,150,5,57.1,15769603.23
5,150,5,57.2,16666202.75
5,150,5,57.3,19145036.7
5,150,5,57.4,16402497.01
5,150,5,57.5,15664120.94
5,150,5,57.6,17246355.37
5,150,5,57.7,17404578.82
5,150,5,57.8,17088131.93
5,150,5,57.9,16560720.45
5,150,5,58,15875085.53
5,150,5,58.1,168402485.3
5,150,5,58.2,16455238.15
5,150,5,58.3,15400415.2
5,150,5,58.4,15980567.82
5,150,5,58.5,16507979.3
5,150,5,58.6,17140873.08
5,150,5,58.7,16086050.12
5,150,5,58.8,18248437.18
5,150,5,58.9,17826508
5,150,5,59,17140873.08
5,150,5,59.1,16771685.04
5,150,5,59.2,15294932.9
5,150,5,59.3,16455238.15
5,150,5,59.4,15347674.05
5,150,5,59.5,289179714.1
5,150,5,59.6,15611379.79
5,150,5,59.7,15769603.23
5,150,5,59.8,16086050.12
5,150,5,59.9,15294932.9
5,150,5,60,15294932.9
5,150,5,60.1,17773766.85
5,150,5,60.2,15611379.79
5,150,5,60.3,17404578.82
5,150,5,60.4,15558638.64
5,150,5,60.5,15136709.46
5,150,5,60.6,15083968.31
5,150,5,60.7,18195696.04
5,150,5,60.8,16507979.3
5,150,5,60.9,14240109.94
5,150,5,61,16191532.41
5,150,5,61.1,15505897.49
5,150,5,61.2,16297014.71
5,150,5,61.3,14503815.68
5,150,5,61.4,16191532.41
5,150,5,61.5,15031227.16
5,150,5,61.6,15242191.75
5,150,5,61.7,15031227.16
5,150,5,61.8,16297014.71
5,150,5,61.9,16349755.86
5,150,5,62,14609297.98
5,150,5,62.1,14925744.86
5,150,5,62.2,15347674.05
5,150,5,62.3,14820262.57
5,150,5,62.4,15558638.64
5,150,5,62.5,14714780.27
5,150,5,62.6,15980567.82
5,150,5,62.7,15400415.2
5,150,5,62.8,13818180.76
5,150,5,62.9,14345592.24
5,150,5,63,14978486.01
5,150,5,63.1,17404578.82
5,150,5,63.2,16507979.3
5,150,5,63.3,14081886.5
5,150,5,63.4,14398333.39
5,150,5,63.5,15242191.75
5,150,5,63.6,15083968.31
5,150,5,63.7,14714780.27
5,150,5,63.8,15611379.79
5,150,5,63.9,14398333.39
5,150,5,64,14134627.65
5,150,5,64.1,15242191.75
5,150,5,64.2,14503815.68
5,150,5,64.3,15611379.79
5,150,5,64.4,14873003.72
5,150,5,64.5,15769603.23
5,150,5,64.6,14240109.94
5,150,5,64.7,15822344.38
5,150,5,64.8,14029145.35
5,150,5,64.9,13027063.54
5,150,5,65,15083968.31
5,150,5,65.1,14925744.86
5,150,5,65.2,14240109.94
5,150,5,65.3,13659957.31
5,150,5,65.4,15453156.34
5,150,5,65.5,15716862.08
5,150,5,65.6,14662039.12
5,150,5,65.7,13343510.43
5,150,5,65.8,14029145.35
5,150,5,65.9,13396251.57
5,150,5,66,14767521.42
5,150,5,66.1,14609297.98
5,150,5,66.2,14345592.24
5,150,5,66.3,14187368.79
5,150,5,66.4,13659957.31
5,150,5,66.5,13976404.2
5,150,5,66.6,15083968.31
5,150,5,66.7,13554475.02
5,150,5,66.8,13607216.17
5,150,5,66.9,15347674.05
5,150,5,67,15664120.94
5,150,5,67.1,41981953.75
5,150,5,67.2,13870921.91
5,150,5,67.3,13923663.05
5,150,5,67.4,74523242.03
5,150,5,67.5,12921581.24
5,150,5,67.6,14714780.27
5,150,5,67.7,13396251.57
5,150,5,67.8,14978486.01
5,150,5,67.9,12921581.24
5,150,5,68,11972240.58
5,150,5,68.1,13501733.87
5,150,5,68.2,11866758.28
5,150,5,68.3,13448992.72
5,150,5,68.4,14292851.09
5,150,5,68.5,13290769.28
5,150,5,68.6,13132545.83
5,150,5,68.7,12605134.36
5,150,5,68.8,12499652.06
5,150,5,68.9,13185286.98
5,150,5,69,12394169.76
5,150,5,69.1,13923663.05
5,150,5,69.2,18459401.78
5,150,5,69.3,24999304.12
5,150,5,69.4,12657875.5
5,150,5,69.5,14925744.86
5,150,5,69.6,15611379.79
5,150,5,69.7,12288687.47
5,150,5,69.8,12974322.39
5,150,5,69.9,13132545.83
5,150,5,70,13923663.05
5,150,5,70.1,12446910.91
5,150,5,70.2,12446910.91
5,150,5,70.3,10653711.88
5,150,5,70.4,11497570.25
5,150,5,70.5,12288687.47
5,150,5,70.6,11339346.81
5,150,5,70.7,10970158.77
5,150,5,70.8,10970158.77
5,150,5,70.9,12183205.17
5,150,5,71,12763357.8
5,150,5,71.1,11761275.99
5,150,5,71.2,10390006.14
5,150,5,71.3,12552393.21
5,150,5,71.4,11444829.1
5,150,5,71.5,11972240.58
5,150,5,71.6,11339346.81
5,150,5,71.7,11972240.58
5,150,5,71.8,11233864.51
5,150,5,71.9,12288687.47
5,150,5,72,11814017.14
5,150,5,72.1,12183205.17
5,150,5,72.2,12394169.76
5,150,5,72.3,11128382.21
5,150,5,72.4,14187368.79
5,150,5,72.5,10706453.03
5,150,5,72.6,12816098.95
5,150,5,72.7,11286605.66
5,150,5,72.8,11392087.95
5,150,5,72.9,11655793.69
5,150,5,73,11286605.66
5,150,5,73.1,10917417.62
5,150,5,73.2,10495488.44
5,150,5,73.3,13343510.43
5,150,5,73.4,11339346.81
5,150,5,73.5,11866758.28
5,150,5,73.6,11972240.58
5,150,5,73.7,10970158.77
5,150,5,73.8,12499652.06
5,150,5,73.9,11181123.36
5,150,5,74,12235946.32
5,150,5,74.1,11761275.99
5,150,5,74.2,11128382.21
5,150,5,74.3,10864676.47
5,150,5,74.4,11233864.51
5,150,5,74.5,11444829.1
5,150,5,74.6,12288687.47
5,150,5,74.7,11603052.54
5,150,5,74.8,13027063.54
5,150,5,74.9,11497570.25
5,150,5,75,11972240.58
5,150,5,75.1,10600970.73
5,150,5,75.2,11075641.07
5,150,5,75.3,10126300.4
5,150,5,75.4,10442747.29
5,150,5,75.5,11550311.4
5,150,5,75.6,12657875.5
5,150,5,75.7,11075641.07
5,150,5,75.8,10548229.59
5,150,5,75.9,8755030.557
5,150,5,76,11708534.84
5,150,5,76.1,11075641.07
5,150,5,76.2,10179041.55
5,150,5,76.3,11655793.69
5,150,5,76.4,11128382.21
5,150,5,76.5,11444829.1
5,150,5,76.6,10337264.99
5,150,5,76.7,10811935.33
5,150,5,76.8,12868840.1
5,150,5,76.9,10126300.4
5,150,5,77,11761275.99
5,150,5,77.1,10495488.44
5,150,5,77.2,10917417.62
5,150,5,77.3,9440665.48
5,150,5,77.4,11919499.43
5,150,5,77.5,10706453.03
5,150,5,77.6,12235946.32
5,150,5,77.7,9546147.775
5,150,5,77.8,10548229.59
5,150,5,77.9,10548229.59
5,150,5,78,10495488.44
5,150,5,78.1,9335183.184
5,150,5,78.2,11497570.25
5,150,5,78.3,11286605.66
5,150,5,78.4,8913254
5,150,5,78.5,10495488.44
5,150,5,78.6,11814017.14
5,150,5,78.7,10759194.18
5,150,5,78.8,9862594.663
5,150,5,78.9,9598888.923
5,150,5,79,10390006.14
5,150,5,79.1,12394169.76
5,150,5,79.2,10970158.77
5,150,5,79.3,10179041.55
5,150,5,79.4,9124218.592
5,150,5,79.5,10600970.73
5,150,5,79.6,10126300.4
5,150,5,79.7,10390006.14
5,150,5,79.8,9968076.959
5,150,5,79.9,10284523.85
5,150,5,80,11022899.92
5,150,5,80.1,10020818.11
5,150,5,80.2,10390006.14
5,150,5,80.3,9493406.628
5,150,5,80.4,9335183.184
5,150,5,80.5,10390006.14
5,150,5,80.6,9282442.036
5,150,5,80.7,9704371.219
5,150,5,80.8,10442747.29
5,150,5,80.9,10020818.11
5,150,5,81,9493406.628
5,150,5,81.1,9598888.923
5,150,5,81.2,10495488.44
5,150,5,81.3,9862594.663
5,150,5,81.4,10126300.4
5,150,5,81.5,9493406.628
5,150,5,81.6,9176959.74
5,150,5,81.7,10284523.85
5,150,5,81.8,10073559.25
5,150,5,81.9,9809853.515
5,150,5,82,9335183.184
5,150,5,82.1,11075641.07
5,150,5,82.2,8860512.852
5,150,5,82.3,10600970.73
5,150,5,82.4,9968076.959
5,150,5,82.5,9598888.923
5,150,5,82.6,9809853.515
5,150,5,82.7,9598888.923
5,150,5,82.8,9598888.923
5,150,5,82.9,10073559.25
5,150,5,83,9915335.811
5,150,5,83.1,9176959.74
5,150,5,83.2,9862594.663
5,150,5,83.3,9282442.036
5,150,5,83.4,8807771.704
5,150,5,83.5,9387924.332
5,150,5,83.6,9546147.775
5,150,5,83.7,9071477.444
5,150,5,83.8,8965995.148
5,150,5,83.9,9546147.775
5,150,5,84,9018736.296
5,150,5,84.1,9968076.959
5,150,5,84.2,11392087.95
5,150,5,84.3,9757112.367
5,150,5,84.4,9809853.515
5,150,5,84.5,8755030.557
5,150,5,84.6,9757112.367
5,150,5,84.7,9757112.367
5,150,5,84.8,9757112.367
5,150,5,84.9,8965995.148
5,150,5,85,8544065.965
5,150,5,85.1,9071477.444
5,150,5,85.2,9229700.888
5,150,5,85.3,8280360.225
5,150,5,85.4,10495488.44
5,150,5,85.5,8385842.521
5,150,5,85.6,8016654.485
5,150,5,85.7,9229700.888
5,150,5,85.8,9176959.74
5,150,5,85.9,9440665.48
5,150,5,86,9862594.663
5,150,5,86.1,9018736.296
5,150,5,86.2,8544065.965
5,150,5,86.3,8544065.965
5,150,5,86.4,8755030.557
5,150,5,86.5,8280360.225
5,150,5,86.6,8016654.485
5,150,5,86.7,8122136.781
5,150,5,86.8,8755030.557
5,150,5,86.9,8913254
5,150,5,87,8280360.225
5,150,5,87.1,7858431.042
5,150,5,87.2,9598888.923
5,150,5,87.3,8649548.261
5,150,5,87.4,8385842.521
5,150,5,87.5,8702289.409
5,150,5,87.6,8913254
5,150,5,87.7,8965995.148
5,150,5,87.8,8385842.521
5,150,5,87.9,9651630.071
5,150,5,88,7963913.338
5,150,5,88.1,7805689.894
5,150,5,88.2,8069395.633
5,150,5,88.3,7067313.823
5,150,5,88.4,8069395.633
5,150,5,88.5,7647466.45
5,150,5,88.6,8491324.817
5,150,5,88.7,8438583.669
5,150,5,88.8,8702289.409
5,150,5,88.9,8913254
5,150,5,89,8913254
5,150,5,89.1,8280360.225
5,150,5,89.2,8016654.485
5,150,5,89.3,8649548.261
5,150,5,89.4,8174877.929
5,150,5,89.5,9387924.332
5,150,5,89.6,8122136.781
5,150,5,89.7,8860512.852
5,150,5,89.8,8649548.261
5,150,5,89.9,8913254
5,150,5,90,8122136.781
5,150,5,90.1,8649548.261
5,150,5,90.2,9282442.036
5,150,5,90.3,7383760.71
5,150,5,90.4,8280360.225
5,150,5,90.5,8702289.409
5,150,5,90.6,7858431.042
5,150,5,90.7,8755030.557
5,150,5,90.8,9282442.036
5,150,5,90.9,7541984.154
5,150,5,91,7805689.894
5,150,5,91.1,8702289.409
5,150,5,91.2,7858431.042
5,150,5,91.3,8702289.409
5,150,5,91.4,8333101.373
5,150,5,91.5,7647466.45
5,150,5,91.6,7752948.746
5,150,5,91.7,8227619.077
5,150,5,91.8,8016654.485
5,150,5,91.9,8227619.077
5,150,5,92,8016654.485
5,150,5,92.1,8807771.704
5,150,5,92.2,7700207.598
5,150,5,92.3,8280360.225
5,150,5,92.4,7911172.19
5,150,5,92.5,7752948.746
5,150,5,92.6,7858431.042
5,150,5,92.7,7436501.858
5,150,5,92.8,7963913.338
5,150,5,92.9,7700207.598
5,150,5,93,7172796.119
5,150,5,93.1,7858431.042
5,150,5,93.2,7963913.338
5,150,5,93.3,7700207.598
5,150,5,93.4,8385842.521
5,150,5,93.5,7541984.154
5,150,5,93.6,6592643.491
5,150,5,93.7,7594725.302
5,150,5,93.8,8069395.633
5,150,5,93.9,8649548.261
5,150,5,94,7067313.823
5,150,5,94.1,8860512.852
5,150,5,94.2,7278278.414
5,150,5,94.3,7489243.006
5,150,5,94.4,6909090.379
5,150,5,94.5,8438583.669
5,150,5,94.6,8385842.521
5,150,5,94.7,7120054.971
5,150,5,94.8,6328937.752
5,150,5,94.9,8227619.077
5,150,5,95,7120054.971
5,150,5,95.1,7014572.675
5,150,5,95.2,6434420.048
5,150,5,95.3,7963913.338
5,150,5,95.4,7278278.414
5,150,5,95.5,6592643.491
5,150,5,95.6,7858431.042
5,150,5,95.7,7541984.154
5,150,5,95.8,7805689.894
5,150,5,95.9,8755030.557
5,150,5,96,6170714.308
5,150,5,96.1,6750866.935
5,150,5,96.2,8227619.077
5,150,5,96.3,7647466.45
5,150,5,96.4,7752948.746
5,150,5,96.5,6381678.9
5,150,5,96.6,7067313.823
5,150,5,96.7,7172796.119
5,150,5,96.8,9071477.444
5,150,5,96.9,7594725.302
5,150,5,97,6012490.864
5,150,5,97.1,6592643.491
5,150,5,97.2,6012490.864
5,150,5,97.3,7331019.562
5,150,5,97.4,7120054.971
5,150,5,97.5,7963913.338
5,150,5,97.6,6698125.787
5,150,5,97.7,6539902.343
5,150,5,97.8,7120054.971
5,150,5,97.9,8702289.409
5,150,5,98,7067313.823
5,150,5,98.1,7172796.119
5,150,5,98.2,7278278.414
5,150,5,98.3,8174877.929
5,150,5,98.4,6381678.9
5,150,5,98.5,6909090.379
5,150,5,98.6,6012490.864
5,150,5,98.7,7331019.562
5,150,5,98.8,6434420.048
5,150,5,98.9,6170714.308
5,150,5,99,6961831.527
5,150,5,99.1,6698125.787
5,150,5,99.2,6223455.456
5,150,5,99.3,6065232.012
5,150,5,99.4,6750866.935
5,150,5,99.5,6961831.527
5,150,5,99.6,6434420.048
5,150,5,99.7,6276196.604
5,150,5,99.8,6539902.343
5,150,5,99.9,6065232.012
5,150,5,100,6276196.604
5,150,5,100.1,7383760.71
5,150,5,100.2,8069395.633
5,150,5,100.3,7172796.119
5,150,5,100.4,6856349.231
5,150,5,100.5,5854267.42
5,150,5,100.6,7067313.823
5,150,5,100.7,7331019.562
5,150,5,100.8,7278278.414
5,150,5,100.9,6750866.935
5,150,5,101,5590561.681
5,150,5,101.1,6223455.456
5,150,5,101.2,6328937.752
5,150,5,101.3,6487161.195
5,150,5,101.4,6381678.9
5,150,5,101.5,8174877.929
5,150,5,101.6,6539902.343
5,150,5,101.7,6223455.456
5,150,5,101.8,6170714.308
5,150,5,101.9,7436501.858
5,150,5,102,6645384.639
5,150,5,102.1,5959749.716
5,150,5,102.2,5748785.124
5,150,5,102.3,6381678.9
5,150,5,102.4,7436501.858
5,150,5,102.5,6750866.935
5,150,5,102.6,6856349.231
5,150,5,102.7,6328937.752
5,150,5,102.8,5748785.124
5,150,5,102.9,6750866.935
5,150,5,103,6539902.343
5,150,5,103.1,6803608.083
5,150,5,103.2,6012490.864
5,150,5,103.3,6223455.456
5,150,5,103.4,5590561.681
5,150,5,103.5,5854267.42
5,150,5,103.6,5537820.533
5,150,5,103.7,6592643.491
5,150,5,103.8,5801526.272
5,150,5,103.9,5168632.497
5,150,5,104,6645384.639
5,150,5,104.1,5643302.829
5,150,5,104.2,6434420.048
5,150,5,104.3,6065232.012
5,150,5,104.4,6065232.012
5,150,5,104.5,6223455.456
5,150,5,104.6,5274114.793
5,150,5,104.7,6539902.343
5,150,5,104.8,5537820.533
5,150,5,104.9,6539902.343
5,150,5,105,6698125.787
5,150,5,105.1,6645384.639
5,150,5,105.2,6645384.639
5,150,5,105.3,5432338.237
5,150,5,105.4,6539902.343
5,150,5,105.5,6117973.16
5,150,5,105.6,6276196.604
5,150,5,105.7,5748785.124
5,150,5,105.8,5485079.385
5,150,5,105.9,6592643.491
5,150,5,106,6803608.083
5,150,5,106.1,5854267.42
5,150,5,106.2,5959749.716
5,150,5,106.3,6750866.935
5,150,5,106.4,5379597.089
5,150,5,106.5,6328937.752
5,150,5,106.6,6434420.048
5,150,5,106.7,6276196.604
5,150,5,106.8,5643302.829
5,150,5,106.9,6170714.308
5,150,5,107,4746703.314
5,150,5,107.1,5854267.42
5,150,5,107.2,6539902.343
5,150,5,107.3,6592643.491
5,150,5,107.4,5590561.681
5,150,5,107.5,6276196.604
5,150,5,107.6,5801526.272
5,150,5,107.7,5537820.533
5,150,5,107.8,5801526.272
5,150,5,107.9,6592643.491
5,150,5,108,5326855.941
5,150,5,108.1,6276196.604
5,150,5,108.2,6276196.604
5,150,5,108.3,6645384.639
5,150,5,108.4,5854267.42
5,150,5,108.5,6381678.9
5,150,5,108.6,4852185.61
5,150,5,108.7,6645384.639
5,150,5,108.8,5485079.385
5,150,5,108.9,5696043.977
5,150,5,109,4904926.758
5,150,5,109.1,5115891.349
5,150,5,109.2,6065232.012
5,150,5,109.3,4693962.166
5,150,5,109.4,5907008.568
5,150,5,109.5,5115891.349
5,150,5,109.6,5063150.201
5,150,5,109.7,5537820.533
5,150,5,109.8,5432338.237
5,150,5,109.9,5643302.829
5,150,5,110,6117973.16
5,150,5,110.1,5696043.977
5,150,5,110.2,5168632.497
5,150,5,110.3,5115891.349
5,150,5,110.4,4430256.426
5,150,5,110.5,6434420.048
5,150,5,110.6,5379597.089
5,150,5,110.7,6276196.604
5,150,5,110.8,5748785.124
5,150,5,110.9,5643302.829
5,150,5,111,5748785.124
5,150,5,111.1,5801526.272
5,150,5,111.2,5063150.201
5,150,5,111.3,5537820.533
5,150,5,111.4,5115891.349
5,150,5,111.5,5010409.053
5,150,5,111.6,4535738.722
5,150,5,111.7,4957667.905
5,150,5,111.8,4482997.574
5,150,5,111.9,5590561.681
5,150,5,112,5010409.053
5,150,5,112.1,5379597.089
5,150,5,112.2,4061068.391
5,150,5,112.3,5326855.941
5,150,5,112.4,5168632.497
5,150,5,112.5,5010409.053
5,150,5,112.6,5643302.829
5,150,5,112.7,4535738.722
5,150,5,112.8,4588479.87
5,150,5,112.9,5379597.089
5,150,5,113,6065232.012
5,150,5,113.1,4799444.462
5,150,5,113.2,4957667.905
5,150,5,113.3,6012490.864
5,150,5,113.4,4799444.462
5,150,5,113.5,6012490.864
5,150,5,113.6,5432338.237
5,150,5,113.7,4852185.61
5,150,5,113.8,3164468.876
5,150,5,113.9,4957667.905
5,150,5,114,4904926.758
5,150,5,114.1,4746703.314
5,150,5,114.2,4799444.462
5,150,5,114.3,5537820.533
5,150,5,114.4,5432338.237
5,150,5,114.5,4430256.426
5,150,5,114.6,5115891.349
5,150,5,114.7,5432338.237
5,150,5,114.8,5063150.201
5,150,5,114.9,5643302.829
5,150,5,115,5115891.349
5,150,5,115.1,6170714.308
5,150,5,115.2,5168632.497
5,150,5,115.3,5907008.568
5,150,5,115.4,4904926.758
5,150,5,115.5,5590561.681
5,150,5,115.6,4852185.61
5,150,5,115.7,5379597.089
5,150,5,115.8,4746703.314
5,150,5,115.9,3639139.207
5,150,5,116,4061068.391
5,150,5,116.1,5485079.385
5,150,5,116.2,4482997.574
5,150,5,116.3,3850103.799
5,150,5,116.4,6117973.16
5,150,5,116.5,4746703.314
5,150,5,116.6,4219291.834
5,150,5,116.7,5221373.645
5,150,5,116.8,5010409.053
5,150,5,116.9,4799444.462
5,150,5,117,4693962.166
5,150,5,117.1,4113809.539
5,150,5,117.2,4535738.722
5,150,5,117.3,4008327.243
5,150,5,117.4,5854267.42
5,150,5,117.5,4904926.758
5,150,5,117.6,4430256.426
5,150,5,117.7,4588479.87
5,150,5,117.8,4324774.13
5,150,5,117.9,4746703.314
5,150,5,118,4482997.574
5,150,5,118.1,4799444.462
5,150,5,118.2,4957667.905
5,150,5,118.3,4272032.982
5,150,5,118.4,4377515.278
5,150,5,118.5,3850103.799
5,150,5,118.6,4324774.13
5,150,5,118.7,4430256.426
5,150,5,118.8,3955586.095
5,150,5,118.9,4430256.426
5,150,5,119,4799444.462
5,150,5,119.1,5063150.201
5,150,5,119.2,4008327.243
5,150,5,119.3,3744621.503
5,150,5,119.4,4957667.905
5,150,5,119.5,4272032.982
5,150,5,119.6,4008327.243
5,150,5,119.7,4535738.722
5,150,5,119.8,4113809.539
5,150,5,119.9,3850103.799
5,150,5,120,4061068.391
5,150,5,120.1,5221373.645
5,150,5,120.2,3955586.095
5,150,5,120.3,4166550.687
5,150,5,120.4,3902844.947
5,150,5,120.5,4272032.982
5,150,5,120.6,4061068.391
5,150,5,120.7,3586398.059
5,150,5,120.8,4272032.982
5,150,5,120.9,4535738.722
5,150,5,121,4113809.539
5,150,5,121.1,4324774.13
5,150,5,121.2,4482997.574
5,150,5,121.3,4113809.539
5,150,5,121.4,4166550.687
5,150,5,121.5,4535738.722
5,150,5,121.6,4957667.905
5,150,5,121.7,4061068.391
5,150,5,121.8,4482997.574
5,150,5,121.9,3691880.355
5,150,5,122,6012490.864
5,150,5,122.1,3586398.059
5,150,5,122.2,4113809.539
5,150,5,122.3,3955586.095
5,150,5,122.4,5010409.053
5,150,5,122.5,3744621.503
5,150,5,122.6,4535738.722
5,150,5,122.7,3797362.651
5,150,5,122.8,4113809.539
5,150,5,122.9,3533656.911
5,150,5,123,4166550.687
5,150,5,123.1,4482997.574
5,150,5,123.2,4430256.426
5,150,5,123.3,3586398.059
5,150,5,123.4,4061068.391
5,150,5,123.5,3164468.876
5,150,5,123.6,4746703.314
5,150,5,123.7,3586398.059
5,150,5,123.8,4535738.722
5,150,5,123.9,3850103.799
5,150,5,124,4324774.13
5,150,5,124.1,4061068.391
5,150,5,124.2,4166550.687
5,150,5,124.3,4904926.758
5,150,5,124.4,2900763.136
5,150,5,124.5,3639139.207
5,150,5,124.6,3480915.763
5,150,5,124.7,4377515.278
5,150,5,124.8,3955586.095
5,150,5,124.9,3586398.059
5,150,5,125,4324774.13
5,150,5,125.1,3639139.207
5,150,5,125.2,3902844.947
5,150,5,125.3,4535738.722
5,150,5,125.4,3586398.059
5,150,5,125.5,3850103.799
5,150,5,125.6,2953504.284
5,150,5,125.7,3797362.651
5,150,5,125.8,3428174.616
5,150,5,125.9,3586398.059
5,150,5,126,4219291.834
5,150,5,126.1,3586398.059
5,150,5,126.2,3428174.616
5,150,5,126.3,4852185.61
5,150,5,126.4,3797362.651
5,150,5,126.5,3744621.503
5,150,5,126.6,3955586.095
5,150,5,126.7,3111727.728
5,150,5,126.8,3375433.468
5,150,5,126.9,4535738.722
5,150,5,127,3850103.799
5,150,5,127.1,3322692.32
5,150,5,127.2,4113809.539
5,150,5,127.3,3797362.651
5,150,5,127.4,3269951.172
5,150,5,127.5,2900763.136
5,150,5,127.6,4482997.574
5,150,5,127.7,3955586.095
5,150,5,127.8,4008327.243
5,150,5,127.9,3639139.207
5,150,5,128,3586398.059
5,150,5,128.1,3006245.432
5,150,5,128.2,4113809.539
5,150,5,128.3,3955586.095
5,150,5,128.4,3955586.095
5,150,5,128.5,3217210.024
5,150,5,128.6,4219291.834
5,150,5,128.7,3639139.207
5,150,5,128.8,3480915.763
5,150,5,128.9,3797362.651
5,150,5,129,3480915.763
5,150,5,129.1,2900763.136
5,150,5,129.2,3375433.468
5,150,5,129.3,3375433.468
5,150,5,129.4,3902844.947
5,150,5,129.5,3217210.024
5,150,5,129.6,3058986.58
5,150,5,129.7,4113809.539
5,150,5,129.8,3006245.432
5,150,5,129.9,3428174.616
5,150,5,130,3850103.799
5,150,5,130.1,3058986.58
5,150,5,130.2,3480915.763
5,150,5,130.3,3428174.616
5,150,5,130.4,3744621.503
5,150,5,130.5,3850103.799
5,150,5,130.6,3269951.172
5,150,5,130.7,3480915.763
5,150,5,130.8,3111727.728
5,150,5,130.9,2953504.284
5,150,5,131,3058986.58
5,150,5,131.1,2900763.136
5,150,5,131.2,3691880.355
5,150,5,131.3,3111727.728
5,150,5,131.4,3375433.468
5,150,5,131.5,3691880.355
5,150,5,131.6,3797362.651
5,150,5,131.7,4061068.391
5,150,5,131.8,2689798.544
5,150,5,131.9,3902844.947
5,150,5,132,3058986.58
5,150,5,132.1,2584316.249
5,150,5,132.2,3269951.172
5,150,5,132.3,3533656.911
5,150,5,132.4,2848021.988
5,150,5,132.5,3164468.876
5,150,5,132.6,3058986.58
5,150,5,132.7,3322692.32
5,150,5,132.8,3164468.876
5,150,5,132.9,3217210.024
5,150,5,133,3269951.172
5,150,5,133.1,3691880.355
5,150,5,133.2,2162387.065
5,150,5,133.3,3058986.58
5,150,5,133.4,2742539.692
5,150,5,133.5,2478833.953
5,150,5,133.6,2689798.544
5,150,5,133.7,2795280.84
5,150,5,133.8,3006245.432
5,150,5,133.9,3639139.207
5,150,5,134,2900763.136
5,150,5,134.1,2742539.692
5,150,5,134.2,2584316.249
5,150,5,134.3,2584316.249
5,150,5,134.4,3428174.616
5,150,5,134.5,3269951.172
5,150,5,134.6,3164468.876
5,150,5,134.7,3269951.172
5,150,5,134.8,2637057.397
5,150,5,134.9,3375433.468
5,150,5,135,2320610.509
5,150,5,135.1,3375433.468
5,150,5,135.2,2953504.284
5,150,5,135.3,2162387.065
5,150,5,135.4,2795280.84
5,150,5,135.5,2742539.692
5,150,5,135.6,2215128.213
5,150,5,135.7,2004163.621
5,150,5,135.8,2742539.692
5,150,5,135.9,3006245.432
5,150,5,136,2267869.361
5,150,5,136.1,3006245.432
5,150,5,136.2,2953504.284
5,150,5,136.3,2584316.249
5,150,5,136.4,2742539.692
5,150,5,136.5,3058986.58
5,150,5,136.6,2109645.917
5,150,5,136.7,2848021.988
5,150,5,136.8,2320610.509
5,150,5,136.9,2795280.84
5,150,5,137,2426092.805
5,150,5,137.1,2267869.361
5,150,5,137.2,2584316.249
5,150,5,137.3,2848021.988
5,150,5,137.4,2742539.692
5,150,5,137.5,1951422.473
5,150,5,137.6,2689798.544
5,150,5,137.7,2900763.136
5,150,5,137.8,2478833.953
5,150,5,137.9,2004163.621
5,150,5,138,1265787.55
5,150,5,138.1,2215128.213
5,150,5,138.2,2004163.621
5,150,5,138.3,2320610.509
5,150,5,138.4,2162387.065
5,150,5,138.5,2320610.509
5,150,5,138.6,3164468.876
5,150,5,138.7,2637057.397
5,150,5,138.8,2109645.917
5,150,5,138.9,2689798.544
5,150,5,139,2109645.917
5,150,5,139.1,1740457.882
5,150,5,139.2,1424010.994
5,150,5,139.3,1898681.326
5,150,5,139.4,2320610.509
5,150,5,139.5,2267869.361
5,150,5,139.6,2004163.621
5,150,5,139.7,2531575.101
5,150,5,139.8,2373351.657
5,150,5,139.9,2373351.657
5,150,5,140,2426092.805
5,150,5,140.1,1740457.882
5,150,5,140.2,1845940.178
5,150,5,140.3,2162387.065
5,150,5,140.4,1898681.326
5,150,5,140.5,2373351.657
5,150,5,140.6,2478833.953
5,150,5,140.7,2056904.769
5,150,5,140.8,2215128.213
5,150,5,140.9,1687716.734
5,150,5,141,2584316.249
5,150,5,141.1,2426092.805
5,150,5,141.2,1740457.882
5,150,5,141.3,1845940.178
5,150,5,141.4,2162387.065
5,150,5,141.5,2056904.769
5,150,5,141.6,2162387.065
5,150,5,141.7,1951422.473
5,150,5,141.8,2426092.805
5,150,5,141.9,1793199.03
5,150,5,142,1476752.142
5,150,5,142.1,2056904.769
5,150,5,142.2,2478833.953
5,150,5,142.3,2267869.361
5,150,5,142.4,1793199.03
5,150,5,142.5,2373351.657
5,150,5,142.6,1687716.734
5,150,5,142.7,2215128.213
5,150,5,142.8,1951422.473
5,150,5,142.9,1265787.55
5,150,5,143,2004163.621
5,150,5,143.1,2267869.361
5,150,5,143.2,2109645.917
5,150,5,143.3,1845940.178
5,150,5,143.4,1265787.55
5,150,5,143.5,2004163.621
5,150,5,143.6,2478833.953
5,150,5,143.7,1898681.326
5,150,5,143.8,1951422.473
5,150,5,143.9,2162387.065
5,150,5,144,1160305.254
5,150,5,144.1,2004163.621
5,150,5,144.2,2320610.509
5,150,5,144.3,1634975.586
5,150,5,144.4,1529493.29
5,150,5,144.5,1054822.959
5,150,5,144.6,1371269.846
5,150,5,144.7,1582234.438
5,150,5,144.8,1687716.734
5,150,5,144.9,1213046.402
5,150,5,145,2056904.769
5,150,5,145.1,1529493.29
5,150,5,145.2,1213046.402
5,150,5,145.3,1476752.142
5,150,5,145.4,1107564.107
5,150,5,145.5,1582234.438
5,150,5,145.6,1898681.326
5,150,5,145.7,1529493.29
5,150,5,145.8,1213046.402
5,150,5,145.9,1002081.811
5,150,5,146,1634975.586
5,150,5,146.1,949340.6628
5,150,5,146.2,1687716.734
5,150,5,146.3,949340.6628
5,150,5,146.4,1634975.586
5,150,5,146.5,1740457.882
5,150,5,146.6,1476752.142
5,150,5,146.7,896599.5148
5,150,5,146.8,1213046.402
5,150,5,146.9,1002081.811
5,150,5,147,1160305.254
5,150,5,147.1,738376.071
5,150,5,147.2,1476752.142
5,150,5,147.3,1054822.959
5,150,5,147.4,949340.6628
5,150,5,147.5,1265787.55
5,150,5,147.6,1213046.402
5,150,5,147.7,738376.071
5,150,5,147.8,1213046.402
5,150,5,147.9,949340.6628
5,150,5,148,738376.071
5,150,5,148.1,685634.9231
5,150,5,148.2,1002081.811
5,150,5,148.3,527411.4793
5,150,5,148.4,949340.6628
5,150,5,148.5,949340.6628
5,150,5,148.6,949340.6628
5,150,5,148.7,369188.0355
5,150,5,148.8,685634.9231
5,150,5,148.9,580152.6272
5,150,5,149,685634.9231
5,150,5,149.1,316446.8876
5,150,5,149.2,580152.6272
5,150,5,149.3,580152.6272
5,150,5,149.4,316446.8876
5,150,5,149.5,685634.9231
5,150,5,149.6,263705.7397
5,150,5,149.7,580152.6272
5,150,5,149.8,158223.4438
5,150,5,149.9,210964.5917
5,150,5,150,105482.2959
5,40,7,4.6,22007.89735
5,40,7,4.8,44015.79469
5,40,7,5,66023.69204
5,40,7,5.1,22007.89735
5,40,7,5.2,132047.3841
5,40,7,5.3,110039.4867
5,40,7,5.4,110039.4867
5,40,7,5.5,44015.79469
5,40,7,5.6,110039.4867
5,40,7,5.7,176063.1788
5,40,7,5.8,308110.5628
5,40,7,5.9,484173.7416
5,40,7,6,286102.6655
5,40,7,6.1,704252.715
5,40,7,6.2,594213.2283
5,40,7,6.3,660236.9204
5,40,7,6.4,770276.4071
5,40,7,6.5,1166418.559
5,40,7,6.6,1496537.019
5,40,7,6.7,1386497.533
5,40,7,6.8,1254450.149
5,40,7,6.9,2376852.913
5,40,7,7,2442876.605
5,40,7,7.1,2200789.735
5,40,7,7.2,2376852.913
5,40,7,7.3,3257168.807
5,40,7,7.4,7130558.74
5,40,7,7.5,3741342.549
5,40,7,7.6,3675318.857
5,40,7,7.7,4335555.777
5,40,7,7.8,4665674.237
5,40,7,7.9,4929769.005
5,40,7,8,4863745.313
5,40,7,8.1,4885753.211
5,40,7,8.2,5435950.644
5,40,7,8.3,20973526.17
5,40,7,8.4,141598811.5
5,40,7,8.5,6250242.846
5,40,7,8.6,6514337.614
5,40,7,8.7,7812803.558
5,40,7,8.8,10563790.73
5,40,7,8.9,8142922.018
5,40,7,9,8737135.246
5,40,7,9.1,9023237.912
5,40,7,9.2,9155285.296
5,40,7,9.3,10189656.47
5,40,7,9.4,9793514.319
5,40,7,9.5,16858049.37
5,40,7,9.6,13534856.87
5,40,7,9.7,127579780.9
5,40,7,9.8,20137226.07
5,40,7,9.9,19234902.28
5,40,7,10,64549162.91
5,40,7,10.1,13292770
5,40,7,10.2,10827885.49
5,40,7,10.3,2068742.35
5,40,7,10.4,2266813.427
5,40,7,10.5,2464884.503
5,40,7,10.6,2883034.552
5,40,7,10.7,2927050.347
5,40,7,10.8,3081105.628
5,40,7,10.9,2772995.065
5,40,7,11,3807366.241
5,40,7,11.1,3807366.241
5,40,7,11.2,3983429.419
5,40,7,11.3,13446825.28
5,40,7,11.4,3697326.754
5,40,7,11.5,3807366.241
5,40,7,11.6,2640947.681
5,40,7,11.7,2530908.195
5,40,7,11.8,2376852.913
5,40,7,11.9,2200789.735
5,40,7,12,2420868.708
5,40,7,12.1,2376852.913
5,40,7,12.2,1826655.48
5,40,7,12.3,1584568.609
5,40,7,12.4,1914687.069
5,40,7,12.5,1870671.274
5,40,7,12.6,2178781.837
5,40,7,12.7,2024726.556
5,40,7,12.8,1848663.377
5,40,7,12.9,2310829.221
5,40,7,13,2706971.373
5,40,7,13.1,2817010.86
5,40,7,13.2,2839018.758
5,40,7,13.3,2618939.784
5,40,7,13.4,2706971.373
5,40,7,13.5,2464884.503
5,40,7,13.6,3103113.526
5,40,7,13.7,3015081.936
5,40,7,13.8,2618939.784
5,40,7,13.9,3433231.986
5,40,7,14,3785358.343
5,40,7,14.1,3763350.446
5,40,7,14.2,3895397.83
5,40,7,14.3,3389216.191
5,40,7,14.4,4181500.496
5,40,7,14.5,4049453.112
5,40,7,14.6,4269532.085
5,40,7,14.7,4511618.956
5,40,7,14.8,3697326.754
5,40,7,14.9,4533626.853
5,40,7,15,4643666.34
5,40,7,15.1,4269532.085
5,40,7,15.2,4115476.804
5,40,7,15.3,4819729.519
5,40,7,15.4,4753705.827
5,40,7,15.5,5039808.492
5,40,7,15.6,5347919.055
5,40,7,15.7,5259887.466
5,40,7,15.8,4995792.697
5,40,7,15.9,5590005.926
5,40,7,16,6074179.667
5,40,7,16.1,5722053.31
5,40,7,16.2,4797721.621
5,40,7,16.3,5017800.595
5,40,7,16.4,5766069.104
5,40,7,16.5,5457958.542
5,40,7,16.6,5567998.028
5,40,7,16.7,6008155.975
5,40,7,16.8,6404298.127
5,40,7,16.9,5788077.002
5,40,7,17,5700045.412
5,40,7,17.1,5964140.181
5,40,7,17.2,5656029.618
5,40,7,17.3,5634021.72
5,40,7,17.4,6448313.922
5,40,7,17.5,6228234.949
5,40,7,17.6,6184219.154
5,40,7,17.7,7042527.15
5,40,7,17.8,6580361.306
5,40,7,17.9,6316266.538
5,40,7,18,6866463.972
5,40,7,18.1,7636740.379
5,40,7,18.2,6492329.717
5,40,7,18.3,7196582.432
5,40,7,18.4,7328629.816
5,40,7,18.5,6998511.356
5,40,7,18.6,7020519.253
5,40,7,18.7,7152566.637
5,40,7,18.8,6206227.051
5,40,7,18.9,7284614.021
5,40,7,19,7086542.945
5,40,7,19.1,6756424.485
5,40,7,19.2,7394653.508
5,40,7,19.3,7350637.713
5,40,7,19.4,7130558.74
5,40,7,19.5,7526700.892
5,40,7,19.6,7504692.995
5,40,7,19.7,7042527.15
5,40,7,19.8,7284614.021
5,40,7,19.9,7350637.713
5,40,7,20,7262606.124
5,40,7,20.1,7350637.713
5,40,7,20.2,7900835.147
5,40,7,20.3,7372645.611
5,40,7,20.4,7086542.945
5,40,7,20.5,7240598.227
5,40,7,20.6,7636740.379
5,40,7,20.7,7504692.995
5,40,7,20.8,6668392.896
5,40,7,20.9,7812803.558
5,40,7,21,7790795.66
5,40,7,21.1,7944850.942
5,40,7,21.2,7174574.535
5,40,7,21.3,7504692.995
5,40,7,21.4,7548708.789
5,40,7,21.5,7042527.15
5,40,7,21.6,8252961.504
5,40,7,21.7,7768787.763
5,40,7,21.8,7328629.816
5,40,7,21.9,7240598.227
5,40,7,22,7504692.995
5,40,7,22.1,7944850.942
5,40,7,22.2,7812803.558
5,40,7,22.3,8032882.531
5,40,7,22.4,7064535.048
5,40,7,22.5,7152566.637
5,40,7,22.6,7394653.508
5,40,7,22.7,7416661.405
5,40,7,22.8,8693119.451
5,40,7,22.9,7394653.508
5,40,7,23,7372645.611
5,40,7,23.1,7108550.842
5,40,7,23.2,7416661.405
5,40,7,23.3,7086542.945
5,40,7,23.4,7328629.816
5,40,7,23.5,8627095.759
5,40,7,23.6,7900835.147
5,40,7,23.7,7570716.687
5,40,7,23.8,7482685.097
5,40,7,23.9,7460677.2
5,40,7,24,7724771.968
5,40,7,24.1,7504692.995
5,40,7,24.2,7438669.303
5,40,7,24.3,7350637.713
5,40,7,24.4,7108550.842
5,40,7,24.5,6888471.869
5,40,7,24.6,8010874.634
5,40,7,24.7,6888471.869
5,40,7,24.8,7086542.945
5,40,7,24.9,7020519.253
5,40,7,25,7922843.044
5,40,7,25.1,7768787.763
5,40,7,25.2,7614732.481
5,40,7,25.3,6316266.538
5,40,7,25.4,6910479.766
5,40,7,25.5,6580361.306
5,40,7,25.6,7680756.173
5,40,7,25.7,6932487.664
5,40,7,25.8,7394653.508
5,40,7,25.9,6602369.204
5,40,7,26,7240598.227
5,40,7,26.1,7262606.124
5,40,7,26.2,6580361.306
5,40,7,26.3,7152566.637
5,40,7,26.4,5523982.234
5,40,7,26.5,7526700.892
5,40,7,26.6,6822448.177
5,40,7,26.7,6624377.101
5,40,7,26.8,6250242.846
5,40,7,26.9,7042527.15
5,40,7,27,6624377.101
5,40,7,27.1,6492329.717
5,40,7,27.2,7042527.15
5,40,7,27.3,6976503.458
5,40,7,27.4,6998511.356
5,40,7,27.5,6294258.641
5,40,7,27.6,6404298.127
5,40,7,27.7,6404298.127
5,40,7,27.8,6316266.538
5,40,7,27.9,6646384.998
5,40,7,28,5700045.412
5,40,7,28.1,6250242.846
5,40,7,28.2,6338274.435
5,40,7,28.3,6382290.23
5,40,7,28.4,6338274.435
5,40,7,28.5,6184219.154
5,40,7,28.6,5567998.028
5,40,7,28.7,5678037.515
5,40,7,28.8,5678037.515
5,40,7,28.9,6382290.23
5,40,7,29,6932487.664
5,40,7,29.1,6426306.025
5,40,7,29.2,6294258.641
5,40,7,29.3,6008155.975
5,40,7,29.4,5964140.181
5,40,7,29.5,6008155.975
5,40,7,29.6,5920124.386
5,40,7,29.7,6206227.051
5,40,7,29.8,5832092.796
5,40,7,29.9,5920124.386
5,40,7,30,6030163.873
5,40,7,30.1,5435950.644
5,40,7,30.2,5722053.31
5,40,7,30.3,5854100.694
5,40,7,30.4,5545990.131
5,40,7,30.5,6404298.127
5,40,7,30.6,5590005.926
5,40,7,30.7,5678037.515
5,40,7,30.8,5810084.899
5,40,7,30.9,5479966.439
5,40,7,31,4973784.8
5,40,7,31.1,5061816.389
5,40,7,31.2,5854100.694
5,40,7,31.3,5479966.439
5,40,7,31.4,5634021.72
5,40,7,31.5,4599650.545
5,40,7,31.6,5105832.184
5,40,7,31.7,5105832.184
5,40,7,31.8,4665674.237
5,40,7,31.9,5215871.671
5,40,7,32,5259887.466
5,40,7,32.1,5281895.363
5,40,7,32.2,5479966.439
5,40,7,32.3,4731697.929
5,40,7,32.4,4533626.853
5,40,7,32.5,4973784.8
5,40,7,32.6,4621658.442
5,40,7,32.7,5061816.389
5,40,7,32.8,4335555.777
5,40,7,32.9,4511618.956
5,40,7,33,4401579.469
5,40,7,33.1,4225516.29
5,40,7,33.2,4379571.572
5,40,7,33.3,4379571.572
5,40,7,33.4,4731697.929
5,40,7,33.5,4665674.237
5,40,7,33.6,4269532.085
5,40,7,33.7,3785358.343
5,40,7,33.8,4137484.701
5,40,7,33.9,4313547.88
5,40,7,34,4819729.519
5,40,7,34.1,4005437.317
5,40,7,34.2,4269532.085
5,40,7,34.3,3829374.138
5,40,7,34.4,4049453.112
5,40,7,34.5,3939413.625
5,40,7,34.6,3873389.933
5,40,7,34.7,4643666.34
5,40,7,34.8,3521263.575
5,40,7,34.9,3697326.754
5,40,7,35,4621658.442
5,40,7,35.1,3719334.651
5,40,7,35.2,3807366.241
5,40,7,35.3,3191145.115
5,40,7,35.4,3499255.678
5,40,7,35.5,3279176.704
5,40,7,35.6,3433231.986
5,40,7,35.7,3323192.499
5,40,7,35.8,3367208.294
5,40,7,35.9,3631303.062
5,40,7,36,3543271.473
5,40,7,36.1,3367208.294
5,40,7,36.2,3125121.423
5,40,7,36.3,3521263.575
5,40,7,36.4,3609295.165
5,40,7,36.5,3477247.781
5,40,7,36.6,3301184.602
5,40,7,36.7,2883034.552
5,40,7,36.8,2266813.427
5,40,7,36.9,2486892.4
5,40,7,37,2376852.913
5,40,7,37.1,2574923.989
5,40,7,37.2,2817010.86
5,40,7,37.3,2971066.142
5,40,7,37.4,2596931.887
5,40,7,37.5,2530908.195
5,40,7,37.6,2949058.244
5,40,7,37.7,2244805.529
5,40,7,37.8,1892679.172
5,40,7,37.9,2464884.503
5,40,7,38,2222797.632
5,40,7,38.1,2222797.632
5,40,7,38.2,1958702.864
5,40,7,38.3,2200789.735
5,40,7,38.4,2288821.324
5,40,7,38.5,1650592.301
5,40,7,38.6,1298465.943
5,40,7,38.7,1562560.712
5,40,7,38.8,1738623.89
5,40,7,38.9,1430513.327
5,40,7,39,1694608.096
5,40,7,39.1,1364489.635
5,40,7,39.2,1254450.149
5,40,7,39.3,1276458.046
5,40,7,39.4,1584568.609
5,40,7,39.5,1298465.943
5,40,7,39.6,1012363.278
5,40,7,39.7,858307.9965
5,40,7,39.8,858307.9965
5,40,7,39.9,682244.8177
5,40,7,40,176063.1788
5,80,7,3.9,37328.85537
5,80,7,4.3,74657.71074
5,80,7,4.4,37328.85537
5,80,7,4.5,111986.5661
5,80,7,4.6,111986.5661
5,80,7,4.7,74657.71074
5,80,7,4.8,223973.1322
5,80,7,4.9,261301.9876
5,80,7,5,410617.4091
5,80,7,5.1,74657.71074
5,80,7,5.2,261301.9876
5,80,7,5.3,447946.2645
5,80,7,5.4,559932.8306
5,80,7,5.5,858563.6736
5,80,7,5.6,1007879.095
5,80,7,5.7,933221.3843
5,80,7,5.8,1082536.806
5,80,7,5.9,1530483.07
5,80,7,6,2165073.612
5,80,7,6.1,3322268.128
5,80,7,6.2,3023637.285
5,80,7,6.3,4106174.091
5,80,7,6.4,3807543.248
5,80,7,6.5,4554120.355
5,80,7,6.6,4404804.934
5,80,7,6.7,6345905.413
5,80,7,6.8,7017824.81
5,80,7,6.9,6868509.388
5,80,7,7,6868509.388
5,80,7,7.1,7428442.219
5,80,7,7.2,10713381.49
5,80,7,7.3,9369542.698
5,80,7,7.4,31617540.5
5,80,7,7.5,11422629.74
5,80,7,7.6,13177085.95
5,80,7,7.7,11310643.18
5,80,7,7.8,14670240.16
5,80,7,7.9,14446267.03
5,80,7,8,15454146.12
5,80,7,8.1,17395246.6
5,80,7,8.2,17432575.46
5,80,7,8.3,83765951.45
5,80,7,8.4,652471063
5,80,7,8.5,19709635.64
5,80,7,8.6,21128132.14
5,80,7,8.7,21800051.54
5,80,7,8.8,31505553.93
5,80,7,8.9,23442521.17
5,80,7,9,26167527.62
5,80,7,9.1,25570265.93
5,80,7,9.2,26951433.58
5,80,7,9.3,27548695.26
5,80,7,9.4,27698010.69
5,80,7,9.5,57561094.98
5,80,7,9.6,43488116.51
5,80,7,9.7,538282094.5
5,80,7,9.8,74844355.02
5,80,7,9.9,59539524.32
5,80,7,10,249954015.6
5,80,7,10.1,34230560.38
5,80,7,10.2,31953500.2
5,80,7,10.3,9369542.698
5,80,7,10.4,8175019.326
5,80,7,10.5,7988375.05
5,80,7,10.6,8548307.88
5,80,7,10.7,8697623.302
5,80,7,10.8,9556186.975
5,80,7,10.9,11086670.05
5,80,7,11,12542495.4
5,80,7,11.1,10788039.2
5,80,7,11.2,10676052.64
5,80,7,11.3,60510074.56
5,80,7,11.4,12057220.29
5,80,7,11.5,13737018.78
5,80,7,11.6,10153448.66
5,80,7,11.7,10526737.21
5,80,7,11.8,7988375.05
5,80,7,11.9,7503099.93
5,80,7,12,11235985.47
5,80,7,12.1,7017824.81
5,80,7,12.2,7204469.087
5,80,7,12.3,6793851.678
5,80,7,12.4,7428442.219
5,80,7,12.5,7391113.364
5,80,7,12.6,7503099.93
5,80,7,12.7,7727073.062
5,80,7,12.8,8249677.037
5,80,7,12.9,8622965.591
5,80,7,13,7577757.641
5,80,7,13.1,8660294.446
5,80,7,13.2,9257556.132
5,80,7,13.3,8772281.012
5,80,7,13.4,9854817.818
5,80,7,13.5,9854817.818
5,80,7,13.6,10153448.66
5,80,7,13.7,10900025.77
5,80,7,13.8,10862696.91
5,80,7,13.9,10489408.36
5,80,7,14,11497287.45
5,80,7,14.1,10825368.06
5,80,7,14.2,11497287.45
5,80,7,14.3,11870576.01
5,80,7,14.4,12953112.81
5,80,7,14.5,12355851.13
5,80,7,14.6,12990441.67
5,80,7,14.7,13177085.95
5,80,7,14.8,12766468.54
5,80,7,14.9,14035649.62
5,80,7,15,13923663.05
5,80,7,15.1,14072978.48
5,80,7,15.2,14856884.44
5,80,7,15.3,14446267.03
5,80,7,15.4,13625032.21
5,80,7,15.5,14819555.58
5,80,7,15.6,16088736.67
5,80,7,15.7,14894213.29
5,80,7,15.8,16760656.06
5,80,7,15.9,16797984.92
5,80,7,16,17357917.75
5,80,7,16.1,16872642.63
5,80,7,16.2,16238052.09
5,80,7,16.3,17059286.9
5,80,7,16.4,16536682.93
5,80,7,16.5,18179152.57
5,80,7,16.6,16611340.64
5,80,7,16.7,17805864.01
5,80,7,16.8,16760656.06
5,80,7,16.9,18776414.25
5,80,7,17,16685998.35
5,80,7,17.1,19411004.79
5,80,7,17.2,17955179.43
5,80,7,17.3,17768535.16
5,80,7,17.4,18851071.96
5,80,7,17.5,19037716.24
5,80,7,17.6,18440454.55
5,80,7,17.7,20568199.31
5,80,7,17.8,19037716.24
5,80,7,17.9,19784293.35
5,80,7,18,19187031.66
5,80,7,18.1,19299018.23
5,80,7,18.2,20232239.61
5,80,7,18.3,20978816.72
5,80,7,18.4,18739085.4
5,80,7,18.5,20045595.33
5,80,7,18.6,20157581.9
5,80,7,18.7,20866830.15
5,80,7,18.8,18664427.69
5,80,7,18.9,20530870.45
5,80,7,19,21165461
5,80,7,19.1,20568199.31
5,80,7,19.2,19933608.77
5,80,7,19.3,22173340.09
5,80,7,19.4,20381555.03
5,80,7,19.5,21576078.4
5,80,7,19.6,21538749.55
5,80,7,19.7,22098682.38
5,80,7,19.8,21912038.1
5,80,7,19.9,21650736.12
5,80,7,20,21762722.68
5,80,7,20.1,19336347.08
5,80,7,20.2,21762722.68
5,80,7,20.3,21464091.84
5,80,7,20.4,21576078.4
5,80,7,20.5,22957246.05
5,80,7,20.6,19746964.49
5,80,7,20.7,21725393.83
5,80,7,20.8,20717514.73
5,80,7,20.9,22770601.78
5,80,7,21,21874709.25
5,80,7,21.1,22957246.05
5,80,7,21.2,22322655.51
5,80,7,21.3,20194910.76
5,80,7,21.4,20194910.76
5,80,7,21.5,22024024.67
5,80,7,21.6,22173340.09
5,80,7,21.7,22882588.34
5,80,7,21.8,24189098.28
5,80,7,21.9,22770601.78
5,80,7,22,21501420.69
5,80,7,22.1,21128132.14
5,80,7,22.2,23106561.48
5,80,7,22.3,23442521.17
5,80,7,22.4,23479850.03
5,80,7,22.5,22173340.09
5,80,7,22.6,19933608.77
5,80,7,22.7,21576078.4
5,80,7,22.8,21986695.81
5,80,7,22.9,23405192.32
5,80,7,23,21128132.14
5,80,7,23.1,22285326.66
5,80,7,23.2,22583957.5
5,80,7,23.3,21874709.25
5,80,7,23.4,22210668.95
5,80,7,23.5,21538749.55
5,80,7,23.6,22882588.34
5,80,7,23.7,23517178.88
5,80,7,23.8,24226427.14
5,80,7,23.9,22882588.34
5,80,7,24,22322655.51
5,80,7,24.1,21277447.56
5,80,7,24.2,23778480.87
5,80,7,24.3,21277447.56
5,80,7,24.4,22173340.09
5,80,7,24.5,21688064.97
5,80,7,24.6,23778480.87
5,80,7,24.7,20754843.59
5,80,7,24.8,22434642.08
5,80,7,24.9,22285326.66
5,80,7,25,23069232.62
5,80,7,25.1,23965125.15
5,80,7,25.2,21016145.57
5,80,7,25.3,21352105.27
5,80,7,25.4,21613407.26
5,80,7,25.5,23367863.46
5,80,7,25.6,21128132.14
5,80,7,25.7,22024024.67
5,80,7,25.8,20120253.05
5,80,7,25.9,21426762.98
5,80,7,26,20530870.45
5,80,7,26.1,22919917.2
5,80,7,26.2,20792172.44
5,80,7,26.3,20866830.15
5,80,7,26.4,21128132.14
5,80,7,26.5,21986695.81
5,80,7,26.6,20754843.59
5,80,7,26.7,20456212.74
5,80,7,26.8,21912038.1
5,80,7,26.9,20568199.31
5,80,7,27,22061353.52
5,80,7,27.1,21277447.56
5,80,7,27.2,20269568.47
5,80,7,27.3,21725393.83
5,80,7,27.4,21576078.4
5,80,7,27.5,20232239.61
5,80,7,27.6,21650736.12
5,80,7,27.7,21165461
5,80,7,27.8,21202789.85
5,80,7,27.9,20269568.47
5,80,7,28,19746964.49
5,80,7,28.1,20829501.3
5,80,7,28.2,19821622.2
5,80,7,28.3,20344226.18
5,80,7,28.4,20904159.01
5,80,7,28.5,21277447.56
5,80,7,28.6,20605528.17
5,80,7,28.7,20008266.48
5,80,7,28.8,20456212.74
5,80,7,28.9,20120253.05
5,80,7,29,20530870.45
5,80,7,29.1,19336347.08
5,80,7,29.2,19634977.93
5,80,7,29.3,19112373.95
5,80,7,29.4,20978816.72
5,80,7,29.5,19187031.66
5,80,7,29.6,20866830.15
5,80,7,29.7,18515112.26
5,80,7,29.8,20568199.31
5,80,7,29.9,19448333.65
5,80,7,30,19336347.08
5,80,7,30.1,20680185.88
5,80,7,30.2,19485662.5
5,80,7,30.3,20306897.32
5,80,7,30.4,20530870.45
5,80,7,30.5,19187031.66
5,80,7,30.6,18216481.42
5,80,7,30.7,18888400.82
5,80,7,30.8,19224360.52
5,80,7,30.9,19448333.65
5,80,7,31,19299018.23
5,80,7,31.1,19896279.91
5,80,7,31.2,19336347.08
5,80,7,31.3,18291139.13
5,80,7,31.4,18440454.55
5,80,7,31.5,17395246.6
5,80,7,31.6,17619219.74
5,80,7,31.7,17768535.16
5,80,7,31.8,19187031.66
5,80,7,31.9,18104494.86
5,80,7,32,17096615.76
5,80,7,32.1,18664427.69
5,80,7,32.2,19672306.78
5,80,7,32.3,18104494.86
5,80,7,32.4,19970937.62
5,80,7,32.5,17507233.17
5,80,7,32.6,17992508.29
5,80,7,32.7,17581890.88
5,80,7,32.8,19037716.24
5,80,7,32.9,18216481.42
5,80,7,33,17320588.89
5,80,7,33.1,17917850.58
5,80,7,33.2,19112373.95
5,80,7,33.3,16648669.5
5,80,7,33.4,16872642.63
5,80,7,33.5,16723327.21
5,80,7,33.6,17245931.18
5,80,7,33.7,17059286.9
5,80,7,33.8,17917850.58
5,80,7,33.9,19373675.94
5,80,7,34,17283260.04
5,80,7,34.1,17843192.87
5,80,7,34.2,16872642.63
5,80,7,34.3,16723327.21
5,80,7,34.4,16499354.07
5,80,7,34.5,16275380.94
5,80,7,34.6,17208602.33
5,80,7,34.7,16760656.06
5,80,7,34.8,17843192.87
5,80,7,34.9,16872642.63
5,80,7,35,15528803.83
5,80,7,35.1,15864763.53
5,80,7,35.2,16051407.81
5,80,7,35.3,15640790.4
5,80,7,35.4,16685998.35
5,80,7,35.5,16238052.09
5,80,7,35.6,15528803.83
5,80,7,35.7,15603461.55
5,80,7,35.8,16275380.94
5,80,7,35.9,16200723.23
5,80,7,36,16648669.5
5,80,7,36.1,15379488.41
5,80,7,36.2,14707569.02
5,80,7,36.3,16387367.51
5,80,7,36.4,15342159.56
5,80,7,36.5,14595582.45
5,80,7,36.6,15043528.71
5,80,7,36.7,16051407.81
5,80,7,36.8,16424696.36
5,80,7,36.9,15491474.98
5,80,7,37,15752776.97
5,80,7,37.1,16200723.23
5,80,7,37.2,13849005.34
5,80,7,37.3,16238052.09
5,80,7,37.4,14147636.19
5,80,7,37.5,14782226.73
5,80,7,37.6,14744897.87
5,80,7,37.7,14595582.45
5,80,7,37.8,14819555.58
5,80,7,37.9,15640790.4
5,80,7,38,15790105.82
5,80,7,38.1,14296951.61
5,80,7,38.2,14856884.44
5,80,7,38.3,16238052.09
5,80,7,38.4,15528803.83
5,80,7,38.5,14520924.74
5,80,7,38.6,14296951.61
5,80,7,38.7,14894213.29
5,80,7,38.8,13587703.36
5,80,7,38.9,13102428.24
5,80,7,39,13401059.08
5,80,7,39.1,14632911.31
5,80,7,39.2,13475716.79
5,80,7,39.3,14446267.03
5,80,7,39.4,14072978.48
5,80,7,39.5,14110307.33
5,80,7,39.6,16014078.95
5,80,7,39.7,14035649.62
5,80,7,39.8,13923663.05
5,80,7,39.9,14035649.62
5,80,7,40,13550374.5
5,80,7,40.1,14184965.04
5,80,7,40.2,14446267.03
5,80,7,40.3,13587703.36
5,80,7,40.4,14072978.48
5,80,7,40.5,14072978.48
5,80,7,40.6,14184965.04
5,80,7,40.7,13475716.79
5,80,7,40.8,13923663.05
5,80,7,40.9,13923663.05
5,80,7,41,12393179.98
5,80,7,41.1,13625032.21
5,80,7,41.2,12019891.43
5,80,7,41.3,12505166.55
5,80,7,41.4,13662361.07
5,80,7,41.5,12691810.83
5,80,7,41.6,12841126.25
5,80,7,41.7,13251743.66
5,80,7,41.8,12019891.43
5,80,7,41.9,13699689.92
5,80,7,42,13065099.38
5,80,7,42.1,13699689.92
5,80,7,42.2,14035649.62
5,80,7,42.3,13811676.49
5,80,7,42.4,12953112.81
5,80,7,42.5,12766468.54
5,80,7,42.6,12505166.55
5,80,7,42.7,13401059.08
5,80,7,42.8,12243864.56
5,80,7,42.9,11795918.3
5,80,7,43,13065099.38
5,80,7,43.1,12355851.13
5,80,7,43.2,13513045.64
5,80,7,43.3,12654481.97
5,80,7,43.4,11870576.01
5,80,7,43.5,12318522.27
5,80,7,43.6,11497287.45
5,80,7,43.7,12542495.4
5,80,7,43.8,11683931.73
5,80,7,43.9,12729139.68
5,80,7,44,12990441.67
5,80,7,44.1,13401059.08
5,80,7,44.2,11907904.86
5,80,7,44.3,12243864.56
5,80,7,44.4,11459958.6
5,80,7,44.5,12206535.71
5,80,7,44.6,11497287.45
5,80,7,44.7,11385300.89
5,80,7,44.8,11721260.59
5,80,7,44.9,11945233.72
5,80,7,45,11459958.6
5,80,7,45.1,12019891.43
5,80,7,45.2,11497287.45
5,80,7,45.3,11833247.15
5,80,7,45.4,11870576.01
5,80,7,45.5,10900025.77
5,80,7,45.6,11161327.76
5,80,7,45.7,11609274.02
5,80,7,45.8,12206535.71
5,80,7,45.9,10974683.48
5,80,7,46,11497287.45
5,80,7,46.1,11310643.18
5,80,7,46.2,12057220.29
5,80,7,46.3,10302764.08
5,80,7,46.4,11870576.01
5,80,7,46.5,12057220.29
5,80,7,46.6,10004133.24
5,80,7,46.7,9966804.384
5,80,7,46.8,10900025.77
5,80,7,46.9,11870576.01
5,80,7,47,9929475.529
5,80,7,47.1,11086670.05
5,80,7,47.2,11049341.19
5,80,7,47.3,10788039.2
5,80,7,47.4,10377421.79
5,80,7,47.5,10414750.65
5,80,7,47.6,11497287.45
5,80,7,47.7,11012012.33
5,80,7,47.8,11086670.05
5,80,7,47.9,9294884.988
5,80,7,48,9444200.409
5,80,7,48.1,11422629.74
5,80,7,48.2,10900025.77
5,80,7,48.3,10750710.35
5,80,7,48.4,9966804.384
5,80,7,48.5,10078790.95
5,80,7,48.6,11459958.6
5,80,7,48.7,11273314.32
5,80,7,48.8,10078790.95
5,80,7,48.9,10862696.91
5,80,7,49,10825368.06
5,80,7,49.1,8436321.314
5,80,7,49.2,9593515.831
5,80,7,49.3,10153448.66
5,80,7,49.4,8958925.289
5,80,7,49.5,9929475.529
5,80,7,49.6,9854817.818
5,80,7,49.7,9966804.384
5,80,7,49.8,10302764.08
5,80,7,49.9,9332213.843
5,80,7,50,9369542.698
5,80,7,50.1,9593515.831
5,80,7,50.2,8958925.289
5,80,7,50.3,9332213.843
5,80,7,50.4,9481529.264
5,80,7,50.5,9332213.843
5,80,7,50.6,9332213.843
5,80,7,50.7,9294884.988
5,80,7,50.8,7988375.05
5,80,7,50.9,9033583
5,80,7,51,9668173.541
5,80,7,51.1,9257556.132
5,80,7,51.2,8361663.603
5,80,7,51.3,8398992.459
5,80,7,51.4,9929475.529
5,80,7,51.5,10004133.24
5,80,7,51.6,9444200.409
5,80,7,51.7,8846938.723
5,80,7,51.8,8809609.868
5,80,7,51.9,8398992.459
5,80,7,52,8548307.88
5,80,7,52.1,8212348.182
5,80,7,52.2,8473650.169
5,80,7,52.3,8697623.302
5,80,7,52.4,8063032.76
5,80,7,52.5,8809609.868
5,80,7,52.6,7951046.194
5,80,7,52.7,9033583
5,80,7,52.8,8287005.893
5,80,7,52.9,7839059.628
5,80,7,53,9033583
5,80,7,53.1,9145569.566
5,80,7,53.2,7727073.062
5,80,7,53.3,8398992.459
5,80,7,53.4,8510979.025
5,80,7,53.5,8510979.025
5,80,7,53.6,8025703.905
5,80,7,53.7,8772281.012
5,80,7,53.8,8398992.459
5,80,7,53.9,8025703.905
5,80,7,54,8025703.905
5,80,7,54.1,8809609.868
5,80,7,54.2,7951046.194
5,80,7,54.3,8436321.314
5,80,7,54.4,8660294.446
5,80,7,54.5,8100361.616
5,80,7,54.6,7353784.508
5,80,7,54.7,7615086.496
5,80,7,54.8,7652415.351
5,80,7,54.9,7988375.05
5,80,7,55,8100361.616
5,80,7,55.1,7129811.376
5,80,7,55.2,7913717.339
5,80,7,55.3,8361663.603
5,80,7,55.4,8287005.893
5,80,7,55.5,8996254.145
5,80,7,55.6,7951046.194
5,80,7,55.7,7876388.483
5,80,7,55.8,7913717.339
5,80,7,55.9,6905838.244
5,80,7,56,7839059.628
5,80,7,56.1,7167140.231
5,80,7,56.2,7353784.508
5,80,7,56.3,7428442.219
5,80,7,56.4,7279126.798
5,80,7,56.5,7391113.364
5,80,7,56.6,7465771.074
5,80,7,56.7,7353784.508
5,80,7,56.8,7801730.773
5,80,7,56.9,7615086.496
5,80,7,57,6607207.401
5,80,7,57.1,7727073.062
5,80,7,57.2,7017824.81
5,80,7,57.3,7801730.773
5,80,7,57.4,7167140.231
5,80,7,57.5,6793851.678
5,80,7,57.6,7092482.521
5,80,7,57.7,6457891.979
5,80,7,57.8,7577757.641
5,80,7,57.9,7839059.628
5,80,7,58,6532549.69
5,80,7,58.1,14035649.62
5,80,7,58.2,6308576.558
5,80,7,58.3,7204469.087
5,80,7,58.4,5860630.293
5,80,7,58.5,5935288.004
5,80,7,58.6,7465771.074
5,80,7,58.7,6420563.124
5,80,7,58.8,6681865.112
5,80,7,58.9,6756522.822
5,80,7,59,6383234.269
5,80,7,59.1,5972616.86
5,80,7,59.2,6495220.835
5,80,7,59.3,5785972.583
5,80,7,59.4,6793851.678
5,80,7,59.5,21762722.68
5,80,7,59.6,7465771.074
5,80,7,59.7,7241797.942
5,80,7,59.8,6420563.124
5,80,7,59.9,6831180.533
5,80,7,60,6719193.967
5,80,7,60.1,6383234.269
5,80,7,60.2,7913717.339
5,80,7,60.3,5860630.293
5,80,7,60.4,6121932.281
5,80,7,60.5,6345905.413
5,80,7,60.6,6868509.388
5,80,7,60.7,6047274.57
5,80,7,60.8,5785972.583
5,80,7,60.9,6532549.69
5,80,7,61,6345905.413
5,80,7,61.1,5897959.149
5,80,7,61.2,5673986.017
5,80,7,61.3,6121932.281
5,80,7,61.4,6905838.244
5,80,7,61.5,5935288.004
5,80,7,61.6,6047274.57
5,80,7,61.7,6196589.992
5,80,7,61.8,5300697.463
5,80,7,61.9,4628778.066
5,80,7,62,5897959.149
5,80,7,62.1,6868509.388
5,80,7,62.2,6047274.57
5,80,7,62.3,5673986.017
5,80,7,62.4,6047274.57
5,80,7,62.5,6047274.57
5,80,7,62.6,5114053.186
5,80,7,62.7,6121932.281
5,80,7,62.8,5748643.727
5,80,7,62.9,5076724.331
5,80,7,63,4516791.5
5,80,7,63.1,5636657.161
5,80,7,63.2,5972616.86
5,80,7,63.3,5487341.74
5,80,7,63.4,5599328.306
5,80,7,63.5,5226039.752
5,80,7,63.6,5748643.727
5,80,7,63.7,5300697.463
5,80,7,63.8,5338026.318
5,80,7,63.9,5599328.306
5,80,7,64,5114053.186
5,80,7,64.1,5002066.62
5,80,7,64.2,5524670.595
5,80,7,64.3,5002066.62
5,80,7,64.4,4516791.5
5,80,7,64.5,5711314.872
5,80,7,64.6,4815422.343
5,80,7,64.7,5338026.318
5,80,7,64.8,5748643.727
5,80,7,64.9,4778093.488
5,80,7,65,4964737.764
5,80,7,65.1,5002066.62
5,80,7,65.2,4666106.921
5,80,7,65.3,4852751.198
5,80,7,65.4,5300697.463
5,80,7,65.5,5188710.897
5,80,7,65.6,5114053.186
5,80,7,65.7,4964737.764
5,80,7,65.8,4404804.934
5,80,7,65.9,5226039.752
5,80,7,66,4815422.343
5,80,7,66.1,4666106.921
5,80,7,66.2,4404804.934
5,80,7,66.3,3695556.682
5,80,7,66.4,4815422.343
5,80,7,66.5,4927408.909
5,80,7,66.6,4106174.091
5,80,7,66.7,4180831.802
5,80,7,66.8,4031516.38
5,80,7,66.9,3994187.525
5,80,7,67,4479462.645
5,80,7,67.1,5897959.149
5,80,7,67.2,4591449.211
5,80,7,67.3,4703435.777
5,80,7,67.4,7727073.062
5,80,7,67.5,3508912.405
5,80,7,67.6,4666106.921
5,80,7,67.7,4330147.223
5,80,7,67.8,4778093.488
5,80,7,67.9,4292818.368
5,80,7,68,4292818.368
5,80,7,68.1,3882200.959
5,80,7,68.2,5002066.62
5,80,7,68.3,3732885.537
5,80,7,68.4,4964737.764
5,80,7,68.5,3359596.983
5,80,7,68.6,3695556.682
5,80,7,68.7,3284939.273
5,80,7,68.8,4143502.946
5,80,7,68.9,4479462.645
5,80,7,69,3732885.537
5,80,7,69.1,4292818.368
5,80,7,69.2,4367476.079
5,80,7,69.3,4516791.5
5,80,7,69.4,3658227.826
5,80,7,69.5,3658227.826
5,80,7,69.6,3434254.694
5,80,7,69.7,3434254.694
5,80,7,69.8,3322268.128
5,80,7,69.9,3396925.839
5,80,7,70,3359596.983
5,80,7,70.1,3620898.971
5,80,7,70.2,3844872.103
5,80,7,70.3,3098294.996
5,80,7,70.4,3210281.562
5,80,7,70.5,3546241.26
5,80,7,70.6,3172952.707
5,80,7,70.7,2538362.165
5,80,7,70.8,3098294.996
5,80,7,70.9,3135623.851
5,80,7,71,3098294.996
5,80,7,71.1,3471583.55
5,80,7,71.2,2986308.43
5,80,7,71.3,2575691.021
5,80,7,71.4,3060966.14
5,80,7,71.5,2725006.442
5,80,7,71.6,3322268.128
5,80,7,71.7,3135623.851
5,80,7,71.8,2911650.719
5,80,7,71.9,2426375.599
5,80,7,72,2725006.442
5,80,7,72.1,2575691.021
5,80,7,72.2,2986308.43
5,80,7,72.3,2948979.574
5,80,7,72.4,3210281.562
5,80,7,72.5,2836993.008
5,80,7,72.6,2165073.612
5,80,7,72.7,3098294.996
5,80,7,72.8,2986308.43
5,80,7,72.9,2389046.744
5,80,7,73,2389046.744
5,80,7,73.1,3098294.996
5,80,7,73.2,2687677.587
5,80,7,73.3,2613019.876
5,80,7,73.4,3098294.996
5,80,7,73.5,2538362.165
5,80,7,73.6,2948979.574
5,80,7,73.7,2650348.731
5,80,7,73.8,2389046.744
5,80,7,73.9,2463704.455
5,80,7,74,2650348.731
5,80,7,74.1,2277060.178
5,80,7,74.2,2463704.455
5,80,7,74.3,2538362.165
5,80,7,74.4,1941100.479
5,80,7,74.5,2501033.31
5,80,7,74.6,2202402.467
5,80,7,74.7,1941100.479
5,80,7,74.8,2501033.31
5,80,7,74.9,2463704.455
5,80,7,75,2090415.901
5,80,7,75.1,2426375.599
5,80,7,75.2,2202402.467
5,80,7,75.3,2314389.033
5,80,7,75.4,2389046.744
5,80,7,75.5,1754456.202
5,80,7,75.6,2053087.045
5,80,7,75.7,2090415.901
5,80,7,75.8,1866442.769
5,80,7,75.9,2127744.756
5,80,7,76,2127744.756
5,80,7,76.1,2015758.19
5,80,7,76.2,2538362.165
5,80,7,76.3,1642469.636
5,80,7,76.4,1642469.636
5,80,7,76.5,1717127.347
5,80,7,76.6,1194523.372
5,80,7,76.7,1791785.058
5,80,7,76.8,1530483.07
5,80,7,76.9,1381167.649
5,80,7,77,1642469.636
5,80,7,77.1,1679798.492
5,80,7,77.2,1941100.479
5,80,7,77.3,1903771.624
5,80,7,77.4,1567811.926
5,80,7,77.5,1978429.335
5,80,7,77.6,1978429.335
5,80,7,77.7,1343838.793
5,80,7,77.8,1791785.058
5,80,7,77.9,1418496.504
5,80,7,78,1343838.793
5,80,7,78.1,1045207.95
5,80,7,78.2,1194523.372
5,80,7,78.3,1007879.095
5,80,7,78.4,1493154.215
5,80,7,78.5,1306509.938
5,80,7,78.6,858563.6736
5,80,7,78.7,1493154.215
5,80,7,78.8,858563.6736
5,80,7,78.9,1157194.517
5,80,7,79,1045207.95
5,80,7,79.1,634590.5413
5,80,7,79.2,671919.3967
5,80,7,79.3,895892.5289
5,80,7,79.4,522603.9752
5,80,7,79.5,447946.2645
5,80,7,79.6,634590.5413
5,80,7,79.7,485275.1198
5,80,7,79.8,522603.9752
5,80,7,79.9,447946.2645
5,80,7,80,111986.5661
5,150,7,0.3,69618.31527
5,150,7,2.8,69618.31527
5,150,7,3,69618.31527
5,150,7,3.3,139236.6305
5,150,7,3.4,69618.31527
5,150,7,3.5,208854.9458
5,150,7,3.6,417709.8916
5,150,7,3.7,348091.5763
5,150,7,3.8,765801.468
5,150,7,3.9,905038.0985
5,150,7,4,1253129.675
5,150,7,4.1,1879694.512
5,150,7,4.2,1670839.566
5,150,7,4.3,2158167.773
5,150,7,4.4,3341679.133
5,150,7,4.5,4107480.601
5,150,7,4.6,4803663.754
5,150,7,4.7,5708701.852
5,150,7,4.8,5847938.483
5,150,7,4.9,6335266.689
5,150,7,5,9328854.246
5,150,7,5.1,8284579.517
5,150,7,5.2,8702289.409
5,150,7,5.3,10930075.5
5,150,7,5.4,11069312.13
5,150,7,5.5,13018624.96
5,150,7,5.6,12600915.06
5,150,7,5.7,13993281.37
5,150,7,5.8,15385647.67
5,150,7,5.9,19562746.59
5,150,7,6,20258929.74
5,150,7,6.1,19980456.48
5,150,7,6.2,22695570.78
5,150,7,6.3,25758776.65
5,150,7,6.4,25689158.33
5,150,7,6.5,29727020.62
5,150,7,6.6,31328241.87
5,150,7,6.7,30771295.35
5,150,7,6.8,36062287.31
5,150,7,6.9,33764882.91
5,150,7,7,38150836.77
5,150,7,7.1,39473584.76
5,150,7,7.2,40726714.43
5,150,7,7.3,42049462.42
5,150,7,7.4,142299836.4
5,150,7,7.5,45182286.61
5,150,7,7.6,52422591.4
5,150,7,7.7,48941675.63
5,150,7,7.8,49916332.05
5,150,7,7.9,55207324.01
5,150,7,8,52561828.03
5,150,7,8.1,56181980.42
5,150,7,8.2,55068087.38
5,150,7,8.3,319896158.7
5,150,7,8.4,2370851726
5,150,7,8.5,63074193.63
5,150,7,8.6,63770376.79
5,150,7,8.7,64814651.52
5,150,7,8.8,105541365.9
5,150,7,8.9,64048850.05
5,150,7,9,67460147.5
5,150,7,9.1,74630833.97
5,150,7,9.2,78599077.94
5,150,7,9.3,75118162.17
5,150,7,9.4,75187780.49
5,150,7,9.5,184836627
5,150,7,9.6,118490372.6
5,150,7,9.7,1706971472
5,150,7,9.8,216164868.9
5,150,7,9.9,153856476.7
5,150,7,10,754314445.9
5,150,7,10.1,91756939.52
5,150,7,10.2,88415260.39
5,150,7,10.3,41214042.64
5,150,7,10.4,38847019.92
5,150,7,10.5,38916638.24
5,150,7,10.6,40935569.38
5,150,7,10.7,43650683.67
5,150,7,10.8,40587477.8
5,150,7,10.9,40239386.23
5,150,7,11,52213736.45
5,150,7,11.1,41422897.58
5,150,7,11.2,43163355.47
5,150,7,11.3,249372805.3
5,150,7,11.4,46505034.6
5,150,7,11.5,50264423.62
5,150,7,11.6,51447934.98
5,150,7,11.7,52492209.71
5,150,7,11.8,37941981.82
5,150,7,11.9,34461066.06
5,150,7,12,39821676.33
5,150,7,12.1,31954806.71
5,150,7,12.2,30423203.77
5,150,7,12.3,36131905.62
5,150,7,12.4,34530684.37
5,150,7,12.5,35157249.21
5,150,7,12.6,33068699.75
5,150,7,12.7,37385035.3
5,150,7,12.8,36549615.52
5,150,7,12.9,36340760.57
5,150,7,13,37036943.72
5,150,7,13.1,35714195.73
5,150,7,13.2,39055874.87
5,150,7,13.3,36062287.31
5,150,7,13.4,40726714.43
5,150,7,13.5,35783814.05
5,150,7,13.6,35018012.58
5,150,7,13.7,37733126.88
5,150,7,13.8,42745645.57
5,150,7,13.9,43302592.1
5,150,7,14,39821676.33
5,150,7,14.1,40587477.8
5,150,7,14.2,39195111.5
5,150,7,14.3,38429310.03
5,150,7,14.4,41701370.85
5,150,7,14.5,41631752.53
5,150,7,14.6,43093737.15
5,150,7,14.7,41283660.95
5,150,7,14.8,44694958.4
5,150,7,14.9,41631752.53
5,150,7,15,43441828.73
5,150,7,15.1,43093737.15
5,150,7,15.2,45808851.45
5,150,7,15.3,44416485.14
5,150,7,15.4,49011293.95
5,150,7,15.5,46017706.39
5,150,7,15.6,44416485.14
5,150,7,15.7,43441828.73
5,150,7,15.8,45182286.61
5,150,7,15.9,46365797.97
5,150,7,16,47758164.27
5,150,7,16.1,41631752.53
5,150,7,16.2,46087324.71
5,150,7,16.3,44138011.88
5,150,7,16.4,46644271.23
5,150,7,16.5,48872057.32
5,150,7,16.6,46853126.18
5,150,7,16.7,47618927.64
5,150,7,16.8,45948088.08
5,150,7,16.9,49289767.21
5,150,7,17,52492209.71
5,150,7,17.1,51239080.04
5,150,7,17.2,48315110.8
5,150,7,17.3,49707477.1
5,150,7,17.4,47479691.01
5,150,7,17.5,50125186.99
5,150,7,17.6,51935263.19
5,150,7,17.7,48523965.74
5,150,7,17.8,52561828.03
5,150,7,17.9,51378316.67
5,150,7,18,51517553.3
5,150,7,18.1,50473278.57
5,150,7,18.2,50890988.46
5,150,7,18.3,52561828.03
5,150,7,18.4,50403660.25
5,150,7,18.5,49568240.47
5,150,7,18.6,52492209.71
5,150,7,18.7,47688545.96
5,150,7,18.8,51726408.24
5,150,7,18.9,49568240.47
5,150,7,19,48663202.37
5,150,7,19.1,52840301.29
5,150,7,19.2,48245492.48
5,150,7,19.3,54093430.96
5,150,7,19.4,53397247.81
5,150,7,19.5,49011293.95
5,150,7,19.6,49777095.42
5,150,7,19.7,49568240.47
5,150,7,19.8,52352973.08
5,150,7,19.9,51169461.72
5,150,7,20,47549309.33
5,150,7,20.1,50960606.78
5,150,7,20.2,49985950.36
5,150,7,20.3,51308698.35
5,150,7,20.4,55068087.38
5,150,7,20.5,51308698.35
5,150,7,20.6,50682133.52
5,150,7,20.7,52213736.45
5,150,7,20.8,52352973.08
5,150,7,20.9,50125186.99
5,150,7,21,52492209.71
5,150,7,21.1,50682133.52
5,150,7,21.2,52701064.66
5,150,7,21.3,51308698.35
5,150,7,21.4,52144118.14
5,150,7,21.5,49985950.36
5,150,7,21.6,50612515.2
5,150,7,21.7,49080912.26
5,150,7,21.8,52770682.97
5,150,7,21.9,49289767.21
5,150,7,22,48384729.11
5,150,7,22.1,53327629.5
5,150,7,22.2,49985950.36
5,150,7,22.3,51378316.67
5,150,7,22.4,52074499.82
5,150,7,22.5,52631446.34
5,150,7,22.6,52561828.03
5,150,7,22.7,53118774.55
5,150,7,22.8,51030225.09
5,150,7,22.9,50334041.94
5,150,7,23,51099843.41
5,150,7,23.1,52561828.03
5,150,7,23.2,52004881.51
5,150,7,23.3,52840301.29
5,150,7,23.4,50264423.62
5,150,7,23.5,49080912.26
5,150,7,23.6,50612515.2
5,150,7,23.7,50334041.94
5,150,7,23.8,50960606.78
5,150,7,23.9,47061981.12
5,150,7,24,47897400.9
5,150,7,24.1,48941675.63
5,150,7,24.2,53884576.02
5,150,7,24.3,50960606.78
5,150,7,24.4,50194805.31
5,150,7,24.5,47618927.64
5,150,7,24.6,50473278.57
5,150,7,24.7,49568240.47
5,150,7,24.8,48941675.63
5,150,7,24.9,48663202.37
5,150,7,25,50334041.94
5,150,7,25.1,47688545.96
5,150,7,25.2,49707477.1
5,150,7,25.3,48315110.8
5,150,7,25.4,49080912.26
5,150,7,25.5,43163355.47
5,150,7,25.6,46505034.6
5,150,7,25.7,47410072.7
5,150,7,25.8,49707477.1
5,150,7,25.9,50821370.15
5,150,7,26,46087324.71
5,150,7,26.1,51935263.19
5,150,7,26.2,49080912.26
5,150,7,26.3,48175874.17
5,150,7,26.4,49150530.58
5,150,7,26.5,51587171.61
5,150,7,26.6,48872057.32
5,150,7,26.7,48245492.48
5,150,7,26.8,47688545.96
5,150,7,26.9,47479691.01
5,150,7,27,47897400.9
5,150,7,27.1,46574652.91
5,150,7,27.2,43511447.04
5,150,7,27.3,47618927.64
5,150,7,27.4,45739233.13
5,150,7,27.5,44068393.57
5,150,7,27.6,47758164.27
5,150,7,27.7,48175874.17
5,150,7,27.8,48523965.74
5,150,7,27.9,42536790.63
5,150,7,28,46296179.65
5,150,7,28.1,46087324.71
5,150,7,28.2,43859538.62
5,150,7,28.3,44346866.83
5,150,7,28.4,45391141.56
5,150,7,28.5,45530378.19
5,150,7,28.6,43789920.3
5,150,7,28.7,44625340.09
5,150,7,28.8,41214042.64
5,150,7,28.9,44138011.88
5,150,7,29,41562134.22
5,150,7,29.1,46156943.02
5,150,7,29.2,46017706.39
5,150,7,29.3,42884882.21
5,150,7,29.4,43511447.04
5,150,7,29.5,47131599.44
5,150,7,29.6,45043049.98
5,150,7,29.7,42815263.89
5,150,7,29.8,46226561.34
5,150,7,29.9,43024118.84
5,150,7,30,43650683.67
5,150,7,30.1,43789920.3
5,150,7,30.2,44486103.46
5,150,7,30.3,44277248.51
5,150,7,30.4,46365797.97
5,150,7,30.5,40796332.75
5,150,7,30.6,39891294.65
5,150,7,30.7,41283660.95
5,150,7,30.8,40796332.75
5,150,7,30.9,43789920.3
5,150,7,31,40935569.38
5,150,7,31.1,44207630.2
5,150,7,31.2,38707783.29
5,150,7,31.3,40587477.8
5,150,7,31.4,42258317.37
5,150,7,31.5,41770989.16
5,150,7,31.6,43372210.41
5,150,7,31.7,38847019.92
5,150,7,31.8,40657096.12
5,150,7,31.9,40587477.8
5,150,7,32,39752058.02
5,150,7,32.1,41979844.11
5,150,7,32.2,40239386.23
5,150,7,32.3,38429310.03
5,150,7,32.4,39612821.39
5,150,7,32.5,38777401.6
5,150,7,32.6,40239386.23
5,150,7,32.7,39960912.96
5,150,7,32.8,42954500.52
5,150,7,32.9,41979844.11
5,150,7,33,38359691.71
5,150,7,33.1,39473584.76
5,150,7,33.2,39125493.18
5,150,7,33.3,41074806.01
5,150,7,33.4,41353279.27
5,150,7,33.5,38707783.29
5,150,7,33.6,35226867.53
5,150,7,33.7,39612821.39
5,150,7,33.8,37593890.25
5,150,7,33.9,41979844.11
5,150,7,34,39334348.13
5,150,7,34.1,40100149.59
5,150,7,34.2,37245798.67
5,150,7,34.3,35296485.84
5,150,7,34.4,40865951.06
5,150,7,34.5,39543203.07
5,150,7,34.6,36410378.89
5,150,7,34.7,35923050.68
5,150,7,34.8,37593890.25
5,150,7,34.9,36967325.41
5,150,7,35,37872363.51
5,150,7,35.1,35783814.05
5,150,7,35.2,38081218.45
5,150,7,35.3,36201523.94
5,150,7,35.4,35644577.42
5,150,7,35.5,37176180.35
5,150,7,35.6,34461066.06
5,150,7,35.7,36340760.57
5,150,7,35.8,39055874.87
5,150,7,35.9,38429310.03
5,150,7,36,36271142.25
5,150,7,36.1,33277554.7
5,150,7,36.2,33556027.96
5,150,7,36.3,34948394.26
5,150,7,36.4,35296485.84
5,150,7,36.5,35087630.9
5,150,7,36.6,37802745.19
5,150,7,36.7,37176180.35
5,150,7,36.8,32094043.34
5,150,7,36.9,35505340.79
5,150,7,37,35644577.42
5,150,7,37.1,36479997.2
5,150,7,37.2,31258623.56
5,150,7,37.3,36688852.15
5,150,7,37.4,36410378.89
5,150,7,37.5,34669921
5,150,7,37.6,32094043.34
5,150,7,37.7,31885188.39
5,150,7,37.8,35226867.53
5,150,7,37.9,32999081.44
5,150,7,38,35505340.79
5,150,7,38.1,38498928.34
5,150,7,38.2,34321829.43
5,150,7,38.3,36758470.46
5,150,7,38.4,33347173.01
5,150,7,38.5,33764882.91
5,150,7,38.6,32094043.34
5,150,7,38.7,35992668.99
5,150,7,38.8,32650989.86
5,150,7,38.9,33347173.01
5,150,7,39,33764882.91
5,150,7,39.1,29239692.41
5,150,7,39.2,32999081.44
5,150,7,39.3,31328241.87
5,150,7,39.4,31397860.19
5,150,7,39.5,32442134.92
5,150,7,39.6,33695264.59
5,150,7,39.7,32372516.6
5,150,7,39.8,32581371.55
5,150,7,39.9,34669921
5,150,7,40,36340760.57
5,150,7,40.1,33277554.7
5,150,7,40.2,36271142.25
5,150,7,40.3,32511753.23
5,150,7,40.4,30980150.29
5,150,7,40.5,31606715.13
5,150,7,40.6,32372516.6
5,150,7,40.7,30980150.29
5,150,7,40.8,31676333.45
5,150,7,40.9,29866257.25
5,150,7,41,31397860.19
5,150,7,41.1,27847326.11
5,150,7,41.2,32650989.86
5,150,7,41.3,34182592.8
5,150,7,41.4,30144730.51
5,150,7,41.5,32024425.02
5,150,7,41.6,30840913.66
5,150,7,41.7,29866257.25
5,150,7,41.8,34252211.11
5,150,7,41.9,31328241.87
5,150,7,42,30283967.14
5,150,7,42.1,30214348.83
5,150,7,42.2,33904119.54
5,150,7,42.3,29170074.1
5,150,7,42.4,29866257.25
5,150,7,42.5,31745951.76
5,150,7,42.6,29309310.73
5,150,7,42.7,29727020.62
5,150,7,42.8,31258623.56
5,150,7,42.9,30075112.2
5,150,7,43,33207936.38
5,150,7,43.1,28473890.94
5,150,7,43.2,28613127.58
5,150,7,43.3,29518165.67
5,150,7,43.4,29727020.62
5,150,7,43.5,25898013.28
5,150,7,43.6,29448547.36
5,150,7,43.7,27916944.42
5,150,7,43.8,27638471.16
5,150,7,43.9,31745951.76
5,150,7,44,28752364.21
5,150,7,44.1,28891600.84
5,150,7,44.2,28404272.63
5,150,7,44.3,28265036
5,150,7,44.4,26803051.38
5,150,7,44.5,29170074.1
5,150,7,44.6,27916944.42
5,150,7,44.7,25898013.28
5,150,7,44.8,28404272.63
5,150,7,44.9,28404272.63
5,150,7,45,28125799.37
5,150,7,45.1,29587783.99
5,150,7,45.2,26315723.17
5,150,7,45.3,23391753.93
5,150,7,45.4,26246104.86
5,150,7,45.5,26872669.69
5,150,7,45.6,28473890.94
5,150,7,45.7,25967631.6
5,150,7,45.8,28404272.63
5,150,7,45.9,29030837.47
5,150,7,46,26106868.23
5,150,7,46.1,27638471.16
5,150,7,46.2,25480303.39
5,150,7,46.3,28334654.31
5,150,7,46.4,27151142.95
5,150,7,46.5,28543509.26
5,150,7,46.6,25758776.65
5,150,7,46.7,28821982.52
5,150,7,46.8,28961219.15
5,150,7,46.9,23600608.88
5,150,7,47,23879082.14
5,150,7,47.1,28334654.31
5,150,7,47.2,27847326.11
5,150,7,47.3,26385341.49
5,150,7,47.4,23530990.56
5,150,7,47.5,26385341.49
5,150,7,47.6,26594196.43
5,150,7,47.7,25549921.7
5,150,7,47.8,24853738.55
5,150,7,47.9,24575265.29
5,150,7,48,26385341.49
5,150,7,48.1,26524578.12
5,150,7,48.2,24505646.97
5,150,7,48.3,23600608.88
5,150,7,48.4,24992975.18
5,150,7,48.5,27220761.27
5,150,7,48.6,23391753.93
5,150,7,48.7,24018318.77
5,150,7,48.8,23113280.67
5,150,7,48.9,27568852.85
5,150,7,49,25689158.33
5,150,7,49.1,24575265.29
5,150,7,49.2,23113280.67
5,150,7,49.3,24575265.29
5,150,7,49.4,27638471.16
5,150,7,49.5,22695570.78
5,150,7,49.6,23322135.61
5,150,7,49.7,23809463.82
5,150,7,49.8,23530990.56
5,150,7,49.9,23043662.35
5,150,7,50,21929769.31
5,150,7,50.1,23391753.93
5,150,7,50.2,22069005.94
5,150,7,50.3,25201830.13
5,150,7,50.4,22347479.2
5,150,7,50.5,24018318.77
5,150,7,50.6,22208242.57
5,150,7,50.7,21790532.68
5,150,7,50.8,23322135.61
5,150,7,50.9,24018318.77
5,150,7,51,21860150.99
5,150,7,51.1,23043662.35
5,150,7,51.2,22974044.04
5,150,7,51.3,22208242.57
5,150,7,51.4,22277860.89
5,150,7,51.5,22347479.2
5,150,7,51.6,21651296.05
5,150,7,51.7,24644883.61
5,150,7,51.8,23461372.25
5,150,7,51.9,21372822.79
5,150,7,52,25758776.65
5,150,7,52.1,24575265.29
5,150,7,52.2,23252517.3
5,150,7,52.3,23739845.51
5,150,7,52.4,22625952.46
5,150,7,52.5,22138624.26
5,150,7,52.6,22974044.04
5,150,7,52.7,24087937.08
5,150,7,52.8,21094349.53
5,150,7,52.9,24436028.66
5,150,7,53,22347479.2
5,150,7,53.1,22974044.04
5,150,7,53.2,19841219.85
5,150,7,53.3,18657708.49
5,150,7,53.4,22138624.26
5,150,7,53.5,23809463.82
5,150,7,53.6,22625952.46
5,150,7,53.7,23252517.3
5,150,7,53.8,20119693.11
5,150,7,53.9,20815876.27
5,150,7,54,23530990.56
5,150,7,54.1,21790532.68
5,150,7,54.2,22556334.15
5,150,7,54.3,21720914.36
5,150,7,54.4,22277860.89
5,150,7,54.5,20815876.27
5,150,7,54.6,20189311.43
5,150,7,54.7,22417097.52
5,150,7,54.8,25132211.81
5,150,7,54.9,21999387.62
5,150,7,55,20676639.63
5,150,7,55.1,21512059.42
5,150,7,55.2,22904425.72
5,150,7,55.3,21720914.36
5,150,7,55.4,21929769.31
5,150,7,55.5,20746257.95
5,150,7,55.6,21024731.21
5,150,7,55.7,21094349.53
5,150,7,55.8,20398166.37
5,150,7,55.9,21860150.99
5,150,7,56,17961525.34
5,150,7,56.1,20607021.32
5,150,7,56.2,20258929.74
5,150,7,56.3,19910838.17
5,150,7,56.4,20258929.74
5,150,7,56.5,21303204.47
5,150,7,56.6,21581677.73
5,150,7,56.7,19005800.07
5,150,7,56.8,20537403
5,150,7,56.9,21094349.53
5,150,7,57,18936181.75
5,150,7,57.1,21233586.16
5,150,7,57.2,21303204.47
5,150,7,57.3,20398166.37
5,150,7,57.4,18796945.12
5,150,7,57.5,19423509.96
5,150,7,57.6,21860150.99
5,150,7,57.7,19910838.17
5,150,7,57.8,21512059.42
5,150,7,57.9,17961525.34
5,150,7,58,20189311.43
5,150,7,58.1,220898914.3
5,150,7,58.2,20328548.06
5,150,7,58.3,18657708.49
5,150,7,58.4,20676639.63
5,150,7,58.5,18170380.29
5,150,7,58.6,20537403
5,150,7,58.7,18100761.97
5,150,7,58.8,20955112.9
5,150,7,58.9,19562746.59
5,150,7,59,18727326.81
5,150,7,59.1,18657708.49
5,150,7,59.2,19701983.22
5,150,7,59.3,17822288.71
5,150,7,59.4,18448853.55
5,150,7,59.5,354914171.2
5,150,7,59.6,19771601.54
5,150,7,59.7,20258929.74
5,150,7,59.8,19980456.48
5,150,7,59.9,18866563.44
5,150,7,60,19841219.85
5,150,7,60.1,18796945.12
5,150,7,60.2,20119693.11
5,150,7,60.3,16778013.98
5,150,7,60.4,17056487.24
5,150,7,60.5,20398166.37
5,150,7,60.6,17334960.5
5,150,7,60.7,17752670.39
5,150,7,60.8,17543815.45
5,150,7,60.9,18588090.18
5,150,7,61,19493128.28
5,150,7,61.1,17543815.45
5,150,7,61.2,17195723.87
5,150,7,61.3,18379235.23
5,150,7,61.4,17334960.5
5,150,7,61.5,18448853.55
5,150,7,61.6,19423509.96
5,150,7,61.7,18657708.49
5,150,7,61.8,18239998.6
5,150,7,61.9,18657708.49
5,150,7,62,17195723.87
5,150,7,62.1,17961525.34
5,150,7,62.2,17056487.24
5,150,7,62.3,17265342.19
5,150,7,62.4,15246411.04
5,150,7,62.5,17543815.45
5,150,7,62.6,16847632.3
5,150,7,62.7,17126105.56
5,150,7,62.8,18448853.55
5,150,7,62.9,17752670.39
5,150,7,63,16917250.61
5,150,7,63.1,17543815.45
5,150,7,63.2,16360304.09
5,150,7,63.3,15664120.94
5,150,7,63.4,17265342.19
5,150,7,63.5,18518471.86
5,150,7,63.6,17543815.45
5,150,7,63.7,19145036.7
5,150,7,63.8,14967937.78
5,150,7,63.9,16708395.66
5,150,7,64,17543815.45
5,150,7,64.1,16081830.83
5,150,7,64.2,15594502.62
5,150,7,64.3,17613433.76
5,150,7,64.4,18031143.65
5,150,7,64.5,16708395.66
5,150,7,64.6,18518471.86
5,150,7,64.7,16638777.35
5,150,7,64.8,15733739.25
5,150,7,64.9,16499540.72
5,150,7,65,16499540.72
5,150,7,65.1,14898319.47
5,150,7,65.2,15385647.67
5,150,7,65.3,18100761.97
5,150,7,65.4,14341372.95
5,150,7,65.5,15385647.67
5,150,7,65.6,15803357.57
5,150,7,65.7,17126105.56
5,150,7,65.8,14062899.68
5,150,7,65.9,15524884.3
5,150,7,66,15385647.67
5,150,7,66.1,17126105.56
5,150,7,66.2,17474197.13
5,150,7,66.3,17056487.24
5,150,7,66.4,17683052.08
5,150,7,66.5,15733739.25
5,150,7,66.6,15246411.04
5,150,7,66.7,15524884.3
5,150,7,66.8,15455265.99
5,150,7,66.9,15872975.88
5,150,7,67,15176792.73
5,150,7,67.1,52352973.08
5,150,7,67.2,15594502.62
5,150,7,67.3,14967937.78
5,150,7,67.4,84864726.31
5,150,7,67.5,15594502.62
5,150,7,67.6,15316029.36
5,150,7,67.7,16012212.51
5,150,7,67.8,16429922.4
5,150,7,67.9,17891907.02
5,150,7,68,14967937.78
5,150,7,68.1,12809770.01
5,150,7,68.2,14898319.47
5,150,7,68.3,14480609.58
5,150,7,68.4,18588090.18
5,150,7,68.5,14898319.47
5,150,7,68.6,15246411.04
5,150,7,68.7,15107174.41
5,150,7,68.8,14132518
5,150,7,68.9,14689464.52
5,150,7,69,14689464.52
5,150,7,69.1,16499540.72
5,150,7,69.2,23113280.67
5,150,7,69.3,31606715.13
5,150,7,69.4,14898319.47
5,150,7,69.5,16986868.93
5,150,7,69.6,18031143.65
5,150,7,69.7,14828701.15
5,150,7,69.8,13297098.22
5,150,7,69.9,13854044.74
5,150,7,70,12531296.75
5,150,7,70.1,14341372.95
5,150,7,70.2,12113586.86
5,150,7,70.3,13436334.85
5,150,7,70.4,14410991.26
5,150,7,70.5,12879388.32
5,150,7,70.6,13018624.96
5,150,7,70.7,13784426.42
5,150,7,70.8,14480609.58
5,150,7,70.9,12740151.69
5,150,7,71,12322441.8
5,150,7,71.1,12670533.38
5,150,7,71.2,14132518
5,150,7,71.3,14828701.15
5,150,7,71.4,13297098.22
5,150,7,71.5,12322441.8
5,150,7,71.6,11765495.28
5,150,7,71.7,12600915.06
5,150,7,71.8,12531296.75
5,150,7,71.9,11347785.39
5,150,7,72,14410991.26
5,150,7,72.1,13436334.85
5,150,7,72.2,12670533.38
5,150,7,72.3,12949006.64
5,150,7,72.4,13227479.9
5,150,7,72.5,13018624.96
5,150,7,72.6,12252823.49
5,150,7,72.7,12949006.64
5,150,7,72.8,11974350.23
5,150,7,72.9,14828701.15
5,150,7,73,12113586.86
5,150,7,73.1,12949006.64
5,150,7,73.2,12392060.12
5,150,7,73.3,12322441.8
5,150,7,73.4,10930075.5
5,150,7,73.5,12600915.06
5,150,7,73.6,13088243.27
5,150,7,73.7,11487022.02
5,150,7,73.8,14341372.95
5,150,7,73.9,14689464.52
5,150,7,74,13366716.53
5,150,7,74.1,15107174.41
5,150,7,74.2,12740151.69
5,150,7,74.3,13366716.53
5,150,7,74.4,11417403.7
5,150,7,74.5,12113586.86
5,150,7,74.6,14271754.63
5,150,7,74.7,13088243.27
5,150,7,74.8,12949006.64
5,150,7,74.9,12600915.06
5,150,7,75,13366716.53
5,150,7,75.1,11556640.33
5,150,7,75.2,12809770.01
5,150,7,75.3,12461678.43
5,150,7,75.4,13645189.79
5,150,7,75.5,11904731.91
5,150,7,75.6,12392060.12
5,150,7,75.7,11974350.23
5,150,7,75.8,12461678.43
5,150,7,75.9,12043968.54
5,150,7,76,12461678.43
5,150,7,76.1,11208548.76
5,150,7,76.2,11278167.07
5,150,7,76.3,11069312.13
5,150,7,76.4,14202136.31
5,150,7,76.5,11069312.13
5,150,7,76.6,13157861.59
5,150,7,76.7,12183205.17
5,150,7,76.8,12113586.86
5,150,7,76.9,12670533.38
5,150,7,77,11695876.97
5,150,7,77.1,12113586.86
5,150,7,77.2,11974350.23
5,150,7,77.3,11626258.65
5,150,7,77.4,11417403.7
5,150,7,77.5,11417403.7
5,150,7,77.6,12183205.17
5,150,7,77.7,11487022.02
5,150,7,77.8,11347785.39
5,150,7,77.9,11208548.76
5,150,7,78,10790838.87
5,150,7,78.1,10790838.87
5,150,7,78.2,11417403.7
5,150,7,78.3,12600915.06
5,150,7,78.4,11835113.6
5,150,7,78.5,10651602.24
5,150,7,78.6,11417403.7
5,150,7,78.7,11974350.23
5,150,7,78.8,11069312.13
5,150,7,78.9,11835113.6
5,150,7,79,12879388.32
5,150,7,79.1,10721220.55
5,150,7,79.2,11208548.76
5,150,7,79.3,10860457.18
5,150,7,79.4,10512365.61
5,150,7,79.5,11904731.91
5,150,7,79.6,11556640.33
5,150,7,79.7,11347785.39
5,150,7,79.8,13157861.59
5,150,7,79.9,10094655.71
5,150,7,80,10442747.29
5,150,7,80.1,12183205.17
5,150,7,80.2,11138930.44
5,150,7,80.3,11765495.28
5,150,7,80.4,12879388.32
5,150,7,80.5,11278167.07
5,150,7,80.6,10233892.34
5,150,7,80.7,10999693.81
5,150,7,80.8,9816182.453
5,150,7,80.9,9955419.083
5,150,7,81,11138930.44
5,150,7,81.1,9816182.453
5,150,7,81.2,10442747.29
5,150,7,81.3,8911144.354
5,150,7,81.4,10233892.34
5,150,7,81.5,11695876.97
5,150,7,81.6,10721220.55
5,150,7,81.7,11208548.76
5,150,7,81.8,9398472.561
5,150,7,81.9,11069312.13
5,150,7,82,10651602.24
5,150,7,82.1,10094655.71
5,150,7,82.2,9816182.453
5,150,7,82.3,10930075.5
5,150,7,82.4,10790838.87
5,150,7,82.5,9676945.822
5,150,7,82.6,11278167.07
5,150,7,82.7,11626258.65
5,150,7,82.8,11765495.28
5,150,7,82.9,10860457.18
5,150,7,83,9955419.083
5,150,7,83.1,10303510.66
5,150,7,83.2,8911144.354
5,150,7,83.3,11417403.7
5,150,7,83.4,10651602.24
5,150,7,83.5,11487022.02
5,150,7,83.6,10233892.34
5,150,7,83.7,10303510.66
5,150,7,83.8,10999693.81
5,150,7,83.9,8702289.409
5,150,7,84,10999693.81
5,150,7,84.1,10790838.87
5,150,7,84.2,10512365.61
5,150,7,84.3,10303510.66
5,150,7,84.4,10373128.98
5,150,7,84.5,11069312.13
5,150,7,84.6,10233892.34
5,150,7,84.7,9955419.083
5,150,7,84.8,9816182.453
5,150,7,84.9,8702289.409
5,150,7,85,9676945.822
5,150,7,85.1,10860457.18
5,150,7,85.2,10303510.66
5,150,7,85.3,8911144.354
5,150,7,85.4,10303510.66
5,150,7,85.5,10581983.92
5,150,7,85.6,11208548.76
5,150,7,85.7,9328854.246
5,150,7,85.8,10025037.4
5,150,7,85.9,8980762.67
5,150,7,86,9259235.931
5,150,7,86.1,9607327.507
5,150,7,86.2,8214961.202
5,150,7,86.3,9816182.453
5,150,7,86.4,8702289.409
5,150,7,86.5,10373128.98
5,150,7,86.6,10233892.34
5,150,7,86.7,9885800.768
5,150,7,86.8,10999693.81
5,150,7,86.9,9119999.3
5,150,7,87,7936487.941
5,150,7,87.1,8493434.463
5,150,7,87.2,9328854.246
5,150,7,87.3,8702289.409
5,150,7,87.4,10930075.5
5,150,7,87.5,10373128.98
5,150,7,87.6,8214961.202
5,150,7,87.7,10025037.4
5,150,7,87.8,9398472.561
5,150,7,87.9,8911144.354
5,150,7,88,10512365.61
5,150,7,88.1,9189617.615
5,150,7,88.2,9398472.561
5,150,7,88.3,9468090.877
5,150,7,88.4,9816182.453
5,150,7,88.5,9398472.561
5,150,7,88.6,8563052.778
5,150,7,88.7,9328854.246
5,150,7,88.8,10581983.92
5,150,7,88.9,9746564.138
5,150,7,89,7936487.941
5,150,7,89.1,9607327.507
5,150,7,89.2,10164274.03
5,150,7,89.3,8632671.093
5,150,7,89.4,8911144.354
5,150,7,89.5,9050380.985
5,150,7,89.6,8632671.093
5,150,7,89.7,9468090.877
5,150,7,89.8,9676945.822
5,150,7,89.9,9119999.3
5,150,7,90,9398472.561
5,150,7,90.1,9398472.561
5,150,7,90.2,9676945.822
5,150,7,90.3,11695876.97
5,150,7,90.4,8075724.571
5,150,7,90.5,9328854.246
5,150,7,90.6,9259235.931
5,150,7,90.7,8632671.093
5,150,7,90.8,9468090.877
5,150,7,90.9,7936487.941
5,150,7,91,8911144.354
5,150,7,91.1,9050380.985
5,150,7,91.2,8354197.832
5,150,7,91.3,8075724.571
5,150,7,91.4,9468090.877
5,150,7,91.5,7936487.941
5,150,7,91.6,8563052.778
5,150,7,91.7,9746564.138
5,150,7,91.8,7658014.68
5,150,7,91.9,8423816.148
5,150,7,92,9537709.192
5,150,7,92.1,8423816.148
5,150,7,92.2,6961831.527
5,150,7,92.3,9537709.192
5,150,7,92.4,9676945.822
5,150,7,92.5,7240304.788
5,150,7,92.6,8980762.67
5,150,7,92.7,8911144.354
5,150,7,92.8,9119999.3
5,150,7,92.9,8006106.256
5,150,7,93,6961831.527
5,150,7,93.1,9050380.985
5,150,7,93.2,9468090.877
5,150,7,93.3,8980762.67
5,150,7,93.4,7240304.788
5,150,7,93.5,7518778.049
5,150,7,93.6,6752976.581
5,150,7,93.7,8702289.409
5,150,7,93.8,8006106.256
5,150,7,93.9,9398472.561
5,150,7,94,8841526.039
5,150,7,94.1,7658014.68
5,150,7,94.2,8354197.832
5,150,7,94.3,7449159.734
5,150,7,94.4,8980762.67
5,150,7,94.5,6752976.581
5,150,7,94.6,9050380.985
5,150,7,94.7,8354197.832
5,150,7,94.8,9189617.615
5,150,7,94.9,7518778.049
5,150,7,95,8006106.256
5,150,7,95.1,8980762.67
5,150,7,95.2,8563052.778
5,150,7,95.3,7797251.31
5,150,7,95.4,8423816.148
5,150,7,95.5,7658014.68
5,150,7,95.6,7170686.473
5,150,7,95.7,7588396.364
5,150,7,95.8,9119999.3
5,150,7,95.9,7518778.049
5,150,7,96,9119999.3
5,150,7,96.1,7588396.364
5,150,7,96.2,7101068.157
5,150,7,96.3,8006106.256
5,150,7,96.4,8075724.571
5,150,7,96.5,8214961.202
5,150,7,96.6,6474503.32
5,150,7,96.7,8771907.724
5,150,7,96.8,6961831.527
5,150,7,96.9,8911144.354
5,150,7,97,7309923.103
5,150,7,97.1,7518778.049
5,150,7,97.2,7309923.103
5,150,7,97.3,7101068.157
5,150,7,97.4,6683358.266
5,150,7,97.5,9955419.083
5,150,7,97.6,8145342.886
5,150,7,97.7,7518778.049
5,150,7,97.8,8075724.571
5,150,7,97.9,7727632.995
5,150,7,98,8075724.571
5,150,7,98.1,6265648.374
5,150,7,98.2,7658014.68
5,150,7,98.3,8354197.832
5,150,7,98.4,8145342.886
5,150,7,98.5,7866869.625
5,150,7,98.6,7518778.049
5,150,7,98.7,8145342.886
5,150,7,98.8,7309923.103
5,150,7,98.9,7518778.049
5,150,7,99,7866869.625
5,150,7,99.1,8145342.886
5,150,7,99.2,7518778.049
5,150,7,99.3,8354197.832
5,150,7,99.4,7309923.103
5,150,7,99.5,6056793.428
5,150,7,99.6,8423816.148
5,150,7,99.7,8075724.571
5,150,7,99.8,8354197.832
5,150,7,99.9,6335266.689
5,150,7,100,6752976.581
5,150,7,100.1,7031449.842
5,150,7,100.2,8563052.778
5,150,7,100.3,7658014.68
5,150,7,100.4,6196030.059
5,150,7,100.5,6126411.744
5,150,7,100.6,6544121.635
5,150,7,100.7,6404885.005
5,150,7,100.8,5987175.113
5,150,7,100.9,7727632.995
5,150,7,101,7240304.788
5,150,7,101.1,7727632.995
5,150,7,101.2,6822594.896
5,150,7,101.3,7101068.157
5,150,7,101.4,7101068.157
5,150,7,101.5,6892213.212
5,150,7,101.6,7309923.103
5,150,7,101.7,7309923.103
5,150,7,101.8,7379541.418
5,150,7,101.9,7240304.788
5,150,7,102,8145342.886
5,150,7,102.1,6474503.32
5,150,7,102.2,6752976.581
5,150,7,102.3,5360610.276
5,150,7,102.4,7518778.049
5,150,7,102.5,7797251.31
5,150,7,102.6,6056793.428
5,150,7,102.7,6335266.689
5,150,7,102.8,7309923.103
5,150,7,102.9,6474503.32
5,150,7,103,6126411.744
5,150,7,103.1,7588396.364
5,150,7,103.2,6961831.527
5,150,7,103.3,5778320.167
5,150,7,103.4,7170686.473
5,150,7,103.5,4942900.384
5,150,7,103.6,6683358.266
5,150,7,103.7,7309923.103
5,150,7,103.8,6961831.527
5,150,7,103.9,7240304.788
5,150,7,104,6613739.951
5,150,7,104.1,6126411.744
5,150,7,104.2,7797251.31
5,150,7,104.3,4803663.754
5,150,7,104.4,5708701.852
5,150,7,104.5,7379541.418
5,150,7,104.6,6335266.689
5,150,7,104.7,6335266.689
5,150,7,104.8,5847938.483
5,150,7,104.9,6404885.005
5,150,7,105,5430228.591
5,150,7,105.1,6474503.32
5,150,7,105.2,5987175.113
5,150,7,105.3,7240304.788
5,150,7,105.4,6404885.005
5,150,7,105.5,5569465.221
5,150,7,105.6,6752976.581
5,150,7,105.7,6544121.635
5,150,7,105.8,7101068.157
5,150,7,105.9,5847938.483
5,150,7,106,5847938.483
5,150,7,106.1,5708701.852
5,150,7,106.2,6265648.374
5,150,7,106.3,6544121.635
5,150,7,106.4,5430228.591
5,150,7,106.5,5290991.96
5,150,7,106.6,6126411.744
5,150,7,106.7,6265648.374
5,150,7,106.8,5430228.591
5,150,7,106.9,6683358.266
5,150,7,107,6056793.428
5,150,7,107.1,5778320.167
5,150,7,107.2,7379541.418
5,150,7,107.3,6335266.689
5,150,7,107.4,6544121.635
5,150,7,107.5,6892213.212
5,150,7,107.6,6683358.266
5,150,7,107.7,5708701.852
5,150,7,107.8,6056793.428
5,150,7,107.9,5987175.113
5,150,7,108,6335266.689
5,150,7,108.1,5708701.852
5,150,7,108.2,6892213.212
5,150,7,108.3,6126411.744
5,150,7,108.4,6613739.951
5,150,7,108.5,6683358.266
5,150,7,108.6,5639083.537
5,150,7,108.7,7379541.418
5,150,7,108.8,6613739.951
5,150,7,108.9,5778320.167
5,150,7,109,5221373.645
5,150,7,109.1,5639083.537
5,150,7,109.2,5430228.591
5,150,7,109.3,7101068.157
5,150,7,109.4,7101068.157
5,150,7,109.5,5499846.906
5,150,7,109.6,6613739.951
5,150,7,109.7,5430228.591
5,150,7,109.8,5639083.537
5,150,7,109.9,5917556.798
5,150,7,110,5151755.33
5,150,7,110.1,5569465.221
5,150,7,110.2,5987175.113
5,150,7,110.3,5499846.906
5,150,7,110.4,6056793.428
5,150,7,110.5,6613739.951
5,150,7,110.6,4734045.438
5,150,7,110.7,6335266.689
5,150,7,110.8,5847938.483
5,150,7,110.9,5987175.113
5,150,7,111,5847938.483
5,150,7,111.1,5082137.015
5,150,7,111.2,4873282.069
5,150,7,111.3,5917556.798
5,150,7,111.4,5569465.221
5,150,7,111.5,5987175.113
5,150,7,111.6,5290991.96
5,150,7,111.7,5499846.906
5,150,7,111.8,5082137.015
5,150,7,111.9,6265648.374
5,150,7,112,5290991.96
5,150,7,112.1,5082137.015
5,150,7,112.2,6196030.059
5,150,7,112.3,5360610.276
5,150,7,112.4,4455572.177
5,150,7,112.5,4803663.754
5,150,7,112.6,5987175.113
5,150,7,112.7,4525190.492
5,150,7,112.8,4873282.069
5,150,7,112.9,4873282.069
5,150,7,113,5639083.537
5,150,7,113.1,4873282.069
5,150,7,113.2,4316335.547
5,150,7,113.3,5151755.33
5,150,7,113.4,5708701.852
5,150,7,113.5,5151755.33
5,150,7,113.6,5360610.276
5,150,7,113.7,5012518.699
5,150,7,113.8,5012518.699
5,150,7,113.9,4873282.069
5,150,7,114,4246717.231
5,150,7,114.1,5708701.852
5,150,7,114.2,5430228.591
5,150,7,114.3,4525190.492
5,150,7,114.4,5012518.699
5,150,7,114.5,5917556.798
5,150,7,114.6,5847938.483
5,150,7,114.7,5499846.906
5,150,7,114.8,5151755.33
5,150,7,114.9,4734045.438
5,150,7,115,4873282.069
5,150,7,115.1,5151755.33
5,150,7,115.2,5499846.906
5,150,7,115.3,6961831.527
5,150,7,115.4,4385953.862
5,150,7,115.5,4525190.492
5,150,7,115.6,4803663.754
5,150,7,115.7,4385953.862
5,150,7,115.8,5847938.483
5,150,7,115.9,5151755.33
5,150,7,116,4734045.438
5,150,7,116.1,3829007.34
5,150,7,116.2,5290991.96
5,150,7,116.3,5569465.221
5,150,7,116.4,5847938.483
5,150,7,116.5,4316335.547
5,150,7,116.6,5708701.852
5,150,7,116.7,4525190.492
5,150,7,116.8,4873282.069
5,150,7,116.9,4873282.069
5,150,7,117,5290991.96
5,150,7,117.1,5290991.96
5,150,7,117.2,5221373.645
5,150,7,117.3,5012518.699
5,150,7,117.4,4385953.862
5,150,7,117.5,5569465.221
5,150,7,117.6,6265648.374
5,150,7,117.7,4246717.231
5,150,7,117.8,5708701.852
5,150,7,117.9,5221373.645
5,150,7,118,5360610.276
5,150,7,118.1,4664427.123
5,150,7,118.2,5847938.483
5,150,7,118.3,5221373.645
5,150,7,118.4,5360610.276
5,150,7,118.5,5639083.537
5,150,7,118.6,4803663.754
5,150,7,118.7,5499846.906
5,150,7,118.8,4385953.862
5,150,7,118.9,5360610.276
5,150,7,119,4525190.492
5,150,7,119.1,4455572.177
5,150,7,119.2,5569465.221
5,150,7,119.3,5290991.96
5,150,7,119.4,5151755.33
5,150,7,119.5,5082137.015
5,150,7,119.6,4385953.862
5,150,7,119.7,5221373.645
5,150,7,119.8,5012518.699
5,150,7,119.9,4455572.177
5,150,7,120,3759389.025
5,150,7,120.1,4525190.492
5,150,7,120.2,5569465.221
5,150,7,120.3,4525190.492
5,150,7,120.4,4385953.862
5,150,7,120.5,5082137.015
5,150,7,120.6,4803663.754
5,150,7,120.7,5012518.699
5,150,7,120.8,4873282.069
5,150,7,120.9,4594808.808
5,150,7,121,4594808.808
5,150,7,121.1,3968243.97
5,150,7,121.2,4246717.231
5,150,7,121.3,5360610.276
5,150,7,121.4,4385953.862
5,150,7,121.5,2784732.611
5,150,7,121.6,4525190.492
5,150,7,121.7,3898625.655
5,150,7,121.8,3759389.025
5,150,7,121.9,4107480.601
5,150,7,122,4873282.069
5,150,7,122.1,5151755.33
5,150,7,122.2,3063205.872
5,150,7,122.3,4525190.492
5,150,7,122.4,3341679.133
5,150,7,122.5,4803663.754
5,150,7,122.6,4246717.231
5,150,7,122.7,4594808.808
5,150,7,122.8,3898625.655
5,150,7,122.9,3341679.133
5,150,7,123,4594808.808
5,150,7,123.1,3689770.709
5,150,7,123.2,4803663.754
5,150,7,123.3,4037862.286
5,150,7,123.4,3759389.025
5,150,7,123.5,3968243.97
5,150,7,123.6,3759389.025
5,150,7,123.7,3620152.394
5,150,7,123.8,4594808.808
5,150,7,123.9,4525190.492
5,150,7,124,4177098.916
5,150,7,124.1,4037862.286
5,150,7,124.2,4316335.547
5,150,7,124.3,5151755.33
5,150,7,124.4,3480915.763
5,150,7,124.5,4316335.547
5,150,7,124.6,4037862.286
5,150,7,124.7,4525190.492
5,150,7,124.8,3968243.97
5,150,7,124.9,4177098.916
5,150,7,125,4803663.754
5,150,7,125.1,4525190.492
5,150,7,125.2,3829007.34
5,150,7,125.3,4107480.601
5,150,7,125.4,3202442.502
5,150,7,125.5,4455572.177
5,150,7,125.6,4316335.547
5,150,7,125.7,3480915.763
5,150,7,125.8,3968243.97
5,150,7,125.9,4107480.601
5,150,7,126,4525190.492
5,150,7,126.1,3620152.394
5,150,7,126.2,3689770.709
5,150,7,126.3,4107480.601
5,150,7,126.4,3759389.025
5,150,7,126.5,3689770.709
5,150,7,126.6,4734045.438
5,150,7,126.7,4177098.916
5,150,7,126.8,4177098.916
5,150,7,126.9,4107480.601
5,150,7,127,4594808.808
5,150,7,127.1,4246717.231
5,150,7,127.2,3898625.655
5,150,7,127.3,3272060.818
5,150,7,127.4,3341679.133
5,150,7,127.5,4664427.123
5,150,7,127.6,3620152.394
5,150,7,127.7,3620152.394
5,150,7,127.8,4385953.862
5,150,7,127.9,2923969.241
5,150,7,128,4107480.601
5,150,7,128.1,3620152.394
5,150,7,128.2,3341679.133
5,150,7,128.3,3272060.818
5,150,7,128.4,2923969.241
5,150,7,128.5,4316335.547
5,150,7,128.6,3202442.502
5,150,7,128.7,3480915.763
5,150,7,128.8,4734045.438
5,150,7,128.9,3550534.079
5,150,7,129,3063205.872
5,150,7,129.1,3202442.502
5,150,7,129.2,3341679.133
5,150,7,129.3,3968243.97
5,150,7,129.4,3759389.025
5,150,7,129.5,3341679.133
5,150,7,129.6,3411297.448
5,150,7,129.7,3132824.187
5,150,7,129.8,4316335.547
5,150,7,129.9,3620152.394
5,150,7,130,4873282.069
5,150,7,130.1,3480915.763
5,150,7,130.2,3411297.448
5,150,7,130.3,2923969.241
5,150,7,130.4,3132824.187
5,150,7,130.5,3411297.448
5,150,7,130.6,2854350.926
5,150,7,130.7,3063205.872
5,150,7,130.8,3829007.34
5,150,7,130.9,2575877.665
5,150,7,131,3272060.818
5,150,7,131.1,3550534.079
5,150,7,131.2,2367022.719
5,150,7,131.3,3620152.394
5,150,7,131.4,3063205.872
5,150,7,131.5,3132824.187
5,150,7,131.6,4107480.601
5,150,7,131.7,2993587.557
5,150,7,131.8,3829007.34
5,150,7,131.9,2854350.926
5,150,7,132,3898625.655
5,150,7,132.1,2715114.295
5,150,7,132.2,3411297.448
5,150,7,132.3,4316335.547
5,150,7,132.4,3689770.709
5,150,7,132.5,3480915.763
5,150,7,132.6,2923969.241
5,150,7,132.7,3063205.872
5,150,7,132.8,3063205.872
5,150,7,132.9,3480915.763
5,150,7,133,3341679.133
5,150,7,133.1,3063205.872
5,150,7,133.2,2784732.611
5,150,7,133.3,3202442.502
5,150,7,133.4,3202442.502
5,150,7,133.5,2854350.926
5,150,7,133.6,3063205.872
5,150,7,133.7,2645495.98
5,150,7,133.8,3480915.763
5,150,7,133.9,2715114.295
5,150,7,134,2367022.719
5,150,7,134.1,2506259.35
5,150,7,134.2,4177098.916
5,150,7,134.3,3898625.655
5,150,7,134.4,2784732.611
5,150,7,134.5,2784732.611
5,150,7,134.6,3411297.448
5,150,7,134.7,3480915.763
5,150,7,134.8,3272060.818
5,150,7,134.9,3689770.709
5,150,7,135,2436641.034
5,150,7,135.1,3272060.818
5,150,7,135.2,2506259.35
5,150,7,135.3,3411297.448
5,150,7,135.4,2367022.719
5,150,7,135.5,1949312.828
5,150,7,135.6,2297404.404
5,150,7,135.7,3063205.872
5,150,7,135.8,2854350.926
5,150,7,135.9,2715114.295
5,150,7,136,3829007.34
5,150,7,136.1,3063205.872
5,150,7,136.2,2715114.295
5,150,7,136.3,3063205.872
5,150,7,136.4,2923969.241
5,150,7,136.5,2506259.35
5,150,7,136.6,2854350.926
5,150,7,136.7,2923969.241
5,150,7,136.8,1879694.512
5,150,7,136.9,2367022.719
5,150,7,137,2436641.034
5,150,7,137.1,2436641.034
5,150,7,137.2,2645495.98
5,150,7,137.3,2575877.665
5,150,7,137.4,2923969.241
5,150,7,137.5,3063205.872
5,150,7,137.6,2784732.611
5,150,7,137.7,2367022.719
5,150,7,137.8,2367022.719
5,150,7,137.9,3341679.133
5,150,7,138,2436641.034
5,150,7,138.1,2854350.926
5,150,7,138.2,1740457.882
5,150,7,138.3,2854350.926
5,150,7,138.4,1949312.828
5,150,7,138.5,3202442.502
5,150,7,138.6,2088549.458
5,150,7,138.7,2227786.089
5,150,7,138.8,1601221.251
5,150,7,138.9,2923969.241
5,150,7,139,2088549.458
5,150,7,139.1,1601221.251
5,150,7,139.2,2018931.143
5,150,7,139.3,1601221.251
5,150,7,139.4,2575877.665
5,150,7,139.5,2854350.926
5,150,7,139.6,2645495.98
5,150,7,139.7,2088549.458
5,150,7,139.8,2923969.241
5,150,7,139.9,3689770.709
5,150,7,140,2018931.143
5,150,7,140.1,2088549.458
5,150,7,140.2,2436641.034
5,150,7,140.3,2018931.143
5,150,7,140.4,2297404.404
5,150,7,140.5,2297404.404
5,150,7,140.6,2367022.719
5,150,7,140.7,2227786.089
5,150,7,140.8,2158167.773
5,150,7,140.9,2506259.35
5,150,7,141,1253129.675
5,150,7,141.1,1949312.828
5,150,7,141.2,1949312.828
5,150,7,141.3,2297404.404
5,150,7,141.4,1392366.305
5,150,7,141.5,905038.0985
5,150,7,141.6,2227786.089
5,150,7,141.7,1810076.197
5,150,7,141.8,1601221.251
5,150,7,141.9,1879694.512
5,150,7,142,1949312.828
5,150,7,142.1,1670839.566
5,150,7,142.2,1461984.621
5,150,7,142.3,1949312.828
5,150,7,142.4,1461984.621
5,150,7,142.5,1810076.197
5,150,7,142.6,2088549.458
5,150,7,142.7,1601221.251
5,150,7,142.8,2367022.719
5,150,7,142.9,1949312.828
5,150,7,143,1670839.566
5,150,7,143.1,1531602.936
5,150,7,143.2,1461984.621
5,150,7,143.3,1392366.305
5,150,7,143.4,1740457.882
5,150,7,143.5,2436641.034
5,150,7,143.6,1531602.936
5,150,7,143.7,1810076.197
5,150,7,143.8,2227786.089
5,150,7,143.9,1322747.99
5,150,7,144,1670839.566
5,150,7,144.1,1253129.675
5,150,7,144.2,1810076.197
5,150,7,144.3,1253129.675
5,150,7,144.4,1461984.621
5,150,7,144.5,2088549.458
5,150,7,144.6,1253129.675
5,150,7,144.7,1461984.621
5,150,7,144.8,1531602.936
5,150,7,144.9,1461984.621
5,150,7,145,1670839.566
5,150,7,145.1,1879694.512
5,150,7,145.2,1601221.251
5,150,7,145.3,1949312.828
5,150,7,145.4,1740457.882
5,150,7,145.5,1183511.36
5,150,7,145.6,1183511.36
5,150,7,145.7,1601221.251
5,150,7,145.8,1113893.044
5,150,7,145.9,765801.468
5,150,7,146,1183511.36
5,150,7,146.1,1601221.251
5,150,7,146.2,1392366.305
5,150,7,146.3,1183511.36
5,150,7,146.4,1392366.305
5,150,7,146.5,1461984.621
5,150,7,146.6,974656.4138
5,150,7,146.7,1253129.675
5,150,7,146.8,1531602.936
5,150,7,146.9,1183511.36
5,150,7,147,1322747.99
5,150,7,147.1,1670839.566
5,150,7,147.2,1044274.729
5,150,7,147.3,1044274.729
5,150,7,147.4,765801.468
5,150,7,147.5,1183511.36
5,150,7,147.6,974656.4138
5,150,7,147.7,765801.468
5,150,7,147.8,696183.1527
5,150,7,147.9,974656.4138
5,150,7,148,765801.468
5,150,7,148.1,696183.1527
5,150,7,148.2,835419.7832
5,150,7,148.3,1183511.36
5,150,7,148.4,905038.0985
5,150,7,148.5,556946.5221
5,150,7,148.6,487328.2069
5,150,7,148.7,765801.468
5,150,7,148.8,556946.5221
5,150,7,148.9,974656.4138
5,150,7,149,626564.8374
5,150,7,149.1,974656.4138
5,150,7,149.2,278473.2611
5,150,7,149.3,278473.2611
5,150,7,149.4,626564.8374
5,150,7,149.5,417709.8916
5,150,7,149.6,417709.8916
5,150,7,149.7,487328.2069
5,150,7,149.8,417709.8916
5,150,7,149.9,208854.9458
10,40,1,0.3,13193.76301
10,40,1,3,6596.881506
10,40,1,3.1,32984.40753
10,40,1,3.2,79162.57808
10,40,1,3.3,59371.93356
10,40,1,3.4,138534.5116
10,40,1,3.5,316650.3123
10,40,1,3.6,395812.8904
10,40,1,3.7,705866.3212
10,40,1,3.8,963144.6999
10,40,1,3.9,1319376.301
10,40,1,4,1603042.206
10,40,1,4.1,2275924.12
10,40,1,4.2,2737705.825
10,40,1,4.3,3357812.687
10,40,1,4.4,4037291.482
10,40,1,4.5,4861901.67
10,40,1,4.6,5956984
10,40,1,4.7,7184003.96
10,40,1,4.8,7863482.756
10,40,1,4.9,8806836.811
10,40,1,5,9961291.075
10,40,1,5.1,11241086.09
10,40,1,5.2,11749045.96
10,40,1,5.3,13042034.74
10,40,1,5.4,14440573.62
10,40,1,5.5,15245393.16
10,40,1,5.6,16314087.97
10,40,1,5.7,18167811.67
10,40,1,5.8,18754934.12
10,40,1,5.9,19737869.47
10,40,1,6,20799967.39
10,40,1,6.1,21169392.75
10,40,1,6.2,22284265.73
10,40,1,6.3,23933486.1
10,40,1,6.4,25173699.83
10,40,1,6.5,25332024.98
10,40,1,6.6,25457365.73
10,40,1,6.7,26486479.25
10,40,1,6.8,26921873.43
10,40,1,6.9,27673917.92
10,40,1,7,28148893.39
10,40,1,7.1,29402300.87
10,40,1,7.2,28841565.95
10,40,1,7.3,30002617.09
10,40,1,7.4,61120107.16
10,40,1,7.5,31361574.68
10,40,1,7.6,31599062.42
10,40,1,7.7,31750790.69
10,40,1,7.8,32205975.51
10,40,1,7.9,32436866.37
10,40,1,8,32271944.33
10,40,1,8.1,31909115.85
10,40,1,8.2,32614982.17
10,40,1,8.3,100101080
10,40,1,8.4,606985664.3
10,40,1,8.5,33215298.38
10,40,1,8.6,33274670.32
10,40,1,8.7,33188910.86
10,40,1,8.8,39673645.38
10,40,1,8.9,33056973.23
10,40,1,9,33109748.28
10,40,1,9.1,33314251.61
10,40,1,9.2,33334042.25
10,40,1,9.3,32958020.01
10,40,1,9.4,34462108.99
10,40,1,9.5,49991168.05
10,40,1,9.6,42721404.64
10,40,1,9.7,319209902.3
10,40,1,9.8,56014120.87
10,40,1,9.9,47286446.64
10,40,1,10,157368608.3
10,40,1,10.1,33340639.13
10,40,1,10.2,34079489.86
10,40,1,10.3,27436430.18
10,40,1,10.4,27014229.77
10,40,1,10.5,26875695.26
10,40,1,10.6,26750354.51
10,40,1,10.7,27080198.58
10,40,1,10.8,26836113.97
10,40,1,10.9,25846581.74
10,40,1,11,28894341
10,40,1,11.1,26605223.12
10,40,1,11.2,26928470.31
10,40,1,11.3,79030640.45
10,40,1,11.4,25675062.82
10,40,1,11.5,26783338.92
10,40,1,11.6,29455075.93
10,40,1,11.7,30536964.49
10,40,1,11.8,24771290.06
10,40,1,11.9,24039036.21
10,40,1,12,25609094.01
10,40,1,12.1,23722385.9
10,40,1,12.2,22785628.72
10,40,1,12.3,22891178.83
10,40,1,12.4,22185312.51
10,40,1,12.5,22376622.07
10,40,1,12.6,22607512.92
10,40,1,12.7,22099553.05
10,40,1,12.8,22165521.86
10,40,1,12.9,22376622.07
10,40,1,13,23385944.94
10,40,1,13.1,22125940.57
10,40,1,13.2,21776305.85
10,40,1,13.3,22475575.29
10,40,1,13.4,22139134.34
10,40,1,13.5,21914840.36
10,40,1,13.6,21749918.33
10,40,1,13.7,21862065.31
10,40,1,13.8,20733998.57
10,40,1,13.9,21241958.45
10,40,1,14,21683949.51
10,40,1,14.1,21169392.75
10,40,1,14.2,20569076.54
10,40,1,14.3,21519027.47
10,40,1,14.4,21584996.29
10,40,1,14.5,20879129.97
10,40,1,14.6,20793370.51
10,40,1,14.7,20654836
10,40,1,14.8,20753789.22
10,40,1,14.9,21057245.77
10,40,1,15,20377766.97
10,40,1,15.1,20364573.21
10,40,1,15.2,19335459.7
10,40,1,15.3,19962163.44
10,40,1,15.4,19751063.23
10,40,1,15.5,19652110.01
10,40,1,15.6,20212844.94
10,40,1,15.7,19790644.52
10,40,1,15.8,18913259.28
10,40,1,15.9,19863210.22
10,40,1,16,19309072.17
10,40,1,16.1,18682368.43
10,40,1,16.2,18966034.33
10,40,1,16.3,19302475.29
10,40,1,16.4,19111165.72
10,40,1,16.5,18306346.18
10,40,1,16.6,18702159.07
10,40,1,16.7,18068858.45
10,40,1,16.8,18082052.21
10,40,1,16.9,17481735.99
10,40,1,17,18246974.25
10,40,1,17.1,18009486.51
10,40,1,17.2,17884145.76
10,40,1,17.3,17277232.67
10,40,1,17.4,17950114.58
10,40,1,17.5,17448751.58
10,40,1,17.6,17580689.21
10,40,1,17.7,17574092.33
10,40,1,17.8,17362992.12
10,40,1,17.9,17066132.46
10,40,1,18,16914404.18
10,40,1,18.1,17323410.84
10,40,1,18.2,16795660.32
10,40,1,18.3,16703303.97
10,40,1,18.4,17013357.4
10,40,1,18.5,16261312.91
10,40,1,18.6,16716497.74
10,40,1,18.7,16881419.77
10,40,1,18.8,16327281.73
10,40,1,18.9,15746756.16
10,40,1,19,16617544.51
10,40,1,19.1,15931468.84
10,40,1,19.2,15713771.75
10,40,1,19.3,15482880.9
10,40,1,19.4,16063406.47
10,40,1,19.5,15324555.74
10,40,1,19.6,15865500.02
10,40,1,19.7,14447170.5
10,40,1,19.8,15001308.55
10,40,1,19.9,15100261.77
10,40,1,20,14711045.76
10,40,1,20.1,14875967.8
10,40,1,20.2,14381201.68
10,40,1,20.3,14466961.14
10,40,1,20.4,14730836.4
10,40,1,20.5,14229473.41
10,40,1,20.6,14414186.09
10,40,1,20.7,13965598.15
10,40,1,20.8,14374604.8
10,40,1,20.9,14546123.72
10,40,1,21,13820466.76
10,40,1,21.1,14005179.44
10,40,1,21.2,13609366.55
10,40,1,21.3,13965598.15
10,40,1,21.4,12797950.12
10,40,1,21.5,14150310.83
10,40,1,21.6,13398266.34
10,40,1,21.7,13800676.11
10,40,1,21.8,13510413.32
10,40,1,21.9,12830934.53
10,40,1,22,12283393.36
10,40,1,22.1,12751771.95
10,40,1,22.2,12151455.73
10,40,1,22.3,12791353.24
10,40,1,22.4,12507687.34
10,40,1,22.5,12125068.21
10,40,1,22.6,12619834.32
10,40,1,22.7,12369152.82
10,40,1,22.8,12342765.3
10,40,1,22.9,12045905.63
10,40,1,23,11913968
10,40,1,23.1,12547268.63
10,40,1,23.2,12270199.6
10,40,1,23.3,11683077.15
10,40,1,23.4,11973339.93
10,40,1,23.5,12204230.79
10,40,1,23.6,11973339.93
10,40,1,23.7,11821611.66
10,40,1,23.8,11610511.45
10,40,1,23.9,11392814.36
10,40,1,24,11274070.49
10,40,1,24.1,10871660.72
10,40,1,24.2,11135535.98
10,40,1,24.3,11102551.58
10,40,1,24.4,11062970.29
10,40,1,24.5,10667157.4
10,40,1,24.6,11419201.89
10,40,1,24.7,11214698.56
10,40,1,24.8,10752916.86
10,40,1,24.9,10343910.2
10,40,1,25,10581397.94
10,40,1,25.1,10799095.03
10,40,1,25.2,10178988.16
10,40,1,25.3,10581397.94
10,40,1,25.4,10495638.48
10,40,1,25.5,10350507.08
10,40,1,25.6,9967887.956
10,40,1,25.7,10225166.33
10,40,1,25.8,9822756.563
10,40,1,25.9,10462654.07
10,40,1,26,9908516.023
10,40,1,26.1,9558881.303
10,40,1,26.2,9598462.592
10,40,1,26.3,9572075.066
10,40,1,26.4,10000872.36
10,40,1,26.5,9248827.872
10,40,1,26.6,9730400.222
10,40,1,26.7,9671028.288
10,40,1,26.8,8945371.323
10,40,1,26.9,8773852.403
10,40,1,27,8694689.825
10,40,1,27.1,8820030.574
10,40,1,27.2,9103696.479
10,40,1,27.3,8681496.062
10,40,1,27.4,8754061.759
10,40,1,27.5,8820030.574
10,40,1,27.6,9024533.901
10,40,1,27.7,8569349.077
10,40,1,27.8,8635317.892
10,40,1,27.9,8120761.134
10,40,1,28,8351651.987
10,40,1,28.1,8094373.608
10,40,1,28.2,8635317.892
10,40,1,28.3,8628721.01
10,40,1,28.4,8444008.328
10,40,1,28.5,8351651.987
10,40,1,28.6,8180133.068
10,40,1,28.7,8232908.12
10,40,1,28.8,8114164.253
10,40,1,28.9,7672173.192
10,40,1,29,7843692.111
10,40,1,29.1,8035001.675
10,40,1,29.2,8015211.03
10,40,1,29.3,7282957.183
10,40,1,29.4,7764529.533
10,40,1,29.5,7362119.761
10,40,1,29.6,7540235.562
10,40,1,29.7,7586413.732
10,40,1,29.8,7322538.472
10,40,1,29.9,7032275.686
10,40,1,30,7375313.524
10,40,1,30.1,7104841.382
10,40,1,30.2,7118035.145
10,40,1,30.3,7157616.434
10,40,1,30.4,6900338.056
10,40,1,30.5,7085050.738
10,40,1,30.6,7098244.501
10,40,1,30.7,6979500.634
10,40,1,30.8,6979500.634
10,40,1,30.9,6840966.122
10,40,1,31,6649656.558
10,40,1,31.1,6511122.047
10,40,1,31.2,6359393.772
10,40,1,31.3,6425362.587
10,40,1,31.4,6326409.365
10,40,1,31.5,6405571.943
10,40,1,31.6,6036146.578
10,40,1,31.7,6300021.839
10,40,1,31.8,6075727.867
10,40,1,31.9,6669447.203
10,40,1,32,5851433.896
10,40,1,32.1,5963580.882
10,40,1,32.2,6121906.038
10,40,1,32.3,5666721.214
10,40,1,32.4,5759077.555
10,40,1,32.5,5759077.555
10,40,1,32.6,6009759.052
10,40,1,32.7,5482008.532
10,40,1,32.8,5488605.413
10,40,1,32.9,5627139.925
10,40,1,33,5350070.902
10,40,1,33.1,5633736.806
10,40,1,33.2,5383055.309
10,40,1,33.3,4941064.248
10,40,1,33.4,4861901.67
10,40,1,33.5,5409442.835
10,40,1,33.6,5310489.613
10,40,1,33.7,5059808.115
10,40,1,33.8,4894886.078
10,40,1,33.9,4974048.656
10,40,1,34,4861901.67
10,40,1,34.1,5046614.352
10,40,1,34.2,4386926.202
10,40,1,34.3,4690382.751
10,40,1,34.4,4749754.685
10,40,1,34.5,4617817.054
10,40,1,34.6,4532057.595
10,40,1,34.7,4637607.699
10,40,1,34.8,4314360.505
10,40,1,34.9,4334151.15
10,40,1,35,4149438.467
10,40,1,35.1,4584832.647
10,40,1,35.2,4499073.187
10,40,1,35.3,4208810.401
10,40,1,35.4,4090066.534
10,40,1,35.5,4103260.297
10,40,1,35.6,3911950.733
10,40,1,35.7,3674462.999
10,40,1,35.8,3905353.852
10,40,1,35.9,4043888.363
10,40,1,36,3806400.629
10,40,1,36.1,3760222.459
10,40,1,36.2,3865772.563
10,40,1,36.3,3516137.843
10,40,1,36.4,3397393.976
10,40,1,36.5,3799803.748
10,40,1,36.6,3443572.146
10,40,1,36.7,3041162.374
10,40,1,36.8,3430378.383
10,40,1,36.9,3199487.531
10,40,1,37,3232471.938
10,40,1,37.1,2869643.455
10,40,1,37.2,3278650.109
10,40,1,37.3,2790480.877
10,40,1,37.4,2948806.033
10,40,1,37.5,2889434.1
10,40,1,37.6,2764093.351
10,40,1,37.7,2625558.84
10,40,1,37.8,2394667.987
10,40,1,37.9,2539799.38
10,40,1,38,2480427.446
10,40,1,38.1,2282521.001
10,40,1,38.2,2394667.987
10,40,1,38.3,2361683.579
10,40,1,38.4,2176970.897
10,40,1,38.5,2157180.253
10,40,1,38.6,2130792.727
10,40,1,38.7,1939483.163
10,40,1,38.8,1985661.333
10,40,1,38.9,1781158.007
10,40,1,39,1985661.333
10,40,1,39.1,1787754.888
10,40,1,39.2,1550267.154
10,40,1,39.3,1457910.813
10,40,1,39.4,1622832.851
10,40,1,39.5,1253407.486
10,40,1,39.6,1134663.619
10,40,1,39.7,1253407.486
10,40,1,39.8,1081888.567
10,40,1,39.9,732253.8472
10,40,1,40,211100.2082
10,80,1,0.3,7721.515918
10,80,1,2.9,7721.515918
10,80,1,3,46329.09551
10,80,1,3.1,84936.6751
10,80,1,3.2,84936.6751
10,80,1,3.3,138987.2865
10,80,1,3.4,308860.6367
10,80,1,3.5,586835.2098
10,80,1,3.6,826202.2032
10,80,1,3.7,1096455.26
10,80,1,3.8,1521138.636
10,80,1,3.9,2123416.877
10,80,1,4,2764302.699
10,80,1,4.1,3629112.482
10,80,1,4.2,4208226.175
10,80,1,4.3,5374175.079
10,80,1,4.4,6161769.703
10,80,1,4.5,7250503.447
10,80,1,4.6,8462781.446
10,80,1,4.7,9829489.764
10,80,1,4.8,10972274.12
10,80,1,4.9,12686450.65
10,80,1,5,14161260.19
10,80,1,5.1,15651512.77
10,80,1,5.2,16276955.56
10,80,1,5.3,17844423.29
10,80,1,5.4,20083662.9
10,80,1,5.5,21156953.62
10,80,1,5.6,21218725.74
10,80,1,5.7,23689610.84
10,80,1,5.8,24183787.86
10,80,1,5.9,25581382.24
10,80,1,6,26978976.62
10,80,1,6.1,28106317.94
10,80,1,6.2,28067710.36
10,80,1,6.3,29642899.61
10,80,1,6.4,29859102.06
10,80,1,6.5,30731633.35
10,80,1,6.6,32600240.21
10,80,1,6.7,33171632.38
10,80,1,6.8,33588594.24
10,80,1,6.9,34530619.19
10,80,1,7,34476568.57
10,80,1,7.1,35441758.06
10,80,1,7.2,35619352.93
10,80,1,7.3,35820112.34
10,80,1,7.4,87546547.48
10,80,1,7.5,37132770.05
10,80,1,7.6,37704162.23
10,80,1,7.7,38252389.86
10,80,1,7.8,37264035.82
10,80,1,7.9,39109478.13
10,80,1,8,39171250.25
10,80,1,8.1,38707959.3
10,80,1,8.2,39727199.4
10,80,1,8.3,147419181.9
10,80,1,8.4,968169994.9
10,80,1,8.5,40028338.52
10,80,1,8.6,39565047.56
10,80,1,8.7,39858465.17
10,80,1,8.8,50537321.68
10,80,1,8.9,38800617.49
10,80,1,9,39449224.83
10,80,1,9.1,39372009.67
10,80,1,9.2,39912515.78
10,80,1,9.3,39209857.83
10,80,1,9.4,39557326.05
10,80,1,9.5,71756047.43
10,80,1,9.6,55509977.94
10,80,1,9.7,528885232.8
10,80,1,9.8,78218956.25
10,80,1,9.9,62505671.36
10,80,1,10,236069906.2
10,80,1,10.1,41896945.37
10,80,1,10.2,43194160.05
10,80,1,10.3,34800872.24
10,80,1,10.4,34283530.68
10,80,1,10.5,34105935.81
10,80,1,10.6,34075049.75
10,80,1,10.7,33225683
10,80,1,10.8,33534543.63
10,80,1,10.9,33804796.69
10,80,1,11,36368339.97
10,80,1,11.1,33480493.02
10,80,1,11.2,33480493.02
10,80,1,11.3,126022861.3
10,80,1,11.4,32414923.82
10,80,1,11.5,33882011.85
10,80,1,11.6,40978084.98
10,80,1,11.7,41325553.19
10,80,1,11.8,30963278.83
10,80,1,11.9,31928468.32
10,80,1,12,33102138.74
10,80,1,12.1,30175684.21
10,80,1,12.2,30337836.04
10,80,1,12.3,29642899.61
10,80,1,12.4,29689228.71
10,80,1,12.5,29110115.01
10,80,1,12.6,28446064.64
10,80,1,12.7,29596570.51
10,80,1,12.8,29071507.43
10,80,1,12.9,29805051.44
10,80,1,13,28577330.41
10,80,1,13.1,28484672.22
10,80,1,13.2,28592773.44
10,80,1,13.3,28291634.32
10,80,1,13.4,27774292.76
10,80,1,13.5,27488596.67
10,80,1,13.6,28191254.62
10,80,1,13.7,28832140.44
10,80,1,13.8,27380495.45
10,80,1,13.9,27836064.88
10,80,1,14,27504039.7
10,80,1,14.1,26863153.88
10,80,1,14.2,27951887.62
10,80,1,14.3,27588976.38
10,80,1,14.4,26917204.49
10,80,1,14.5,27511761.22
10,80,1,14.6,27643026.99
10,80,1,14.7,26330369.28
10,80,1,14.8,26646951.43
10,80,1,14.9,26616065.37
10,80,1,15,26770495.69
10,80,1,15.1,25874799.84
10,80,1,15.2,26484799.6
10,80,1,15.3,25465559.5
10,80,1,15.4,25357458.28
10,80,1,15.5,24639357.29
10,80,1,15.6,25396065.85
10,80,1,15.7,24546699.1
10,80,1,15.8,24484926.98
10,80,1,15.9,25867078.33
10,80,1,16,25025433.09
10,80,1,16.1,24291889.08
10,80,1,16.2,24639357.29
10,80,1,16.3,24454040.91
10,80,1,16.4,24083408.15
10,80,1,16.5,24955939.45
10,80,1,16.6,25187584.92
10,80,1,16.7,24353661.21
10,80,1,16.8,23280370.49
10,80,1,16.9,23851762.67
10,80,1,17,22624041.64
10,80,1,17.1,23496572.94
10,80,1,17.2,23681889.32
10,80,1,17.3,22932902.28
10,80,1,17.4,23581509.61
10,80,1,17.5,23373028.68
10,80,1,17.6,22716699.83
10,80,1,17.7,22863408.63
10,80,1,17.8,22021763.4
10,80,1,17.9,22593155.58
10,80,1,18,21280497.87
10,80,1,18.1,22037206.43
10,80,1,18.2,22994674.4
10,80,1,18.3,22299737.97
10,80,1,18.4,21411763.64
10,80,1,18.5,21936826.72
10,80,1,18.6,20678219.63
10,80,1,18.7,22060370.98
10,80,1,18.8,21612523.05
10,80,1,18.9,21558472.44
10,80,1,19,20801763.88
10,80,1,19.1,21450371.22
10,80,1,19.2,20539232.34
10,80,1,19.3,21295940.9
10,80,1,19.4,21149232.1
10,80,1,19.5,19643536.5
10,80,1,19.6,21326826.97
10,80,1,19.7,19967840.16
10,80,1,19.8,20361637.48
10,80,1,19.9,19929232.58
10,80,1,20,19697587.11
10,80,1,20.1,20693662.66
10,80,1,20.2,20415688.09
10,80,1,20.3,20330751.41
10,80,1,20.4,20153156.55
10,80,1,20.5,19581764.37
10,80,1,20.6,20431131.12
10,80,1,20.7,19411891.02
10,80,1,20.8,19334675.86
10,80,1,20.9,18971764.61
10,80,1,21,18269106.66
10,80,1,21.1,18670625.49
10,80,1,21.2,19041258.25
10,80,1,21.3,19527713.76
10,80,1,21.4,19296068.28
10,80,1,21.5,19095308.87
10,80,1,21.6,18639739.43
10,80,1,21.7,19381004.95
10,80,1,21.8,17967967.54
10,80,1,21.9,18577967.3
10,80,1,22,17365689.3
10,80,1,22.1,17960246.03
10,80,1,22.2,17983410.57
10,80,1,22.3,18369486.37
10,80,1,22.4,17720879.03
10,80,1,22.5,17944802.99
10,80,1,22.6,17327081.72
10,80,1,22.7,17551005.68
10,80,1,22.8,17211258.98
10,80,1,22.9,17311638.69
10,80,1,23,17481512.04
10,80,1,23.1,17149486.85
10,80,1,23.2,17288474.14
10,80,1,23.3,16886955.31
10,80,1,23.4,16910119.86
10,80,1,23.5,17311638.69
10,80,1,23.6,16693917.41
10,80,1,23.7,16485436.49
10,80,1,23.8,17033664.12
10,80,1,23.9,16276955.56
10,80,1,24,16377335.26
10,80,1,24.1,16732524.99
10,80,1,24.2,16655309.84
10,80,1,24.3,16153411.3
10,80,1,24.4,16392778.29
10,80,1,24.5,15867715.21
10,80,1,24.6,16415942.84
10,80,1,24.7,15358095.16
10,80,1,24.8,15751892.47
10,80,1,24.9,16261512.52
10,80,1,25,15589740.64
10,80,1,25.1,15705563.38
10,80,1,25.2,15574297.61
10,80,1,25.3,15527968.51
10,80,1,25.4,15018348.46
10,80,1,25.5,16238347.98
10,80,1,25.6,15937208.85
10,80,1,25.7,15049234.52
10,80,1,25.8,15597462.15
10,80,1,25.9,15535690.03
10,80,1,26,14902525.72
10,80,1,26.1,14778981.47
10,80,1,26.2,15419867.29
10,80,1,26.3,14956576.33
10,80,1,26.4,14400627.19
10,80,1,26.5,15157335.75
10,80,1,26.6,15157335.75
10,80,1,26.7,15149614.23
10,80,1,26.8,14717209.34
10,80,1,26.9,13806070.46
10,80,1,27,14979740.88
10,80,1,27.1,14485563.86
10,80,1,27.2,14802146.02
10,80,1,27.3,14454677.8
10,80,1,27.4,14246196.87
10,80,1,27.5,14207589.29
10,80,1,27.6,14555057.51
10,80,1,27.7,13350501.02
10,80,1,27.8,14114931.1
10,80,1,27.9,13867842.59
10,80,1,28,14230753.84
10,80,1,28.1,13736576.82
10,80,1,28.2,13319614.96
10,80,1,28.3,13535817.4
10,80,1,28.4,12763665.81
10,80,1,28.5,13474045.28
10,80,1,28.6,12879488.55
10,80,1,28.7,12694172.17
10,80,1,28.8,13335057.99
10,80,1,28.9,13188349.19
10,80,1,29,13142020.09
10,80,1,29.1,12508855.79
10,80,1,29.2,13605311.05
10,80,1,29.3,12779108.84
10,80,1,29.4,12570627.91
10,80,1,29.5,13211513.74
10,80,1,29.6,13273285.86
10,80,1,29.7,12578349.43
10,80,1,29.8,12848602.49
10,80,1,29.9,12771387.33
10,80,1,30,12493412.76
10,80,1,30.1,12431640.63
10,80,1,30.2,12864045.52
10,80,1,30.3,12207716.67
10,80,1,30.4,12717336.72
10,80,1,30.5,12223159.7
10,80,1,30.6,12122779.99
10,80,1,30.7,12485691.24
10,80,1,30.8,12539741.85
10,80,1,30.9,11806197.84
10,80,1,31,11759868.74
10,80,1,31.1,12439362.14
10,80,1,31.2,11999235.74
10,80,1,31.3,11474172.65
10,80,1,31.4,12107336.96
10,80,1,31.5,11728982.68
10,80,1,31.6,11273413.24
10,80,1,31.7,11728982.68
10,80,1,31.8,11613159.94
10,80,1,31.9,11582273.88
10,80,1,32,11566830.85
10,80,1,32.1,11296577.79
10,80,1,32.2,10655691.97
10,80,1,32.3,11420122.04
10,80,1,32.4,11620881.46
10,80,1,32.5,11250248.69
10,80,1,32.6,11134425.95
10,80,1,32.7,11041767.76
10,80,1,32.8,11057210.79
10,80,1,32.9,10678856.51
10,80,1,33,11273413.24
10,80,1,33.1,11180755.05
10,80,1,33.2,11528223.27
10,80,1,33.3,10895058.96
10,80,1,33.4,10323666.78
10,80,1,33.5,11227084.14
10,80,1,33.6,11126704.44
10,80,1,33.7,10856451.38
10,80,1,33.8,11095818.37
10,80,1,33.9,10956831.09
10,80,1,34,10292780.72
10,80,1,34.1,10470375.58
10,80,1,34.2,10686578.03
10,80,1,34.3,10632527.42
10,80,1,34.4,10323666.78
10,80,1,34.5,10192401.01
10,80,1,34.6,10068856.76
10,80,1,34.7,10315945.27
10,80,1,34.8,10563033.78
10,80,1,34.9,9883540.375
10,80,1,35,10323666.78
10,80,1,35.1,10532147.71
10,80,1,35.2,10655691.97
10,80,1,35.3,10400881.94
10,80,1,35.4,10408603.46
10,80,1,35.5,9821768.248
10,80,1,35.6,10223287.08
10,80,1,35.7,10354552.85
10,80,1,35.8,9590122.77
10,80,1,35.9,10022527.66
10,80,1,36,10501261.65
10,80,1,36.1,9675059.445
10,80,1,36.2,9883540.375
10,80,1,36.3,9705945.509
10,80,1,36.4,9590122.77
10,80,1,36.5,9705945.509
10,80,1,36.6,10238730.11
10,80,1,36.7,9829489.764
10,80,1,36.8,9868097.343
10,80,1,36.9,9095945.752
10,80,1,37,9814046.732
10,80,1,37.1,9505186.095
10,80,1,37.2,8918350.885
10,80,1,37.3,9095945.752
10,80,1,37.4,9149996.363
10,80,1,37.5,9397084.872
10,80,1,37.6,8995566.045
10,80,1,37.7,9304426.681
10,80,1,37.8,9335312.745
10,80,1,37.9,8902907.854
10,80,1,38,8926072.401
10,80,1,38.1,9204046.974
10,80,1,38.2,8787085.115
10,80,1,38.3,9011009.076
10,80,1,38.4,8648097.828
10,80,1,38.5,9111388.783
10,80,1,38.6,9482021.547
10,80,1,38.7,8810249.663
10,80,1,38.8,8895186.338
10,80,1,38.9,9165439.395
10,80,1,39,8872021.79
10,80,1,39.1,9582401.254
10,80,1,39.2,8478224.478
10,80,1,39.3,8956958.465
10,80,1,39.4,8733034.503
10,80,1,39.5,8864300.274
10,80,1,39.6,8308351.128
10,80,1,39.7,8578604.185
10,80,1,39.8,8339237.192
10,80,1,39.9,8594047.217
10,80,1,40,8269743.548
10,80,1,40.1,8485945.994
10,80,1,40.2,8439616.898
10,80,1,40.3,7953161.396
10,80,1,40.4,8586325.701
10,80,1,40.5,8316072.644
10,80,1,40.6,7821895.625
10,80,1,40.7,8207971.421
10,80,1,40.8,8509110.542
10,80,1,40.9,8578604.185
10,80,1,41,8254300.516
10,80,1,41.1,8632654.796
10,80,1,41.2,8648097.828
10,80,1,41.3,7597971.663
10,80,1,41.4,8099870.198
10,80,1,41.5,8138477.778
10,80,1,41.6,8153920.81
10,80,1,41.7,7937718.364
10,80,1,41.8,8308351.128
10,80,1,41.9,8107591.714
10,80,1,42,7999490.491
10,80,1,42.1,7945439.88
10,80,1,42.2,7690629.854
10,80,1,42.3,8092148.682
10,80,1,42.4,8084427.166
10,80,1,42.5,8045819.587
10,80,1,42.6,8254300.516
10,80,1,42.7,7736958.95
10,80,1,42.8,7605693.179
10,80,1,42.9,7420376.797
10,80,1,43,7682908.339
10,80,1,43.1,7551642.568
10,80,1,43.2,7999490.491
10,80,1,43.3,7837338.657
10,80,1,43.4,7451262.861
10,80,1,43.5,7474427.409
10,80,1,43.6,7304554.059
10,80,1,43.7,7435819.829
10,80,1,43.8,6563288.53
10,80,1,43.9,7142402.224
10,80,1,44,7929996.848
10,80,1,44.1,7590250.148
10,80,1,44.2,7281389.511
10,80,1,44.3,7659743.791
10,80,1,44.4,7466705.893
10,80,1,44.5,7126959.192
10,80,1,44.6,7489870.441
10,80,1,44.7,7528478.02
10,80,1,44.8,7173288.288
10,80,1,44.9,7242781.931
10,80,1,45,7196452.836
10,80,1,45.1,6972528.874
10,80,1,45.2,6779490.976
10,80,1,45.3,7374047.702
10,80,1,45.4,7003414.938
10,80,1,45.5,7343161.638
10,80,1,45.6,6887592.199
10,80,1,45.7,7204174.352
10,80,1,45.8,7103794.645
10,80,1,45.9,6879870.683
10,80,1,46,7026579.485
10,80,1,46.1,6964807.358
10,80,1,46.2,7003414.938
10,80,1,46.3,6957085.842
10,80,1,46.4,7072908.581
10,80,1,46.5,7273667.995
10,80,1,46.6,6733161.881
10,80,1,46.7,6702275.817
10,80,1,46.8,6393415.18
10,80,1,46.9,7011136.454
10,80,1,47,6563288.53
10,80,1,47.1,6764047.944
10,80,1,47.2,6509237.919
10,80,1,47.3,6756326.428
10,80,1,47.4,6918478.263
10,80,1,47.5,6617339.142
10,80,1,47.6,6640503.69
10,80,1,47.7,6540123.983
10,80,1,47.8,6022782.416
10,80,1,47.9,6377972.148
10,80,1,48,6377972.148
10,80,1,48.1,6393415.18
10,80,1,48.2,6825820.072
10,80,1,48.3,6903035.231
10,80,1,48.4,6308478.505
10,80,1,48.5,6184934.25
10,80,1,48.6,6571010.046
10,80,1,48.7,6470630.339
10,80,1,48.8,6007339.384
10,80,1,48.9,6478351.855
10,80,1,49,6269870.926
10,80,1,49.1,6416579.728
10,80,1,49.2,6069111.512
10,80,1,49.3,6277592.441
10,80,1,49.4,6192655.766
10,80,1,49.5,6231263.346
10,80,1,49.6,6223541.83
10,80,1,49.7,6246706.378
10,80,1,49.8,5852909.066
10,80,1,49.9,6447465.792
10,80,1,50,6045946.964
10,80,1,50.1,6177212.734
10,80,1,50.2,6208098.798
10,80,1,50.3,6069111.512
10,80,1,50.4,6416579.728
10,80,1,50.5,6099997.575
10,80,1,50.6,6231263.346
10,80,1,50.7,5937845.741
10,80,1,50.8,5829744.518
10,80,1,50.9,5991896.352
10,80,1,51,5791136.939
10,80,1,51.1,6053668.48
10,80,1,51.2,5991896.352
10,80,1,51.3,5798858.455
10,80,1,51.4,5574934.493
10,80,1,51.5,5366453.563
10,80,1,51.6,5891516.646
10,80,1,51.7,5767972.391
10,80,1,51.8,5737086.327
10,80,1,51.9,5767972.391
10,80,1,52,5513162.366
10,80,1,52.1,5791136.939
10,80,1,52.2,5567212.977
10,80,1,52.3,5582656.009
10,80,1,52.4,5675314.2
10,80,1,52.5,5752529.359
10,80,1,52.6,5304681.436
10,80,1,52.7,5474554.786
10,80,1,52.8,5567212.977
10,80,1,52.9,5582656.009
10,80,1,53,5250630.824
10,80,1,53.1,5397339.627
10,80,1,53.2,5528605.397
10,80,1,53.3,5250630.824
10,80,1,53.4,5381896.595
10,80,1,53.5,5428225.69
10,80,1,53.6,5204301.729
10,80,1,53.7,5366453.563
10,80,1,53.8,5482276.302
10,80,1,53.9,5420504.175
10,80,1,54,5374175.079
10,80,1,54.1,5235187.792
10,80,1,54.2,5659871.168
10,80,1,54.3,5304681.436
10,80,1,54.4,5806579.97
10,80,1,54.5,5188858.697
10,80,1,54.6,5497719.334
10,80,1,54.7,5513162.366
10,80,1,54.8,5412782.659
10,80,1,54.9,5605820.557
10,80,1,55,4849111.997
10,80,1,55.1,5119365.054
10,80,1,55.2,5188858.697
10,80,1,55.3,4941770.188
10,80,1,55.4,5049871.41
10,80,1,55.5,5520883.881
10,80,1,55.6,5822023.002
10,80,1,55.7,5103922.022
10,80,1,55.8,5621263.588
10,80,1,55.9,5150251.117
10,80,1,56,5242909.308
10,80,1,56.1,4957213.219
10,80,1,56.2,5026706.863
10,80,1,56.3,5042149.895
10,80,1,56.4,5034428.379
10,80,1,56.5,5181137.181
10,80,1,56.6,5258352.34
10,80,1,56.7,5103922.022
10,80,1,56.8,5212023.245
10,80,1,56.9,5188858.697
10,80,1,57,4988099.283
10,80,1,57.1,4632909.551
10,80,1,57.2,4671517.13
10,80,1,57.3,5096200.506
10,80,1,57.4,4694681.678
10,80,1,57.5,4725567.742
10,80,1,57.6,4949491.704
10,80,1,57.7,4517086.812
10,80,1,57.8,4864555.028
10,80,1,57.9,5049871.41
10,80,1,58,4771896.837
10,80,1,58.1,9157717.879
10,80,1,58.2,4625188.035
10,80,1,58.3,4771896.837
10,80,1,58.4,4879998.06
10,80,1,58.5,4779618.353
10,80,1,58.6,4532529.844
10,80,1,58.7,4856833.512
10,80,1,58.8,4378099.526
10,80,1,58.9,4818225.933
10,80,1,59,4671517.13
10,80,1,59.1,4493922.264
10,80,1,59.2,4555694.392
10,80,1,59.3,4478479.233
10,80,1,59.4,4401264.073
10,80,1,59.5,11574552.36
10,80,1,59.6,4277719.819
10,80,1,59.7,4625188.035
10,80,1,59.8,4169618.596
10,80,1,59.9,4602023.487
10,80,1,60,4509365.296
10,80,1,60.1,4563415.908
10,80,1,60.2,4401264.073
10,80,1,60.3,4540251.36
10,80,1,60.4,4339491.946
10,80,1,60.5,4663795.615
10,80,1,60.6,4733289.258
10,80,1,60.7,4308605.882
10,80,1,60.8,4308605.882
10,80,1,60.9,4524808.328
10,80,1,61,4532529.844
10,80,1,61.1,4285441.335
10,80,1,61.2,4408985.589
10,80,1,61.3,4107846.468
10,80,1,61.4,4393542.557
10,80,1,61.5,4385821.041
10,80,1,61.6,4161897.08
10,80,1,61.7,4231390.723
10,80,1,61.8,4007466.762
10,80,1,61.9,4208226.175
10,80,1,62,4316327.398
10,80,1,62.1,4509365.296
10,80,1,62.2,4277719.819
10,80,1,62.3,4362656.494
10,80,1,62.4,3907087.055
10,80,1,62.5,4069238.889
10,80,1,62.6,4084681.921
10,80,1,62.7,3775821.284
10,80,1,62.8,4277719.819
10,80,1,62.9,4046074.341
10,80,1,63,4123289.5
10,80,1,63.1,4231390.723
10,80,1,63.2,4246833.755
10,80,1,63.3,4138732.532
10,80,1,63.4,3961137.666
10,80,1,63.5,4432150.137
10,80,1,63.6,3853036.443
10,80,1,63.7,4215947.691
10,80,1,63.8,3961137.666
10,80,1,63.9,3814428.864
10,80,1,64,3899365.539
10,80,1,64.1,4131011.016
10,80,1,64.2,4254555.271
10,80,1,64.3,4308605.882
10,80,1,64.4,3907087.055
10,80,1,64.5,3659998.545
10,80,1,64.6,4092403.437
10,80,1,64.7,4069238.889
10,80,1,64.8,3791264.316
10,80,1,64.9,3953416.15
10,80,1,65,3721770.673
10,80,1,65.1,3891644.023
10,80,1,65.2,3806707.348
10,80,1,65.3,3829871.895
10,80,1,65.4,3883922.507
10,80,1,65.5,3659998.545
10,80,1,65.6,3860757.959
10,80,1,65.7,3961137.666
10,80,1,65.8,4239112.239
10,80,1,65.9,3567340.354
10,80,1,66,3698606.125
10,80,1,66.1,4115567.984
10,80,1,66.2,3768099.768
10,80,1,66.3,3698606.125
10,80,1,66.4,3567340.354
10,80,1,66.5,3575061.87
10,80,1,66.6,3528732.775
10,80,1,66.7,3598226.418
10,80,1,66.8,3613669.45
10,80,1,66.9,3521011.259
10,80,1,67,3551897.322
10,80,1,67.1,4316327.398
10,80,1,67.2,3698606.125
10,80,1,67.3,3505568.227
10,80,1,67.4,4949491.704
10,80,1,67.5,3443796.099
10,80,1,67.6,3644555.513
10,80,1,67.7,3551897.322
10,80,1,67.8,3744935.22
10,80,1,67.9,3575061.87
10,80,1,68,3366580.94
10,80,1,68.1,3196707.59
10,80,1,68.2,3459239.131
10,80,1,68.3,3181264.558
10,80,1,68.4,3521011.259
10,80,1,68.5,3497846.711
10,80,1,68.6,3459239.131
10,80,1,68.7,3629112.482
10,80,1,68.8,3474682.163
10,80,1,68.9,3335694.877
10,80,1,69,3675441.577
10,80,1,69.1,3389745.488
10,80,1,69.2,3521011.259
10,80,1,69.3,3675441.577
10,80,1,69.4,3019112.724
10,80,1,69.5,3096327.883
10,80,1,69.6,3150378.495
10,80,1,69.7,2903289.985
10,80,1,69.8,3374302.456
10,80,1,69.9,3019112.724
10,80,1,70,3150378.495
10,80,1,70.1,3266201.233
10,80,1,70.2,3042277.272
10,80,1,70.3,3142656.979
10,80,1,70.4,2972783.628
10,80,1,70.5,3243036.686
10,80,1,70.6,3034555.756
10,80,1,70.7,2710252.087
10,80,1,70.8,3188986.074
10,80,1,70.9,2988226.66
10,80,1,71,2841517.858
10,80,1,71.1,3227593.654
10,80,1,71.2,3188986.074
10,80,1,71.3,3080884.851
10,80,1,71.4,2772024.215
10,80,1,71.5,2818353.31
10,80,1,71.6,3212150.622
10,80,1,71.7,2741138.151
10,80,1,71.8,3142656.979
10,80,1,71.9,3119492.431
10,80,1,72,3049998.788
10,80,1,72.1,3019112.724
10,80,1,72.2,3026834.24
10,80,1,72.3,2841517.858
10,80,1,72.4,2941897.565
10,80,1,72.5,2911011.501
10,80,1,72.6,2617593.896
10,80,1,72.7,2818353.31
10,80,1,72.8,2918733.017
10,80,1,72.9,2887846.953
10,80,1,73,2880125.437
10,80,1,73.1,2849239.374
10,80,1,73.2,2934176.049
10,80,1,73.3,2787467.246
10,80,1,73.4,2717973.603
10,80,1,73.5,2849239.374
10,80,1,73.6,2833796.342
10,80,1,73.7,2609872.38
10,80,1,73.8,2501771.157
10,80,1,73.9,2401391.451
10,80,1,74,2524935.705
10,80,1,74.1,2810631.794
10,80,1,74.2,2393669.935
10,80,1,74.3,2432277.514
10,80,1,74.4,2455442.062
10,80,1,74.5,2563543.285
10,80,1,74.6,2470885.094
10,80,1,74.7,2764302.699
10,80,1,74.8,2532657.221
10,80,1,74.9,2347340.839
10,80,1,75,2633036.928
10,80,1,75.1,2710252.087
10,80,1,75.2,2439999.03
10,80,1,75.3,2254682.648
10,80,1,75.4,2131138.393
10,80,1,75.5,2285568.712
10,80,1,75.6,2192910.521
10,80,1,75.7,2432277.514
10,80,1,75.8,2331897.807
10,80,1,75.9,1992151.107
10,80,1,76,2293290.228
10,80,1,76.1,2038480.202
10,80,1,76.2,1953543.527
10,80,1,76.3,2285568.712
10,80,1,76.4,1976708.075
10,80,1,76.5,1976708.075
10,80,1,76.6,1945822.011
10,80,1,76.7,1845442.304
10,80,1,76.8,1775948.661
10,80,1,76.9,1884049.884
10,80,1,77,1752784.113
10,80,1,77.1,1760505.629
10,80,1,77.2,1868606.852
10,80,1,77.3,1922657.464
10,80,1,77.4,1575189.247
10,80,1,77.5,1752784.113
10,80,1,77.6,1590632.279
10,80,1,77.7,1636961.375
10,80,1,77.8,1675568.954
10,80,1,77.9,1552024.7
10,80,1,78,1443923.477
10,80,1,78.1,1281771.642
10,80,1,78.2,1629239.859
10,80,1,78.3,1436201.961
10,80,1,78.4,1243164.063
10,80,1,78.5,1266328.611
10,80,1,78.6,1212277.999
10,80,1,78.7,1266328.611
10,80,1,78.8,1026961.617
10,80,1,78.9,1019240.101
10,80,1,79,918860.3943
10,80,1,79.1,849366.751
10,80,1,79.2,826202.2032
10,80,1,79.3,980632.5216
10,80,1,79.4,880252.8147
10,80,1,79.5,772151.5918
10,80,1,79.6,687214.9167
10,80,1,79.7,664050.369
10,80,1,79.8,409240.3437
10,80,1,79.9,440126.4073
10,80,1,80,177594.8661
10,150,1,1.1,8297.108699
10,150,1,2.7,8297.108699
10,150,1,2.8,16594.2174
10,150,1,2.9,41485.54349
10,150,1,3,82971.08699
10,150,1,3.1,232319.0436
10,150,1,3.2,448043.8697
10,150,1,3.3,589094.7176
10,150,1,3.4,937573.283
10,150,1,3.5,1360725.827
10,150,1,3.6,1758987.044
10,150,1,3.7,2671669.001
10,150,1,3.8,3318843.479
10,150,1,3.9,4314496.523
10,150,1,4,5791381.872
10,150,1,4.1,6919788.655
10,150,1,4.2,8521130.634
10,150,1,4.3,9707617.177
10,150,1,4.4,11557872.42
10,150,1,4.5,12711170.53
10,150,1,4.6,15250085.79
10,150,1,4.7,17083746.81
10,150,1,4.8,18394689.98
10,150,1,4.9,20560235.36
10,150,1,5,21979040.94
10,150,1,5.1,23862484.62
10,150,1,5.2,25795710.94
10,150,1,5.3,28691401.88
10,150,1,5.4,30209772.77
10,150,1,5.5,30848650.14
10,150,1,5.6,32449992.12
10,150,1,5.7,34997204.49
10,150,1,5.8,36133908.38
10,150,1,5.9,36175393.93
10,150,1,6,38905142.69
10,150,1,6.1,39618694.04
10,150,1,6.2,41244927.34
10,150,1,6.3,41087282.28
10,150,1,6.4,43758951.28
10,150,1,6.5,44165509.6
10,150,1,6.6,44580365.04
10,150,1,6.7,46040656.17
10,150,1,6.8,47301816.69
10,150,1,6.9,47077794.76
10,150,1,7,49442470.74
10,150,1,7.1,49442470.74
10,150,1,7.2,49832434.84
10,150,1,7.3,50670442.82
10,150,1,7.4,85883372.14
10,150,1,7.5,50811493.67
10,150,1,7.6,51483559.48
10,150,1,7.7,52271784.8
10,150,1,7.8,51790552.5
10,150,1,7.9,51997980.21
10,150,1,8,51881820.69
10,150,1,8.1,51815443.82
10,150,1,8.2,52977039.04
10,150,1,8.3,126854494.9
10,150,1,8.4,702018367
10,150,1,8.5,51466965.26
10,150,1,8.6,52246893.48
10,150,1,8.7,53682293.28
10,150,1,8.8,61896430.89
10,150,1,8.9,51375697.06
10,150,1,9,52753017.11
10,150,1,9.1,51218052
10,150,1,9.2,52528995.17
10,150,1,9.3,51873523.58
10,150,1,9.4,51425479.71
10,150,1,9.5,75088833.72
10,150,1,9.6,62468931.39
10,150,1,9.7,401256473.8
10,150,1,9.8,81137425.96
10,150,1,9.9,66302195.61
10,150,1,10,187481468.2
10,150,1,10.1,52769611.32
10,150,1,10.2,53483162.67
10,150,1,10.3,47641998.15
10,150,1,10.4,46015764.84
10,150,1,10.5,46223192.56
10,150,1,10.6,45982576.41
10,150,1,10.7,44397828.65
10,150,1,10.8,44978626.26
10,150,1,10.9,45941090.86
10,150,1,11,47476055.97
10,150,1,11.1,45692177.6
10,150,1,11.2,43883407.91
10,150,1,11.3,109413972.4
10,150,1,11.4,44314857.56
10,150,1,11.5,44713118.78
10,150,1,11.6,48571274.32
10,150,1,11.7,49392688.08
10,150,1,11.8,41975072.91
10,150,1,11.9,40904745.88
10,150,1,12,44024458.76
10,150,1,12.1,41112173.6
10,150,1,12.2,39552317.17
10,150,1,12.3,40382028.04
10,150,1,12.4,40506484.67
10,150,1,12.5,40382028.04
10,150,1,12.6,39104273.3
10,150,1,12.7,39958875.49
10,150,1,12.8,37843112.77
10,150,1,12.9,39469346.08
10,150,1,13,38664526.54
10,150,1,13.1,37934380.97
10,150,1,13.2,38224779.77
10,150,1,13.3,37403366.01
10,150,1,13.4,38614743.88
10,150,1,13.5,37926083.86
10,150,1,13.6,37469742.88
10,150,1,13.7,37461445.77
10,150,1,13.8,36374524.54
10,150,1,13.9,36797677.08
10,150,1,14,35636081.86
10,150,1,14.1,36250067.9
10,150,1,14.2,36839162.62
10,150,1,14.3,34972313.16
10,150,1,14.4,36067531.51
10,150,1,14.5,35586299.21
10,150,1,14.6,34333435.8
10,150,1,14.7,34582349.06
10,150,1,14.8,34441298.21
10,150,1,14.9,34101116.75
10,150,1,15,34665320.14
10,150,1,15.1,34325138.69
10,150,1,15.2,34681914.36
10,150,1,15.3,34275356.03
10,150,1,15.4,32748688.03
10,150,1,15.5,33146949.25
10,150,1,15.6,33387565.4
10,150,1,15.7,33744341.08
10,150,1,15.8,33478833.6
10,150,1,15.9,32325535.49
10,150,1,16,32084919.34
10,150,1,16.1,33080572.38
10,150,1,16.2,33312891.43
10,150,1,16.3,30533360.01
10,150,1,16.4,31271802.69
10,150,1,16.5,31587092.82
10,150,1,16.6,30964809.66
10,150,1,16.7,32242564.4
10,150,1,16.8,31429447.75
10,150,1,16.9,30442091.82
10,150,1,17,30218069.88
10,150,1,17.1,30317635.19
10,150,1,17.2,29463032.99
10,150,1,17.3,30052127.71
10,150,1,17.4,29877888.42
10,150,1,17.5,30516765.79
10,150,1,17.6,29529409.86
10,150,1,17.7,29073068.88
10,150,1,17.8,29670460.71
10,150,1,17.9,29330279.25
10,150,1,18,28500568.38
10,150,1,18.1,28558648.14
10,150,1,18.2,28890532.49
10,150,1,18.3,28849046.95
10,150,1,18.4,28127198.49
10,150,1,18.5,28442488.62
10,150,1,18.6,28193575.36
10,150,1,18.7,27836799.68
10,150,1,18.8,28517162.6
10,150,1,18.9,26857740.86
10,150,1,19,26517559.4
10,150,1,19.1,28085712.95
10,150,1,19.2,26733284.23
10,150,1,19.3,26849443.75
10,150,1,19.4,27214516.53
10,150,1,19.5,27131545.44
10,150,1,19.6,26152486.62
10,150,1,19.7,25488717.92
10,150,1,19.8,26583936.27
10,150,1,19.9,26177377.94
10,150,1,20,26227160.6
10,150,1,20.1,26019732.88
10,150,1,20.2,25281290.2
10,150,1,20.3,26036327.1
10,150,1,20.4,25538500.57
10,150,1,20.5,24808355.01
10,150,1,20.6,25729334.07
10,150,1,20.7,24277340.05
10,150,1,20.8,23829296.18
10,150,1,20.9,25414043.94
10,150,1,21,25165130.68
10,150,1,21.1,24136289.2
10,150,1,21.2,24957702.97
10,150,1,21.3,24509659.1
10,150,1,21.4,24426688.01
10,150,1,21.5,22717483.62
10,150,1,21.6,23663354.01
10,150,1,21.7,24194368.97
10,150,1,21.8,22900020.01
10,150,1,21.9,23671651.12
10,150,1,22,23074259.29
10,150,1,22.1,23190418.81
10,150,1,22.2,23522303.16
10,150,1,22.3,22153280.23
10,150,1,22.4,23613571.36
10,150,1,22.5,22982991.1
10,150,1,22.6,22916614.23
10,150,1,22.7,22543244.33
10,150,1,22.8,22178171.55
10,150,1,22.9,21232301.16
10,150,1,23,22277736.86
10,150,1,23.1,21655453.7
10,150,1,23.2,21854584.31
10,150,1,23.3,21622265.27
10,150,1,23.4,22070309.14
10,150,1,23.5,21323569.36
10,150,1,23.6,20966793.68
10,150,1,23.7,21008279.23
10,150,1,23.8,21149330.07
10,150,1,23.9,21107844.53
10,150,1,24,21381649.12
10,150,1,24.1,20751068.86
10,150,1,24.2,20585126.68
10,150,1,24.3,19556285.2
10,150,1,24.4,20336213.42
10,150,1,24.5,21074656.09
10,150,1,24.6,20775960.18
10,150,1,24.7,19772010.03
10,150,1,24.8,20112191.49
10,150,1,24.9,20278133.66
10,150,1,25,19498205.44
10,150,1,25.1,19921357.99
10,150,1,25.2,20103894.38
10,150,1,25.3,19689038.94
10,150,1,25.4,19539690.99
10,150,1,25.5,19863278.22
10,150,1,25.6,19075052.9
10,150,1,25.7,19705633.16
10,150,1,25.8,19133132.66
10,150,1,25.9,19539690.99
10,150,1,26,18842733.85
10,150,1,26.1,19282480.62
10,150,1,26.2,18519146.62
10,150,1,26.3,19547988.09
10,150,1,26.4,19008676.03
10,150,1,26.5,18013022.98
10,150,1,26.6,18834436.75
10,150,1,26.7,18220450.7
10,150,1,26.8,18942299.16
10,150,1,26.9,18502552.4
10,150,1,27,17722624.18
10,150,1,27.1,17822189.48
10,150,1,27.2,18461066.85
10,150,1,27.3,18145776.72
10,150,1,27.4,17764109.72
10,150,1,27.5,17316065.85
10,150,1,27.6,17473710.92
10,150,1,27.7,17299471.64
10,150,1,27.8,17938349.01
10,150,1,27.9,16868021.98
10,150,1,28,17183312.11
10,150,1,28.1,16793348.01
10,150,1,28.2,17324362.96
10,150,1,28.3,16536137.64
10,150,1,28.4,17681138.64
10,150,1,28.5,17540087.79
10,150,1,28.6,16876319.09
10,150,1,28.7,17274580.31
10,150,1,28.8,16536137.64
10,150,1,28.9,16419978.11
10,150,1,29,16843130.66
10,150,1,29.1,17092043.92
10,150,1,29.2,17855377.92
10,150,1,29.3,16112985.09
10,150,1,29.4,16270630.16
10,150,1,29.5,15955340.03
10,150,1,29.6,16013419.79
10,150,1,29.7,16187659.07
10,150,1,29.8,16220847.51
10,150,1,29.9,15615158.57
10,150,1,30,15723020.98
10,150,1,30.1,15971934.24
10,150,1,30.2,15382839.53
10,150,1,30.3,16212550.4
10,150,1,30.4,15573673.03
10,150,1,30.5,15308165.55
10,150,1,30.6,15490701.94
10,150,1,30.7,15922151.59
10,150,1,30.8,15208600.24
10,150,1,30.9,15250085.79
10,150,1,31,15266680.01
10,150,1,31.1,15092440.72
10,150,1,31.2,14710773.72
10,150,1,31.3,15183708.92
10,150,1,31.4,15192006.03
10,150,1,31.5,14934795.66
10,150,1,31.6,14992875.42
10,150,1,31.7,14561425.77
10,150,1,31.8,14412077.81
10,150,1,31.9,14785447.7
10,150,1,32,13997222.37
10,150,1,32.1,13698526.46
10,150,1,32.2,14826933.24
10,150,1,32.3,14237838.53
10,150,1,32.4,14088490.57
10,150,1,32.5,14337403.83
10,150,1,32.6,14403780.7
10,150,1,32.7,14503346.01
10,150,1,32.8,14669288.18
10,150,1,32.9,14038707.92
10,150,1,33,14453563.35
10,150,1,33.1,13972331.05
10,150,1,33.2,13482801.64
10,150,1,33.3,14420374.92
10,150,1,33.4,13491098.74
10,150,1,33.5,13341750.79
10,150,1,33.6,14038707.92
10,150,1,33.7,13217294.16
10,150,1,33.8,13764903.33
10,150,1,33.9,13648743.81
10,150,1,34,13549178.5
10,150,1,34.1,13607258.27
10,150,1,34.2,13258779.7
10,150,1,34.3,13242185.48
10,150,1,34.4,12868815.59
10,150,1,34.5,13889359.96
10,150,1,34.6,12420771.72
10,150,1,34.7,12752656.07
10,150,1,34.8,12976678
10,150,1,34.9,13250482.59
10,150,1,35,12935192.46
10,150,1,35.1,13283671.03
10,150,1,35.2,12512039.92
10,150,1,35.3,12769250.29
10,150,1,35.4,12628199.44
10,150,1,35.5,12420771.72
10,150,1,35.6,12055698.94
10,150,1,35.7,12926895.35
10,150,1,35.8,12984975.11
10,150,1,35.9,12893706.92
10,150,1,36,12819032.94
10,150,1,36.1,12429068.83
10,150,1,36.2,11566169.53
10,150,1,36.3,12702873.42
10,150,1,36.4,12578416.79
10,150,1,36.5,12288017.98
10,150,1,36.6,12429068.83
10,150,1,36.7,12644793.66
10,150,1,36.8,11956133.63
10,150,1,36.9,11682329.05
10,150,1,37,11922945.2
10,150,1,37.1,11184502.53
10,150,1,37.2,11898053.87
10,150,1,37.3,11624249.29
10,150,1,37.4,11450010
10,150,1,37.5,11441712.9
10,150,1,37.6,11657437.72
10,150,1,37.7,11715517.48
10,150,1,37.8,11466604.22
10,150,1,37.9,12122075.81
10,150,1,38,11806785.68
10,150,1,38.1,12570119.68
10,150,1,38.2,11649140.61
10,150,1,38.3,11308959.16
10,150,1,38.4,11242582.29
10,150,1,38.5,11118125.66
10,150,1,38.6,11524683.98
10,150,1,38.7,11242582.29
10,150,1,38.8,11292364.94
10,150,1,38.9,11350444.7
10,150,1,39,11143016.98
10,150,1,39.1,11698923.27
10,150,1,39.2,10686676
10,150,1,39.3,10885806.61
10,150,1,39.4,10271820.57
10,150,1,39.5,10811132.63
10,150,1,39.6,10852618.18
10,150,1,39.7,10661784.68
10,150,1,39.8,10777944.2
10,150,1,39.9,10794538.42
10,150,1,40,10860915.29
10,150,1,40.1,10918995.05
10,150,1,40.2,10487545.4
10,150,1,40.3,10653487.57
10,150,1,40.4,11043451.68
10,150,1,40.5,10213740.81
10,150,1,40.6,10628596.24
10,150,1,40.7,10645190.46
10,150,1,40.8,10927292.16
10,150,1,40.9,10595407.81
10,150,1,41,10628596.24
10,150,1,41.1,10412871.42
10,150,1,41.2,10769647.09
10,150,1,41.3,10089284.18
10,150,1,41.4,9425515.482
10,150,1,41.5,10487545.4
10,150,1,41.6,10255226.35
10,150,1,41.7,10255226.35
10,150,1,41.8,10047798.63
10,150,1,41.9,10313306.11
10,150,1,42,9757399.83
10,150,1,42.1,10338197.44
10,150,1,42.2,9798885.373
10,150,1,42.3,10305009
10,150,1,42.4,10379682.98
10,150,1,42.5,9525080.786
10,150,1,42.6,9583160.547
10,150,1,42.7,9110225.351
10,150,1,42.8,10139066.83
10,150,1,42.9,9998015.982
10,150,1,43,9840370.917
10,150,1,43.1,9583160.547
10,150,1,43.2,9533377.895
10,150,1,43.3,9715914.286
10,150,1,43.4,10064392.85
10,150,1,43.5,9425515.482
10,150,1,43.6,9657834.525
10,150,1,43.7,9491892.351
10,150,1,43.8,9201493.547
10,150,1,43.9,9558269.221
10,150,1,44,9574863.438
10,150,1,44.1,9649537.417
10,150,1,44.2,9284464.634
10,150,1,44.3,9350841.503
10,150,1,44.4,9218087.764
10,150,1,44.5,9118522.46
10,150,1,44.6,8927688.96
10,150,1,44.7,8894500.525
10,150,1,44.8,9749102.721
10,150,1,44.9,9292761.743
10,150,1,45,9135116.677
10,150,1,45.1,9276167.525
10,150,1,45.2,9707617.177
10,150,1,45.3,8687072.808
10,150,1,45.4,9467001.025
10,150,1,45.5,8886203.416
10,150,1,45.6,9433812.59
10,150,1,45.7,9143413.786
10,150,1,45.8,8869609.199
10,150,1,45.9,9035551.373
10,150,1,46,8969174.503
10,150,1,46.1,8828123.655
10,150,1,46.2,8653884.373
10,150,1,46.3,8745152.568
10,150,1,46.4,8438159.547
10,150,1,46.5,8371782.677
10,150,1,46.6,8595804.612
10,150,1,46.7,9077036.916
10,150,1,46.8,8902797.634
10,150,1,46.9,8770043.895
10,150,1,47,8330297.133
10,150,1,47.1,9101928.242
10,150,1,47.2,8562616.177
10,150,1,47.3,8272217.373
10,150,1,47.4,8570913.286
10,150,1,47.5,8463050.873
10,150,1,47.6,8446456.655
10,150,1,47.7,8952580.286
10,150,1,47.8,8322000.025
10,150,1,47.9,8205840.503
10,150,1,48,8064789.655
10,150,1,48.1,8529427.742
10,150,1,48.2,8255623.155
10,150,1,48.3,8097978.09
10,150,1,48.4,7998412.786
10,150,1,48.5,7981818.568
10,150,1,48.6,8471347.981
10,150,1,48.7,7857361.938
10,150,1,48.8,8297108.699
10,150,1,48.9,8081383.873
10,150,1,49,7865659.046
10,150,1,49.1,8056492.546
10,150,1,49.2,8819826.547
10,150,1,49.3,7981818.568
10,150,1,49.4,7807579.285
10,150,1,49.5,7658231.329
10,150,1,49.6,8031601.22
10,150,1,49.7,7708013.981
10,150,1,49.8,7973521.459
10,150,1,49.9,7799282.177
10,150,1,50,7450803.611
10,150,1,50.1,7699716.872
10,150,1,50.2,7691419.764
10,150,1,50.3,7857361.938
10,150,1,50.4,7708013.981
10,150,1,50.5,7235078.785
10,150,1,50.6,7425912.285
10,150,1,50.7,7716311.09
10,150,1,50.8,7683122.655
10,150,1,50.9,7591854.459
10,150,1,51,7533774.698
10,150,1,51.1,8380079.786
10,150,1,51.2,7923738.807
10,150,1,51.3,7633340.003
10,150,1,51.4,7409318.068
10,150,1,51.5,7500586.264
10,150,1,51.6,7160404.807
10,150,1,51.7,7417615.177
10,150,1,51.8,7774390.851
10,150,1,51.9,7475694.938
10,150,1,52,7409318.068
10,150,1,52.1,7691419.764
10,150,1,52.2,7359535.416
10,150,1,52.3,7392723.851
10,150,1,52.4,7259970.111
10,150,1,52.5,7201890.35
10,150,1,52.6,6911491.546
10,150,1,52.7,7259970.111
10,150,1,52.8,7152107.698
10,150,1,52.9,6878303.111
10,150,1,53,6986165.524
10,150,1,53.1,7019353.959
10,150,1,53.2,7135513.481
10,150,1,53.3,7127216.372
10,150,1,53.4,7218484.568
10,150,1,53.5,6737252.263
10,150,1,53.6,7185296.133
10,150,1,53.7,7309752.764
10,150,1,53.8,6894897.329
10,150,1,53.9,7301455.655
10,150,1,54,6670875.394
10,150,1,54.1,6712360.937
10,150,1,54.2,6430259.241
10,150,1,54.3,7243375.894
10,150,1,54.4,6820223.35
10,150,1,54.5,7019353.959
10,150,1,54.6,7367832.524
10,150,1,54.7,6438556.35
10,150,1,54.8,7011056.85
10,150,1,54.9,6612795.633
10,150,1,55,6845114.676
10,150,1,55.1,6645984.068
10,150,1,55.2,6770440.698
10,150,1,55.3,6604498.524
10,150,1,55.4,6704063.829
10,150,1,55.5,6513230.328
10,150,1,55.6,7309752.764
10,150,1,55.7,6687469.611
10,150,1,55.8,6811926.242
10,150,1,55.9,6231128.633
10,150,1,56,6156454.654
10,150,1,56.1,6770440.698
10,150,1,56.2,6587904.307
10,150,1,56.3,6330693.937
10,150,1,56.4,6679172.502
10,150,1,56.5,6397070.807
10,150,1,56.6,6488339.002
10,150,1,56.7,6314099.72
10,150,1,56.8,6604498.524
10,150,1,56.9,6612795.633
10,150,1,57,6455150.568
10,150,1,57.1,6695766.72
10,150,1,57.2,6330693.937
10,150,1,57.3,6148157.546
10,150,1,57.4,6239425.741
10,150,1,57.5,6197940.198
10,150,1,57.6,6305802.611
10,150,1,57.7,6197940.198
10,150,1,57.8,6355585.263
10,150,1,57.9,5849461.633
10,150,1,58,6123266.22
10,150,1,58.1,26949009.05
10,150,1,58.2,6065186.459
10,150,1,58.3,6040295.133
10,150,1,58.4,6604498.524
10,150,1,58.5,6098374.894
10,150,1,58.6,5849461.633
10,150,1,58.7,6604498.524
10,150,1,58.8,5890947.176
10,150,1,58.9,6297505.502
10,150,1,59,6065186.459
10,150,1,59.1,6156454.654
10,150,1,59.2,6040295.133
10,150,1,59.3,5617142.589
10,150,1,59.4,5915838.502
10,150,1,59.5,42738406.91
10,150,1,59.6,6214534.415
10,150,1,59.7,5625439.698
10,150,1,59.8,5741599.219
10,150,1,59.9,5890947.176
10,150,1,60,5791381.872
10,150,1,60.1,5824570.306
10,150,1,60.2,6007106.698
10,150,1,60.3,6106672.002
10,150,1,60.4,5741599.219
10,150,1,60.5,6065186.459
10,150,1,60.6,5816273.198
10,150,1,60.7,6023700.915
10,150,1,60.8,5849461.633
10,150,1,60.9,5700113.676
10,150,1,61,5260366.915
10,150,1,61.1,5915838.502
10,150,1,61.2,5276961.132
10,150,1,61.3,5691816.567
10,150,1,61.4,5708410.785
10,150,1,61.5,5733302.111
10,150,1,61.6,5625439.698
10,150,1,61.7,5567359.937
10,150,1,61.8,5476091.741
10,150,1,61.9,5650331.024
10,150,1,62,5517577.285
10,150,1,62.1,5567359.937
10,150,1,62.2,5973918.263
10,150,1,62.3,5583954.154
10,150,1,62.4,5857758.741
10,150,1,62.5,5525874.393
10,150,1,62.6,5293555.35
10,150,1,62.7,5451200.415
10,150,1,62.8,5525874.393
10,150,1,62.9,5534171.502
10,150,1,63,5600548.372
10,150,1,63.1,5418011.98
10,150,1,63.2,5434606.198
10,150,1,63.3,5550765.719
10,150,1,63.4,5135910.284
10,150,1,63.5,5202287.154
10,150,1,63.6,5559062.828
10,150,1,63.7,5019750.763
10,150,1,63.8,5343338.002
10,150,1,63.9,5658628.133
10,150,1,64,5368229.328
10,150,1,64.1,5484388.85
10,150,1,64.2,5152504.502
10,150,1,64.3,5359932.219
10,150,1,64.4,5169098.719
10,150,1,64.5,5343338.002
10,150,1,64.6,5260366.915
10,150,1,64.7,5509280.176
10,150,1,64.8,4928482.567
10,150,1,64.9,5384823.545
10,150,1,65,4845511.48
10,150,1,65.1,5061236.306
10,150,1,65.2,5011453.654
10,150,1,65.3,5102721.85
10,150,1,65.4,5102721.85
10,150,1,65.5,5135910.284
10,150,1,65.6,5409714.872
10,150,1,65.7,5492685.959
10,150,1,65.8,4936779.676
10,150,1,65.9,5227178.48
10,150,1,66,4828917.263
10,150,1,66.1,5127613.176
10,150,1,66.2,4978265.219
10,150,1,66.3,5359932.219
10,150,1,66.4,5534171.502
10,150,1,66.5,5044642.089
10,150,1,66.6,5086127.632
10,150,1,66.7,4737649.067
10,150,1,66.8,4878699.915
10,150,1,66.9,4671272.197
10,150,1,67,4779134.61
10,150,1,67.1,8612398.829
10,150,1,67.2,5393120.654
10,150,1,67.3,5135910.284
10,150,1,67.4,11524683.98
10,150,1,67.5,4530221.349
10,150,1,67.6,4820620.154
10,150,1,67.7,4812323.045
10,150,1,67.8,5011453.654
10,150,1,67.9,5716707.893
10,150,1,68,5094424.741
10,150,1,68.1,4886997.024
10,150,1,68.2,4986562.328
10,150,1,68.3,4646380.871
10,150,1,68.4,4787431.719
10,150,1,68.5,5218881.371
10,150,1,68.6,5036344.98
10,150,1,68.7,4604895.328
10,150,1,68.8,5061236.306
10,150,1,68.9,4679569.306
10,150,1,69,4812323.045
10,150,1,69.1,4754243.284
10,150,1,69.2,5799678.98
10,150,1,69.3,6380476.589
10,150,1,69.4,4986562.328
10,150,1,69.5,4604895.328
10,150,1,69.6,4729351.958
10,150,1,69.7,4397467.61
10,150,1,69.8,4671272.197
10,150,1,69.9,4704460.632
10,150,1,70,4828917.263
10,150,1,70.1,4497032.915
10,150,1,70.2,4580004.002
10,150,1,70.3,4712757.741
10,150,1,70.4,4795728.828
10,150,1,70.5,4505330.023
10,150,1,70.6,4754243.284
10,150,1,70.7,4770837.502
10,150,1,70.8,4389170.502
10,150,1,70.9,4729351.958
10,150,1,71,4422358.936
10,150,1,71.1,4297902.306
10,150,1,71.2,4389170.502
10,150,1,71.3,4712757.741
10,150,1,71.4,4455547.371
10,150,1,71.5,4480438.697
10,150,1,71.6,4131960.132
10,150,1,71.7,4281308.089
10,150,1,71.8,4239822.545
10,150,1,71.9,4555112.676
10,150,1,72,4347684.958
10,150,1,72.1,4737649.067
10,150,1,72.2,4729351.958
10,150,1,72.3,4638083.763
10,150,1,72.4,4546815.567
10,150,1,72.5,4057286.154
10,150,1,72.6,4198337.002
10,150,1,72.7,4447250.262
10,150,1,72.8,4231525.436
10,150,1,72.9,4190039.893
10,150,1,73,4505330.023
10,150,1,73.1,4505330.023
10,150,1,73.2,4239822.545
10,150,1,73.3,4505330.023
10,150,1,73.4,4198337.002
10,150,1,73.5,4795728.828
10,150,1,73.6,4281308.089
10,150,1,73.7,4148554.349
10,150,1,73.8,4198337.002
10,150,1,73.9,4405764.719
10,150,1,74,3916235.306
10,150,1,74.1,4190039.893
10,150,1,74.2,4090474.588
10,150,1,74.3,4273010.98
10,150,1,74.4,4131960.132
10,150,1,74.5,4372576.284
10,150,1,74.6,4131960.132
10,150,1,74.7,4214931.219
10,150,1,74.8,4131960.132
10,150,1,74.9,4223228.328
10,150,1,75,4065583.262
10,150,1,75.1,4190039.893
10,150,1,75.2,3982612.175
10,150,1,75.3,4156851.458
10,150,1,75.4,4057286.154
10,150,1,75.5,4065583.262
10,150,1,75.6,3891343.98
10,150,1,75.7,3700510.48
10,150,1,75.8,3858155.545
10,150,1,75.9,4007503.501
10,150,1,76,3766887.349
10,150,1,76.1,3883046.871
10,150,1,76.2,3725401.806
10,150,1,76.3,4040691.936
10,150,1,76.4,4007503.501
10,150,1,76.5,3866452.654
10,150,1,76.6,3949423.741
10,150,1,76.7,3949423.741
10,150,1,76.8,3907938.197
10,150,1,76.9,3816670.001
10,150,1,77,3783481.567
10,150,1,77.1,3883046.871
10,150,1,77.2,4090474.588
10,150,1,77.3,4488735.806
10,150,1,77.4,4024097.719
10,150,1,77.5,3982612.175
10,150,1,77.6,4289605.197
10,150,1,77.7,3376923.24
10,150,1,77.8,4024097.719
10,150,1,77.9,3675619.154
10,150,1,78,3741996.023
10,150,1,78.1,3791778.675
10,150,1,78.2,3949423.741
10,150,1,78.3,3808372.893
10,150,1,78.4,4048989.045
10,150,1,78.5,4040691.936
10,150,1,78.6,3559459.632
10,150,1,78.7,3949423.741
10,150,1,78.8,3824967.11
10,150,1,78.9,3916235.306
10,150,1,79,3858155.545
10,150,1,79.1,3899641.088
10,150,1,79.2,3600945.175
10,150,1,79.3,3534568.306
10,150,1,79.4,3766887.349
10,150,1,79.5,3824967.11
10,150,1,79.6,3907938.197
10,150,1,79.7,3883046.871
10,150,1,79.8,3999206.393
10,150,1,79.9,3800075.784
10,150,1,80,3974315.067
10,150,1,80.1,3783481.567
10,150,1,80.2,3899641.088
10,150,1,80.3,3617539.393
10,150,1,80.4,3526271.197
10,150,1,80.5,3858155.545
10,150,1,80.6,3750293.132
10,150,1,80.7,3600945.175
10,150,1,80.8,3277357.936
10,150,1,80.9,3567756.74
10,150,1,81,3692213.371
10,150,1,81.1,3335437.697
10,150,1,81.2,3858155.545
10,150,1,81.3,3650727.827
10,150,1,81.4,3376923.24
10,150,1,81.5,3493082.762
10,150,1,81.6,3567756.74
10,150,1,81.7,3642430.719
10,150,1,81.8,3733698.914
10,150,1,81.9,3360329.023
10,150,1,82,3750293.132
10,150,1,82.1,3517974.088
10,150,1,82.2,3343734.806
10,150,1,82.3,3451597.219
10,150,1,82.4,3426705.893
10,150,1,82.5,3741996.023
10,150,1,82.6,3741996.023
10,150,1,82.7,3493082.762
10,150,1,82.8,3717104.697
10,150,1,82.9,3584350.958
10,150,1,83,3318843.479
10,150,1,83.1,3418408.784
10,150,1,83.2,3186089.74
10,150,1,83.3,3592648.067
10,150,1,83.4,3119712.871
10,150,1,83.5,3393517.458
10,150,1,83.6,3385220.349
10,150,1,83.7,3435003.001
10,150,1,83.8,3534568.306
10,150,1,83.9,3435003.001
10,150,1,84,3285655.045
10,150,1,84.1,3094821.545
10,150,1,84.2,3293952.153
10,150,1,84.3,3484785.653
10,150,1,84.4,3567756.74
10,150,1,84.5,3269060.827
10,150,1,84.6,3327140.588
10,150,1,84.7,3459894.327
10,150,1,84.8,3783481.567
10,150,1,84.9,3725401.806
10,150,1,85,3318843.479
10,150,1,85.1,3659024.936
10,150,1,85.2,3542865.414
10,150,1,85.3,3443300.11
10,150,1,85.4,3360329.023
10,150,1,85.5,3269060.827
10,150,1,85.6,3169495.523
10,150,1,85.7,3111415.762
10,150,1,85.8,3177792.632
10,150,1,85.9,3269060.827
10,150,1,86,3194386.849
10,150,1,86.1,3551162.523
10,150,1,86.2,3235872.392
10,150,1,86.3,3252466.61
10,150,1,86.4,3285655.045
10,150,1,86.5,3609242.284
10,150,1,86.6,3758590.241
10,150,1,86.7,3443300.11
10,150,1,86.8,2596995.023
10,150,1,86.9,3327140.588
10,150,1,87,3186089.74
10,150,1,87.1,3401814.566
10,150,1,87.2,3069930.219
10,150,1,87.3,3136307.088
10,150,1,87.4,3302249.262
10,150,1,87.5,3177792.632
10,150,1,87.6,3136307.088
10,150,1,87.7,2903988.045
10,150,1,87.8,3128009.979
10,150,1,87.9,3111415.762
10,150,1,88,3078227.327
10,150,1,88.1,3177792.632
10,150,1,88.2,3128009.979
10,150,1,88.3,3202683.958
10,150,1,88.4,3343734.806
10,150,1,88.5,2829314.066
10,150,1,88.6,3169495.523
10,150,1,88.7,3219278.175
10,150,1,88.8,3144604.197
10,150,1,88.9,3036741.784
10,150,1,89,2928879.371
10,150,1,89.1,3061633.11
10,150,1,89.2,2804422.74
10,150,1,89.3,3061633.11
10,150,1,89.4,2937176.479
10,150,1,89.5,3269060.827
10,150,1,89.6,3045038.892
10,150,1,89.7,3119712.871
10,150,1,89.8,2953770.697
10,150,1,89.9,3036741.784
10,150,1,90,3202683.958
10,150,1,90.1,3186089.74
10,150,1,90.2,2754640.088
10,150,1,90.3,2962067.805
10,150,1,90.4,3144604.197
10,150,1,90.5,3310546.371
10,150,1,90.6,3111415.762
10,150,1,90.7,3169495.523
10,150,1,90.8,3219278.175
10,150,1,90.9,2796125.631
10,150,1,91,2837611.175
10,150,1,91.1,3194386.849
10,150,1,91.2,2986959.132
10,150,1,91.3,3094821.545
10,150,1,91.4,3061633.11
10,150,1,91.5,2887393.827
10,150,1,91.6,2953770.697
10,150,1,91.7,2845908.284
10,150,1,91.8,2779531.414
10,150,1,91.9,3020147.566
10,150,1,92,2854205.392
10,150,1,92.1,2655074.784
10,150,1,92.2,3210981.066
10,150,1,92.3,2812719.849
10,150,1,92.4,2696560.327
10,150,1,92.5,2962067.805
10,150,1,92.6,2779531.414
10,150,1,92.7,2779531.414
10,150,1,92.8,2431052.849
10,150,1,92.9,2887393.827
10,150,1,93,3003553.349
10,150,1,93.1,2588697.914
10,150,1,93.2,2903988.045
10,150,1,93.3,2505726.827
10,150,1,93.4,2895690.936
10,150,1,93.5,2821016.958
10,150,1,93.6,2787828.523
10,150,1,93.7,2912285.153
10,150,1,93.8,3069930.219
10,150,1,93.9,2655074.784
10,150,1,94,2713154.544
10,150,1,94.1,2762937.197
10,150,1,94.2,2870799.61
10,150,1,94.3,2679966.11
10,150,1,94.4,2771234.305
10,150,1,94.5,2779531.414
10,150,1,94.6,3003553.349
10,150,1,94.7,2779531.414
10,150,1,94.8,3078227.327
10,150,1,94.9,2779531.414
10,150,1,95,3011850.458
10,150,1,95.1,2812719.849
10,150,1,95.2,2779531.414
10,150,1,95.3,2605292.131
10,150,1,95.4,2447647.066
10,150,1,95.5,2621886.349
10,150,1,95.6,2937176.479
10,150,1,95.7,2671669.001
10,150,1,95.8,2928879.371
10,150,1,95.9,2538915.262
10,150,1,96,2605292.131
10,150,1,96.1,3152901.306
10,150,1,96.2,2787828.523
10,150,1,96.3,2339784.653
10,150,1,96.4,2746342.979
10,150,1,96.5,2796125.631
10,150,1,96.6,2538915.262
10,150,1,96.7,2646777.675
10,150,1,96.8,2580400.805
10,150,1,96.9,2696560.327
10,150,1,97,2671669.001
10,150,1,97.1,2630183.457
10,150,1,97.2,2870799.61
10,150,1,97.3,2555509.479
10,150,1,97.4,2804422.74
10,150,1,97.5,2679966.11
10,150,1,97.6,2746342.979
10,150,1,97.7,2572103.697
10,150,1,97.8,2497429.718
10,150,1,97.9,2572103.697
10,150,1,98,2472538.392
10,150,1,98.1,2713154.544
10,150,1,98.2,2480835.501
10,150,1,98.3,2563806.588
10,150,1,98.4,2331487.544
10,150,1,98.5,2596995.023
10,150,1,98.6,2505726.827
10,150,1,98.7,2431052.849
10,150,1,98.8,2588697.914
10,150,1,98.9,2306596.218
10,150,1,99,2746342.979
10,150,1,99.1,2489132.61
10,150,1,99.2,2613589.24
10,150,1,99.3,2480835.501
10,150,1,99.4,2696560.327
10,150,1,99.5,2414458.631
10,150,1,99.6,2572103.697
10,150,1,99.7,2414458.631
10,150,1,99.8,2505726.827
10,150,1,99.9,2630183.457
10,150,1,100,2306596.218
10,150,1,100.1,2248516.457
10,150,1,100.2,2796125.631
10,150,1,100.3,2596995.023
10,150,1,100.4,2480835.501
10,150,1,100.5,2447647.066
10,150,1,100.6,2522321.044
10,150,1,100.7,2505726.827
10,150,1,100.8,2588697.914
10,150,1,100.9,2464241.284
10,150,1,101,2555509.479
10,150,1,101.1,2472538.392
10,150,1,101.2,2422755.74
10,150,1,101.3,2215328.023
10,150,1,101.4,2572103.697
10,150,1,101.5,2688263.218
10,150,1,101.6,2613589.24
10,150,1,101.7,2339784.653
10,150,1,101.8,2231922.24
10,150,1,101.9,2306596.218
10,150,1,102,2248516.457
10,150,1,102.1,2505726.827
10,150,1,102.2,2464241.284
10,150,1,102.3,2414458.631
10,150,1,102.4,2688263.218
10,150,1,102.5,2621886.349
10,150,1,102.6,2522321.044
10,150,1,102.7,2323190.436
10,150,1,102.8,2422755.74
10,150,1,102.9,2588697.914
10,150,1,103,2339784.653
10,150,1,103.1,2306596.218
10,150,1,103.2,2464241.284
10,150,1,103.3,2372973.088
10,150,1,103.4,2381270.197
10,150,1,103.5,2115762.718
10,150,1,103.6,2348081.762
10,150,1,103.7,2464241.284
10,150,1,103.8,2472538.392
10,150,1,103.9,2588697.914
10,150,1,104,2447647.066
10,150,1,104.1,2422755.74
10,150,1,104.2,2497429.718
10,150,1,104.3,2140654.044
10,150,1,104.4,2240219.349
10,150,1,104.5,2339784.653
10,150,1,104.6,2431052.849
10,150,1,104.7,2074277.175
10,150,1,104.8,2231922.24
10,150,1,104.9,2356378.87
10,150,1,105,2240219.349
10,150,1,105.1,2240219.349
10,150,1,105.2,2323190.436
10,150,1,105.3,2281704.892
10,150,1,105.4,2314893.327
10,150,1,105.5,2148951.153
10,150,1,105.6,2397864.414
10,150,1,105.7,2547212.37
10,150,1,105.8,2256813.566
10,150,1,105.9,2323190.436
10,150,1,106,2489132.61
10,150,1,106.1,2215328.023
10,150,1,106.2,2298299.11
10,150,1,106.3,2231922.24
10,150,1,106.4,2032791.631
10,150,1,106.5,2630183.457
10,150,1,106.6,2248516.457
10,150,1,106.7,2348081.762
10,150,1,106.8,2099168.501
10,150,1,106.9,2265110.675
10,150,1,107,2439349.957
10,150,1,107.1,2240219.349
10,150,1,107.2,2231922.24
10,150,1,107.3,2207030.914
10,150,1,107.4,2140654.044
10,150,1,107.5,1949820.544
10,150,1,107.6,2240219.349
10,150,1,107.7,2306596.218
10,150,1,107.8,2223625.131
10,150,1,107.9,2372973.088
10,150,1,108,2182139.588
10,150,1,108.1,2273407.783
10,150,1,108.2,2290002.001
10,150,1,108.3,2065980.066
10,150,1,108.4,2314893.327
10,150,1,108.5,2364675.979
10,150,1,108.6,2464241.284
10,150,1,108.7,2107465.609
10,150,1,108.8,2281704.892
10,150,1,108.9,2090871.392
10,150,1,109,2099168.501
10,150,1,109.1,1958117.653
10,150,1,109.2,2223625.131
10,150,1,109.3,2024494.522
10,150,1,109.4,2132356.936
10,150,1,109.5,2256813.566
10,150,1,109.6,2057682.957
10,150,1,109.7,2207030.914
10,150,1,109.8,2090871.392
10,150,1,109.9,2173842.479
10,150,1,110,2182139.588
10,150,1,110.1,1999603.196
10,150,1,110.2,1900037.892
10,150,1,110.3,2074277.175
10,150,1,110.4,2032791.631
10,150,1,110.5,1999603.196
10,150,1,110.6,1949820.544
10,150,1,110.7,2157248.262
10,150,1,110.8,2132356.936
10,150,1,110.9,2240219.349
10,150,1,111,2215328.023
10,150,1,111.1,2032791.631
10,150,1,111.2,2148951.153
10,150,1,111.3,2099168.501
10,150,1,111.4,2215328.023
10,150,1,111.5,2065980.066
10,150,1,111.6,2323190.436
10,150,1,111.7,2099168.501
10,150,1,111.8,2182139.588
10,150,1,111.9,1676015.957
10,150,1,112,2165545.37
10,150,1,112.1,1833661.022
10,150,1,112.2,2124059.827
10,150,1,112.3,2198733.805
10,150,1,112.4,2032791.631
10,150,1,112.5,1850255.24
10,150,1,112.6,2140654.044
10,150,1,112.7,2041088.74
10,150,1,112.8,2024494.522
10,150,1,112.9,2032791.631
10,150,1,113,1891740.783
10,150,1,113.1,2090871.392
10,150,1,113.2,1999603.196
10,150,1,113.3,2140654.044
10,150,1,113.4,1858552.349
10,150,1,113.5,2024494.522
10,150,1,113.6,2124059.827
10,150,1,113.7,1900037.892
10,150,1,113.8,1983008.979
10,150,1,113.9,1974711.87
10,150,1,114,1817066.805
10,150,1,114.1,1991306.088
10,150,1,114.2,1866849.457
10,150,1,114.3,2016197.414
10,150,1,114.4,2041088.74
10,150,1,114.5,2090871.392
10,150,1,114.6,2024494.522
10,150,1,114.7,1949820.544
10,150,1,114.8,1709204.392
10,150,1,114.9,1900037.892
10,150,1,115,1866849.457
10,150,1,115.1,1875146.566
10,150,1,115.2,1858552.349
10,150,1,115.3,1916632.109
10,150,1,115.4,1866849.457
10,150,1,115.5,2140654.044
10,150,1,115.6,2165545.37
10,150,1,115.7,1684313.066
10,150,1,115.8,2182139.588
10,150,1,115.9,1924929.218
10,150,1,116,2148951.153
10,150,1,116.1,1974711.87
10,150,1,116.2,1866849.457
10,150,1,116.3,1850255.24
10,150,1,116.4,1742392.827
10,150,1,116.5,1983008.979
10,150,1,116.6,1908335.001
10,150,1,116.7,1966414.762
10,150,1,116.8,2157248.262
10,150,1,116.9,1966414.762
10,150,1,117,2041088.74
10,150,1,117.1,1991306.088
10,150,1,117.2,2215328.023
10,150,1,117.3,1966414.762
10,150,1,117.4,1916632.109
10,150,1,117.5,2024494.522
10,150,1,117.6,1559856.435
10,150,1,117.7,2065980.066
10,150,1,117.8,1883443.675
10,150,1,117.9,1958117.653
10,150,1,118,1534965.109
10,150,1,118.1,1825363.914
10,150,1,118.2,2082574.283
10,150,1,118.3,1933226.327
10,150,1,118.4,1717501.501
10,150,1,118.5,1841958.131
10,150,1,118.6,1908335.001
10,150,1,118.7,1775581.262
10,150,1,118.8,1593044.87
10,150,1,118.9,1833661.022
10,150,1,119,1576450.653
10,150,1,119.1,1626233.305
10,150,1,119.2,1684313.066
10,150,1,119.3,2090871.392
10,150,1,119.4,1742392.827
10,150,1,119.5,1825363.914
10,150,1,119.6,1709204.392
10,150,1,119.7,1634530.414
10,150,1,119.8,2082574.283
10,150,1,119.9,1684313.066
10,150,1,120,1866849.457
10,150,1,120.1,1891740.783
10,150,1,120.2,1833661.022
10,150,1,120.3,1717501.501
10,150,1,120.4,1700907.283
10,150,1,120.5,1908335.001
10,150,1,120.6,1609639.088
10,150,1,120.7,1758987.044
10,150,1,120.8,2032791.631
10,150,1,120.9,1783878.37
10,150,1,121,2024494.522
10,150,1,121.1,1767284.153
10,150,1,121.2,1966414.762
10,150,1,121.3,1866849.457
10,150,1,121.4,1734095.718
10,150,1,121.5,1858552.349
10,150,1,121.6,1858552.349
10,150,1,121.7,1800472.588
10,150,1,121.8,1734095.718
10,150,1,121.9,1783878.37
10,150,1,122,1676015.957
10,150,1,122.1,1858552.349
10,150,1,122.2,1850255.24
10,150,1,122.3,1758987.044
10,150,1,122.4,1750689.935
10,150,1,122.5,1891740.783
10,150,1,122.6,1883443.675
10,150,1,122.7,1717501.501
10,150,1,122.8,1609639.088
10,150,1,122.9,1617936.196
10,150,1,123,1443696.914
10,150,1,123.1,1908335.001
10,150,1,123.2,1800472.588
10,150,1,123.3,1775581.262
10,150,1,123.4,1717501.501
10,150,1,123.5,1617936.196
10,150,1,123.6,1617936.196
10,150,1,123.7,2007900.305
10,150,1,123.8,1775581.262
10,150,1,123.9,1792175.479
10,150,1,124,1609639.088
10,150,1,124.1,1734095.718
10,150,1,124.2,1750689.935
10,150,1,124.3,1443696.914
10,150,1,124.4,1642827.522
10,150,1,124.5,1493479.566
10,150,1,124.6,1866849.457
10,150,1,124.7,1559856.435
10,150,1,124.8,1817066.805
10,150,1,124.9,1692610.175
10,150,1,125,1676015.957
10,150,1,125.1,1651124.631
10,150,1,125.2,1543262.218
10,150,1,125.3,1642827.522
10,150,1,125.4,1742392.827
10,150,1,125.5,1510073.783
10,150,1,125.6,1634530.414
10,150,1,125.7,1783878.37
10,150,1,125.8,1626233.305
10,150,1,125.9,1734095.718
10,150,1,126,1725798.609
10,150,1,126.1,1518370.892
10,150,1,126.2,1659421.74
10,150,1,126.3,1584747.761
10,150,1,126.4,1659421.74
10,150,1,126.5,1576450.653
10,150,1,126.6,1767284.153
10,150,1,126.7,1684313.066
10,150,1,126.8,1584747.761
10,150,1,126.9,1568153.544
10,150,1,127,1634530.414
10,150,1,127.1,1792175.479
10,150,1,127.2,1667718.848
10,150,1,127.3,1734095.718
10,150,1,127.4,1410508.479
10,150,1,127.5,1634530.414
10,150,1,127.6,1700907.283
10,150,1,127.7,1277754.74
10,150,1,127.8,1559856.435
10,150,1,127.9,1676015.957
10,150,1,128,1626233.305
10,150,1,128.1,1593044.87
10,150,1,128.2,1709204.392
10,150,1,128.3,1700907.283
10,150,1,128.4,1460291.131
10,150,1,128.5,1534965.109
10,150,1,128.6,1758987.044
10,150,1,128.7,1451994.022
10,150,1,128.8,1593044.87
10,150,1,128.9,1485182.457
10,150,1,129,1534965.109
10,150,1,129.1,1584747.761
10,150,1,129.2,1717501.501
10,150,1,129.3,1501776.674
10,150,1,129.4,1568153.544
10,150,1,129.5,1667718.848
10,150,1,129.6,1427102.696
10,150,1,129.7,1344131.609
10,150,1,129.8,1551559.327
10,150,1,129.9,1659421.74
10,150,1,130,1601341.979
10,150,1,130.1,1510073.783
10,150,1,130.2,1543262.218
10,150,1,130.3,1501776.674
10,150,1,130.4,1551559.327
10,150,1,130.5,1576450.653
10,150,1,130.6,1617936.196
10,150,1,130.7,1601341.979
10,150,1,130.8,1692610.175
10,150,1,130.9,1435399.805
10,150,1,131,1385617.153
10,150,1,131.1,1584747.761
10,150,1,131.2,1277754.74
10,150,1,131.3,1518370.892
10,150,1,131.4,1534965.109
10,150,1,131.5,1402211.37
10,150,1,131.6,1659421.74
10,150,1,131.7,1601341.979
10,150,1,131.8,1435399.805
10,150,1,131.9,1568153.544
10,150,1,132,1468588.24
10,150,1,132.1,1559856.435
10,150,1,132.2,1534965.109
10,150,1,132.3,1609639.088
10,150,1,132.4,1642827.522
10,150,1,132.5,1534965.109
10,150,1,132.6,1626233.305
10,150,1,132.7,1277754.74
10,150,1,132.8,1568153.544
10,150,1,132.9,1385617.153
10,150,1,133,1485182.457
10,150,1,133.1,1269457.631
10,150,1,133.2,1534965.109
10,150,1,133.3,1427102.696
10,150,1,133.4,1468588.24
10,150,1,133.5,1418805.587
10,150,1,133.6,1659421.74
10,150,1,133.7,1335834.5
10,150,1,133.8,1145001
10,150,1,133.9,1360725.827
10,150,1,134,1352428.718
10,150,1,134.1,1294348.957
10,150,1,134.2,1651124.631
10,150,1,134.3,1402211.37
10,150,1,134.4,1418805.587
10,150,1,134.5,1510073.783
10,150,1,134.6,1402211.37
10,150,1,134.7,1418805.587
10,150,1,134.8,1302646.066
10,150,1,134.9,1335834.5
10,150,1,135,1443696.914
10,150,1,135.1,1418805.587
10,150,1,135.2,1335834.5
10,150,1,135.3,1667718.848
10,150,1,135.4,1451994.022
10,150,1,135.5,1725798.609
10,150,1,135.6,1443696.914
10,150,1,135.7,1435399.805
10,150,1,135.8,1617936.196
10,150,1,135.9,1651124.631
10,150,1,136,1443696.914
10,150,1,136.1,1227972.087
10,150,1,136.2,1551559.327
10,150,1,136.3,1277754.74
10,150,1,136.4,1576450.653
10,150,1,136.5,1402211.37
10,150,1,136.6,1286051.848
10,150,1,136.7,1344131.609
10,150,1,136.8,1219674.979
10,150,1,136.9,1410508.479
10,150,1,137,1344131.609
10,150,1,137.1,1294348.957
10,150,1,137.2,1319240.283
10,150,1,137.3,1227972.087
10,150,1,137.4,1294348.957
10,150,1,137.5,1493479.566
10,150,1,137.6,1451994.022
10,150,1,137.7,1269457.631
10,150,1,137.8,1252863.414
10,150,1,137.9,1493479.566
10,150,1,138,1302646.066
10,150,1,138.1,1427102.696
10,150,1,138.2,1261160.522
10,150,1,138.3,1269457.631
10,150,1,138.4,1252863.414
10,150,1,138.5,1493479.566
10,150,1,138.6,1393914.261
10,150,1,138.7,1369022.935
10,150,1,138.8,1468588.24
10,150,1,138.9,1460291.131
10,150,1,139,1244566.305
10,150,1,139.1,1543262.218
10,150,1,139.2,1493479.566
10,150,1,139.3,1559856.435
10,150,1,139.4,1393914.261
10,150,1,139.5,1227972.087
10,150,1,139.6,1335834.5
10,150,1,139.7,1111812.566
10,150,1,139.8,1485182.457
10,150,1,139.9,1062029.913
10,150,1,140,1286051.848
10,150,1,140.1,1269457.631
10,150,1,140.2,1252863.414
10,150,1,140.3,1236269.196
10,150,1,140.4,1178189.435
10,150,1,140.5,1252863.414
10,150,1,140.6,1244566.305
10,150,1,140.7,1377320.044
10,150,1,140.8,1244566.305
10,150,1,140.9,1319240.283
10,150,1,141,1377320.044
10,150,1,141.1,1277754.74
10,150,1,141.2,1153298.109
10,150,1,141.3,1310943.174
10,150,1,141.4,1369022.935
10,150,1,141.5,1277754.74
10,150,1,141.6,1244566.305
10,150,1,141.7,1252863.414
10,150,1,141.8,1128406.783
10,150,1,141.9,1352428.718
10,150,1,142,1219674.979
10,150,1,142.1,1236269.196
10,150,1,142.2,1302646.066
10,150,1,142.3,1219674.979
10,150,1,142.4,1327537.392
10,150,1,142.5,1227972.087
10,150,1,142.6,945870.3917
10,150,1,142.7,1344131.609
10,150,1,142.8,1194783.653
10,150,1,142.9,1227972.087
10,150,1,143,1194783.653
10,150,1,143.1,1128406.783
10,150,1,143.2,1103515.457
10,150,1,143.3,1277754.74
10,150,1,143.4,1302646.066
10,150,1,143.5,1219674.979
10,150,1,143.6,1302646.066
10,150,1,143.7,1111812.566
10,150,1,143.8,1219674.979
10,150,1,143.9,1269457.631
10,150,1,144,1286051.848
10,150,1,144.1,1120109.674
10,150,1,144.2,1186486.544
10,150,1,144.3,1227972.087
10,150,1,144.4,1028841.479
10,150,1,144.5,1410508.479
10,150,1,144.6,1086921.24
10,150,1,144.7,1277754.74
10,150,1,144.8,1244566.305
10,150,1,144.9,1211377.87
10,150,1,145,1003950.153
10,150,1,145.1,1244566.305
10,150,1,145.2,1020544.37
10,150,1,145.3,1062029.913
10,150,1,145.4,1078624.131
10,150,1,145.5,1103515.457
10,150,1,145.6,1161595.218
10,150,1,145.7,1219674.979
10,150,1,145.8,1053732.805
10,150,1,145.9,1095218.348
10,150,1,146,1145001
10,150,1,146.1,1120109.674
10,150,1,146.2,1020544.37
10,150,1,146.3,1095218.348
10,150,1,146.4,1020544.37
10,150,1,146.5,1103515.457
10,150,1,146.6,1169892.327
10,150,1,146.7,846305.0873
10,150,1,146.8,920979.0656
10,150,1,146.9,1145001
10,150,1,147,1128406.783
10,150,1,147.1,1294348.957
10,150,1,147.2,1111812.566
10,150,1,147.3,920979.0656
10,150,1,147.4,846305.0873
10,150,1,147.5,1261160.522
10,150,1,147.6,854602.196
10,150,1,147.7,846305.0873
10,150,1,147.8,1003950.153
10,150,1,147.9,929276.1743
10,150,1,148,920979.0656
10,150,1,148.1,821413.7612
10,150,1,148.2,945870.3917
10,150,1,148.3,572500.5002
10,150,1,148.4,738442.6742
10,150,1,148.5,838007.9786
10,150,1,148.6,688660.022
10,150,1,148.7,730145.5655
10,150,1,148.8,663768.6959
10,150,1,148.9,680362.9133
10,150,1,149,531014.9567
10,150,1,149.1,630580.2611
10,150,1,149.2,680362.9133
10,150,1,149.3,638877.3698
10,150,1,149.4,547609.1741
10,150,1,149.5,439746.761
10,150,1,149.6,398261.2175
10,150,1,149.7,389964.1088
10,150,1,149.8,273804.5871
10,150,1,149.9,248913.261
10,150,1,150,107862.4131
10,40,3,0.3,5634.170204
10,40,3,3.5,5634.170204
10,40,3,3.6,11268.34041
10,40,3,3.7,5634.170204
10,40,3,3.8,11268.34041
10,40,3,3.9,45073.36163
10,40,3,4,78878.38286
10,40,3,4.1,129585.9147
10,40,3,4.2,90146.72327
10,40,3,4.3,174659.2763
10,40,3,4.4,208464.2976
10,40,3,4.5,445099.4461
10,40,3,4.6,450733.6163
10,40,3,4.7,676100.4245
10,40,3,4.8,963443.1049
10,40,3,4.9,1098663.19
10,40,3,5,1307127.487
10,40,3,5.1,1769129.444
10,40,3,5.2,1859276.167
10,40,3,5.3,2670596.677
10,40,3,5.4,2788914.251
10,40,3,5.5,3408672.973
10,40,3,5.6,3786162.377
10,40,3,5.7,4039700.036
10,40,3,5.8,4839752.205
10,40,3,5.9,5763756.119
10,40,3,6,5910244.544
10,40,3,6.1,6417319.862
10,40,3,6.2,7634300.627
10,40,3,6.3,8147010.115
10,40,3,6.4,8327303.562
10,40,3,6.5,9375259.22
10,40,3,6.6,10028822.96
10,40,3,6.7,10349970.66
10,40,3,6.8,10851411.81
10,40,3,6.9,11792318.24
10,40,3,7,12485321.17
10,40,3,7.1,13020567.34
10,40,3,7.2,13916400.4
10,40,3,7.3,14130498.87
10,40,3,7.4,32086599.31
10,40,3,7.5,15015063.59
10,40,3,7.6,16232044.36
10,40,3,7.7,16203873.51
10,40,3,7.8,17606781.89
10,40,3,7.9,17420854.27
10,40,3,8,19116739.5
10,40,3,8.1,18553322.48
10,40,3,8.2,19139276.18
10,40,3,8.3,64173198.62
10,40,3,8.4,402313557.6
10,40,3,8.5,20575989.59
10,40,3,8.6,21178845.8
10,40,3,8.7,21353505.07
10,40,3,8.8,26215793.96
10,40,3,8.9,22333850.69
10,40,3,9,22362021.54
10,40,3,9.1,22440899.92
10,40,3,9.2,23331098.82
10,40,3,9.3,23933955.03
10,40,3,9.4,23612807.33
10,40,3,9.5,36841838.96
10,40,3,9.6,30632983.4
10,40,3,9.7,253988392.8
10,40,3,9.8,41478761.04
10,40,3,9.9,35895298.37
10,40,3,10,124070062.1
10,40,3,10.1,26587649.19
10,40,3,10.2,22615559.2
10,40,3,10.3,12541662.87
10,40,3,10.4,11916269.98
10,40,3,10.5,12890981.43
10,40,3,10.6,13093811.55
10,40,3,10.7,13279739.17
10,40,3,10.8,13567081.85
10,40,3,10.9,14141767.21
10,40,3,11,15065771.13
10,40,3,11.1,13657228.57
10,40,3,11.2,14350231.51
10,40,3,11.3,46583319.25
10,40,3,11.4,14975624.4
10,40,3,11.5,14733355.08
10,40,3,11.6,13747375.3
10,40,3,11.7,14164303.89
10,40,3,11.8,11268340.41
10,40,3,11.9,11228901.22
10,40,3,12,12468418.66
10,40,3,12.1,11273974.58
10,40,3,12.2,10485190.75
10,40,3,12.3,10085164.67
10,40,3,12.4,10524629.94
10,40,3,12.5,10603508.32
10,40,3,12.6,11082412.79
10,40,3,12.7,10513361.6
10,40,3,12.8,10941558.54
10,40,3,12.9,10902119.34
10,40,3,13,10857045.98
10,40,3,13.1,11319047.94
10,40,3,13.2,11628927.3
10,40,3,13.3,11442999.68
10,40,3,13.4,11623293.13
10,40,3,13.5,11724708.19
10,40,3,13.6,11938806.66
10,40,3,13.7,12338832.75
10,40,3,13.8,12203612.66
10,40,3,13.9,11989514.19
10,40,3,14,12502223.68
10,40,3,14.1,12338832.75
10,40,3,14.2,12299393.56
10,40,3,14.3,12389540.28
10,40,3,14.4,12017685.05
10,40,3,14.5,12231783.51
10,40,3,14.6,12383906.11
10,40,3,14.7,12783932.19
10,40,3,14.8,12581102.07
10,40,3,14.9,12648712.11
10,40,3,15,12817737.21
10,40,3,15.1,12186710.15
10,40,3,15.2,12885347.26
10,40,3,15.3,12772663.85
10,40,3,15.4,13037469.85
10,40,3,15.5,13178324.11
10,40,3,15.6,12868444.75
10,40,3,15.7,13060006.53
10,40,3,15.8,12620541.26
10,40,3,15.9,12958591.47
10,40,3,16,12851542.24
10,40,3,16.1,13398056.75
10,40,3,16.2,13634691.89
10,40,3,16.3,13020567.34
10,40,3,16.4,12834639.72
10,40,3,16.5,13110714.06
10,40,3,16.6,12975493.98
10,40,3,16.7,13538911
10,40,3,16.8,12767029.68
10,40,3,16.9,12367003.6
10,40,3,17,12986762.32
10,40,3,17.1,12772663.85
10,40,3,17.2,12524760.36
10,40,3,17.3,12890981.43
10,40,3,17.4,13093811.55
10,40,3,17.5,12519126.19
10,40,3,17.6,13020567.34
10,40,3,17.7,13026201.51
10,40,3,17.8,12823371.38
10,40,3,17.9,12750127.17
10,40,3,18,12941688.96
10,40,3,18.1,12772663.85
10,40,3,18.2,12710687.98
10,40,3,18.3,12947323.13
10,40,3,18.4,12620541.26
10,40,3,18.5,12958591.47
10,40,3,18.6,12705053.81
10,40,3,18.7,12310661.9
10,40,3,18.8,12552931.21
10,40,3,18.9,12879713.09
10,40,3,19,12400808.62
10,40,3,19.1,12045855.9
10,40,3,19.2,12626175.43
10,40,3,19.3,12445881.98
10,40,3,19.4,12265588.53
10,40,3,19.5,12462784.49
10,40,3,19.6,12090929.26
10,40,3,19.7,12383906.11
10,40,3,19.8,12575467.9
10,40,3,19.9,12017685.05
10,40,3,20,12107831.77
10,40,3,20.1,11623293.13
10,40,3,20.2,12845908.07
10,40,3,20.3,11938806.66
10,40,3,20.4,11927538.32
10,40,3,20.5,11538780.58
10,40,3,20.6,11566951.43
10,40,3,20.7,12074026.75
10,40,3,20.8,11826123.26
10,40,3,20.9,11206364.54
10,40,3,21,11747244.88
10,40,3,21.1,12152905.13
10,40,3,21.2,11375389.64
10,40,3,21.3,11504975.56
10,40,3,21.4,11211998.71
10,40,3,21.5,11679634.83
10,40,3,21.6,11251437.9
10,40,3,21.7,10473922.41
10,40,3,21.8,11431731.34
10,40,3,21.9,11228901.22
10,40,3,22,11088046.96
10,40,3,22.1,11071144.45
10,40,3,22.2,10490824.92
10,40,3,22.3,10789435.94
10,40,3,22.4,11110583.64
10,40,3,22.5,10924656.03
10,40,3,22.6,10265458.11
10,40,3,22.7,11262706.24
10,40,3,22.8,10552800.79
10,40,3,22.9,10688020.88
10,40,3,23,10626045
10,40,3,23.1,10490824.92
10,40,3,23.2,10118969.69
10,40,3,23.3,9589357.687
10,40,3,23.4,9995017.942
10,40,3,23.5,10603508.32
10,40,3,23.6,9983749.602
10,40,3,23.7,10180945.56
10,40,3,23.8,10017554.62
10,40,3,23.9,10361239.01
10,40,3,24,10180945.56
10,40,3,24.1,10282360.62
10,40,3,24.2,10186579.73
10,40,3,24.3,9724577.772
10,40,3,24.4,9341454.198
10,40,3,24.5,9730211.943
10,40,3,24.6,9510479.305
10,40,3,24.7,9369625.049
10,40,3,24.8,9583723.517
10,40,3,24.9,9363990.879
10,40,3,25,9487942.624
10,40,3,25.1,9409064.241
10,40,3,25.2,9121721.56
10,40,3,25.3,8963964.795
10,40,3,25.4,9285112.496
10,40,3,25.5,9054111.518
10,40,3,25.6,9268209.986
10,40,3,25.7,9217502.454
10,40,3,25.8,9048477.348
10,40,3,25.9,8879452.242
10,40,3,26,8845647.22
10,40,3,26.1,8947062.284
10,40,3,26.2,8890720.582
10,40,3,26.3,9099184.88
10,40,3,26.4,9200599.943
10,40,3,26.5,8332937.732
10,40,3,26.6,8192083.477
10,40,3,26.7,8147010.115
10,40,3,26.8,8332937.732
10,40,3,26.9,9009038.156
10,40,3,27,8772403.008
10,40,3,27.1,8513231.178
10,40,3,27.2,7932911.647
10,40,3,27.3,7949814.158
10,40,3,27.4,8045595.051
10,40,3,27.5,8163912.626
10,40,3,27.6,8186449.307
10,40,3,27.7,7961082.498
10,40,3,27.8,7808959.903
10,40,3,27.9,7673739.818
10,40,3,28,8000521.69
10,40,3,28.1,7679373.988
10,40,3,28.2,7944179.988
10,40,3,28.3,7865301.605
10,40,3,28.4,7842764.924
10,40,3,28.5,7025810.245
10,40,3,28.6,7752618.201
10,40,3,28.7,7138493.649
10,40,3,28.8,7200469.521
10,40,3,28.9,7223006.202
10,40,3,29,7189201.18
10,40,3,29.1,7459641.35
10,40,3,29.2,7110322.798
10,40,3,29.3,7380762.967
10,40,3,29.4,7059615.266
10,40,3,29.5,7459641.35
10,40,3,29.6,6817345.947
10,40,3,29.7,6777906.756
10,40,3,29.8,7020176.074
10,40,3,29.9,6749735.905
10,40,3,30,6591979.139
10,40,3,30.1,6856785.138
10,40,3,30.2,6552539.947
10,40,3,30.3,6107440.501
10,40,3,30.4,6501832.416
10,40,3,30.5,6208855.565
10,40,3,30.6,6653955.011
10,40,3,30.7,6439856.543
10,40,3,30.8,6479295.735
10,40,3,30.9,6389149.011
10,40,3,31,6203221.395
10,40,3,31.1,5972220.416
10,40,3,31.2,6175050.544
10,40,3,31.3,6146879.693
10,40,3,31.4,5960952.076
10,40,3,31.5,5791926.97
10,40,3,31.6,5876439.523
10,40,3,31.7,5831366.161
10,40,3,31.8,5639804.374
10,40,3,31.9,5611633.523
10,40,3,32,5594731.013
10,40,3,32.1,5735585.268
10,40,3,32.2,5634170.204
10,40,3,32.3,5374998.375
10,40,3,32.4,5701780.247
10,40,3,32.5,5194704.928
10,40,3,32.6,5527120.97
10,40,3,32.7,5329925.013
10,40,3,32.8,5459510.928
10,40,3,32.9,5453876.758
10,40,3,33,5211607.439
10,40,3,33.1,5267949.141
10,40,3,33.2,5020045.652
10,40,3,33.3,4721434.631
10,40,3,33.4,5222875.779
10,40,3,33.5,4591848.716
10,40,3,33.6,4986240.631
10,40,3,33.7,4918630.588
10,40,3,33.8,4986240.631
10,40,3,33.9,4574946.206
10,40,3,34,4597482.887
10,40,3,34.1,4704532.12
10,40,3,34.2,4614385.397
10,40,3,34.3,4473531.142
10,40,3,34.4,4642556.248
10,40,3,34.5,4253798.504
10,40,3,34.6,4501701.993
10,40,3,34.7,4191822.632
10,40,3,34.8,4462262.802
10,40,3,34.9,3915748.292
10,40,3,35,4067870.887
10,40,3,35.1,3701649.824
10,40,3,35.2,4141115.1
10,40,3,35.3,3994626.675
10,40,3,35.4,3763625.696
10,40,3,35.5,3842504.079
10,40,3,35.6,3949553.313
10,40,3,35.7,3949553.313
10,40,3,35.8,3521356.378
10,40,3,35.9,3465014.676
10,40,3,36,3938284.973
10,40,3,36.1,3605868.931
10,40,3,36.2,3555161.399
10,40,3,36.3,3329794.591
10,40,3,36.4,3357965.442
10,40,3,36.5,3374867.952
10,40,3,36.6,3369233.782
10,40,3,36.7,3132598.633
10,40,3,36.8,3031183.57
10,40,3,36.9,3188940.336
10,40,3,37,3070622.761
10,40,3,37.1,2980476.038
10,40,3,37.2,3138232.804
10,40,3,37.3,3003012.719
10,40,3,37.4,2839621.783
10,40,3,37.5,2653694.166
10,40,3,37.6,2777645.911
10,40,3,37.7,2653694.166
10,40,3,37.8,2546644.932
10,40,3,37.9,2574815.783
10,40,3,38,2541010.762
10,40,3,38.1,2371985.656
10,40,3,38.2,2264936.422
10,40,3,38.3,2197326.38
10,40,3,38.4,2298741.443
10,40,3,38.5,2028301.273
10,40,3,38.6,2118447.997
10,40,3,38.7,2045203.784
10,40,3,38.8,1707153.572
10,40,3,38.9,1797300.295
10,40,3,39,1701519.402
10,40,3,39.1,1453615.913
10,40,3,39.2,1521225.955
10,40,3,39.3,1312761.658
10,40,3,39.4,1290224.977
10,40,3,39.5,1380371.7
10,40,3,39.6,1295859.147
10,40,3,39.7,1126834.041
10,40,3,39.8,1132468.211
10,40,3,39.9,659197.9139
10,40,3,40,270440.1698
10,80,3,2.7,10483.62131
10,80,3,3,10483.62131
10,80,3,3.1,20967.24262
10,80,3,3.2,31450.86394
10,80,3,3.4,94352.59181
10,80,3,3.5,157254.3197
10,80,3,3.6,199188.8049
10,80,3,3.7,408861.2312
10,80,3,3.8,608050.0361
10,80,3,3.9,618533.6574
10,80,3,4,954009.5394
10,80,3,4.1,1415288.877
10,80,3,4.2,1970920.807
10,80,3,4.3,2400749.28
10,80,3,4.4,2924930.346
10,80,3,4.5,3742652.808
10,80,3,4.6,4350702.844
10,80,3,4.7,5378097.733
10,80,3,4.8,6510328.835
10,80,3,4.9,7757879.771
10,80,3,5,8386897.049
10,80,3,5.1,9246553.997
10,80,3,5.2,11332794.64
10,80,3,5.3,12202935.21
10,80,3,5.4,13083559.4
10,80,3,5.5,15043996.58
10,80,3,5.6,16039940.61
10,80,3,5.7,17822156.23
10,80,3,5.8,19929364.11
10,80,3,5.9,21596259.9
10,80,3,6,21753514.22
10,80,3,6.1,23976041.94
10,80,3,6.2,25538101.52
10,80,3,6.3,27498538.7
10,80,3,6.4,28808991.36
10,80,3,6.5,29763000.9
10,80,3,6.6,32090364.84
10,80,3,6.7,32625029.52
10,80,3,6.8,35801566.78
10,80,3,6.9,35644312.46
10,80,3,7,36608805.62
10,80,3,7.1,38286185.03
10,80,3,7.2,40519196.37
10,80,3,7.3,41578042.12
10,80,3,7.4,117385107.8
10,80,3,7.5,44324750.91
10,80,3,7.6,45614236.33
10,80,3,7.7,45939228.59
10,80,3,7.8,46274704.47
10,80,3,7.9,47669026.1
10,80,3,8,49566561.56
10,80,3,8.1,50247996.95
10,80,3,8.2,51443129.78
10,80,3,8.3,230377578.3
10,80,3,8.4,1617234874
10,80,3,8.5,53057607.46
10,80,3,8.6,54451929.09
10,80,3,8.7,55552709.33
10,80,3,8.8,76142541.59
10,80,3,8.9,54619667.03
10,80,3,9,54923692.05
10,80,3,9.1,55688996.41
10,80,3,9.2,55856734.35
10,80,3,9.3,56842194.75
10,80,3,9.4,56391399.04
10,80,3,9.5,113327946.4
10,80,3,9.6,85871342.16
10,80,3,9.7,972921992.2
10,80,3,9.8,132313784.6
10,80,3,9.9,99678271.43
10,80,3,10,438750035.5
10,80,3,10.1,63845253.79
10,80,3,10.2,63604130.5
10,80,3,10.3,40141786
10,80,3,10.4,37122503.06
10,80,3,10.5,38086996.23
10,80,3,10.6,38642628.15
10,80,3,10.7,38778915.23
10,80,3,10.8,39407932.51
10,80,3,10.9,39837760.98
10,80,3,11,43915889.67
10,80,3,11.1,41588525.74
10,80,3,11.2,40770803.28
10,80,3,11.3,181513419.4
10,80,3,11.4,39995015.3
10,80,3,11.5,43035265.48
10,80,3,11.6,47962567.5
10,80,3,11.7,48224658.03
10,80,3,11.8,33830645.97
10,80,3,11.9,35633828.84
10,80,3,12,38307152.27
10,80,3,12.1,32247619.15
10,80,3,12.2,31849241.54
10,80,3,12.3,31513765.66
10,80,3,12.4,32625029.52
10,80,3,12.5,32394389.85
10,80,3,12.6,32855669.19
10,80,3,12.7,33442751.98
10,80,3,12.8,33117759.72
10,80,3,12.9,32803251.08
10,80,3,13,33421784.74
10,80,3,13.1,33453235.61
10,80,3,13.2,33212112.32
10,80,3,13.3,34470146.87
10,80,3,13.4,34501597.74
10,80,3,13.5,34742721.03
10,80,3,13.6,34784655.51
10,80,3,13.7,34889491.73
10,80,3,13.8,35361254.68
10,80,3,13.9,35361254.68
10,80,3,14,34837073.62
10,80,3,14.1,35466090.9
10,80,3,14.2,34606433.95
10,80,3,14.3,35141098.64
10,80,3,14.4,35340287.44
10,80,3,14.5,35528992.63
10,80,3,14.6,36420100.44
10,80,3,14.7,34931426.21
10,80,3,14.8,34910458.97
10,80,3,14.9,34648368.44
10,80,3,15,35172549.5
10,80,3,15.1,35549959.87
10,80,3,15.2,35162065.88
10,80,3,15.3,35696730.57
10,80,3,15.4,35057229.67
10,80,3,15.5,36388649.57
10,80,3,15.6,34428212.39
10,80,3,15.7,34658852.06
10,80,3,15.8,35874952.13
10,80,3,15.9,35308836.58
10,80,3,16,35235451.23
10,80,3,16.1,35518509
10,80,3,16.2,35895919.37
10,80,3,16.3,34637884.81
10,80,3,16.4,35099164.15
10,80,3,16.5,34501597.74
10,80,3,16.6,35172549.5
10,80,3,16.7,35130615.02
10,80,3,16.8,35036262.42
10,80,3,16.9,34312892.55
10,80,3,17,35528992.63
10,80,3,17.1,34616917.57
10,80,3,17.2,34459663.25
10,80,3,17.3,34208056.34
10,80,3,17.4,34606433.95
10,80,3,17.5,34061285.64
10,80,3,17.6,34113703.75
10,80,3,17.7,33453235.61
10,80,3,17.8,35036262.42
10,80,3,17.9,34669335.68
10,80,3,18,33872580.46
10,80,3,18.1,34187089.1
10,80,3,18.2,34428212.39
10,80,3,18.3,32750832.98
10,80,3,18.4,33411301.12
10,80,3,18.5,33316948.53
10,80,3,18.6,33096792.48
10,80,3,18.7,34166121.85
10,80,3,18.8,33275014.04
10,80,3,18.9,33411301.12
10,80,3,19,32981472.65
10,80,3,19.1,31807307.06
10,80,3,19.2,34050802.02
10,80,3,19.3,32614545.9
10,80,3,19.4,32362938.99
10,80,3,19.5,32279070.02
10,80,3,19.6,32100848.46
10,80,3,19.7,32687931.25
10,80,3,19.8,32562127.79
10,80,3,19.9,32897603.68
10,80,3,20,31870208.79
10,80,3,20.1,32237135.53
10,80,3,20.2,32541160.55
10,80,3,20.3,30717010.44
10,80,3,20.4,31975045
10,80,3,20.5,30266214.73
10,80,3,20.6,30580723.37
10,80,3,20.7,31996012.24
10,80,3,20.8,31545216.53
10,80,3,20.9,30308149.21
10,80,3,21,32069397.59
10,80,3,21.1,30643625.09
10,80,3,21.2,31545216.53
10,80,3,21.3,30916199.25
10,80,3,21.4,30664592.34
10,80,3,21.5,30433952.67
10,80,3,21.6,30433952.67
10,80,3,21.7,31346027.72
10,80,3,21.8,29773484.53
10,80,3,21.9,29605746.58
10,80,3,22,29763000.9
10,80,3,22.1,30255731.11
10,80,3,22.2,30161378.51
10,80,3,22.3,29301721.57
10,80,3,22.4,29060598.28
10,80,3,22.5,29092049.14
10,80,3,22.6,30025091.44
10,80,3,22.7,29092049.14
10,80,3,22.8,29731550.04
10,80,3,22.9,29029147.41
10,80,3,23,29008180.17
10,80,3,23.1,27603374.91
10,80,3,23.2,27781596.48
10,80,3,23.3,27781596.48
10,80,3,23.4,29186401.73
10,80,3,23.5,27278382.65
10,80,3,23.6,29123500
10,80,3,23.7,27634825.78
10,80,3,23.8,29783968.15
10,80,3,23.9,27550956.81
10,80,3,24,28211424.95
10,80,3,24.1,28892860.33
10,80,3,24.2,27299349.9
10,80,3,24.3,27561440.43
10,80,3,24.4,27142095.58
10,80,3,24.5,27697727.51
10,80,3,24.6,27813047.34
10,80,3,24.7,27236448.17
10,80,3,24.8,26859037.8
10,80,3,24.9,26041315.34
10,80,3,25,26638881.75
10,80,3,25.1,25391330.82
10,80,3,25.2,27079193.85
10,80,3,25.3,26921939.53
10,80,3,25.4,25905028.26
10,80,3,25.5,25705839.46
10,80,3,25.6,26072766.2
10,80,3,25.7,25632454.11
10,80,3,25.8,24982469.59
10,80,3,25.9,25601003.24
10,80,3,26,25988897.23
10,80,3,26.1,24353452.31
10,80,3,26.2,25296978.23
10,80,3,26.3,25580036
10,80,3,26.4,24489739.38
10,80,3,26.5,25443748.92
10,80,3,26.6,25873577.4
10,80,3,26.7,25150207.53
10,80,3,26.8,24447804.9
10,80,3,26.9,24238132.47
10,80,3,27,24269583.34
10,80,3,27.1,23776853.13
10,80,3,27.2,23598631.57
10,80,3,27.3,24940535.1
10,80,3,27.4,24196197.99
10,80,3,27.5,23871205.73
10,80,3,27.6,23682500.54
10,80,3,27.7,23923623.83
10,80,3,27.8,23273639.31
10,80,3,27.9,23577664.33
10,80,3,28,23588147.95
10,80,3,28.1,23179286.72
10,80,3,28.2,24101845.4
10,80,3,28.3,23441377.25
10,80,3,28.4,23420410.01
10,80,3,28.5,24070394.53
10,80,3,28.6,22948647.05
10,80,3,28.7,22749458.25
10,80,3,28.8,22466400.47
10,80,3,28.9,23755885.89
10,80,3,29,22906712.57
10,80,3,29.1,23483311.74
10,80,3,29.2,21847866.81
10,80,3,29.3,22906712.57
10,80,3,29.4,22309146.15
10,80,3,29.5,21030144.35
10,80,3,29.6,22162375.45
10,80,3,29.7,22508334.96
10,80,3,29.8,22309146.15
10,80,3,29.9,21407554.72
10,80,3,30,22791392.73
10,80,3,30.1,21386587.48
10,80,3,30.2,21449489.2
10,80,3,30.3,22151891.83
10,80,3,30.4,21145464.19
10,80,3,30.5,20914824.52
10,80,3,30.6,21606743.52
10,80,3,30.7,20799504.68
10,80,3,30.8,21061595.22
10,80,3,30.9,20201938.27
10,80,3,31,21250300.4
10,80,3,31.1,20097102.05
10,80,3,31.2,21512390.93
10,80,3,31.3,20589832.26
10,80,3,31.4,20464028.8
10,80,3,31.5,20705152.09
10,80,3,31.6,20128552.92
10,80,3,31.7,20401127.07
10,80,3,31.8,20359192.59
10,80,3,31.9,19195510.62
10,80,3,32,20998693.49
10,80,3,32.1,20275323.62
10,80,3,32.2,19772109.79
10,80,3,32.3,19405183.05
10,80,3,32.4,19530986.5
10,80,3,32.5,18681813.18
10,80,3,32.6,20086618.43
10,80,3,32.7,18409239.02
10,80,3,32.8,19080190.79
10,80,3,32.9,19562437.37
10,80,3,33,19237445.11
10,80,3,33.1,19551953.75
10,80,3,33.2,19195510.62
10,80,3,33.3,18430206.27
10,80,3,33.4,18901969.22
10,80,3,33.5,18618911.45
10,80,3,33.6,18608427.83
10,80,3,33.7,19489052.02
10,80,3,33.8,18807616.63
10,80,3,33.9,18629395.07
10,80,3,34,18126181.25
10,80,3,34.1,18042312.28
10,80,3,34.2,18493107.99
10,80,3,34.3,18461657.13
10,80,3,34.4,18629395.07
10,80,3,34.5,18388271.78
10,80,3,34.6,17518131.21
10,80,3,34.7,17926992.44
10,80,3,34.8,17989894.17
10,80,3,34.9,16920564.8
10,80,3,35,17423778.62
10,80,3,35.1,17256040.68
10,80,3,35.2,17979410.55
10,80,3,35.3,16627023.4
10,80,3,35.4,17350393.27
10,80,3,35.5,17675385.53
10,80,3,35.6,17560065.7
10,80,3,35.7,16993950.15
10,80,3,35.8,16952015.66
10,80,3,35.9,16910081.18
10,80,3,36,16532670.81
10,80,3,36.1,15851235.42
10,80,3,36.2,16343965.62
10,80,3,36.3,16899597.55
10,80,3,36.4,16480252.7
10,80,3,36.5,17476196.73
10,80,3,36.6,16606056.16
10,80,3,36.7,16972982.9
10,80,3,36.8,16102842.33
10,80,3,36.9,16459285.46
10,80,3,37,16197194.93
10,80,3,37.1,16281063.9
10,80,3,37.2,16396383.73
10,80,3,37.3,16228645.79
10,80,3,37.4,15977038.88
10,80,3,37.5,16029456.99
10,80,3,37.6,16658474.26
10,80,3,37.7,16281063.9
10,80,3,37.8,15756882.83
10,80,3,37.9,16176227.68
10,80,3,38,16102842.33
10,80,3,38.1,15819784.56
10,80,3,38.2,16459285.46
10,80,3,38.3,15631079.38
10,80,3,38.4,15316570.74
10,80,3,38.5,15452857.81
10,80,3,38.6,15117381.93
10,80,3,38.7,15998006.12
10,80,3,38.8,14960127.61
10,80,3,38.9,15306087.12
10,80,3,39,14540782.76
10,80,3,39.1,14760938.81
10,80,3,39.2,14488364.65
10,80,3,39.3,14603684.49
10,80,3,39.4,14572233.62
10,80,3,39.5,14666586.22
10,80,3,39.6,15075447.45
10,80,3,39.7,14530299.14
10,80,3,39.8,14970611.23
10,80,3,39.9,14792389.67
10,80,3,40,14729487.94
10,80,3,40.1,14635135.35
10,80,3,40.2,14226274.12
10,80,3,40.3,14037568.94
10,80,3,40.4,14058536.18
10,80,3,40.5,14163372.39
10,80,3,40.6,15201250.9
10,80,3,40.7,14152888.77
10,80,3,40.8,14414979.3
10,80,3,40.9,13723060.3
10,80,3,41,13146461.12
10,80,3,41.1,13744027.54
10,80,3,41.2,13408551.66
10,80,3,41.3,13932732.72
10,80,3,41.4,13922249.1
10,80,3,41.5,13429518.9
10,80,3,41.6,13544838.73
10,80,3,41.7,13429518.9
10,80,3,41.8,13387584.41
10,80,3,41.9,12685181.79
10,80,3,42,13419035.28
10,80,3,42.1,12527927.47
10,80,3,42.2,13198879.23
10,80,3,42.3,13303715.44
10,80,3,42.4,12863403.35
10,80,3,42.5,12706149.03
10,80,3,42.6,13167428.37
10,80,3,42.7,13335166.31
10,80,3,42.8,12559378.33
10,80,3,42.9,12590829.2
10,80,3,43,12727116.27
10,80,3,43.1,13492420.63
10,80,3,43.2,12989206.81
10,80,3,43.3,12632763.68
10,80,3,43.4,12601312.82
10,80,3,43.5,12381156.77
10,80,3,43.6,12381156.77
10,80,3,43.7,12842436.11
10,80,3,43.8,12381156.77
10,80,3,43.9,12276320.56
10,80,3,44,12171484.34
10,80,3,44.1,12433574.88
10,80,3,44.2,11773106.73
10,80,3,44.3,12171484.34
10,80,3,44.4,12423091.25
10,80,3,44.5,12622280.06
10,80,3,44.6,11877942.95
10,80,3,44.7,12024713.64
10,80,3,44.8,12223902.45
10,80,3,44.9,12213418.83
10,80,3,45,12056164.51
10,80,3,45.1,11542467.06
10,80,3,45.2,12255353.31
10,80,3,45.3,11395696.37
10,80,3,45.4,11636819.66
10,80,3,45.5,11479565.34
10,80,3,45.6,11605368.79
10,80,3,45.7,11217474.8
10,80,3,45.8,11479565.34
10,80,3,45.9,11238442.05
10,80,3,46,10861031.68
10,80,3,46.1,10871515.3
10,80,3,46.2,11699721.38
10,80,3,46.3,11311827.4
10,80,3,46.4,10913449.79
10,80,3,46.5,11720688.63
10,80,3,46.6,10504588.55
10,80,3,46.7,11039253.24
10,80,3,46.8,10336850.61
10,80,3,46.9,11091671.35
10,80,3,47,10955384.27
10,80,3,47.1,10861031.68
10,80,3,47.2,10452170.45
10,80,3,47.3,10923933.41
10,80,3,47.4,10378785.1
10,80,3,47.5,10745711.84
10,80,3,47.6,10682810.12
10,80,3,47.7,10336850.61
10,80,3,47.8,11112638.59
10,80,3,47.9,10630392.01
10,80,3,48,10661842.87
10,80,3,48.1,10682810.12
10,80,3,48.2,10536039.42
10,80,3,48.3,10494104.93
10,80,3,48.4,10431203.21
10,80,3,48.5,10252981.64
10,80,3,48.6,9969923.867
10,80,3,48.7,10410235.96
10,80,3,48.8,10252981.64
10,80,3,48.9,10232014.4
10,80,3,49,9990891.11
10,80,3,49.1,10357817.86
10,80,3,49.2,10452170.45
10,80,3,49.3,9948956.625
10,80,3,49.4,9833636.79
10,80,3,49.5,9644931.607
10,80,3,49.6,10064276.46
10,80,3,49.7,9749767.82
10,80,3,49.8,9865087.654
10,80,3,49.9,9571546.258
10,80,3,50,10294916.13
10,80,3,50.1,9969923.867
10,80,3,50.2,9739284.199
10,80,3,50.3,9466710.044
10,80,3,50.4,9760251.441
10,80,3,50.5,9057848.813
10,80,3,50.6,9361873.831
10,80,3,50.7,9508644.53
10,80,3,50.8,9204619.512
10,80,3,50.9,9393324.695
10,80,3,51,9424775.559
10,80,3,51.1,8911078.115
10,80,3,51.2,9298972.103
10,80,3,51.3,9424775.559
10,80,3,51.4,9582029.879
10,80,3,51.5,9561062.636
10,80,3,51.6,8953012.6
10,80,3,51.7,8973979.843
10,80,3,51.8,8743340.174
10,80,3,51.9,8816725.523
10,80,3,52,9844120.412
10,80,3,52.1,9026397.949
10,80,3,52.2,8397380.671
10,80,3,52.3,9036881.571
10,80,3,52.4,8648987.582
10,80,3,52.5,8994947.085
10,80,3,52.6,8544151.369
10,80,3,52.7,8994947.085
10,80,3,52.8,8795758.28
10,80,3,52.9,8785274.659
10,80,3,53,8491733.262
10,80,3,53.1,8019970.303
10,80,3,53.2,8869143.63
10,80,3,53.3,8774791.038
10,80,3,53.4,8911078.115
10,80,3,53.5,8481249.641
10,80,3,53.6,8523184.126
10,80,3,53.7,8533667.748
10,80,3,53.8,8355446.185
10,80,3,53.9,8114322.895
10,80,3,54,8219159.108
10,80,3,54.1,8554634.99
10,80,3,54.2,7967552.197
10,80,3,54.3,8439315.156
10,80,3,54.4,8607053.097
10,80,3,54.5,8303028.079
10,80,3,54.6,7841748.741
10,80,3,54.7,8365929.807
10,80,3,54.8,7967552.197
10,80,3,54.9,7978035.818
10,80,3,55,8512700.505
10,80,3,55.1,7967552.197
10,80,3,55.2,8030453.925
10,80,3,55.3,7349018.539
10,80,3,55.4,8491733.262
10,80,3,55.5,7380469.403
10,80,3,55.6,8229642.73
10,80,3,55.7,7349018.539
10,80,3,55.8,7065960.764
10,80,3,55.9,8240126.351
10,80,3,56,7936101.333
10,80,3,56.1,7705461.664
10,80,3,56.2,7621592.694
10,80,3,56.3,7726428.907
10,80,3,56.4,7495789.238
10,80,3,56.5,7736912.528
10,80,3,56.6,6950640.93
10,80,3,56.7,7684494.421
10,80,3,56.8,7401436.646
10,80,3,56.9,7170796.977
10,80,3,57,7422403.889
10,80,3,57.1,7233698.705
10,80,3,57.2,7013542.658
10,80,3,57.3,7275633.19
10,80,3,57.4,7894166.848
10,80,3,57.5,7044993.521
10,80,3,57.6,7569174.587
10,80,3,57.7,7453854.753
10,80,3,57.8,7600625.451
10,80,3,57.9,7369985.782
10,80,3,58,7181280.598
10,80,3,58.1,12307771.42
10,80,3,58.2,7034509.9
10,80,3,58.3,6499845.213
10,80,3,58.4,7055477.143
10,80,3,58.5,6929673.687
10,80,3,58.6,6531296.077
10,80,3,58.7,6782902.989
10,80,3,58.8,6992575.415
10,80,3,58.9,6699034.018
10,80,3,59,6887739.202
10,80,3,59.1,6636132.29
10,80,3,59.2,6919190.066
10,80,3,59.3,6824837.474
10,80,3,59.4,6793386.61
10,80,3,59.5,17109269.98
10,80,3,59.6,6709517.639
10,80,3,59.7,6311140.03
10,80,3,59.8,6384525.379
10,80,3,59.9,6604681.426
10,80,3,60,6898222.823
10,80,3,60.1,6279689.166
10,80,3,60.2,6636132.29
10,80,3,60.3,6290172.787
10,80,3,60.4,5860344.313
10,80,3,60.5,6311140.03
10,80,3,60.6,6615165.048
10,80,3,60.7,6258721.923
10,80,3,60.8,6405492.621
10,80,3,60.9,6269205.544
10,80,3,61,6038565.876
10,80,3,61.1,6143402.089
10,80,3,61.2,6258721.923
10,80,3,61.3,5786958.964
10,80,3,61.4,5923246.041
10,80,3,61.5,6415976.243
10,80,3,61.6,5608737.402
10,80,3,61.7,5640188.266
10,80,3,61.8,6090983.982
10,80,3,61.9,5839377.071
10,80,3,62,5975664.148
10,80,3,62.1,6111951.225
10,80,3,62.2,5818409.828
10,80,3,62.3,5566802.916
10,80,3,62.4,6300656.408
10,80,3,62.5,5409548.597
10,80,3,62.6,5933729.662
10,80,3,62.7,5472450.325
10,80,3,62.8,5765991.721
10,80,3,62.9,5902278.798
10,80,3,63,5807926.207
10,80,3,63.1,5451483.082
10,80,3,63.2,5482933.946
10,80,3,63.3,5241810.656
10,80,3,63.4,5640188.266
10,80,3,63.5,5671639.13
10,80,3,63.6,5765991.721
10,80,3,63.7,5304712.384
10,80,3,63.8,5724057.236
10,80,3,63.9,5566802.916
10,80,3,64,4937785.638
10,80,3,64.1,5399064.976
10,80,3,64.2,5042621.851
10,80,3,64.3,5378097.733
10,80,3,64.4,5189392.549
10,80,3,64.5,5514384.81
10,80,3,64.6,4990203.744
10,80,3,64.7,4811982.182
10,80,3,64.8,5241810.656
10,80,3,64.9,5000687.366
10,80,3,65,4675695.105
10,80,3,65.1,5241810.656
10,80,3,65.2,4927302.016
10,80,3,65.3,5000687.366
10,80,3,65.4,5157941.685
10,80,3,65.5,4717629.59
10,80,3,65.6,5157941.685
10,80,3,65.7,5189392.549
10,80,3,65.8,5420032.218
10,80,3,65.9,4822465.803
10,80,3,66,5011170.987
10,80,3,66.1,4990203.744
10,80,3,66.2,5168425.307
10,80,3,66.3,4340219.223
10,80,3,66.4,4822465.803
10,80,3,66.5,4801498.561
10,80,3,66.6,4591826.135
10,80,3,66.7,4287801.116
10,80,3,66.8,4319251.98
10,80,3,66.9,4602309.756
10,80,3,67,4392637.33
10,80,3,67.1,5629704.644
10,80,3,67.2,4623276.998
10,80,3,67.3,4560375.271
10,80,3,67.4,6657099.533
10,80,3,67.5,4507957.164
10,80,3,67.6,4424088.194
10,80,3,67.7,4476506.3
10,80,3,67.8,4319251.98
10,80,3,67.9,4633760.62
10,80,3,68,3805554.536
10,80,3,68.1,4612793.377
10,80,3,68.2,4528924.407
10,80,3,68.3,4612793.377
10,80,3,68.4,4046677.826
10,80,3,68.5,4403120.951
10,80,3,68.6,4329735.602
10,80,3,68.7,4224899.389
10,80,3,68.8,3742652.808
10,80,3,68.9,4088612.312
10,80,3,69,3941841.613
10,80,3,69.1,3878939.885
10,80,3,69.2,4287801.116
10,80,3,69.3,4581342.513
10,80,3,69.4,3658783.838
10,80,3,69.5,4266833.874
10,80,3,69.6,4036194.205
10,80,3,69.7,3323307.956
10,80,3,69.8,3595882.11
10,80,3,69.9,3658783.838
10,80,3,70,3354758.82
10,80,3,70.1,3857972.643
10,80,3,70.2,3470078.654
10,80,3,70.3,3648300.216
10,80,3,70.4,3375726.062
10,80,3,70.5,3375726.062
10,80,3,70.6,3648300.216
10,80,3,70.7,3501529.518
10,80,3,70.8,3386209.684
10,80,3,70.9,3732169.187
10,80,3,71,3606365.731
10,80,3,71.1,3491045.897
10,80,3,71.2,3333791.577
10,80,3,71.3,3449111.412
10,80,3,71.4,3344275.198
10,80,3,71.5,2977348.453
10,80,3,71.6,3270889.849
10,80,3,71.7,3375726.062
10,80,3,71.8,2977348.453
10,80,3,71.9,3008799.316
10,80,3,72,3669267.459
10,80,3,72.1,2935413.967
10,80,3,72.2,3270889.849
10,80,3,72.3,3145086.394
10,80,3,72.4,3050733.802
10,80,3,72.5,2841061.375
10,80,3,72.6,2862028.618
10,80,3,72.7,3019282.938
10,80,3,72.8,2914446.725
10,80,3,72.9,2788643.269
10,80,3,73,2893479.482
10,80,3,73.1,3029766.559
10,80,3,73.2,2715257.92
10,80,3,73.3,2778159.648
10,80,3,73.4,2998315.695
10,80,3,73.5,2820094.133
10,80,3,73.6,2872512.239
10,80,3,73.7,2516069.115
10,80,3,73.8,3145086.394
10,80,3,73.9,2694290.677
10,80,3,74,3082184.666
10,80,3,74.1,2474134.63
10,80,3,74.2,2820094.133
10,80,3,74.3,2662839.813
10,80,3,74.4,2390265.659
10,80,3,74.5,2568487.221
10,80,3,74.6,2526552.736
10,80,3,74.7,2463651.008
10,80,3,74.8,2778159.648
10,80,3,74.9,2432200.144
10,80,3,75,2358814.795
10,80,3,75.1,2149142.369
10,80,3,75.2,2337847.553
10,80,3,75.3,2495101.872
10,80,3,75.4,2243494.961
10,80,3,75.5,2358814.795
10,80,3,75.6,2400749.28
10,80,3,75.7,2159625.99
10,80,3,75.8,2180593.233
10,80,3,75.9,2033822.534
10,80,3,76,1855600.972
10,80,3,76.1,1970920.807
10,80,3,76.2,2212044.097
10,80,3,76.3,2096724.262
10,80,3,76.4,1939469.943
10,80,3,76.5,2075757.02
10,80,3,76.6,1939469.943
10,80,3,76.7,1698346.652
10,80,3,76.8,1656412.167
10,80,3,76.9,1740281.138
10,80,3,77,1761248.38
10,80,3,77.1,1761248.38
10,80,3,77.2,2044306.156
10,80,3,77.3,1635444.925
10,80,3,77.4,1939469.943
10,80,3,77.5,1855600.972
10,80,3,77.6,1425772.498
10,80,3,77.7,1551575.954
10,80,3,77.8,1509641.469
10,80,3,77.9,1352387.149
10,80,3,78,1394321.634
10,80,3,78.1,1310452.664
10,80,3,78.2,1467706.984
10,80,3,78.3,1467706.984
10,80,3,78.4,1069329.374
10,80,3,78.5,1163681.966
10,80,3,78.6,1184649.208
10,80,3,78.7,1006427.646
10,80,3,78.8,1090296.616
10,80,3,78.9,1027394.889
10,80,3,79,912075.0541
10,80,3,79.1,1016911.267
10,80,3,79.2,985460.4033
10,80,3,79.3,849173.3262
10,80,3,79.4,712886.2492
10,80,3,79.5,608050.0361
10,80,3,79.6,954009.5394
10,80,3,79.7,660468.1426
10,80,3,79.8,387893.9885
10,80,3,79.9,461279.3377
10,80,3,80,136287.0771
10,150,3,1.9,9778.181373
10,150,3,2,9778.181373
10,150,3,2.4,9778.181373
10,150,3,2.6,19556.36275
10,150,3,2.8,9778.181373
10,150,3,2.9,29334.54412
10,150,3,3,39112.72549
10,150,3,3.1,146672.7206
10,150,3,3.2,264010.8971
10,150,3,3.3,469352.7059
10,150,3,3.4,606247.2451
10,150,3,3.5,850701.7794
10,150,3,3.6,1026709.044
10,150,3,3.7,1584065.382
10,150,3,3.8,2180534.446
10,150,3,3.9,2855228.961
10,150,3,4,3529923.476
10,150,3,4.1,4527297.976
10,150,3,4.2,5456225.206
10,150,3,4.3,6443821.525
10,150,3,4.4,7255410.579
10,150,3,4.5,9387054.118
10,150,3,4.6,10638661.33
10,150,3,4.7,11909824.91
10,150,3,4.8,14579268.43
10,150,3,4.9,16681577.42
10,150,3,5,17972297.36
10,150,3,5.1,19742148.19
10,150,3,5.2,21384882.66
10,150,3,5.3,23301406.21
10,150,3,5.4,25491718.84
10,150,3,5.5,27437576.93
10,150,3,5.6,29295431.39
10,150,3,5.7,30625264.06
10,150,3,5.8,35054780.22
10,150,3,5.9,35514354.75
10,150,3,6,36648623.79
10,150,3,6.1,39445183.66
10,150,3,6.2,40413223.61
10,150,3,6.3,42368859.89
10,150,3,6.4,44960077.95
10,150,3,6.5,46583256.06
10,150,3,6.6,49350481.39
10,150,3,6.7,51002994.04
10,150,3,6.8,52489277.61
10,150,3,6.9,53398648.48
10,150,3,7,55989866.54
10,150,3,7.1,56361437.43
10,150,3,7.2,58473524.61
10,150,3,7.3,59236222.76
10,150,3,7.4,162572043.5
10,150,3,7.5,62228346.26
10,150,3,7.6,62560804.42
10,150,3,7.7,62443466.25
10,150,3,7.8,64047087.99
10,150,3,7.9,67909469.64
10,150,3,8,65865829.73
10,150,3,8.1,67889913.27
10,150,3,8.2,68789505.96
10,150,3,8.3,304072106.2
10,150,3,8.4,2125424616
10,150,3,8.5,71527396.74
10,150,3,8.6,71908745.82
10,150,3,8.7,70510465.88
10,150,3,8.8,101761533.5
10,150,3,8.9,72241203.98
10,150,3,9,72847451.23
10,150,3,9.1,73179909.4
10,150,3,9.2,73707931.19
10,150,3,9.3,74460851.15
10,150,3,9.4,74040389.36
10,150,3,9.5,150975120.4
10,150,3,9.6,112067736.7
10,150,3,9.7,1280667971
10,150,3,9.8,179439406.4
10,150,3,9.9,131291641.3
10,150,3,10,557747465.5
10,150,3,10.1,82136723.53
10,150,3,10.2,86712912.42
10,150,3,10.3,56420106.52
10,150,3,10.4,54229793.89
10,150,3,10.5,54053786.63
10,150,3,10.6,54796928.41
10,150,3,10.7,54435135.7
10,150,3,10.8,56038757.45
10,150,3,10.9,55285837.48
10,150,3,11,63890637.09
10,150,3,11.1,56645004.69
10,150,3,11.2,57446815.57
10,150,3,11.3,254506504.8
10,150,3,11.4,57437037.38
10,150,3,11.5,58238848.26
10,150,3,11.6,70422462.25
10,150,3,11.7,70070447.72
10,150,3,11.8,52107928.54
10,150,3,11.9,49702495.92
10,150,3,12,55188055.67
10,150,3,12.1,47121056.04
10,150,3,12.2,46456139.7
10,150,3,12.3,47062386.95
10,150,3,12.4,46299688.8
10,150,3,12.5,48930019.59
10,150,3,12.6,46563699.7
10,150,3,12.7,48225990.53
10,150,3,12.8,47717525.1
10,150,3,12.9,48235768.71
10,150,3,13,47365510.57
10,150,3,13.1,47003717.86
10,150,3,13.2,48411775.98
10,150,3,13.3,47355732.39
10,150,3,13.4,47570852.38
10,150,3,13.5,48010870.54
10,150,3,13.6,48157543.26
10,150,3,13.7,47375288.75
10,150,3,13.8,47834863.28
10,150,3,13.9,48323772.35
10,150,3,14,48040205.09
10,150,3,14.1,47590408.74
10,150,3,14.2,47404623.3
10,150,3,14.3,47443736.02
10,150,3,14.4,48040205.09
10,150,3,14.5,47971757.82
10,150,3,14.6,47854419.64
10,150,3,14.7,48392219.61
10,150,3,14.8,47952201.45
10,150,3,14.9,48401997.8
10,150,3,15,47942423.27
10,150,3,15.1,48392219.61
10,150,3,15.2,48304215.98
10,150,3,15.3,47590408.74
10,150,3,15.4,47551296.02
10,150,3,15.5,46964605.13
10,150,3,15.6,46348579.71
10,150,3,15.7,45400096.11
10,150,3,15.8,48470445.07
10,150,3,15.9,46954826.95
10,150,3,16,45468543.38
10,150,3,16.1,47414401.48
10,150,3,16.2,45771667.01
10,150,3,16.3,45859670.64
10,150,3,16.4,46690816.06
10,150,3,16.5,46475696.07
10,150,3,16.6,47287285.12
10,150,3,16.7,46514808.79
10,150,3,16.8,46485474.25
10,150,3,16.9,47062386.95
10,150,3,17,47101499.67
10,150,3,17.1,44637397.97
10,150,3,17.2,45194754.31
10,150,3,17.3,45722776.1
10,150,3,17.4,44989412.5
10,150,3,17.5,44969856.13
10,150,3,17.6,45214310.67
10,150,3,17.7,45644550.65
10,150,3,17.8,45703219.74
10,150,3,17.9,45360983.39
10,150,3,18,46358357.89
10,150,3,18.1,45458765.2
10,150,3,18.2,43913812.55
10,150,3,18.3,44226714.35
10,150,3,18.4,43992038
10,150,3,18.5,44999190.68
10,150,3,18.6,43855143.46
10,150,3,18.7,43845365.28
10,150,3,18.8,44158267.08
10,150,3,18.9,43522685.29
10,150,3,19,43620467.1
10,150,3,19.1,43268452.58
10,150,3,19.2,43591132.56
10,150,3,19.3,42984885.32
10,150,3,19.4,42544867.15
10,150,3,19.5,41743056.28
10,150,3,19.6,42075514.45
10,150,3,19.7,43072888.95
10,150,3,19.8,41674609.01
10,150,3,19.9,40638121.79
10,150,3,20,42378638.07
10,150,3,20.1,41762612.64
10,150,3,20.2,42007067.18
10,150,3,20.3,40520783.61
10,150,3,20.4,41449710.84
10,150,3,20.5,40902132.68
10,150,3,20.6,41127030.85
10,150,3,20.7,41127030.85
10,150,3,20.8,40383889.07
10,150,3,20.9,40863019.96
10,150,3,21,40599009.06
10,150,3,21.1,39445183.66
10,150,3,21.2,40344776.34
10,150,3,21.3,42114627.17
10,150,3,21.4,39210507.31
10,150,3,21.5,38252245.53
10,150,3,21.6,39259398.21
10,150,3,21.7,40012318.18
10,150,3,21.8,39454961.84
10,150,3,21.9,38760710.96
10,150,3,22,38320692.8
10,150,3,22.1,38662929.15
10,150,3,22.2,38995387.32
10,150,3,22.3,37929565.55
10,150,3,22.4,37440656.48
10,150,3,22.5,40100321.81
10,150,3,22.6,38486921.88
10,150,3,22.7,38408696.43
10,150,3,22.8,37919787.36
10,150,3,22.9,36922412.86
10,150,3,23,37548216.47
10,150,3,23.1,37264649.21
10,150,3,23.2,37430878.3
10,150,3,23.3,36589954.7
10,150,3,23.4,36022820.18
10,150,3,23.5,36316165.62
10,150,3,23.6,36531285.61
10,150,3,23.7,35269900.21
10,150,3,23.8,37284205.58
10,150,3,23.9,36208605.62
10,150,3,24,36149936.54
10,150,3,24.1,35788143.82
10,150,3,24.2,35289456.57
10,150,3,24.3,36648623.79
10,150,3,24.4,36325943.8
10,150,3,24.5,34204078.44
10,150,3,24.6,35142783.85
10,150,3,24.7,35465463.84
10,150,3,24.8,34761434.78
10,150,3,24.9,34477867.52
10,150,3,25,34614762.06
10,150,3,25.1,33959623.91
10,150,3,25.2,33852063.91
10,150,3,25.3,34448532.98
10,150,3,25.4,34585427.52
10,150,3,25.5,33764060.28
10,150,3,25.6,33333820.3
10,150,3,25.7,33676056.65
10,150,3,25.8,33167591.22
10,150,3,25.9,33343598.48
10,150,3,26,33040474.86
10,150,3,26.1,32698238.51
10,150,3,26.2,32825354.87
10,150,3,26.3,33020918.5
10,150,3,26.4,32561343.97
10,150,3,26.5,33157813.04
10,150,3,26.6,32277776.71
10,150,3,26.7,32199551.26
10,150,3,26.8,31720420.37
10,150,3,26.9,32258220.35
10,150,3,27,32786242.14
10,150,3,27.1,31084838.58
10,150,3,27.2,30899053.14
10,150,3,27.3,31720420.37
10,150,3,27.4,31788867.64
10,150,3,27.5,32600456.7
10,150,3,27.6,31339071.3
10,150,3,27.7,30664376.79
10,150,3,27.8,30820827.69
10,150,3,27.9,31964874.91
10,150,3,28,30615485.88
10,150,3,28.1,30429700.43
10,150,3,28.2,30214580.44
10,150,3,28.3,30419922.25
10,150,3,28.4,31788867.64
10,150,3,28.5,29803896.82
10,150,3,28.6,29950569.55
10,150,3,28.7,29520329.56
10,150,3,28.8,30771936.78
10,150,3,28.9,29490995.02
10,150,3,29,30009238.63
10,150,3,29.1,30019016.81
10,150,3,29.2,29490995.02
10,150,3,29.3,29041198.68
10,150,3,29.4,29706115.01
10,150,3,29.5,29060755.04
10,150,3,29.6,29295431.39
10,150,3,29.7,29334544.12
10,150,3,29.8,28777187.78
10,150,3,29.9,28063380.54
10,150,3,30,28229609.62
10,150,3,30.1,28102493.27
10,150,3,30.2,29158536.85
10,150,3,30.3,29050976.86
10,150,3,30.4,27525580.56
10,150,3,30.5,28395838.71
10,150,3,30.6,27916707.82
10,150,3,30.7,28464285.98
10,150,3,30.8,27672253.29
10,150,3,30.9,27926486
10,150,3,31,27828704.19
10,150,3,31.1,28063380.54
10,150,3,31.2,28141605.99
10,150,3,31.3,27437576.93
10,150,3,31.4,28141605.99
10,150,3,31.5,26665100.6
10,150,3,31.6,27476689.66
10,150,3,31.7,26772660.6
10,150,3,31.8,27496246.02
10,150,3,31.9,26547762.43
10,150,3,32,27564693.29
10,150,3,32.1,26899776.96
10,150,3,32.2,26469536.98
10,150,3,32.3,26577096.97
10,150,3,32.4,26479315.16
10,150,3,32.5,26420646.07
10,150,3,32.6,27144231.49
10,150,3,32.7,26049075.18
10,150,3,32.8,25335267.94
10,150,3,32.9,26293529.71
10,150,3,33,26185969.72
10,150,3,33.1,26283751.53
10,150,3,33.2,26029518.81
10,150,3,33.3,25354824.3
10,150,3,33.4,24846358.87
10,150,3,33.5,24386784.34
10,150,3,33.6,25100591.58
10,150,3,33.7,25550387.93
10,150,3,33.8,25051700.68
10,150,3,33.9,24807246.14
10,150,3,34,24963697.05
10,150,3,34.1,25354824.3
10,150,3,34.2,25540609.75
10,150,3,34.3,24064104.36
10,150,3,34.4,23712089.83
10,150,3,34.5,24895249.78
10,150,3,34.6,23682755.29
10,150,3,34.7,24015213.45
10,150,3,34.8,24641017.06
10,150,3,34.9,24748577.05
10,150,3,35,23927209.82
10,150,3,35.1,24230333.44
10,150,3,35.2,23624086.2
10,150,3,35.3,24289002.53
10,150,3,35.4,23614308.02
10,150,3,35.5,23995657.09
10,150,3,35.6,23829428.01
10,150,3,35.7,22998282.59
10,150,3,35.8,23086286.22
10,150,3,35.9,23174289.85
10,150,3,36,22528929.88
10,150,3,36.1,23496969.84
10,150,3,36.2,22323588.07
10,150,3,36.3,22528929.88
10,150,3,36.4,23389409.84
10,150,3,36.5,22088911.72
10,150,3,36.6,22499595.34
10,150,3,36.7,23301406.21
10,150,3,36.8,21766231.74
10,150,3,36.9,21541333.56
10,150,3,37,23526304.38
10,150,3,37.1,23731646.19
10,150,3,37.2,22695158.97
10,150,3,37.3,22255140.8
10,150,3,37.4,22685380.79
10,150,3,37.5,21766231.74
10,150,3,37.6,21746675.37
10,150,3,37.7,22304031.71
10,150,3,37.8,22411591.71
10,150,3,37.9,21580446.29
10,150,3,38,21433773.57
10,150,3,38.1,21521777.2
10,150,3,38.2,21472886.29
10,150,3,38.3,21228431.76
10,150,3,38.4,22304031.71
10,150,3,38.5,20876417.23
10,150,3,38.6,21521777.2
10,150,3,38.7,21414217.21
10,150,3,38.8,21091537.22
10,150,3,38.9,21864013.55
10,150,3,39,21492442.66
10,150,3,39.1,20592849.97
10,150,3,39.2,21335991.76
10,150,3,39.3,21111093.58
10,150,3,39.4,20553737.25
10,150,3,39.5,20182166.35
10,150,3,39.6,20309282.71
10,150,3,39.7,20289726.35
10,150,3,39.8,21316435.39
10,150,3,39.9,19957268.18
10,150,3,40,20729744.51
10,150,3,40.1,20719966.33
10,150,3,40.2,19585697.29
10,150,3,40.3,19859486.37
10,150,3,40.4,20543959.06
10,150,3,40.5,20074606.36
10,150,3,40.6,19644366.38
10,150,3,40.7,19634588.2
10,150,3,40.8,19351020.94
10,150,3,40.9,19947490
10,150,3,41,20045271.81
10,150,3,41.1,20074606.36
10,150,3,41.2,18842555.51
10,150,3,41.3,19888820.91
10,150,3,41.4,19116344.58
10,150,3,41.5,19732370.01
10,150,3,41.6,19888820.91
10,150,3,41.7,20690631.79
10,150,3,41.8,20759079.05
10,150,3,41.9,18822999.14
10,150,3,42,19810595.46
10,150,3,42.1,19008784.59
10,150,3,42.2,18431871.89
10,150,3,42.3,18510097.34
10,150,3,42.4,18725217.33
10,150,3,42.5,18686104.6
10,150,3,42.6,18598100.97
10,150,3,42.7,19458580.93
10,150,3,42.8,18598100.97
10,150,3,42.9,19116344.58
10,150,3,43,18539431.88
10,150,3,43.1,18832777.32
10,150,3,43.2,18862111.87
10,150,3,43.3,19057675.5
10,150,3,43.4,18470984.61
10,150,3,43.5,17473610.11
10,150,3,43.6,18686104.6
10,150,3,43.7,18441650.07
10,150,3,43.8,18774108.24
10,150,3,43.9,18558988.25
10,150,3,44,17903850.09
10,150,3,44.1,18138526.45
10,150,3,44.2,18578544.61
10,150,3,44.3,17649617.38
10,150,3,44.4,17600726.47
10,150,3,44.5,17356271.94
10,150,3,44.6,17942962.82
10,150,3,44.7,17903850.09
10,150,3,44.8,18177639.17
10,150,3,44.9,17160708.31
10,150,3,45,17776733.74
10,150,3,45.1,17014035.59
10,150,3,45.2,17630061.02
10,150,3,45.3,17229155.58
10,150,3,45.4,16153555.63
10,150,3,45.5,17884293.73
10,150,3,45.6,17414941.03
10,150,3,45.7,17229155.58
10,150,3,45.8,17454053.75
10,150,3,45.9,17053148.31
10,150,3,46,17776733.74
10,150,3,46.1,17522501.02
10,150,3,46.2,16867362.87
10,150,3,46.3,16955366.5
10,150,3,46.4,16662021.06
10,150,3,46.5,16417566.53
10,150,3,46.6,17190042.85
10,150,3,46.7,16290450.17
10,150,3,46.8,16798915.6
10,150,3,46.9,16789137.42
10,150,3,47,15869988.37
10,150,3,47.1,16241559.26
10,150,3,47.2,16339341.07
10,150,3,47.3,16564239.25
10,150,3,47.4,16016661.09
10,150,3,47.5,16446901.07
10,150,3,47.6,16349119.26
10,150,3,47.7,16466457.43
10,150,3,47.8,15693981.1
10,150,3,47.9,16544682.88
10,150,3,48,15381079.3
10,150,3,48.1,15332188.39
10,150,3,48.2,16476235.61
10,150,3,48.3,16016661.09
10,150,3,48.4,15723315.65
10,150,3,48.5,15957992
10,150,3,48.6,15674424.74
10,150,3,48.7,15429970.21
10,150,3,48.8,16085108.36
10,150,3,48.9,15742872.01
10,150,3,49,16153555.63
10,150,3,49.1,15948213.82
10,150,3,49.2,15869988.37
10,150,3,49.3,15195293.85
10,150,3,49.4,15175737.49
10,150,3,49.5,15762428.37
10,150,3,49.6,15596199.29
10,150,3,49.7,15625533.83
10,150,3,49.8,15283297.49
10,150,3,49.9,16026439.27
10,150,3,50,15645090.2
10,150,3,50.1,15693981.1
10,150,3,50.2,15752650.19
10,150,3,50.3,14745497.51
10,150,3,50.4,15293075.67
10,150,3,50.5,15038842.95
10,150,3,50.6,14794388.42
10,150,3,50.7,14989952.04
10,150,3,50.8,14628159.33
10,150,3,50.9,14696606.6
10,150,3,51,15038842.95
10,150,3,51.1,15400635.66
10,150,3,51.2,14853057.51
10,150,3,51.3,14667272.06
10,150,3,51.4,15058399.31
10,150,3,51.5,14276144.8
10,150,3,51.6,14843279.32
10,150,3,51.7,14774832.05
10,150,3,51.8,14413039.34
10,150,3,51.9,14745497.51
10,150,3,52,14149028.45
10,150,3,52.1,13826348.46
10,150,3,52.2,13973021.18
10,150,3,52.3,14139250.27
10,150,3,52.4,14256588.44
10,150,3,52.5,14197919.35
10,150,3,52.6,14012133.91
10,150,3,52.7,13943686.64
10,150,3,52.8,13757901.19
10,150,3,52.9,13650341.2
10,150,3,53,13787235.74
10,150,3,53.1,13933908.46
10,150,3,53.2,14149028.45
10,150,3,53.3,14295701.17
10,150,3,53.4,14051246.63
10,150,3,53.5,14373926.62
10,150,3,53.6,13914352.09
10,150,3,53.7,14373926.62
10,150,3,53.8,13122319.4
10,150,3,53.9,14158806.63
10,150,3,54,14197919.35
10,150,3,54.1,13572115.75
10,150,3,54.2,13161432.13
10,150,3,54.3,13894795.73
10,150,3,54.4,13757901.19
10,150,3,54.5,13386330.3
10,150,3,54.6,13914352.09
10,150,3,54.7,12926755.78
10,150,3,54.8,13523224.84
10,150,3,54.9,13650341.2
10,150,3,55,13601450.29
10,150,3,55.1,13337439.39
10,150,3,55.2,13190766.67
10,150,3,55.3,12701857.6
10,150,3,55.4,12956090.32
10,150,3,55.5,13621006.65
10,150,3,55.6,13190766.67
10,150,3,55.7,12780083.05
10,150,3,55.8,13347217.57
10,150,3,55.9,13044093.95
10,150,3,56,12770304.87
10,150,3,56.1,13200544.85
10,150,3,56.2,13650341.2
10,150,3,56.3,12819195.78
10,150,3,56.4,12809417.6
10,150,3,56.5,13396108.48
10,150,3,56.6,13112541.22
10,150,3,56.7,12887643.05
10,150,3,56.8,12721413.97
10,150,3,56.9,13044093.95
10,150,3,57,12946312.14
10,150,3,57.1,12652966.7
10,150,3,57.2,12584519.43
10,150,3,57.3,12750748.51
10,150,3,57.4,12652966.7
10,150,3,57.5,12574741.25
10,150,3,57.6,12310730.35
10,150,3,57.7,13132097.58
10,150,3,57.8,13004981.23
10,150,3,57.9,12721413.97
10,150,3,58,12555184.88
10,150,3,58.1,106836409.7
10,150,3,58.2,12848530.32
10,150,3,58.3,12046719.45
10,150,3,58.4,12281395.8
10,150,3,58.5,12115166.72
10,150,3,58.6,12340064.89
10,150,3,58.7,11684926.74
10,150,3,58.8,12183613.99
10,150,3,58.9,13151653.95
10,150,3,59,12388955.8
10,150,3,59.1,12193392.17
10,150,3,59.2,11988050.36
10,150,3,59.3,11821821.28
10,150,3,59.4,12056497.63
10,150,3,59.5,176691737.4
10,150,3,59.6,12261839.44
10,150,3,59.7,12496515.79
10,150,3,59.8,11469806.75
10,150,3,59.9,12046719.45
10,150,3,60,11753374.01
10,150,3,60.1,11958715.82
10,150,3,60.2,11323134.03
10,150,3,60.3,12261839.44
10,150,3,60.4,11430694.02
10,150,3,60.5,11616479.47
10,150,3,60.6,11675148.56
10,150,3,60.7,11772930.37
10,150,3,60.8,11831599.46
10,150,3,60.9,11860934.01
10,150,3,61,11274243.12
10,150,3,61.1,11919603.09
10,150,3,61.2,11528475.84
10,150,3,61.3,11968494
10,150,3,61.4,11518697.66
10,150,3,61.5,11851155.82
10,150,3,61.6,11244908.58
10,150,3,61.7,11078679.5
10,150,3,61.8,11724039.47
10,150,3,61.9,11440472.21
10,150,3,62,11645814.02
10,150,3,62.1,11440472.21
10,150,3,62.2,11909824.91
10,150,3,62.3,11548032.2
10,150,3,62.4,11763152.19
10,150,3,62.5,11381803.12
10,150,3,62.6,10736443.15
10,150,3,62.7,10374650.44
10,150,3,62.8,11479584.93
10,150,3,62.9,11284021.3
10,150,3,63,11391581.3
10,150,3,63.1,11655592.2
10,150,3,63.2,10980897.68
10,150,3,63.3,11753374.01
10,150,3,63.4,11430694.02
10,150,3,63.5,11411137.66
10,150,3,63.6,10726664.97
10,150,3,63.7,11303577.67
10,150,3,63.8,10511544.98
10,150,3,63.9,10443097.71
10,150,3,64,11606701.29
10,150,3,64.1,10853781.32
10,150,3,64.2,10462654.07
10,150,3,64.3,10804890.42
10,150,3,64.4,10521323.16
10,150,3,64.5,10667995.88
10,150,3,64.6,10521323.16
10,150,3,64.7,10892894.05
10,150,3,64.8,11293799.49
10,150,3,64.9,10472432.25
10,150,3,65,10570214.06
10,150,3,65.1,10149752.27
10,150,3,65.2,10765777.69
10,150,3,65.3,9954188.638
10,150,3,65.4,10452875.89
10,150,3,65.5,10609326.79
10,150,3,65.6,10922228.59
10,150,3,65.7,10433319.52
10,150,3,65.8,10941784.96
10,150,3,65.9,10648439.52
10,150,3,66,10355094.07
10,150,3,66.1,10707108.6
10,150,3,66.2,10227977.72
10,150,3,66.3,10257312.26
10,150,3,66.4,10042192.27
10,150,3,66.5,10785334.05
10,150,3,66.6,9875963.187
10,150,3,66.7,10051970.45
10,150,3,66.8,10707108.6
10,150,3,66.9,10042192.27
10,150,3,67,10345315.89
10,150,3,67.1,28278500.53
10,150,3,67.2,10521323.16
10,150,3,67.3,9758625.01
10,150,3,67.4,44568950.7
10,150,3,67.5,10198643.17
10,150,3,67.6,10267090.44
10,150,3,67.7,9778181.373
10,150,3,67.8,10736443.15
10,150,3,67.9,10433319.52
10,150,3,68,9171934.128
10,150,3,68.1,9963966.819
10,150,3,68.2,9787959.554
10,150,3,68.3,9132821.402
10,150,3,68.4,9846628.643
10,150,3,68.5,9582617.745
10,150,3,68.6,9905297.731
10,150,3,68.7,9709734.103
10,150,3,68.8,9533726.839
10,150,3,68.9,9504392.294
10,150,3,69,9621730.471
10,150,3,69.1,9856406.824
10,150,3,69.2,14070803
10,150,3,69.3,16994479.23
10,150,3,69.4,9680399.559
10,150,3,69.5,10922228.59
10,150,3,69.6,12066275.81
10,150,3,69.7,9328385.03
10,150,3,69.8,9699955.922
10,150,3,69.9,9005705.044
10,150,3,70,8692803.241
10,150,3,70.1,9250159.579
10,150,3,70.2,9113265.04
10,150,3,70.3,9455501.388
10,150,3,70.4,9357719.574
10,150,3,70.5,9680399.559
10,150,3,70.6,9083930.495
10,150,3,70.7,9230603.216
10,150,3,70.8,8771028.692
10,150,3,70.9,8849254.143
10,150,3,71,9338163.211
10,150,3,71.1,9856406.824
10,150,3,71.2,8917701.412
10,150,3,71.3,8780806.873
10,150,3,71.4,9494614.113
10,150,3,71.5,9015483.226
10,150,3,71.6,8859032.324
10,150,3,71.7,9103486.858
10,150,3,71.8,8194115.991
10,150,3,71.9,8731915.966
10,150,3,72,9044817.77
10,150,3,72.1,9083930.495
10,150,3,72.2,8536352.339
10,150,3,72.3,9132821.402
10,150,3,72.4,8155003.265
10,150,3,72.5,8859032.324
10,150,3,72.6,9191490.491
10,150,3,72.7,8731915.966
10,150,3,72.8,8810141.417
10,150,3,72.9,8878588.687
10,150,3,73,8282119.623
10,150,3,73.1,8673246.878
10,150,3,73.2,8780806.873
10,150,3,73.3,8419014.162
10,150,3,73.4,8585243.245
10,150,3,73.5,8643912.334
10,150,3,73.6,8458126.888
10,150,3,73.7,9171934.128
10,150,3,73.8,8751472.329
10,150,3,73.9,8507017.794
10,150,3,74,8076777.814
10,150,3,74.1,8604799.608
10,150,3,74.2,8927479.593
10,150,3,74.3,8018108.726
10,150,3,74.4,8702581.422
10,150,3,74.5,8018108.726
10,150,3,74.6,8321232.348
10,150,3,74.7,8702581.422
10,150,3,74.8,8575465.064
10,150,3,74.9,8311454.167
10,150,3,75,7969217.819
10,150,3,75.1,8389679.618
10,150,3,75.2,8272341.442
10,150,3,75.3,8155003.265
10,150,3,75.4,8379901.437
10,150,3,75.5,8213672.353
10,150,3,75.6,7978996
10,150,3,75.7,8272341.442
10,150,3,75.8,8419014.162
10,150,3,75.9,8389679.618
10,150,3,76,8771028.692
10,150,3,76.1,8692803.241
10,150,3,76.2,8379901.437
10,150,3,76.3,8164781.446
10,150,3,76.4,7871436.005
10,150,3,76.5,8467905.069
10,150,3,76.6,7812766.917
10,150,3,76.7,7832323.28
10,150,3,76.8,8321232.348
10,150,3,76.9,7988774.182
10,150,3,77,7959439.638
10,150,3,77.1,8155003.265
10,150,3,77.2,8536352.339
10,150,3,77.3,8194115.991
10,150,3,77.4,8008330.544
10,150,3,77.5,7812766.917
10,150,3,77.6,7480308.75
10,150,3,77.7,7558534.201
10,150,3,77.8,8066999.633
10,150,3,77.9,7783432.373
10,150,3,78,8301675.986
10,150,3,78.1,7910548.731
10,150,3,78.2,7450974.206
10,150,3,78.3,8399457.799
10,150,3,78.4,8419014.162
10,150,3,78.5,7881214.187
10,150,3,78.6,7851879.642
10,150,3,78.7,8291897.804
10,150,3,78.8,7607425.108
10,150,3,78.9,7685650.559
10,150,3,79,7138072.402
10,150,3,79.1,7538977.839
10,150,3,79.2,7470530.569
10,150,3,79.3,7529199.657
10,150,3,79.4,7754097.829
10,150,3,79.5,7098959.677
10,150,3,79.6,7558534.201
10,150,3,79.7,7656316.015
10,150,3,79.8,7372748.755
10,150,3,79.9,8027886.907
10,150,3,80,7362970.574
10,150,3,80.1,7226076.035
10,150,3,80.2,8184337.809
10,150,3,80.3,7597646.927
10,150,3,80.4,7626981.471
10,150,3,80.5,7783432.373
10,150,3,80.6,7881214.187
10,150,3,80.7,7519421.476
10,150,3,80.8,7265188.76
10,150,3,80.9,7392305.118
10,150,3,81,7519421.476
10,150,3,81.1,8086555.995
10,150,3,81.2,7362970.574
10,150,3,81.3,7069625.133
10,150,3,81.4,7343414.211
10,150,3,81.5,7304301.486
10,150,3,81.6,7685650.559
10,150,3,81.7,7089181.495
10,150,3,81.8,7294523.304
10,150,3,81.9,6962065.138
10,150,3,82,7206519.672
10,150,3,82.1,7059846.951
10,150,3,82.2,7714985.103
10,150,3,82.3,7460752.388
10,150,3,82.4,7685650.559
10,150,3,82.5,7548756.02
10,150,3,82.6,7108737.858
10,150,3,82.7,7431417.843
10,150,3,82.8,7724763.285
10,150,3,82.9,7059846.951
10,150,3,83,7020734.226
10,150,3,83.1,7167406.946
10,150,3,83.2,7685650.559
10,150,3,83.3,7362970.574
10,150,3,83.4,6922952.412
10,150,3,83.5,6864283.324
10,150,3,83.6,6932730.593
10,150,3,83.7,6756723.329
10,150,3,83.8,7411861.481
10,150,3,83.9,7382526.937
10,150,3,84,7255410.579
10,150,3,84.1,7108737.858
10,150,3,84.2,7226076.035
10,150,3,84.3,6756723.329
10,150,3,84.4,6639385.152
10,150,3,84.5,6668719.696
10,150,3,84.6,6786057.873
10,150,3,84.7,7548756.02
10,150,3,84.8,6717610.603
10,150,3,84.9,6746945.147
10,150,3,85,6619828.789
10,150,3,85.1,6443821.525
10,150,3,85.2,6580716.064
10,150,3,85.3,6776279.691
10,150,3,85.4,6639385.152
10,150,3,85.5,7304301.486
10,150,3,85.6,6932730.593
10,150,3,85.7,7157628.765
10,150,3,85.8,6893617.868
10,150,3,85.9,6922952.412
10,150,3,86,6678497.878
10,150,3,86.1,6610050.608
10,150,3,86.2,7020734.226
10,150,3,86.3,7421639.662
10,150,3,86.4,6844726.961
10,150,3,86.5,6834948.78
10,150,3,86.6,6942508.775
10,150,3,86.7,6981621.5
10,150,3,86.8,6600272.427
10,150,3,86.9,6786057.873
10,150,3,87,6375374.255
10,150,3,87.1,6512268.794
10,150,3,87.2,6776279.691
10,150,3,87.3,6512268.794
10,150,3,87.4,6434043.343
10,150,3,87.5,6746945.147
10,150,3,87.6,6463377.888
10,150,3,87.7,6316705.167
10,150,3,87.8,6365596.074
10,150,3,87.9,6952286.956
10,150,3,88,7059846.951
10,150,3,88.1,6561159.701
10,150,3,88.2,6258036.079
10,150,3,88.3,6649163.334
10,150,3,88.4,6101585.177
10,150,3,88.5,6326483.348
10,150,3,88.6,6590494.245
10,150,3,88.7,6355817.892
10,150,3,88.8,6864283.324
10,150,3,88.9,6580716.064
10,150,3,89,5984247
10,150,3,89.1,6737166.966
10,150,3,89.2,6375374.255
10,150,3,89.3,6512268.794
10,150,3,89.4,5827796.098
10,150,3,89.5,6375374.255
10,150,3,89.6,6502490.613
10,150,3,89.7,5769127.01
10,150,3,89.8,6737166.966
10,150,3,89.9,6453599.706
10,150,3,90,5554007.02
10,150,3,90.1,5857130.642
10,150,3,90.2,6121141.539
10,150,3,90.3,6267814.26
10,150,3,90.4,6199366.99
10,150,3,90.5,6033137.907
10,150,3,90.6,6033137.907
10,150,3,90.7,6062472.451
10,150,3,90.8,6091806.995
10,150,3,90.9,6414486.981
10,150,3,91,6121141.539
10,150,3,91.1,6443821.525
10,150,3,91.2,6492712.432
10,150,3,91.3,6150476.084
10,150,3,91.4,5837574.28
10,150,3,91.5,6189588.809
10,150,3,91.6,6082028.814
10,150,3,91.7,6179810.628
10,150,3,91.8,6512268.794
10,150,3,91.9,5994025.182
10,150,3,92,5945134.275
10,150,3,92.1,5818017.917
10,150,3,92.2,6111363.358
10,150,3,92.3,6062472.451
10,150,3,92.4,6786057.873
10,150,3,92.5,6111363.358
10,150,3,92.6,5847352.461
10,150,3,92.7,5436668.843
10,150,3,92.8,6091806.995
10,150,3,92.9,5818017.917
10,150,3,93,6473156.069
10,150,3,93.1,5945134.275
10,150,3,93.2,5818017.917
10,150,3,93.3,5876687.005
10,150,3,93.4,5984247
10,150,3,93.5,6033137.907
10,150,3,93.6,6013581.544
10,150,3,93.7,5837574.28
10,150,3,93.8,5964690.637
10,150,3,93.9,5857130.642
10,150,3,94,5632232.471
10,150,3,94.1,6062472.451
10,150,3,94.2,6013581.544
10,150,3,94.3,5642010.652
10,150,3,94.4,5260661.579
10,150,3,94.5,5769127.01
10,150,3,94.6,6062472.451
10,150,3,94.7,5827796.098
10,150,3,94.8,5847352.461
10,150,3,94.9,5612676.108
10,150,3,95,6424265.162
10,150,3,95.1,5984247
10,150,3,95.2,5935356.093
10,150,3,95.3,5818017.917
10,150,3,95.4,5974468.819
10,150,3,95.5,5495337.932
10,150,3,95.6,5426890.662
10,150,3,95.7,6150476.084
10,150,3,95.8,5661567.015
10,150,3,95.9,5602897.927
10,150,3,96,5935356.093
10,150,3,96.1,5778905.191
10,150,3,96.2,5475781.569
10,150,3,96.3,6150476.084
10,150,3,96.4,5808239.736
10,150,3,96.5,5798461.554
10,150,3,96.6,5827796.098
10,150,3,96.7,5544228.838
10,150,3,96.8,5417112.481
10,150,3,96.9,5221548.853
10,150,3,97,5426890.662
10,150,3,97.1,5475781.569
10,150,3,97.2,5280217.941
10,150,3,97.3,5172657.946
10,150,3,97.4,5387777.936
10,150,3,97.5,5622454.289
10,150,3,97.6,5505116.113
10,150,3,97.7,5280217.941
10,150,3,97.8,5544228.838
10,150,3,97.9,5358443.392
10,150,3,98,5759348.829
10,150,3,98.1,5573563.383
10,150,3,98.2,5407334.299
10,150,3,98.3,5338887.03
10,150,3,98.4,5162879.765
10,150,3,98.5,5534450.657
10,150,3,98.6,5661567.015
10,150,3,98.7,5700679.74
10,150,3,98.8,5358443.392
10,150,3,98.9,5338887.03
10,150,3,99,5172657.946
10,150,3,99.1,5055319.77
10,150,3,99.2,5661567.015
10,150,3,99.3,5035763.407
10,150,3,99.4,5661567.015
10,150,3,99.5,4986872.5
10,150,3,99.6,4576188.883
10,150,3,99.7,5593119.745
10,150,3,99.8,5074876.133
10,150,3,99.9,5319330.667
10,150,3,100,5329108.848
10,150,3,100.1,5192214.309
10,150,3,100.2,5475781.569
10,150,3,100.3,5456225.206
10,150,3,100.4,5260661.579
10,150,3,100.5,5534450.657
10,150,3,100.6,4840199.78
10,150,3,100.7,5524672.476
10,150,3,100.8,4996650.682
10,150,3,100.9,5495337.932
10,150,3,101,5466003.387
10,150,3,101.1,5104210.677
10,150,3,101.2,4898868.868
10,150,3,101.3,5368221.574
10,150,3,101.4,5270439.76
10,150,3,101.5,5270439.76
10,150,3,101.6,5094432.495
10,150,3,101.7,4840199.78
10,150,3,101.8,4898868.868
10,150,3,101.9,4615301.608
10,150,3,102,4742417.966
10,150,3,102.1,5289996.123
10,150,3,102.2,5094432.495
10,150,3,102.3,4722861.603
10,150,3,102.4,5407334.299
10,150,3,102.5,4937981.593
10,150,3,102.6,5192214.309
10,150,3,102.7,5035763.407
10,150,3,102.8,5094432.495
10,150,3,102.9,4703305.24
10,150,3,103,4801087.054
10,150,3,103.1,5192214.309
10,150,3,103.2,4849977.961
10,150,3,103.3,4830421.598
10,150,3,103.4,4908647.049
10,150,3,103.5,4810865.235
10,150,3,103.6,4791308.873
10,150,3,103.7,4879312.505
10,150,3,103.8,4527297.976
10,150,3,103.9,4996650.682
10,150,3,104,4830421.598
10,150,3,104.1,4458850.706
10,150,3,104.2,4977094.319
10,150,3,104.3,5084654.314
10,150,3,104.4,5289996.123
10,150,3,104.5,5055319.77
10,150,3,104.6,4331734.348
10,150,3,104.7,4537076.157
10,150,3,104.8,4898868.868
10,150,3,104.9,4898868.868
10,150,3,105,4869534.324
10,150,3,105.1,5329108.848
10,150,3,105.2,4732639.785
10,150,3,105.3,4351290.711
10,150,3,105.4,4947759.775
10,150,3,105.5,4869534.324
10,150,3,105.6,4742417.966
10,150,3,105.7,4703305.24
10,150,3,105.8,5172657.946
10,150,3,105.9,5016207.044
10,150,3,106,5006428.863
10,150,3,106.1,4752196.147
10,150,3,106.2,4595745.245
10,150,3,106.3,4233952.534
10,150,3,106.4,4664192.515
10,150,3,106.5,4849977.961
10,150,3,106.6,4703305.24
10,150,3,106.7,4390403.436
10,150,3,106.8,4771752.51
10,150,3,106.9,4664192.515
10,150,3,107,5035763.407
10,150,3,107.1,5045541.588
10,150,3,107.2,4654414.334
10,150,3,107.3,4615301.608
10,150,3,107.4,4478407.069
10,150,3,107.5,4996650.682
10,150,3,107.6,4458850.706
10,150,3,107.7,4468628.887
10,150,3,107.8,4566410.701
10,150,3,107.9,4527297.976
10,150,3,108,4419737.981
10,150,3,108.1,4849977.961
10,150,3,108.2,4409959.799
10,150,3,108.3,4781530.691
10,150,3,108.4,4722861.603
10,150,3,108.5,4497963.432
10,150,3,108.6,4713083.422
10,150,3,108.7,4683748.878
10,150,3,108.8,4742417.966
10,150,3,108.9,4429516.162
10,150,3,109,4253508.897
10,150,3,109.1,4615301.608
10,150,3,109.2,4155727.083
10,150,3,109.3,4028610.726
10,150,3,109.4,4351290.711
10,150,3,109.5,4537076.157
10,150,3,109.6,4507741.613
10,150,3,109.7,4585967.064
10,150,3,109.8,4370847.074
10,150,3,109.9,4351290.711
10,150,3,110,4409959.799
10,150,3,110.1,4302399.804
10,150,3,110.2,4106836.177
10,150,3,110.3,4497963.432
10,150,3,110.4,4517519.794
10,150,3,110.5,4507741.613
10,150,3,110.6,4537076.157
10,150,3,110.7,4302399.804
10,150,3,110.8,4468628.887
10,150,3,110.9,4351290.711
10,150,3,111,4204617.99
10,150,3,111.1,4087279.814
10,150,3,111.2,4497963.432
10,150,3,111.3,4175283.446
10,150,3,111.4,4233952.534
10,150,3,111.5,4409959.799
10,150,3,111.6,4439294.343
10,150,3,111.7,4341512.53
10,150,3,111.8,4321956.167
10,150,3,111.9,4116614.358
10,150,3,112,4458850.706
10,150,3,112.1,4067723.451
10,150,3,112.2,4703305.24
10,150,3,112.3,4351290.711
10,150,3,112.4,4419737.981
10,150,3,112.5,4341512.53
10,150,3,112.6,4341512.53
10,150,3,112.7,4106836.177
10,150,3,112.8,4302399.804
10,150,3,112.9,3969941.637
10,150,3,113,4165505.265
10,150,3,113.1,3842825.28
10,150,3,113.2,4028610.726
10,150,3,113.3,4155727.083
10,150,3,113.4,3930828.912
10,150,3,113.5,3823268.917
10,150,3,113.6,3705930.74
10,150,3,113.7,4009054.363
10,150,3,113.8,4214396.172
10,150,3,113.9,3911272.549
10,150,3,114,4439294.343
10,150,3,114.1,4194839.809
10,150,3,114.2,4077501.633
10,150,3,114.3,4057945.27
10,150,3,114.4,3930828.912
10,150,3,114.5,4116614.358
10,150,3,114.6,4145948.902
10,150,3,114.7,3999276.182
10,150,3,114.8,4282843.441
10,150,3,114.9,4048167.088
10,150,3,115,4194839.809
10,150,3,115.1,3950385.275
10,150,3,115.2,3901494.368
10,150,3,115.3,3852603.461
10,150,3,115.4,4048167.088
10,150,3,115.5,3979719.819
10,150,3,115.6,4282843.441
10,150,3,115.7,4282843.441
10,150,3,115.8,3705930.74
10,150,3,115.9,4233952.534
10,150,3,116,3823268.917
10,150,3,116.1,3940607.093
10,150,3,116.2,4067723.451
10,150,3,116.3,3705930.74
10,150,3,116.4,3637483.471
10,150,3,116.5,4370847.074
10,150,3,116.6,4302399.804
10,150,3,116.7,4057945.27
10,150,3,116.8,3930828.912
10,150,3,116.9,3793934.373
10,150,3,117,3872159.824
10,150,3,117.1,3774378.01
10,150,3,117.2,3950385.275
10,150,3,117.3,3803712.554
10,150,3,117.4,4145948.902
10,150,3,117.5,4067723.451
10,150,3,117.6,3803712.554
10,150,3,117.7,3989498
10,150,3,117.8,3842825.28
10,150,3,117.9,3774378.01
10,150,3,118,3803712.554
10,150,3,118.1,3676596.196
10,150,3,118.2,3627705.289
10,150,3,118.3,3666818.015
10,150,3,118.4,3569036.201
10,150,3,118.5,3627705.289
10,150,3,118.6,4224174.353
10,150,3,118.7,4087279.814
10,150,3,118.8,3676596.196
10,150,3,118.9,3803712.554
10,150,3,119,3588592.564
10,150,3,119.1,3745043.466
10,150,3,119.2,3705930.74
10,150,3,119.3,3578814.382
10,150,3,119.4,3617927.108
10,150,3,119.5,3598370.745
10,150,3,119.6,3608148.927
10,150,3,119.7,3784156.191
10,150,3,119.8,3608148.927
10,150,3,119.9,3705930.74
10,150,3,120,3999276.182
10,150,3,120.1,3676596.196
10,150,3,120.2,3784156.191
10,150,3,120.3,3529923.476
10,150,3,120.4,3324581.667
10,150,3,120.5,3324581.667
10,150,3,120.6,3823268.917
10,150,3,120.7,3676596.196
10,150,3,120.8,3256134.397
10,150,3,120.9,3774378.01
10,150,3,121,3569036.201
10,150,3,121.1,3774378.01
10,150,3,121.2,3735265.284
10,150,3,121.3,3510367.113
10,150,3,121.4,3705930.74
10,150,3,121.5,3314803.485
10,150,3,121.6,3637483.471
10,150,3,121.7,3500588.932
10,150,3,121.8,3686374.378
10,150,3,121.9,3705930.74
10,150,3,122,3510367.113
10,150,3,122.1,3520145.294
10,150,3,122.2,3305025.304
10,150,3,122.3,3500588.932
10,150,3,122.4,3774378.01
10,150,3,122.5,3500588.932
10,150,3,122.6,3510367.113
10,150,3,122.7,3539701.657
10,150,3,122.8,3657039.833
10,150,3,122.9,3129018.039
10,150,3,123,3588592.564
10,150,3,123.1,3422363.481
10,150,3,123.2,3383250.755
10,150,3,123.3,3461476.206
10,150,3,123.4,3520145.294
10,150,3,123.5,3305025.304
10,150,3,123.6,3471254.387
10,150,3,123.7,3500588.932
10,150,3,123.8,3197465.309
10,150,3,123.9,3461476.206
10,150,3,124,3402807.118
10,150,3,124.1,3617927.108
10,150,3,124.2,3226799.853
10,150,3,124.3,3461476.206
10,150,3,124.4,3265912.579
10,150,3,124.5,3793934.373
10,150,3,124.6,3158352.583
10,150,3,124.7,3070348.951
10,150,3,124.8,3578814.382
10,150,3,124.9,2953010.775
10,150,3,125,3549479.838
10,150,3,125.1,3412585.299
10,150,3,125.2,3344138.03
10,150,3,125.3,3197465.309
10,150,3,125.4,3471254.387
10,150,3,125.5,3256134.397
10,150,3,125.6,2972567.137
10,150,3,125.7,3158352.583
10,150,3,125.8,3207243.49
10,150,3,125.9,3070348.951
10,150,3,126,3070348.951
10,150,3,126.1,3490810.75
10,150,3,126.2,3393028.936
10,150,3,126.3,3383250.755
10,150,3,126.4,3412585.299
10,150,3,126.5,2943232.593
10,150,3,126.6,3265912.579
10,150,3,126.7,3021458.044
10,150,3,126.8,3060570.77
10,150,3,126.9,3060570.77
10,150,3,127,3686374.378
10,150,3,127.1,3207243.49
10,150,3,127.2,3617927.108
10,150,3,127.3,3148574.402
10,150,3,127.4,3383250.755
10,150,3,127.5,3109461.677
10,150,3,127.6,3441919.843
10,150,3,127.7,3050792.588
10,150,3,127.8,3256134.397
10,150,3,127.9,2865007.142
10,150,3,128,3129018.039
10,150,3,128.1,2884563.505
10,150,3,128.2,3256134.397
10,150,3,128.3,3197465.309
10,150,3,128.4,3197465.309
10,150,3,128.5,2884563.505
10,150,3,128.6,3422363.481
10,150,3,128.7,3226799.853
10,150,3,128.8,3295247.123
10,150,3,128.9,2953010.775
10,150,3,129,3041014.407
10,150,3,129.1,3168130.765
10,150,3,129.2,2845450.78
10,150,3,129.3,2894341.686
10,150,3,129.4,3060570.77
10,150,3,129.5,3129018.039
10,150,3,129.6,2874785.324
10,150,3,129.7,3050792.588
10,150,3,129.8,3510367.113
10,150,3,129.9,3089905.314
10,150,3,130,3031236.226
10,150,3,130.1,2972567.137
10,150,3,130.2,2982345.319
10,150,3,130.3,3070348.951
10,150,3,130.4,3109461.677
10,150,3,130.5,2962788.956
10,150,3,130.6,2855228.961
10,150,3,130.7,2718334.422
10,150,3,130.8,3226799.853
10,150,3,130.9,2816116.235
10,150,3,131,2953010.775
10,150,3,131.1,2953010.775
10,150,3,131.2,3148574.402
10,150,3,131.3,2708556.24
10,150,3,131.4,2943232.593
10,150,3,131.5,3050792.588
10,150,3,131.6,3070348.951
10,150,3,131.7,3070348.951
10,150,3,131.8,2796559.873
10,150,3,131.9,2913898.049
10,150,3,132,2982345.319
10,150,3,132.1,2962788.956
10,150,3,132.2,3011679.863
10,150,3,132.3,2786781.691
10,150,3,132.4,2806338.054
10,150,3,132.5,3041014.407
10,150,3,132.6,2943232.593
10,150,3,132.7,2698778.059
10,150,3,132.8,2953010.775
10,150,3,132.9,2865007.142
10,150,3,133,2610774.427
10,150,3,133.1,2845450.78
10,150,3,133.2,2728112.603
10,150,3,133.3,2679221.696
10,150,3,133.4,2904119.868
10,150,3,133.5,2552105.338
10,150,3,133.6,2552105.338
10,150,3,133.7,2610774.427
10,150,3,133.8,2718334.422
10,150,3,133.9,2777003.51
10,150,3,134,2698778.059
10,150,3,134.1,3070348.951
10,150,3,134.2,2688999.878
10,150,3,134.3,2591218.064
10,150,3,134.4,2767225.329
10,150,3,134.5,2415210.799
10,150,3,134.6,2737890.784
10,150,3,134.7,2620552.608
10,150,3,134.8,2718334.422
10,150,3,134.9,2454323.525
10,150,3,135,2855228.961
10,150,3,135.1,2640108.971
10,150,3,135.2,2943232.593
10,150,3,135.3,2649887.152
10,150,3,135.4,2581439.882
10,150,3,135.5,2454323.525
10,150,3,135.6,2649887.152
10,150,3,135.7,2483658.069
10,150,3,135.8,2542327.157
10,150,3,135.9,2190312.628
10,150,3,136,2640108.971
10,150,3,136.1,2239203.534
10,150,3,136.2,2688999.878
10,150,3,136.3,2376098.074
10,150,3,136.4,2571661.701
10,150,3,136.5,2454323.525
10,150,3,136.6,2630330.789
10,150,3,136.7,2288094.441
10,150,3,136.8,2532548.976
10,150,3,136.9,2640108.971
10,150,3,137,2121865.358
10,150,3,137.1,2395654.436
10,150,3,137.2,2346763.53
10,150,3,137.3,2483658.069
10,150,3,137.4,2424988.98
10,150,3,137.5,2512992.613
10,150,3,137.6,2278316.26
10,150,3,137.7,2718334.422
10,150,3,137.8,2346763.53
10,150,3,137.9,2072974.451
10,150,3,138,2356541.711
10,150,3,138.1,2180534.446
10,150,3,138.2,2043639.907
10,150,3,138.3,2346763.53
10,150,3,138.4,2522770.794
10,150,3,138.5,2258759.897
10,150,3,138.6,2473879.887
10,150,3,138.7,2151199.902
10,150,3,138.8,2483658.069
10,150,3,138.9,2532548.976
10,150,3,139,2072974.451
10,150,3,139.1,2180534.446
10,150,3,139.2,1984970.819
10,150,3,139.3,2415210.799
10,150,3,139.4,2366319.892
10,150,3,139.5,2600996.245
10,150,3,139.6,2219647.172
10,150,3,139.7,2248981.716
10,150,3,139.8,2180534.446
10,150,3,139.9,2004527.181
10,150,3,140,1984970.819
10,150,3,140.1,2454323.525
10,150,3,140.2,2102308.995
10,150,3,140.3,2200090.809
10,150,3,140.4,2278316.26
10,150,3,140.5,2307650.804
10,150,3,140.6,2043639.907
10,150,3,140.7,2092530.814
10,150,3,140.8,2024083.544
10,150,3,140.9,2024083.544
10,150,3,141,2112087.177
10,150,3,141.1,2200090.809
10,150,3,141.2,2336985.348
10,150,3,141.3,2004527.181
10,150,3,141.4,2121865.358
10,150,3,141.5,1984970.819
10,150,3,141.6,1945858.093
10,150,3,141.7,2053418.088
10,150,3,141.8,1808963.554
10,150,3,141.9,1779629.01
10,150,3,142,1848076.279
10,150,3,142.1,1857854.461
10,150,3,142.2,1975192.637
10,150,3,142.3,1926301.73
10,150,3,142.4,1887189.005
10,150,3,142.5,1740516.284
10,150,3,142.6,1916523.549
10,150,3,142.7,2072974.451
10,150,3,142.8,1691625.378
10,150,3,142.9,1750294.466
10,150,3,143,2024083.544
10,150,3,143.1,1926301.73
10,150,3,143.2,1593843.564
10,150,3,143.3,1750294.466
10,150,3,143.4,1632956.289
10,150,3,143.5,1857854.461
10,150,3,143.6,1730738.103
10,150,3,143.7,1769850.829
10,150,3,143.8,1740516.284
10,150,3,143.9,1672069.015
10,150,3,144,1916523.549
10,150,3,144.1,1554730.838
10,150,3,144.2,1691625.378
10,150,3,144.3,1388501.755
10,150,3,144.4,1632956.289
10,150,3,144.5,1222272.672
10,150,3,144.6,1642734.471
10,150,3,144.7,1623178.108
10,150,3,144.8,1838298.098
10,150,3,144.9,1447170.843
10,150,3,145,1593843.564
10,150,3,145.1,1349389.029
10,150,3,145.2,1554730.838
10,150,3,145.3,1476505.387
10,150,3,145.4,1593843.564
10,150,3,145.5,1192938.127
10,150,3,145.6,1271163.578
10,150,3,145.7,1359167.211
10,150,3,145.8,1271163.578
10,150,3,145.9,1329832.667
10,150,3,146,1153825.402
10,150,3,146.1,1447170.843
10,150,3,146.2,1378723.574
10,150,3,146.3,1398279.936
10,150,3,146.4,1300498.123
10,150,3,146.5,1163603.583
10,150,3,146.6,1212494.49
10,150,3,146.7,1016930.863
10,150,3,146.8,1320054.485
10,150,3,146.9,1173381.765
10,150,3,147,1271163.578
10,150,3,147.1,1046265.407
10,150,3,147.2,1173381.765
10,150,3,147.3,1056043.588
10,150,3,147.4,1075599.951
10,150,3,147.5,958261.7745
10,150,3,147.6,1202716.309
10,150,3,147.7,977818.1373
10,150,3,147.8,1144047.221
10,150,3,147.9,723585.4216
10,150,3,148,977818.1373
10,150,3,148.1,938705.4118
10,150,3,148.2,948483.5932
10,150,3,148.3,704029.0589
10,150,3,148.4,948483.5932
10,150,3,148.5,840923.5981
10,150,3,148.6,782254.5098
10,150,3,148.7,694250.8775
10,150,3,148.8,655138.152
10,150,3,148.9,616025.4265
10,150,3,149,655138.152
10,150,3,149.1,606247.2451
10,150,3,149.2,674694.5147
10,150,3,149.3,518243.6128
10,150,3,149.4,430239.9804
10,150,3,149.5,488909.0686
10,150,3,149.6,488909.0686
10,150,3,149.7,293345.4412
10,150,3,149.8,440018.1618
10,150,3,149.9,254232.7157
10,150,3,150,48890.90686
10,40,5,4.2,6434.596598
10,40,5,4.3,19303.7898
10,40,5,4.4,25738.38639
10,40,5,4.5,19303.7898
10,40,5,4.6,12869.1932
10,40,5,4.7,51476.77279
10,40,5,4.8,83649.75578
10,40,5,4.9,122257.3354
10,40,5,5,199472.4946
10,40,5,5.1,244514.6707
10,40,5,5.2,270253.0571
10,40,5,5.3,353902.8129
10,40,5,5.4,463290.9551
10,40,5,5.5,553375.3075
10,40,5,5.6,765716.9952
10,40,5,5.7,868670.5408
10,40,5,5.8,1119619.808
10,40,5,5.9,1235442.547
10,40,5,6,1711602.695
10,40,5,6.1,1866033.014
10,40,5,6.2,2207066.633
10,40,5,6.3,2477319.69
10,40,5,6.4,2754007.344
10,40,5,6.5,3030694.998
10,40,5,6.6,3596939.499
10,40,5,6.7,4066665.05
10,40,5,6.8,4060230.454
10,40,5,6.9,4832382.045
10,40,5,7,5051158.33
10,40,5,7.1,5179850.262
10,40,5,7.2,5752529.359
10,40,5,7.3,6357381.439
10,40,5,7.4,15147040.39
10,40,5,7.5,7309701.736
10,40,5,7.6,7863077.043
10,40,5,7.7,8300629.612
10,40,5,7.8,8300629.612
10,40,5,7.9,9207907.732
10,40,5,8,9677633.284
10,40,5,8.1,9722675.46
10,40,5,8.2,10559173.02
10,40,5,8.3,35847137.65
10,40,5,8.4,242268996.5
10,40,5,8.5,12013391.85
10,40,5,8.6,12393033.05
10,40,5,8.7,12740501.26
10,40,5,8.8,16324571.57
10,40,5,8.9,12901366.18
10,40,5,9,13757167.53
10,40,5,9.1,13776471.32
10,40,5,9.2,14329846.62
10,40,5,9.3,14960437.09
10,40,5,9.4,14786702.98
10,40,5,9.5,25706213.41
10,40,5,9.6,20635751.29
10,40,5,9.7,178791701.1
10,40,5,9.8,29168026.38
10,40,5,9.9,25094926.73
10,40,5,10,88816736.85
10,40,5,10.1,18493030.62
10,40,5,10.2,14902525.72
10,40,5,10.3,5282803.807
10,40,5,10.4,5192719.455
10,40,5,10.5,5591664.444
10,40,5,10.6,5675314.2
10,40,5,10.7,5668879.603
10,40,5,10.8,6209385.717
10,40,5,10.9,6447465.792
10,40,5,11,7309701.736
10,40,5,11.1,6627634.496
10,40,5,11.2,7251790.366
10,40,5,11.3,25152838.1
10,40,5,11.4,7631431.566
10,40,5,11.5,7419089.878
10,40,5,11.6,5372888.16
10,40,5,11.7,6145039.751
10,40,5,11.8,5269934.614
10,40,5,11.9,5321411.387
10,40,5,12,5726790.973
10,40,5,12.1,4742297.693
10,40,5,12.2,4291875.931
10,40,5,12.3,4227529.965
10,40,5,12.4,4375525.687
10,40,5,12.5,4613605.761
10,40,5,12.6,4703690.113
10,40,5,12.7,4813078.256
10,40,5,12.8,5160546.472
10,40,5,12.9,5224892.438
10,40,5,13,4993246.96
10,40,5,13.1,5224892.438
10,40,5,13.2,5797571.535
10,40,5,13.3,5520883.881
10,40,5,13.4,5726790.973
10,40,5,13.5,5829744.518
10,40,5,13.6,6196516.524
10,40,5,13.7,6157908.945
10,40,5,13.8,6170778.138
10,40,5,13.9,6466769.581
10,40,5,14,6473204.178
10,40,5,14.1,6453900.388
10,40,5,14.2,7033014.082
10,40,5,14.3,6769195.622
10,40,5,14.4,6904322.15
10,40,5,14.5,7058752.468
10,40,5,14.6,7187444.4
10,40,5,14.7,7238921.173
10,40,5,14.8,7264659.56
10,40,5,14.9,7592823.986
10,40,5,15,7914553.816
10,40,5,15.1,7715081.322
10,40,5,15.2,7772992.691
10,40,5,15.3,8023941.958
10,40,5,15.4,7528478.02
10,40,5,15.5,7830904.06
10,40,5,15.6,7650735.356
10,40,5,15.7,7875946.236
10,40,5,15.8,8159068.487
10,40,5,15.9,8197676.066
10,40,5,16,8242718.243
10,40,5,16.1,7933857.606
10,40,5,16.2,8339237.192
10,40,5,16.3,8776789.76
10,40,5,16.4,8133330.1
10,40,5,16.5,8963393.062
10,40,5,16.6,8969827.658
10,40,5,16.7,9079215.8
10,40,5,16.8,9098519.59
10,40,5,16.9,8937654.675
10,40,5,17,8866874.113
10,40,5,17.1,8866874.113
10,40,5,17.2,8667401.618
10,40,5,17.3,8796093.55
10,40,5,17.4,8899047.096
10,40,5,17.5,8879743.306
10,40,5,17.6,9252949.909
10,40,5,17.7,8763920.567
10,40,5,17.8,9445987.806
10,40,5,17.9,9259384.505
10,40,5,18,9021304.431
10,40,5,18.1,9227211.522
10,40,5,18.2,9297992.085
10,40,5,18.3,8815397.34
10,40,5,18.4,9330165.068
10,40,5,18.5,9471726.193
10,40,5,18.6,9394511.034
10,40,5,18.7,9619721.915
10,40,5,18.8,9278688.295
10,40,5,18.9,9111388.783
10,40,5,19,9510333.772
10,40,5,19.1,9272253.698
10,40,5,19.2,9619721.915
10,40,5,19.3,9285122.892
10,40,5,19.4,9619721.915
10,40,5,19.5,9465291.596
10,40,5,19.6,9510333.772
10,40,5,19.7,9568245.142
10,40,5,19.8,9297992.085
10,40,5,19.9,9664764.091
10,40,5,20,8976262.255
10,40,5,20.1,9368772.647
10,40,5,20.2,9587548.932
10,40,5,20.3,9433118.613
10,40,5,20.4,8911916.289
10,40,5,20.5,9233646.119
10,40,5,20.6,9471726.193
10,40,5,20.7,9445987.806
10,40,5,20.8,9844932.796
10,40,5,20.9,9111388.783
10,40,5,21,9729110.057
10,40,5,21.1,9471726.193
10,40,5,21.2,8989131.448
10,40,5,21.3,8757485.97
10,40,5,21.4,9047042.817
10,40,5,21.5,9343034.261
10,40,5,21.6,9362338.051
10,40,5,21.7,8969827.658
10,40,5,21.8,9220776.926
10,40,5,21.9,8905481.692
10,40,5,22,9426684.017
10,40,5,22.1,9413814.823
10,40,5,22.2,9137127.17
10,40,5,22.3,9079215.8
10,40,5,22.4,8969827.658
10,40,5,22.5,8989131.448
10,40,5,22.6,9343034.261
10,40,5,22.7,8410017.754
10,40,5,22.8,9092084.994
10,40,5,22.9,8551578.879
10,40,5,23,9233646.119
10,40,5,23.1,8944089.272
10,40,5,23.2,8564448.073
10,40,5,23.3,8834701.13
10,40,5,23.4,8590186.459
10,40,5,23.5,8377844.771
10,40,5,23.6,8635228.635
10,40,5,23.7,8937654.675
10,40,5,23.8,7856642.447
10,40,5,23.9,8802528.147
10,40,5,24,8892612.499
10,40,5,24.1,8628794.038
10,40,5,24.2,8500102.107
10,40,5,24.3,8262022.032
10,40,5,24.4,8699574.601
10,40,5,24.5,8455059.93
10,40,5,24.6,8236283.646
10,40,5,24.7,8577317.266
10,40,5,24.8,8210545.26
10,40,5,24.9,8146199.294
10,40,5,25,8081853.328
10,40,5,25.1,7464132.054
10,40,5,25.2,7766558.094
10,40,5,25.3,7978899.782
10,40,5,25.4,8435756.141
10,40,5,25.5,7818034.867
10,40,5,25.6,8300629.612
10,40,5,25.7,8377844.771
10,40,5,25.8,7927423.009
10,40,5,25.9,7914553.816
10,40,5,26,8146199.294
10,40,5,26.1,7612127.776
10,40,5,26.2,7708646.725
10,40,5,26.3,7663604.549
10,40,5,26.4,7940292.202
10,40,5,26.5,7856642.447
10,40,5,26.6,7148836.821
10,40,5,26.7,7618562.373
10,40,5,26.8,7354743.912
10,40,5,26.9,7419089.878
10,40,5,27,7200313.594
10,40,5,27.1,7850207.85
10,40,5,27.2,7599258.583
10,40,5,27.3,7477001.247
10,40,5,27.4,6820672.394
10,40,5,27.5,7663604.549
10,40,5,27.6,7206748.19
10,40,5,27.7,7193878.997
10,40,5,27.8,7116663.838
10,40,5,27.9,7322570.929
10,40,5,28,7142402.224
10,40,5,28.1,6942929.73
10,40,5,28.2,6904322.15
10,40,5,28.3,6698415.059
10,40,5,28.4,6917191.343
10,40,5,28.5,6486073.371
10,40,5,28.6,6595461.513
10,40,5,28.7,6576157.724
10,40,5,28.8,7078056.258
10,40,5,28.9,6820672.394
10,40,5,29,6293035.473
10,40,5,29.1,6634069.093
10,40,5,29.2,6145039.751
10,40,5,29.3,6338077.649
10,40,5,29.4,6164343.541
10,40,5,29.5,6260862.49
10,40,5,29.6,6711284.252
10,40,5,29.7,6357381.439
10,40,5,29.8,6402423.615
10,40,5,29.9,6267297.087
10,40,5,30,6280166.28
10,40,5,30.1,6067824.592
10,40,5,30.2,6209385.717
10,40,5,30.3,6106432.172
10,40,5,30.4,6511811.758
10,40,5,30.5,6486073.371
10,40,5,30.6,6074259.189
10,40,5,30.7,5894090.484
10,40,5,30.8,5906959.677
10,40,5,30.9,5553056.864
10,40,5,31,5578795.251
10,40,5,31.1,5662445.007
10,40,5,31.2,5514449.285
10,40,5,31.3,5572360.654
10,40,5,31.4,5495145.495
10,40,5,31.5,5578795.251
10,40,5,31.6,5488710.898
10,40,5,31.7,5765398.552
10,40,5,31.8,5572360.654
10,40,5,31.9,5694617.99
10,40,5,32,5257065.421
10,40,5,32.1,5154111.875
10,40,5,32.2,5276369.211
10,40,5,32.3,4922466.398
10,40,5,32.4,5257065.421
10,40,5,32.5,4845251.239
10,40,5,32.6,5038289.137
10,40,5,32.7,4993246.96
10,40,5,32.8,5109069.699
10,40,5,32.9,5083331.313
10,40,5,33,4710124.71
10,40,5,33.1,4819512.852
10,40,5,33.2,4529956.005
10,40,5,33.3,4658647.937
10,40,5,33.4,4838816.642
10,40,5,33.5,4645778.744
10,40,5,33.6,4452740.846
10,40,5,33.7,4221095.369
10,40,5,33.8,4401264.073
10,40,5,33.9,4182487.789
10,40,5,34,4285441.335
10,40,5,34.1,4156749.403
10,40,5,34.2,4504217.619
10,40,5,34.3,4291875.931
10,40,5,34.4,3925103.925
10,40,5,34.5,4060230.454
10,40,5,34.6,4015188.277
10,40,5,34.7,4085968.84
10,40,5,34.8,3937973.118
10,40,5,34.9,3957276.908
10,40,5,35,3867192.556
10,40,5,35.1,3661285.465
10,40,5,35.2,3693458.447
10,40,5,35.3,3725631.43
10,40,5,35.4,3674154.658
10,40,5,35.5,3391032.407
10,40,5,35.6,3667720.061
10,40,5,35.7,3416770.794
10,40,5,35.8,3564766.516
10,40,5,35.9,3571201.112
10,40,5,36,3410336.197
10,40,5,36.1,3436074.584
10,40,5,36.2,3178690.72
10,40,5,36.3,2869830.083
10,40,5,36.4,3165821.526
10,40,5,36.5,3191559.913
10,40,5,36.6,3185125.316
10,40,5,36.7,3088606.367
10,40,5,36.8,3101475.56
10,40,5,36.9,3114344.754
10,40,5,37,3062867.981
10,40,5,37.1,2799049.52
10,40,5,37.2,2702530.571
10,40,5,37.3,2599577.026
10,40,5,37.4,2715399.765
10,40,5,37.5,2573838.639
10,40,5,37.6,2689661.378
10,40,5,37.7,2367931.548
10,40,5,37.8,2734703.554
10,40,5,37.9,2573838.639
10,40,5,38,2438712.111
10,40,5,38.1,2348627.758
10,40,5,38.2,2573838.639
10,40,5,38.3,2149155.264
10,40,5,38.4,1943248.173
10,40,5,38.5,1878902.207
10,40,5,38.6,1866033.014
10,40,5,38.7,1840294.627
10,40,5,38.8,1898205.997
10,40,5,38.9,1602214.553
10,40,5,39,1582910.763
10,40,5,39.1,1615083.746
10,40,5,39.2,1518564.797
10,40,5,39.3,1261180.933
10,40,5,39.4,1389872.865
10,40,5,39.5,1126054.405
10,40,5,39.6,1280484.723
10,40,5,39.7,945885.7
10,40,5,39.8,836497.5578
10,40,5,39.9,572679.0973
10,40,5,40,212341.6877
10,80,5,0.3,8582.981189
10,80,5,3.4,17165.96238
10,80,5,3.5,8582.981189
10,80,5,3.6,42914.90594
10,80,5,3.7,34331.92475
10,80,5,3.8,60080.86832
10,80,5,3.9,68663.84951
10,80,5,4,111578.7555
10,80,5,4.1,171659.6238
10,80,5,4.2,274655.398
10,80,5,4.3,308987.3228
10,80,5,4.4,351902.2287
10,80,5,4.5,635140.608
10,80,5,4.6,703804.4575
10,80,5,4.7,1004208.799
10,80,5,4.8,1278864.197
10,80,5,4.9,1630766.426
10,80,5,5,1956919.711
10,80,5,5.1,2300238.959
10,80,5,5.2,2626392.244
10,80,5,5.3,3046958.322
10,80,5,5.4,3810843.648
10,80,5,5.5,4265741.651
10,80,5,5.6,4840801.39
10,80,5,5.7,5441610.074
10,80,5,5.8,6111082.606
10,80,5,5.9,7329865.935
10,80,5,6,7801929.901
10,80,5,6.1,9115126.022
10,80,5,6.2,9587189.988
10,80,5,6.3,10720143.5
10,80,5,6.4,11638522.49
10,80,5,6.5,12780058.99
10,80,5,6.6,14282080.7
10,80,5,6.7,15766936.44
10,80,5,6.8,16814060.15
10,80,5,6.9,17526447.59
10,80,5,7,18444826.57
10,80,5,7.1,19697941.83
10,80,5,7.2,20556239.95
10,80,5,7.3,21388789.12
10,80,5,7.4,65737052.92
10,80,5,7.5,24890645.45
10,80,5,7.6,26066513.87
10,80,5,7.7,25929186.17
10,80,5,7.8,27439790.86
10,80,5,7.9,28864565.74
10,80,5,8,29259382.87
10,80,5,8.1,31053225.94
10,80,5,8.2,31199136.62
10,80,5,8.3,151558281.8
10,80,5,8.4,1088931406
10,80,5,8.5,35104393.06
10,80,5,8.6,35791031.56
10,80,5,8.7,36803823.34
10,80,5,8.8,52733836.42
10,80,5,8.9,38039772.63
10,80,5,9,37318802.21
10,80,5,9.1,39258555.96
10,80,5,9.2,41078147.97
10,80,5,9.3,42176769.56
10,80,5,9.4,41249807.59
10,80,5,9.5,88095718.92
10,80,5,9.6,64423856.8
10,80,5,9.7,764202896.1
10,80,5,9.8,103905570.3
10,80,5,9.9,78474197.01
10,80,5,10,346632278.3
10,80,5,10.1,51454972.23
10,80,5,10.2,48734167.19
10,80,5,10.3,19517699.22
10,80,5,10.4,18642235.14
10,80,5,10.5,19594946.05
10,80,5,10.6,20513325.04
10,80,5,10.7,20410329.27
10,80,5,10.8,20890976.21
10,80,5,10.9,21740691.35
10,80,5,11,25620198.85
10,80,5,11.1,22847895.92
10,80,5,11.2,23586032.31
10,80,5,11.3,111716083.2
10,80,5,11.4,23774857.89
10,80,5,11.5,25757526.55
10,80,5,11.6,23251296.04
10,80,5,11.7,25345543.45
10,80,5,11.8,18479158.5
10,80,5,11.9,18256000.99
10,80,5,12,20616320.82
10,80,5,12.1,16771145.24
10,80,5,12.2,15243374.59
10,80,5,12.3,15621025.76
10,80,5,12.4,16419243.01
10,80,5,12.5,16788311.21
10,80,5,12.6,17646609.32
10,80,5,12.7,17474949.7
10,80,5,12.8,18050009.44
10,80,5,12.9,18891141.6
10,80,5,13,18547822.35
10,80,5,13.1,18865392.65
10,80,5,13.2,18805311.78
10,80,5,13.3,18693733.03
10,80,5,13.4,19835269.53
10,80,5,13.5,19758022.7
10,80,5,13.6,20933891.12
10,80,5,13.7,20770814.48
10,80,5,13.8,20693567.65
10,80,5,13.9,20710733.61
10,80,5,14,21448869.99
10,80,5,14.1,20727899.57
10,80,5,14.2,22521742.64
10,80,5,14.3,22830729.96
10,80,5,14.4,21723525.39
10,80,5,14.5,22195589.35
10,80,5,14.6,22238504.26
10,80,5,14.7,23663279.14
10,80,5,14.8,22727734.19
10,80,5,14.9,23010972.57
10,80,5,15,23431538.65
10,80,5,15.1,23105385.36
10,80,5,15.2,24298419.75
10,80,5,15.3,23963683.48
10,80,5,15.4,23989432.42
10,80,5,15.5,24384249.56
10,80,5,15.6,25019390.17
10,80,5,15.7,24452913.41
10,80,5,15.8,24530160.24
10,80,5,15.9,25199632.77
10,80,5,16,24830564.58
10,80,5,16.1,25594449.9
10,80,5,16.2,25414207.3
10,80,5,16.3,25233964.69
10,80,5,16.4,25791858.47
10,80,5,16.5,25603032.89
10,80,5,16.6,26624407.65
10,80,5,16.7,26298254.36
10,80,5,16.8,26358335.23
10,80,5,16.9,26658739.57
10,80,5,17,25706028.66
10,80,5,17.1,26529994.85
10,80,5,17.2,26512828.89
10,80,5,17.3,26263922.44
10,80,5,17.4,26298254.36
10,80,5,17.5,26924811.99
10,80,5,17.6,27002058.82
10,80,5,17.7,26452748.02
10,80,5,17.8,27259548.26
10,80,5,17.9,26727403.42
10,80,5,18,26341169.27
10,80,5,18.1,26701654.48
10,80,5,18.2,27508454.71
10,80,5,18.3,26375501.19
10,80,5,18.4,26341169.27
10,80,5,18.5,27542786.63
10,80,5,18.6,27208050.37
10,80,5,18.7,27182301.42
10,80,5,18.8,28049182.52
10,80,5,18.9,27920437.81
10,80,5,19,26796067.27
10,80,5,19.1,26298254.36
10,80,5,19.2,27311046.14
10,80,5,19.3,27474122.79
10,80,5,19.4,27233799.31
10,80,5,19.5,27079305.65
10,80,5,19.6,28023433.58
10,80,5,19.7,26564326.78
10,80,5,19.8,27491288.75
10,80,5,19.9,27371127.01
10,80,5,20,26796067.27
10,80,5,20.1,27053556.71
10,80,5,20.2,27680114.33
10,80,5,20.3,27508454.71
10,80,5,20.4,27568535.58
10,80,5,20.5,27508454.71
10,80,5,20.6,27705863.28
10,80,5,20.7,27053556.71
10,80,5,20.8,28057765.51
10,80,5,20.9,27044973.73
10,80,5,21,26735986.4
10,80,5,21.1,25929186.17
10,80,5,21.2,27070722.67
10,80,5,21.3,26667322.55
10,80,5,21.4,26976309.88
10,80,5,21.5,26487079.95
10,80,5,21.6,27353961.05
10,80,5,21.7,26744569.38
10,80,5,21.8,26281088.4
10,80,5,21.9,26813233.23
10,80,5,22,26504245.91
10,80,5,22.1,26118011.76
10,80,5,22.2,26675905.53
10,80,5,22.3,26349752.25
10,80,5,22.4,26684488.52
10,80,5,22.5,25757526.55
10,80,5,22.6,25817607.42
10,80,5,22.7,26306837.34
10,80,5,22.8,25851939.34
10,80,5,22.9,25740360.58
10,80,5,23,26281088.4
10,80,5,23.1,25551535
10,80,5,23.2,26040764.93
10,80,5,23.3,25791858.47
10,80,5,23.4,25251130.66
10,80,5,23.5,26272505.42
10,80,5,23.6,26607241.69
10,80,5,23.7,25877688.28
10,80,5,23.8,25233964.69
10,80,5,23.9,25225381.71
10,80,5,24,25045139.11
10,80,5,24.1,24796232.65
10,80,5,24.2,24976475.26
10,80,5,24.3,25834773.38
10,80,5,24.4,24856313.52
10,80,5,24.5,25654530.77
10,80,5,24.6,24375666.58
10,80,5,24.7,24332751.67
10,80,5,24.8,24736151.79
10,80,5,24.9,24161092.05
10,80,5,25,25139551.9
10,80,5,25.1,24993641.22
10,80,5,25.2,23946517.52
10,80,5,25.3,25079471.03
10,80,5,25.4,24315585.71
10,80,5,25.5,24581658.12
10,80,5,25.6,24289836.76
10,80,5,25.7,24015181.37
10,80,5,25.8,24650321.97
10,80,5,25.9,24367083.59
10,80,5,26,24204006.95
10,80,5,26.1,24418581.48
10,80,5,26.2,24152509.07
10,80,5,26.3,23165466.23
10,80,5,26.4,23191215.17
10,80,5,26.5,24538743.22
10,80,5,26.6,24075262.23
10,80,5,26.7,23749108.95
10,80,5,26.8,23568866.34
10,80,5,26.9,23500202.49
10,80,5,27,23174049.21
10,80,5,27.1,23714777.02
10,80,5,27.2,22933725.74
10,80,5,27.3,23474453.55
10,80,5,27.4,23491619.51
10,80,5,27.5,22968057.66
10,80,5,27.6,22607572.45
10,80,5,27.7,23508785.48
10,80,5,27.8,22272836.18
10,80,5,27.9,22847895.92
10,80,5,28,23079636.42
10,80,5,28.1,22710568.23
10,80,5,28.2,23191215.17
10,80,5,28.3,22470244.75
10,80,5,28.4,22916559.77
10,80,5,28.5,22925142.76
10,80,5,28.6,22968057.66
10,80,5,28.7,21998180.79
10,80,5,28.8,21045469.87
10,80,5,28.9,22255670.22
10,80,5,29,22229921.28
10,80,5,29.1,21792189.24
10,80,5,29.2,22187006.37
10,80,5,29.3,22204172.34
10,80,5,29.4,21251461.42
10,80,5,29.5,21268627.39
10,80,5,29.6,21637695.58
10,80,5,29.7,21328708.25
10,80,5,29.8,20951057.08
10,80,5,29.9,20650652.74
10,80,5,30,22187006.37
10,80,5,30.1,20968223.04
10,80,5,30.2,21448869.99
10,80,5,30.3,19964014.24
10,80,5,30.4,20084175.98
10,80,5,30.5,20770814.48
10,80,5,30.6,21234295.46
10,80,5,30.7,20024095.11
10,80,5,30.8,20787980.44
10,80,5,30.9,20779397.46
10,80,5,31,20324499.45
10,80,5,31.1,19740856.73
10,80,5,31.2,19517699.22
10,80,5,31.3,20590571.87
10,80,5,31.4,19989763.19
10,80,5,31.5,19629277.98
10,80,5,31.6,19148631.03
10,80,5,31.7,20144256.85
10,80,5,31.8,19320290.66
10,80,5,31.9,20367414.36
10,80,5,32,19243043.83
10,80,5,32.1,19680775.87
10,80,5,32.2,19397537.49
10,80,5,32.3,18831060.73
10,80,5,32.4,19423286.43
10,80,5,32.5,19517699.22
10,80,5,32.6,19328873.64
10,80,5,32.7,19328873.64
10,80,5,32.8,19285958.73
10,80,5,32.9,19157214.01
10,80,5,33,18728064.95
10,80,5,33.1,17955596.65
10,80,5,33.2,18341830.8
10,80,5,33.3,18564988.31
10,80,5,33.4,18616486.2
10,80,5,33.5,18625069.18
10,80,5,33.6,18650818.12
10,80,5,33.7,18307498.88
10,80,5,33.8,18461992.54
10,80,5,33.9,18487741.48
10,80,5,34,18616486.2
10,80,5,34.1,18221669.06
10,80,5,34.2,18547822.35
10,80,5,34.3,17689524.23
10,80,5,34.4,18453409.56
10,80,5,34.5,18058592.42
10,80,5,34.6,18410494.65
10,80,5,34.7,17629443.36
10,80,5,34.8,17775354.04
10,80,5,34.9,18187337.14
10,80,5,35,18084341.36
10,80,5,35.1,17500698.64
10,80,5,35.2,17337622
10,80,5,35.3,17526447.59
10,80,5,35.4,16384911.09
10,80,5,35.5,16874141.02
10,80,5,35.6,16779728.22
10,80,5,35.7,16582319.66
10,80,5,35.8,16711064.37
10,80,5,35.9,16856975.05
10,80,5,36,17080132.57
10,80,5,36.1,16779728.22
10,80,5,36.2,16307664.26
10,80,5,36.3,16530821.77
10,80,5,36.4,16453574.94
10,80,5,36.5,17020051.7
10,80,5,36.6,17371953.93
10,80,5,36.7,16015842.9
10,80,5,36.8,16547987.73
10,80,5,36.9,15904264.14
10,80,5,37,16925638.9
10,80,5,37.1,16230417.43
10,80,5,37.2,16384911.09
10,80,5,37.3,16170336.56
10,80,5,37.4,16402077.05
10,80,5,37.5,15689689.61
10,80,5,37.6,15552361.91
10,80,5,37.7,15612442.78
10,80,5,37.8,15955762.03
10,80,5,37.9,16058757.8
10,80,5,38,15312038.44
10,80,5,38.1,16427826
10,80,5,38.2,15732604.52
10,80,5,38.3,15260540.55
10,80,5,38.4,15380702.29
10,80,5,38.5,15346370.37
10,80,5,38.6,14771310.63
10,80,5,38.7,15766936.44
10,80,5,38.8,14573902.06
10,80,5,38.9,15449366.14
10,80,5,39,15200459.69
10,80,5,39.1,15148961.8
10,80,5,39.2,14831391.49
10,80,5,39.3,14659731.87
10,80,5,39.4,15003051.12
10,80,5,39.5,15260540.55
10,80,5,39.6,14299246.66
10,80,5,39.7,14273497.72
10,80,5,39.8,14565319.08
10,80,5,39.9,15063131.99
10,80,5,40,14625399.95
10,80,5,40.1,14376493.49
10,80,5,40.2,14050340.21
10,80,5,40.3,13509612.39
10,80,5,40.4,13998842.32
10,80,5,40.5,14702646.78
10,80,5,40.6,14385076.47
10,80,5,40.7,13638357.11
10,80,5,40.8,14324995.6
10,80,5,40.9,14427991.38
10,80,5,41,14213416.85
10,80,5,41.1,13913012.51
10,80,5,41.2,13664106.05
10,80,5,41.3,13346535.75
10,80,5,41.4,13784267.79
10,80,5,41.5,14290663.68
10,80,5,41.6,13852931.64
10,80,5,41.7,13621191.15
10,80,5,41.8,13157710.16
10,80,5,41.9,13646940.09
10,80,5,42,13526778.35
10,80,5,42.1,13415199.6
10,80,5,42.2,13217791.03
10,80,5,42.3,13595442.2
10,80,5,42.4,12659897.25
10,80,5,42.5,12857305.82
10,80,5,42.6,12960301.59
10,80,5,42.7,13277871.9
10,80,5,42.8,12754310.05
10,80,5,42.9,12848722.84
10,80,5,43,12685646.2
10,80,5,43.1,12848722.84
10,80,5,43.2,13286454.88
10,80,5,43.3,12659897.25
10,80,5,43.4,12668480.23
10,80,5,43.5,12342326.95
10,80,5,43.6,13106212.28
10,80,5,43.7,12024756.65
10,80,5,43.8,12805807.93
10,80,5,43.9,12599816.39
10,80,5,44,12436739.74
10,80,5,44.1,12342326.95
10,80,5,44.2,11801599.13
10,80,5,44.3,11449696.91
10,80,5,44.4,11389616.04
10,80,5,44.5,12479654.65
10,80,5,44.6,12084837.51
10,80,5,44.7,12136335.4
10,80,5,44.8,12119169.44
10,80,5,44.9,12041922.61
10,80,5,45,11810182.12
10,80,5,45.1,11964675.78
10,80,5,45.2,12033339.63
10,80,5,45.3,11080628.71
10,80,5,45.4,11398199.02
10,80,5,45.5,11552692.68
10,80,5,45.6,11938926.83
10,80,5,45.7,11655688.45
10,80,5,45.8,11595607.59
10,80,5,45.9,11612773.55
10,80,5,46,11690020.38
10,80,5,46.1,11707186.34
10,80,5,46.2,11432530.94
10,80,5,46.3,11166458.53
10,80,5,46.4,10660062.64
10,80,5,46.5,11363867.09
10,80,5,46.6,11320952.19
10,80,5,46.7,11063462.75
10,80,5,46.8,10797390.34
10,80,5,46.9,11114960.64
10,80,5,47,10874637.17
10,80,5,47.1,10591398.79
10,80,5,47.2,10831722.26
10,80,5,47.3,11200790.45
10,80,5,47.4,10351075.31
10,80,5,47.5,10548483.88
10,80,5,47.6,10531317.92
10,80,5,47.7,10797390.34
10,80,5,47.8,10805973.32
10,80,5,47.9,10840305.24
10,80,5,48,10471237.05
10,80,5,48.1,10857471.2
10,80,5,48.2,10720143.5
10,80,5,48.3,10608564.75
10,80,5,48.4,10170832.71
10,80,5,48.5,9964841.16
10,80,5,48.6,10119334.82
10,80,5,48.7,10102168.86
10,80,5,48.8,11114960.64
10,80,5,48.9,9921926.254
10,80,5,49,10265245.5
10,80,5,49.1,9758849.612
10,80,5,49.2,10102168.86
10,80,5,49.3,10110751.84
10,80,5,49.4,10076419.92
10,80,5,49.5,9724517.687
10,80,5,49.6,9818930.48
10,80,5,49.7,9921926.254
10,80,5,49.8,9681602.781
10,80,5,49.9,10016339.05
10,80,5,50,9990590.104
10,80,5,50.1,9767432.593
10,80,5,50.2,9475611.232
10,80,5,50.3,9432696.326
10,80,5,50.4,9913343.273
10,80,5,50.5,9552858.063
10,80,5,50.6,9647270.856
10,80,5,50.7,9432696.326
10,80,5,50.8,9467028.251
10,80,5,50.9,9278202.665
10,80,5,51,9527109.119
10,80,5,51.1,9784598.555
10,80,5,51.2,9432696.326
10,80,5,51.3,9467028.251
10,80,5,51.4,9003547.267
10,80,5,51.5,9604355.95
10,80,5,51.6,9226704.778
10,80,5,51.7,8857636.587
10,80,5,51.8,9158040.928
10,80,5,51.9,9003547.267
10,80,5,52,9115126.022
10,80,5,52.1,8325491.753
10,80,5,52.2,8909134.474
10,80,5,52.3,8969215.342
10,80,5,52.4,8883385.53
10,80,5,52.5,8153832.129
10,80,5,52.6,8316908.772
10,80,5,52.7,8874802.549
10,80,5,52.8,8969215.342
10,80,5,52.9,8565815.226
10,80,5,53,8273993.866
10,80,5,53.1,8883385.53
10,80,5,53.2,8153832.129
10,80,5,53.3,8239661.941
10,80,5,53.4,8514317.339
10,80,5,53.5,8325491.753
10,80,5,53.6,8385572.621
10,80,5,53.7,8531483.302
10,80,5,53.8,8273993.866
10,80,5,53.9,8582981.189
10,80,5,54,8582981.189
10,80,5,54.1,8273993.866
10,80,5,54.2,8076585.299
10,80,5,54.3,8033670.393
10,80,5,54.4,8145249.148
10,80,5,54.5,8471402.433
10,80,5,54.6,7450027.672
10,80,5,54.7,8428487.527
10,80,5,54.8,8093751.261
10,80,5,54.9,7990755.487
10,80,5,55,7827678.844
10,80,5,55.1,7887759.712
10,80,5,55.2,7982172.506
10,80,5,55.3,7638853.258
10,80,5,55.4,7819095.863
10,80,5,55.5,7913508.656
10,80,5,55.6,7673185.183
10,80,5,55.7,7613104.314
10,80,5,55.8,7389946.803
10,80,5,55.9,8059419.336
10,80,5,56,7776180.957
10,80,5,56.1,7698934.126
10,80,5,56.2,7355614.879
10,80,5,56.3,8085168.28
10,80,5,56.4,7793346.919
10,80,5,56.5,7141040.349
10,80,5,56.6,7810512.882
10,80,5,56.7,7613104.314
10,80,5,56.8,7441444.691
10,80,5,56.9,7269785.067
10,80,5,57,7621687.296
10,80,5,57.1,7046627.556
10,80,5,57.2,7492942.578
10,80,5,57.3,7055210.537
10,80,5,57.4,6866384.951
10,80,5,57.5,6909299.857
10,80,5,57.6,6849218.989
10,80,5,57.7,7183955.255
10,80,5,57.8,7269785.067
10,80,5,57.9,7158206.311
10,80,5,58,6926465.819
10,80,5,58.1,13586859.22
10,80,5,58.2,7501525.559
10,80,5,58.3,6729057.252
10,80,5,58.4,6823470.045
10,80,5,58.5,7398529.785
10,80,5,58.6,6900716.876
10,80,5,58.7,6600312.534
10,80,5,58.8,6557397.628
10,80,5,58.9,6694725.327
10,80,5,59,7020878.612
10,80,5,59.1,6626061.478
10,80,5,59.2,6514482.722
10,80,5,59.3,6857801.97
10,80,5,59.4,6222661.362
10,80,5,59.5,18470575.52
10,80,5,59.6,6162580.493
10,80,5,59.7,6239827.324
10,80,5,59.8,6231244.343
10,80,5,59.9,6892133.895
10,80,5,60,6729057.252
10,80,5,60.1,6462984.835
10,80,5,60.2,6025252.794
10,80,5,60.3,6171163.475
10,80,5,60.4,6102499.625
10,80,5,60.5,5973754.907
10,80,5,60.6,6153997.512
10,80,5,60.7,6523065.703
10,80,5,60.8,6205495.399
10,80,5,60.9,6497316.76
10,80,5,61,6308491.174
10,80,5,61.1,6093916.644
10,80,5,61.2,6317074.155
10,80,5,61.3,5759180.378
10,80,5,61.4,6025252.794
10,80,5,61.5,6351406.08
10,80,5,61.6,6222661.362
10,80,5,61.7,5948005.964
10,80,5,61.8,5982337.889
10,80,5,61.9,6325657.136
10,80,5,62,5699099.509
10,80,5,62.1,5664767.585
10,80,5,62.2,6016669.813
10,80,5,62.3,5510273.923
10,80,5,62.4,5630435.66
10,80,5,62.5,5716265.472
10,80,5,62.6,5767763.359
10,80,5,62.7,5922257.02
10,80,5,62.8,5673350.566
10,80,5,62.9,5922257.02
10,80,5,63,5415861.13
10,80,5,63.1,5312865.356
10,80,5,63.2,5647601.622
10,80,5,63.3,5493107.961
10,80,5,63.4,5098290.826
10,80,5,63.5,5475941.998
10,80,5,63.6,5115456.788
10,80,5,63.7,5621852.679
10,80,5,63.8,5209869.582
10,80,5,63.9,5690516.528
10,80,5,64,5124039.77
10,80,5,64.1,5347197.281
10,80,5,64.2,5278533.431
10,80,5,64.3,5261367.469
10,80,5,64.4,5021043.995
10,80,5,64.5,5312865.356
10,80,5,64.6,5330031.318
10,80,5,64.7,4892299.278
10,80,5,64.8,5124039.77
10,80,5,64.9,5115456.788
10,80,5,65,5115456.788
10,80,5,65.1,5038209.958
10,80,5,65.2,5175537.657
10,80,5,65.3,5175537.657
10,80,5,65.4,4797886.484
10,80,5,65.5,5398695.168
10,80,5,65.6,5141205.732
10,80,5,65.7,5063958.901
10,80,5,65.8,4651975.804
10,80,5,65.9,4849384.372
10,80,5,66,4772137.541
10,80,5,66.1,4840801.39
10,80,5,66.2,4643392.823
10,80,5,66.3,4651975.804
10,80,5,66.4,5441610.074
10,80,5,66.5,4454567.237
10,80,5,66.6,4557563.011
10,80,5,66.7,4488899.162
10,80,5,66.8,4257158.67
10,80,5,66.9,4669141.767
10,80,5,67,4531814.068
10,80,5,67.1,5647601.622
10,80,5,67.2,4566145.992
10,80,5,67.3,4214243.764
10,80,5,67.4,6926465.819
10,80,5,67.5,4300073.576
10,80,5,67.6,4317239.538
10,80,5,67.7,4179911.839
10,80,5,67.8,4420235.312
10,80,5,67.9,4231409.726
10,80,5,68,4377320.406
10,80,5,68.1,4042584.14
10,80,5,68.2,3853758.554
10,80,5,68.3,4179911.839
10,80,5,68.4,4300073.576
10,80,5,68.5,4076916.065
10,80,5,68.6,3965337.309
10,80,5,68.7,4454567.237
10,80,5,68.8,4317239.538
10,80,5,68.9,4214243.764
10,80,5,69,3991086.253
10,80,5,69.1,4111247.989
10,80,5,69.2,4300073.576
10,80,5,69.3,4806469.466
10,80,5,69.4,4042584.14
10,80,5,69.5,4111247.989
10,80,5,69.6,3364528.626
10,80,5,69.7,3776511.723
10,80,5,69.8,3433192.475
10,80,5,69.9,3235783.908
10,80,5,70,3450358.438
10,80,5,70.1,3398860.551
10,80,5,70.2,3476107.381
10,80,5,70.3,3441775.457
10,80,5,70.4,3484690.363
10,80,5,70.5,3330196.701
10,80,5,70.6,3441775.457
10,80,5,70.7,3064124.284
10,80,5,70.8,3519022.287
10,80,5,70.9,3381694.588
10,80,5,71,3407443.532
10,80,5,71.1,3510439.306
10,80,5,71.2,3347362.664
10,80,5,71.3,3124205.153
10,80,5,71.4,3089873.228
10,80,5,71.5,3313030.739
10,80,5,71.6,3244366.889
10,80,5,71.7,3004043.416
10,80,5,71.8,3218617.946
10,80,5,71.9,2858132.736
10,80,5,72,2995460.435
10,80,5,72.1,2866715.717
10,80,5,72.2,3098456.209
10,80,5,72.3,3278698.814
10,80,5,72.4,3132788.134
10,80,5,72.5,3012626.397
10,80,5,72.6,2849549.755
10,80,5,72.7,2875298.698
10,80,5,72.8,2969711.491
10,80,5,72.9,3038375.341
10,80,5,73,2798051.868
10,80,5,73.1,2901047.642
10,80,5,73.2,2772302.924
10,80,5,73.3,2892464.661
10,80,5,73.4,2823800.811
10,80,5,73.5,2849549.755
10,80,5,73.6,2411817.714
10,80,5,73.7,2463315.601
10,80,5,73.8,2755136.962
10,80,5,73.9,2463315.601
10,80,5,74,2497647.526
10,80,5,74.1,2583477.338
10,80,5,74.2,2446149.639
10,80,5,74.3,2454732.62
10,80,5,74.4,2506230.507
10,80,5,74.5,2137162.316
10,80,5,74.6,2557728.394
10,80,5,74.7,2368902.808
10,80,5,74.8,2583477.338
10,80,5,74.9,2325987.902
10,80,5,75,2523396.469
10,80,5,75.1,2592060.319
10,80,5,75.2,2377485.789
10,80,5,75.3,2094247.41
10,80,5,75.4,2257324.053
10,80,5,75.5,2137162.316
10,80,5,75.6,2317404.921
10,80,5,75.7,2291655.977
10,80,5,75.8,2437566.658
10,80,5,75.9,1974085.673
10,80,5,76,2077081.448
10,80,5,76.1,1750928.162
10,80,5,76.2,2059915.485
10,80,5,76.3,1948336.73
10,80,5,76.4,1965502.692
10,80,5,76.5,1991251.636
10,80,5,76.6,1759511.144
10,80,5,76.7,1965502.692
10,80,5,76.8,1742345.181
10,80,5,76.9,1750928.162
10,80,5,77,1639349.407
10,80,5,77.1,1768094.125
10,80,5,77.2,1605017.482
10,80,5,77.3,1690847.294
10,80,5,77.4,1699430.275
10,80,5,77.5,1450523.821
10,80,5,77.6,1536353.633
10,80,5,77.7,1459106.802
10,80,5,77.8,1441940.84
10,80,5,77.9,1562102.576
10,80,5,78,1296030.159
10,80,5,78.1,1381859.971
10,80,5,78.2,1381859.971
10,80,5,78.3,1304613.141
10,80,5,78.4,1287447.178
10,80,5,78.5,1184451.404
10,80,5,78.6,1184451.404
10,80,5,78.7,1218783.329
10,80,5,78.8,1381859.971
10,80,5,78.9,858298.1189
10,80,5,79,875464.0812
10,80,5,79.1,1012791.78
10,80,5,79.2,952710.9119
10,80,5,79.3,815383.2129
10,80,5,79.4,789634.2694
10,80,5,79.5,772468.307
10,80,5,79.6,652306.5703
10,80,5,79.7,549310.7961
10,80,5,79.8,472063.9654
10,80,5,79.9,334736.2664
10,80,5,80,111578.7555
10,150,5,3,13144.03778
10,150,5,3.1,39432.11333
10,150,5,3.2,65720.18888
10,150,5,3.3,210304.6044
10,150,5,3.4,236592.68
10,150,5,3.5,289168.8311
10,150,5,3.6,762354.191
10,150,5,3.7,959514.7576
10,150,5,3.8,1248683.589
10,150,5,3.9,1879597.402
10,150,5,4,2063613.931
10,150,5,4.1,2957408.499
10,150,5,4.2,3654042.502
10,150,5,4.3,4350676.504
10,150,5,4.4,5086742.619
10,150,5,4.5,5783376.621
10,150,5,4.6,7018916.172
10,150,5,4.7,8425328.214
10,150,5,4.8,8859081.46
10,150,5,4.9,10607238.48
10,150,5,5,12079370.72
10,150,5,5.1,14064120.42
10,150,5,5.2,15431100.35
10,150,5,5.3,17350129.86
10,150,5,5.4,18441085
10,150,5,5.5,20662427.38
10,150,5,5.6,22358008.26
10,150,5,5.7,23409531.28
10,150,5,5.8,26564100.34
10,150,5,5.9,27352742.61
10,150,5,6,28916883.11
10,150,5,6.1,31282809.9
10,150,5,6.2,34187642.25
10,150,5,6.3,34673971.65
10,150,5,6.4,37421075.55
10,150,5,6.5,38222861.85
10,150,5,6.6,41180270.35
10,150,5,6.7,42560394.32
10,150,5,6.8,45031473.42
10,150,5,6.9,48120322.29
10,150,5,7,48711803.99
10,150,5,7.1,49960487.58
10,150,5,7.2,53693394.31
10,150,5,7.3,54850069.64
10,150,5,7.4,169650095.6
10,150,5,7.5,56782243.19
10,150,5,7.6,60594014.14
10,150,5,7.7,61422088.52
10,150,5,7.8,60633446.26
10,150,5,7.9,65273291.59
10,150,5,8,65825341.18
10,150,5,8.1,66377390.76
10,150,5,8.2,66719135.75
10,150,5,8.3,356058839.3
10,150,5,8.4,2579425405
10,150,5,8.5,70570338.81
10,150,5,8.6,73278010.6
10,150,5,8.7,75210184.15
10,150,5,8.8,111816329.4
10,150,5,8.9,76616596.19
10,150,5,9,77010917.32
10,150,5,9.1,78115016.5
10,150,5,9.2,79666012.96
10,150,5,9.3,81282729.6
10,150,5,9.4,80441511.18
10,150,5,9.5,183661639.8
10,150,5,9.6,131322081.4
10,150,5,9.7,1678165023
10,150,5,9.8,215667371.8
10,150,5,9.9,161776816.9
10,150,5,10,728994623.1
10,150,5,10.1,93598693
10,150,5,10.2,96004051.91
10,150,5,10.3,50446816.98
10,150,5,10.4,49421582.03
10,150,5,10.5,51458907.89
10,150,5,10.6,50604545.43
10,150,5,10.7,52142397.85
10,150,5,10.8,52221262.08
10,150,5,10.9,51038298.68
10,150,5,11,60764886.63
10,150,5,11.1,54153435.63
10,150,5,11.2,54021995.26
10,150,5,11.3,284029512.3
10,150,5,11.4,54219155.82
10,150,5,11.5,59936812.25
10,150,5,11.6,64918402.57
10,150,5,11.7,67192321.11
10,150,5,11.8,46687622.18
10,150,5,11.9,46069852.4
10,150,5,12,52484142.84
10,150,5,12.1,45596667.04
10,150,5,12.2,42113497.03
10,150,5,12.3,43086155.83
10,150,5,12.4,43243884.28
10,150,5,12.5,43112443.9
10,150,5,12.6,44571432.1
10,150,5,12.7,45162913.8
10,150,5,12.8,43388468.7
10,150,5,12.9,45859547.8
10,150,5,13,44808024.78
10,150,5,13.1,45833259.72
10,150,5,13.2,46306445.08
10,150,5,13.3,46056708.36
10,150,5,13.4,45202345.91
10,150,5,13.5,46556181.8
10,150,5,13.6,48146610.37
10,150,5,13.7,47699713.09
10,150,5,13.8,46227580.86
10,150,5,13.9,46792774.48
10,150,5,14,48080890.18
10,150,5,14.1,48067746.14
10,150,5,14.2,48291194.79
10,150,5,14.3,48159754.41
10,150,5,14.4,48028314.03
10,150,5,14.5,49513590.3
10,150,5,14.6,48856388.41
10,150,5,14.7,49487302.22
10,150,5,14.8,47555128.67
10,150,5,14.9,49224421.47
10,150,5,15,49382149.92
10,150,5,15.1,49461014.15
10,150,5,15.2,50604545.43
10,150,5,15.3,50367952.75
10,150,5,15.4,49355861.85
10,150,5,15.5,50420528.91
10,150,5,15.6,49986775.66
10,150,5,15.7,50696553.7
10,150,5,15.8,51445763.85
10,150,5,15.9,50985722.53
10,150,5,16,51458907.89
10,150,5,16.1,51577204.23
10,150,5,16.2,50328520.64
10,150,5,16.3,51511484.04
10,150,5,16.4,50906858.3
10,150,5,16.5,50381096.79
10,150,5,16.6,51090874.83
10,150,5,16.7,49119269.17
10,150,5,16.8,50920002.34
10,150,5,16.9,51419475.78
10,150,5,17,50880570.23
10,150,5,17.1,51761220.76
10,150,5,17.2,51997813.44
10,150,5,17.3,49513590.3
10,150,5,17.4,51156595.02
10,150,5,17.5,51918949.21
10,150,5,17.6,51813796.91
10,150,5,17.7,51590348.27
10,150,5,17.8,50565113.32
10,150,5,17.9,51156595.02
10,150,5,18,51104018.87
10,150,5,18.1,51340611.55
10,150,5,18.2,51813796.91
10,150,5,18.3,52168685.93
10,150,5,18.4,51090874.83
10,150,5,18.5,52628727.25
10,150,5,18.6,51064586.76
10,150,5,18.7,51130306.95
10,150,5,18.8,50814850.04
10,150,5,18.9,51853229.02
10,150,5,19,51248603.29
10,150,5,19.1,49474158.19
10,150,5,19.2,50459961.02
10,150,5,19.3,51932093.25
10,150,5,19.4,50775417.93
10,150,5,19.5,50394240.83
10,150,5,19.6,51840084.99
10,150,5,19.7,51498340
10,150,5,19.8,51301179.44
10,150,5,19.9,50407384.87
10,150,5,20,50959434.45
10,150,5,20.1,49829047.21
10,150,5,20.2,49184989.35
10,150,5,20.3,51012010.61
10,150,5,20.4,50302232.57
10,150,5,20.5,50394240.83
10,150,5,20.6,50617689.47
10,150,5,20.7,49171845.32
10,150,5,20.8,48409491.13
10,150,5,20.9,49369005.88
10,150,5,21,50249656.41
10,150,5,21.1,48291194.79
10,150,5,21.2,49369005.88
10,150,5,21.3,48632939.77
10,150,5,21.4,49053548.98
10,150,5,21.5,48646083.81
10,150,5,21.6,47423688.29
10,150,5,21.7,47910017.69
10,150,5,21.8,49658174.71
10,150,5,21.9,49040404.94
10,150,5,22,46017276.25
10,150,5,22.1,48159754.41
10,150,5,22.2,48422635.16
10,150,5,22.3,49290141.66
10,150,5,22.4,47660280.97
10,150,5,22.5,48580363.62
10,150,5,22.6,47042511.2
10,150,5,22.7,47068799.27
10,150,5,22.8,47318535.99
10,150,5,22.9,47423688.29
10,150,5,23,47896873.65
10,150,5,23.1,47515696.56
10,150,5,23.2,47213383.69
10,150,5,23.3,45912123.95
10,150,5,23.4,48330626.9
10,150,5,23.5,46372165.27
10,150,5,23.6,46950502.93
10,150,5,23.7,45530946.85
10,150,5,23.8,47068799.27
10,150,5,23.9,45136625.72
10,150,5,24,45951556.06
10,150,5,24.1,46424741.42
10,150,5,24.2,45281210.14
10,150,5,24.3,46227580.86
10,150,5,24.4,45688675.31
10,150,5,24.5,44755448.62
10,150,5,24.6,44387415.57
10,150,5,24.7,44505711.91
10,150,5,24.8,44255975.19
10,150,5,24.9,43743357.72
10,150,5,25,45215489.95
10,150,5,25.1,44032526.55
10,150,5,25.2,44400559.6
10,150,5,25.3,45636099.16
10,150,5,25.4,43809077.9
10,150,5,25.5,44742304.59
10,150,5,25.6,43427900.81
10,150,5,25.7,44334839.42
10,150,5,25.8,43953662.32
10,150,5,25.9,43086155.83
10,150,5,26,43257028.32
10,150,5,26.1,43073011.79
10,150,5,26.2,41561447.45
10,150,5,26.3,44650296.32
10,150,5,26.4,42455242.01
10,150,5,26.5,43427900.81
10,150,5,26.6,42823275.07
10,150,5,26.7,41351142.84
10,150,5,26.8,42402665.86
10,150,5,26.9,40628220.76
10,150,5,27,41351142.84
10,150,5,27.1,41627167.63
10,150,5,27.2,40575644.61
10,150,5,27.3,42468386.05
10,150,5,27.4,40063027.14
10,150,5,27.5,41508871.29
10,150,5,27.6,41140838.24
10,150,5,27.7,40785949.22
10,150,5,27.8,41548303.41
10,150,5,27.9,40496780.39
10,150,5,28,40233899.63
10,150,5,28.1,40838525.37
10,150,5,28.2,41324854.77
10,150,5,28.3,39050936.23
10,150,5,28.4,39879010.61
10,150,5,28.5,40194467.52
10,150,5,28.6,40404772.12
10,150,5,28.7,40693940.95
10,150,5,28.8,39169232.57
10,150,5,28.9,39773858.31
10,150,5,29,40273331.74
10,150,5,29.1,39458401.4
10,150,5,29.2,39971018.87
10,150,5,29.3,39405825.25
10,150,5,29.4,39234952.76
10,150,5,29.5,37907404.94
10,150,5,29.6,39208664.68
10,150,5,29.7,38012557.25
10,150,5,29.8,38906351.81
10,150,5,29.9,38196573.77
10,150,5,30,38512030.68
10,150,5,30.1,39340105.06
10,150,5,30.2,37263347.09
10,150,5,30.3,36869025.96
10,150,5,30.4,36080383.69
10,150,5,30.5,37486795.73
10,150,5,30.6,36040951.58
10,150,5,30.7,36698153.47
10,150,5,30.8,35528334.11
10,150,5,30.9,35948943.32
10,150,5,31,36185536
10,150,5,31.1,36316976.37
10,150,5,31.2,35975231.39
10,150,5,31.3,35830646.98
10,150,5,31.4,37591948.04
10,150,5,31.5,37237059.02
10,150,5,31.6,36395840.6
10,150,5,31.7,35462613.92
10,150,5,31.8,34476811.08
10,150,5,31.9,36422128.68
10,150,5,32,36316976.37
10,150,5,32.1,35318029.5
10,150,5,32.2,36356408.49
10,150,5,32.3,36606145.2
10,150,5,32.4,35607198.33
10,150,5,32.5,36461560.79
10,150,5,32.6,34568819.35
10,150,5,32.7,35594054.3
10,150,5,32.8,34450523.01
10,150,5,32.9,33425288.06
10,150,5,33,35633486.41
10,150,5,33.1,34516243.2
10,150,5,33.2,33583016.52
10,150,5,33.3,34647683.58
10,150,5,33.4,34726547.8
10,150,5,33.5,34003625.72
10,150,5,33.6,33162407.31
10,150,5,33.7,33964193.61
10,150,5,33.8,34121922.06
10,150,5,33.9,34240218.4
10,150,5,34,33517296.33
10,150,5,34.1,33030966.93
10,150,5,34.2,32478917.34
10,150,5,34.3,33517296.33
10,150,5,34.4,33438432.1
10,150,5,34.5,31729707.19
10,150,5,34.6,32018876.02
10,150,5,34.7,33872185.35
10,150,5,34.8,31177657.6
10,150,5,34.9,33556728.44
10,150,5,35,32505205.42
10,150,5,35.1,31926867.76
10,150,5,35.2,32807518.29
10,150,5,35.3,31440538.36
10,150,5,35.4,32097740.25
10,150,5,35.5,31953155.83
10,150,5,35.6,32084596.21
10,150,5,35.7,31861147.57
10,150,5,35.8,32216036.59
10,150,5,35.9,31558834.7
10,150,5,36,33346423.84
10,150,5,36.1,31282809.9
10,150,5,36.2,32032020.06
10,150,5,36.3,30822768.58
10,150,5,36.4,31072505.3
10,150,5,36.5,31151369.53
10,150,5,36.6,30126134.58
10,150,5,36.7,30099846.51
10,150,5,36.8,29968406.13
10,150,5,36.9,30599319.94
10,150,5,37,30954208.96
10,150,5,37.1,30533599.75
10,150,5,37.2,30967353
10,150,5,37.3,30546743.79
10,150,5,37.4,30310151.11
10,150,5,37.5,29574084.99
10,150,5,37.6,29206051.94
10,150,5,37.7,29455788.65
10,150,5,37.8,30612463.98
10,150,5,37.9,28877450.99
10,150,5,38,30231286.88
10,150,5,38.1,29495220.77
10,150,5,38.2,29613517.11
10,150,5,38.3,30165566.69
10,150,5,38.4,30178710.73
10,150,5,38.5,29363780.39
10,150,5,38.6,29022035.41
10,150,5,38.7,28995747.33
10,150,5,38.8,28088808.73
10,150,5,38.9,28877450.99
10,150,5,39,29731813.45
10,150,5,39.1,27589335.29
10,150,5,39.2,27839072.01
10,150,5,39.3,28956315.22
10,150,5,39.4,27707631.63
10,150,5,39.5,29219195.97
10,150,5,39.6,28075664.69
10,150,5,39.7,27786495.86
10,150,5,39.8,28023088.54
10,150,5,39.9,26603532.46
10,150,5,40,27431606.84
10,150,5,40.1,27352742.61
10,150,5,40.2,27142438.01
10,150,5,40.3,28351689.48
10,150,5,40.4,27273878.38
10,150,5,40.5,26958421.48
10,150,5,40.6,26984709.55
10,150,5,40.7,28036232.57
10,150,5,40.8,27681343.55
10,150,5,40.9,27707631.63
10,150,5,41,26340651.7
10,150,5,41.1,27313310.5
10,150,5,41.2,26918989.36
10,150,5,41.3,27352742.61
10,150,5,41.4,26196067.29
10,150,5,41.5,25959474.61
10,150,5,41.6,26327507.66
10,150,5,41.7,26564100.34
10,150,5,41.8,25552009.43
10,150,5,41.9,26918989.36
10,150,5,42,26866413.21
10,150,5,42.1,25696593.85
10,150,5,42.2,26787548.99
10,150,5,42.3,24960527.74
10,150,5,42.4,26695540.72
10,150,5,42.5,25814890.19
10,150,5,42.6,26721828.8
10,150,5,42.7,25985762.68
10,150,5,42.8,26603532.46
10,150,5,42.9,25959474.61
10,150,5,43,25078824.08
10,150,5,43.1,26104059.02
10,150,5,43.2,24947383.7
10,150,5,43.3,26419515.93
10,150,5,43.4,25354848.87
10,150,5,43.5,24461054.3
10,150,5,43.6,24671358.9
10,150,5,43.7,26117203.06
10,150,5,43.8,25210264.45
10,150,5,43.9,24277037.77
10,150,5,44,25118256.19
10,150,5,44.1,24185029.51
10,150,5,44.2,24750223.13
10,150,5,44.3,24566206.6
10,150,5,44.4,24342757.96
10,150,5,44.5,24776511.21
10,150,5,44.6,24053589.13
10,150,5,44.7,24316469.88
10,150,5,44.8,24947383.7
10,150,5,44.9,22936345.92
10,150,5,45,23304378.98
10,150,5,45.1,23251802.82
10,150,5,45.2,23488395.5
10,150,5,45.3,23383243.2
10,150,5,45.4,24737079.09
10,150,5,45.5,23304378.98
10,150,5,45.6,25170832.34
10,150,5,45.7,22844337.65
10,150,5,45.8,23869572.6
10,150,5,45.9,24027301.05
10,150,5,46,23646123.96
10,150,5,46.1,23646123.96
10,150,5,46.2,23356955.13
10,150,5,46.3,21727094.44
10,150,5,46.4,22476304.6
10,150,5,46.5,23304378.98
10,150,5,46.6,22607744.97
10,150,5,46.7,23264946.86
10,150,5,46.8,23567259.73
10,150,5,46.9,23002066.11
10,150,5,47,22726041.31
10,150,5,47.1,22279144.03
10,150,5,47.2,22831193.62
10,150,5,47.3,21713950.4
10,150,5,47.4,22936345.92
10,150,5,47.5,21543077.91
10,150,5,47.6,22765473.43
10,150,5,47.7,22515736.71
10,150,5,47.8,21280197.16
10,150,5,47.9,22515736.71
10,150,5,48,22108271.54
10,150,5,48.1,21188188.89
10,150,5,48.2,22121415.58
10,150,5,48.3,22476304.6
10,150,5,48.4,22436872.48
10,150,5,48.5,21529933.88
10,150,5,48.6,22752329.39
10,150,5,48.7,21884822.9
10,150,5,48.8,21096180.63
10,150,5,48.9,21148756.78
10,150,5,49,21056748.52
10,150,5,49.1,20228674.14
10,150,5,49.2,20938452.18
10,150,5,49.3,21753382.52
10,150,5,49.4,20715003.53
10,150,5,49.5,21096180.63
10,150,5,49.6,22003119.24
10,150,5,49.7,20912164.1
10,150,5,49.8,21451069.65
10,150,5,49.9,21030460.44
10,150,5,50,20636139.31
10,150,5,50.1,21201332.93
10,150,5,50.2,20215530.1
10,150,5,50.3,21030460.44
10,150,5,50.4,20780723.72
10,150,5,50.5,21096180.63
10,150,5,50.6,20333826.44
10,150,5,50.7,20491554.89
10,150,5,50.8,18940558.43
10,150,5,50.9,20754435.65
10,150,5,51,20688715.46
10,150,5,51.1,20491554.89
10,150,5,51.2,20136665.87
10,150,5,51.3,19992081.46
10,150,5,51.4,20136665.87
10,150,5,51.5,19321735.53
10,150,5,51.6,20228674.14
10,150,5,51.7,19939505.3
10,150,5,51.8,19716056.66
10,150,5,51.9,20320682.4
10,150,5,52,19071998.81
10,150,5,52.1,19781776.85
10,150,5,52.2,20136665.87
10,150,5,52.3,18822262.09
10,150,5,52.4,20084089.72
10,150,5,52.5,19006278.62
10,150,5,52.6,19453175.91
10,150,5,52.7,19164007.08
10,150,5,52.8,19505752.06
10,150,5,52.9,19058854.77
10,150,5,53,19624048.4
10,150,5,53.1,18861694.21
10,150,5,53.2,19348023.61
10,150,5,53.3,19873785.12
10,150,5,53.4,19794920.89
10,150,5,53.5,19071998.81
10,150,5,53.6,19663480.51
10,150,5,53.7,19821208.96
10,150,5,53.8,19440031.87
10,150,5,53.9,18467373.07
10,150,5,54,19413743.79
10,150,5,54.1,18651389.6
10,150,5,54.2,18585669.41
10,150,5,54.3,18901126.32
10,150,5,54.4,18454229.04
10,150,5,54.5,18073051.94
10,150,5,54.6,19045710.74
10,150,5,54.7,18480517.11
10,150,5,54.8,18887982.28
10,150,5,54.9,18296500.58
10,150,5,55,19045710.74
10,150,5,55.1,18664533.64
10,150,5,55.2,18349076.73
10,150,5,55.3,18743397.87
10,150,5,55.4,17494714.28
10,150,5,55.5,17428994.09
10,150,5,55.6,17810171.19
10,150,5,55.7,18099340.02
10,150,5,55.8,17665586.77
10,150,5,55.9,18362220.77
10,150,5,56,17797027.15
10,150,5,56.1,17744451
10,150,5,56.2,17113537.18
10,150,5,56.3,17889035.41
10,150,5,56.4,17875891.37
10,150,5,56.5,17047816.99
10,150,5,56.6,17967899.64
10,150,5,56.7,17231833.52
10,150,5,56.8,17573578.51
10,150,5,56.9,16614063.75
10,150,5,57,17718162.92
10,150,5,57.1,16522055.48
10,150,5,57.2,17428994.09
10,150,5,57.3,17060961.03
10,150,5,57.4,17613010.62
10,150,5,57.5,17415850.05
10,150,5,57.6,17862747.34
10,150,5,57.7,16837512.39
10,150,5,57.8,17087249.11
10,150,5,57.9,16246030.69
10,150,5,58,17310697.75
10,150,5,58.1,172922961
10,150,5,58.2,17547290.43
10,150,5,58.3,17047816.99
10,150,5,58.4,17126681.22
10,150,5,58.5,16456335.29
10,150,5,58.6,17166113.33
10,150,5,58.7,16903232.58
10,150,5,58.8,16916376.62
10,150,5,58.9,16285462.8
10,150,5,59,16627207.79
10,150,5,59.1,16285462.8
10,150,5,59.2,16679783.94
10,150,5,59.3,16719216.05
10,150,5,59.4,16219742.61
10,150,5,59.5,288314468.6
10,150,5,59.6,16154022.43
10,150,5,59.7,15891141.67
10,150,5,59.8,17376417.94
10,150,5,59.9,16114590.31
10,150,5,60,15601972.84
10,150,5,60.1,15220795.74
10,150,5,60.2,15759701.29
10,150,5,60.3,15785989.37
10,150,5,60.4,16351182.99
10,150,5,60.5,16351182.99
10,150,5,60.6,16246030.69
10,150,5,60.7,16456335.29
10,150,5,60.8,15733413.22
10,150,5,60.9,16758648.16
10,150,5,61,15956861.86
10,150,5,61.1,14918482.87
10,150,5,61.2,15523108.61
10,150,5,61.3,14997347.1
10,150,5,61.4,15720269.18
10,150,5,61.5,15549396.69
10,150,5,61.6,15141931.52
10,150,5,61.7,15286515.93
10,150,5,61.8,14800186.53
10,150,5,61.9,15063067.29
10,150,5,62,14484729.63
10,150,5,62.1,15049923.25
10,150,5,62.2,15194507.67
10,150,5,62.3,15010491.14
10,150,5,62.4,15956861.86
10,150,5,62.5,15076211.33
10,150,5,62.6,14760754.42
10,150,5,62.7,15115643.44
10,150,5,62.8,14787042.5
10,150,5,62.9,15089355.37
10,150,5,63,15457388.42
10,150,5,63.1,15509964.57
10,150,5,63.2,14524161.74
10,150,5,63.3,15023635.18
10,150,5,63.4,14655602.12
10,150,5,63.5,15063067.29
10,150,5,63.6,15128787.48
10,150,5,63.7,14892194.8
10,150,5,63.8,15049923.25
10,150,5,63.9,14458441.55
10,150,5,64,14839618.65
10,150,5,64.1,14471585.59
10,150,5,64.2,14879050.76
10,150,5,64.3,14563593.85
10,150,5,64.4,15417956.31
10,150,5,64.5,14760754.42
10,150,5,64.6,14971059.03
10,150,5,64.7,14129840.61
10,150,5,64.8,14681890.19
10,150,5,64.9,14024688.31
10,150,5,65,13485782.76
10,150,5,65.1,14773898.46
10,150,5,65.2,14419009.44
10,150,5,65.3,14024688.31
10,150,5,65.4,14537305.78
10,150,5,65.5,13985256.19
10,150,5,65.6,14024688.31
10,150,5,65.7,14050976.38
10,150,5,65.8,13774951.59
10,150,5,65.9,13538358.91
10,150,5,66,13919536
10,150,5,66.1,14050976.38
10,150,5,66.2,14234992.91
10,150,5,66.3,14340145.21
10,150,5,66.4,13433206.61
10,150,5,66.5,13985256.19
10,150,5,66.6,15233939.78
10,150,5,66.7,13748663.51
10,150,5,66.8,14419009.44
10,150,5,66.9,14300713.1
10,150,5,67,14379577.33
10,150,5,67.1,43822221.94
10,150,5,67.2,14366433.29
10,150,5,67.3,13262334.12
10,150,5,67.4,68927334.09
10,150,5,67.5,13617223.14
10,150,5,67.6,13735519.48
10,150,5,67.7,13498926.8
10,150,5,67.8,14077264.46
10,150,5,67.9,14300713.1
10,150,5,68,13170325.85
10,150,5,68.1,13367486.42
10,150,5,68.2,13485782.76
10,150,5,68.3,12894301.06
10,150,5,68.4,13406918.53
10,150,5,68.5,13393774.49
10,150,5,68.6,13393774.49
10,150,5,68.7,12526268
10,150,5,68.8,13314910.27
10,150,5,68.9,13577791.02
10,150,5,69,12868012.98
10,150,5,69.1,12644564.34
10,150,5,69.2,20688715.46
10,150,5,69.3,25236552.53
10,150,5,69.4,13301766.23
10,150,5,69.5,14813330.57
10,150,5,69.6,15312804.01
10,150,5,69.7,12066226.68
10,150,5,69.8,11303872.49
10,150,5,69.9,11947930.34
10,150,5,70,11579897.28
10,150,5,70.1,12394827.62
10,150,5,70.2,12131946.87
10,150,5,70.3,12342251.47
10,150,5,70.4,12118802.83
10,150,5,70.5,11264440.37
10,150,5,70.6,12591988.19
10,150,5,70.7,12526268
10,150,5,70.8,11711337.66
10,150,5,70.9,11527321.13
10,150,5,71,12145090.9
10,150,5,71.1,11750769.77
10,150,5,71.2,11869066.11
10,150,5,71.3,11790201.88
10,150,5,71.4,12039938.6
10,150,5,71.5,11501033.05
10,150,5,71.6,11895354.19
10,150,5,71.7,11671905.54
10,150,5,71.8,12342251.47
10,150,5,71.9,11750769.77
10,150,5,72,11409024.79
10,150,5,72.1,11343304.6
10,150,5,72.2,11422168.83
10,150,5,72.3,11461600.94
10,150,5,72.4,11842778.04
10,150,5,72.5,11133000
10,150,5,72.6,12158234.94
10,150,5,72.7,11645617.47
10,150,5,72.8,10922695.39
10,150,5,72.9,11882210.15
10,150,5,73,11487889.02
10,150,5,73.1,11671905.54
10,150,5,73.2,11671905.54
10,150,5,73.3,10962127.5
10,150,5,73.4,11698193.62
10,150,5,73.5,11027847.69
10,150,5,73.6,11290728.45
10,150,5,73.7,11054135.77
10,150,5,73.8,10988415.58
10,150,5,73.9,11632473.43
10,150,5,74,11974218.41
10,150,5,74.1,11198720.18
10,150,5,74.2,11409024.79
10,150,5,74.3,10856975.2
10,150,5,74.4,11054135.77
10,150,5,74.5,11133000
10,150,5,74.6,11277584.41
10,150,5,74.7,11238152.3
10,150,5,74.8,11133000
10,150,5,74.9,11264440.37
10,150,5,75,10699246.75
10,150,5,75.1,10620382.52
10,150,5,75.2,12039938.6
10,150,5,75.3,11014703.66
10,150,5,75.4,10107765.05
10,150,5,75.5,11553609.2
10,150,5,75.6,10948983.47
10,150,5,75.7,10830687.13
10,150,5,75.8,11001559.62
10,150,5,75.9,10909551.35
10,150,5,76,10856975.2
10,150,5,76.1,10515230.22
10,150,5,76.2,10620382.52
10,150,5,76.3,11198720.18
10,150,5,76.4,10764966.94
10,150,5,76.5,10817543.09
10,150,5,76.6,10725534.82
10,150,5,76.7,10778110.98
10,150,5,76.8,10423221.96
10,150,5,76.9,11159288.07
10,150,5,77,10699246.75
10,150,5,77.1,10462654.07
10,150,5,77.2,10725534.82
10,150,5,77.3,10304925.62
10,150,5,77.4,10699246.75
10,150,5,77.5,10633526.56
10,150,5,77.6,10318069.65
10,150,5,77.7,10199773.31
10,150,5,77.8,11040991.73
10,150,5,77.9,10528374.26
10,150,5,78,10948983.47
10,150,5,78.1,10738678.86
10,150,5,78.2,10712390.79
10,150,5,78.3,10856975.2
10,150,5,78.4,10094621.01
10,150,5,78.5,10791255.01
10,150,5,78.6,10015756.78
10,150,5,78.7,10252349.46
10,150,5,78.8,10607238.48
10,150,5,78.9,10620382.52
10,150,5,79,10028900.82
10,150,5,79.1,10173485.24
10,150,5,79.2,10134053.12
10,150,5,79.3,9752876.029
10,150,5,79.4,10068332.94
10,150,5,79.5,10357501.77
10,150,5,79.6,10357501.77
10,150,5,79.7,10291781.58
10,150,5,79.8,10396933.88
10,150,5,79.9,9884316.407
10,150,5,80,9936892.558
10,150,5,80.1,10462654.07
10,150,5,80.2,10265493.5
10,150,5,80.3,10370645.8
10,150,5,80.4,9332266.82
10,150,5,80.5,10239205.43
10,150,5,80.6,10015756.78
10,150,5,80.7,9542571.425
10,150,5,80.8,9897460.445
10,150,5,80.9,9647723.727
10,150,5,81,9752876.029
10,150,5,81.1,9910604.482
10,150,5,81.2,9227114.518
10,150,5,81.3,9069386.065
10,150,5,81.4,9726587.954
10,150,5,81.5,9358554.896
10,150,5,81.6,9135106.254
10,150,5,81.7,9213970.48
10,150,5,81.8,9529427.387
10,150,5,81.9,10226061.39
10,150,5,82,9213970.48
10,150,5,82.1,9266546.632
10,150,5,82.2,10068332.94
10,150,5,82.3,9319122.783
10,150,5,82.4,10462654.07
10,150,5,82.5,9069386.065
10,150,5,82.6,9608291.614
10,150,5,82.7,9424275.085
10,150,5,82.8,9779164.105
10,150,5,82.9,9989468.709
10,150,5,83,9095674.14
10,150,5,83.1,10042044.86
10,150,5,83.2,9582003.538
10,150,5,83.3,9148250.292
10,150,5,83.4,9476851.236
10,150,5,83.5,9227114.518
10,150,5,83.6,9976324.671
10,150,5,83.7,9503139.311
10,150,5,83.8,9647723.727
10,150,5,83.9,9292834.707
10,150,5,84,9161394.329
10,150,5,84.1,8964233.763
10,150,5,84.2,9279690.669
10,150,5,84.3,9029953.952
10,150,5,84.4,8951089.725
10,150,5,84.5,9476851.236
10,150,5,84.6,9305978.745
10,150,5,84.7,8885369.536
10,150,5,84.8,9779164.105
10,150,5,84.9,9016809.914
10,150,5,85,9568859.5
10,150,5,85.1,8977377.8
10,150,5,85.2,9069386.065
10,150,5,85.3,9476851.236
10,150,5,85.4,8937945.687
10,150,5,85.5,8399040.138
10,150,5,85.6,8688208.969
10,150,5,85.7,9240258.556
10,150,5,85.8,8859081.46
10,150,5,85.9,9332266.82
10,150,5,86,8964233.763
10,150,5,86.1,8767073.196
10,150,5,86.2,8622488.781
10,150,5,86.3,8635632.818
10,150,5,86.4,8714497.045
10,150,5,86.5,8688208.969
10,150,5,86.6,9240258.556
10,150,5,86.7,8372752.063
10,150,5,86.8,7991574.967
10,150,5,86.9,8372752.063
10,150,5,87,8307031.874
10,150,5,87.1,8793361.272
10,150,5,87.2,8937945.687
10,150,5,87.3,8727641.083
10,150,5,87.4,9345410.858
10,150,5,87.5,8517336.478
10,150,5,87.6,8635632.818
10,150,5,87.7,8793361.272
10,150,5,87.8,7978430.93
10,150,5,87.9,8425328.214
10,150,5,88,8793361.272
10,150,5,88.1,8425328.214
10,150,5,88.2,9069386.065
10,150,5,88.3,8701353.007
10,150,5,88.4,8701353.007
10,150,5,88.5,8569912.629
10,150,5,88.6,9174538.367
10,150,5,88.7,8333319.949
10,150,5,88.8,8333319.949
10,150,5,88.9,8096727.27
10,150,5,89,8333319.949
10,150,5,89.1,8556768.592
10,150,5,89.2,8661920.894
10,150,5,89.3,8661920.894
10,150,5,89.4,8845937.423
10,150,5,89.5,8780217.234
10,150,5,89.6,8280743.798
10,150,5,89.7,8293887.836
10,150,5,89.8,7807558.438
10,150,5,89.9,8648776.856
10,150,5,90,8241311.685
10,150,5,90.1,8175591.496
10,150,5,90.2,8188735.534
10,150,5,90.3,8451616.289
10,150,5,90.4,8070439.194
10,150,5,90.5,8307031.874
10,150,5,90.6,7781270.363
10,150,5,90.7,8162447.458
10,150,5,90.8,7754982.287
10,150,5,90.9,7689262.098
10,150,5,91,8215023.609
10,150,5,91.1,8083583.232
10,150,5,91.2,8083583.232
10,150,5,91.3,8228167.647
10,150,5,91.4,8070439.194
10,150,5,91.5,8031007.081
10,150,5,91.6,8175591.496
10,150,5,91.7,8149303.421
10,150,5,91.8,7912710.741
10,150,5,91.9,7610397.872
10,150,5,92,7938998.816
10,150,5,92.1,7452669.419
10,150,5,92.2,7833846.514
10,150,5,92.3,8399040.138
10,150,5,92.4,8149303.421
10,150,5,92.5,7807558.438
10,150,5,92.6,7281796.927
10,150,5,92.7,7899566.703
10,150,5,92.8,7846990.552
10,150,5,92.9,7544677.683
10,150,5,93,7873278.627
10,150,5,93.1,7991574.967
10,150,5,93.2,7386949.23
10,150,5,93.3,7426381.343
10,150,5,93.4,8307031.874
10,150,5,93.5,7360661.154
10,150,5,93.6,7373805.192
10,150,5,93.7,8070439.194
10,150,5,93.8,7492101.532
10,150,5,93.9,7452669.419
10,150,5,94,7386949.23
10,150,5,94.1,7334373.079
10,150,5,94.2,7150356.55
10,150,5,94.3,7833846.514
10,150,5,94.4,7505245.57
10,150,5,94.5,7505245.57
10,150,5,94.6,7360661.154
10,150,5,94.7,7268652.89
10,150,5,94.8,7702406.136
10,150,5,94.9,7938998.816
10,150,5,95,7242364.814
10,150,5,95.1,7689262.098
10,150,5,95.2,7386949.23
10,150,5,95.3,8004719.005
10,150,5,95.4,7032060.21
10,150,5,95.5,7557821.721
10,150,5,95.6,7649829.985
10,150,5,95.7,6742891.379
10,150,5,95.8,7518389.607
10,150,5,95.9,7268652.89
10,150,5,96,6900619.832
10,150,5,96.1,7137212.512
10,150,5,96.2,7294940.965
10,150,5,96.3,7176644.625
10,150,5,96.4,7846990.552
10,150,5,96.5,7294940.965
10,150,5,96.6,6940051.945
10,150,5,96.7,6650883.114
10,150,5,96.8,6848043.681
10,150,5,96.9,7308085.003
10,150,5,97,6401146.397
10,150,5,97.1,7242364.814
10,150,5,97.2,7255508.852
10,150,5,97.3,7281796.927
10,150,5,97.4,7465813.456
10,150,5,97.5,7124068.474
10,150,5,97.6,7189788.663
10,150,5,97.7,6624595.039
10,150,5,97.8,6572018.888
10,150,5,97.9,6913763.87
10,150,5,98,6953195.983
10,150,5,98.1,6769179.454
10,150,5,98.2,6742891.379
10,150,5,98.3,7018916.172
10,150,5,98.4,7150356.55
10,150,5,98.5,6664027.152
10,150,5,98.6,6834899.643
10,150,5,98.7,7255508.852
10,150,5,98.8,7465813.456
10,150,5,98.9,6913763.87
10,150,5,99,6821755.605
10,150,5,99.1,7058348.285
10,150,5,99.2,6388002.359
10,150,5,99.3,6782323.492
10,150,5,99.4,7110924.436
10,150,5,99.5,6716603.303
10,150,5,99.6,6545730.812
10,150,5,99.7,7110924.436
10,150,5,99.8,7018916.172
10,150,5,99.9,6926907.908
10,150,5,100,6414290.434
10,150,5,100.1,6940051.945
10,150,5,100.2,7124068.474
10,150,5,100.3,6729747.341
10,150,5,100.4,6558874.85
10,150,5,100.5,6637739.076
10,150,5,100.6,7071492.323
10,150,5,100.7,5967393.15
10,150,5,100.8,6611451.001
10,150,5,100.9,6348570.245
10,150,5,101,5914816.999
10,150,5,101.1,6848043.681
10,150,5,101.2,6992628.096
10,150,5,101.3,6072545.452
10,150,5,101.4,6979484.059
10,150,5,101.5,6414290.434
10,150,5,101.6,6572018.888
10,150,5,101.7,6742891.379
10,150,5,101.8,6650883.114
10,150,5,101.9,6243417.943
10,150,5,102,6742891.379
10,150,5,102.1,6098833.528
10,150,5,102.2,6295994.094
10,150,5,102.3,6637739.076
10,150,5,102.4,6348570.245
10,150,5,102.5,6151409.679
10,150,5,102.6,6598306.963
10,150,5,102.7,6480010.623
10,150,5,102.8,6637739.076
10,150,5,102.9,6374858.321
10,150,5,103,6190841.792
10,150,5,103.1,6269706.019
10,150,5,103.2,6243417.943
10,150,5,103.3,6217129.868
10,150,5,103.4,6742891.379
10,150,5,103.5,6243417.943
10,150,5,103.6,6033113.339
10,150,5,103.7,6414290.434
10,150,5,103.8,6414290.434
10,150,5,103.9,6361714.283
10,150,5,104,5888528.923
10,150,5,104.1,6545730.812
10,150,5,104.2,5770232.583
10,150,5,104.3,5888528.923
10,150,5,104.4,6348570.245
10,150,5,104.5,6085689.49
10,150,5,104.6,6440578.51
10,150,5,104.7,6098833.528
10,150,5,104.8,5849096.81
10,150,5,104.9,6072545.452
10,150,5,105,5770232.583
10,150,5,105.1,5888528.923
10,150,5,105.2,6019969.301
10,150,5,105.3,5901672.961
10,150,5,105.4,6085689.49
10,150,5,105.5,5704512.394
10,150,5,105.6,5927961.037
10,150,5,105.7,6125121.603
10,150,5,105.8,6217129.868
10,150,5,105.9,6585162.925
10,150,5,106,5888528.923
10,150,5,106.1,5757088.546
10,150,5,106.2,6151409.679
10,150,5,106.3,5717656.432
10,150,5,106.4,6006825.263
10,150,5,106.5,6243417.943
10,150,5,106.6,6006825.263
10,150,5,106.7,5467919.714
10,150,5,106.8,6033113.339
10,150,5,106.9,5993681.225
10,150,5,107,5927961.037
10,150,5,107.1,5901672.961
10,150,5,107.2,6177697.754
10,150,5,107.3,6217129.868
10,150,5,107.4,5638792.206
10,150,5,107.5,5691368.357
10,150,5,107.6,6033113.339
10,150,5,107.7,6138265.641
10,150,5,107.8,5862240.848
10,150,5,107.9,5126174.732
10,150,5,108,5678224.319
10,150,5,108.1,5941105.074
10,150,5,108.2,6111977.565
10,150,5,108.3,5625648.168
10,150,5,108.4,5323335.299
10,150,5,108.5,5914816.999
10,150,5,108.6,6019969.301
10,150,5,108.7,5441631.639
10,150,5,108.8,5362767.412
10,150,5,108.9,5835952.772
10,150,5,109,5573072.017
10,150,5,109.1,5586216.054
10,150,5,109.2,5428487.601
10,150,5,109.3,5533639.903
10,150,5,109.4,5191894.921
10,150,5,109.5,5875384.886
10,150,5,109.6,6256561.981
10,150,5,109.7,5389055.488
10,150,5,109.8,5375911.45
10,150,5,109.9,5270759.148
10,150,5,110,5507351.828
10,150,5,110.1,5717656.432
10,150,5,110.2,4968446.279
10,150,5,110.3,5270759.148
10,150,5,110.4,5139318.77
10,150,5,110.5,5638792.206
10,150,5,110.6,5336479.337
10,150,5,110.7,5941105.074
10,150,5,110.8,5481063.752
10,150,5,110.9,5638792.206
10,150,5,111,5389055.488
10,150,5,111.1,4837005.901
10,150,5,111.2,5297047.223
10,150,5,111.3,5073598.581
10,150,5,111.4,5494207.79
10,150,5,111.5,5770232.583
10,150,5,111.6,5467919.714
10,150,5,111.7,4968446.279
10,150,5,111.8,4994734.355
10,150,5,111.9,5415343.563
10,150,5,112,5481063.752
10,150,5,112.1,5218182.997
10,150,5,112.2,4942158.203
10,150,5,112.3,5270759.148
10,150,5,112.4,5441631.639
10,150,5,112.5,4600413.221
10,150,5,112.6,5244471.072
10,150,5,112.7,5507351.828
10,150,5,112.8,5336479.337
10,150,5,112.9,4837005.901
10,150,5,113,5073598.581
10,150,5,113.1,5113030.695
10,150,5,113.2,5757088.546
10,150,5,113.3,5047310.506
10,150,5,113.4,5007878.392
10,150,5,113.5,5165606.846
10,150,5,113.6,4942158.203
10,150,5,113.7,4692421.486
10,150,5,113.8,5047310.506
10,150,5,113.9,4810717.826
10,150,5,114,4810717.826
10,150,5,114.1,5205038.959
10,150,5,114.2,4929014.166
10,150,5,114.3,4744997.637
10,150,5,114.4,5494207.79
10,150,5,114.5,4863293.977
10,150,5,114.6,4968446.279
10,150,5,114.7,5205038.959
10,150,5,114.8,5086742.619
10,150,5,114.9,4758141.675
10,150,5,115,5113030.695
10,150,5,115.1,5231327.035
10,150,5,115.2,4679277.448
10,150,5,115.3,4994734.355
10,150,5,115.4,5007878.392
10,150,5,115.5,4902726.09
10,150,5,115.6,4902726.09
10,150,5,115.7,4784429.75
10,150,5,115.8,5231327.035
10,150,5,115.9,4639845.335
10,150,5,116,4968446.279
10,150,5,116.1,4731853.599
10,150,5,116.2,5178750.883
10,150,5,116.3,4810717.826
10,150,5,116.4,5007878.392
10,150,5,116.5,4692421.486
10,150,5,116.6,4652989.372
10,150,5,116.7,4429540.73
10,150,5,116.8,4416396.692
10,150,5,116.9,4547837.07
10,150,5,117,4666133.41
10,150,5,117.1,5034166.468
10,150,5,117.2,4771285.712
10,150,5,117.3,4692421.486
10,150,5,117.4,4731853.599
10,150,5,117.5,5152462.808
10,150,5,117.6,4547837.07
10,150,5,117.7,4968446.279
10,150,5,117.8,5086742.619
10,150,5,117.9,4797573.788
10,150,5,118,4705565.524
10,150,5,118.1,5270759.148
10,150,5,118.2,4521548.995
10,150,5,118.3,4219236.126
10,150,5,118.4,4600413.221
10,150,5,118.5,4482116.881
10,150,5,118.6,4626701.297
10,150,5,118.7,4758141.675
10,150,5,118.8,4482116.881
10,150,5,118.9,4482116.881
10,150,5,119,4442684.768
10,150,5,119.1,4587269.184
10,150,5,119.2,4429540.73
10,150,5,119.3,4587269.184
10,150,5,119.4,4350676.504
10,150,5,119.5,4442684.768
10,150,5,119.6,4679277.448
10,150,5,119.7,4547837.07
10,150,5,119.8,4416396.692
10,150,5,119.9,4206092.088
10,150,5,120,4495260.919
10,150,5,120.1,4127227.861
10,150,5,120.2,4797573.788
10,150,5,120.3,3995787.484
10,150,5,120.4,4298100.352
10,150,5,120.5,4284956.315
10,150,5,120.6,4639845.335
10,150,5,120.7,4442684.768
10,150,5,120.8,4823861.863
10,150,5,120.9,3943211.333
10,150,5,121,4245524.201
10,150,5,121.1,4271812.277
10,150,5,121.2,4324388.428
10,150,5,121.3,4245524.201
10,150,5,121.4,4521548.995
10,150,5,121.5,4311244.39
10,150,5,121.6,4311244.39
10,150,5,121.7,4311244.39
10,150,5,121.8,4455828.806
10,150,5,121.9,4140371.899
10,150,5,122,4100939.786
10,150,5,122.1,4179804.013
10,150,5,122.2,4600413.221
10,150,5,122.3,4166659.975
10,150,5,122.4,3995787.484
10,150,5,122.5,4245524.201
10,150,5,122.6,3903779.219
10,150,5,122.7,3575178.275
10,150,5,122.8,3943211.333
10,150,5,122.9,4521548.995
10,150,5,123,4482116.881
10,150,5,123.1,4140371.899
10,150,5,123.2,4179804.013
10,150,5,123.3,4022075.559
10,150,5,123.4,3798626.917
10,150,5,123.5,4192948.05
10,150,5,123.6,3667186.539
10,150,5,123.7,4232380.164
10,150,5,123.8,3930067.295
10,150,5,123.9,3706618.653
10,150,5,124,3824914.993
10,150,5,124.1,3759194.804
10,150,5,124.2,3680330.577
10,150,5,124.3,3956355.37
10,150,5,124.4,3706618.653
10,150,5,124.5,4153515.937
10,150,5,124.6,4008931.521
10,150,5,124.7,4179804.013
10,150,5,124.8,3719762.69
10,150,5,124.9,4074651.71
10,150,5,125,3982643.446
10,150,5,125.1,3312297.519
10,150,5,125.2,3798626.917
10,150,5,125.3,3772338.841
10,150,5,125.4,4087795.748
10,150,5,125.5,3706618.653
10,150,5,125.6,3548890.199
10,150,5,125.7,3601466.35
10,150,5,125.8,3522602.124
10,150,5,125.9,3930067.295
10,150,5,126,4008931.521
10,150,5,126.1,4324388.428
10,150,5,126.2,3391161.746
10,150,5,126.3,3916923.257
10,150,5,126.4,3233433.293
10,150,5,126.5,3759194.804
10,150,5,126.6,3706618.653
10,150,5,126.7,3654042.502
10,150,5,126.8,4008931.521
10,150,5,126.9,3548890.199
10,150,5,127,3627754.426
10,150,5,127.1,3759194.804
10,150,5,127.2,3456881.935
10,150,5,127.3,3246577.33
10,150,5,127.4,3522602.124
10,150,5,127.5,3522602.124
10,150,5,127.6,3772338.841
10,150,5,127.7,3456881.935
10,150,5,127.8,3614610.388
10,150,5,127.9,4232380.164
10,150,5,128,3522602.124
10,150,5,128.1,3969499.408
10,150,5,128.2,3851203.068
10,150,5,128.3,3614610.388
10,150,5,128.4,3351729.633
10,150,5,128.5,3719762.69
10,150,5,128.6,3798626.917
10,150,5,128.7,3391161.746
10,150,5,128.8,3759194.804
10,150,5,128.9,3930067.295
10,150,5,129,3364873.67
10,150,5,129.1,3627754.426
10,150,5,129.2,3351729.633
10,150,5,129.3,3627754.426
10,150,5,129.4,3207145.217
10,150,5,129.5,3509458.086
10,150,5,129.6,3470025.973
10,150,5,129.7,3364873.67
10,150,5,129.8,3483170.01
10,150,5,129.9,3088848.877
10,150,5,130,3220289.255
10,150,5,130.1,3522602.124
10,150,5,130.2,3220289.255
10,150,5,130.3,3233433.293
10,150,5,130.4,3194001.179
10,150,5,130.5,3194001.179
10,150,5,130.6,3404305.784
10,150,5,130.7,3167713.104
10,150,5,130.8,3443737.897
10,150,5,130.9,3023128.688
10,150,5,131,3101992.915
10,150,5,131.1,3023128.688
10,150,5,131.2,3259721.368
10,150,5,131.3,2931120.424
10,150,5,131.4,3220289.255
10,150,5,131.5,3233433.293
10,150,5,131.6,3522602.124
10,150,5,131.7,3588322.313
10,150,5,131.8,3575178.275
10,150,5,131.9,3391161.746
10,150,5,132,2812824.084
10,150,5,132.1,3851203.068
10,150,5,132.2,3036272.726
10,150,5,132.3,3312297.519
10,150,5,132.4,3351729.633
10,150,5,132.5,3036272.726
10,150,5,132.6,2655095.631
10,150,5,132.7,2944264.462
10,150,5,132.8,3338585.595
10,150,5,132.9,3062560.802
10,150,5,133,3128280.99
10,150,5,133.1,3522602.124
10,150,5,133.2,3207145.217
10,150,5,133.3,2563087.366
10,150,5,133.4,3286009.444
10,150,5,133.5,3154569.066
10,150,5,133.6,3075704.839
10,150,5,133.7,3364873.67
10,150,5,133.8,3115136.953
10,150,5,133.9,2878544.273
10,150,5,134,2891688.311
10,150,5,134.1,2839112.159
10,150,5,134.2,3115136.953
10,150,5,134.3,3062560.802
10,150,5,134.4,2839112.159
10,150,5,134.5,2615663.517
10,150,5,134.6,3088848.877
10,150,5,134.7,2668239.668
10,150,5,134.8,2904832.348
10,150,5,134.9,2825968.122
10,150,5,135,2839112.159
10,150,5,135.1,2747103.895
10,150,5,135.2,2576231.404
10,150,5,135.3,2878544.273
10,150,5,135.4,2786536.008
10,150,5,135.5,2405358.913
10,150,5,135.6,2615663.517
10,150,5,135.7,2931120.424
10,150,5,135.8,2326494.686
10,150,5,135.9,2931120.424
10,150,5,136,2444791.026
10,150,5,136.1,2563087.366
10,150,5,136.2,2641951.593
10,150,5,136.3,2760247.933
10,150,5,136.4,2628807.555
10,150,5,136.5,2602519.479
10,150,5,136.6,2655095.631
10,150,5,136.7,2444791.026
10,150,5,136.8,2628807.555
10,150,5,136.9,2563087.366
10,150,5,137,2365926.8
10,150,5,137.1,2510511.215
10,150,5,137.2,2523655.253
10,150,5,137.3,2273918.535
10,150,5,137.4,2760247.933
10,150,5,137.5,2287062.573
10,150,5,137.6,2405358.913
10,150,5,137.7,2615663.517
10,150,5,137.8,2339638.724
10,150,5,137.9,2720815.819
10,150,5,138,2457935.064
10,150,5,138.1,2681383.706
10,150,5,138.2,2365926.8
10,150,5,138.3,2221342.384
10,150,5,138.4,2050469.893
10,150,5,138.5,2379070.837
10,150,5,138.6,2221342.384
10,150,5,138.7,2405358.913
10,150,5,138.8,2444791.026
10,150,5,138.9,2523655.253
10,150,5,139,2379070.837
10,150,5,139.1,2326494.686
10,150,5,139.2,2457935.064
10,150,5,139.3,2273918.535
10,150,5,139.4,2195054.308
10,150,5,139.5,2063613.931
10,150,5,139.6,2287062.573
10,150,5,139.7,2011037.78
10,150,5,139.8,2050469.893
10,150,5,139.9,1853309.326
10,150,5,140,2300206.611
10,150,5,140.1,1919029.515
10,150,5,140.2,1945317.591
10,150,5,140.3,2116190.082
10,150,5,140.4,2116190.082
10,150,5,140.5,2155622.195
10,150,5,140.6,2089902.006
10,150,5,140.7,2076757.968
10,150,5,140.8,2195054.308
10,150,5,140.9,1800733.175
10,150,5,141,1866453.364
10,150,5,141.1,1971605.666
10,150,5,141.2,2089902.006
10,150,5,141.3,1958461.629
10,150,5,141.4,1984749.704
10,150,5,141.5,2221342.384
10,150,5,141.6,1800733.175
10,150,5,141.7,2103046.044
10,150,5,141.8,1945317.591
10,150,5,141.9,2181910.271
10,150,5,142,1800733.175
10,150,5,142.1,1879597.402
10,150,5,142.2,2050469.893
10,150,5,142.3,2116190.082
10,150,5,142.4,2011037.78
10,150,5,142.5,1853309.326
10,150,5,142.6,1892741.44
10,150,5,142.7,2181910.271
10,150,5,142.8,1787589.137
10,150,5,142.9,1748157.024
10,150,5,143,1669292.797
10,150,5,143.1,1958461.629
10,150,5,143.2,1827021.251
10,150,5,143.3,1840165.289
10,150,5,143.4,1695580.873
10,150,5,143.5,1735012.986
10,150,5,143.6,1498420.306
10,150,5,143.7,1445844.155
10,150,5,143.8,1761301.062
10,150,5,143.9,1485276.269
10,150,5,144,1643004.722
10,150,5,144.1,1682436.835
10,150,5,144.2,1695580.873
10,150,5,144.3,1485276.269
10,150,5,144.4,1840165.289
10,150,5,144.5,1787589.137
10,150,5,144.6,1366979.929
10,150,5,144.7,1485276.269
10,150,5,144.8,1524708.382
10,150,5,144.9,1353835.891
10,150,5,145,1656148.76
10,150,5,145.1,1537852.42
10,150,5,145.2,1432700.117
10,150,5,145.3,1419556.08
10,150,5,145.4,1380123.966
10,150,5,145.5,1393268.004
10,150,5,145.6,1406412.042
10,150,5,145.7,1564140.495
10,150,5,145.8,1695580.873
10,150,5,145.9,1353835.891
10,150,5,146,1288115.702
10,150,5,146.1,1248683.589
10,150,5,146.2,1090955.135
10,150,5,146.3,1393268.004
10,150,5,146.4,1353835.891
10,150,5,146.5,1314403.778
10,150,5,146.6,1327547.815
10,150,5,146.7,1169819.362
10,150,5,146.8,1222395.513
10,150,5,146.9,1261827.626
10,150,5,147,1090955.135
10,150,5,147.1,985802.8331
10,150,5,147.2,985802.8331
10,150,5,147.3,893794.5687
10,150,5,147.4,1143531.286
10,150,5,147.5,972658.7954
10,150,5,147.6,972658.7954
10,150,5,147.7,1025234.946
10,150,5,147.8,880650.5309
10,150,5,147.9,1143531.286
10,150,5,148,985802.8331
10,150,5,148.1,920082.6443
10,150,5,148.2,893794.5687
10,150,5,148.3,749210.1532
10,150,5,148.4,867506.4932
10,150,5,148.5,683489.9643
10,150,5,148.6,657201.8888
10,150,5,148.7,749210.1532
10,150,5,148.8,749210.1532
10,150,5,148.9,722922.0776
10,150,5,149,670345.9265
10,150,5,149.1,525761.511
10,150,5,149.2,604625.7377
10,150,5,149.3,538905.5488
10,150,5,149.4,433753.2466
10,150,5,149.5,499473.4355
10,150,5,149.6,420609.2088
10,150,5,149.7,354889.0199
10,150,5,149.8,302312.8688
10,150,5,149.9,170872.4911
10,150,5,150,39432.11333
10,40,7,4.8,6291.433595
10,40,7,4.9,25165.73438
10,40,7,5,18874.30079
10,40,7,5.1,25165.73438
10,40,7,5.2,37748.60157
10,40,7,5.3,75497.20314
10,40,7,5.4,81788.63674
10,40,7,5.5,119537.2383
10,40,7,5.6,144702.9727
10,40,7,5.7,226491.6094
10,40,7,5.8,251657.3438
10,40,7,5.9,371194.5821
10,40,7,6,371194.5821
10,40,7,6.1,471857.5197
10,40,7,6.2,666891.9611
10,40,7,6.3,597686.1916
10,40,7,6.4,893383.5705
10,40,7,6.5,918549.3049
10,40,7,6.6,1226829.551
10,40,7,6.7,1321201.055
10,40,7,6.8,1553984.098
10,40,7,6.9,1799350.008
10,40,7,7,2120213.122
10,40,7,7.1,2264916.094
10,40,7,7.2,2648693.544
10,40,7,7.3,2749356.481
10,40,7,7.4,7159651.431
10,40,7,7.5,3183465.399
10,40,7,7.6,3447705.61
10,40,7,7.7,3969894.599
10,40,7,7.8,4636786.56
10,40,7,7.9,4605329.392
10,40,7,8,5096061.212
10,40,7,8.1,5309969.954
10,40,7,8.2,5630833.068
10,40,7,8.3,20654776.49
10,40,7,8.4,140217180.5
10,40,7,8.5,7096737.096
10,40,7,8.6,6970908.424
10,40,7,8.7,7147068.564
10,40,7,8.8,9613310.534
10,40,7,8.9,8499726.787
10,40,7,9,8877212.803
10,40,7,9.1,8424229.584
10,40,7,9.2,8757675.565
10,40,7,9.3,9229533.084
10,40,7,9.4,10060002.32
10,40,7,9.5,16244481.54
10,40,7,9.6,13595788
10,40,7,9.7,124922705.5
10,40,7,9.8,20440867.75
10,40,7,9.9,16772961.97
10,40,7,10,62801090.15
10,40,7,10.1,12658364.39
10,40,7,10.2,10210996.73
10,40,7,10.3,2139087.422
10,40,7,10.4,2264916.094
10,40,7,10.5,2478824.837
10,40,7,10.6,2592070.641
10,40,7,10.7,2824853.684
10,40,7,10.8,2686442.145
10,40,7,10.9,2994722.391
10,40,7,11,3649031.485
10,40,7,11.1,3265254.036
10,40,7,11.2,3579825.716
10,40,7,11.3,13381879.26
10,40,7,11.4,3787443.024
10,40,7,11.5,4133471.872
10,40,7,11.6,2585779.208
10,40,7,11.7,2598362.075
10,40,7,11.8,2126504.555
10,40,7,11.9,2233458.926
10,40,7,12,2585779.208
10,40,7,12.1,1855972.911
10,40,7,12.2,1793058.575
10,40,7,12.3,1912595.813
10,40,7,12.4,1900012.946
10,40,7,12.5,1805641.442
10,40,7,12.6,2000675.883
10,40,7,12.7,2019550.184
10,40,7,12.8,2095047.387
10,40,7,12.9,2296373.262
10,40,7,13,2541739.173
10,40,7,13.1,2673859.278
10,40,7,13.2,2378161.899
10,40,7,13.3,2699025.012
10,40,7,13.4,2648693.544
10,40,7,13.5,2610944.942
10,40,7,13.6,3139425.364
10,40,7,13.7,3139425.364
10,40,7,13.8,3303002.638
10,40,7,13.9,3479162.778
10,40,7,14,3466579.911
10,40,7,14.1,3548368.548
10,40,7,14.2,3479162.778
10,40,7,14.3,3661614.352
10,40,7,14.4,3951020.298
10,40,7,14.5,3976186.032
10,40,7,14.6,3944728.864
10,40,7,14.7,3850357.36
10,40,7,14.8,4076848.97
10,40,7,14.9,4429169.251
10,40,7,15,4334797.747
10,40,7,15.1,4045391.802
10,40,7,15.2,4693409.462
10,40,7,15.3,4737449.497
10,40,7,15.4,4825529.568
10,40,7,15.5,4894735.337
10,40,7,15.6,5001689.708
10,40,7,15.7,5152684.115
10,40,7,15.8,5133809.814
10,40,7,15.9,5203015.583
10,40,7,16,5108644.079
10,40,7,16.1,5253347.052
10,40,7,16.2,5536461.564
10,40,7,16.3,5599375.9
10,40,7,16.4,5744078.873
10,40,7,16.5,5806993.208
10,40,7,16.6,5882490.412
10,40,7,16.7,5895073.279
10,40,7,16.8,6587130.974
10,40,7,16.9,6247393.56
10,40,7,17,6285142.162
10,40,7,17.1,5907656.146
10,40,7,17.2,6291433.595
10,40,7,17.3,6385805.099
10,40,7,17.4,6700376.779
10,40,7,17.5,6171896.357
10,40,7,17.6,6329182.197
10,40,7,17.7,6517925.205
10,40,7,17.8,6392096.533
10,40,7,17.9,6914285.521
10,40,7,18,7046405.627
10,40,7,18.1,6568256.674
10,40,7,18.2,6970908.424
10,40,7,18.3,6970908.424
10,40,7,18.4,6870245.486
10,40,7,18.5,6706668.213
10,40,7,18.6,6694085.345
10,40,7,18.7,6952034.123
10,40,7,18.8,7153359.998
10,40,7,18.9,7058988.494
10,40,7,19,6775873.982
10,40,7,19.1,7052697.06
10,40,7,19.2,6907994.088
10,40,7,19.3,7071571.361
10,40,7,19.4,7058988.494
10,40,7,19.5,7134485.697
10,40,7,19.6,7184817.166
10,40,7,19.7,7159651.431
10,40,7,19.8,6889119.787
10,40,7,19.9,6725542.513
10,40,7,20,7530846.014
10,40,7,20.1,7549720.314
10,40,7,20.2,6882828.353
10,40,7,20.3,7266605.803
10,40,7,20.4,7461640.244
10,40,7,20.5,7191108.599
10,40,7,20.6,7417600.209
10,40,7,20.7,7511971.713
10,40,7,20.8,7486805.978
10,40,7,20.9,7373560.174
10,40,7,21,7562303.182
10,40,7,21.1,7631508.951
10,40,7,21.2,7719589.021
10,40,7,21.3,7411308.775
10,40,7,21.4,7631508.951
10,40,7,21.5,7574886.049
10,40,7,21.6,7543428.881
10,40,7,21.7,7449057.377
10,40,7,21.8,7669257.553
10,40,7,21.9,7442765.943
10,40,7,22,7455348.81
10,40,7,22.1,7788794.791
10,40,7,22.2,7316937.271
10,40,7,22.3,7612634.65
10,40,7,22.4,7713297.588
10,40,7,22.5,7644091.818
10,40,7,22.6,7285480.103
10,40,7,22.7,7688131.854
10,40,7,22.8,7776211.924
10,40,7,22.9,7788794.791
10,40,7,23,7593760.35
10,40,7,23.1,7417600.209
10,40,7,23.2,7461640.244
10,40,7,23.3,7662966.119
10,40,7,23.4,7574886.049
10,40,7,23.5,7071571.361
10,40,7,23.6,7373560.174
10,40,7,23.7,7266605.803
10,40,7,23.8,7417600.209
10,40,7,23.9,7474223.111
10,40,7,24,6782165.416
10,40,7,24.1,6876536.92
10,40,7,24.2,7316937.271
10,40,7,24.3,7247731.502
10,40,7,24.4,7184817.166
10,40,7,24.5,7040114.193
10,40,7,24.6,7587468.916
10,40,7,24.7,7058988.494
10,40,7,24.8,6914285.521
10,40,7,24.9,7423891.642
10,40,7,25,7298062.971
10,40,7,25.1,7373560.174
10,40,7,25.2,7052697.06
10,40,7,25.3,7153359.998
10,40,7,25.4,6744416.814
10,40,7,25.5,7096737.096
10,40,7,25.6,7134485.697
10,40,7,25.7,6939451.256
10,40,7,25.8,7027531.326
10,40,7,25.9,7008657.025
10,40,7,26,7014948.459
10,40,7,26.1,6316599.33
10,40,7,26.2,6700376.779
10,40,7,26.3,6536799.506
10,40,7,26.4,6719251.08
10,40,7,26.5,6807331.15
10,40,7,26.6,6756999.681
10,40,7,26.7,6675211.045
10,40,7,26.8,6700376.779
10,40,7,26.9,6253684.994
10,40,7,27,6530508.072
10,40,7,27.1,6410970.834
10,40,7,27.2,6385805.099
10,40,7,27.3,6819914.017
10,40,7,27.4,6448719.435
10,40,7,27.5,6058650.552
10,40,7,27.6,6215936.392
10,40,7,27.7,6153022.056
10,40,7,27.8,6857662.619
10,40,7,27.9,6505342.338
10,40,7,28,6247393.56
10,40,7,28.1,6417262.267
10,40,7,28.2,6241102.127
10,40,7,28.3,6404679.4
10,40,7,28.4,5976861.916
10,40,7,28.5,6190770.658
10,40,7,28.6,6121564.888
10,40,7,28.7,6241102.127
10,40,7,28.8,6127856.322
10,40,7,28.9,6247393.56
10,40,7,29,6115273.455
10,40,7,29.1,6203353.525
10,40,7,29.2,6002027.65
10,40,7,29.3,5762953.173
10,40,7,29.4,5838450.376
10,40,7,29.5,6058650.552
10,40,7,29.6,6436136.568
10,40,7,29.7,5561627.298
10,40,7,29.8,5762953.173
10,40,7,29.9,5605667.333
10,40,7,30,5410632.892
10,40,7,30.1,5844741.81
10,40,7,30.2,5316261.388
10,40,7,30.3,5567918.732
10,40,7,30.4,5744078.873
10,40,7,30.5,5530170.13
10,40,7,30.6,5643415.935
10,40,7,30.7,5561627.298
10,40,7,30.8,5611958.767
10,40,7,30.9,5354009.99
10,40,7,31,5240764.185
10,40,7,31.1,5486130.095
10,40,7,31.2,5058312.611
10,40,7,31.3,4951358.24
10,40,7,31.4,5410632.892
10,40,7,31.5,5165266.982
10,40,7,31.6,5070895.478
10,40,7,31.7,4831821.001
10,40,7,31.8,4951358.24
10,40,7,31.9,4970232.54
10,40,7,32,4844403.868
10,40,7,32.1,4882152.47
10,40,7,32.2,5007981.142
10,40,7,32.3,4649369.427
10,40,7,32.4,4548706.489
10,40,7,32.5,4448043.552
10,40,7,32.6,4743740.931
10,40,7,32.7,4794072.4
10,40,7,32.8,4699700.896
10,40,7,32.9,4460626.419
10,40,7,33,4240426.243
10,40,7,33.1,4328506.314
10,40,7,33.2,4429169.251
10,40,7,33.3,4378837.782
10,40,7,33.4,4177511.907
10,40,7,33.5,4259300.544
10,40,7,33.6,4284466.278
10,40,7,33.7,4435460.685
10,40,7,33.8,4051683.235
10,40,7,33.9,3881814.528
10,40,7,34,4177511.907
10,40,7,34.1,3844065.927
10,40,7,34.2,4026517.501
10,40,7,34.3,4133471.872
10,40,7,34.4,4114597.571
10,40,7,34.5,3932145.997
10,40,7,34.6,3730820.122
10,40,7,34.7,3661614.352
10,40,7,34.8,3686780.087
10,40,7,34.9,3567242.849
10,40,7,35,3686780.087
10,40,7,35.1,3548368.548
10,40,7,35.2,3435122.743
10,40,7,35.3,3321876.938
10,40,7,35.4,3277836.903
10,40,7,35.5,3485454.212
10,40,7,35.6,3592408.583
10,40,7,35.7,3277836.903
10,40,7,35.8,3296711.204
10,40,7,35.9,2956973.79
10,40,7,36,3214922.567
10,40,7,36.1,3045053.86
10,40,7,36.2,2944390.923
10,40,7,36.3,3158299.665
10,40,7,36.4,2994722.391
10,40,7,36.5,2925516.622
10,40,7,36.6,3095385.329
10,40,7,36.7,2636110.676
10,40,7,36.8,3152008.231
10,40,7,36.9,2422201.934
10,40,7,37,2736773.614
10,40,7,37.1,2743065.048
10,40,7,37.2,2799687.95
10,40,7,37.3,2680150.712
10,40,7,37.4,2680150.712
10,40,7,37.5,2397036.2
10,40,7,37.6,2478824.837
10,40,7,37.7,2617236.376
10,40,7,37.8,2378161.899
10,40,7,37.9,2220876.059
10,40,7,38,2340413.297
10,40,7,38.1,2208293.192
10,40,7,38.2,1944052.981
10,40,7,38.3,1811932.875
10,40,7,38.4,1761601.407
10,40,7,38.5,1774184.274
10,40,7,38.6,1780475.707
10,40,7,38.7,1774184.274
10,40,7,38.8,1786767.141
10,40,7,38.9,1547692.664
10,40,7,39,1560275.532
10,40,7,39.1,1522526.93
10,40,7,39.2,1503652.629
10,40,7,39.3,1428155.426
10,40,7,39.4,1308618.188
10,40,7,39.5,1107292.313
10,40,7,39.6,1170206.649
10,40,7,39.7,956297.9065
10,40,7,39.8,843052.1018
10,40,7,39.9,692057.6955
10,40,7,40,169868.7071
10,80,7,3.9,8675.500886
10,80,7,4.2,8675.500886
10,80,7,4.3,43377.50443
10,80,7,4.4,34702.00355
10,80,7,4.5,43377.50443
10,80,7,4.6,130132.5133
10,80,7,4.7,130132.5133
10,80,7,4.8,95430.50975
10,80,7,4.9,173510.0177
10,80,7,5,138808.0142
10,80,7,5.1,320993.5328
10,80,7,5.2,329669.0337
10,80,7,5.3,615960.5629
10,80,7,5.4,659338.0674
10,80,7,5.5,980331.6002
10,80,7,5.6,1023709.105
10,80,7,5.7,1179868.121
10,80,7,5.8,1353378.138
10,80,7,5.9,1934636.698
10,80,7,6,1882583.692
10,80,7,6.1,2203577.225
10,80,7,6.2,2897617.296
10,80,7,6.3,3617683.87
10,80,7,6.4,3435498.351
10,80,7,6.5,4285697.438
10,80,7,6.6,5170598.528
10,80,7,6.7,5543645.066
10,80,7,6.8,6463248.16
10,80,7,6.9,6428546.157
10,80,7,7,7773248.794
10,80,7,7.1,7998811.817
10,80,7,7.2,9204706.441
10,80,7,7.3,9829342.504
10,80,7,7.4,30902134.16
10,80,7,7.5,11347555.16
10,80,7,7.6,12640204.79
10,80,7,7.7,12752986.3
10,80,7,7.8,13490403.88
10,80,7,7.9,14939212.53
10,80,7,8,16049676.64
10,80,7,8.1,16561531.19
10,80,7,8.2,16977955.23
10,80,7,8.3,87492426.44
10,80,7,8.4,650523758.5
10,80,7,8.5,19910274.53
10,80,7,8.6,20925308.14
10,80,7,8.7,21254977.17
10,80,7,8.8,32455048.82
10,80,7,8.9,23632064.41
10,80,7,9,25436568.6
10,80,7,9.1,24820608.04
10,80,7,9.2,26260741.18
10,80,7,9.3,26928754.75
10,80,7,9.4,26737893.73
10,80,7,9.5,59470558.58
10,80,7,9.6,43993465
10,80,7,9.7,535668802.2
10,80,7,9.8,73837188.04
10,80,7,9.9,56659696.29
10,80,7,10,252873499.8
10,80,7,10.1,35196507.1
10,80,7,10.2,30902134.16
10,80,7,10.3,8128944.331
10,80,7,10.4,8423911.361
10,80,7,10.5,8519341.87
10,80,7,10.6,9013845.421
10,80,7,10.7,9517024.472
10,80,7,10.8,9733911.995
10,80,7,10.9,10636164.09
10,80,7,11,11980866.72
10,80,7,11.1,11278151.15
10,80,7,11.2,11798681.21
10,80,7,11.3,60034466.13
10,80,7,11.4,12249807.25
10,80,7,11.5,13542456.88
10,80,7,11.6,10080932.03
10,80,7,11.7,11234773.65
10,80,7,11.8,7608414.277
10,80,7,11.9,8050864.823
10,80,7,12,9230732.943
10,80,7,12.1,7330798.249
10,80,7,12.2,6550003.169
10,80,7,12.3,7105235.226
10,80,7,12.4,7296096.245
10,80,7,12.5,6792917.194
10,80,7,12.6,7651791.782
10,80,7,12.7,8285103.347
10,80,7,12.8,8154970.833
10,80,7,12.9,9013845.421
10,80,7,13,8571394.876
10,80,7,13.1,8536692.872
10,80,7,13.2,9196030.94
10,80,7,13.3,9464971.467
10,80,7,13.4,9464971.467
10,80,7,13.5,10740270.1
10,80,7,13.6,9794640.501
10,80,7,13.7,11312853.16
10,80,7,13.8,10401925.56
10,80,7,13.9,10584111.08
10,80,7,14,10879078.11
10,80,7,14.1,11486363.17
10,80,7,14.2,12371264.26
10,80,7,14.3,12206429.75
10,80,7,14.4,12631529.29
10,80,7,14.5,12510072.28
10,80,7,14.6,13525105.88
10,80,7,14.7,13134708.34
10,80,7,14.8,13160734.84
10,80,7,14.9,14288549.96
10,80,7,15,14028284.93
10,80,7,15.1,14245172.46
10,80,7,15.2,14236496.95
10,80,7,15.3,14843782.02
10,80,7,15.4,14713649.5
10,80,7,15.5,15043318.54
10,80,7,15.6,15208153.05
10,80,7,15.7,15312259.06
10,80,7,15.8,15346961.07
10,80,7,15.9,16353319.17
10,80,7,16,16960604.23
10,80,7,16.1,16544180.19
10,80,7,16.2,17437756.78
10,80,7,16.3,16388021.17
10,80,7,16.4,17108087.75
10,80,7,16.5,18036366.34
10,80,7,16.6,16960604.23
10,80,7,16.7,16908551.23
10,80,7,16.8,17958286.83
10,80,7,16.9,18192525.36
10,80,7,17,18669677.91
10,80,7,17.1,17802127.82
10,80,7,17.2,18730406.41
10,80,7,17.3,18548220.9
10,80,7,17.4,19346366.98
10,80,7,17.5,18860538.93
10,80,7,17.6,18713055.41
10,80,7,17.7,19450472.99
10,80,7,17.8,18756432.92
10,80,7,17.9,19337691.48
10,80,7,18,19094777.45
10,80,7,18.1,19597956.5
10,80,7,18.2,19103452.95
10,80,7,18.3,20387427.08
10,80,7,18.4,19806168.52
10,80,7,18.5,19823519.53
10,80,7,18.6,20439480.09
10,80,7,18.7,20682394.11
10,80,7,18.8,19710738.01
10,80,7,18.9,20291996.57
10,80,7,19,20977361.14
10,80,7,19.1,21202924.17
10,80,7,19.2,20274645.57
10,80,7,19.3,19884248.03
10,80,7,19.4,20855904.13
10,80,7,19.5,21836235.73
10,80,7,19.6,20864579.63
10,80,7,19.7,20881930.63
10,80,7,19.8,22061798.75
10,80,7,19.9,20829877.63
10,80,7,20,21376434.18
10,80,7,20.1,21541268.7
10,80,7,20.2,21367758.68
10,80,7,20.3,20916632.64
10,80,7,20.4,22322063.78
10,80,7,20.5,21975043.75
10,80,7,20.6,21896964.24
10,80,7,20.7,22009745.75
10,80,7,20.8,21601997.21
10,80,7,20.9,21272328.17
10,80,7,21,21532593.2
10,80,7,21.1,21844911.23
10,80,7,21.2,22027096.75
10,80,7,21.3,21706103.22
10,80,7,21.4,21324381.18
10,80,7,21.5,22773189.83
10,80,7,21.6,22677759.32
10,80,7,21.7,22113851.76
10,80,7,21.8,21411136.19
10,80,7,21.9,20942659.14
10,80,7,22,22087825.26
10,80,7,22.1,22721136.82
10,80,7,22.2,21411136.19
10,80,7,22.3,22382792.29
10,80,7,22.4,21749480.72
10,80,7,22.5,23042130.35
10,80,7,22.6,21471864.69
10,80,7,22.7,22382792.29
10,80,7,22.8,21480540.19
10,80,7,22.9,22139878.26
10,80,7,23,21818884.73
10,80,7,23.1,21784182.73
10,80,7,23.2,21064116.15
10,80,7,23.3,21862262.23
10,80,7,23.4,21697427.72
10,80,7,23.5,22868620.34
10,80,7,23.6,21801533.73
10,80,7,23.7,22200606.77
10,80,7,23.8,21532593.2
10,80,7,23.9,21428487.19
10,80,7,24,21680076.72
10,80,7,24.1,22599679.81
10,80,7,24.2,21619348.21
10,80,7,24.3,22296037.28
10,80,7,24.4,21818884.73
10,80,7,24.5,21740805.22
10,80,7,24.6,21645374.71
10,80,7,24.7,21714778.72
10,80,7,24.8,21575970.7
10,80,7,24.9,22226633.27
10,80,7,25,21601997.21
10,80,7,25.1,21888288.74
10,80,7,25.2,20890606.13
10,80,7,25.3,20803851.13
10,80,7,25.4,21350407.68
10,80,7,25.5,21870937.73
10,80,7,25.6,21601997.21
10,80,7,25.7,21246301.67
10,80,7,25.8,21281003.67
10,80,7,25.9,21333056.68
10,80,7,26,20500208.59
10,80,7,26.1,21792858.23
10,80,7,26.2,21081467.15
10,80,7,26.3,21003387.65
10,80,7,26.4,21558619.7
10,80,7,26.5,21497891.2
10,80,7,26.6,21098818.16
10,80,7,26.7,21983719.25
10,80,7,26.8,21038089.65
10,80,7,26.9,20335374.08
10,80,7,27,20968685.64
10,80,7,27.1,21072791.65
10,80,7,27.2,20005705.04
10,80,7,27.3,20179215.06
10,80,7,27.4,20639016.61
10,80,7,27.5,20500208.59
10,80,7,27.6,20422129.09
10,80,7,27.7,20907957.14
10,80,7,27.8,21107493.66
10,80,7,27.9,20248619.07
10,80,7,28,19207558.96
10,80,7,28.1,20508884.1
10,80,7,28.2,20560937.1
10,80,7,28.3,20179215.06
10,80,7,28.4,20370076.08
10,80,7,28.5,19971003.04
10,80,7,28.6,20135837.56
10,80,7,28.7,20222592.57
10,80,7,28.8,19337691.48
10,80,7,28.9,20127162.06
10,80,7,29,19884248.03
10,80,7,29.1,20179215.06
10,80,7,29.2,19979678.54
10,80,7,29.3,20135837.56
10,80,7,29.4,19684711.51
10,80,7,29.5,19398419.98
10,80,7,29.6,19493850.49
10,80,7,29.7,19485174.99
10,80,7,29.8,19164181.46
10,80,7,29.9,20352725.08
10,80,7,30,19658685.01
10,80,7,30.1,19606632
10,80,7,30.2,18938618.44
10,80,7,30.3,19762791.02
10,80,7,30.4,18895240.93
10,80,7,30.5,18929942.93
10,80,7,30.6,18357359.88
10,80,7,30.7,18669677.91
10,80,7,30.8,18747757.42
10,80,7,30.9,18825836.92
10,80,7,31,18426763.88
10,80,7,31.1,18713055.41
10,80,7,31.2,19329015.97
10,80,7,31.3,18218551.86
10,80,7,31.4,19086101.95
10,80,7,31.5,18973320.44
10,80,7,31.6,19051399.95
10,80,7,31.7,17611266.8
10,80,7,31.8,17854180.82
10,80,7,31.9,18530869.89
10,80,7,32,18869214.43
10,80,7,32.1,18166498.86
10,80,7,32.2,18808485.92
10,80,7,32.3,17880207.33
10,80,7,32.4,17958286.83
10,80,7,32.5,17316299.77
10,80,7,32.6,17160140.75
10,80,7,32.7,17420405.78
10,80,7,32.8,17906233.83
10,80,7,32.9,17585240.3
10,80,7,33,17819478.82
10,80,7,33.1,17593915.8
10,80,7,33.2,17698021.81
10,80,7,33.3,17489809.79
10,80,7,33.4,17559213.79
10,80,7,33.5,17307624.27
10,80,7,33.6,17628617.8
10,80,7,33.7,16908551.23
10,80,7,33.8,17003981.74
10,80,7,33.9,16570206.69
10,80,7,34,17038683.74
10,80,7,34.1,17116763.25
10,80,7,34.2,17368352.77
10,80,7,34.3,16396696.68
10,80,7,34.4,16951928.73
10,80,7,34.5,16335968.17
10,80,7,34.6,17212193.76
10,80,7,34.7,16301266.17
10,80,7,34.8,16214511.16
10,80,7,34.9,16899875.73
10,80,7,35,16804445.22
10,80,7,35.1,15910868.63
10,80,7,35.2,16917226.73
10,80,7,35.3,15685305.6
10,80,7,35.4,15763385.11
10,80,7,35.5,16379345.67
10,80,7,35.6,15806762.62
10,80,7,35.7,16639610.7
10,80,7,35.8,16119080.65
10,80,7,35.9,16891200.23
10,80,7,36,16101729.65
10,80,7,36.1,15372987.57
10,80,7,36.2,15607226.09
10,80,7,36.3,15945570.63
10,80,7,36.4,15798087.11
10,80,7,36.5,15824113.62
10,80,7,36.6,16188484.65
10,80,7,36.7,15876166.62
10,80,7,36.8,15355636.57
10,80,7,36.9,15433716.08
10,80,7,37,15294908.06
10,80,7,37.1,15746034.11
10,80,7,37.2,15546497.59
10,80,7,37.3,15824113.62
10,80,7,37.4,15433716.08
10,80,7,37.5,14982590.03
10,80,7,37.6,16023650.14
10,80,7,37.7,15225504.06
10,80,7,37.8,14236496.95
10,80,7,37.9,15598550.59
10,80,7,38,15485769.08
10,80,7,38.1,15104047.04
10,80,7,38.2,15017292.03
10,80,7,38.3,15503120.08
10,80,7,38.4,14999941.03
10,80,7,38.5,14843782.02
10,80,7,38.6,14722325
10,80,7,38.7,14947888.03
10,80,7,38.8,14470735.48
10,80,7,38.9,14791729.01
10,80,7,39,14201794.95
10,80,7,39.1,14141066.44
10,80,7,39.2,14635570
10,80,7,39.3,14618218.99
10,80,7,39.4,14071662.44
10,80,7,39.5,13932854.42
10,80,7,39.6,14115039.94
10,80,7,39.7,14201794.95
10,80,7,39.8,13863450.42
10,80,7,39.9,13932854.42
10,80,7,40,13811397.41
10,80,7,40.1,13577158.89
10,80,7,40.2,13481728.38
10,80,7,40.3,13811397.41
10,80,7,40.4,13308218.36
10,80,7,40.5,13750668.91
10,80,7,40.6,13889476.92
10,80,7,40.7,13169410.35
10,80,7,40.8,13837423.91
10,80,7,40.9,12831065.81
10,80,7,41,13846099.41
10,80,7,41.1,13325569.36
10,80,7,41.2,13420999.87
10,80,7,41.3,12987224.83
10,80,7,41.4,13464377.38
10,80,7,41.5,13047953.33
10,80,7,41.6,12978549.33
10,80,7,41.7,12752986.3
10,80,7,41.8,12588151.79
10,80,7,41.9,13663913.9
10,80,7,42,12987224.83
10,80,7,42.1,13204112.35
10,80,7,42.2,13117357.34
10,80,7,42.3,12093648.24
10,80,7,42.4,12683582.3
10,80,7,42.5,12692257.8
10,80,7,42.6,13186761.35
10,80,7,42.7,12805039.31
10,80,7,42.8,11963515.72
10,80,7,42.9,11989542.23
10,80,7,43,12510072.28
10,80,7,43.1,11633846.69
10,80,7,43.2,12423317.27
10,80,7,43.3,12397290.77
10,80,7,43.4,12319211.26
10,80,7,43.5,12301860.26
10,80,7,43.6,11763979.2
10,80,7,43.7,11954840.22
10,80,7,43.8,11850734.21
10,80,7,43.9,11651197.69
10,80,7,44,11963515.72
10,80,7,44.1,11998217.73
10,80,7,44.2,11416959.17
10,80,7,44.3,11963515.72
10,80,7,44.4,12327886.76
10,80,7,44.5,11651197.69
10,80,7,44.6,11529740.68
10,80,7,44.7,11538416.18
10,80,7,44.8,11642522.19
10,80,7,44.9,11876760.71
10,80,7,45,11651197.69
10,80,7,45.1,11356230.66
10,80,7,45.2,11573118.18
10,80,7,45.3,11763979.2
10,80,7,45.4,11581793.68
10,80,7,45.5,10965833.12
10,80,7,45.6,10974508.62
10,80,7,45.7,11364906.16
10,80,7,45.8,11512389.68
10,80,7,45.9,10679541.59
10,80,7,46,11547091.68
10,80,7,46.1,10731594.6
10,80,7,46.2,10957157.62
10,80,7,46.3,11139343.14
10,80,7,46.4,10896429.11
10,80,7,46.5,11174045.14
10,80,7,46.6,11035237.13
10,80,7,46.7,10731594.6
10,80,7,46.8,11104641.13
10,80,7,46.9,10870402.61
10,80,7,47,10575435.58
10,80,7,47.1,10427952.07
10,80,7,47.2,10766296.6
10,80,7,47.3,10601462.08
10,80,7,47.4,10566760.08
10,80,7,47.5,10853051.61
10,80,7,47.6,10159011.54
10,80,7,47.7,10471329.57
10,80,7,47.8,10471329.57
10,80,7,47.9,10523382.58
10,80,7,48,10150336.04
10,80,7,48.1,10141660.54
10,80,7,48.2,10297819.55
10,80,7,48.3,9846693.506
10,80,7,48.4,9621130.483
10,80,7,48.5,10514707.07
10,80,7,48.6,10028879.02
10,80,7,48.7,9725236.494
10,80,7,48.8,9924773.014
10,80,7,48.9,10323846.05
10,80,7,49,9820667.003
10,80,7,49.1,9855369.007
10,80,7,49.2,9959475.018
10,80,7,49.3,9490997.97
10,80,7,49.4,9352189.956
10,80,7,49.5,9569077.478
10,80,7,49.6,9959475.018
10,80,7,49.7,9733911.995
10,80,7,49.8,9647156.986
10,80,7,49.9,9586428.48
10,80,7,50,9230732.943
10,80,7,50.1,9334838.954
10,80,7,50.2,9742587.495
10,80,7,50.3,9248083.945
10,80,7,50.4,9369540.957
10,80,7,50.5,9716560.993
10,80,7,50.6,9742587.495
10,80,7,50.7,9360865.456
10,80,7,50.8,9386891.959
10,80,7,50.9,9248083.945
10,80,7,51,9005169.92
10,80,7,51.1,9135302.433
10,80,7,51.2,9482322.469
10,80,7,51.3,9213381.941
10,80,7,51.4,8805633.4
10,80,7,51.5,8822984.402
10,80,7,51.6,8788282.398
10,80,7,51.7,8849010.904
10,80,7,51.8,9022520.922
10,80,7,51.9,8831659.902
10,80,7,52,8640798.883
10,80,7,52.1,8840335.403
10,80,7,52.2,8744904.894
10,80,7,52.3,8927090.412
10,80,7,52.4,8753580.394
10,80,7,52.5,8458613.364
10,80,7,52.6,8614772.38
10,80,7,52.7,8736229.393
10,80,7,52.8,7938083.311
10,80,7,52.9,7964109.814
10,80,7,53,7981460.816
10,80,7,53.1,8380533.856
10,80,7,53.2,8241725.842
10,80,7,53.3,8102917.828
10,80,7,53.4,8484639.867
10,80,7,53.5,8042189.322
10,80,7,53.6,8580070.377
10,80,7,53.7,8293778.847
10,80,7,53.8,8285103.347
10,80,7,53.9,8207023.839
10,80,7,54,8224374.84
10,80,7,54.1,7929407.81
10,80,7,54.2,8458613.364
10,80,7,54.3,8094242.327
10,80,7,54.4,7790599.796
10,80,7,54.5,7747222.292
10,80,7,54.6,7860003.803
10,80,7,54.7,7625765.279
10,80,7,54.8,7972785.315
10,80,7,54.9,8102917.828
10,80,7,55,8311129.849
10,80,7,55.1,7729871.29
10,80,7,55.2,7912056.808
10,80,7,55.3,7886030.306
10,80,7,55.4,7608414.277
10,80,7,55.5,7408877.757
10,80,7,55.6,7582387.775
10,80,7,55.7,8007487.318
10,80,7,55.8,7252718.741
10,80,7,55.9,7591063.276
10,80,7,56,6914374.206
10,80,7,56.1,7504308.267
10,80,7,56.2,7521659.269
10,80,7,56.3,7729871.29
10,80,7,56.4,7721195.789
10,80,7,56.5,7434904.26
10,80,7,56.6,6914374.206
10,80,7,56.7,7391526.755
10,80,7,56.8,7348149.251
10,80,7,56.9,7365500.253
10,80,7,57,7278745.244
10,80,7,57.1,6983778.214
10,80,7,57.2,7096559.725
10,80,7,57.3,7278745.244
10,80,7,57.4,7122586.228
10,80,7,57.5,7226692.238
10,80,7,57.6,6949076.21
10,80,7,57.7,7209341.237
10,80,7,57.8,7426228.759
10,80,7,57.9,7226692.238
10,80,7,58,6931725.208
10,80,7,58.1,15425040.58
10,80,7,58.2,6298413.644
10,80,7,58.3,6732188.688
10,80,7,58.4,6836294.699
10,80,7,58.5,6784241.693
10,80,7,58.6,6758215.191
10,80,7,58.7,6818943.697
10,80,7,58.8,6749539.69
10,80,7,58.9,6567354.171
10,80,7,59,6523976.667
10,80,7,59.1,6645433.679
10,80,7,59.2,6567354.171
10,80,7,59.3,6862321.201
10,80,7,59.4,6211658.635
10,80,7,59.5,20612990.11
10,80,7,59.6,6272387.141
10,80,7,59.7,6593380.674
10,80,7,59.8,6645433.679
10,80,7,59.9,6471923.661
10,80,7,60,6246360.638
10,80,7,60.1,6185632.132
10,80,7,60.2,6298413.644
10,80,7,60.3,6402519.654
10,80,7,60.4,6142254.628
10,80,7,60.5,6862321.201
10,80,7,60.6,6697486.684
10,80,7,60.7,6385168.652
10,80,7,60.8,5786559.091
10,80,7,60.9,5803910.093
10,80,7,61,6159605.629
10,80,7,61.1,6012122.114
10,80,7,61.2,5699804.082
10,80,7,61.3,5760532.589
10,80,7,61.4,5986095.612
10,80,7,61.5,6480599.162
10,80,7,61.6,5500267.562
10,80,7,61.7,5873314.1
10,80,7,61.8,5786559.091
10,80,7,61.9,5873314.1
10,80,7,62,6003446.613
10,80,7,62.1,5994771.113
10,80,7,62.2,5951393.608
10,80,7,62.3,5630400.075
10,80,7,62.4,5474241.059
10,80,7,62.5,5873314.1
10,80,7,62.6,5517618.564
10,80,7,62.7,5222651.534
10,80,7,62.8,5751857.088
10,80,7,62.9,5526294.065
10,80,7,63,5292055.541
10,80,7,63.1,5639075.576
10,80,7,63.2,5439539.056
10,80,7,63.3,5066492.518
10,80,7,63.4,5274704.539
10,80,7,63.5,4953711.006
10,80,7,63.6,5179274.029
10,80,7,63.7,5534969.566
10,80,7,63.8,4910333.502
10,80,7,63.9,5370135.049
10,80,7,64,5266029.038
10,80,7,64.1,5274704.539
10,80,7,64.2,5387486.05
10,80,7,64.3,5413512.553
10,80,7,64.4,5196625.031
10,80,7,64.5,4650068.475
10,80,7,64.6,5161923.027
10,80,7,64.7,4745498.985
10,80,7,64.8,5153247.527
10,80,7,64.9,4632717.473
10,80,7,65,5144572.026
10,80,7,65.1,4945035.505
10,80,7,65.2,4884306.999
10,80,7,65.3,5266029.038
10,80,7,65.4,5127221.024
10,80,7,65.5,4971062.008
10,80,7,65.6,5187949.53
10,80,7,65.7,5075168.019
10,80,7,65.8,4676094.978
10,80,7,65.9,4641392.974
10,80,7,66,4780200.988
10,80,7,66.1,4658743.976
10,80,7,66.2,4372452.447
10,80,7,66.3,4693445.98
10,80,7,66.4,4650068.475
10,80,7,66.5,4754174.486
10,80,7,66.6,4571988.967
10,80,7,66.7,4294372.939
10,80,7,66.8,4493909.459
10,80,7,66.9,4415829.951
10,80,7,67,4424505.452
10,80,7,67.1,5899340.603
10,80,7,67.2,4363776.946
10,80,7,67.3,4459207.456
10,80,7,67.4,7330798.249
10,80,7,67.5,4129538.422
10,80,7,67.6,4459207.456
10,80,7,67.7,4337750.443
10,80,7,67.8,4667419.477
10,80,7,67.9,4381127.948
10,80,7,68,4207617.93
10,80,7,68.1,4389803.449
10,80,7,68.2,4051458.914
10,80,7,68.3,4493909.459
10,80,7,68.4,4250995.434
10,80,7,68.5,4355101.445
10,80,7,68.6,4164240.425
10,80,7,68.7,3938677.402
10,80,7,68.8,4138213.923
10,80,7,68.9,3817220.39
10,80,7,69,4242319.933
10,80,7,69.1,3765167.385
10,80,7,69.2,4311723.941
10,80,7,69.3,4962386.507
10,80,7,69.4,3730465.381
10,80,7,69.5,4086160.918
10,80,7,69.6,3392120.847
10,80,7,69.7,3626359.371
10,80,7,69.8,3279339.335
10,80,7,69.9,3426822.85
10,80,7,70,3530928.861
10,80,7,70.1,3461524.854
10,80,7,70.2,3149206.822
10,80,7,70.3,3435498.351
10,80,7,70.4,3348743.342
10,80,7,70.5,3565630.864
10,80,7,70.6,3088478.316
10,80,7,70.7,3366094.344
10,80,7,70.8,3010398.808
10,80,7,70.9,3279339.335
10,80,7,71,2854239.792
10,80,7,71.1,3045100.811
10,80,7,71.2,2949670.301
10,80,7,71.3,3079802.815
10,80,7,71.4,2923643.799
10,80,7,71.5,3027749.809
10,80,7,71.6,3088478.316
10,80,7,71.7,3157882.323
10,80,7,71.8,3027749.809
10,80,7,71.9,3010398.808
10,80,7,72,2871590.793
10,80,7,72.1,3019074.308
10,80,7,72.2,2906292.797
10,80,7,72.3,2802186.786
10,80,7,72.4,2949670.301
10,80,7,72.5,2359736.241
10,80,7,72.6,2663378.772
10,80,7,72.7,2767484.783
10,80,7,72.8,2680729.774
10,80,7,72.9,2637352.269
10,80,7,73,2880266.294
10,80,7,73.1,3062451.813
10,80,7,73.2,2507219.756
10,80,7,73.3,2559272.761
10,80,7,73.4,2750133.781
10,80,7,73.5,2472517.753
10,80,7,73.6,2264305.731
10,80,7,73.7,2385762.744
10,80,7,73.8,2498544.255
10,80,7,73.9,2654703.271
10,80,7,74,2672054.273
10,80,7,74.1,2403113.746
10,80,7,74.2,2177550.722
10,80,7,74.3,2732782.779
10,80,7,74.4,2576623.763
10,80,7,74.5,2377087.243
10,80,7,74.6,2333709.738
10,80,7,74.7,2229603.728
10,80,7,74.8,2394438.245
10,80,7,74.9,2281656.733
10,80,7,75,2073444.712
10,80,7,75.1,2316358.737
10,80,7,75.2,2307683.236
10,80,7,75.3,2134173.218
10,80,7,75.4,2307683.236
10,80,7,75.5,2246954.73
10,80,7,75.6,1847881.689
10,80,7,75.7,2394438.245
10,80,7,75.8,1969338.701
10,80,7,75.9,1943312.199
10,80,7,76,1873908.191
10,80,7,76.1,1908610.195
10,80,7,76.2,1969338.701
10,80,7,76.3,1787153.183
10,80,7,76.4,1899934.694
10,80,7,76.5,1873908.191
10,80,7,76.6,1657020.669
10,80,7,76.7,1925961.197
10,80,7,76.8,1630994.167
10,80,7,76.9,1613643.165
10,80,7,77,1622318.666
10,80,7,77.1,1743775.678
10,80,7,77.2,1674371.671
10,80,7,77.3,1717749.176
10,80,7,77.4,1483510.652
10,80,7,77.5,1813179.685
10,80,7,77.6,1526888.156
10,80,7,77.7,1318676.135
10,80,7,77.8,1431457.646
10,80,7,77.9,1578941.161
10,80,7,78,1301325.133
10,80,7,78.1,1249272.128
10,80,7,78.2,1301325.133
10,80,7,78.3,1214570.124
10,80,7,78.4,1240596.627
10,80,7,78.5,1075762.11
10,80,7,78.6,1127815.115
10,80,7,78.7,1058411.108
10,80,7,78.8,1162517.119
10,80,7,78.9,910927.5931
10,80,7,79,936954.0957
10,80,7,79.1,1058411.108
10,80,7,79.2,980331.6002
10,80,7,79.3,919603.094
10,80,7,79.4,711391.0727
10,80,7,79.5,668013.5683
10,80,7,79.6,668013.5683
10,80,7,79.7,694040.0709
10,80,7,79.8,442450.5452
10,80,7,79.9,286291.5293
10,80,7,80,104106.0106
10,150,7,2.9,14592.26509
10,150,7,3,14592.26509
10,150,7,3.2,58369.06036
10,150,7,3.3,116738.1207
10,150,7,3.4,131330.3858
10,150,7,3.5,248068.5065
10,150,7,3.6,248068.5065
10,150,7,3.7,539913.8083
10,150,7,3.8,744205.5196
10,150,7,3.9,846351.3752
10,150,7,4,1284119.328
10,150,7,4.1,1400857.449
10,150,7,4.2,2159655.233
10,150,7,4.3,2407723.74
10,150,7,4.4,2699569.042
10,150,7,4.5,3648066.272
10,150,7,4.6,4509009.913
10,150,7,4.7,4494417.648
10,150,7,4.8,5369953.553
10,150,7,4.9,6449781.169
10,150,7,5,7223171.219
10,150,7,5.1,9076388.886
10,150,7,5.2,9076388.886
10,150,7,5.3,10243770.09
10,150,7,5.4,11644627.54
10,150,7,5.5,13162223.11
10,150,7,5.6,13833467.3
10,150,7,5.7,15672092.71
10,150,7,5.8,17204280.54
10,150,7,5.9,18502992.13
10,150,7,6,19801703.73
10,150,7,6.1,21596552.33
10,150,7,6.2,22355350.12
10,150,7,6.3,24573374.41
10,150,7,6.4,26236892.63
10,150,7,6.5,28308994.27
10,150,7,6.6,29724443.99
10,150,7,6.7,31621438.45
10,150,7,6.8,33284956.67
10,150,7,6.9,33824870.48
10,150,7,7,37823151.11
10,150,7,7.1,38859201.93
10,150,7,7.2,38436026.25
10,150,7,7.3,43557911.29
10,150,7,7.4,138568149.3
10,150,7,7.5,45644605.2
10,150,7,7.6,49365632.8
10,150,7,7.7,49205117.88
10,150,7,7.8,50795674.78
10,150,7,7.9,53407690.23
10,150,7,8,55961336.62
10,150,7,8.1,56603396.28
10,150,7,8.2,57654039.37
10,150,7,8.3,315951723.7
10,150,7,8.4,2366909174
10,150,7,8.5,61389659.23
10,150,7,8.6,63126138.78
10,150,7,8.7,63563906.73
10,150,7,8.8,101168173.9
10,150,7,8.9,68612830.45
10,150,7,9,69254890.11
10,150,7,9.1,71866905.56
10,150,7,9.2,73982784
10,150,7,9.3,77105528.73
10,150,7,9.4,74026560.8
10,150,7,9.5,179659967.8
10,150,7,9.6,122545842.2
10,150,7,9.7,1687712196
10,150,7,9.8,212988701.2
10,150,7,9.9,154969855.2
10,150,7,10,742527409.1
10,150,7,10.1,92004231.39
10,150,7,10.2,91026549.63
10,150,7,10.3,38012850.56
10,150,7,10.4,38129588.68
10,150,7,10.5,38012850.56
10,150,7,10.6,37735597.52
10,150,7,10.7,39209416.3
10,150,7,10.8,39574222.92
10,150,7,10.9,40916711.31
10,150,7,11,49073787.5
10,150,7,11.1,42288384.23
10,150,7,11.2,43733018.47
10,150,7,11.3,241968939.7
10,150,7,11.4,44710700.23
10,150,7,11.5,48125290.26
10,150,7,11.6,50474644.94
10,150,7,11.7,51525288.03
10,150,7,11.8,35269504.72
10,150,7,11.9,34335599.76
10,150,7,12,41529586.44
10,150,7,12.1,33051480.43
10,150,7,12.2,30731310.28
10,150,7,12.3,32351051.7
10,150,7,12.4,33708132.36
10,150,7,12.5,34175084.84
10,150,7,12.6,33270364.4
10,150,7,12.7,33109849.49
10,150,7,12.8,34277230.69
10,150,7,12.9,34014569.92
10,150,7,13,34598260.53
10,150,7,13.1,36568216.31
10,150,7,13.2,37472936.75
10,150,7,13.3,37078945.59
10,150,7,13.4,37093537.86
10,150,7,13.5,37312421.83
10,150,7,13.6,40391389.77
10,150,7,13.7,39530446.13
10,150,7,13.8,38042035.09
10,150,7,13.9,39413708.01
10,150,7,14,39924437.28
10,150,7,14.1,40055767.67
10,150,7,14.2,39034309.11
10,150,7,14.3,39501261.6
10,150,7,14.4,41223148.88
10,150,7,14.5,40916711.31
10,150,7,14.6,43499542.23
10,150,7,14.7,42098684.78
10,150,7,14.8,42390530.08
10,150,7,14.9,41646324.56
10,150,7,15,43222289.19
10,150,7,15.1,43820572.06
10,150,7,15.2,43630872.62
10,150,7,15.3,45119283.66
10,150,7,15.4,44987953.27
10,150,7,15.5,42769928.98
10,150,7,15.6,43805979.8
10,150,7,15.7,44783661.56
10,150,7,15.8,44331301.34
10,150,7,15.9,45338167.63
10,150,7,16,46811986.41
10,150,7,16.1,46782801.88
10,150,7,16.2,46636879.23
10,150,7,16.3,46724432.82
10,150,7,16.4,46272072.6
10,150,7,16.5,47935590.82
10,150,7,16.6,50007692.46
10,150,7,16.7,48606835.01
10,150,7,16.8,46841170.94
10,150,7,16.9,47702114.58
10,150,7,17,48781942.19
10,150,7,17.1,47351900.21
10,150,7,17.2,49278079.21
10,150,7,17.3,47906406.29
10,150,7,17.4,49847177.55
10,150,7,17.5,49453186.39
10,150,7,17.6,48212843.86
10,150,7,17.7,48490096.89
10,150,7,17.8,49175933.35
10,150,7,17.9,49365632.8
10,150,7,18,50226576.44
10,150,7,18.1,50839451.57
10,150,7,18.2,48957049.37
10,150,7,18.3,49248894.68
10,150,7,18.4,49730439.42
10,150,7,18.5,49584516.77
10,150,7,18.6,49920138.87
10,150,7,18.7,51773356.54
10,150,7,18.8,50854043.84
10,150,7,18.9,50883228.37
10,150,7,19,51218850.46
10,150,7,19.1,51875502.39
10,150,7,19.2,50416275.88
10,150,7,19.3,51583657.09
10,150,7,19.4,53290952.11
10,150,7,19.5,50518421.74
10,150,7,19.6,51029151.02
10,150,7,19.7,50211984.17
10,150,7,19.8,51393957.64
10,150,7,19.9,50460052.68
10,150,7,20,51291811.79
10,150,7,20.1,51335588.58
10,150,7,20.2,50664344.39
10,150,7,20.3,52561338.85
10,150,7,20.4,51481511.24
10,150,7,20.5,51218850.46
10,150,7,20.6,52590523.38
10,150,7,20.7,49205117.88
10,150,7,20.8,51510695.77
10,150,7,20.9,51612841.62
10,150,7,21,51452326.7
10,150,7,21.1,51466918.97
10,150,7,21.2,51204258.2
10,150,7,21.3,51598249.36
10,150,7,21.4,50518421.74
10,150,7,21.5,50328722.29
10,150,7,21.6,50708121.19
10,150,7,21.7,51948463.72
10,150,7,21.8,50401683.62
10,150,7,21.9,49847177.55
10,150,7,22,51598249.36
10,150,7,22.1,51189665.93
10,150,7,22.2,50284945.5
10,150,7,22.3,51685802.95
10,150,7,22.4,50605975.33
10,150,7,22.5,51481511.24
10,150,7,22.6,50635159.86
10,150,7,22.7,51393957.64
10,150,7,22.8,50284945.5
10,150,7,22.9,49219710.15
10,150,7,23,50095246.05
10,150,7,23.1,50401683.62
10,150,7,23.2,50241168.7
10,150,7,23.3,50036876.99
10,150,7,23.4,49190525.62
10,150,7,23.5,50970781.96
10,150,7,23.6,49117564.29
10,150,7,23.7,49511555.45
10,150,7,23.8,47833444.96
10,150,7,23.9,50022284.73
10,150,7,24,48227436.12
10,150,7,24.1,49672070.36
10,150,7,24.2,50051469.26
10,150,7,24.3,48242028.39
10,150,7,24.4,48898680.31
10,150,7,24.5,46622286.96
10,150,7,24.6,49511555.45
10,150,7,24.7,47760483.64
10,150,7,24.8,48942457.11
10,150,7,24.9,47235162.09
10,150,7,25,48387951.04
10,150,7,25.1,48796534.46
10,150,7,25.2,48081513.47
10,150,7,25.3,47410269.28
10,150,7,25.4,49832585.28
10,150,7,25.5,47745891.37
10,150,7,25.6,47060054.91
10,150,7,25.7,45951042.77
10,150,7,25.8,47147608.5
10,150,7,25.9,45951042.77
10,150,7,26,47862629.49
10,150,7,26.1,48475504.63
10,150,7,26.2,46009411.83
10,150,7,26.3,47205977.56
10,150,7,26.4,47351900.21
10,150,7,26.5,47439453.81
10,150,7,26.6,46826578.67
10,150,7,26.7,47979367.61
10,150,7,26.8,44039456.04
10,150,7,26.9,46943316.79
10,150,7,27,46228295.8
10,150,7,27.1,46447179.78
10,150,7,27.2,47381084.75
10,150,7,27.3,44812846.09
10,150,7,27.4,46082373.15
10,150,7,27.5,45527867.08
10,150,7,27.6,46345033.92
10,150,7,27.7,45279798.57
10,150,7,27.8,44418854.93
10,150,7,27.9,45878081.44
10,150,7,28,46155334.48
10,150,7,28.1,45965635.03
10,150,7,28.2,44287524.55
10,150,7,28.3,45075506.86
10,150,7,28.4,44914991.94
10,150,7,28.5,44068640.57
10,150,7,28.6,44725292.5
10,150,7,28.7,45090099.13
10,150,7,28.8,46330441.66
10,150,7,28.9,44272932.28
10,150,7,29,43470357.7
10,150,7,29.1,45702974.26
10,150,7,29.2,42259199.7
10,150,7,29.3,43937310.18
10,150,7,29.4,43280658.25
10,150,7,29.5,43017997.48
10,150,7,29.6,43528726.76
10,150,7,29.7,44521000.79
10,150,7,29.8,44506408.52
10,150,7,29.9,42157053.84
10,150,7,30,42726152.18
10,150,7,30.1,43324435.05
10,150,7,30.2,42230015.17
10,150,7,30.3,43061774.28
10,150,7,30.4,42726152.18
10,150,7,30.5,42842890.3
10,150,7,30.6,42302976.49
10,150,7,30.7,42375937.82
10,150,7,30.8,41048041.7
10,150,7,30.9,42551045
10,150,7,31,41383663.79
10,150,7,31.1,42945036.16
10,150,7,31.2,41602547.77
10,150,7,31.3,42113277.05
10,150,7,31.4,40770788.66
10,150,7,31.5,40435166.56
10,150,7,31.6,39924437.28
10,150,7,31.7,39836883.69
10,150,7,31.8,40960488.11
10,150,7,31.9,41558770.97
10,150,7,32,39866068.22
10,150,7,32.1,39924437.28
10,150,7,32.2,41004264.9
10,150,7,32.3,39428300.27
10,150,7,32.4,38523579.84
10,150,7,32.5,40741604.13
10,150,7,32.6,39019716.85
10,150,7,32.7,39836883.69
10,150,7,32.8,39545038.39
10,150,7,32.9,39413708.01
10,150,7,33,40289243.91
10,150,7,33.1,39413708.01
10,150,7,33.2,39690961.04
10,150,7,33.3,38859201.93
10,150,7,33.4,38975940.05
10,150,7,33.5,39005124.58
10,150,7,33.6,38231734.53
10,150,7,33.7,38100404.15
10,150,7,33.8,38581948.9
10,150,7,33.9,37721005.26
10,150,7,34,38786240.61
10,150,7,34.1,37268645.04
10,150,7,34.2,40799973.19
10,150,7,34.3,38611133.43
10,150,7,34.4,37837743.38
10,150,7,34.5,38129588.68
10,150,7,34.6,37181091.45
10,150,7,34.7,36626585.37
10,150,7,34.8,36509847.25
10,150,7,34.9,36378516.87
10,150,7,35,36042894.77
10,150,7,35.1,35313281.52
10,150,7,35.2,37458344.48
10,150,7,35.3,36962207.47
10,150,7,35.4,38917570.99
10,150,7,35.5,35736457.2
10,150,7,35.6,36611993.11
10,150,7,35.7,35444611.9
10,150,7,35.8,36772508.03
10,150,7,35.9,35867787.59
10,150,7,36,36801692.56
10,150,7,36.1,35079805.27
10,150,7,36.2,34685814.12
10,150,7,36.3,36218001.95
10,150,7,36.4,34846329.03
10,150,7,36.5,35181951.13
10,150,7,36.6,36845469.35
10,150,7,36.7,35269504.72
10,150,7,36.8,36699546.7
10,150,7,36.9,35838603.06
10,150,7,37,34145900.31
10,150,7,37.1,35838603.06
10,150,7,37.2,34714998.65
10,150,7,37.3,35853195.32
10,150,7,37.4,34262638.43
10,150,7,37.5,34992251.68
10,150,7,37.6,33547617.44
10,150,7,37.7,34335599.76
10,150,7,37.8,34890105.83
10,150,7,37.9,34102123.51
10,150,7,38,33255772.14
10,150,7,38.1,34642037.32
10,150,7,38.2,33518432.91
10,150,7,38.3,33095257.22
10,150,7,38.4,32759635.13
10,150,7,38.5,32511566.62
10,150,7,38.6,34189677.1
10,150,7,38.7,33445471.58
10,150,7,38.8,32686673.8
10,150,7,38.9,33533025.18
10,150,7,39,34116715.78
10,150,7,39.1,32336459.44
10,150,7,39.2,32672081.53
10,150,7,39.3,33620578.77
10,150,7,39.4,32438605.29
10,150,7,39.5,32394828.5
10,150,7,39.6,32278090.38
10,150,7,39.7,31913283.75
10,150,7,39.8,31650622.98
10,150,7,39.9,32394828.5
10,150,7,40,32526158.88
10,150,7,40.1,31811137.89
10,150,7,40.2,32540751.15
10,150,7,40.3,31242039.56
10,150,7,40.4,31577661.65
10,150,7,40.5,32030021.87
10,150,7,40.6,30278950.06
10,150,7,40.7,31227447.29
10,150,7,40.8,32394828.5
10,150,7,40.9,31387962.21
10,150,7,41,31387962.21
10,150,7,41.1,28702985.43
10,150,7,41.2,30454057.24
10,150,7,41.3,30731310.28
10,150,7,41.4,30891825.19
10,150,7,41.5,30366503.65
10,150,7,41.6,31490108.06
10,150,7,41.7,28805131.29
10,150,7,41.8,30176804.2
10,150,7,41.9,31256631.82
10,150,7,42,31198262.76
10,150,7,42.1,31475515.8
10,150,7,42.2,31110709.17
10,150,7,42.3,30162211.94
10,150,7,42.4,30483241.77
10,150,7,42.5,30512426.3
10,150,7,42.6,30891825.19
10,150,7,42.7,29666074.93
10,150,7,42.8,30235173.27
10,150,7,42.9,29388821.89
10,150,7,43,29943327.96
10,150,7,43.1,28265217.48
10,150,7,43.2,29359637.36
10,150,7,43.3,28994830.73
10,150,7,43.4,30074658.35
10,150,7,43.5,28177663.89
10,150,7,43.6,28367363.33
10,150,7,43.7,29228306.97
10,150,7,43.8,27666934.61
10,150,7,43.9,28454916.92
10,150,7,44,27915003.12
10,150,7,44.1,27331312.51
10,150,7,44.2,29549336.81
10,150,7,44.3,27900410.85
10,150,7,44.4,28265217.48
10,150,7,44.5,27929595.38
10,150,7,44.6,27112428.54
10,150,7,44.7,29228306.97
10,150,7,44.8,28279809.74
10,150,7,44.9,27842041.79
10,150,7,45,27739895.93
10,150,7,45.1,26908136.82
10,150,7,45.2,27710711.4
10,150,7,45.3,27433458.37
10,150,7,45.4,27316720.25
10,150,7,45.5,26864360.03
10,150,7,45.6,27944187.65
10,150,7,45.7,27798265
10,150,7,45.8,27010282.68
10,150,7,45.9,25755347.88
10,150,7,46,27302127.98
10,150,7,46.1,27127020.8
10,150,7,46.2,26776806.44
10,150,7,46.3,27112428.54
10,150,7,46.4,25915862.8
10,150,7,46.5,25682386.56
10,150,7,46.6,26645476.05
10,150,7,46.7,27199982.13
10,150,7,46.8,27243758.92
10,150,7,46.9,25974231.86
10,150,7,47,25726163.35
10,150,7,47.1,25974231.86
10,150,7,47.2,26805990.97
10,150,7,47.3,24996550.1
10,150,7,47.4,25901270.53
10,150,7,47.5,24836035.18
10,150,7,47.6,26791398.7
10,150,7,47.7,24996550.1
10,150,7,47.8,26426592.08
10,150,7,47.9,26222300.37
10,150,7,48,25901270.53
10,150,7,48.1,25945047.33
10,150,7,48.2,26528737.93
10,150,7,48.3,25361356.73
10,150,7,48.4,25069511.42
10,150,7,48.5,24821442.92
10,150,7,48.6,26061785.45
10,150,7,48.7,24091829.66
10,150,7,48.8,25273803.13
10,150,7,48.9,25142472.75
10,150,7,49,23274662.82
10,150,7,49.1,25215434.07
10,150,7,49.2,24573374.41
10,150,7,49.3,24150198.72
10,150,7,49.4,25609425.23
10,150,7,49.5,24398267.23
10,150,7,49.6,24121014.19
10,150,7,49.7,24179383.25
10,150,7,49.8,24398267.23
10,150,7,49.9,23829168.89
10,150,7,50,23581100.38
10,150,7,50.1,23581100.38
10,150,7,50.2,23420585.47
10,150,7,50.3,24806850.65
10,150,7,50.4,23537323.59
10,150,7,50.5,23960499.28
10,150,7,50.6,23084963.37
10,150,7,50.7,23581100.38
10,150,7,50.8,24515005.35
10,150,7,50.9,23303847.35
10,150,7,51,24412859.49
10,150,7,51.1,22924448.46
10,150,7,51.2,22939040.72
10,150,7,51.3,23420585.47
10,150,7,51.4,22690972.21
10,150,7,51.5,23143332.43
10,150,7,51.6,23245478.29
10,150,7,51.7,22632603.15
10,150,7,51.8,23055778.84
10,150,7,51.9,23405993.2
10,150,7,52,22676379.95
10,150,7,52.1,22690972.21
10,150,7,52.2,22982817.52
10,150,7,52.3,22369942.38
10,150,7,52.4,22107281.61
10,150,7,52.5,23026594.31
10,150,7,52.6,23610284.91
10,150,7,52.7,23114147.9
10,150,7,52.8,22618010.89
10,150,7,52.9,22209427.47
10,150,7,53,22369942.38
10,150,7,53.1,21771659.51
10,150,7,53.2,22559641.83
10,150,7,53.3,22530457.3
10,150,7,53.4,22107281.61
10,150,7,53.5,21990543.49
10,150,7,53.6,21202561.17
10,150,7,53.7,21363076.09
10,150,7,53.8,22647195.42
10,150,7,53.9,22034320.28
10,150,7,54,22793118.07
10,150,7,54.1,20852346.81
10,150,7,54.2,20414578.86
10,150,7,54.3,21275522.5
10,150,7,54.4,21333891.56
10,150,7,54.5,22005135.75
10,150,7,54.6,21654921.39
10,150,7,54.7,21406852.89
10,150,7,54.8,21757067.25
10,150,7,54.9,20516724.72
10,150,7,55,21187968.91
10,150,7,55.1,22063504.82
10,150,7,55.2,21115007.58
10,150,7,55.3,21231745.7
10,150,7,55.4,20443763.39
10,150,7,55.5,20793977.75
10,150,7,55.6,20239471.68
10,150,7,55.7,21377668.36
10,150,7,55.8,20516724.72
10,150,7,55.9,21290114.77
10,150,7,56,19524450.69
10,150,7,56.1,20385394.33
10,150,7,56.2,20385394.33
10,150,7,56.3,20648055.1
10,150,7,56.4,21056638.52
10,150,7,56.5,20414578.86
10,150,7,56.6,20618870.57
10,150,7,56.7,20706424.16
10,150,7,56.8,20531316.98
10,150,7,56.9,20662647.37
10,150,7,57,19845480.52
10,150,7,57.1,19363935.77
10,150,7,57.2,20297840.74
10,150,7,57.3,21902989.9
10,150,7,57.4,19976810.91
10,150,7,57.5,19670373.34
10,150,7,57.6,19159644.06
10,150,7,57.7,19305566.71
10,150,7,57.8,19436897.1
10,150,7,57.9,20151918.09
10,150,7,58,19612004.28
10,150,7,58.1,217993848.2
10,150,7,58.2,20195694.88
10,150,7,58.3,19597412.01
10,150,7,58.4,19612004.28
10,150,7,58.5,18969944.62
10,150,7,58.6,20195694.88
10,150,7,58.7,19349343.51
10,150,7,58.8,19699557.87
10,150,7,58.9,18999129.15
10,150,7,59,19553635.22
10,150,7,59.1,19699557.87
10,150,7,59.2,19582819.75
10,150,7,59.3,18459215.34
10,150,7,59.4,18488399.87
10,150,7,59.5,363493323.4
10,150,7,59.6,18546768.93
10,150,7,59.7,19057498.21
10,150,7,59.8,19086682.74
10,150,7,59.9,19407712.57
10,150,7,60,18590545.72
10,150,7,60.1,18079816.45
10,150,7,60.2,17393979.99
10,150,7,60.3,18751060.64
10,150,7,60.4,19714150.14
10,150,7,60.5,17992262.86
10,150,7,60.6,18181962.3
10,150,7,60.7,18605137.99
10,150,7,60.8,19393120.3
10,150,7,60.9,18634322.52
10,150,7,61,18590545.72
10,150,7,61.1,18546768.93
10,150,7,61.2,18065224.18
10,150,7,61.3,17423164.52
10,150,7,61.4,17992262.86
10,150,7,61.5,18021447.39
10,150,7,61.6,17992262.86
10,150,7,61.7,18415438.54
10,150,7,61.8,18181962.3
10,150,7,61.9,17393979.99
10,150,7,62,17393979.99
10,150,7,62.1,18721876.11
10,150,7,62.2,17452349.05
10,150,7,62.3,18109000.98
10,150,7,62.4,17058357.89
10,150,7,62.5,17393979.99
10,150,7,62.6,17802563.41
10,150,7,62.7,17131319.21
10,150,7,62.8,17291834.13
10,150,7,62.9,17335610.93
10,150,7,63,17189688.28
10,150,7,63.1,17496125.84
10,150,7,63.2,17116726.95
10,150,7,63.3,17364795.46
10,150,7,63.4,17393979.99
10,150,7,63.5,17379387.72
10,150,7,63.6,15832607.62
10,150,7,63.7,16489259.55
10,150,7,63.8,17744194.35
10,150,7,63.9,16387113.7
10,150,7,64,17029173.36
10,150,7,64.1,16124452.92
10,150,7,64.2,17102134.68
10,150,7,64.3,16999988.83
10,150,7,64.4,16854066.18
10,150,7,64.5,16649774.47
10,150,7,64.6,15905568.95
10,150,7,64.7,16197414.25
10,150,7,64.8,16562220.88
10,150,7,64.9,17685825.29
10,150,7,65,16605997.67
10,150,7,65.1,15307286.08
10,150,7,65.2,16066083.86
10,150,7,65.3,16678959
10,150,7,65.4,16036899.33
10,150,7,65.5,15745054.03
10,150,7,65.6,16357929.17
10,150,7,65.7,16299560.1
10,150,7,65.8,15292693.81
10,150,7,65.9,15044625.31
10,150,7,66,16795697.12
10,150,7,66.1,16737328.06
10,150,7,66.2,15599131.38
10,150,7,66.3,15613723.65
10,150,7,66.4,14738187.74
10,150,7,66.5,15861792.15
10,150,7,66.6,15788830.83
10,150,7,66.7,16795697.12
10,150,7,66.8,15861792.15
10,150,7,66.9,15642908.18
10,150,7,67,15584539.12
10,150,7,67.1,51262627.26
10,150,7,67.2,15409431.93
10,150,7,67.3,15613723.65
10,150,7,67.4,88224834.73
10,150,7,67.5,15321878.34
10,150,7,67.6,16109860.66
10,150,7,67.7,16022307.07
10,150,7,67.8,16080676.13
10,150,7,67.9,16649774.47
10,150,7,68,15409431.93
10,150,7,68.1,15380247.4
10,150,7,68.2,14971663.98
10,150,7,68.3,15336470.61
10,150,7,68.4,15102994.37
10,150,7,68.5,15234324.75
10,150,7,68.6,15336470.61
10,150,7,68.7,15380247.4
10,150,7,68.8,14606857.35
10,150,7,68.9,15015440.78
10,150,7,69,14169089.4
10,150,7,69.1,15146771.16
10,150,7,69.2,23566508.12
10,150,7,69.3,31358777.68
10,150,7,69.4,14315012.05
10,150,7,69.5,17452349.05
10,150,7,69.6,15963938.01
10,150,7,69.7,13862651.83
10,150,7,69.8,13556214.27
10,150,7,69.9,13497845.21
10,150,7,70,13162223.11
10,150,7,70.1,13643767.86
10,150,7,70.2,13293553.5
10,150,7,70.3,13527029.74
10,150,7,70.4,14125312.61
10,150,7,70.5,13191407.64
10,150,7,70.6,13483252.94
10,150,7,70.7,14665226.41
10,150,7,70.8,13877244.1
10,150,7,70.9,13322738.03
10,150,7,71,14183681.67
10,150,7,71.1,13877244.1
10,150,7,71.2,13483252.94
10,150,7,71.3,13205999.91
10,150,7,71.4,13147630.85
10,150,7,71.5,13687544.65
10,150,7,71.6,13599991.06
10,150,7,71.7,12943339.13
10,150,7,71.8,12987115.93
10,150,7,71.9,13366514.82
10,150,7,72,12987115.93
10,150,7,72.1,12812008.75
10,150,7,72.2,12447202.12
10,150,7,72.3,13351922.56
10,150,7,72.4,13322738.03
10,150,7,72.5,12520163.45
10,150,7,72.6,12593124.77
10,150,7,72.7,12024026.43
10,150,7,72.8,12753639.69
10,150,7,72.9,13264368.97
10,150,7,73,12257502.68
10,150,7,73.1,12709862.89
10,150,7,73.2,12797416.48
10,150,7,73.3,12651493.83
10,150,7,73.4,13176815.38
10,150,7,73.5,12315871.74
10,150,7,73.6,13001708.19
10,150,7,73.7,13147630.85
10,150,7,73.8,12607717.04
10,150,7,73.9,13410291.62
10,150,7,74,12680678.36
10,150,7,74.1,12870377.81
10,150,7,74.2,12286687.21
10,150,7,74.3,12447202.12
10,150,7,74.4,11775957.93
10,150,7,74.5,12082395.49
10,150,7,74.6,13103854.05
10,150,7,74.7,11454928.1
10,150,7,74.8,12315871.74
10,150,7,74.9,12242910.41
10,150,7,75,12169949.08
10,150,7,75.1,12841193.28
10,150,7,75.2,13030892.72
10,150,7,75.3,12374240.8
10,150,7,75.4,12067803.23
10,150,7,75.5,12695270.63
10,150,7,75.6,12534755.71
10,150,7,75.7,11892696.05
10,150,7,75.8,11206859.59
10,150,7,75.9,11936472.84
10,150,7,76,12636901.57
10,150,7,76.1,12082395.49
10,150,7,76.2,11878103.78
10,150,7,76.3,11177675.06
10,150,7,76.4,12199133.61
10,150,7,76.5,11454928.1
10,150,7,76.6,12082395.49
10,150,7,76.7,11702996.6
10,150,7,76.8,11819734.72
10,150,7,76.9,12009434.17
10,150,7,77,11352782.24
10,150,7,77.1,12286687.21
10,150,7,77.2,12111580.02
10,150,7,77.3,11236044.12
10,150,7,77.4,11498704.89
10,150,7,77.5,11863511.52
10,150,7,77.6,11396559.03
10,150,7,77.7,11323597.71
10,150,7,77.8,11994841.9
10,150,7,77.9,11119306
10,150,7,78,11396559.03
10,150,7,78.1,11980249.64
10,150,7,78.2,11075529.2
10,150,7,78.3,10506430.86
10,150,7,78.4,10871237.49
10,150,7,78.5,11454928.1
10,150,7,78.6,11761365.66
10,150,7,78.7,11688404.34
10,150,7,78.8,11673812.07
10,150,7,78.9,11381966.77
10,150,7,79,11484112.63
10,150,7,79.1,10535615.39
10,150,7,79.2,11104713.73
10,150,7,79.3,10521023.13
10,150,7,79.4,11498704.89
10,150,7,79.5,10973383.35
10,150,7,79.6,12053210.96
10,150,7,79.7,11206859.59
10,150,7,79.8,11352782.24
10,150,7,79.9,10477246.33
10,150,7,80,11396559.03
10,150,7,80.1,10842052.96
10,150,7,80.2,10725314.84
10,150,7,80.3,10433469.54
10,150,7,80.4,10929606.55
10,150,7,80.5,10360508.21
10,150,7,80.6,10696130.31
10,150,7,80.7,10652353.52
10,150,7,80.8,10769091.64
10,150,7,80.9,10958791.08
10,150,7,81,9922740.261
10,150,7,81.1,10593984.45
10,150,7,81.2,10885829.76
10,150,7,81.3,10258362.36
10,150,7,81.4,11557073.95
10,150,7,81.5,10462654.07
10,150,7,81.6,10842052.96
10,150,7,81.7,10170808.77
10,150,7,81.8,10812868.43
10,150,7,81.9,11221451.85
10,150,7,82,10958791.08
10,150,7,82.1,10915014.29
10,150,7,82.2,10608576.72
10,150,7,82.3,10418877.27
10,150,7,82.4,11133898.26
10,150,7,82.5,10024886.12
10,150,7,82.6,10112439.71
10,150,7,82.7,10491838.6
10,150,7,82.8,10287546.89
10,150,7,82.9,10331323.68
10,150,7,83,10944198.82
10,150,7,83.1,10477246.33
10,150,7,83.2,10316731.42
10,150,7,83.3,9703856.284
10,150,7,83.4,9893555.731
10,150,7,83.5,10024886.12
10,150,7,83.6,9820594.405
10,150,7,83.7,10418877.27
10,150,7,83.8,11177675.06
10,150,7,83.9,10054070.65
10,150,7,84,9572525.899
10,150,7,84.1,10754499.37
10,150,7,84.2,10856645.23
10,150,7,84.3,9339049.657
10,150,7,84.4,9951924.791
10,150,7,84.5,9382826.452
10,150,7,84.6,10418877.27
10,150,7,84.7,9747633.08
10,150,7,84.8,10535615.39
10,150,7,84.9,9426603.248
10,150,7,85,9397418.718
10,150,7,85.1,9981109.321
10,150,7,85.2,10360508.21
10,150,7,85.3,10637761.25
10,150,7,85.4,9484972.308
10,150,7,85.5,9266088.332
10,150,7,85.6,9616302.694
10,150,7,85.7,9528749.103
10,150,7,85.8,9703856.284
10,150,7,85.9,9703856.284
10,150,7,86,9733040.815
10,150,7,86.1,9572525.899
10,150,7,86.2,9587118.164
10,150,7,86.3,9762225.345
10,150,7,86.4,9572525.899
10,150,7,86.5,9703856.284
10,150,7,86.6,10550207.66
10,150,7,86.7,9995701.586
10,150,7,86.8,9032612.09
10,150,7,86.9,9207719.271
10,150,7,87,9412010.983
10,150,7,87.1,9266088.332
10,150,7,87.2,9718448.549
10,150,7,87.3,9645487.224
10,150,7,87.4,9645487.224
10,150,7,87.5,10097847.44
10,150,7,87.6,9747633.08
10,150,7,87.7,9412010.983
10,150,7,87.8,9820594.405
10,150,7,87.9,8974243.03
10,150,7,88,9484972.308
10,150,7,88.1,9674671.754
10,150,7,88.2,9193127.006
10,150,7,88.3,9295272.862
10,150,7,88.4,9309865.127
10,150,7,88.5,10039478.38
10,150,7,88.6,8521882.812
10,150,7,88.7,8565659.607
10,150,7,88.8,9163942.476
10,150,7,88.9,9806002.14
10,150,7,89,9630894.959
10,150,7,89.1,9149350.211
10,150,7,89.2,8959650.765
10,150,7,89.3,9222311.536
10,150,7,89.4,9149350.211
10,150,7,89.5,9134757.946
10,150,7,89.6,8594844.138
10,150,7,89.7,9178534.741
10,150,7,89.8,9295272.862
10,150,7,89.9,9645487.224
10,150,7,90,8872097.174
10,150,7,90.1,8361367.896
10,150,7,90.2,9266088.332
10,150,7,90.3,9324457.392
10,150,7,90.4,8682397.728
10,150,7,90.5,9120165.681
10,150,7,90.6,8507290.547
10,150,7,90.7,8448921.487
10,150,7,90.8,9047204.355
10,150,7,90.9,8769951.319
10,150,7,91,8974243.03
10,150,7,91.1,8740766.789
10,150,7,91.2,8872097.174
10,150,7,91.3,8434329.222
10,150,7,91.4,8813728.114
10,150,7,91.5,8507290.547
10,150,7,91.6,8288406.571
10,150,7,91.7,8930466.235
10,150,7,91.8,9120165.681
10,150,7,91.9,7777677.293
10,150,7,92,8755359.054
10,150,7,92.1,8901281.704
10,150,7,92.2,8696989.993
10,150,7,92.3,9266088.332
10,150,7,92.4,8215445.245
10,150,7,92.5,8886689.439
10,150,7,92.6,8930466.235
10,150,7,92.7,8565659.607
10,150,7,92.8,8521882.812
10,150,7,92.9,7879823.148
10,150,7,93,8551067.342
10,150,7,93.1,8302998.836
10,150,7,93.2,8667805.463
10,150,7,93.3,9178534.741
10,150,7,93.4,8609436.403
10,150,7,93.5,8069522.594
10,150,7,93.6,7981969.004
10,150,7,93.7,8317591.101
10,150,7,93.8,8696989.993
10,150,7,93.9,8784543.584
10,150,7,94,8025745.799
10,150,7,94.1,8011153.534
10,150,7,94.2,8215445.245
10,150,7,94.3,7850638.618
10,150,7,94.4,7763085.028
10,150,7,94.5,7865230.883
10,150,7,94.6,8200852.98
10,150,7,94.7,7996561.269
10,150,7,94.8,8551067.342
10,150,7,94.9,7850638.618
10,150,7,95,8127891.655
10,150,7,95.1,7952784.474
10,150,7,95.2,8244629.775
10,150,7,95.3,8653213.198
10,150,7,95.4,8244629.775
10,150,7,95.5,8288406.571
10,150,7,95.6,8375960.161
10,150,7,95.7,8901281.704
10,150,7,95.8,8346775.631
10,150,7,95.9,7660939.172
10,150,7,96,7500424.256
10,150,7,96.1,7544201.051
10,150,7,96.2,8609436.403
10,150,7,96.3,8696989.993
10,150,7,96.4,7806861.823
10,150,7,96.5,7938192.209
10,150,7,96.6,8157076.185
10,150,7,96.7,7529608.786
10,150,7,96.8,7733900.497
10,150,7,96.9,7281540.28
10,150,7,97,7909007.678
10,150,7,97.1,7836046.353
10,150,7,97.2,8157076.185
10,150,7,97.3,7981969.004
10,150,7,97.4,7091840.833
10,150,7,97.5,7996561.269
10,150,7,97.6,7777677.293
10,150,7,97.7,6902141.387
10,150,7,97.8,7529608.786
10,150,7,97.9,8098707.125
10,150,7,98,7558793.316
10,150,7,98.1,7383686.135
10,150,7,98.2,7733900.497
10,150,7,98.3,7252355.749
10,150,7,98.4,7821454.088
10,150,7,98.5,7442055.196
10,150,7,98.6,7938192.209
10,150,7,98.7,7573385.581
10,150,7,98.8,7281540.28
10,150,7,98.9,7529608.786
10,150,7,99,7806861.823
10,150,7,99.1,6872956.857
10,150,7,99.2,8025745.799
10,150,7,99.3,6931325.917
10,150,7,99.4,7471239.726
10,150,7,99.5,7602570.112
10,150,7,99.6,6931325.917
10,150,7,99.7,7442055.196
10,150,7,99.8,7587977.846
10,150,7,99.9,7412870.665
10,150,7,100,7733900.497
10,150,7,100.1,7369093.87
10,150,7,100.2,7339909.34
10,150,7,100.3,7515016.521
10,150,7,100.4,6741626.471
10,150,7,100.5,6814587.797
10,150,7,100.6,6814587.797
10,150,7,100.7,7062656.303
10,150,7,100.8,7369093.87
10,150,7,100.9,6989694.978
10,150,7,101,8011153.534
10,150,7,101.1,7675531.437
10,150,7,101.2,7821454.088
10,150,7,101.3,7281540.28
10,150,7,101.4,6727034.206
10,150,7,101.5,7354501.605
10,150,7,101.6,6756218.736
10,150,7,101.7,7471239.726
10,150,7,101.8,6770811.001
10,150,7,101.9,6931325.917
10,150,7,102,6945918.183
10,150,7,102.1,7179394.424
10,150,7,102.2,6668665.146
10,150,7,102.3,6362227.579
10,150,7,102.4,6843772.327
10,150,7,102.5,6902141.387
10,150,7,102.6,6785403.267
10,150,7,102.7,6624888.351
10,150,7,102.8,6595703.82
10,150,7,102.9,6581111.555
10,150,7,103,6260081.723
10,150,7,103.1,7018879.508
10,150,7,103.2,7208578.954
10,150,7,103.3,6887549.122
10,150,7,103.4,6493557.965
10,150,7,103.5,6799995.532
10,150,7,103.6,6595703.82
10,150,7,103.7,6245489.458
10,150,7,103.8,6274673.988
10,150,7,103.9,7135617.629
10,150,7,104,6406004.374
10,150,7,104.1,7033471.773
10,150,7,104.2,6872956.857
10,150,7,104.3,6814587.797
10,150,7,104.4,5836906.036
10,150,7,104.5,6989694.978
10,150,7,104.6,6566519.29
10,150,7,104.7,6522742.495
10,150,7,104.8,6712441.941
10,150,7,104.9,6172528.133
10,150,7,105,6756218.736
10,150,7,105.1,7018879.508
10,150,7,105.2,6697849.676
10,150,7,105.3,6449781.169
10,150,7,105.4,6493557.965
10,150,7,105.5,6493557.965
10,150,7,105.6,6624888.351
10,150,7,105.7,6128751.338
10,150,7,105.8,6770811.001
10,150,7,105.9,6084974.542
10,150,7,106,6551927.025
10,150,7,106.1,6157935.868
10,150,7,106.2,6610296.085
10,150,7,106.3,6289266.253
10,150,7,106.4,6391412.109
10,150,7,106.5,6216304.928
10,150,7,106.6,6581111.555
10,150,7,106.7,6464373.435
10,150,7,106.8,6274673.988
10,150,7,106.9,6318450.784
10,150,7,107,6610296.085
10,150,7,107.1,6128751.338
10,150,7,107.2,5880682.831
10,150,7,107.3,6654072.881
10,150,7,107.4,5851498.301
10,150,7,107.5,5895275.096
10,150,7,107.6,5866090.566
10,150,7,107.7,5997420.952
10,150,7,107.8,6012013.217
10,150,7,107.9,5851498.301
10,150,7,108,6245489.458
10,150,7,108.1,6610296.085
10,150,7,108.2,6274673.988
10,150,7,108.3,5953644.156
10,150,7,108.4,6464373.435
10,150,7,108.5,6829180.062
10,150,7,108.6,5647206.59
10,150,7,108.7,5807721.506
10,150,7,108.8,5530468.469
10,150,7,108.9,5676391.12
10,150,7,109,6216304.928
10,150,7,109.1,6333043.049
10,150,7,109.2,5530468.469
10,150,7,109.3,6201712.663
10,150,7,109.4,6187120.398
10,150,7,109.5,6114159.072
10,150,7,109.6,6216304.928
10,150,7,109.7,5194846.372
10,150,7,109.8,6026605.482
10,150,7,109.9,5676391.12
10,150,7,110,6099566.807
10,150,7,110.1,5997420.952
10,150,7,110.2,5720167.915
10,150,7,110.3,5807721.506
10,150,7,110.4,5793129.24
10,150,7,110.5,5880682.831
10,150,7,110.6,5895275.096
10,150,7,110.7,5734760.18
10,150,7,110.8,5793129.24
10,150,7,110.9,5690983.385
10,150,7,111,5763944.71
10,150,7,111.1,5428322.613
10,150,7,111.2,5880682.831
10,150,7,111.3,5486691.674
10,150,7,111.4,6128751.338
10,150,7,111.5,5428322.613
10,150,7,111.6,5880682.831
10,150,7,111.7,5486691.674
10,150,7,111.8,5180254.107
10,150,7,111.9,5282399.962
10,150,7,112,5399138.083
10,150,7,112.1,6084974.542
10,150,7,112.2,5559652.999
10,150,7,112.3,5603429.794
10,150,7,112.4,5092700.516
10,150,7,112.5,5866090.566
10,150,7,112.6,5705575.65
10,150,7,112.7,5559652.999
10,150,7,112.8,6143343.603
10,150,7,112.9,5486691.674
10,150,7,113,5501283.939
10,150,7,113.1,5676391.12
10,150,7,113.2,5501283.939
10,150,7,113.3,5661798.855
10,150,7,113.4,5224030.902
10,150,7,113.5,5194846.372
10,150,7,113.6,5457507.143
10,150,7,113.7,5194846.372
10,150,7,113.8,5165661.842
10,150,7,113.9,5355361.288
10,150,7,114,4581971.238
10,150,7,114.1,5121885.046
10,150,7,114.2,5501283.939
10,150,7,114.3,5253215.432
10,150,7,114.4,5574245.264
10,150,7,114.5,5428322.613
10,150,7,114.6,4742486.154
10,150,7,114.7,4917593.335
10,150,7,114.8,5399138.083
10,150,7,114.9,5224030.902
10,150,7,115,4742486.154
10,150,7,115.1,5472099.408
10,150,7,115.2,5326176.758
10,150,7,115.3,5428322.613
10,150,7,115.4,5034331.456
10,150,7,115.5,5048923.721
10,150,7,115.6,5384545.818
10,150,7,115.7,5559652.999
10,150,7,115.8,4611155.768
10,150,7,115.9,4771670.684
10,150,7,116,5063515.986
10,150,7,116.1,5296992.227
10,150,7,116.2,5457507.143
10,150,7,116.3,4698709.359
10,150,7,116.4,4538194.443
10,150,7,116.5,5019739.191
10,150,7,116.6,4684117.094
10,150,7,116.7,4654932.563
10,150,7,116.8,4552786.708
10,150,7,116.9,4932185.6
10,150,7,117,4348494.997
10,150,7,117.1,4946777.865
10,150,7,117.2,5078108.251
10,150,7,117.3,5238623.167
10,150,7,117.4,5005146.926
10,150,7,117.5,5238623.167
10,150,7,117.6,4859224.275
10,150,7,117.7,4946777.865
10,150,7,117.8,5253215.432
10,150,7,117.9,4742486.154
10,150,7,118,4873816.54
10,150,7,118.1,4713301.624
10,150,7,118.2,4873816.54
10,150,7,118.3,4961370.13
10,150,7,118.4,4727893.889
10,150,7,118.5,4654932.563
10,150,7,118.6,4465233.117
10,150,7,118.7,4873816.54
10,150,7,118.8,4625748.033
10,150,7,118.9,4348494.997
10,150,7,119,4479825.382
10,150,7,119.1,4684117.094
10,150,7,119.2,3750212.128
10,150,7,119.3,4800855.214
10,150,7,119.4,5121885.046
10,150,7,119.5,4450640.852
10,150,7,119.6,4873816.54
10,150,7,119.7,4450640.852
10,150,7,119.8,4654932.563
10,150,7,119.9,5019739.191
10,150,7,120,4830039.745
10,150,7,120.1,4581971.238
10,150,7,120.2,4187980.081
10,150,7,120.3,4392271.792
10,150,7,120.4,4012872.9
10,150,7,120.5,4771670.684
10,150,7,120.6,4757078.419
10,150,7,120.7,4465233.117
10,150,7,120.8,4115018.755
10,150,7,120.9,4581971.238
10,150,7,121,4144203.285
10,150,7,121.1,4260941.406
10,150,7,121.2,4377679.527
10,150,7,121.3,4757078.419
10,150,7,121.4,4421456.322
10,150,7,121.5,4538194.443
10,150,7,121.6,4523602.178
10,150,7,121.7,4494417.648
10,150,7,121.8,4144203.285
10,150,7,121.9,4523602.178
10,150,7,122,4363087.262
10,150,7,122.1,4115018.755
10,150,7,122.2,4479825.382
10,150,7,122.3,4158795.55
10,150,7,122.4,4144203.285
10,150,7,122.5,4231756.876
10,150,7,122.6,4377679.527
10,150,7,122.7,4129611.02
10,150,7,122.8,3823173.453
10,150,7,122.9,4085834.225
10,150,7,123,4158795.55
10,150,7,123.1,4115018.755
10,150,7,123.2,4479825.382
10,150,7,123.3,4217164.611
10,150,7,123.4,4465233.117
10,150,7,123.5,3998280.634
10,150,7,123.6,4333902.732
10,150,7,123.7,3954503.839
10,150,7,123.8,4231756.876
10,150,7,123.9,4202572.346
10,150,7,124,4202572.346
10,150,7,124.1,4348494.997
10,150,7,124.2,4377679.527
10,150,7,124.3,3648066.272
10,150,7,124.4,4129611.02
10,150,7,124.5,3998280.634
10,150,7,124.6,3793988.923
10,150,7,124.7,3896134.779
10,150,7,124.8,4187980.081
10,150,7,124.9,3633474.007
10,150,7,125,4071241.96
10,150,7,125.1,3837765.718
10,150,7,125.2,4115018.755
10,150,7,125.3,4158795.55
10,150,7,125.4,3750212.128
10,150,7,125.5,4144203.285
10,150,7,125.6,3516735.887
10,150,7,125.7,3458366.826
10,150,7,125.8,3983688.369
10,150,7,125.9,3633474.007
10,150,7,126,3254075.115
10,150,7,126.1,3604289.477
10,150,7,126.2,3866950.249
10,150,7,126.3,3866950.249
10,150,7,126.4,4027465.165
10,150,7,126.5,3735619.863
10,150,7,126.6,4042057.43
10,150,7,126.7,3808581.188
10,150,7,126.8,3429182.296
10,150,7,126.9,3618881.742
10,150,7,127,3429182.296
10,150,7,127.1,3472959.091
10,150,7,127.2,3502143.621
10,150,7,127.3,3910727.044
10,150,7,127.4,4056649.695
10,150,7,127.5,3764804.393
10,150,7,127.6,3618881.742
10,150,7,127.7,3472959.091
10,150,7,127.8,3589697.212
10,150,7,127.9,3589697.212
10,150,7,128,3633474.007
10,150,7,128.1,3399997.766
10,150,7,128.2,3589697.212
10,150,7,128.3,3633474.007
10,150,7,128.4,3721027.598
10,150,7,128.5,3575104.947
10,150,7,128.6,3823173.453
10,150,7,128.7,3370813.236
10,150,7,128.8,3677250.803
10,150,7,128.9,3648066.272
10,150,7,129,3137336.994
10,150,7,129.1,3866950.249
10,150,7,129.2,3545920.417
10,150,7,129.3,3589697.212
10,150,7,129.4,3706435.333
10,150,7,129.5,3297851.91
10,150,7,129.6,2991414.343
10,150,7,129.7,3925319.309
10,150,7,129.8,3151929.259
10,150,7,129.9,3414590.031
10,150,7,130,3254075.115
10,150,7,130.1,3224890.585
10,150,7,130.2,3356220.971
10,150,7,130.3,3268667.38
10,150,7,130.4,3312444.175
10,150,7,130.5,3472959.091
10,150,7,130.6,3108152.464
10,150,7,130.7,3122744.729
10,150,7,130.8,3370813.236
10,150,7,130.9,3151929.259
10,150,7,131,3341628.705
10,150,7,131.1,3341628.705
10,150,7,131.2,3151929.259
10,150,7,131.3,3370813.236
10,150,7,131.4,3254075.115
10,150,7,131.5,3370813.236
10,150,7,131.6,2976822.078
10,150,7,131.7,3297851.91
10,150,7,131.8,3239482.85
10,150,7,131.9,3181113.789
10,150,7,132,2933045.283
10,150,7,132.1,2918453.018
10,150,7,132.2,3108152.464
10,150,7,132.3,3283259.645
10,150,7,132.4,3137336.994
10,150,7,132.5,3122744.729
10,150,7,132.6,3151929.259
10,150,7,132.7,3224890.585
10,150,7,132.8,2714161.307
10,150,7,132.9,3020598.873
10,150,7,133,2991414.343
10,150,7,133.1,2991414.343
10,150,7,133.2,3166521.524
10,150,7,133.3,2670384.511
10,150,7,133.4,3210298.32
10,150,7,133.5,2641199.981
10,150,7,133.6,3049783.404
10,150,7,133.7,3035191.139
10,150,7,133.8,3268667.38
10,150,7,133.9,2655792.246
10,150,7,134,2860083.958
10,150,7,134.1,2991414.343
10,150,7,134.2,2962229.813
10,150,7,134.3,3064375.669
10,150,7,134.4,2524461.86
10,150,7,134.5,3108152.464
10,150,7,134.6,2728753.572
10,150,7,134.7,2787122.632
10,150,7,134.8,2641199.981
10,150,7,134.9,2684976.776
10,150,7,135,2933045.283
10,150,7,135.1,2830899.427
10,150,7,135.2,2714161.307
10,150,7,135.3,2874676.223
10,150,7,135.4,2334762.414
10,150,7,135.5,2787122.632
10,150,7,135.6,2787122.632
10,150,7,135.7,2684976.776
10,150,7,135.8,2903860.753
10,150,7,135.9,2582830.921
10,150,7,136,2874676.223
10,150,7,136.1,2743345.837
10,150,7,136.2,2509869.595
10,150,7,136.3,2947637.548
10,150,7,136.4,2509869.595
10,150,7,136.5,2612015.451
10,150,7,136.6,2655792.246
10,150,7,136.7,2772530.367
10,150,7,136.8,2349354.679
10,150,7,136.9,2830899.427
10,150,7,137,2539054.126
10,150,7,137.1,2582830.921
10,150,7,137.2,2612015.451
10,150,7,137.3,2188839.763
10,150,7,137.4,2539054.126
10,150,7,137.5,2305577.884
10,150,7,137.6,2728753.572
10,150,7,137.7,2422316.005
10,150,7,137.8,2159655.233
10,150,7,137.9,2159655.233
10,150,7,138,2816307.162
10,150,7,138.1,2524461.86
10,150,7,138.2,2451500.535
10,150,7,138.3,1999140.317
10,150,7,138.4,2568238.656
10,150,7,138.5,2495277.33
10,150,7,138.6,2232616.559
10,150,7,138.7,2013732.582
10,150,7,138.8,2290985.619
10,150,7,138.9,2159655.233
10,150,7,139,2334762.414
10,150,7,139.1,2305577.884
10,150,7,139.2,2159655.233
10,150,7,139.3,2466092.8
10,150,7,139.4,2334762.414
10,150,7,139.5,2072101.643
10,150,7,139.6,2378539.21
10,150,7,139.7,2101286.173
10,150,7,139.8,2407723.74
10,150,7,139.9,1911586.727
10,150,7,140,2349354.679
10,150,7,140.1,2130470.703
10,150,7,140.2,2334762.414
10,150,7,140.3,2612015.451
10,150,7,140.4,2290985.619
10,150,7,140.5,2086693.908
10,150,7,140.6,2159655.233
10,150,7,140.7,2320170.149
10,150,7,140.8,2378539.21
10,150,7,140.9,2393131.475
10,150,7,141,1736479.546
10,150,7,141.1,2057509.378
10,150,7,141.2,2013732.582
10,150,7,141.3,1838625.401
10,150,7,141.4,1853217.666
10,150,7,141.5,2013732.582
10,150,7,141.6,1853217.666
10,150,7,141.7,2320170.149
10,150,7,141.8,1882402.197
10,150,7,141.9,2013732.582
10,150,7,142,1984548.052
10,150,7,142.1,1940771.257
10,150,7,142.2,1590556.895
10,150,7,142.3,1780256.341
10,150,7,142.4,1605149.16
10,150,7,142.5,1955363.522
10,150,7,142.6,1940771.257
10,150,7,142.7,1765664.076
10,150,7,142.8,1488411.039
10,150,7,142.9,1605149.16
10,150,7,143,1663518.22
10,150,7,143.1,1546780.099
10,150,7,143.2,1838625.401
10,150,7,143.3,1575964.63
10,150,7,143.4,1590556.895
10,150,7,143.5,1751071.811
10,150,7,143.6,1590556.895
10,150,7,143.7,1605149.16
10,150,7,143.8,1254934.798
10,150,7,143.9,1313303.858
10,150,7,144,1678110.485
10,150,7,144.1,1678110.485
10,150,7,144.2,1634333.69
10,150,7,144.3,1663518.22
10,150,7,144.4,1736479.546
10,150,7,144.5,1736479.546
10,150,7,144.6,1503003.304
10,150,7,144.7,1430041.979
10,150,7,144.8,1575964.63
10,150,7,144.9,1415449.714
10,150,7,145,1386265.183
10,150,7,145.1,1430041.979
10,150,7,145.2,1284119.328
10,150,7,145.3,1386265.183
10,150,7,145.4,1386265.183
10,150,7,145.5,1006866.291
10,150,7,145.6,1400857.449
10,150,7,145.7,1590556.895
10,150,7,145.8,1444634.244
10,150,7,145.9,1152788.942
10,150,7,146,1342488.388
10,150,7,146.1,1386265.183
10,150,7,146.2,1386265.183
10,150,7,146.3,1254934.798
10,150,7,146.4,1138196.677
10,150,7,146.5,1211158.002
10,150,7,146.6,1181973.472
10,150,7,146.7,1094419.882
10,150,7,146.8,1342488.388
10,150,7,146.9,1050643.086
10,150,7,147,1079827.617
10,150,7,147.1,1021458.556
10,150,7,147.2,1123604.412
10,150,7,147.3,963089.4959
10,150,7,147.4,1152788.942
10,150,7,147.5,1065235.352
10,150,7,147.6,1079827.617
10,150,7,147.7,919312.7006
10,150,7,147.8,919312.7006
10,150,7,147.9,904720.4355
10,150,7,148,1006866.291
10,150,7,148.1,933904.9657
10,150,7,148.2,860943.6403
10,150,7,148.3,539913.8083
10,150,7,148.4,860943.6403
10,150,7,148.5,744205.5196
10,150,7,148.6,671244.1941
10,150,7,148.7,715020.9894
10,150,7,148.8,656651.929
10,150,7,148.9,685836.4592
10,150,7,149,583690.6036
10,150,7,149.1,496137.013
10,150,7,149.2,525321.5432
10,150,7,149.3,496137.013
10,150,7,149.4,569098.3385
10,150,7,149.5,554506.0734
10,150,7,149.6,408583.4225
10,150,7,149.7,379398.8923
10,150,7,149.8,248068.5065
10,150,7,149.9,248068.5065
10,150,7,150,72961.32545
