# Transmission tube source spectra, Geant4 physics model G4EmLivermorePhysics.
# Tungsten target on a 250 um diamond substrate; simulated for the XCal paper (Optics Express 2025).
# apex_angle_deg: anode apex angle; voltage_kV: tube voltage; target_thickness_um: tungsten thickness;
# energy_keV: bin center; photons: relative photon count per 0.1 keV bin (absolute scale not used).
apex_angle_deg,voltage_kV,target_thickness_um,energy_keV,photons
1.7,40,1,3.5,311594.4556
1.7,40,1,3.6,623188.9111
1.7,40,1,3.7,934783.3667
1.7,40,1,3.8,934783.3667
1.7,40,1,3.9,311594.4556
1.7,40,1,4,1869566.733
1.7,40,1,4.1,1557972.278
1.7,40,1,4.2,3115944.556
1.7,40,1,4.3,2492755.645
1.7,40,1,4.4,2492755.645
1.7,40,1,4.5,5297105.745
1.7,40,1,4.6,5297105.745
1.7,40,1,4.7,5297105.745
1.7,40,1,4.8,4362322.378
1.7,40,1,4.9,7478266.934
1.7,40,1,5,9347833.667
1.7,40,1,5.1,9036239.212
1.7,40,1,5.2,10594211.49
1.7,40,1,5.3,16202911.69
1.7,40,1,5.4,13086967.13
1.7,40,1,5.5,10905805.94
1.7,40,1,5.6,12775372.68
1.7,40,1,5.7,16826100.6
1.7,40,1,5.8,13086967.13
1.7,40,1,5.9,14956533.87
1.7,40,1,6,15891317.23
1.7,40,1,6.1,22434800.8
1.7,40,1,6.2,18072478.42
1.7,40,1,6.3,22123206.35
1.7,40,1,6.4,20253639.61
1.7,40,1,6.5,22434800.8
1.7,40,1,6.6,18695667.33
1.7,40,1,6.7,23992773.08
1.7,40,1,6.8,25239150.9
1.7,40,1,6.9,27420312.09
1.7,40,1,7,26485528.72
1.7,40,1,7.1,23369584.17
1.7,40,1,7.2,26797123.18
1.7,40,1,7.3,25862339.81
1.7,40,1,7.4,57644974.28
1.7,40,1,7.5,26485528.72
1.7,40,1,7.6,25862339.81
1.7,40,1,7.7,27420312.09
1.7,40,1,7.8,29601473.28
1.7,40,1,7.9,30224662.19
1.7,40,1,8,28666689.91
1.7,40,1,8.1,25550745.36
1.7,40,1,8.2,21500017.43
1.7,40,1,8.3,87246447.56
1.7,40,1,8.4,561181614.5
1.7,40,1,8.5,25550745.36
1.7,40,1,8.6,32094228.92
1.7,40,1,8.7,27420312.09
1.7,40,1,8.8,33652201.2
1.7,40,1,8.9,24304367.53
1.7,40,1,9,30847851.1
1.7,40,1,9.1,25862339.81
1.7,40,1,9.2,28043501
1.7,40,1,9.3,23992773.08
1.7,40,1,9.4,23681178.62
1.7,40,1,9.5,41753657.05
1.7,40,1,9.6,37391334.67
1.7,40,1,9.7,298195894
1.7,40,1,9.8,44869601.6
1.7,40,1,9.9,39572495.86
1.7,40,1,10,140840693.9
1.7,40,1,10.1,26485528.72
1.7,40,1,10.2,30224662.19
1.7,40,1,10.3,29289878.82
1.7,40,1,10.4,23369584.17
1.7,40,1,10.5,24304367.53
1.7,40,1,10.6,26173934.27
1.7,40,1,10.7,27108717.63
1.7,40,1,10.8,20253639.61
1.7,40,1,10.9,23057989.71
1.7,40,1,11,29289878.82
1.7,40,1,11.1,25550745.36
1.7,40,1,11.2,25239150.9
1.7,40,1,11.3,71666724.78
1.7,40,1,11.4,17760883.97
1.7,40,1,11.5,26173934.27
1.7,40,1,11.6,28355095.46
1.7,40,1,11.7,24615961.99
1.7,40,1,11.8,22746395.26
1.7,40,1,11.9,24927556.45
1.7,40,1,12,24304367.53
1.7,40,1,12.1,20876828.52
1.7,40,1,12.2,18072478.42
1.7,40,1,12.3,16514506.15
1.7,40,1,12.4,14333344.96
1.7,40,1,12.5,17449289.51
1.7,40,1,12.6,16826100.6
1.7,40,1,12.7,18384072.88
1.7,40,1,12.8,14021750.5
1.7,40,1,12.9,18384072.88
1.7,40,1,13,18384072.88
1.7,40,1,13.1,19942045.16
1.7,40,1,13.2,17449289.51
1.7,40,1,13.3,18384072.88
1.7,40,1,13.4,15579722.78
1.7,40,1,13.5,20565234.07
1.7,40,1,13.6,17760883.97
1.7,40,1,13.7,20253639.61
1.7,40,1,13.8,18384072.88
1.7,40,1,13.9,20876828.52
1.7,40,1,14,19942045.16
1.7,40,1,14.1,16202911.69
1.7,40,1,14.2,13398561.59
1.7,40,1,14.3,19318856.25
1.7,40,1,14.4,15579722.78
1.7,40,1,14.5,18384072.88
1.7,40,1,14.6,17760883.97
1.7,40,1,14.7,15891317.23
1.7,40,1,14.8,16202911.69
1.7,40,1,14.9,17449289.51
1.7,40,1,15,16514506.15
1.7,40,1,15.1,15579722.78
1.7,40,1,15.2,15268128.32
1.7,40,1,15.3,14956533.87
1.7,40,1,15.4,20253639.61
1.7,40,1,15.5,15891317.23
1.7,40,1,15.6,13398561.59
1.7,40,1,15.7,14956533.87
1.7,40,1,15.8,15891317.23
1.7,40,1,15.9,15579722.78
1.7,40,1,16,13710156.05
1.7,40,1,16.1,18695667.33
1.7,40,1,16.2,19007261.79
1.7,40,1,16.3,12463778.22
1.7,40,1,16.4,14956533.87
1.7,40,1,16.5,19630450.7
1.7,40,1,16.6,16202911.69
1.7,40,1,16.7,10905805.94
1.7,40,1,16.8,15268128.32
1.7,40,1,16.9,13710156.05
1.7,40,1,17,16826100.6
1.7,40,1,17.1,13710156.05
1.7,40,1,17.2,16202911.69
1.7,40,1,17.3,13398561.59
1.7,40,1,17.4,16514506.15
1.7,40,1,17.5,12463778.22
1.7,40,1,17.6,12775372.68
1.7,40,1,17.7,13398561.59
1.7,40,1,17.8,12775372.68
1.7,40,1,17.9,15891317.23
1.7,40,1,18,14021750.5
1.7,40,1,18.1,13398561.59
1.7,40,1,18.2,13086967.13
1.7,40,1,18.3,15268128.32
1.7,40,1,18.4,10594211.49
1.7,40,1,18.5,11840589.31
1.7,40,1,18.6,14021750.5
1.7,40,1,18.7,11840589.31
1.7,40,1,18.8,14956533.87
1.7,40,1,18.9,11217400.4
1.7,40,1,19,12775372.68
1.7,40,1,19.1,13710156.05
1.7,40,1,19.2,13398561.59
1.7,40,1,19.3,13710156.05
1.7,40,1,19.4,14333344.96
1.7,40,1,19.5,14644939.41
1.7,40,1,19.6,10905805.94
1.7,40,1,19.7,10282617.03
1.7,40,1,19.8,12775372.68
1.7,40,1,19.9,11840589.31
1.7,40,1,20,12463778.22
1.7,40,1,20.1,10905805.94
1.7,40,1,20.2,16202911.69
1.7,40,1,20.3,14021750.5
1.7,40,1,20.4,12463778.22
1.7,40,1,20.5,9971022.578
1.7,40,1,20.6,9971022.578
1.7,40,1,20.7,14021750.5
1.7,40,1,20.8,9659428.123
1.7,40,1,20.9,11217400.4
1.7,40,1,21,9659428.123
1.7,40,1,21.1,14644939.41
1.7,40,1,21.2,10594211.49
1.7,40,1,21.3,11528994.86
1.7,40,1,21.4,10282617.03
1.7,40,1,21.5,8413050.3
1.7,40,1,21.6,9971022.578
1.7,40,1,21.7,9036239.212
1.7,40,1,21.8,12463778.22
1.7,40,1,21.9,8413050.3
1.7,40,1,22,8724644.756
1.7,40,1,22.1,12463778.22
1.7,40,1,22.2,14021750.5
1.7,40,1,22.3,10594211.49
1.7,40,1,22.4,7789861.389
1.7,40,1,22.5,10594211.49
1.7,40,1,22.6,8724644.756
1.7,40,1,22.7,11217400.4
1.7,40,1,22.8,9036239.212
1.7,40,1,22.9,9659428.123
1.7,40,1,23,10594211.49
1.7,40,1,23.1,8724644.756
1.7,40,1,23.2,10282617.03
1.7,40,1,23.3,10905805.94
1.7,40,1,23.4,7478266.934
1.7,40,1,23.5,10905805.94
1.7,40,1,23.6,11217400.4
1.7,40,1,23.7,12775372.68
1.7,40,1,23.8,11528994.86
1.7,40,1,23.9,8724644.756
1.7,40,1,24,6855078.023
1.7,40,1,24.1,9347833.667
1.7,40,1,24.2,7789861.389
1.7,40,1,24.3,8724644.756
1.7,40,1,24.4,11840589.31
1.7,40,1,24.5,10282617.03
1.7,40,1,24.6,11528994.86
1.7,40,1,24.7,8101455.845
1.7,40,1,24.8,9659428.123
1.7,40,1,24.9,8413050.3
1.7,40,1,25,6543483.567
1.7,40,1,25.1,13086967.13
1.7,40,1,25.2,8101455.845
1.7,40,1,25.3,7789861.389
1.7,40,1,25.4,5920294.656
1.7,40,1,25.5,8101455.845
1.7,40,1,25.6,8413050.3
1.7,40,1,25.7,5920294.656
1.7,40,1,25.8,9659428.123
1.7,40,1,25.9,7478266.934
1.7,40,1,26,8724644.756
1.7,40,1,26.1,8101455.845
1.7,40,1,26.2,7166672.478
1.7,40,1,26.3,7166672.478
1.7,40,1,26.4,6231889.111
1.7,40,1,26.5,8413050.3
1.7,40,1,26.6,10594211.49
1.7,40,1,26.7,7166672.478
1.7,40,1,26.8,8724644.756
1.7,40,1,26.9,6543483.567
1.7,40,1,27,6231889.111
1.7,40,1,27.1,7166672.478
1.7,40,1,27.2,9347833.667
1.7,40,1,27.3,6543483.567
1.7,40,1,27.4,5608700.2
1.7,40,1,27.5,8101455.845
1.7,40,1,27.6,5920294.656
1.7,40,1,27.7,5297105.745
1.7,40,1,27.8,8724644.756
1.7,40,1,27.9,8101455.845
1.7,40,1,28,9036239.212
1.7,40,1,28.1,4985511.289
1.7,40,1,28.2,5608700.2
1.7,40,1,28.3,3739133.467
1.7,40,1,28.4,8413050.3
1.7,40,1,28.5,8101455.845
1.7,40,1,28.6,6543483.567
1.7,40,1,28.7,9036239.212
1.7,40,1,28.8,6231889.111
1.7,40,1,28.9,5608700.2
1.7,40,1,29,7166672.478
1.7,40,1,29.1,6543483.567
1.7,40,1,29.2,8413050.3
1.7,40,1,29.3,11528994.86
1.7,40,1,29.4,5920294.656
1.7,40,1,29.5,5608700.2
1.7,40,1,29.6,6543483.567
1.7,40,1,29.7,5920294.656
1.7,40,1,29.8,4362322.378
1.7,40,1,29.9,5608700.2
1.7,40,1,30,5297105.745
1.7,40,1,30.1,4985511.289
1.7,40,1,30.2,5920294.656
1.7,40,1,30.3,4985511.289
1.7,40,1,30.4,5608700.2
1.7,40,1,30.5,4673916.834
1.7,40,1,30.6,3739133.467
1.7,40,1,30.7,6543483.567
1.7,40,1,30.8,6855078.023
1.7,40,1,30.9,6855078.023
1.7,40,1,31,5608700.2
1.7,40,1,31.1,4050727.922
1.7,40,1,31.2,4985511.289
1.7,40,1,31.3,3427539.011
1.7,40,1,31.4,4985511.289
1.7,40,1,31.5,6543483.567
1.7,40,1,31.6,4673916.834
1.7,40,1,31.7,3739133.467
1.7,40,1,31.8,4985511.289
1.7,40,1,31.9,2492755.645
1.7,40,1,32,2492755.645
1.7,40,1,32.1,4673916.834
1.7,40,1,32.2,3427539.011
1.7,40,1,32.3,2492755.645
1.7,40,1,32.4,4673916.834
1.7,40,1,32.5,5920294.656
1.7,40,1,32.6,3739133.467
1.7,40,1,32.7,2181161.189
1.7,40,1,32.8,5297105.745
1.7,40,1,32.9,4362322.378
1.7,40,1,33,4362322.378
1.7,40,1,33.1,3739133.467
1.7,40,1,33.2,4985511.289
1.7,40,1,33.3,3115944.556
1.7,40,1,33.4,4362322.378
1.7,40,1,33.5,4985511.289
1.7,40,1,33.6,4985511.289
1.7,40,1,33.7,3115944.556
1.7,40,1,33.8,3115944.556
1.7,40,1,33.9,1557972.278
1.7,40,1,34,4050727.922
1.7,40,1,34.1,2181161.189
1.7,40,1,34.2,2804350.1
1.7,40,1,34.3,4985511.289
1.7,40,1,34.4,4673916.834
1.7,40,1,34.5,6231889.111
1.7,40,1,34.6,2804350.1
1.7,40,1,34.7,4673916.834
1.7,40,1,34.8,3427539.011
1.7,40,1,34.9,5297105.745
1.7,40,1,35,3739133.467
1.7,40,1,35.1,3115944.556
1.7,40,1,35.2,3115944.556
1.7,40,1,35.3,2804350.1
1.7,40,1,35.4,2804350.1
1.7,40,1,35.5,3739133.467
1.7,40,1,35.6,3427539.011
1.7,40,1,35.7,1869566.733
1.7,40,1,35.8,2804350.1
1.7,40,1,35.9,2492755.645
1.7,40,1,36,3427539.011
1.7,40,1,36.1,3739133.467
1.7,40,1,36.2,3115944.556
1.7,40,1,36.3,2492755.645
1.7,40,1,36.4,3115944.556
1.7,40,1,36.5,1246377.822
1.7,40,1,36.6,2181161.189
1.7,40,1,36.7,2804350.1
1.7,40,1,36.8,1246377.822
1.7,40,1,36.9,1557972.278
1.7,40,1,37,3115944.556
1.7,40,1,37.1,1557972.278
1.7,40,1,37.2,1869566.733
1.7,40,1,37.3,2492755.645
1.7,40,1,37.4,934783.3667
1.7,40,1,37.5,2804350.1
1.7,40,1,37.6,2181161.189
1.7,40,1,37.7,2492755.645
1.7,40,1,37.8,1246377.822
1.7,40,1,37.9,2492755.645
1.7,40,1,38,2492755.645
1.7,40,1,38.1,2181161.189
1.7,40,1,38.2,311594.4556
1.7,40,1,38.3,2181161.189
1.7,40,1,38.4,934783.3667
1.7,40,1,38.5,623188.9111
1.7,40,1,38.6,1557972.278
1.7,40,1,38.7,1246377.822
1.7,40,1,38.8,934783.3667
1.7,40,1,38.9,623188.9111
1.7,40,1,39,2181161.189
1.7,40,1,39.2,934783.3667
1.7,40,1,39.3,934783.3667
1.7,40,1,39.4,934783.3667
1.7,40,1,39.5,311594.4556
1.7,40,1,39.6,623188.9111
1.7,40,1,39.7,311594.4556
1.7,40,1,39.9,311594.4556
1.7,80,1,3.1,343613.6765
1.7,80,1,3.4,343613.6765
1.7,80,1,3.6,343613.6765
1.7,80,1,3.7,343613.6765
1.7,80,1,3.8,1374454.706
1.7,80,1,4,2405295.736
1.7,80,1,4.1,2748909.412
1.7,80,1,4.2,3779750.442
1.7,80,1,4.3,4810591.471
1.7,80,1,4.4,3436136.765
1.7,80,1,4.5,8246728.236
1.7,80,1,4.6,5154205.148
1.7,80,1,4.7,7559500.883
1.7,80,1,4.8,7903114.56
1.7,80,1,4.9,9964796.619
1.7,80,1,5,11682865
1.7,80,1,5.1,10652023.97
1.7,80,1,5.2,9964796.619
1.7,80,1,5.3,11682865
1.7,80,1,5.4,12370092.35
1.7,80,1,5.5,12713706.03
1.7,80,1,5.6,16149842.8
1.7,80,1,5.7,17180683.83
1.7,80,1,5.8,12713706.03
1.7,80,1,5.9,16493456.47
1.7,80,1,6,20960434.27
1.7,80,1,6.1,23022116.33
1.7,80,1,6.2,25427412.06
1.7,80,1,6.3,24396571.03
1.7,80,1,6.4,20273206.91
1.7,80,1,6.5,24740184.71
1.7,80,1,6.6,22334888.97
1.7,80,1,6.7,24396571.03
1.7,80,1,6.8,30238003.53
1.7,80,1,6.9,25771025.74
1.7,80,1,7,27145480.44
1.7,80,1,7.1,23022116.33
1.7,80,1,7.2,23022116.33
1.7,80,1,7.3,24740184.71
1.7,80,1,7.4,57727097.65
1.7,80,1,7.5,33674140.3
1.7,80,1,7.6,34361367.65
1.7,80,1,7.7,35392208.68
1.7,80,1,7.8,33674140.3
1.7,80,1,7.9,26801866.77
1.7,80,1,8,21647661.62
1.7,80,1,8.1,32299685.59
1.7,80,1,8.2,32986912.94
1.7,80,1,8.3,104802171.3
1.7,80,1,8.4,747016132.7
1.7,80,1,8.5,20960434.27
1.7,80,1,8.6,29550776.18
1.7,80,1,8.7,29894389.86
1.7,80,1,8.8,41233641.18
1.7,80,1,8.9,31956071.91
1.7,80,1,9,33330526.62
1.7,80,1,9.1,38141118.09
1.7,80,1,9.2,35735822.36
1.7,80,1,9.3,26458253.09
1.7,80,1,9.4,28176321.47
1.7,80,1,9.5,53260119.86
1.7,80,1,9.6,37110277.06
1.7,80,1,9.7,409931116.1
1.7,80,1,9.8,61850461.77
1.7,80,1,9.9,44669777.95
1.7,80,1,10,178335498.1
1.7,80,1,10.1,31956071.91
1.7,80,1,10.2,29550776.18
1.7,80,1,10.3,23709343.68
1.7,80,1,10.4,23022116.33
1.7,80,1,10.5,20960434.27
1.7,80,1,10.6,23022116.33
1.7,80,1,10.7,26114639.41
1.7,80,1,10.8,30238003.53
1.7,80,1,10.9,29894389.86
1.7,80,1,11,30925230.89
1.7,80,1,11.1,26458253.09
1.7,80,1,11.2,27145480.44
1.7,80,1,11.3,96211829.42
1.7,80,1,11.4,20960434.27
1.7,80,1,11.5,29894389.86
1.7,80,1,11.6,27489094.12
1.7,80,1,11.7,27832707.8
1.7,80,1,11.8,22678502.65
1.7,80,1,11.9,25083798.38
1.7,80,1,12,22334888.97
1.7,80,1,12.1,20960434.27
1.7,80,1,12.2,21304047.94
1.7,80,1,12.3,26458253.09
1.7,80,1,12.4,25083798.38
1.7,80,1,12.5,19242365.88
1.7,80,1,12.6,23365730
1.7,80,1,12.7,20616820.59
1.7,80,1,12.8,20960434.27
1.7,80,1,12.9,25083798.38
1.7,80,1,13,17867911.18
1.7,80,1,13.1,19242365.88
1.7,80,1,13.2,19585979.56
1.7,80,1,13.3,22678502.65
1.7,80,1,13.4,19929593.24
1.7,80,1,13.5,18211524.85
1.7,80,1,13.6,15462615.44
1.7,80,1,13.7,20273206.91
1.7,80,1,13.8,25083798.38
1.7,80,1,13.9,20273206.91
1.7,80,1,14,22334888.97
1.7,80,1,14.1,20273206.91
1.7,80,1,14.2,18898752.21
1.7,80,1,14.3,19929593.24
1.7,80,1,14.4,18211524.85
1.7,80,1,14.5,21991275.3
1.7,80,1,14.6,18555138.53
1.7,80,1,14.7,21304047.94
1.7,80,1,14.8,19929593.24
1.7,80,1,14.9,14088160.74
1.7,80,1,15,20960434.27
1.7,80,1,15.1,13744547.06
1.7,80,1,15.2,20960434.27
1.7,80,1,15.3,17867911.18
1.7,80,1,15.4,16493456.47
1.7,80,1,15.5,16837070.15
1.7,80,1,15.6,13744547.06
1.7,80,1,15.7,18898752.21
1.7,80,1,15.8,19585979.56
1.7,80,1,15.9,19585979.56
1.7,80,1,16,19242365.88
1.7,80,1,16.1,16149842.8
1.7,80,1,16.2,21991275.3
1.7,80,1,16.3,16149842.8
1.7,80,1,16.4,16837070.15
1.7,80,1,16.5,15462615.44
1.7,80,1,16.6,19585979.56
1.7,80,1,16.7,16149842.8
1.7,80,1,16.8,13057319.71
1.7,80,1,16.9,19242365.88
1.7,80,1,17,17524297.5
1.7,80,1,17.1,13057319.71
1.7,80,1,17.2,16149842.8
1.7,80,1,17.3,15462615.44
1.7,80,1,17.4,18898752.21
1.7,80,1,17.5,19585979.56
1.7,80,1,17.6,10995637.65
1.7,80,1,17.7,18555138.53
1.7,80,1,17.8,18211524.85
1.7,80,1,17.9,19585979.56
1.7,80,1,18,17180683.83
1.7,80,1,18.1,22678502.65
1.7,80,1,18.2,16837070.15
1.7,80,1,18.3,15462615.44
1.7,80,1,18.4,13744547.06
1.7,80,1,18.5,16149842.8
1.7,80,1,18.6,18555138.53
1.7,80,1,18.7,13400933.38
1.7,80,1,18.8,17180683.83
1.7,80,1,18.9,17867911.18
1.7,80,1,19,13744547.06
1.7,80,1,19.1,11339251.32
1.7,80,1,19.2,15806229.12
1.7,80,1,19.3,13744547.06
1.7,80,1,19.4,15119001.77
1.7,80,1,19.5,14088160.74
1.7,80,1,19.6,18555138.53
1.7,80,1,19.7,11682865
1.7,80,1,19.8,14088160.74
1.7,80,1,19.9,14775388.09
1.7,80,1,20,12370092.35
1.7,80,1,20.1,15462615.44
1.7,80,1,20.2,15119001.77
1.7,80,1,20.3,15119001.77
1.7,80,1,20.4,14775388.09
1.7,80,1,20.5,12713706.03
1.7,80,1,20.6,15119001.77
1.7,80,1,20.7,15119001.77
1.7,80,1,20.8,19929593.24
1.7,80,1,20.9,17180683.83
1.7,80,1,21,15462615.44
1.7,80,1,21.1,16149842.8
1.7,80,1,21.2,16493456.47
1.7,80,1,21.3,12026478.68
1.7,80,1,21.4,11682865
1.7,80,1,21.5,10308410.3
1.7,80,1,21.6,16149842.8
1.7,80,1,21.7,12026478.68
1.7,80,1,21.8,14431774.41
1.7,80,1,21.9,10308410.3
1.7,80,1,22,12370092.35
1.7,80,1,22.1,12370092.35
1.7,80,1,22.2,12713706.03
1.7,80,1,22.3,12370092.35
1.7,80,1,22.4,8933955.589
1.7,80,1,22.5,8246728.236
1.7,80,1,22.6,19242365.88
1.7,80,1,22.7,9964796.619
1.7,80,1,22.8,15806229.12
1.7,80,1,22.9,10308410.3
1.7,80,1,23,12713706.03
1.7,80,1,23.1,12713706.03
1.7,80,1,23.2,13400933.38
1.7,80,1,23.3,13744547.06
1.7,80,1,23.4,15462615.44
1.7,80,1,23.5,13057319.71
1.7,80,1,23.6,11682865
1.7,80,1,23.7,12713706.03
1.7,80,1,23.8,12370092.35
1.7,80,1,23.9,10995637.65
1.7,80,1,24,10652023.97
1.7,80,1,24.1,9277569.266
1.7,80,1,24.2,8246728.236
1.7,80,1,24.3,12370092.35
1.7,80,1,24.4,11682865
1.7,80,1,24.5,8246728.236
1.7,80,1,24.6,10995637.65
1.7,80,1,24.7,9621182.942
1.7,80,1,24.8,12713706.03
1.7,80,1,24.9,12026478.68
1.7,80,1,25,10995637.65
1.7,80,1,25.1,9964796.619
1.7,80,1,25.2,12026478.68
1.7,80,1,25.3,9964796.619
1.7,80,1,25.4,11682865
1.7,80,1,25.5,8590341.913
1.7,80,1,25.6,8246728.236
1.7,80,1,25.7,9621182.942
1.7,80,1,25.8,7903114.56
1.7,80,1,25.9,12370092.35
1.7,80,1,26,12370092.35
1.7,80,1,26.1,7559500.883
1.7,80,1,26.2,8590341.913
1.7,80,1,26.3,12370092.35
1.7,80,1,26.4,10995637.65
1.7,80,1,26.5,7903114.56
1.7,80,1,26.6,11339251.32
1.7,80,1,26.7,8590341.913
1.7,80,1,26.8,6528659.854
1.7,80,1,26.9,8933955.589
1.7,80,1,27,8590341.913
1.7,80,1,27.1,11682865
1.7,80,1,27.2,8246728.236
1.7,80,1,27.3,11339251.32
1.7,80,1,27.4,11682865
1.7,80,1,27.5,10995637.65
1.7,80,1,27.6,14431774.41
1.7,80,1,27.7,10995637.65
1.7,80,1,27.8,14775388.09
1.7,80,1,27.9,10995637.65
1.7,80,1,28,9964796.619
1.7,80,1,28.1,8933955.589
1.7,80,1,28.2,7215887.207
1.7,80,1,28.3,9964796.619
1.7,80,1,28.4,10995637.65
1.7,80,1,28.5,12026478.68
1.7,80,1,28.6,9277569.266
1.7,80,1,28.7,9621182.942
1.7,80,1,28.8,9964796.619
1.7,80,1,28.9,10308410.3
1.7,80,1,29,7559500.883
1.7,80,1,29.1,8933955.589
1.7,80,1,29.2,10652023.97
1.7,80,1,29.3,8246728.236
1.7,80,1,29.4,9277569.266
1.7,80,1,29.5,6872273.53
1.7,80,1,29.6,12370092.35
1.7,80,1,29.7,7903114.56
1.7,80,1,29.8,12026478.68
1.7,80,1,29.9,9621182.942
1.7,80,1,30,7903114.56
1.7,80,1,30.1,9964796.619
1.7,80,1,30.2,11339251.32
1.7,80,1,30.3,7903114.56
1.7,80,1,30.4,7903114.56
1.7,80,1,30.5,9964796.619
1.7,80,1,30.6,8933955.589
1.7,80,1,30.7,7903114.56
1.7,80,1,30.8,9964796.619
1.7,80,1,30.9,8933955.589
1.7,80,1,31,9964796.619
1.7,80,1,31.1,6872273.53
1.7,80,1,31.2,7903114.56
1.7,80,1,31.3,9964796.619
1.7,80,1,31.4,7215887.207
1.7,80,1,31.5,9277569.266
1.7,80,1,31.6,5154205.148
1.7,80,1,31.7,5841432.501
1.7,80,1,31.8,7215887.207
1.7,80,1,31.9,7559500.883
1.7,80,1,32,7903114.56
1.7,80,1,32.1,8933955.589
1.7,80,1,32.2,7215887.207
1.7,80,1,32.3,11339251.32
1.7,80,1,32.4,7559500.883
1.7,80,1,32.5,4466977.795
1.7,80,1,32.6,7559500.883
1.7,80,1,32.7,8590341.913
1.7,80,1,32.8,6528659.854
1.7,80,1,32.9,7215887.207
1.7,80,1,33,9964796.619
1.7,80,1,33.1,7215887.207
1.7,80,1,33.2,7559500.883
1.7,80,1,33.3,6185046.177
1.7,80,1,33.4,7903114.56
1.7,80,1,33.5,8246728.236
1.7,80,1,33.6,6528659.854
1.7,80,1,33.7,5841432.501
1.7,80,1,33.8,7559500.883
1.7,80,1,33.9,9964796.619
1.7,80,1,34,8933955.589
1.7,80,1,34.1,10308410.3
1.7,80,1,34.2,5497818.824
1.7,80,1,34.3,10308410.3
1.7,80,1,34.4,9621182.942
1.7,80,1,34.5,8246728.236
1.7,80,1,34.6,5841432.501
1.7,80,1,34.7,6872273.53
1.7,80,1,34.8,4810591.471
1.7,80,1,34.9,7215887.207
1.7,80,1,35,4466977.795
1.7,80,1,35.1,7215887.207
1.7,80,1,35.2,9277569.266
1.7,80,1,35.3,6528659.854
1.7,80,1,35.4,10308410.3
1.7,80,1,35.5,8590341.913
1.7,80,1,35.6,5841432.501
1.7,80,1,35.7,8933955.589
1.7,80,1,35.8,4810591.471
1.7,80,1,35.9,6185046.177
1.7,80,1,36,3436136.765
1.7,80,1,36.1,6185046.177
1.7,80,1,36.2,9277569.266
1.7,80,1,36.3,7215887.207
1.7,80,1,36.4,8590341.913
1.7,80,1,36.5,4123364.118
1.7,80,1,36.6,7559500.883
1.7,80,1,36.7,6872273.53
1.7,80,1,36.8,5154205.148
1.7,80,1,36.9,5497818.824
1.7,80,1,37,7559500.883
1.7,80,1,37.1,9964796.619
1.7,80,1,37.2,6185046.177
1.7,80,1,37.3,5497818.824
1.7,80,1,37.4,8246728.236
1.7,80,1,37.5,4123364.118
1.7,80,1,37.6,5154205.148
1.7,80,1,37.7,3779750.442
1.7,80,1,37.8,7215887.207
1.7,80,1,37.9,3436136.765
1.7,80,1,38,5154205.148
1.7,80,1,38.1,4466977.795
1.7,80,1,38.2,7903114.56
1.7,80,1,38.3,3779750.442
1.7,80,1,38.4,7559500.883
1.7,80,1,38.5,5497818.824
1.7,80,1,38.6,5841432.501
1.7,80,1,38.7,6528659.854
1.7,80,1,38.8,6185046.177
1.7,80,1,38.9,6528659.854
1.7,80,1,39,6528659.854
1.7,80,1,39.1,4123364.118
1.7,80,1,39.2,6185046.177
1.7,80,1,39.3,6528659.854
1.7,80,1,39.4,8590341.913
1.7,80,1,39.5,5154205.148
1.7,80,1,39.6,5154205.148
1.7,80,1,39.7,6528659.854
1.7,80,1,39.8,4123364.118
1.7,80,1,39.9,4466977.795
1.7,80,1,40,5841432.501
1.7,80,1,40.1,7215887.207
1.7,80,1,40.2,5841432.501
1.7,80,1,40.3,6872273.53
1.7,80,1,40.4,3779750.442
1.7,80,1,40.5,6528659.854
1.7,80,1,40.6,7903114.56
1.7,80,1,40.7,4123364.118
1.7,80,1,40.8,6185046.177
1.7,80,1,40.9,3436136.765
1.7,80,1,41,6528659.854
1.7,80,1,41.1,5497818.824
1.7,80,1,41.2,7903114.56
1.7,80,1,41.3,6528659.854
1.7,80,1,41.4,7559500.883
1.7,80,1,41.5,4466977.795
1.7,80,1,41.6,4123364.118
1.7,80,1,41.7,5497818.824
1.7,80,1,41.8,6185046.177
1.7,80,1,41.9,3779750.442
1.7,80,1,42,6185046.177
1.7,80,1,42.1,5841432.501
1.7,80,1,42.2,8246728.236
1.7,80,1,42.3,6528659.854
1.7,80,1,42.4,5841432.501
1.7,80,1,42.5,5841432.501
1.7,80,1,42.6,5841432.501
1.7,80,1,42.7,5497818.824
1.7,80,1,42.8,5154205.148
1.7,80,1,42.9,7215887.207
1.7,80,1,43,4810591.471
1.7,80,1,43.1,6185046.177
1.7,80,1,43.2,4123364.118
1.7,80,1,43.3,7559500.883
1.7,80,1,43.4,7559500.883
1.7,80,1,43.5,4123364.118
1.7,80,1,43.6,7215887.207
1.7,80,1,43.7,4810591.471
1.7,80,1,43.8,4123364.118
1.7,80,1,43.9,4466977.795
1.7,80,1,44,4810591.471
1.7,80,1,44.1,3779750.442
1.7,80,1,44.2,5154205.148
1.7,80,1,44.3,6185046.177
1.7,80,1,44.4,6872273.53
1.7,80,1,44.5,2405295.736
1.7,80,1,44.6,8590341.913
1.7,80,1,44.7,4810591.471
1.7,80,1,44.8,6528659.854
1.7,80,1,44.9,3779750.442
1.7,80,1,45,4810591.471
1.7,80,1,45.1,4810591.471
1.7,80,1,45.2,5841432.501
1.7,80,1,45.3,3436136.765
1.7,80,1,45.4,3436136.765
1.7,80,1,45.5,7903114.56
1.7,80,1,45.6,4466977.795
1.7,80,1,45.7,3092523.089
1.7,80,1,45.8,4466977.795
1.7,80,1,45.9,5497818.824
1.7,80,1,46,4466977.795
1.7,80,1,46.1,4810591.471
1.7,80,1,46.2,5154205.148
1.7,80,1,46.3,5154205.148
1.7,80,1,46.4,5841432.501
1.7,80,1,46.5,5154205.148
1.7,80,1,46.6,5841432.501
1.7,80,1,46.7,4123364.118
1.7,80,1,46.8,4466977.795
1.7,80,1,46.9,5841432.501
1.7,80,1,47,4123364.118
1.7,80,1,47.1,5497818.824
1.7,80,1,47.2,4810591.471
1.7,80,1,47.3,3779750.442
1.7,80,1,47.4,6528659.854
1.7,80,1,47.5,3779750.442
1.7,80,1,47.6,4123364.118
1.7,80,1,47.7,5841432.501
1.7,80,1,47.8,5154205.148
1.7,80,1,47.9,5841432.501
1.7,80,1,48,4466977.795
1.7,80,1,48.1,5841432.501
1.7,80,1,48.2,4123364.118
1.7,80,1,48.3,5154205.148
1.7,80,1,48.4,3092523.089
1.7,80,1,48.5,4466977.795
1.7,80,1,48.6,5497818.824
1.7,80,1,48.7,4466977.795
1.7,80,1,48.8,3779750.442
1.7,80,1,48.9,6872273.53
1.7,80,1,49,5154205.148
1.7,80,1,49.1,4810591.471
1.7,80,1,49.2,3092523.089
1.7,80,1,49.3,4810591.471
1.7,80,1,49.4,3092523.089
1.7,80,1,49.5,4466977.795
1.7,80,1,49.6,5154205.148
1.7,80,1,49.7,4466977.795
1.7,80,1,49.8,3092523.089
1.7,80,1,49.9,3092523.089
1.7,80,1,50,3092523.089
1.7,80,1,50.1,6185046.177
1.7,80,1,50.2,2748909.412
1.7,80,1,50.3,5154205.148
1.7,80,1,50.4,6872273.53
1.7,80,1,50.5,3092523.089
1.7,80,1,50.6,3779750.442
1.7,80,1,50.7,4810591.471
1.7,80,1,50.8,4123364.118
1.7,80,1,50.9,3092523.089
1.7,80,1,51,4466977.795
1.7,80,1,51.1,5154205.148
1.7,80,1,51.2,4810591.471
1.7,80,1,51.3,2748909.412
1.7,80,1,51.4,5154205.148
1.7,80,1,51.5,5497818.824
1.7,80,1,51.6,5841432.501
1.7,80,1,51.7,4810591.471
1.7,80,1,51.8,4466977.795
1.7,80,1,51.9,2061682.059
1.7,80,1,52,2405295.736
1.7,80,1,52.1,6528659.854
1.7,80,1,52.2,2405295.736
1.7,80,1,52.3,2405295.736
1.7,80,1,52.4,2405295.736
1.7,80,1,52.5,3092523.089
1.7,80,1,52.6,4810591.471
1.7,80,1,52.7,3779750.442
1.7,80,1,52.8,4810591.471
1.7,80,1,52.9,4466977.795
1.7,80,1,53,2061682.059
1.7,80,1,53.1,3779750.442
1.7,80,1,53.2,2405295.736
1.7,80,1,53.3,3436136.765
1.7,80,1,53.4,4810591.471
1.7,80,1,53.5,4466977.795
1.7,80,1,53.6,1374454.706
1.7,80,1,53.7,1374454.706
1.7,80,1,53.8,4466977.795
1.7,80,1,53.9,3779750.442
1.7,80,1,54,3779750.442
1.7,80,1,54.1,4123364.118
1.7,80,1,54.2,4466977.795
1.7,80,1,54.3,3092523.089
1.7,80,1,54.4,3779750.442
1.7,80,1,54.5,4810591.471
1.7,80,1,54.6,3779750.442
1.7,80,1,54.7,2748909.412
1.7,80,1,54.8,5154205.148
1.7,80,1,54.9,4810591.471
1.7,80,1,55,2061682.059
1.7,80,1,55.1,3092523.089
1.7,80,1,55.2,4810591.471
1.7,80,1,55.3,2748909.412
1.7,80,1,55.4,5154205.148
1.7,80,1,55.5,3779750.442
1.7,80,1,55.6,3092523.089
1.7,80,1,55.7,2061682.059
1.7,80,1,55.8,4466977.795
1.7,80,1,55.9,4810591.471
1.7,80,1,56,4123364.118
1.7,80,1,56.1,4123364.118
1.7,80,1,56.2,2748909.412
1.7,80,1,56.3,3779750.442
1.7,80,1,56.4,2405295.736
1.7,80,1,56.5,4810591.471
1.7,80,1,56.6,1374454.706
1.7,80,1,56.7,4123364.118
1.7,80,1,56.8,3092523.089
1.7,80,1,56.9,3092523.089
1.7,80,1,57,2405295.736
1.7,80,1,57.1,3092523.089
1.7,80,1,57.2,2061682.059
1.7,80,1,57.3,2405295.736
1.7,80,1,57.4,4466977.795
1.7,80,1,57.5,2748909.412
1.7,80,1,57.6,3779750.442
1.7,80,1,57.7,3436136.765
1.7,80,1,57.8,4123364.118
1.7,80,1,57.9,4810591.471
1.7,80,1,58,3779750.442
1.7,80,1,58.1,4466977.795
1.7,80,1,58.2,2748909.412
1.7,80,1,58.3,2748909.412
1.7,80,1,58.4,3436136.765
1.7,80,1,58.5,3436136.765
1.7,80,1,58.6,2061682.059
1.7,80,1,58.7,3436136.765
1.7,80,1,58.8,3779750.442
1.7,80,1,58.9,3092523.089
1.7,80,1,59,3092523.089
1.7,80,1,59.1,4123364.118
1.7,80,1,59.2,3092523.089
1.7,80,1,59.3,3092523.089
1.7,80,1,59.4,5497818.824
1.7,80,1,59.5,6872273.53
1.7,80,1,59.6,2405295.736
1.7,80,1,59.7,4466977.795
1.7,80,1,59.8,3092523.089
1.7,80,1,59.9,3092523.089
1.7,80,1,60,2061682.059
1.7,80,1,60.1,3436136.765
1.7,80,1,60.2,2405295.736
1.7,80,1,60.3,2748909.412
1.7,80,1,60.4,3092523.089
1.7,80,1,60.5,2748909.412
1.7,80,1,60.6,2405295.736
1.7,80,1,60.7,1374454.706
1.7,80,1,60.8,2405295.736
1.7,80,1,60.9,2748909.412
1.7,80,1,61,2748909.412
1.7,80,1,61.1,4810591.471
1.7,80,1,61.2,4810591.471
1.7,80,1,61.3,3779750.442
1.7,80,1,61.4,2748909.412
1.7,80,1,61.5,2405295.736
1.7,80,1,61.6,3092523.089
1.7,80,1,61.7,3092523.089
1.7,80,1,61.8,3779750.442
1.7,80,1,61.9,3779750.442
1.7,80,1,62,5154205.148
1.7,80,1,62.1,4123364.118
1.7,80,1,62.2,3092523.089
1.7,80,1,62.3,4466977.795
1.7,80,1,62.4,4466977.795
1.7,80,1,62.5,3779750.442
1.7,80,1,62.6,1718068.383
1.7,80,1,62.7,1718068.383
1.7,80,1,62.8,2748909.412
1.7,80,1,62.9,4466977.795
1.7,80,1,63,2748909.412
1.7,80,1,63.1,2405295.736
1.7,80,1,63.2,3092523.089
1.7,80,1,63.3,2748909.412
1.7,80,1,63.4,4810591.471
1.7,80,1,63.5,2061682.059
1.7,80,1,63.6,3779750.442
1.7,80,1,63.7,3779750.442
1.7,80,1,63.8,4466977.795
1.7,80,1,63.9,1030841.03
1.7,80,1,64,2405295.736
1.7,80,1,64.1,3436136.765
1.7,80,1,64.2,3092523.089
1.7,80,1,64.3,4810591.471
1.7,80,1,64.4,2748909.412
1.7,80,1,64.5,2061682.059
1.7,80,1,64.6,1718068.383
1.7,80,1,64.7,2405295.736
1.7,80,1,64.8,1374454.706
1.7,80,1,64.9,2748909.412
1.7,80,1,65,2748909.412
1.7,80,1,65.1,1374454.706
1.7,80,1,65.2,2405295.736
1.7,80,1,65.3,1030841.03
1.7,80,1,65.4,3779750.442
1.7,80,1,65.5,2061682.059
1.7,80,1,65.6,4123364.118
1.7,80,1,65.7,2405295.736
1.7,80,1,65.8,2061682.059
1.7,80,1,65.9,2405295.736
1.7,80,1,66,3436136.765
1.7,80,1,66.1,3779750.442
1.7,80,1,66.2,2061682.059
1.7,80,1,66.3,5841432.501
1.7,80,1,66.4,3436136.765
1.7,80,1,66.5,2061682.059
1.7,80,1,66.6,1718068.383
1.7,80,1,66.7,2748909.412
1.7,80,1,66.8,2748909.412
1.7,80,1,66.9,2061682.059
1.7,80,1,67,2748909.412
1.7,80,1,67.1,4466977.795
1.7,80,1,67.2,1718068.383
1.7,80,1,67.3,2405295.736
1.7,80,1,67.4,4466977.795
1.7,80,1,67.5,2405295.736
1.7,80,1,67.6,2061682.059
1.7,80,1,67.7,1374454.706
1.7,80,1,67.8,687227.353
1.7,80,1,67.9,2061682.059
1.7,80,1,68,3092523.089
1.7,80,1,68.1,1374454.706
1.7,80,1,68.2,2061682.059
1.7,80,1,68.3,3092523.089
1.7,80,1,68.4,2405295.736
1.7,80,1,68.5,4123364.118
1.7,80,1,68.6,1718068.383
1.7,80,1,68.7,4466977.795
1.7,80,1,68.8,2748909.412
1.7,80,1,68.9,2748909.412
1.7,80,1,69,3436136.765
1.7,80,1,69.1,2405295.736
1.7,80,1,69.2,2061682.059
1.7,80,1,69.3,2061682.059
1.7,80,1,69.4,2061682.059
1.7,80,1,69.5,1718068.383
1.7,80,1,69.6,1030841.03
1.7,80,1,69.7,2405295.736
1.7,80,1,69.8,2061682.059
1.7,80,1,69.9,3092523.089
1.7,80,1,70,2405295.736
1.7,80,1,70.1,1030841.03
1.7,80,1,70.2,1374454.706
1.7,80,1,70.3,4810591.471
1.7,80,1,70.4,3092523.089
1.7,80,1,70.5,2061682.059
1.7,80,1,70.6,1374454.706
1.7,80,1,70.7,3779750.442
1.7,80,1,70.8,687227.353
1.7,80,1,70.9,4466977.795
1.7,80,1,71,2405295.736
1.7,80,1,71.1,2748909.412
1.7,80,1,71.2,2405295.736
1.7,80,1,71.3,2405295.736
1.7,80,1,71.4,2748909.412
1.7,80,1,71.5,1718068.383
1.7,80,1,71.6,343613.6765
1.7,80,1,71.7,2061682.059
1.7,80,1,71.8,2748909.412
1.7,80,1,71.9,2061682.059
1.7,80,1,72,2061682.059
1.7,80,1,72.1,1374454.706
1.7,80,1,72.2,1718068.383
1.7,80,1,72.3,687227.353
1.7,80,1,72.4,1718068.383
1.7,80,1,72.5,2405295.736
1.7,80,1,72.6,2405295.736
1.7,80,1,72.7,687227.353
1.7,80,1,72.8,1718068.383
1.7,80,1,72.9,1030841.03
1.7,80,1,73,687227.353
1.7,80,1,73.1,343613.6765
1.7,80,1,73.2,1030841.03
1.7,80,1,73.3,1030841.03
1.7,80,1,73.4,2748909.412
1.7,80,1,73.5,1374454.706
1.7,80,1,73.6,3436136.765
1.7,80,1,73.7,2061682.059
1.7,80,1,73.8,2405295.736
1.7,80,1,73.9,2061682.059
1.7,80,1,74,1374454.706
1.7,80,1,74.1,2405295.736
1.7,80,1,74.2,2748909.412
1.7,80,1,74.3,2061682.059
1.7,80,1,74.4,1718068.383
1.7,80,1,74.5,2748909.412
1.7,80,1,74.6,3779750.442
1.7,80,1,74.7,3092523.089
1.7,80,1,74.8,687227.353
1.7,80,1,74.9,1030841.03
1.7,80,1,75,2061682.059
1.7,80,1,75.1,343613.6765
1.7,80,1,75.2,2061682.059
1.7,80,1,75.3,1718068.383
1.7,80,1,75.4,1718068.383
1.7,80,1,75.5,343613.6765
1.7,80,1,75.6,2061682.059
1.7,80,1,75.7,2061682.059
1.7,80,1,75.8,2748909.412
1.7,80,1,75.9,1374454.706
1.7,80,1,76,1718068.383
1.7,80,1,76.1,2748909.412
1.7,80,1,76.2,687227.353
1.7,80,1,76.3,1030841.03
1.7,80,1,76.4,687227.353
1.7,80,1,76.5,1030841.03
1.7,80,1,76.6,1030841.03
1.7,80,1,76.7,687227.353
1.7,80,1,76.8,2061682.059
1.7,80,1,76.9,1030841.03
1.7,80,1,77,2748909.412
1.7,80,1,77.1,343613.6765
1.7,80,1,77.2,687227.353
1.7,80,1,77.3,2748909.412
1.7,80,1,77.4,1718068.383
1.7,80,1,77.5,687227.353
1.7,80,1,77.6,1030841.03
1.7,80,1,77.7,687227.353
1.7,80,1,77.8,1374454.706
1.7,80,1,77.9,343613.6765
1.7,80,1,78,343613.6765
1.7,80,1,78.1,1030841.03
1.7,80,1,78.2,1030841.03
1.7,80,1,78.4,687227.353
1.7,80,1,78.6,343613.6765
1.7,80,1,78.7,1030841.03
1.7,80,1,78.8,1030841.03
1.7,80,1,78.9,687227.353
1.7,80,1,79,687227.353
1.7,80,1,79.1,1374454.706
1.7,80,1,79.3,687227.353
1.7,80,1,79.5,343613.6765
1.7,80,1,79.7,687227.353
1.7,80,1,79.9,343613.6765
1.7,150,1,2.9,427382.2178
1.7,150,1,3,427382.2178
1.7,150,1,3.1,1282146.653
1.7,150,1,3.3,427382.2178
1.7,150,1,3.4,1709528.871
1.7,150,1,3.5,854764.4355
1.7,150,1,3.6,854764.4355
1.7,150,1,3.7,2991675.524
1.7,150,1,3.8,1709528.871
1.7,150,1,3.9,5128586.613
1.7,150,1,4,4701204.395
1.7,150,1,4.1,5555968.831
1.7,150,1,4.2,5555968.831
1.7,150,1,4.3,6838115.484
1.7,150,1,4.4,8120262.137
1.7,150,1,4.5,10257173.23
1.7,150,1,4.6,16240524.27
1.7,150,1,4.7,13248848.75
1.7,150,1,4.8,19232199.8
1.7,150,1,4.9,14103613.19
1.7,150,1,5,18804817.58
1.7,150,1,5.1,20941728.67
1.7,150,1,5.2,17095288.71
1.7,150,1,5.3,27352461.94
1.7,150,1,5.4,26070315.28
1.7,150,1,5.5,24788168.63
1.7,150,1,5.6,23933404.19
1.7,150,1,5.7,33335812.99
1.7,150,1,5.8,29916755.24
1.7,150,1,5.9,28207226.37
1.7,150,1,6,32481048.55
1.7,150,1,6.1,34617959.64
1.7,150,1,6.2,30344137.46
1.7,150,1,6.3,35045341.86
1.7,150,1,6.4,38037017.38
1.7,150,1,6.5,33763195.2
1.7,150,1,6.6,29061990.81
1.7,150,1,6.7,34190577.42
1.7,150,1,6.8,41028692.9
1.7,150,1,6.9,32908430.77
1.7,150,1,7,35900106.29
1.7,150,1,7.1,38891781.82
1.7,150,1,7.2,46584661.74
1.7,150,1,7.3,29916755.24
1.7,150,1,7.4,76074034.76
1.7,150,1,7.5,46157279.52
1.7,150,1,7.6,38464399.6
1.7,150,1,7.7,41883457.34
1.7,150,1,7.8,41883457.34
1.7,150,1,7.9,46157279.52
1.7,150,1,8,41456075.12
1.7,150,1,8.1,40601310.69
1.7,150,1,8.2,46584661.74
1.7,150,1,8.3,100862203.4
1.7,150,1,8.4,544912327.6
1.7,150,1,8.5,45729897.3
1.7,150,1,8.6,39746546.25
1.7,150,1,8.7,37182252.94
1.7,150,1,8.8,40173928.47
1.7,150,1,8.9,39319164.03
1.7,150,1,9,41883457.34
1.7,150,1,9.1,36327488.51
1.7,150,1,9.2,44020368.43
1.7,150,1,9.3,47439426.17
1.7,150,1,9.4,39319164.03
1.7,150,1,9.5,55559688.31
1.7,150,1,9.6,46584661.74
1.7,150,1,9.7,328229543.2
1.7,150,1,9.8,68808537.06
1.7,150,1,9.9,55132306.09
1.7,150,1,10,144882571.8
1.7,150,1,10.1,49576337.26
1.7,150,1,10.2,52568012.78
1.7,150,1,10.3,39319164.03
1.7,150,1,10.4,36754870.73
1.7,150,1,10.5,37182252.94
1.7,150,1,10.6,35045341.86
1.7,150,1,10.7,38037017.38
1.7,150,1,10.8,29916755.24
1.7,150,1,10.9,27352461.94
1.7,150,1,11,39319164.03
1.7,150,1,11.1,38464399.6
1.7,150,1,11.2,36754870.73
1.7,150,1,11.3,75219270.33
1.7,150,1,11.4,31626284.11
1.7,150,1,11.5,36754870.73
1.7,150,1,11.6,32481048.55
1.7,150,1,11.7,41456075.12
1.7,150,1,11.8,30771519.68
1.7,150,1,11.9,26070315.28
1.7,150,1,12,39319164.03
1.7,150,1,12.1,29061990.81
1.7,150,1,12.2,32908430.77
1.7,150,1,12.3,29916755.24
1.7,150,1,12.4,35900106.29
1.7,150,1,12.5,27779844.15
1.7,150,1,12.6,26925079.72
1.7,150,1,12.7,29916755.24
1.7,150,1,12.8,35472724.07
1.7,150,1,12.9,24788168.63
1.7,150,1,13,29916755.24
1.7,150,1,13.1,25215550.85
1.7,150,1,13.2,37609635.16
1.7,150,1,13.3,35472724.07
1.7,150,1,13.4,26070315.28
1.7,150,1,13.5,27352461.94
1.7,150,1,13.6,30771519.68
1.7,150,1,13.7,31198901.9
1.7,150,1,13.8,34617959.64
1.7,150,1,13.9,26497697.5
1.7,150,1,14,27352461.94
1.7,150,1,14.1,29489373.03
1.7,150,1,14.2,30771519.68
1.7,150,1,14.3,24788168.63
1.7,150,1,14.4,32053666.33
1.7,150,1,14.5,25642933.07
1.7,150,1,14.6,23933404.19
1.7,150,1,14.7,29061990.81
1.7,150,1,14.8,32481048.55
1.7,150,1,14.9,26925079.72
1.7,150,1,15,28207226.37
1.7,150,1,15.1,23506021.98
1.7,150,1,15.2,23078639.76
1.7,150,1,15.3,23506021.98
1.7,150,1,15.4,29916755.24
1.7,150,1,15.5,20514346.45
1.7,150,1,15.6,17522670.93
1.7,150,1,15.7,27352461.94
1.7,150,1,15.8,22223875.32
1.7,150,1,15.9,24788168.63
1.7,150,1,16,25215550.85
1.7,150,1,16.1,27779844.15
1.7,150,1,16.2,17950053.15
1.7,150,1,16.3,32481048.55
1.7,150,1,16.4,23506021.98
1.7,150,1,16.5,27352461.94
1.7,150,1,16.6,18804817.58
1.7,150,1,16.7,21796493.11
1.7,150,1,16.8,21796493.11
1.7,150,1,16.9,21796493.11
1.7,150,1,17,26497697.5
1.7,150,1,17.1,20086964.23
1.7,150,1,17.2,21369110.89
1.7,150,1,17.3,20941728.67
1.7,150,1,17.4,23078639.76
1.7,150,1,17.5,21796493.11
1.7,150,1,17.6,23078639.76
1.7,150,1,17.7,19659582.02
1.7,150,1,17.8,18377435.36
1.7,150,1,17.9,26497697.5
1.7,150,1,18,24360786.41
1.7,150,1,18.1,26925079.72
1.7,150,1,18.2,23506021.98
1.7,150,1,18.3,22651257.54
1.7,150,1,18.4,21796493.11
1.7,150,1,18.5,21796493.11
1.7,150,1,18.6,23506021.98
1.7,150,1,18.7,21369110.89
1.7,150,1,18.8,19232199.8
1.7,150,1,18.9,20514346.45
1.7,150,1,19,19659582.02
1.7,150,1,19.1,19232199.8
1.7,150,1,19.2,23078639.76
1.7,150,1,19.3,19232199.8
1.7,150,1,19.4,23078639.76
1.7,150,1,19.5,20941728.67
1.7,150,1,19.6,15385759.84
1.7,150,1,19.7,21369110.89
1.7,150,1,19.8,14103613.19
1.7,150,1,19.9,17522670.93
1.7,150,1,20,21796493.11
1.7,150,1,20.1,26070315.28
1.7,150,1,20.2,15385759.84
1.7,150,1,20.3,17095288.71
1.7,150,1,20.4,17950053.15
1.7,150,1,20.5,17950053.15
1.7,150,1,20.6,17522670.93
1.7,150,1,20.7,22223875.32
1.7,150,1,20.8,14958377.62
1.7,150,1,20.9,17522670.93
1.7,150,1,21,19659582.02
1.7,150,1,21.1,23933404.19
1.7,150,1,21.2,17522670.93
1.7,150,1,21.3,18377435.36
1.7,150,1,21.4,17095288.71
1.7,150,1,21.5,12394084.31
1.7,150,1,21.6,19232199.8
1.7,150,1,21.7,17950053.15
1.7,150,1,21.8,14103613.19
1.7,150,1,21.9,16667906.49
1.7,150,1,22,15385759.84
1.7,150,1,22.1,18804817.58
1.7,150,1,22.2,17522670.93
1.7,150,1,22.3,16667906.49
1.7,150,1,22.4,15385759.84
1.7,150,1,22.5,18377435.36
1.7,150,1,22.6,13248848.75
1.7,150,1,22.7,13676230.97
1.7,150,1,22.8,20086964.23
1.7,150,1,22.9,17095288.71
1.7,150,1,23,15813142.06
1.7,150,1,23.1,14530995.4
1.7,150,1,23.2,14103613.19
1.7,150,1,23.3,12821466.53
1.7,150,1,23.4,14103613.19
1.7,150,1,23.5,18377435.36
1.7,150,1,23.6,14958377.62
1.7,150,1,23.7,15813142.06
1.7,150,1,23.8,16240524.27
1.7,150,1,23.9,12821466.53
1.7,150,1,24,16667906.49
1.7,150,1,24.1,13676230.97
1.7,150,1,24.2,17950053.15
1.7,150,1,24.3,18804817.58
1.7,150,1,24.4,14103613.19
1.7,150,1,24.5,16240524.27
1.7,150,1,24.6,13248848.75
1.7,150,1,24.7,15813142.06
1.7,150,1,24.8,16240524.27
1.7,150,1,24.9,11539319.88
1.7,150,1,25,13676230.97
1.7,150,1,25.1,12821466.53
1.7,150,1,25.2,14958377.62
1.7,150,1,25.3,16667906.49
1.7,150,1,25.4,13676230.97
1.7,150,1,25.5,15385759.84
1.7,150,1,25.6,20086964.23
1.7,150,1,25.7,12394084.31
1.7,150,1,25.8,14530995.4
1.7,150,1,25.9,17950053.15
1.7,150,1,26,12394084.31
1.7,150,1,26.1,12394084.31
1.7,150,1,26.2,16240524.27
1.7,150,1,26.3,11111937.66
1.7,150,1,26.4,16240524.27
1.7,150,1,26.5,13248848.75
1.7,150,1,26.6,12394084.31
1.7,150,1,26.7,20514346.45
1.7,150,1,26.8,13248848.75
1.7,150,1,26.9,13248848.75
1.7,150,1,27,12821466.53
1.7,150,1,27.1,12394084.31
1.7,150,1,27.2,16240524.27
1.7,150,1,27.3,12394084.31
1.7,150,1,27.4,17095288.71
1.7,150,1,27.5,12821466.53
1.7,150,1,27.6,16240524.27
1.7,150,1,27.7,16667906.49
1.7,150,1,27.8,12821466.53
1.7,150,1,27.9,9829791.008
1.7,150,1,28,11539319.88
1.7,150,1,28.1,14103613.19
1.7,150,1,28.2,13676230.97
1.7,150,1,28.3,10684555.44
1.7,150,1,28.4,11111937.66
1.7,150,1,28.5,12394084.31
1.7,150,1,28.6,13248848.75
1.7,150,1,28.7,12394084.31
1.7,150,1,28.8,10257173.23
1.7,150,1,28.9,14530995.4
1.7,150,1,29,13676230.97
1.7,150,1,29.1,11539319.88
1.7,150,1,29.2,14530995.4
1.7,150,1,29.3,13248848.75
1.7,150,1,29.4,8547644.355
1.7,150,1,29.5,11539319.88
1.7,150,1,29.6,7692879.92
1.7,150,1,29.7,15813142.06
1.7,150,1,29.8,10684555.44
1.7,150,1,29.9,11539319.88
1.7,150,1,30,16667906.49
1.7,150,1,30.1,10684555.44
1.7,150,1,30.2,11539319.88
1.7,150,1,30.3,10684555.44
1.7,150,1,30.4,10684555.44
1.7,150,1,30.5,15385759.84
1.7,150,1,30.6,10684555.44
1.7,150,1,30.7,11966702.1
1.7,150,1,30.8,13676230.97
1.7,150,1,30.9,8975026.573
1.7,150,1,31,12394084.31
1.7,150,1,31.1,11111937.66
1.7,150,1,31.2,11539319.88
1.7,150,1,31.3,13248848.75
1.7,150,1,31.4,11966702.1
1.7,150,1,31.5,9402408.791
1.7,150,1,31.6,10257173.23
1.7,150,1,31.7,11539319.88
1.7,150,1,31.8,9829791.008
1.7,150,1,31.9,10684555.44
1.7,150,1,32,9829791.008
1.7,150,1,32.1,14530995.4
1.7,150,1,32.2,11539319.88
1.7,150,1,32.3,14103613.19
1.7,150,1,32.4,8120262.137
1.7,150,1,32.5,8975026.573
1.7,150,1,32.6,7265497.702
1.7,150,1,32.7,12821466.53
1.7,150,1,32.8,8547644.355
1.7,150,1,32.9,11111937.66
1.7,150,1,33,10257173.23
1.7,150,1,33.1,11966702.1
1.7,150,1,33.2,7265497.702
1.7,150,1,33.3,11111937.66
1.7,150,1,33.4,9402408.791
1.7,150,1,33.5,12394084.31
1.7,150,1,33.6,6410733.266
1.7,150,1,33.7,11966702.1
1.7,150,1,33.8,11539319.88
1.7,150,1,33.9,5555968.831
1.7,150,1,34,10684555.44
1.7,150,1,34.1,8547644.355
1.7,150,1,34.2,8547644.355
1.7,150,1,34.3,9829791.008
1.7,150,1,34.4,7692879.92
1.7,150,1,34.5,9402408.791
1.7,150,1,34.6,14958377.62
1.7,150,1,34.7,8120262.137
1.7,150,1,34.8,11111937.66
1.7,150,1,34.9,9829791.008
1.7,150,1,35,9402408.791
1.7,150,1,35.1,6410733.266
1.7,150,1,35.2,10257173.23
1.7,150,1,35.3,7692879.92
1.7,150,1,35.4,7265497.702
1.7,150,1,35.5,8120262.137
1.7,150,1,35.6,9829791.008
1.7,150,1,35.7,7265497.702
1.7,150,1,35.8,8975026.573
1.7,150,1,35.9,11966702.1
1.7,150,1,36,9402408.791
1.7,150,1,36.1,11539319.88
1.7,150,1,36.2,6410733.266
1.7,150,1,36.3,9829791.008
1.7,150,1,36.4,6838115.484
1.7,150,1,36.5,8547644.355
1.7,150,1,36.6,9829791.008
1.7,150,1,36.7,12394084.31
1.7,150,1,36.8,11539319.88
1.7,150,1,36.9,8547644.355
1.7,150,1,37,6838115.484
1.7,150,1,37.1,10684555.44
1.7,150,1,37.2,5128586.613
1.7,150,1,37.3,8547644.355
1.7,150,1,37.4,8547644.355
1.7,150,1,37.5,6838115.484
1.7,150,1,37.6,9829791.008
1.7,150,1,37.7,9402408.791
1.7,150,1,37.8,7692879.92
1.7,150,1,37.9,8975026.573
1.7,150,1,38,9402408.791
1.7,150,1,38.1,6410733.266
1.7,150,1,38.2,9402408.791
1.7,150,1,38.3,11111937.66
1.7,150,1,38.4,6838115.484
1.7,150,1,38.5,5555968.831
1.7,150,1,38.6,9402408.791
1.7,150,1,38.7,10257173.23
1.7,150,1,38.8,11111937.66
1.7,150,1,38.9,7692879.92
1.7,150,1,39,8547644.355
1.7,150,1,39.1,9402408.791
1.7,150,1,39.2,9402408.791
1.7,150,1,39.3,5128586.613
1.7,150,1,39.4,13248848.75
1.7,150,1,39.5,3419057.742
1.7,150,1,39.6,4701204.395
1.7,150,1,39.7,8120262.137
1.7,150,1,39.8,9402408.791
1.7,150,1,39.9,7692879.92
1.7,150,1,40,6838115.484
1.7,150,1,40.1,8120262.137
1.7,150,1,40.2,7692879.92
1.7,150,1,40.3,3419057.742
1.7,150,1,40.4,9402408.791
1.7,150,1,40.5,11539319.88
1.7,150,1,40.6,7692879.92
1.7,150,1,40.7,7692879.92
1.7,150,1,40.8,5555968.831
1.7,150,1,40.9,5555968.831
1.7,150,1,41,7265497.702
1.7,150,1,41.1,9402408.791
1.7,150,1,41.2,5555968.831
1.7,150,1,41.3,8975026.573
1.7,150,1,41.4,5128586.613
1.7,150,1,41.5,6838115.484
1.7,150,1,41.6,10684555.44
1.7,150,1,41.7,4273822.178
1.7,150,1,41.8,8975026.573
1.7,150,1,41.9,8120262.137
1.7,150,1,42,7692879.92
1.7,150,1,42.1,5555968.831
1.7,150,1,42.2,2991675.524
1.7,150,1,42.3,8547644.355
1.7,150,1,42.4,5555968.831
1.7,150,1,42.5,8120262.137
1.7,150,1,42.6,7265497.702
1.7,150,1,42.7,5128586.613
1.7,150,1,42.8,7265497.702
1.7,150,1,42.9,8120262.137
1.7,150,1,43,7265497.702
1.7,150,1,43.1,5983351.049
1.7,150,1,43.2,8120262.137
1.7,150,1,43.3,8547644.355
1.7,150,1,43.4,9402408.791
1.7,150,1,43.5,6410733.266
1.7,150,1,43.6,11966702.1
1.7,150,1,43.7,8120262.137
1.7,150,1,43.8,7692879.92
1.7,150,1,43.9,7692879.92
1.7,150,1,44,6838115.484
1.7,150,1,44.1,6838115.484
1.7,150,1,44.2,8120262.137
1.7,150,1,44.3,8975026.573
1.7,150,1,44.4,5128586.613
1.7,150,1,44.5,8975026.573
1.7,150,1,44.6,7692879.92
1.7,150,1,44.7,10684555.44
1.7,150,1,44.8,8120262.137
1.7,150,1,44.9,5983351.049
1.7,150,1,45,6410733.266
1.7,150,1,45.1,7692879.92
1.7,150,1,45.2,7265497.702
1.7,150,1,45.3,8975026.573
1.7,150,1,45.4,6410733.266
1.7,150,1,45.5,6838115.484
1.7,150,1,45.6,7692879.92
1.7,150,1,45.7,6410733.266
1.7,150,1,45.8,4701204.395
1.7,150,1,45.9,6838115.484
1.7,150,1,46,8120262.137
1.7,150,1,46.1,7265497.702
1.7,150,1,46.2,6410733.266
1.7,150,1,46.3,5983351.049
1.7,150,1,46.4,4701204.395
1.7,150,1,46.5,6838115.484
1.7,150,1,46.6,4701204.395
1.7,150,1,46.7,6838115.484
1.7,150,1,46.8,5555968.831
1.7,150,1,46.9,8547644.355
1.7,150,1,47,8120262.137
1.7,150,1,47.1,6410733.266
1.7,150,1,47.2,7265497.702
1.7,150,1,47.3,8975026.573
1.7,150,1,47.4,5555968.831
1.7,150,1,47.5,6410733.266
1.7,150,1,47.6,5983351.049
1.7,150,1,47.7,8120262.137
1.7,150,1,47.8,5555968.831
1.7,150,1,47.9,4273822.178
1.7,150,1,48,5128586.613
1.7,150,1,48.1,5983351.049
1.7,150,1,48.2,5555968.831
1.7,150,1,48.3,8547644.355
1.7,150,1,48.4,8547644.355
1.7,150,1,48.5,8547644.355
1.7,150,1,48.6,5128586.613
1.7,150,1,48.7,7265497.702
1.7,150,1,48.8,5128586.613
1.7,150,1,48.9,7692879.92
1.7,150,1,49,8120262.137
1.7,150,1,49.1,5983351.049
1.7,150,1,49.2,7265497.702
1.7,150,1,49.3,5128586.613
1.7,150,1,49.4,8547644.355
1.7,150,1,49.5,4273822.178
1.7,150,1,49.6,4273822.178
1.7,150,1,49.7,6838115.484
1.7,150,1,49.8,7692879.92
1.7,150,1,49.9,6838115.484
1.7,150,1,50,5128586.613
1.7,150,1,50.1,8120262.137
1.7,150,1,50.2,5555968.831
1.7,150,1,50.3,5983351.049
1.7,150,1,50.4,4273822.178
1.7,150,1,50.5,5128586.613
1.7,150,1,50.6,6410733.266
1.7,150,1,50.7,5983351.049
1.7,150,1,50.8,4701204.395
1.7,150,1,50.9,5555968.831
1.7,150,1,51,6410733.266
1.7,150,1,51.1,6838115.484
1.7,150,1,51.2,5555968.831
1.7,150,1,51.3,7265497.702
1.7,150,1,51.4,6838115.484
1.7,150,1,51.5,5983351.049
1.7,150,1,51.6,5983351.049
1.7,150,1,51.7,3419057.742
1.7,150,1,51.8,8547644.355
1.7,150,1,51.9,5555968.831
1.7,150,1,52,5128586.613
1.7,150,1,52.1,4273822.178
1.7,150,1,52.2,5983351.049
1.7,150,1,52.3,6838115.484
1.7,150,1,52.4,2564293.307
1.7,150,1,52.5,4701204.395
1.7,150,1,52.6,5983351.049
1.7,150,1,52.7,6410733.266
1.7,150,1,52.8,5128586.613
1.7,150,1,52.9,5983351.049
1.7,150,1,53,9402408.791
1.7,150,1,53.1,4701204.395
1.7,150,1,53.2,10257173.23
1.7,150,1,53.3,8975026.573
1.7,150,1,53.4,5128586.613
1.7,150,1,53.5,6410733.266
1.7,150,1,53.6,3846439.96
1.7,150,1,53.7,7265497.702
1.7,150,1,53.8,5128586.613
1.7,150,1,53.9,5983351.049
1.7,150,1,54,4701204.395
1.7,150,1,54.1,6838115.484
1.7,150,1,54.2,5128586.613
1.7,150,1,54.3,3846439.96
1.7,150,1,54.4,4701204.395
1.7,150,1,54.5,5555968.831
1.7,150,1,54.6,4273822.178
1.7,150,1,54.7,3419057.742
1.7,150,1,54.8,5128586.613
1.7,150,1,54.9,4701204.395
1.7,150,1,55,5128586.613
1.7,150,1,55.1,6838115.484
1.7,150,1,55.2,5555968.831
1.7,150,1,55.3,6410733.266
1.7,150,1,55.4,4701204.395
1.7,150,1,55.5,3846439.96
1.7,150,1,55.6,3846439.96
1.7,150,1,55.7,6410733.266
1.7,150,1,55.8,3846439.96
1.7,150,1,55.9,4701204.395
1.7,150,1,56,5983351.049
1.7,150,1,56.1,5555968.831
1.7,150,1,56.2,2564293.307
1.7,150,1,56.3,4273822.178
1.7,150,1,56.4,6410733.266
1.7,150,1,56.5,3846439.96
1.7,150,1,56.6,4701204.395
1.7,150,1,56.7,4701204.395
1.7,150,1,56.8,3419057.742
1.7,150,1,56.9,4701204.395
1.7,150,1,57,8120262.137
1.7,150,1,57.1,1282146.653
1.7,150,1,57.2,3846439.96
1.7,150,1,57.3,3419057.742
1.7,150,1,57.4,8120262.137
1.7,150,1,57.5,5983351.049
1.7,150,1,57.6,5983351.049
1.7,150,1,57.7,3419057.742
1.7,150,1,57.8,4701204.395
1.7,150,1,57.9,5983351.049
1.7,150,1,58,4701204.395
1.7,150,1,58.1,19232199.8
1.7,150,1,58.2,4701204.395
1.7,150,1,58.3,1709528.871
1.7,150,1,58.4,6410733.266
1.7,150,1,58.5,5128586.613
1.7,150,1,58.6,6410733.266
1.7,150,1,58.7,4273822.178
1.7,150,1,58.8,5555968.831
1.7,150,1,58.9,2564293.307
1.7,150,1,59,4701204.395
1.7,150,1,59.1,3419057.742
1.7,150,1,59.2,4273822.178
1.7,150,1,59.3,7692879.92
1.7,150,1,59.4,1709528.871
1.7,150,1,59.5,39746546.25
1.7,150,1,59.6,5555968.831
1.7,150,1,59.7,6410733.266
1.7,150,1,59.8,4701204.395
1.7,150,1,59.9,5555968.831
1.7,150,1,60,7265497.702
1.7,150,1,60.1,3846439.96
1.7,150,1,60.2,2991675.524
1.7,150,1,60.3,4701204.395
1.7,150,1,60.4,2991675.524
1.7,150,1,60.5,7265497.702
1.7,150,1,60.6,6838115.484
1.7,150,1,60.7,6410733.266
1.7,150,1,60.8,3419057.742
1.7,150,1,60.9,4701204.395
1.7,150,1,61,5555968.831
1.7,150,1,61.1,4273822.178
1.7,150,1,61.2,4273822.178
1.7,150,1,61.3,4701204.395
1.7,150,1,61.4,4273822.178
1.7,150,1,61.5,3846439.96
1.7,150,1,61.6,5128586.613
1.7,150,1,61.7,3419057.742
1.7,150,1,61.8,2564293.307
1.7,150,1,61.9,4273822.178
1.7,150,1,62,4273822.178
1.7,150,1,62.1,2136911.089
1.7,150,1,62.2,5983351.049
1.7,150,1,62.3,3419057.742
1.7,150,1,62.4,3846439.96
1.7,150,1,62.5,3846439.96
1.7,150,1,62.6,2991675.524
1.7,150,1,62.7,3846439.96
1.7,150,1,62.8,2991675.524
1.7,150,1,62.9,4701204.395
1.7,150,1,63,4273822.178
1.7,150,1,63.1,3846439.96
1.7,150,1,63.2,4701204.395
1.7,150,1,63.3,3846439.96
1.7,150,1,63.4,3419057.742
1.7,150,1,63.5,4701204.395
1.7,150,1,63.6,1709528.871
1.7,150,1,63.7,3419057.742
1.7,150,1,63.8,5983351.049
1.7,150,1,63.9,2991675.524
1.7,150,1,64,5128586.613
1.7,150,1,64.1,3419057.742
1.7,150,1,64.2,3419057.742
1.7,150,1,64.3,3419057.742
1.7,150,1,64.4,4701204.395
1.7,150,1,64.5,3846439.96
1.7,150,1,64.6,5128586.613
1.7,150,1,64.7,5555968.831
1.7,150,1,64.8,2136911.089
1.7,150,1,64.9,4273822.178
1.7,150,1,65,3419057.742
1.7,150,1,65.1,6410733.266
1.7,150,1,65.2,3419057.742
1.7,150,1,65.3,3846439.96
1.7,150,1,65.4,3846439.96
1.7,150,1,65.5,5555968.831
1.7,150,1,65.6,3419057.742
1.7,150,1,65.7,2991675.524
1.7,150,1,65.8,3846439.96
1.7,150,1,65.9,3419057.742
1.7,150,1,66,2564293.307
1.7,150,1,66.1,4273822.178
1.7,150,1,66.2,2136911.089
1.7,150,1,66.3,3846439.96
1.7,150,1,66.4,1282146.653
1.7,150,1,66.5,4273822.178
1.7,150,1,66.6,2564293.307
1.7,150,1,66.7,5983351.049
1.7,150,1,66.8,2564293.307
1.7,150,1,66.9,2564293.307
1.7,150,1,67,5128586.613
1.7,150,1,67.1,5555968.831
1.7,150,1,67.2,4273822.178
1.7,150,1,67.3,1709528.871
1.7,150,1,67.4,7265497.702
1.7,150,1,67.5,2136911.089
1.7,150,1,67.6,2136911.089
1.7,150,1,67.7,2991675.524
1.7,150,1,67.8,3846439.96
1.7,150,1,67.9,3846439.96
1.7,150,1,68,1709528.871
1.7,150,1,68.1,5128586.613
1.7,150,1,68.2,3846439.96
1.7,150,1,68.3,2991675.524
1.7,150,1,68.4,4701204.395
1.7,150,1,68.5,5983351.049
1.7,150,1,68.6,1282146.653
1.7,150,1,68.7,4273822.178
1.7,150,1,68.8,3846439.96
1.7,150,1,68.9,4273822.178
1.7,150,1,69,3846439.96
1.7,150,1,69.1,3419057.742
1.7,150,1,69.2,3846439.96
1.7,150,1,69.3,3846439.96
1.7,150,1,69.4,2991675.524
1.7,150,1,69.5,1282146.653
1.7,150,1,69.6,2136911.089
1.7,150,1,69.7,2564293.307
1.7,150,1,69.8,1709528.871
1.7,150,1,69.9,2564293.307
1.7,150,1,70,2991675.524
1.7,150,1,70.1,5128586.613
1.7,150,1,70.2,3419057.742
1.7,150,1,70.3,3419057.742
1.7,150,1,70.4,2136911.089
1.7,150,1,70.5,3419057.742
1.7,150,1,70.6,2564293.307
1.7,150,1,70.7,5128586.613
1.7,150,1,70.8,3419057.742
1.7,150,1,70.9,1282146.653
1.7,150,1,71,3846439.96
1.7,150,1,71.1,5128586.613
1.7,150,1,71.2,3419057.742
1.7,150,1,71.3,7692879.92
1.7,150,1,71.4,5128586.613
1.7,150,1,71.5,3846439.96
1.7,150,1,71.6,5555968.831
1.7,150,1,71.7,2564293.307
1.7,150,1,71.8,2564293.307
1.7,150,1,71.9,2564293.307
1.7,150,1,72,854764.4355
1.7,150,1,72.1,2564293.307
1.7,150,1,72.2,1282146.653
1.7,150,1,72.3,2991675.524
1.7,150,1,72.4,3419057.742
1.7,150,1,72.5,2991675.524
1.7,150,1,72.6,3846439.96
1.7,150,1,72.7,2136911.089
1.7,150,1,72.8,1709528.871
1.7,150,1,72.9,3846439.96
1.7,150,1,73,3846439.96
1.7,150,1,73.1,2136911.089
1.7,150,1,73.2,4701204.395
1.7,150,1,73.3,2991675.524
1.7,150,1,73.4,4701204.395
1.7,150,1,73.5,4701204.395
1.7,150,1,73.6,2991675.524
1.7,150,1,73.7,3846439.96
1.7,150,1,73.8,1282146.653
1.7,150,1,73.9,3419057.742
1.7,150,1,74,2991675.524
1.7,150,1,74.1,3846439.96
1.7,150,1,74.2,3419057.742
1.7,150,1,74.3,4273822.178
1.7,150,1,74.4,2991675.524
1.7,150,1,74.5,1282146.653
1.7,150,1,74.6,3419057.742
1.7,150,1,74.7,2564293.307
1.7,150,1,74.8,2564293.307
1.7,150,1,74.9,1282146.653
1.7,150,1,75,2991675.524
1.7,150,1,75.1,4701204.395
1.7,150,1,75.2,1709528.871
1.7,150,1,75.3,2564293.307
1.7,150,1,75.4,2564293.307
1.7,150,1,75.5,2564293.307
1.7,150,1,75.6,5983351.049
1.7,150,1,75.7,3846439.96
1.7,150,1,75.8,3419057.742
1.7,150,1,75.9,3419057.742
1.7,150,1,76,4701204.395
1.7,150,1,76.1,3419057.742
1.7,150,1,76.2,1709528.871
1.7,150,1,76.3,3419057.742
1.7,150,1,76.4,2991675.524
1.7,150,1,76.5,1709528.871
1.7,150,1,76.6,3846439.96
1.7,150,1,76.7,3419057.742
1.7,150,1,76.8,3846439.96
1.7,150,1,76.9,2564293.307
1.7,150,1,77,2991675.524
1.7,150,1,77.1,2564293.307
1.7,150,1,77.2,3846439.96
1.7,150,1,77.3,3419057.742
1.7,150,1,77.4,2991675.524
1.7,150,1,77.5,2564293.307
1.7,150,1,77.6,2564293.307
1.7,150,1,77.7,1282146.653
1.7,150,1,77.8,427382.2178
1.7,150,1,77.9,1709528.871
1.7,150,1,78,3419057.742
1.7,150,1,78.1,3419057.742
1.7,150,1,78.2,2564293.307
1.7,150,1,78.3,2564293.307
1.7,150,1,78.4,2136911.089
1.7,150,1,78.5,5128586.613
1.7,150,1,78.6,2136911.089
1.7,150,1,78.7,2136911.089
1.7,150,1,78.8,4273822.178
1.7,150,1,78.9,2991675.524
1.7,150,1,79,1709528.871
1.7,150,1,79.1,1282146.653
1.7,150,1,79.2,2564293.307
1.7,150,1,79.3,5128586.613
1.7,150,1,79.4,4273822.178
1.7,150,1,79.5,1709528.871
1.7,150,1,79.6,4273822.178
1.7,150,1,79.7,2991675.524
1.7,150,1,79.8,2564293.307
1.7,150,1,79.9,2564293.307
1.7,150,1,80,1282146.653
1.7,150,1,80.1,3419057.742
1.7,150,1,80.2,5555968.831
1.7,150,1,80.3,4701204.395
1.7,150,1,80.4,4701204.395
1.7,150,1,80.5,1282146.653
1.7,150,1,80.6,2136911.089
1.7,150,1,80.7,854764.4355
1.7,150,1,80.8,2991675.524
1.7,150,1,80.9,4273822.178
1.7,150,1,81,2564293.307
1.7,150,1,81.1,2136911.089
1.7,150,1,81.2,1282146.653
1.7,150,1,81.3,3419057.742
1.7,150,1,81.4,2564293.307
1.7,150,1,81.5,1709528.871
1.7,150,1,81.6,2991675.524
1.7,150,1,81.7,854764.4355
1.7,150,1,81.8,1282146.653
1.7,150,1,81.9,2564293.307
1.7,150,1,82,2136911.089
1.7,150,1,82.1,4273822.178
1.7,150,1,82.2,4273822.178
1.7,150,1,82.3,1709528.871
1.7,150,1,82.4,1282146.653
1.7,150,1,82.5,854764.4355
1.7,150,1,82.6,2991675.524
1.7,150,1,82.7,2991675.524
1.7,150,1,82.8,2564293.307
1.7,150,1,82.9,2564293.307
1.7,150,1,83,4273822.178
1.7,150,1,83.1,854764.4355
1.7,150,1,83.2,2991675.524
1.7,150,1,83.3,3846439.96
1.7,150,1,83.4,4273822.178
1.7,150,1,83.5,2564293.307
1.7,150,1,83.6,2564293.307
1.7,150,1,83.7,1282146.653
1.7,150,1,83.8,1709528.871
1.7,150,1,83.9,2136911.089
1.7,150,1,84,1709528.871
1.7,150,1,84.1,3846439.96
1.7,150,1,84.2,2991675.524
1.7,150,1,84.3,3419057.742
1.7,150,1,84.4,2564293.307
1.7,150,1,84.5,3846439.96
1.7,150,1,84.6,4273822.178
1.7,150,1,84.7,2564293.307
1.7,150,1,84.8,1709528.871
1.7,150,1,84.9,1282146.653
1.7,150,1,85,4273822.178
1.7,150,1,85.1,2991675.524
1.7,150,1,85.2,3419057.742
1.7,150,1,85.3,854764.4355
1.7,150,1,85.4,5128586.613
1.7,150,1,85.5,2136911.089
1.7,150,1,85.6,3846439.96
1.7,150,1,85.7,3846439.96
1.7,150,1,85.8,1709528.871
1.7,150,1,85.9,1709528.871
1.7,150,1,86,1282146.653
1.7,150,1,86.1,1709528.871
1.7,150,1,86.2,2991675.524
1.7,150,1,86.3,854764.4355
1.7,150,1,86.4,2136911.089
1.7,150,1,86.5,4273822.178
1.7,150,1,86.6,1709528.871
1.7,150,1,86.7,2136911.089
1.7,150,1,86.8,1709528.871
1.7,150,1,86.9,2136911.089
1.7,150,1,87,1282146.653
1.7,150,1,87.1,2564293.307
1.7,150,1,87.2,1709528.871
1.7,150,1,87.3,854764.4355
1.7,150,1,87.4,2991675.524
1.7,150,1,87.5,1282146.653
1.7,150,1,87.6,1709528.871
1.7,150,1,87.7,1282146.653
1.7,150,1,87.8,1282146.653
1.7,150,1,87.9,1282146.653
1.7,150,1,88,1709528.871
1.7,150,1,88.1,2136911.089
1.7,150,1,88.2,3419057.742
1.7,150,1,88.3,2991675.524
1.7,150,1,88.4,2564293.307
1.7,150,1,88.5,2991675.524
1.7,150,1,88.6,1282146.653
1.7,150,1,88.7,3419057.742
1.7,150,1,88.8,854764.4355
1.7,150,1,88.9,2991675.524
1.7,150,1,89,3846439.96
1.7,150,1,89.1,1709528.871
1.7,150,1,89.2,2564293.307
1.7,150,1,89.3,2564293.307
1.7,150,1,89.4,3846439.96
1.7,150,1,89.5,2136911.089
1.7,150,1,89.6,3419057.742
1.7,150,1,89.7,427382.2178
1.7,150,1,89.8,2991675.524
1.7,150,1,89.9,2991675.524
1.7,150,1,90,2991675.524
1.7,150,1,90.1,2564293.307
1.7,150,1,90.2,2136911.089
1.7,150,1,90.3,4273822.178
1.7,150,1,90.4,2564293.307
1.7,150,1,90.5,1282146.653
1.7,150,1,90.6,1282146.653
1.7,150,1,90.7,2991675.524
1.7,150,1,90.8,854764.4355
1.7,150,1,90.9,1709528.871
1.7,150,1,91,3419057.742
1.7,150,1,91.1,1282146.653
1.7,150,1,91.2,3419057.742
1.7,150,1,91.3,4701204.395
1.7,150,1,91.4,3419057.742
1.7,150,1,91.5,2136911.089
1.7,150,1,91.6,854764.4355
1.7,150,1,91.7,2136911.089
1.7,150,1,91.8,1709528.871
1.7,150,1,91.9,854764.4355
1.7,150,1,92,1282146.653
1.7,150,1,92.1,1282146.653
1.7,150,1,92.2,2991675.524
1.7,150,1,92.3,2564293.307
1.7,150,1,92.4,2564293.307
1.7,150,1,92.5,854764.4355
1.7,150,1,92.6,2564293.307
1.7,150,1,92.7,2136911.089
1.7,150,1,92.8,2564293.307
1.7,150,1,92.9,1709528.871
1.7,150,1,93,2991675.524
1.7,150,1,93.1,1709528.871
1.7,150,1,93.2,1709528.871
1.7,150,1,93.3,1709528.871
1.7,150,1,93.4,854764.4355
1.7,150,1,93.5,2136911.089
1.7,150,1,93.6,2564293.307
1.7,150,1,93.7,427382.2178
1.7,150,1,93.8,2136911.089
1.7,150,1,93.9,3419057.742
1.7,150,1,94,4701204.395
1.7,150,1,94.1,1282146.653
1.7,150,1,94.2,1709528.871
1.7,150,1,94.3,1709528.871
1.7,150,1,94.4,1709528.871
1.7,150,1,94.5,1709528.871
1.7,150,1,94.6,1282146.653
1.7,150,1,94.7,2991675.524
1.7,150,1,94.8,2136911.089
1.7,150,1,94.9,2564293.307
1.7,150,1,95,1709528.871
1.7,150,1,95.1,3846439.96
1.7,150,1,95.2,1282146.653
1.7,150,1,95.3,3419057.742
1.7,150,1,95.4,427382.2178
1.7,150,1,95.5,3846439.96
1.7,150,1,95.6,427382.2178
1.7,150,1,95.7,2564293.307
1.7,150,1,95.8,2564293.307
1.7,150,1,95.9,3419057.742
1.7,150,1,96,427382.2178
1.7,150,1,96.1,1709528.871
1.7,150,1,96.2,1282146.653
1.7,150,1,96.3,1709528.871
1.7,150,1,96.4,1709528.871
1.7,150,1,96.5,4273822.178
1.7,150,1,96.6,1709528.871
1.7,150,1,96.7,2136911.089
1.7,150,1,96.8,3846439.96
1.7,150,1,96.9,2564293.307
1.7,150,1,97,1282146.653
1.7,150,1,97.1,2991675.524
1.7,150,1,97.2,1282146.653
1.7,150,1,97.3,2564293.307
1.7,150,1,97.4,2564293.307
1.7,150,1,97.5,1282146.653
1.7,150,1,97.6,2991675.524
1.7,150,1,97.7,854764.4355
1.7,150,1,97.8,2564293.307
1.7,150,1,97.9,3846439.96
1.7,150,1,98,3419057.742
1.7,150,1,98.1,427382.2178
1.7,150,1,98.2,854764.4355
1.7,150,1,98.3,2564293.307
1.7,150,1,98.4,2136911.089
1.7,150,1,98.5,1282146.653
1.7,150,1,98.6,2564293.307
1.7,150,1,98.7,1709528.871
1.7,150,1,98.8,1709528.871
1.7,150,1,98.9,5128586.613
1.7,150,1,99,2991675.524
1.7,150,1,99.1,3419057.742
1.7,150,1,99.2,1282146.653
1.7,150,1,99.3,2991675.524
1.7,150,1,99.4,1709528.871
1.7,150,1,99.5,1709528.871
1.7,150,1,99.6,1282146.653
1.7,150,1,99.7,1282146.653
1.7,150,1,99.8,854764.4355
1.7,150,1,99.9,854764.4355
1.7,150,1,100,2991675.524
1.7,150,1,100.1,1282146.653
1.7,150,1,100.2,2564293.307
1.7,150,1,100.3,1709528.871
1.7,150,1,100.4,1709528.871
1.7,150,1,100.5,2136911.089
1.7,150,1,100.6,854764.4355
1.7,150,1,100.7,1282146.653
1.7,150,1,100.8,1709528.871
1.7,150,1,100.9,854764.4355
1.7,150,1,101,854764.4355
1.7,150,1,101.1,1709528.871
1.7,150,1,101.2,3419057.742
1.7,150,1,101.3,1282146.653
1.7,150,1,101.5,1282146.653
1.7,150,1,101.6,854764.4355
1.7,150,1,101.7,2136911.089
1.7,150,1,101.8,2136911.089
1.7,150,1,101.9,427382.2178
1.7,150,1,102,2564293.307
1.7,150,1,102.1,1709528.871
1.7,150,1,102.2,2991675.524
1.7,150,1,102.3,1709528.871
1.7,150,1,102.4,854764.4355
1.7,150,1,102.5,854764.4355
1.7,150,1,102.6,1282146.653
1.7,150,1,102.7,1282146.653
1.7,150,1,102.8,2991675.524
1.7,150,1,102.9,1282146.653
1.7,150,1,103,1282146.653
1.7,150,1,103.1,2564293.307
1.7,150,1,103.2,2136911.089
1.7,150,1,103.3,2991675.524
1.7,150,1,103.4,427382.2178
1.7,150,1,103.5,854764.4355
1.7,150,1,103.6,1709528.871
1.7,150,1,103.7,1282146.653
1.7,150,1,103.8,2564293.307
1.7,150,1,103.9,2991675.524
1.7,150,1,104,2991675.524
1.7,150,1,104.1,1282146.653
1.7,150,1,104.2,2136911.089
1.7,150,1,104.3,2564293.307
1.7,150,1,104.4,854764.4355
1.7,150,1,104.5,2136911.089
1.7,150,1,104.6,3419057.742
1.7,150,1,104.7,854764.4355
1.7,150,1,104.8,2136911.089
1.7,150,1,104.9,2564293.307
1.7,150,1,105,2136911.089
1.7,150,1,105.1,1282146.653
1.7,150,1,105.2,1282146.653
1.7,150,1,105.3,1709528.871
1.7,150,1,105.6,2136911.089
1.7,150,1,105.7,1282146.653
1.7,150,1,105.8,2991675.524
1.7,150,1,105.9,1709528.871
1.7,150,1,106,2564293.307
1.7,150,1,106.1,427382.2178
1.7,150,1,106.3,2991675.524
1.7,150,1,106.4,1282146.653
1.7,150,1,106.5,2136911.089
1.7,150,1,106.6,2564293.307
1.7,150,1,106.7,1709528.871
1.7,150,1,106.8,1282146.653
1.7,150,1,106.9,2564293.307
1.7,150,1,107,2136911.089
1.7,150,1,107.1,854764.4355
1.7,150,1,107.2,2564293.307
1.7,150,1,107.3,854764.4355
1.7,150,1,107.4,427382.2178
1.7,150,1,107.5,2136911.089
1.7,150,1,107.6,427382.2178
1.7,150,1,107.7,1709528.871
1.7,150,1,107.8,2564293.307
1.7,150,1,107.9,427382.2178
1.7,150,1,108,3846439.96
1.7,150,1,108.1,1709528.871
1.7,150,1,108.2,1709528.871
1.7,150,1,108.3,2136911.089
1.7,150,1,108.4,1709528.871
1.7,150,1,108.5,1282146.653
1.7,150,1,108.6,2136911.089
1.7,150,1,108.7,2136911.089
1.7,150,1,108.8,427382.2178
1.7,150,1,108.9,4701204.395
1.7,150,1,109,854764.4355
1.7,150,1,109.1,854764.4355
1.7,150,1,109.2,427382.2178
1.7,150,1,109.3,1282146.653
1.7,150,1,109.4,854764.4355
1.7,150,1,109.5,1282146.653
1.7,150,1,109.6,2136911.089
1.7,150,1,109.7,1282146.653
1.7,150,1,109.8,1709528.871
1.7,150,1,109.9,1282146.653
1.7,150,1,110,427382.2178
1.7,150,1,110.2,2564293.307
1.7,150,1,110.3,3419057.742
1.7,150,1,110.4,1282146.653
1.7,150,1,110.5,854764.4355
1.7,150,1,110.7,3846439.96
1.7,150,1,110.9,1709528.871
1.7,150,1,111,427382.2178
1.7,150,1,111.1,854764.4355
1.7,150,1,111.2,2564293.307
1.7,150,1,111.3,1282146.653
1.7,150,1,111.4,854764.4355
1.7,150,1,111.5,1282146.653
1.7,150,1,111.6,1282146.653
1.7,150,1,111.7,854764.4355
1.7,150,1,111.8,1282146.653
1.7,150,1,111.9,854764.4355
1.7,150,1,112,427382.2178
1.7,150,1,112.1,427382.2178
1.7,150,1,112.2,427382.2178
1.7,150,1,112.3,1282146.653
1.7,150,1,112.5,1709528.871
1.7,150,1,112.6,1282146.653
1.7,150,1,112.7,854764.4355
1.7,150,1,112.8,1282146.653
1.7,150,1,112.9,1282146.653
1.7,150,1,113,854764.4355
1.7,150,1,113.1,2136911.089
1.7,150,1,113.2,1709528.871
1.7,150,1,113.3,1282146.653
1.7,150,1,113.5,854764.4355
1.7,150,1,113.6,854764.4355
1.7,150,1,113.7,1709528.871
1.7,150,1,113.8,854764.4355
1.7,150,1,113.9,2136911.089
1.7,150,1,114,427382.2178
1.7,150,1,114.1,854764.4355
1.7,150,1,114.3,854764.4355
1.7,150,1,114.4,854764.4355
1.7,150,1,114.5,2136911.089
1.7,150,1,114.6,854764.4355
1.7,150,1,114.8,854764.4355
1.7,150,1,114.9,2991675.524
1.7,150,1,115,1282146.653
1.7,150,1,115.1,1282146.653
1.7,150,1,115.2,1709528.871
1.7,150,1,115.3,2136911.089
1.7,150,1,115.4,1282146.653
1.7,150,1,115.5,1282146.653
1.7,150,1,115.6,427382.2178
1.7,150,1,115.7,1709528.871
1.7,150,1,115.8,1282146.653
1.7,150,1,115.9,1282146.653
1.7,150,1,116,3419057.742
1.7,150,1,116.1,1282146.653
1.7,150,1,116.2,1282146.653
1.7,150,1,116.3,854764.4355
1.7,150,1,116.4,427382.2178
1.7,150,1,116.5,2136911.089
1.7,150,1,116.6,3419057.742
1.7,150,1,116.7,1282146.653
1.7,150,1,116.8,1709528.871
1.7,150,1,116.9,1282146.653
1.7,150,1,117,427382.2178
1.7,150,1,117.1,1282146.653
1.7,150,1,117.2,2136911.089
1.7,150,1,117.3,854764.4355
1.7,150,1,117.4,854764.4355
1.7,150,1,117.5,1282146.653
1.7,150,1,117.6,854764.4355
1.7,150,1,117.7,427382.2178
1.7,150,1,117.8,1282146.653
1.7,150,1,117.9,427382.2178
1.7,150,1,118,854764.4355
1.7,150,1,118.1,854764.4355
1.7,150,1,118.2,427382.2178
1.7,150,1,118.3,1709528.871
1.7,150,1,118.4,427382.2178
1.7,150,1,118.5,2991675.524
1.7,150,1,118.6,427382.2178
1.7,150,1,118.7,4273822.178
1.7,150,1,118.8,2991675.524
1.7,150,1,118.9,854764.4355
1.7,150,1,119,2136911.089
1.7,150,1,119.1,854764.4355
1.7,150,1,119.2,1282146.653
1.7,150,1,119.3,854764.4355
1.7,150,1,119.4,427382.2178
1.7,150,1,119.6,427382.2178
1.7,150,1,119.7,1709528.871
1.7,150,1,119.8,427382.2178
1.7,150,1,119.9,427382.2178
1.7,150,1,120,854764.4355
1.7,150,1,120.1,1282146.653
1.7,150,1,120.2,1282146.653
1.7,150,1,120.3,427382.2178
1.7,150,1,120.5,1709528.871
1.7,150,1,120.6,854764.4355
1.7,150,1,120.7,1282146.653
1.7,150,1,120.8,854764.4355
1.7,150,1,120.9,854764.4355
1.7,150,1,121,2136911.089
1.7,150,1,121.1,854764.4355
1.7,150,1,121.2,427382.2178
1.7,150,1,121.3,1282146.653
1.7,150,1,121.4,2564293.307
1.7,150,1,121.7,854764.4355
1.7,150,1,121.8,2564293.307
1.7,150,1,121.9,1709528.871
1.7,150,1,122,854764.4355
1.7,150,1,122.1,1709528.871
1.7,150,1,122.2,1709528.871
1.7,150,1,122.3,427382.2178
1.7,150,1,122.4,1282146.653
1.7,150,1,122.5,854764.4355
1.7,150,1,122.6,1709528.871
1.7,150,1,122.7,1282146.653
1.7,150,1,122.8,854764.4355
1.7,150,1,122.9,854764.4355
1.7,150,1,123,1282146.653
1.7,150,1,123.1,1709528.871
1.7,150,1,123.3,2991675.524
1.7,150,1,123.4,1282146.653
1.7,150,1,123.5,854764.4355
1.7,150,1,123.6,427382.2178
1.7,150,1,123.7,1709528.871
1.7,150,1,123.8,1709528.871
1.7,150,1,123.9,427382.2178
1.7,150,1,124,2991675.524
1.7,150,1,124.1,1282146.653
1.7,150,1,124.2,427382.2178
1.7,150,1,124.3,854764.4355
1.7,150,1,124.4,2136911.089
1.7,150,1,124.5,1709528.871
1.7,150,1,124.6,427382.2178
1.7,150,1,124.7,854764.4355
1.7,150,1,124.8,2136911.089
1.7,150,1,124.9,1709528.871
1.7,150,1,125,2564293.307
1.7,150,1,125.1,1282146.653
1.7,150,1,125.3,1709528.871
1.7,150,1,125.4,854764.4355
1.7,150,1,125.5,1282146.653
1.7,150,1,125.6,1282146.653
1.7,150,1,125.7,1709528.871
1.7,150,1,125.8,1282146.653
1.7,150,1,125.9,1282146.653
1.7,150,1,126,854764.4355
1.7,150,1,126.1,1709528.871
1.7,150,1,126.2,854764.4355
1.7,150,1,126.3,1282146.653
1.7,150,1,126.4,2136911.089
1.7,150,1,126.5,2136911.089
1.7,150,1,126.6,854764.4355
1.7,150,1,126.7,1282146.653
1.7,150,1,126.8,2991675.524
1.7,150,1,127,2136911.089
1.7,150,1,127.1,854764.4355
1.7,150,1,127.2,854764.4355
1.7,150,1,127.3,854764.4355
1.7,150,1,127.4,1282146.653
1.7,150,1,127.5,427382.2178
1.7,150,1,127.6,854764.4355
1.7,150,1,127.7,427382.2178
1.7,150,1,127.8,1282146.653
1.7,150,1,127.9,427382.2178
1.7,150,1,128.1,1709528.871
1.7,150,1,128.2,1282146.653
1.7,150,1,128.3,2136911.089
1.7,150,1,128.4,427382.2178
1.7,150,1,128.5,427382.2178
1.7,150,1,128.6,1709528.871
1.7,150,1,128.7,427382.2178
1.7,150,1,128.8,854764.4355
1.7,150,1,128.9,854764.4355
1.7,150,1,129,854764.4355
1.7,150,1,129.1,1709528.871
1.7,150,1,129.2,2136911.089
1.7,150,1,129.3,2564293.307
1.7,150,1,129.4,1282146.653
1.7,150,1,129.5,427382.2178
1.7,150,1,129.6,1282146.653
1.7,150,1,129.7,854764.4355
1.7,150,1,129.8,854764.4355
1.7,150,1,129.9,1282146.653
1.7,150,1,130,1282146.653
1.7,150,1,130.1,2136911.089
1.7,150,1,130.2,1282146.653
1.7,150,1,130.3,1709528.871
1.7,150,1,130.4,1709528.871
1.7,150,1,130.5,1282146.653
1.7,150,1,130.6,427382.2178
1.7,150,1,130.7,854764.4355
1.7,150,1,130.8,1709528.871
1.7,150,1,130.9,854764.4355
1.7,150,1,131,854764.4355
1.7,150,1,131.1,854764.4355
1.7,150,1,131.2,854764.4355
1.7,150,1,131.3,427382.2178
1.7,150,1,131.4,1709528.871
1.7,150,1,131.5,1282146.653
1.7,150,1,131.6,854764.4355
1.7,150,1,131.7,427382.2178
1.7,150,1,131.8,427382.2178
1.7,150,1,131.9,427382.2178
1.7,150,1,132,1282146.653
1.7,150,1,132.1,1282146.653
1.7,150,1,132.2,427382.2178
1.7,150,1,132.3,1709528.871
1.7,150,1,132.4,854764.4355
1.7,150,1,132.5,854764.4355
1.7,150,1,132.6,1282146.653
1.7,150,1,132.7,854764.4355
1.7,150,1,132.8,854764.4355
1.7,150,1,132.9,854764.4355
1.7,150,1,133,1282146.653
1.7,150,1,133.1,854764.4355
1.7,150,1,133.3,854764.4355
1.7,150,1,133.4,1709528.871
1.7,150,1,133.5,1282146.653
1.7,150,1,133.6,427382.2178
1.7,150,1,133.7,1709528.871
1.7,150,1,133.8,1709528.871
1.7,150,1,133.9,427382.2178
1.7,150,1,134,2991675.524
1.7,150,1,134.1,1709528.871
1.7,150,1,134.2,427382.2178
1.7,150,1,134.3,854764.4355
1.7,150,1,134.5,1282146.653
1.7,150,1,134.6,2136911.089
1.7,150,1,134.7,427382.2178
1.7,150,1,134.8,854764.4355
1.7,150,1,134.9,2136911.089
1.7,150,1,135,1282146.653
1.7,150,1,135.1,1282146.653
1.7,150,1,135.2,1282146.653
1.7,150,1,135.3,854764.4355
1.7,150,1,135.4,2136911.089
1.7,150,1,135.5,1282146.653
1.7,150,1,135.7,854764.4355
1.7,150,1,135.9,854764.4355
1.7,150,1,136.1,427382.2178
1.7,150,1,136.2,1709528.871
1.7,150,1,136.3,854764.4355
1.7,150,1,136.4,1282146.653
1.7,150,1,136.5,2136911.089
1.7,150,1,136.6,1282146.653
1.7,150,1,136.8,427382.2178
1.7,150,1,136.9,2991675.524
1.7,150,1,137,1709528.871
1.7,150,1,137.1,1282146.653
1.7,150,1,137.2,427382.2178
1.7,150,1,137.3,854764.4355
1.7,150,1,137.4,854764.4355
1.7,150,1,137.5,427382.2178
1.7,150,1,137.6,854764.4355
1.7,150,1,137.7,1282146.653
1.7,150,1,137.8,2136911.089
1.7,150,1,137.9,1709528.871
1.7,150,1,138,2136911.089
1.7,150,1,138.1,2136911.089
1.7,150,1,138.2,427382.2178
1.7,150,1,138.3,1282146.653
1.7,150,1,138.4,854764.4355
1.7,150,1,138.5,1282146.653
1.7,150,1,138.6,1282146.653
1.7,150,1,138.7,427382.2178
1.7,150,1,138.8,854764.4355
1.7,150,1,138.9,1282146.653
1.7,150,1,139,1282146.653
1.7,150,1,139.1,854764.4355
1.7,150,1,139.2,427382.2178
1.7,150,1,139.3,1282146.653
1.7,150,1,139.4,854764.4355
1.7,150,1,139.5,854764.4355
1.7,150,1,139.6,2136911.089
1.7,150,1,139.7,1282146.653
1.7,150,1,140,854764.4355
1.7,150,1,140.1,1709528.871
1.7,150,1,140.4,854764.4355
1.7,150,1,140.5,427382.2178
1.7,150,1,140.6,1282146.653
1.7,150,1,140.7,2564293.307
1.7,150,1,140.9,1282146.653
1.7,150,1,141,427382.2178
1.7,150,1,141.1,1709528.871
1.7,150,1,141.2,1282146.653
1.7,150,1,141.3,854764.4355
1.7,150,1,141.4,1709528.871
1.7,150,1,141.5,427382.2178
1.7,150,1,141.6,427382.2178
1.7,150,1,141.7,427382.2178
1.7,150,1,141.8,854764.4355
1.7,150,1,141.9,2136911.089
1.7,150,1,142.1,427382.2178
1.7,150,1,142.2,854764.4355
1.7,150,1,142.3,854764.4355
1.7,150,1,142.4,427382.2178
1.7,150,1,142.5,854764.4355
1.7,150,1,142.6,427382.2178
1.7,150,1,142.7,427382.2178
1.7,150,1,142.8,1282146.653
1.7,150,1,142.9,854764.4355
1.7,150,1,143,427382.2178
1.7,150,1,143.1,1709528.871
1.7,150,1,143.3,427382.2178
1.7,150,1,143.4,427382.2178
1.7,150,1,143.5,1282146.653
1.7,150,1,143.6,1282146.653
1.7,150,1,143.7,1282146.653
1.7,150,1,143.8,427382.2178
1.7,150,1,144,427382.2178
1.7,150,1,144.1,1282146.653
1.7,150,1,144.2,427382.2178
1.7,150,1,144.3,854764.4355
1.7,150,1,144.4,854764.4355
1.7,150,1,144.6,1282146.653
1.7,150,1,144.8,3419057.742
1.7,150,1,145,427382.2178
1.7,150,1,145.1,854764.4355
1.7,150,1,145.2,854764.4355
1.7,150,1,145.3,427382.2178
1.7,150,1,145.4,1709528.871
1.7,150,1,145.5,854764.4355
1.7,150,1,145.7,854764.4355
1.7,150,1,145.8,854764.4355
1.7,150,1,145.9,854764.4355
1.7,150,1,146,854764.4355
1.7,150,1,146.1,1282146.653
1.7,150,1,146.2,1709528.871
1.7,150,1,146.3,1709528.871
1.7,150,1,146.4,854764.4355
1.7,150,1,146.5,427382.2178
1.7,150,1,146.7,427382.2178
1.7,150,1,146.8,854764.4355
1.7,150,1,146.9,427382.2178
1.7,150,1,147,1709528.871
1.7,150,1,147.1,427382.2178
1.7,150,1,147.2,1282146.653
1.7,150,1,147.3,427382.2178
1.7,150,1,147.4,427382.2178
1.7,150,1,147.5,427382.2178
1.7,150,1,147.6,854764.4355
1.7,150,1,147.7,1709528.871
1.7,150,1,147.9,427382.2178
1.7,150,1,148,854764.4355
1.7,150,1,148.1,427382.2178
1.7,150,1,148.2,427382.2178
1.7,150,1,148.3,427382.2178
1.7,150,1,148.4,1282146.653
1.7,150,1,148.5,427382.2178
1.7,150,1,148.7,854764.4355
1.7,150,1,148.8,854764.4355
1.7,150,1,148.9,854764.4355
1.7,150,1,149,854764.4355
1.7,150,1,149.2,854764.4355
1.7,150,1,149.3,427382.2178
1.7,150,1,149.4,1709528.871
1.7,150,1,149.7,427382.2178
1.7,40,3,4.1,271941.2455
1.7,40,3,4.4,543882.491
1.7,40,3,4.5,543882.491
1.7,40,3,4.6,271941.2455
1.7,40,3,4.7,271941.2455
1.7,40,3,4.9,1359706.227
1.7,40,3,5,1087764.982
1.7,40,3,5.1,1903588.718
1.7,40,3,5.2,815823.7365
1.7,40,3,5.3,1359706.227
1.7,40,3,5.4,3535236.191
1.7,40,3,5.5,2991353.7
1.7,40,3,5.6,5166883.664
1.7,40,3,5.7,5982707.401
1.7,40,3,5.8,3535236.191
1.7,40,3,5.9,5438824.91
1.7,40,3,6,4351059.928
1.7,40,3,6.1,8974061.101
1.7,40,3,6.2,9789884.838
1.7,40,3,6.3,5982707.401
1.7,40,3,6.4,8158237.365
1.7,40,3,6.5,7614354.874
1.7,40,3,6.6,8430178.61
1.7,40,3,6.7,11965414.8
1.7,40,3,6.8,10061826.08
1.7,40,3,6.9,10333767.33
1.7,40,3,7,8430178.61
1.7,40,3,7.1,13053179.78
1.7,40,3,7.2,10061826.08
1.7,40,3,7.3,15228709.75
1.7,40,3,7.4,29369654.51
1.7,40,3,7.5,18492004.69
1.7,40,3,7.6,13053179.78
1.7,40,3,7.7,14412886.01
1.7,40,3,7.8,15500650.99
1.7,40,3,7.9,17676180.96
1.7,40,3,8,15228709.75
1.7,40,3,8.1,15772592.24
1.7,40,3,8.2,18492004.69
1.7,40,3,8.3,59827074.01
1.7,40,3,8.4,377726390
1.7,40,3,8.5,19851710.92
1.7,40,3,8.6,19035887.18
1.7,40,3,8.7,20123652.17
1.7,40,3,8.8,25834418.32
1.7,40,3,8.9,16588415.97
1.7,40,3,9,21755299.64
1.7,40,3,9.1,21755299.64
1.7,40,3,9.2,22027240.88
1.7,40,3,9.3,25290535.83
1.7,40,3,9.4,14684827.26
1.7,40,3,9.5,35624303.16
1.7,40,3,9.6,30729360.74
1.7,40,3,9.7,248826239.6
1.7,40,3,9.8,36984009.39
1.7,40,3,9.9,33448773.19
1.7,40,3,10,124821031.7
1.7,40,3,10.1,23658888.36
1.7,40,3,10.2,19851710.92
1.7,40,3,10.3,10605708.57
1.7,40,3,10.4,10877649.82
1.7,40,3,10.5,10333767.33
1.7,40,3,10.6,10333767.33
1.7,40,3,10.7,13053179.78
1.7,40,3,10.8,12781238.54
1.7,40,3,10.9,11965414.8
1.7,40,3,11,16044533.48
1.7,40,3,11.1,12237356.05
1.7,40,3,11.2,13597062.27
1.7,40,3,11.3,42422834.3
1.7,40,3,11.4,11965414.8
1.7,40,3,11.5,13325121.03
1.7,40,3,11.6,10061826.08
1.7,40,3,11.7,8974061.101
1.7,40,3,11.8,13325121.03
1.7,40,3,11.9,7070472.383
1.7,40,3,12,9517943.592
1.7,40,3,12.1,8702119.856
1.7,40,3,12.2,8702119.856
1.7,40,3,12.3,11965414.8
1.7,40,3,12.4,7342413.628
1.7,40,3,12.5,7614354.874
1.7,40,3,12.6,8974061.101
1.7,40,3,12.7,7886296.119
1.7,40,3,12.8,10333767.33
1.7,40,3,12.9,8158237.365
1.7,40,3,13,12781238.54
1.7,40,3,13.1,9517943.592
1.7,40,3,13.2,14140944.77
1.7,40,3,13.3,7886296.119
1.7,40,3,13.4,8974061.101
1.7,40,3,13.5,11693473.56
1.7,40,3,13.6,10061826.08
1.7,40,3,13.7,11421532.31
1.7,40,3,13.8,8974061.101
1.7,40,3,13.9,11693473.56
1.7,40,3,14,13325121.03
1.7,40,3,14.1,11421532.31
1.7,40,3,14.2,13869003.52
1.7,40,3,14.3,10061826.08
1.7,40,3,14.4,10333767.33
1.7,40,3,14.5,10061826.08
1.7,40,3,14.6,10877649.82
1.7,40,3,14.7,8430178.61
1.7,40,3,14.8,11693473.56
1.7,40,3,14.9,8974061.101
1.7,40,3,15,10333767.33
1.7,40,3,15.1,13053179.78
1.7,40,3,15.2,10605708.57
1.7,40,3,15.3,11149591.06
1.7,40,3,15.4,13053179.78
1.7,40,3,15.5,8702119.856
1.7,40,3,15.6,14412886.01
1.7,40,3,15.7,10333767.33
1.7,40,3,15.8,13869003.52
1.7,40,3,15.9,10605708.57
1.7,40,3,16,12781238.54
1.7,40,3,16.1,9789884.838
1.7,40,3,16.2,11965414.8
1.7,40,3,16.3,11421532.31
1.7,40,3,16.4,13053179.78
1.7,40,3,16.5,11149591.06
1.7,40,3,16.6,10877649.82
1.7,40,3,16.7,10061826.08
1.7,40,3,16.8,7070472.383
1.7,40,3,16.9,13597062.27
1.7,40,3,17,12509297.29
1.7,40,3,17.1,10605708.57
1.7,40,3,17.2,12509297.29
1.7,40,3,17.3,9517943.592
1.7,40,3,17.4,11965414.8
1.7,40,3,17.5,11693473.56
1.7,40,3,17.6,10333767.33
1.7,40,3,17.7,7886296.119
1.7,40,3,17.8,12237356.05
1.7,40,3,17.9,9246002.347
1.7,40,3,18,14684827.26
1.7,40,3,18.1,13053179.78
1.7,40,3,18.2,11421532.31
1.7,40,3,18.3,9246002.347
1.7,40,3,18.4,13597062.27
1.7,40,3,18.5,13053179.78
1.7,40,3,18.6,10333767.33
1.7,40,3,18.7,10061826.08
1.7,40,3,18.8,9789884.838
1.7,40,3,18.9,10605708.57
1.7,40,3,19,11693473.56
1.7,40,3,19.1,10061826.08
1.7,40,3,19.2,9517943.592
1.7,40,3,19.3,11149591.06
1.7,40,3,19.4,10333767.33
1.7,40,3,19.5,11965414.8
1.7,40,3,19.6,9246002.347
1.7,40,3,19.7,8702119.856
1.7,40,3,19.8,10605708.57
1.7,40,3,19.9,9246002.347
1.7,40,3,20,11421532.31
1.7,40,3,20.1,11965414.8
1.7,40,3,20.2,10061826.08
1.7,40,3,20.3,6526589.892
1.7,40,3,20.4,13869003.52
1.7,40,3,20.5,9517943.592
1.7,40,3,20.6,10333767.33
1.7,40,3,20.7,12237356.05
1.7,40,3,20.8,9246002.347
1.7,40,3,20.9,10061826.08
1.7,40,3,21,10333767.33
1.7,40,3,21.1,10333767.33
1.7,40,3,21.2,9517943.592
1.7,40,3,21.3,7342413.628
1.7,40,3,21.4,8974061.101
1.7,40,3,21.5,7614354.874
1.7,40,3,21.6,11421532.31
1.7,40,3,21.7,9517943.592
1.7,40,3,21.8,10061826.08
1.7,40,3,21.9,8158237.365
1.7,40,3,22,8702119.856
1.7,40,3,22.1,11421532.31
1.7,40,3,22.2,8974061.101
1.7,40,3,22.3,11421532.31
1.7,40,3,22.4,9246002.347
1.7,40,3,22.5,8430178.61
1.7,40,3,22.6,8702119.856
1.7,40,3,22.7,7614354.874
1.7,40,3,22.8,8974061.101
1.7,40,3,22.9,11693473.56
1.7,40,3,23,9789884.838
1.7,40,3,23.1,8702119.856
1.7,40,3,23.2,7614354.874
1.7,40,3,23.3,11693473.56
1.7,40,3,23.4,8702119.856
1.7,40,3,23.5,8430178.61
1.7,40,3,23.6,7342413.628
1.7,40,3,23.7,10605708.57
1.7,40,3,23.8,9789884.838
1.7,40,3,23.9,7886296.119
1.7,40,3,24,8158237.365
1.7,40,3,24.1,8702119.856
1.7,40,3,24.2,8974061.101
1.7,40,3,24.3,8158237.365
1.7,40,3,24.4,9246002.347
1.7,40,3,24.5,7886296.119
1.7,40,3,24.6,5982707.401
1.7,40,3,24.7,9789884.838
1.7,40,3,24.8,7342413.628
1.7,40,3,24.9,8974061.101
1.7,40,3,25,5166883.664
1.7,40,3,25.1,5710766.155
1.7,40,3,25.2,6254648.646
1.7,40,3,25.3,10605708.57
1.7,40,3,25.4,9517943.592
1.7,40,3,25.5,7070472.383
1.7,40,3,25.6,6798531.137
1.7,40,3,25.7,8702119.856
1.7,40,3,25.8,7886296.119
1.7,40,3,25.9,7886296.119
1.7,40,3,26,5166883.664
1.7,40,3,26.1,4894942.419
1.7,40,3,26.2,6254648.646
1.7,40,3,26.3,8430178.61
1.7,40,3,26.4,4351059.928
1.7,40,3,26.5,8702119.856
1.7,40,3,26.6,6254648.646
1.7,40,3,26.7,6526589.892
1.7,40,3,26.8,9517943.592
1.7,40,3,26.9,6798531.137
1.7,40,3,27,5166883.664
1.7,40,3,27.1,5982707.401
1.7,40,3,27.2,6798531.137
1.7,40,3,27.3,6798531.137
1.7,40,3,27.4,5710766.155
1.7,40,3,27.5,8430178.61
1.7,40,3,27.6,5982707.401
1.7,40,3,27.7,5166883.664
1.7,40,3,27.8,6798531.137
1.7,40,3,27.9,7070472.383
1.7,40,3,28,7342413.628
1.7,40,3,28.1,4894942.419
1.7,40,3,28.2,5166883.664
1.7,40,3,28.3,5166883.664
1.7,40,3,28.4,5710766.155
1.7,40,3,28.5,5438824.91
1.7,40,3,28.6,5166883.664
1.7,40,3,28.7,6798531.137
1.7,40,3,28.8,4623001.173
1.7,40,3,28.9,7342413.628
1.7,40,3,29,4351059.928
1.7,40,3,29.1,8430178.61
1.7,40,3,29.2,5438824.91
1.7,40,3,29.3,7614354.874
1.7,40,3,29.4,5982707.401
1.7,40,3,29.5,7886296.119
1.7,40,3,29.6,5710766.155
1.7,40,3,29.7,5982707.401
1.7,40,3,29.8,5710766.155
1.7,40,3,29.9,5710766.155
1.7,40,3,30,5166883.664
1.7,40,3,30.1,5166883.664
1.7,40,3,30.2,7886296.119
1.7,40,3,30.3,5710766.155
1.7,40,3,30.4,4894942.419
1.7,40,3,30.5,7614354.874
1.7,40,3,30.6,7342413.628
1.7,40,3,30.7,3535236.191
1.7,40,3,30.8,5166883.664
1.7,40,3,30.9,3263294.946
1.7,40,3,31,5710766.155
1.7,40,3,31.1,4351059.928
1.7,40,3,31.2,4623001.173
1.7,40,3,31.3,5710766.155
1.7,40,3,31.4,3263294.946
1.7,40,3,31.5,4623001.173
1.7,40,3,31.6,2991353.7
1.7,40,3,31.7,4623001.173
1.7,40,3,31.8,2175529.964
1.7,40,3,31.9,4079118.682
1.7,40,3,32,5438824.91
1.7,40,3,32.1,4623001.173
1.7,40,3,32.2,3807177.437
1.7,40,3,32.3,5982707.401
1.7,40,3,32.4,2991353.7
1.7,40,3,32.5,5166883.664
1.7,40,3,32.6,4351059.928
1.7,40,3,32.7,2991353.7
1.7,40,3,32.8,4351059.928
1.7,40,3,32.9,5438824.91
1.7,40,3,33,5166883.664
1.7,40,3,33.1,4623001.173
1.7,40,3,33.2,6254648.646
1.7,40,3,33.3,3263294.946
1.7,40,3,33.4,2991353.7
1.7,40,3,33.5,6798531.137
1.7,40,3,33.6,4079118.682
1.7,40,3,33.7,4894942.419
1.7,40,3,33.8,2719412.455
1.7,40,3,33.9,4894942.419
1.7,40,3,34,4351059.928
1.7,40,3,34.1,4894942.419
1.7,40,3,34.2,2175529.964
1.7,40,3,34.3,2175529.964
1.7,40,3,34.4,3263294.946
1.7,40,3,34.5,2447471.209
1.7,40,3,34.6,2447471.209
1.7,40,3,34.7,1087764.982
1.7,40,3,34.8,3807177.437
1.7,40,3,34.9,3807177.437
1.7,40,3,35,3535236.191
1.7,40,3,35.1,4079118.682
1.7,40,3,35.2,2991353.7
1.7,40,3,35.3,4079118.682
1.7,40,3,35.4,1903588.718
1.7,40,3,35.5,3263294.946
1.7,40,3,35.6,4894942.419
1.7,40,3,35.7,2719412.455
1.7,40,3,35.8,3807177.437
1.7,40,3,35.9,3263294.946
1.7,40,3,36,2447471.209
1.7,40,3,36.1,4351059.928
1.7,40,3,36.2,3263294.946
1.7,40,3,36.3,2447471.209
1.7,40,3,36.4,2447471.209
1.7,40,3,36.5,2447471.209
1.7,40,3,36.6,1359706.227
1.7,40,3,36.7,2175529.964
1.7,40,3,36.8,1631647.473
1.7,40,3,36.9,2447471.209
1.7,40,3,37,2175529.964
1.7,40,3,37.1,3263294.946
1.7,40,3,37.2,1903588.718
1.7,40,3,37.3,1903588.718
1.7,40,3,37.4,1903588.718
1.7,40,3,37.5,1631647.473
1.7,40,3,37.6,1903588.718
1.7,40,3,37.7,3535236.191
1.7,40,3,37.8,815823.7365
1.7,40,3,37.9,2175529.964
1.7,40,3,38,1631647.473
1.7,40,3,38.1,2175529.964
1.7,40,3,38.2,1087764.982
1.7,40,3,38.3,1903588.718
1.7,40,3,38.4,1631647.473
1.7,40,3,38.5,815823.7365
1.7,40,3,38.6,1359706.227
1.7,40,3,38.7,1359706.227
1.7,40,3,38.8,1903588.718
1.7,40,3,38.9,815823.7365
1.7,40,3,39,815823.7365
1.7,40,3,39.1,1087764.982
1.7,40,3,39.2,543882.491
1.7,40,3,39.3,543882.491
1.7,40,3,39.4,1631647.473
1.7,40,3,39.5,271941.2455
1.7,40,3,39.6,815823.7365
1.7,40,3,39.7,271941.2455
1.7,40,3,39.8,815823.7365
1.7,40,3,40,271941.2455
1.7,80,3,3.5,461813.266
1.7,80,3,3.7,461813.266
1.7,80,3,3.9,1385439.798
1.7,80,3,4,1847253.064
1.7,80,3,4.1,923626.532
1.7,80,3,4.2,1385439.798
1.7,80,3,4.3,2309066.33
1.7,80,3,4.4,1385439.798
1.7,80,3,4.5,3232692.862
1.7,80,3,4.6,4156319.394
1.7,80,3,4.7,4156319.394
1.7,80,3,4.8,5541759.192
1.7,80,3,4.9,5079945.926
1.7,80,3,5,7389012.256
1.7,80,3,5.1,7850825.522
1.7,80,3,5.2,8312638.788
1.7,80,3,5.3,12930771.45
1.7,80,3,5.4,14778024.51
1.7,80,3,5.5,18472530.64
1.7,80,3,5.6,13854397.98
1.7,80,3,5.7,19396157.17
1.7,80,3,5.8,17548904.11
1.7,80,3,5.9,19396157.17
1.7,80,3,6,19857970.44
1.7,80,3,6.1,15239837.78
1.7,80,3,6.2,23552476.57
1.7,80,3,6.3,22628850.03
1.7,80,3,6.4,22628850.03
1.7,80,3,6.5,26785169.43
1.7,80,3,6.6,31865115.35
1.7,80,3,6.7,31403302.09
1.7,80,3,6.8,32788741.89
1.7,80,3,6.9,36945061.28
1.7,80,3,7,26323356.16
1.7,80,3,7.1,33712368.42
1.7,80,3,7.2,36483248.01
1.7,80,3,7.3,35559621.48
1.7,80,3,7.4,104369798.1
1.7,80,3,7.5,42486820.47
1.7,80,3,7.6,43410447
1.7,80,3,7.7,46181326.6
1.7,80,3,7.8,47566766.4
1.7,80,3,7.9,41563193.94
1.7,80,3,8,40639567.41
1.7,80,3,8.1,39254127.61
1.7,80,3,8.2,38792314.34
1.7,80,3,8.3,224441247.3
1.7,80,3,8.4,1571088731
1.7,80,3,8.5,43410447
1.7,80,3,8.6,48028579.66
1.7,80,3,8.7,45719513.33
1.7,80,3,8.8,62806604.17
1.7,80,3,8.9,55417591.92
1.7,80,3,9,48490392.93
1.7,80,3,9.1,49414019.46
1.7,80,3,9.2,45719513.33
1.7,80,3,9.3,57264844.98
1.7,80,3,9.4,54493965.39
1.7,80,3,9.5,108064304.2
1.7,80,3,9.6,72042869.49
1.7,80,3,9.7,928244664.6
1.7,80,3,9.8,122842328.8
1.7,80,3,9.9,84050014.41
1.7,80,3,10,413784686.3
1.7,80,3,10.1,64192043.97
1.7,80,3,10.2,61882977.64
1.7,80,3,10.3,41101380.67
1.7,80,3,10.4,28632422.49
1.7,80,3,10.5,35559621.48
1.7,80,3,10.6,35559621.48
1.7,80,3,10.7,38792314.34
1.7,80,3,10.8,30017862.29
1.7,80,3,10.9,35559621.48
1.7,80,3,11,37868687.81
1.7,80,3,11.1,31403302.09
1.7,80,3,11.2,36945061.28
1.7,80,3,11.3,175027227.8
1.7,80,3,11.4,36945061.28
1.7,80,3,11.5,37868687.81
1.7,80,3,11.6,38330501.08
1.7,80,3,11.7,31865115.35
1.7,80,3,11.8,31865115.35
1.7,80,3,11.9,30017862.29
1.7,80,3,12,33250555.15
1.7,80,3,12.1,31403302.09
1.7,80,3,12.2,26785169.43
1.7,80,3,12.3,28170609.23
1.7,80,3,12.4,27708795.96
1.7,80,3,12.5,24014289.83
1.7,80,3,12.6,29094235.76
1.7,80,3,12.7,30941488.82
1.7,80,3,12.8,28170609.23
1.7,80,3,12.9,26785169.43
1.7,80,3,13,29556049.02
1.7,80,3,13.1,32788741.89
1.7,80,3,13.2,32788741.89
1.7,80,3,13.3,28170609.23
1.7,80,3,13.4,28632422.49
1.7,80,3,13.5,33712368.42
1.7,80,3,13.6,30479675.56
1.7,80,3,13.7,29094235.76
1.7,80,3,13.8,25399729.63
1.7,80,3,13.9,31865115.35
1.7,80,3,14,29556049.02
1.7,80,3,14.1,27708795.96
1.7,80,3,14.2,42948633.74
1.7,80,3,14.3,30941488.82
1.7,80,3,14.4,29556049.02
1.7,80,3,14.5,31865115.35
1.7,80,3,14.6,28170609.23
1.7,80,3,14.7,30941488.82
1.7,80,3,14.8,27246982.69
1.7,80,3,14.9,31403302.09
1.7,80,3,15,29094235.76
1.7,80,3,15.1,24014289.83
1.7,80,3,15.2,29094235.76
1.7,80,3,15.3,28170609.23
1.7,80,3,15.4,32326928.62
1.7,80,3,15.5,32326928.62
1.7,80,3,15.6,28632422.49
1.7,80,3,15.7,35559621.48
1.7,80,3,15.8,31865115.35
1.7,80,3,15.9,36021434.75
1.7,80,3,16,31403302.09
1.7,80,3,16.1,27708795.96
1.7,80,3,16.2,26323356.16
1.7,80,3,16.3,28632422.49
1.7,80,3,16.4,29556049.02
1.7,80,3,16.5,19857970.44
1.7,80,3,16.6,28170609.23
1.7,80,3,16.7,32788741.89
1.7,80,3,16.8,27708795.96
1.7,80,3,16.9,31403302.09
1.7,80,3,17,28632422.49
1.7,80,3,17.1,28170609.23
1.7,80,3,17.2,29094235.76
1.7,80,3,17.3,31403302.09
1.7,80,3,17.4,24476103.1
1.7,80,3,17.5,29094235.76
1.7,80,3,17.6,18472530.64
1.7,80,3,17.7,35097808.22
1.7,80,3,17.8,33712368.42
1.7,80,3,17.9,25399729.63
1.7,80,3,18,27246982.69
1.7,80,3,18.1,26323356.16
1.7,80,3,18.2,31403302.09
1.7,80,3,18.3,31865115.35
1.7,80,3,18.4,21705223.5
1.7,80,3,18.5,26785169.43
1.7,80,3,18.6,30017862.29
1.7,80,3,18.7,31403302.09
1.7,80,3,18.8,28632422.49
1.7,80,3,18.9,28170609.23
1.7,80,3,19,24937916.36
1.7,80,3,19.1,27708795.96
1.7,80,3,19.2,30941488.82
1.7,80,3,19.3,33712368.42
1.7,80,3,19.4,30941488.82
1.7,80,3,19.5,29556049.02
1.7,80,3,19.6,30017862.29
1.7,80,3,19.7,29556049.02
1.7,80,3,19.8,26323356.16
1.7,80,3,19.9,22167036.77
1.7,80,3,20,30941488.82
1.7,80,3,20.1,29556049.02
1.7,80,3,20.2,24476103.1
1.7,80,3,20.3,24937916.36
1.7,80,3,20.4,31403302.09
1.7,80,3,20.5,26785169.43
1.7,80,3,20.6,29094235.76
1.7,80,3,20.7,27708795.96
1.7,80,3,20.8,35097808.22
1.7,80,3,20.9,25399729.63
1.7,80,3,21,30017862.29
1.7,80,3,21.1,25399729.63
1.7,80,3,21.2,26323356.16
1.7,80,3,21.3,24476103.1
1.7,80,3,21.4,18010717.37
1.7,80,3,21.5,26785169.43
1.7,80,3,21.6,24937916.36
1.7,80,3,21.7,29556049.02
1.7,80,3,21.8,30941488.82
1.7,80,3,21.9,24014289.83
1.7,80,3,22,20781596.97
1.7,80,3,22.1,24476103.1
1.7,80,3,22.2,28632422.49
1.7,80,3,22.3,31865115.35
1.7,80,3,22.4,28170609.23
1.7,80,3,22.5,26785169.43
1.7,80,3,22.6,24014289.83
1.7,80,3,22.7,26785169.43
1.7,80,3,22.8,23090663.3
1.7,80,3,22.9,24014289.83
1.7,80,3,23,25861542.9
1.7,80,3,23.1,25861542.9
1.7,80,3,23.2,24937916.36
1.7,80,3,23.3,22167036.77
1.7,80,3,23.4,24476103.1
1.7,80,3,23.5,22167036.77
1.7,80,3,23.6,23552476.57
1.7,80,3,23.7,27246982.69
1.7,80,3,23.8,26323356.16
1.7,80,3,23.9,24937916.36
1.7,80,3,24,24476103.1
1.7,80,3,24.1,27246982.69
1.7,80,3,24.2,30017862.29
1.7,80,3,24.3,24476103.1
1.7,80,3,24.4,25861542.9
1.7,80,3,24.5,21705223.5
1.7,80,3,24.6,25399729.63
1.7,80,3,24.7,28632422.49
1.7,80,3,24.8,21705223.5
1.7,80,3,24.9,24014289.83
1.7,80,3,25,22628850.03
1.7,80,3,25.1,23552476.57
1.7,80,3,25.2,25861542.9
1.7,80,3,25.3,22167036.77
1.7,80,3,25.4,17548904.11
1.7,80,3,25.5,20319783.7
1.7,80,3,25.6,20781596.97
1.7,80,3,25.7,21705223.5
1.7,80,3,25.8,19396157.17
1.7,80,3,25.9,19857970.44
1.7,80,3,26,24014289.83
1.7,80,3,26.1,24476103.1
1.7,80,3,26.2,24937916.36
1.7,80,3,26.3,25399729.63
1.7,80,3,26.4,22167036.77
1.7,80,3,26.5,17087090.84
1.7,80,3,26.6,20319783.7
1.7,80,3,26.7,25861542.9
1.7,80,3,26.8,19396157.17
1.7,80,3,26.9,23090663.3
1.7,80,3,27,19857970.44
1.7,80,3,27.1,23552476.57
1.7,80,3,27.2,26785169.43
1.7,80,3,27.3,27246982.69
1.7,80,3,27.4,22628850.03
1.7,80,3,27.5,22628850.03
1.7,80,3,27.6,20319783.7
1.7,80,3,27.7,19396157.17
1.7,80,3,27.8,19857970.44
1.7,80,3,27.9,19396157.17
1.7,80,3,28,24014289.83
1.7,80,3,28.1,20319783.7
1.7,80,3,28.2,19396157.17
1.7,80,3,28.3,22167036.77
1.7,80,3,28.4,18010717.37
1.7,80,3,28.5,17087090.84
1.7,80,3,28.6,14778024.51
1.7,80,3,28.7,18472530.64
1.7,80,3,28.8,16163464.31
1.7,80,3,28.9,20781596.97
1.7,80,3,29,18010717.37
1.7,80,3,29.1,18010717.37
1.7,80,3,29.2,20781596.97
1.7,80,3,29.3,14778024.51
1.7,80,3,29.4,16625277.58
1.7,80,3,29.5,20781596.97
1.7,80,3,29.6,18472530.64
1.7,80,3,29.7,19396157.17
1.7,80,3,29.8,15239837.78
1.7,80,3,29.9,18010717.37
1.7,80,3,30,14778024.51
1.7,80,3,30.1,18010717.37
1.7,80,3,30.2,17548904.11
1.7,80,3,30.3,24014289.83
1.7,80,3,30.4,17087090.84
1.7,80,3,30.5,16625277.58
1.7,80,3,30.6,20781596.97
1.7,80,3,30.7,19396157.17
1.7,80,3,30.8,20319783.7
1.7,80,3,30.9,17087090.84
1.7,80,3,31,19857970.44
1.7,80,3,31.1,15701651.04
1.7,80,3,31.2,16163464.31
1.7,80,3,31.3,24014289.83
1.7,80,3,31.4,18934343.91
1.7,80,3,31.5,11545331.65
1.7,80,3,31.6,16163464.31
1.7,80,3,31.7,19857970.44
1.7,80,3,31.8,13854397.98
1.7,80,3,31.9,18010717.37
1.7,80,3,32,17087090.84
1.7,80,3,32.1,13854397.98
1.7,80,3,32.2,17548904.11
1.7,80,3,32.3,16625277.58
1.7,80,3,32.4,12468958.18
1.7,80,3,32.5,17087090.84
1.7,80,3,32.6,19857970.44
1.7,80,3,32.7,16163464.31
1.7,80,3,32.8,15701651.04
1.7,80,3,32.9,22628850.03
1.7,80,3,33,11545331.65
1.7,80,3,33.1,14778024.51
1.7,80,3,33.2,12930771.45
1.7,80,3,33.3,12468958.18
1.7,80,3,33.4,21705223.5
1.7,80,3,33.5,13392584.71
1.7,80,3,33.6,12468958.18
1.7,80,3,33.7,16625277.58
1.7,80,3,33.8,17548904.11
1.7,80,3,33.9,12007144.92
1.7,80,3,34,14316211.25
1.7,80,3,34.1,14316211.25
1.7,80,3,34.2,16625277.58
1.7,80,3,34.3,18472530.64
1.7,80,3,34.4,11083518.38
1.7,80,3,34.5,12007144.92
1.7,80,3,34.6,12468958.18
1.7,80,3,34.7,14316211.25
1.7,80,3,34.8,15239837.78
1.7,80,3,34.9,14316211.25
1.7,80,3,35,13854397.98
1.7,80,3,35.1,15701651.04
1.7,80,3,35.2,20319783.7
1.7,80,3,35.3,16163464.31
1.7,80,3,35.4,12930771.45
1.7,80,3,35.5,18010717.37
1.7,80,3,35.6,21243410.24
1.7,80,3,35.7,11083518.38
1.7,80,3,35.8,10621705.12
1.7,80,3,35.9,11083518.38
1.7,80,3,36,13854397.98
1.7,80,3,36.1,13854397.98
1.7,80,3,36.2,14778024.51
1.7,80,3,36.3,11083518.38
1.7,80,3,36.4,13854397.98
1.7,80,3,36.5,13392584.71
1.7,80,3,36.6,13392584.71
1.7,80,3,36.7,13392584.71
1.7,80,3,36.8,13392584.71
1.7,80,3,36.9,15239837.78
1.7,80,3,37,19396157.17
1.7,80,3,37.1,9698078.586
1.7,80,3,37.2,17087090.84
1.7,80,3,37.3,10621705.12
1.7,80,3,37.4,13392584.71
1.7,80,3,37.5,13392584.71
1.7,80,3,37.6,14778024.51
1.7,80,3,37.7,14316211.25
1.7,80,3,37.8,12007144.92
1.7,80,3,37.9,6927198.99
1.7,80,3,38,15701651.04
1.7,80,3,38.1,17548904.11
1.7,80,3,38.2,12007144.92
1.7,80,3,38.3,12468958.18
1.7,80,3,38.4,15239837.78
1.7,80,3,38.5,12468958.18
1.7,80,3,38.6,10159891.85
1.7,80,3,38.7,15701651.04
1.7,80,3,38.8,17548904.11
1.7,80,3,38.9,18010717.37
1.7,80,3,39,16625277.58
1.7,80,3,39.1,12930771.45
1.7,80,3,39.2,16625277.58
1.7,80,3,39.3,13854397.98
1.7,80,3,39.4,8774452.054
1.7,80,3,39.5,9236265.32
1.7,80,3,39.6,12007144.92
1.7,80,3,39.7,9698078.586
1.7,80,3,39.8,15239837.78
1.7,80,3,39.9,9698078.586
1.7,80,3,40,17087090.84
1.7,80,3,40.1,11083518.38
1.7,80,3,40.2,12007144.92
1.7,80,3,40.3,12007144.92
1.7,80,3,40.4,16625277.58
1.7,80,3,40.5,11545331.65
1.7,80,3,40.6,12468958.18
1.7,80,3,40.7,11083518.38
1.7,80,3,40.8,13392584.71
1.7,80,3,40.9,13854397.98
1.7,80,3,41,14316211.25
1.7,80,3,41.1,10621705.12
1.7,80,3,41.2,11545331.65
1.7,80,3,41.3,11545331.65
1.7,80,3,41.4,10621705.12
1.7,80,3,41.5,12468958.18
1.7,80,3,41.6,14316211.25
1.7,80,3,41.7,8774452.054
1.7,80,3,41.8,9236265.32
1.7,80,3,41.9,11545331.65
1.7,80,3,42,12007144.92
1.7,80,3,42.1,12930771.45
1.7,80,3,42.2,8312638.788
1.7,80,3,42.3,10159891.85
1.7,80,3,42.4,11083518.38
1.7,80,3,42.5,12007144.92
1.7,80,3,42.6,11545331.65
1.7,80,3,42.7,13854397.98
1.7,80,3,42.8,11083518.38
1.7,80,3,42.9,10621705.12
1.7,80,3,43,13392584.71
1.7,80,3,43.1,10621705.12
1.7,80,3,43.2,11545331.65
1.7,80,3,43.3,7389012.256
1.7,80,3,43.4,8312638.788
1.7,80,3,43.5,10159891.85
1.7,80,3,43.6,18010717.37
1.7,80,3,43.7,9698078.586
1.7,80,3,43.8,8312638.788
1.7,80,3,43.9,7389012.256
1.7,80,3,44,13392584.71
1.7,80,3,44.1,12468958.18
1.7,80,3,44.2,11545331.65
1.7,80,3,44.3,5541759.192
1.7,80,3,44.4,9698078.586
1.7,80,3,44.5,12007144.92
1.7,80,3,44.6,13854397.98
1.7,80,3,44.7,7850825.522
1.7,80,3,44.8,8774452.054
1.7,80,3,44.9,12007144.92
1.7,80,3,45,7389012.256
1.7,80,3,45.1,8774452.054
1.7,80,3,45.2,10159891.85
1.7,80,3,45.3,11545331.65
1.7,80,3,45.4,11083518.38
1.7,80,3,45.5,11545331.65
1.7,80,3,45.6,10159891.85
1.7,80,3,45.7,12007144.92
1.7,80,3,45.8,6465385.724
1.7,80,3,45.9,12007144.92
1.7,80,3,46,11083518.38
1.7,80,3,46.1,7850825.522
1.7,80,3,46.2,8312638.788
1.7,80,3,46.3,9698078.586
1.7,80,3,46.4,12930771.45
1.7,80,3,46.5,10621705.12
1.7,80,3,46.6,8774452.054
1.7,80,3,46.7,8312638.788
1.7,80,3,46.8,6465385.724
1.7,80,3,46.9,6003572.458
1.7,80,3,47,6003572.458
1.7,80,3,47.1,10159891.85
1.7,80,3,47.2,10159891.85
1.7,80,3,47.3,6927198.99
1.7,80,3,47.4,10621705.12
1.7,80,3,47.5,7850825.522
1.7,80,3,47.6,7850825.522
1.7,80,3,47.7,9698078.586
1.7,80,3,47.8,10621705.12
1.7,80,3,47.9,9236265.32
1.7,80,3,48,5079945.926
1.7,80,3,48.1,6003572.458
1.7,80,3,48.2,8774452.054
1.7,80,3,48.3,6465385.724
1.7,80,3,48.4,7850825.522
1.7,80,3,48.5,8312638.788
1.7,80,3,48.6,8312638.788
1.7,80,3,48.7,9698078.586
1.7,80,3,48.8,7389012.256
1.7,80,3,48.9,10159891.85
1.7,80,3,49,8312638.788
1.7,80,3,49.1,12007144.92
1.7,80,3,49.2,10621705.12
1.7,80,3,49.3,7850825.522
1.7,80,3,49.4,7389012.256
1.7,80,3,49.5,12007144.92
1.7,80,3,49.6,8312638.788
1.7,80,3,49.7,6003572.458
1.7,80,3,49.8,8774452.054
1.7,80,3,49.9,10159891.85
1.7,80,3,50,6003572.458
1.7,80,3,50.1,8312638.788
1.7,80,3,50.2,9236265.32
1.7,80,3,50.3,6003572.458
1.7,80,3,50.4,9236265.32
1.7,80,3,50.5,6927198.99
1.7,80,3,50.6,6927198.99
1.7,80,3,50.7,12468958.18
1.7,80,3,50.8,6927198.99
1.7,80,3,50.9,6927198.99
1.7,80,3,51,9236265.32
1.7,80,3,51.1,9698078.586
1.7,80,3,51.2,8312638.788
1.7,80,3,51.3,8774452.054
1.7,80,3,51.4,7389012.256
1.7,80,3,51.5,4618132.66
1.7,80,3,51.6,6003572.458
1.7,80,3,51.7,6927198.99
1.7,80,3,51.8,10159891.85
1.7,80,3,51.9,8312638.788
1.7,80,3,52,7850825.522
1.7,80,3,52.1,6927198.99
1.7,80,3,52.2,6927198.99
1.7,80,3,52.3,6003572.458
1.7,80,3,52.4,7389012.256
1.7,80,3,52.5,9236265.32
1.7,80,3,52.6,6927198.99
1.7,80,3,52.7,6003572.458
1.7,80,3,52.8,9236265.32
1.7,80,3,52.9,2770879.596
1.7,80,3,53,7850825.522
1.7,80,3,53.1,7389012.256
1.7,80,3,53.2,9236265.32
1.7,80,3,53.3,6465385.724
1.7,80,3,53.4,6927198.99
1.7,80,3,53.5,6465385.724
1.7,80,3,53.6,6003572.458
1.7,80,3,53.7,6003572.458
1.7,80,3,53.8,10621705.12
1.7,80,3,53.9,5079945.926
1.7,80,3,54,6003572.458
1.7,80,3,54.1,6927198.99
1.7,80,3,54.2,4156319.394
1.7,80,3,54.3,8312638.788
1.7,80,3,54.4,6465385.724
1.7,80,3,54.5,7850825.522
1.7,80,3,54.6,6003572.458
1.7,80,3,54.7,8774452.054
1.7,80,3,54.8,10159891.85
1.7,80,3,54.9,4156319.394
1.7,80,3,55,5079945.926
1.7,80,3,55.1,9698078.586
1.7,80,3,55.2,6465385.724
1.7,80,3,55.3,7850825.522
1.7,80,3,55.4,6927198.99
1.7,80,3,55.5,8312638.788
1.7,80,3,55.6,5541759.192
1.7,80,3,55.7,6927198.99
1.7,80,3,55.8,5541759.192
1.7,80,3,55.9,6927198.99
1.7,80,3,56,7850825.522
1.7,80,3,56.1,6465385.724
1.7,80,3,56.2,6927198.99
1.7,80,3,56.3,4618132.66
1.7,80,3,56.4,9236265.32
1.7,80,3,56.5,3694506.128
1.7,80,3,56.6,7389012.256
1.7,80,3,56.7,5541759.192
1.7,80,3,56.8,9236265.32
1.7,80,3,56.9,6465385.724
1.7,80,3,57,8312638.788
1.7,80,3,57.1,7389012.256
1.7,80,3,57.2,8312638.788
1.7,80,3,57.3,5079945.926
1.7,80,3,57.4,3694506.128
1.7,80,3,57.5,3694506.128
1.7,80,3,57.6,4618132.66
1.7,80,3,57.7,8312638.788
1.7,80,3,57.8,6927198.99
1.7,80,3,57.9,4618132.66
1.7,80,3,58,8774452.054
1.7,80,3,58.1,12930771.45
1.7,80,3,58.2,5541759.192
1.7,80,3,58.3,3232692.862
1.7,80,3,58.4,3694506.128
1.7,80,3,58.5,5541759.192
1.7,80,3,58.6,10159891.85
1.7,80,3,58.7,3694506.128
1.7,80,3,58.8,5079945.926
1.7,80,3,58.9,5541759.192
1.7,80,3,59,8312638.788
1.7,80,3,59.1,6465385.724
1.7,80,3,59.2,4618132.66
1.7,80,3,59.3,6003572.458
1.7,80,3,59.4,5079945.926
1.7,80,3,59.5,17548904.11
1.7,80,3,59.6,4618132.66
1.7,80,3,59.7,6927198.99
1.7,80,3,59.8,7850825.522
1.7,80,3,59.9,6003572.458
1.7,80,3,60,1385439.798
1.7,80,3,60.1,7389012.256
1.7,80,3,60.2,4618132.66
1.7,80,3,60.3,6927198.99
1.7,80,3,60.4,4156319.394
1.7,80,3,60.5,4156319.394
1.7,80,3,60.6,5541759.192
1.7,80,3,60.7,6003572.458
1.7,80,3,60.8,8774452.054
1.7,80,3,60.9,3694506.128
1.7,80,3,61,3232692.862
1.7,80,3,61.1,5079945.926
1.7,80,3,61.2,5541759.192
1.7,80,3,61.3,6003572.458
1.7,80,3,61.4,4156319.394
1.7,80,3,61.5,6003572.458
1.7,80,3,61.6,5079945.926
1.7,80,3,61.7,6927198.99
1.7,80,3,61.8,4618132.66
1.7,80,3,61.9,6465385.724
1.7,80,3,62,5079945.926
1.7,80,3,62.1,3694506.128
1.7,80,3,62.2,5541759.192
1.7,80,3,62.3,6003572.458
1.7,80,3,62.4,4156319.394
1.7,80,3,62.5,4618132.66
1.7,80,3,62.6,4618132.66
1.7,80,3,62.7,3694506.128
1.7,80,3,62.8,6003572.458
1.7,80,3,62.9,5079945.926
1.7,80,3,63,6927198.99
1.7,80,3,63.1,5541759.192
1.7,80,3,63.2,1847253.064
1.7,80,3,63.3,5079945.926
1.7,80,3,63.4,4618132.66
1.7,80,3,63.5,2770879.596
1.7,80,3,63.6,4156319.394
1.7,80,3,63.7,6465385.724
1.7,80,3,63.8,3694506.128
1.7,80,3,63.9,5079945.926
1.7,80,3,64,4156319.394
1.7,80,3,64.1,5079945.926
1.7,80,3,64.2,3694506.128
1.7,80,3,64.3,5541759.192
1.7,80,3,64.4,3694506.128
1.7,80,3,64.5,3694506.128
1.7,80,3,64.6,4618132.66
1.7,80,3,64.7,2770879.596
1.7,80,3,64.8,4618132.66
1.7,80,3,64.9,4156319.394
1.7,80,3,65,4156319.394
1.7,80,3,65.1,2309066.33
1.7,80,3,65.2,7850825.522
1.7,80,3,65.3,4156319.394
1.7,80,3,65.4,4618132.66
1.7,80,3,65.5,5541759.192
1.7,80,3,65.6,3694506.128
1.7,80,3,65.7,4156319.394
1.7,80,3,65.8,3232692.862
1.7,80,3,65.9,3232692.862
1.7,80,3,66,5541759.192
1.7,80,3,66.1,3694506.128
1.7,80,3,66.2,3232692.862
1.7,80,3,66.3,6465385.724
1.7,80,3,66.4,2770879.596
1.7,80,3,66.5,4618132.66
1.7,80,3,66.6,3232692.862
1.7,80,3,66.7,461813.266
1.7,80,3,66.8,4618132.66
1.7,80,3,66.9,2770879.596
1.7,80,3,67,2770879.596
1.7,80,3,67.1,5079945.926
1.7,80,3,67.2,1847253.064
1.7,80,3,67.3,3232692.862
1.7,80,3,67.4,7389012.256
1.7,80,3,67.5,4156319.394
1.7,80,3,67.6,3694506.128
1.7,80,3,67.7,4156319.394
1.7,80,3,67.8,2770879.596
1.7,80,3,67.9,4618132.66
1.7,80,3,68,2770879.596
1.7,80,3,68.1,2770879.596
1.7,80,3,68.2,4156319.394
1.7,80,3,68.3,923626.532
1.7,80,3,68.4,6465385.724
1.7,80,3,68.5,4156319.394
1.7,80,3,68.6,2309066.33
1.7,80,3,68.7,2770879.596
1.7,80,3,68.8,1385439.798
1.7,80,3,68.9,2770879.596
1.7,80,3,69,1847253.064
1.7,80,3,69.1,3232692.862
1.7,80,3,69.2,4618132.66
1.7,80,3,69.3,2309066.33
1.7,80,3,69.4,3694506.128
1.7,80,3,69.5,2309066.33
1.7,80,3,69.6,1847253.064
1.7,80,3,69.7,1385439.798
1.7,80,3,69.8,1847253.064
1.7,80,3,69.9,2770879.596
1.7,80,3,70,3694506.128
1.7,80,3,70.1,4156319.394
1.7,80,3,70.2,6465385.724
1.7,80,3,70.3,1385439.798
1.7,80,3,70.4,2770879.596
1.7,80,3,70.5,3232692.862
1.7,80,3,70.6,1847253.064
1.7,80,3,70.7,6465385.724
1.7,80,3,70.8,1847253.064
1.7,80,3,70.9,2770879.596
1.7,80,3,71,2309066.33
1.7,80,3,71.1,2770879.596
1.7,80,3,71.2,3232692.862
1.7,80,3,71.3,461813.266
1.7,80,3,71.4,4618132.66
1.7,80,3,71.5,1385439.798
1.7,80,3,71.6,1847253.064
1.7,80,3,71.7,2770879.596
1.7,80,3,71.8,3232692.862
1.7,80,3,71.9,4618132.66
1.7,80,3,72,3694506.128
1.7,80,3,72.1,2309066.33
1.7,80,3,72.2,2309066.33
1.7,80,3,72.3,1847253.064
1.7,80,3,72.4,3232692.862
1.7,80,3,72.5,1847253.064
1.7,80,3,72.6,1385439.798
1.7,80,3,72.7,4156319.394
1.7,80,3,72.8,2309066.33
1.7,80,3,72.9,923626.532
1.7,80,3,73,1385439.798
1.7,80,3,73.1,3232692.862
1.7,80,3,73.2,1847253.064
1.7,80,3,73.3,3232692.862
1.7,80,3,73.4,3232692.862
1.7,80,3,73.5,2309066.33
1.7,80,3,73.6,2309066.33
1.7,80,3,73.7,1847253.064
1.7,80,3,73.8,2309066.33
1.7,80,3,73.9,2309066.33
1.7,80,3,74,2770879.596
1.7,80,3,74.1,923626.532
1.7,80,3,74.2,2309066.33
1.7,80,3,74.3,2309066.33
1.7,80,3,74.4,3232692.862
1.7,80,3,74.5,2770879.596
1.7,80,3,74.6,2770879.596
1.7,80,3,74.7,1385439.798
1.7,80,3,74.8,2770879.596
1.7,80,3,74.9,923626.532
1.7,80,3,75,2309066.33
1.7,80,3,75.1,1847253.064
1.7,80,3,75.2,1385439.798
1.7,80,3,75.3,923626.532
1.7,80,3,75.4,1847253.064
1.7,80,3,75.5,461813.266
1.7,80,3,75.6,923626.532
1.7,80,3,75.7,1847253.064
1.7,80,3,75.8,1385439.798
1.7,80,3,75.9,1847253.064
1.7,80,3,76.1,2309066.33
1.7,80,3,76.2,2770879.596
1.7,80,3,76.3,1385439.798
1.7,80,3,76.4,923626.532
1.7,80,3,76.5,1385439.798
1.7,80,3,76.6,2770879.596
1.7,80,3,76.7,923626.532
1.7,80,3,76.8,2309066.33
1.7,80,3,76.9,3694506.128
1.7,80,3,77,923626.532
1.7,80,3,77.1,1385439.798
1.7,80,3,77.2,461813.266
1.7,80,3,77.3,1385439.798
1.7,80,3,77.4,923626.532
1.7,80,3,77.5,1385439.798
1.7,80,3,77.6,1385439.798
1.7,80,3,77.7,923626.532
1.7,80,3,77.8,923626.532
1.7,80,3,77.9,461813.266
1.7,80,3,78,1385439.798
1.7,80,3,78.1,923626.532
1.7,80,3,78.2,1847253.064
1.7,80,3,78.4,923626.532
1.7,80,3,78.5,461813.266
1.7,80,3,78.7,461813.266
1.7,80,3,78.8,1847253.064
1.7,80,3,79,461813.266
1.7,80,3,79.1,461813.266
1.7,80,3,79.3,1385439.798
1.7,80,3,79.4,461813.266
1.7,80,3,79.6,923626.532
1.7,80,3,79.7,461813.266
1.7,80,3,79.8,1847253.064
1.7,150,3,3.1,929570.0747
1.7,150,3,3.4,464785.0373
1.7,150,3,3.5,464785.0373
1.7,150,3,3.6,464785.0373
1.7,150,3,3.7,464785.0373
1.7,150,3,3.8,1859140.149
1.7,150,3,3.9,1394355.112
1.7,150,3,4,2788710.224
1.7,150,3,4.1,2323925.187
1.7,150,3,4.2,4183065.336
1.7,150,3,4.3,4183065.336
1.7,150,3,4.4,4647850.373
1.7,150,3,4.5,8830915.709
1.7,150,3,4.6,8830915.709
1.7,150,3,4.7,8830915.709
1.7,150,3,4.8,15337906.23
1.7,150,3,4.9,15337906.23
1.7,150,3,5,13943551.12
1.7,150,3,5.1,18126616.46
1.7,150,3,5.2,17197046.38
1.7,150,3,5.3,17197046.38
1.7,150,3,5.4,19520971.57
1.7,150,3,5.5,24633606.98
1.7,150,3,5.6,27887102.24
1.7,150,3,5.7,20915326.68
1.7,150,3,5.8,24633606.98
1.7,150,3,5.9,35788447.87
1.7,150,3,6,25563177.05
1.7,150,3,6.1,36718017.95
1.7,150,3,6.2,32070167.58
1.7,150,3,6.3,36718017.95
1.7,150,3,6.4,34858877.8
1.7,150,3,6.5,44619363.58
1.7,150,3,6.6,37647588.02
1.7,150,3,6.7,37647588.02
1.7,150,3,6.8,40901083.29
1.7,150,3,6.9,39971513.21
1.7,150,3,7,46478503.73
1.7,150,3,7.1,44154578.55
1.7,150,3,7.2,46013718.7
1.7,150,3,7.3,56703774.55
1.7,150,3,7.4,125027175
1.7,150,3,7.5,52055924.18
1.7,150,3,7.6,47408073.81
1.7,150,3,7.7,55309419.44
1.7,150,3,7.8,54844634.4
1.7,150,3,7.9,53450279.29
1.7,150,3,8,63675550.11
1.7,150,3,8.1,51126354.11
1.7,150,3,8.2,67858615.45
1.7,150,3,8.3,229603808.4
1.7,150,3,8.4,1752239591
1.7,150,3,8.5,49731998.99
1.7,150,3,8.6,52985494.26
1.7,150,3,8.7,58098129.67
1.7,150,3,8.8,76224746.12
1.7,150,3,8.9,57633344.63
1.7,150,3,9,60886839.89
1.7,150,3,9.1,56703774.55
1.7,150,3,9.2,62281195
1.7,150,3,9.3,61816409.96
1.7,150,3,9.4,64605120.19
1.7,150,3,9.5,109224483.8
1.7,150,3,9.6,87379587.02
1.7,150,3,9.7,1048555044
1.7,150,3,9.8,151055137.1
1.7,150,3,9.9,99463997.99
1.7,150,3,10,457813261.8
1.7,150,3,10.1,61816409.96
1.7,150,3,10.2,65069905.23
1.7,150,3,10.3,40436298.25
1.7,150,3,10.4,46478503.73
1.7,150,3,10.5,46943288.77
1.7,150,3,10.6,39041943.14
1.7,150,3,10.7,45084148.62
1.7,150,3,10.8,45548933.66
1.7,150,3,10.9,39506728.17
1.7,150,3,11,45548933.66
1.7,150,3,11.1,38577158.1
1.7,150,3,11.2,43225008.47
1.7,150,3,11.3,210082836.9
1.7,150,3,11.4,48337643.88
1.7,150,3,11.5,56703774.55
1.7,150,3,11.6,54379849.37
1.7,150,3,11.7,56238989.52
1.7,150,3,11.8,47408073.81
1.7,150,3,11.9,39971513.21
1.7,150,3,12,48337643.88
1.7,150,3,12.1,41830653.36
1.7,150,3,12.2,40436298.25
1.7,150,3,12.3,39506728.17
1.7,150,3,12.4,33464522.69
1.7,150,3,12.5,40901083.29
1.7,150,3,12.6,39971513.21
1.7,150,3,12.7,34394092.76
1.7,150,3,12.8,39041943.14
1.7,150,3,12.9,34394092.76
1.7,150,3,13,34394092.76
1.7,150,3,13.1,34858877.8
1.7,150,3,13.2,37647588.02
1.7,150,3,13.3,39506728.17
1.7,150,3,13.4,41830653.36
1.7,150,3,13.5,38112373.06
1.7,150,3,13.6,35788447.87
1.7,150,3,13.7,35788447.87
1.7,150,3,13.8,38577158.1
1.7,150,3,13.9,37647588.02
1.7,150,3,14,34858877.8
1.7,150,3,14.1,40901083.29
1.7,150,3,14.2,42760223.43
1.7,150,3,14.3,37182802.99
1.7,150,3,14.4,45548933.66
1.7,150,3,14.5,37182802.99
1.7,150,3,14.6,46478503.73
1.7,150,3,14.7,34394092.76
1.7,150,3,14.8,30211027.43
1.7,150,3,14.9,36253232.91
1.7,150,3,15,33929307.73
1.7,150,3,15.1,32999737.65
1.7,150,3,15.2,42760223.43
1.7,150,3,15.3,44619363.58
1.7,150,3,15.4,42295438.4
1.7,150,3,15.5,41365868.32
1.7,150,3,15.6,39041943.14
1.7,150,3,15.7,43225008.47
1.7,150,3,15.8,35323662.84
1.7,150,3,15.9,42760223.43
1.7,150,3,16,47408073.81
1.7,150,3,16.1,40436298.25
1.7,150,3,16.2,32999737.65
1.7,150,3,16.3,39506728.17
1.7,150,3,16.4,32534952.61
1.7,150,3,16.5,38577158.1
1.7,150,3,16.6,40436298.25
1.7,150,3,16.7,34858877.8
1.7,150,3,16.8,43225008.47
1.7,150,3,16.9,26957532.17
1.7,150,3,17,35788447.87
1.7,150,3,17.1,31605382.54
1.7,150,3,17.2,38112373.06
1.7,150,3,17.3,41830653.36
1.7,150,3,17.4,38112373.06
1.7,150,3,17.5,32534952.61
1.7,150,3,17.6,31605382.54
1.7,150,3,17.7,36718017.95
1.7,150,3,17.8,39506728.17
1.7,150,3,17.9,27887102.24
1.7,150,3,18,29746242.39
1.7,150,3,18.1,29281457.35
1.7,150,3,18.2,32999737.65
1.7,150,3,18.3,31605382.54
1.7,150,3,18.4,36718017.95
1.7,150,3,18.5,38577158.1
1.7,150,3,18.6,40436298.25
1.7,150,3,18.7,31140597.5
1.7,150,3,18.8,32999737.65
1.7,150,3,18.9,40901083.29
1.7,150,3,19,28351887.28
1.7,150,3,19.1,32070167.58
1.7,150,3,19.2,30675812.46
1.7,150,3,19.3,35788447.87
1.7,150,3,19.4,32534952.61
1.7,150,3,19.5,31605382.54
1.7,150,3,19.6,26957532.17
1.7,150,3,19.7,33464522.69
1.7,150,3,19.8,28816672.31
1.7,150,3,19.9,28351887.28
1.7,150,3,20,41830653.36
1.7,150,3,20.1,38577158.1
1.7,150,3,20.2,30675812.46
1.7,150,3,20.3,24633606.98
1.7,150,3,20.4,42760223.43
1.7,150,3,20.5,33464522.69
1.7,150,3,20.6,32070167.58
1.7,150,3,20.7,39041943.14
1.7,150,3,20.8,32070167.58
1.7,150,3,20.9,39506728.17
1.7,150,3,21,32999737.65
1.7,150,3,21.1,30211027.43
1.7,150,3,21.2,31605382.54
1.7,150,3,21.3,34394092.76
1.7,150,3,21.4,33464522.69
1.7,150,3,21.5,29281457.35
1.7,150,3,21.6,28816672.31
1.7,150,3,21.7,37647588.02
1.7,150,3,21.8,30675812.46
1.7,150,3,21.9,42295438.4
1.7,150,3,22,31605382.54
1.7,150,3,22.1,30211027.43
1.7,150,3,22.2,26957532.17
1.7,150,3,22.3,31140597.5
1.7,150,3,22.4,30211027.43
1.7,150,3,22.5,26492747.13
1.7,150,3,22.6,25563177.05
1.7,150,3,22.7,22774466.83
1.7,150,3,22.8,29746242.39
1.7,150,3,22.9,29281457.35
1.7,150,3,23,27887102.24
1.7,150,3,23.1,26492747.13
1.7,150,3,23.2,23239251.87
1.7,150,3,23.3,26027962.09
1.7,150,3,23.4,35788447.87
1.7,150,3,23.5,35788447.87
1.7,150,3,23.6,27887102.24
1.7,150,3,23.7,24633606.98
1.7,150,3,23.8,33464522.69
1.7,150,3,23.9,26492747.13
1.7,150,3,24,30211027.43
1.7,150,3,24.1,28351887.28
1.7,150,3,24.2,21844896.75
1.7,150,3,24.3,30675812.46
1.7,150,3,24.4,26027962.09
1.7,150,3,24.5,21380111.72
1.7,150,3,24.6,23239251.87
1.7,150,3,24.7,27422317.2
1.7,150,3,24.8,29746242.39
1.7,150,3,24.9,29281457.35
1.7,150,3,25,22774466.83
1.7,150,3,25.1,24168821.94
1.7,150,3,25.2,30211027.43
1.7,150,3,25.3,26027962.09
1.7,150,3,25.4,32070167.58
1.7,150,3,25.5,31140597.5
1.7,150,3,25.6,31140597.5
1.7,150,3,25.7,32070167.58
1.7,150,3,25.8,22309681.79
1.7,150,3,25.9,24168821.94
1.7,150,3,26,32534952.61
1.7,150,3,26.1,30211027.43
1.7,150,3,26.2,24633606.98
1.7,150,3,26.3,25563177.05
1.7,150,3,26.4,24633606.98
1.7,150,3,26.5,30675812.46
1.7,150,3,26.6,20915326.68
1.7,150,3,26.7,24633606.98
1.7,150,3,26.8,24168821.94
1.7,150,3,26.9,25098392.02
1.7,150,3,27,25563177.05
1.7,150,3,27.1,28351887.28
1.7,150,3,27.2,19520971.57
1.7,150,3,27.3,30211027.43
1.7,150,3,27.4,27887102.24
1.7,150,3,27.5,25563177.05
1.7,150,3,27.6,20915326.68
1.7,150,3,27.7,17661831.42
1.7,150,3,27.8,27887102.24
1.7,150,3,27.9,21844896.75
1.7,150,3,28,21380111.72
1.7,150,3,28.1,19056186.53
1.7,150,3,28.2,16732261.34
1.7,150,3,28.3,23704036.9
1.7,150,3,28.4,22774466.83
1.7,150,3,28.5,25563177.05
1.7,150,3,28.6,21844896.75
1.7,150,3,28.7,19985756.61
1.7,150,3,28.8,18591401.49
1.7,150,3,28.9,15802691.27
1.7,150,3,29,23704036.9
1.7,150,3,29.1,22774466.83
1.7,150,3,29.2,20450541.64
1.7,150,3,29.3,26027962.09
1.7,150,3,29.4,21844896.75
1.7,150,3,29.5,22774466.83
1.7,150,3,29.6,21380111.72
1.7,150,3,29.7,15337906.23
1.7,150,3,29.8,23239251.87
1.7,150,3,29.9,23704036.9
1.7,150,3,30,28351887.28
1.7,150,3,30.1,19056186.53
1.7,150,3,30.2,25098392.02
1.7,150,3,30.3,24633606.98
1.7,150,3,30.4,26027962.09
1.7,150,3,30.5,24168821.94
1.7,150,3,30.6,26027962.09
1.7,150,3,30.7,23704036.9
1.7,150,3,30.8,22774466.83
1.7,150,3,30.9,25098392.02
1.7,150,3,31,21380111.72
1.7,150,3,31.1,26027962.09
1.7,150,3,31.2,20915326.68
1.7,150,3,31.3,21844896.75
1.7,150,3,31.4,26492747.13
1.7,150,3,31.5,23239251.87
1.7,150,3,31.6,23239251.87
1.7,150,3,31.7,20450541.64
1.7,150,3,31.8,23704036.9
1.7,150,3,31.9,21844896.75
1.7,150,3,32,17661831.42
1.7,150,3,32.1,19985756.61
1.7,150,3,32.2,21380111.72
1.7,150,3,32.3,21844896.75
1.7,150,3,32.4,21844896.75
1.7,150,3,32.5,20450541.64
1.7,150,3,32.6,14408336.16
1.7,150,3,32.7,22774466.83
1.7,150,3,32.8,21844896.75
1.7,150,3,32.9,25098392.02
1.7,150,3,33,20450541.64
1.7,150,3,33.1,15337906.23
1.7,150,3,33.2,19056186.53
1.7,150,3,33.3,20915326.68
1.7,150,3,33.4,16267476.31
1.7,150,3,33.5,19985756.61
1.7,150,3,33.6,16732261.34
1.7,150,3,33.7,20450541.64
1.7,150,3,33.8,21380111.72
1.7,150,3,33.9,17197046.38
1.7,150,3,34,19520971.57
1.7,150,3,34.1,22774466.83
1.7,150,3,34.2,20450541.64
1.7,150,3,34.3,18591401.49
1.7,150,3,34.4,13478766.08
1.7,150,3,34.5,19520971.57
1.7,150,3,34.6,18591401.49
1.7,150,3,34.7,13943551.12
1.7,150,3,34.8,19056186.53
1.7,150,3,34.9,19520971.57
1.7,150,3,35,21844896.75
1.7,150,3,35.1,12549196.01
1.7,150,3,35.2,19985756.61
1.7,150,3,35.3,16732261.34
1.7,150,3,35.4,19520971.57
1.7,150,3,35.5,18126616.46
1.7,150,3,35.6,17661831.42
1.7,150,3,35.7,20915326.68
1.7,150,3,35.8,19056186.53
1.7,150,3,35.9,15802691.27
1.7,150,3,36,14408336.16
1.7,150,3,36.1,19520971.57
1.7,150,3,36.2,19056186.53
1.7,150,3,36.3,19520971.57
1.7,150,3,36.4,13478766.08
1.7,150,3,36.5,16267476.31
1.7,150,3,36.6,19056186.53
1.7,150,3,36.7,17197046.38
1.7,150,3,36.8,16732261.34
1.7,150,3,36.9,16732261.34
1.7,150,3,37,20915326.68
1.7,150,3,37.1,19520971.57
1.7,150,3,37.2,17197046.38
1.7,150,3,37.3,19056186.53
1.7,150,3,37.4,15802691.27
1.7,150,3,37.5,18591401.49
1.7,150,3,37.6,18126616.46
1.7,150,3,37.7,20450541.64
1.7,150,3,37.8,13013981.05
1.7,150,3,37.9,14408336.16
1.7,150,3,38,22309681.79
1.7,150,3,38.1,13013981.05
1.7,150,3,38.2,13013981.05
1.7,150,3,38.3,17197046.38
1.7,150,3,38.4,13478766.08
1.7,150,3,38.5,16267476.31
1.7,150,3,38.6,16267476.31
1.7,150,3,38.7,13013981.05
1.7,150,3,38.8,17661831.42
1.7,150,3,38.9,23704036.9
1.7,150,3,39,13013981.05
1.7,150,3,39.1,13478766.08
1.7,150,3,39.2,16732261.34
1.7,150,3,39.3,12084410.97
1.7,150,3,39.4,19985756.61
1.7,150,3,39.5,11619625.93
1.7,150,3,39.6,18126616.46
1.7,150,3,39.7,16267476.31
1.7,150,3,39.8,16732261.34
1.7,150,3,39.9,17661831.42
1.7,150,3,40,12084410.97
1.7,150,3,40.1,15802691.27
1.7,150,3,40.2,13943551.12
1.7,150,3,40.3,16267476.31
1.7,150,3,40.4,18126616.46
1.7,150,3,40.5,13013981.05
1.7,150,3,40.6,13943551.12
1.7,150,3,40.7,15337906.23
1.7,150,3,40.8,16732261.34
1.7,150,3,40.9,19520971.57
1.7,150,3,41,15337906.23
1.7,150,3,41.1,17197046.38
1.7,150,3,41.2,13943551.12
1.7,150,3,41.3,11619625.93
1.7,150,3,41.4,21844896.75
1.7,150,3,41.5,13943551.12
1.7,150,3,41.6,17661831.42
1.7,150,3,41.7,12084410.97
1.7,150,3,41.8,14873121.19
1.7,150,3,41.9,13943551.12
1.7,150,3,42,13013981.05
1.7,150,3,42.1,19520971.57
1.7,150,3,42.2,13478766.08
1.7,150,3,42.3,12549196.01
1.7,150,3,42.4,13943551.12
1.7,150,3,42.5,17661831.42
1.7,150,3,42.6,15802691.27
1.7,150,3,42.7,13943551.12
1.7,150,3,42.8,12549196.01
1.7,150,3,42.9,12084410.97
1.7,150,3,43,20915326.68
1.7,150,3,43.1,13478766.08
1.7,150,3,43.2,13943551.12
1.7,150,3,43.3,8366130.672
1.7,150,3,43.4,17661831.42
1.7,150,3,43.5,11619625.93
1.7,150,3,43.6,9295700.747
1.7,150,3,43.7,18126616.46
1.7,150,3,43.8,17661831.42
1.7,150,3,43.9,18126616.46
1.7,150,3,44,18126616.46
1.7,150,3,44.1,19056186.53
1.7,150,3,44.2,15337906.23
1.7,150,3,44.3,15802691.27
1.7,150,3,44.4,15802691.27
1.7,150,3,44.5,14873121.19
1.7,150,3,44.6,10690055.86
1.7,150,3,44.7,13013981.05
1.7,150,3,44.8,11619625.93
1.7,150,3,44.9,13943551.12
1.7,150,3,45,13478766.08
1.7,150,3,45.1,13943551.12
1.7,150,3,45.2,16267476.31
1.7,150,3,45.3,14408336.16
1.7,150,3,45.4,12549196.01
1.7,150,3,45.5,9760485.784
1.7,150,3,45.6,14873121.19
1.7,150,3,45.7,9295700.747
1.7,150,3,45.8,10690055.86
1.7,150,3,45.9,11154840.9
1.7,150,3,46,12084410.97
1.7,150,3,46.1,14873121.19
1.7,150,3,46.2,10690055.86
1.7,150,3,46.3,11619625.93
1.7,150,3,46.4,20450541.64
1.7,150,3,46.5,7436560.597
1.7,150,3,46.6,14873121.19
1.7,150,3,46.7,10225270.82
1.7,150,3,46.8,14408336.16
1.7,150,3,46.9,11154840.9
1.7,150,3,47,16267476.31
1.7,150,3,47.1,12084410.97
1.7,150,3,47.2,13478766.08
1.7,150,3,47.3,11154840.9
1.7,150,3,47.4,13013981.05
1.7,150,3,47.5,12549196.01
1.7,150,3,47.6,13013981.05
1.7,150,3,47.7,10690055.86
1.7,150,3,47.8,13013981.05
1.7,150,3,47.9,10225270.82
1.7,150,3,48,9295700.747
1.7,150,3,48.1,9760485.784
1.7,150,3,48.2,14408336.16
1.7,150,3,48.3,13013981.05
1.7,150,3,48.4,9295700.747
1.7,150,3,48.5,12084410.97
1.7,150,3,48.6,13943551.12
1.7,150,3,48.7,17661831.42
1.7,150,3,48.8,11154840.9
1.7,150,3,48.9,13478766.08
1.7,150,3,49,8830915.709
1.7,150,3,49.1,10225270.82
1.7,150,3,49.2,12084410.97
1.7,150,3,49.3,13013981.05
1.7,150,3,49.4,10690055.86
1.7,150,3,49.5,9760485.784
1.7,150,3,49.6,11619625.93
1.7,150,3,49.7,13478766.08
1.7,150,3,49.8,9760485.784
1.7,150,3,49.9,10690055.86
1.7,150,3,50,14873121.19
1.7,150,3,50.1,11154840.9
1.7,150,3,50.2,10225270.82
1.7,150,3,50.3,9760485.784
1.7,150,3,50.4,8830915.709
1.7,150,3,50.5,10690055.86
1.7,150,3,50.6,7436560.597
1.7,150,3,50.7,9295700.747
1.7,150,3,50.8,9760485.784
1.7,150,3,50.9,11619625.93
1.7,150,3,51,10225270.82
1.7,150,3,51.1,12549196.01
1.7,150,3,51.2,13943551.12
1.7,150,3,51.3,13013981.05
1.7,150,3,51.4,10225270.82
1.7,150,3,51.5,13478766.08
1.7,150,3,51.6,10225270.82
1.7,150,3,51.7,10690055.86
1.7,150,3,51.8,12084410.97
1.7,150,3,51.9,8366130.672
1.7,150,3,52,9295700.747
1.7,150,3,52.1,12084410.97
1.7,150,3,52.2,12549196.01
1.7,150,3,52.3,14408336.16
1.7,150,3,52.4,9760485.784
1.7,150,3,52.5,13013981.05
1.7,150,3,52.6,8830915.709
1.7,150,3,52.7,9295700.747
1.7,150,3,52.8,12549196.01
1.7,150,3,52.9,15802691.27
1.7,150,3,53,11619625.93
1.7,150,3,53.1,10690055.86
1.7,150,3,53.2,15337906.23
1.7,150,3,53.3,9295700.747
1.7,150,3,53.4,6506990.523
1.7,150,3,53.5,7901345.635
1.7,150,3,53.6,10225270.82
1.7,150,3,53.7,14408336.16
1.7,150,3,53.8,7901345.635
1.7,150,3,53.9,8366130.672
1.7,150,3,54,7436560.597
1.7,150,3,54.1,11154840.9
1.7,150,3,54.2,10225270.82
1.7,150,3,54.3,3718280.299
1.7,150,3,54.4,11619625.93
1.7,150,3,54.5,14408336.16
1.7,150,3,54.6,10225270.82
1.7,150,3,54.7,9760485.784
1.7,150,3,54.8,13478766.08
1.7,150,3,54.9,8830915.709
1.7,150,3,55,8830915.709
1.7,150,3,55.1,10225270.82
1.7,150,3,55.2,11619625.93
1.7,150,3,55.3,12084410.97
1.7,150,3,55.4,12549196.01
1.7,150,3,55.5,11619625.93
1.7,150,3,55.6,9295700.747
1.7,150,3,55.7,9295700.747
1.7,150,3,55.8,8830915.709
1.7,150,3,55.9,9760485.784
1.7,150,3,56,9760485.784
1.7,150,3,56.1,10225270.82
1.7,150,3,56.2,6971775.56
1.7,150,3,56.3,13943551.12
1.7,150,3,56.4,9760485.784
1.7,150,3,56.5,12084410.97
1.7,150,3,56.6,11154840.9
1.7,150,3,56.7,11154840.9
1.7,150,3,56.8,10225270.82
1.7,150,3,56.9,10225270.82
1.7,150,3,57,8830915.709
1.7,150,3,57.1,9760485.784
1.7,150,3,57.2,9760485.784
1.7,150,3,57.3,8366130.672
1.7,150,3,57.4,10690055.86
1.7,150,3,57.5,12549196.01
1.7,150,3,57.6,13478766.08
1.7,150,3,57.7,9295700.747
1.7,150,3,57.8,8830915.709
1.7,150,3,57.9,7436560.597
1.7,150,3,58,5577420.448
1.7,150,3,58.1,85055661.83
1.7,150,3,58.2,12549196.01
1.7,150,3,58.3,8830915.709
1.7,150,3,58.4,8830915.709
1.7,150,3,58.5,10225270.82
1.7,150,3,58.6,7901345.635
1.7,150,3,58.7,9295700.747
1.7,150,3,58.8,8830915.709
1.7,150,3,58.9,7436560.597
1.7,150,3,59,11619625.93
1.7,150,3,59.1,9295700.747
1.7,150,3,59.2,10225270.82
1.7,150,3,59.3,6506990.523
1.7,150,3,59.4,9760485.784
1.7,150,3,59.5,136646801
1.7,150,3,59.6,9760485.784
1.7,150,3,59.7,8366130.672
1.7,150,3,59.8,10225270.82
1.7,150,3,59.9,6971775.56
1.7,150,3,60,9295700.747
1.7,150,3,60.1,6042205.485
1.7,150,3,60.2,12549196.01
1.7,150,3,60.3,7436560.597
1.7,150,3,60.4,5112635.411
1.7,150,3,60.5,7436560.597
1.7,150,3,60.6,6042205.485
1.7,150,3,60.7,6042205.485
1.7,150,3,60.8,9295700.747
1.7,150,3,60.9,8830915.709
1.7,150,3,61,10225270.82
1.7,150,3,61.1,8366130.672
1.7,150,3,61.2,6042205.485
1.7,150,3,61.3,6971775.56
1.7,150,3,61.4,7436560.597
1.7,150,3,61.5,11154840.9
1.7,150,3,61.6,10225270.82
1.7,150,3,61.7,13013981.05
1.7,150,3,61.8,7436560.597
1.7,150,3,61.9,8830915.709
1.7,150,3,62,7436560.597
1.7,150,3,62.1,7436560.597
1.7,150,3,62.2,10690055.86
1.7,150,3,62.3,8830915.709
1.7,150,3,62.4,6971775.56
1.7,150,3,62.5,9295700.747
1.7,150,3,62.6,8830915.709
1.7,150,3,62.7,9760485.784
1.7,150,3,62.8,8830915.709
1.7,150,3,62.9,7436560.597
1.7,150,3,63,5112635.411
1.7,150,3,63.1,9760485.784
1.7,150,3,63.2,7901345.635
1.7,150,3,63.3,8830915.709
1.7,150,3,63.4,9760485.784
1.7,150,3,63.5,9295700.747
1.7,150,3,63.6,11619625.93
1.7,150,3,63.7,5112635.411
1.7,150,3,63.8,6506990.523
1.7,150,3,63.9,7436560.597
1.7,150,3,64,8830915.709
1.7,150,3,64.1,8830915.709
1.7,150,3,64.2,6971775.56
1.7,150,3,64.3,8366130.672
1.7,150,3,64.4,5112635.411
1.7,150,3,64.5,7436560.597
1.7,150,3,64.6,8366130.672
1.7,150,3,64.7,4647850.373
1.7,150,3,64.8,6971775.56
1.7,150,3,64.9,6042205.485
1.7,150,3,65,7901345.635
1.7,150,3,65.1,9760485.784
1.7,150,3,65.2,9760485.784
1.7,150,3,65.3,5112635.411
1.7,150,3,65.4,8830915.709
1.7,150,3,65.5,8366130.672
1.7,150,3,65.6,7901345.635
1.7,150,3,65.7,4647850.373
1.7,150,3,65.8,6971775.56
1.7,150,3,65.9,6042205.485
1.7,150,3,66,6971775.56
1.7,150,3,66.1,6506990.523
1.7,150,3,66.2,8366130.672
1.7,150,3,66.3,4647850.373
1.7,150,3,66.4,8366130.672
1.7,150,3,66.5,8366130.672
1.7,150,3,66.6,7901345.635
1.7,150,3,66.7,6506990.523
1.7,150,3,66.8,7901345.635
1.7,150,3,66.9,6042205.485
1.7,150,3,67,7436560.597
1.7,150,3,67.1,21844896.75
1.7,150,3,67.2,10225270.82
1.7,150,3,67.3,6971775.56
1.7,150,3,67.4,35788447.87
1.7,150,3,67.5,4183065.336
1.7,150,3,67.6,7901345.635
1.7,150,3,67.7,7901345.635
1.7,150,3,67.8,8366130.672
1.7,150,3,67.9,7436560.597
1.7,150,3,68,7901345.635
1.7,150,3,68.1,4647850.373
1.7,150,3,68.2,7436560.597
1.7,150,3,68.3,6971775.56
1.7,150,3,68.4,8830915.709
1.7,150,3,68.5,5112635.411
1.7,150,3,68.6,9760485.784
1.7,150,3,68.7,9295700.747
1.7,150,3,68.8,7436560.597
1.7,150,3,68.9,8366130.672
1.7,150,3,69,5577420.448
1.7,150,3,69.1,11619625.93
1.7,150,3,69.2,4183065.336
1.7,150,3,69.3,11154840.9
1.7,150,3,69.4,7436560.597
1.7,150,3,69.5,7436560.597
1.7,150,3,69.6,7901345.635
1.7,150,3,69.7,8830915.709
1.7,150,3,69.8,6506990.523
1.7,150,3,69.9,929570.0747
1.7,150,3,70,4647850.373
1.7,150,3,70.1,6042205.485
1.7,150,3,70.2,6971775.56
1.7,150,3,70.3,4647850.373
1.7,150,3,70.4,6506990.523
1.7,150,3,70.5,6506990.523
1.7,150,3,70.6,11619625.93
1.7,150,3,70.7,7901345.635
1.7,150,3,70.8,5577420.448
1.7,150,3,70.9,3718280.299
1.7,150,3,71,5577420.448
1.7,150,3,71.1,7901345.635
1.7,150,3,71.2,11619625.93
1.7,150,3,71.3,5577420.448
1.7,150,3,71.4,7436560.597
1.7,150,3,71.5,8366130.672
1.7,150,3,71.6,6042205.485
1.7,150,3,71.7,9760485.784
1.7,150,3,71.8,5112635.411
1.7,150,3,71.9,5577420.448
1.7,150,3,72,5112635.411
1.7,150,3,72.1,4183065.336
1.7,150,3,72.2,5112635.411
1.7,150,3,72.3,8366130.672
1.7,150,3,72.4,6042205.485
1.7,150,3,72.5,4647850.373
1.7,150,3,72.6,5577420.448
1.7,150,3,72.7,7436560.597
1.7,150,3,72.8,7436560.597
1.7,150,3,72.9,6971775.56
1.7,150,3,73,7436560.597
1.7,150,3,73.1,5577420.448
1.7,150,3,73.2,7901345.635
1.7,150,3,73.3,5577420.448
1.7,150,3,73.4,5112635.411
1.7,150,3,73.5,7901345.635
1.7,150,3,73.6,4647850.373
1.7,150,3,73.7,6042205.485
1.7,150,3,73.8,6042205.485
1.7,150,3,73.9,6042205.485
1.7,150,3,74,10690055.86
1.7,150,3,74.1,6042205.485
1.7,150,3,74.2,6971775.56
1.7,150,3,74.3,9295700.747
1.7,150,3,74.4,7901345.635
1.7,150,3,74.5,7901345.635
1.7,150,3,74.6,5577420.448
1.7,150,3,74.7,7436560.597
1.7,150,3,74.8,6042205.485
1.7,150,3,74.9,5112635.411
1.7,150,3,75,9760485.784
1.7,150,3,75.1,6042205.485
1.7,150,3,75.2,6506990.523
1.7,150,3,75.3,3718280.299
1.7,150,3,75.4,5577420.448
1.7,150,3,75.5,6971775.56
1.7,150,3,75.6,7436560.597
1.7,150,3,75.7,8830915.709
1.7,150,3,75.8,6042205.485
1.7,150,3,75.9,5577420.448
1.7,150,3,76,6506990.523
1.7,150,3,76.1,2788710.224
1.7,150,3,76.2,6042205.485
1.7,150,3,76.3,8366130.672
1.7,150,3,76.4,4183065.336
1.7,150,3,76.5,6971775.56
1.7,150,3,76.6,6971775.56
1.7,150,3,76.7,4647850.373
1.7,150,3,76.8,5112635.411
1.7,150,3,76.9,3253495.261
1.7,150,3,77,10690055.86
1.7,150,3,77.1,4647850.373
1.7,150,3,77.2,5577420.448
1.7,150,3,77.3,4183065.336
1.7,150,3,77.4,6042205.485
1.7,150,3,77.5,7436560.597
1.7,150,3,77.6,5577420.448
1.7,150,3,77.7,6971775.56
1.7,150,3,77.8,5112635.411
1.7,150,3,77.9,4183065.336
1.7,150,3,78,6042205.485
1.7,150,3,78.1,5577420.448
1.7,150,3,78.2,6971775.56
1.7,150,3,78.3,5112635.411
1.7,150,3,78.4,3718280.299
1.7,150,3,78.5,7436560.597
1.7,150,3,78.6,6506990.523
1.7,150,3,78.7,5577420.448
1.7,150,3,78.8,9760485.784
1.7,150,3,78.9,6506990.523
1.7,150,3,79,3718280.299
1.7,150,3,79.1,3718280.299
1.7,150,3,79.2,6506990.523
1.7,150,3,79.3,3718280.299
1.7,150,3,79.4,5577420.448
1.7,150,3,79.5,5577420.448
1.7,150,3,79.6,6971775.56
1.7,150,3,79.7,4183065.336
1.7,150,3,79.8,5577420.448
1.7,150,3,79.9,5577420.448
1.7,150,3,80,5577420.448
1.7,150,3,80.1,4183065.336
1.7,150,3,80.2,5577420.448
1.7,150,3,80.3,8366130.672
1.7,150,3,80.4,7436560.597
1.7,150,3,80.5,5577420.448
1.7,150,3,80.6,1859140.149
1.7,150,3,80.7,6506990.523
1.7,150,3,80.8,4183065.336
1.7,150,3,80.9,5577420.448
1.7,150,3,81,6506990.523
1.7,150,3,81.1,6971775.56
1.7,150,3,81.2,6042205.485
1.7,150,3,81.3,3253495.261
1.7,150,3,81.4,3253495.261
1.7,150,3,81.5,5577420.448
1.7,150,3,81.6,4647850.373
1.7,150,3,81.7,8830915.709
1.7,150,3,81.8,10690055.86
1.7,150,3,81.9,4647850.373
1.7,150,3,82,5577420.448
1.7,150,3,82.1,6042205.485
1.7,150,3,82.2,4183065.336
1.7,150,3,82.3,5577420.448
1.7,150,3,82.4,7901345.635
1.7,150,3,82.5,4647850.373
1.7,150,3,82.6,6506990.523
1.7,150,3,82.7,6971775.56
1.7,150,3,82.8,7436560.597
1.7,150,3,82.9,7436560.597
1.7,150,3,83,5577420.448
1.7,150,3,83.1,4183065.336
1.7,150,3,83.2,7436560.597
1.7,150,3,83.3,3253495.261
1.7,150,3,83.4,3253495.261
1.7,150,3,83.5,6042205.485
1.7,150,3,83.6,4183065.336
1.7,150,3,83.7,7436560.597
1.7,150,3,83.8,3718280.299
1.7,150,3,83.9,3718280.299
1.7,150,3,84,6971775.56
1.7,150,3,84.1,8830915.709
1.7,150,3,84.2,7901345.635
1.7,150,3,84.3,4647850.373
1.7,150,3,84.4,2323925.187
1.7,150,3,84.5,5112635.411
1.7,150,3,84.6,6971775.56
1.7,150,3,84.7,6971775.56
1.7,150,3,84.8,5577420.448
1.7,150,3,84.9,3253495.261
1.7,150,3,85,2788710.224
1.7,150,3,85.1,3718280.299
1.7,150,3,85.2,5577420.448
1.7,150,3,85.3,5112635.411
1.7,150,3,85.4,5112635.411
1.7,150,3,85.5,7436560.597
1.7,150,3,85.6,3253495.261
1.7,150,3,85.7,1859140.149
1.7,150,3,85.8,5112635.411
1.7,150,3,85.9,4183065.336
1.7,150,3,86,6042205.485
1.7,150,3,86.1,5112635.411
1.7,150,3,86.2,7436560.597
1.7,150,3,86.3,5577420.448
1.7,150,3,86.4,4183065.336
1.7,150,3,86.5,3718280.299
1.7,150,3,86.6,5577420.448
1.7,150,3,86.7,6506990.523
1.7,150,3,86.8,5577420.448
1.7,150,3,86.9,5577420.448
1.7,150,3,87,3718280.299
1.7,150,3,87.1,4647850.373
1.7,150,3,87.2,8366130.672
1.7,150,3,87.3,4647850.373
1.7,150,3,87.4,4647850.373
1.7,150,3,87.5,3253495.261
1.7,150,3,87.6,5577420.448
1.7,150,3,87.7,5577420.448
1.7,150,3,87.8,5112635.411
1.7,150,3,87.9,5577420.448
1.7,150,3,88,3253495.261
1.7,150,3,88.1,4183065.336
1.7,150,3,88.2,4183065.336
1.7,150,3,88.3,6506990.523
1.7,150,3,88.4,4183065.336
1.7,150,3,88.5,3253495.261
1.7,150,3,88.6,6971775.56
1.7,150,3,88.7,6506990.523
1.7,150,3,88.8,5577420.448
1.7,150,3,88.9,6506990.523
1.7,150,3,89,6971775.56
1.7,150,3,89.1,5112635.411
1.7,150,3,89.2,5577420.448
1.7,150,3,89.3,4183065.336
1.7,150,3,89.4,3253495.261
1.7,150,3,89.5,6042205.485
1.7,150,3,89.6,6506990.523
1.7,150,3,89.7,2323925.187
1.7,150,3,89.8,5577420.448
1.7,150,3,89.9,5112635.411
1.7,150,3,90,5577420.448
1.7,150,3,90.1,3718280.299
1.7,150,3,90.2,5112635.411
1.7,150,3,90.3,3253495.261
1.7,150,3,90.4,4647850.373
1.7,150,3,90.5,3718280.299
1.7,150,3,90.6,4183065.336
1.7,150,3,90.7,7901345.635
1.7,150,3,90.8,3253495.261
1.7,150,3,90.9,7901345.635
1.7,150,3,91,3718280.299
1.7,150,3,91.1,3718280.299
1.7,150,3,91.2,5577420.448
1.7,150,3,91.3,5112635.411
1.7,150,3,91.4,1859140.149
1.7,150,3,91.5,2788710.224
1.7,150,3,91.6,3718280.299
1.7,150,3,91.7,3718280.299
1.7,150,3,91.8,5112635.411
1.7,150,3,91.9,4647850.373
1.7,150,3,92,2788710.224
1.7,150,3,92.1,6506990.523
1.7,150,3,92.2,2788710.224
1.7,150,3,92.3,4647850.373
1.7,150,3,92.4,4183065.336
1.7,150,3,92.5,7901345.635
1.7,150,3,92.6,4647850.373
1.7,150,3,92.7,6971775.56
1.7,150,3,92.8,3718280.299
1.7,150,3,92.9,3253495.261
1.7,150,3,93,6506990.523
1.7,150,3,93.1,2788710.224
1.7,150,3,93.2,5112635.411
1.7,150,3,93.3,7901345.635
1.7,150,3,93.4,3718280.299
1.7,150,3,93.5,3718280.299
1.7,150,3,93.6,4647850.373
1.7,150,3,93.7,2788710.224
1.7,150,3,93.8,5577420.448
1.7,150,3,93.9,6042205.485
1.7,150,3,94,2788710.224
1.7,150,3,94.1,4183065.336
1.7,150,3,94.2,4647850.373
1.7,150,3,94.3,5112635.411
1.7,150,3,94.4,4183065.336
1.7,150,3,94.5,4183065.336
1.7,150,3,94.6,4183065.336
1.7,150,3,94.7,6042205.485
1.7,150,3,94.8,2323925.187
1.7,150,3,94.9,7436560.597
1.7,150,3,95,2323925.187
1.7,150,3,95.1,3253495.261
1.7,150,3,95.2,6971775.56
1.7,150,3,95.3,4183065.336
1.7,150,3,95.4,6971775.56
1.7,150,3,95.5,4647850.373
1.7,150,3,95.6,4183065.336
1.7,150,3,95.7,6971775.56
1.7,150,3,95.8,4183065.336
1.7,150,3,95.9,1394355.112
1.7,150,3,96,4183065.336
1.7,150,3,96.1,5577420.448
1.7,150,3,96.2,4183065.336
1.7,150,3,96.3,4183065.336
1.7,150,3,96.4,3718280.299
1.7,150,3,96.5,5577420.448
1.7,150,3,96.6,3718280.299
1.7,150,3,96.7,4183065.336
1.7,150,3,96.8,3718280.299
1.7,150,3,96.9,4183065.336
1.7,150,3,97,2323925.187
1.7,150,3,97.1,4647850.373
1.7,150,3,97.2,4183065.336
1.7,150,3,97.3,3253495.261
1.7,150,3,97.4,2323925.187
1.7,150,3,97.5,3253495.261
1.7,150,3,97.6,4183065.336
1.7,150,3,97.7,2788710.224
1.7,150,3,97.8,5577420.448
1.7,150,3,97.9,4647850.373
1.7,150,3,98,4183065.336
1.7,150,3,98.1,6042205.485
1.7,150,3,98.2,2788710.224
1.7,150,3,98.3,5577420.448
1.7,150,3,98.4,5112635.411
1.7,150,3,98.5,2323925.187
1.7,150,3,98.6,3718280.299
1.7,150,3,98.7,2788710.224
1.7,150,3,98.8,4183065.336
1.7,150,3,98.9,2788710.224
1.7,150,3,99,4647850.373
1.7,150,3,99.1,1394355.112
1.7,150,3,99.2,6506990.523
1.7,150,3,99.3,5577420.448
1.7,150,3,99.4,6042205.485
1.7,150,3,99.5,3718280.299
1.7,150,3,99.6,3718280.299
1.7,150,3,99.7,4183065.336
1.7,150,3,99.8,3718280.299
1.7,150,3,99.9,1394355.112
1.7,150,3,100,3253495.261
1.7,150,3,100.1,4183065.336
1.7,150,3,100.2,4647850.373
1.7,150,3,100.3,8366130.672
1.7,150,3,100.4,2323925.187
1.7,150,3,100.5,5577420.448
1.7,150,3,100.6,4647850.373
1.7,150,3,100.7,2323925.187
1.7,150,3,100.8,5112635.411
1.7,150,3,100.9,4647850.373
1.7,150,3,101,2323925.187
1.7,150,3,101.1,3718280.299
1.7,150,3,101.2,4183065.336
1.7,150,3,101.3,5577420.448
1.7,150,3,101.4,2788710.224
1.7,150,3,101.5,5112635.411
1.7,150,3,101.6,2788710.224
1.7,150,3,101.7,3718280.299
1.7,150,3,101.8,5577420.448
1.7,150,3,101.9,4647850.373
1.7,150,3,102,6506990.523
1.7,150,3,102.1,5577420.448
1.7,150,3,102.2,4183065.336
1.7,150,3,102.3,2323925.187
1.7,150,3,102.4,929570.0747
1.7,150,3,102.5,4647850.373
1.7,150,3,102.6,3718280.299
1.7,150,3,102.7,3718280.299
1.7,150,3,102.8,3718280.299
1.7,150,3,102.9,2788710.224
1.7,150,3,103,6506990.523
1.7,150,3,103.1,5577420.448
1.7,150,3,103.2,1394355.112
1.7,150,3,103.3,2788710.224
1.7,150,3,103.4,6506990.523
1.7,150,3,103.5,929570.0747
1.7,150,3,103.6,2788710.224
1.7,150,3,103.7,4183065.336
1.7,150,3,103.8,5577420.448
1.7,150,3,103.9,1859140.149
1.7,150,3,104,4647850.373
1.7,150,3,104.1,3253495.261
1.7,150,3,104.2,4183065.336
1.7,150,3,104.3,3253495.261
1.7,150,3,104.4,3718280.299
1.7,150,3,104.5,2788710.224
1.7,150,3,104.6,6042205.485
1.7,150,3,104.7,2788710.224
1.7,150,3,104.8,4647850.373
1.7,150,3,104.9,4183065.336
1.7,150,3,105,3718280.299
1.7,150,3,105.1,3718280.299
1.7,150,3,105.2,3253495.261
1.7,150,3,105.3,3718280.299
1.7,150,3,105.4,2323925.187
1.7,150,3,105.5,3253495.261
1.7,150,3,105.6,5577420.448
1.7,150,3,105.7,3718280.299
1.7,150,3,105.8,3253495.261
1.7,150,3,105.9,3718280.299
1.7,150,3,106,3718280.299
1.7,150,3,106.1,3253495.261
1.7,150,3,106.2,2323925.187
1.7,150,3,106.3,2788710.224
1.7,150,3,106.4,5112635.411
1.7,150,3,106.5,2788710.224
1.7,150,3,106.6,4183065.336
1.7,150,3,106.7,3718280.299
1.7,150,3,106.8,1859140.149
1.7,150,3,106.9,5577420.448
1.7,150,3,107,2323925.187
1.7,150,3,107.1,3253495.261
1.7,150,3,107.2,3253495.261
1.7,150,3,107.3,3718280.299
1.7,150,3,107.4,929570.0747
1.7,150,3,107.5,3253495.261
1.7,150,3,107.6,3253495.261
1.7,150,3,107.7,4647850.373
1.7,150,3,107.8,4183065.336
1.7,150,3,107.9,4647850.373
1.7,150,3,108,3718280.299
1.7,150,3,108.1,3718280.299
1.7,150,3,108.2,6042205.485
1.7,150,3,108.3,3718280.299
1.7,150,3,108.4,1859140.149
1.7,150,3,108.5,5112635.411
1.7,150,3,108.6,3253495.261
1.7,150,3,108.7,1859140.149
1.7,150,3,108.8,3718280.299
1.7,150,3,108.9,2323925.187
1.7,150,3,109,4183065.336
1.7,150,3,109.1,2788710.224
1.7,150,3,109.2,3253495.261
1.7,150,3,109.3,3253495.261
1.7,150,3,109.4,1859140.149
1.7,150,3,109.5,2323925.187
1.7,150,3,109.6,1859140.149
1.7,150,3,109.7,3253495.261
1.7,150,3,109.8,3253495.261
1.7,150,3,109.9,3718280.299
1.7,150,3,110,4647850.373
1.7,150,3,110.1,5577420.448
1.7,150,3,110.2,2323925.187
1.7,150,3,110.3,4183065.336
1.7,150,3,110.4,1859140.149
1.7,150,3,110.5,5577420.448
1.7,150,3,110.6,4183065.336
1.7,150,3,110.7,1859140.149
1.7,150,3,110.8,3253495.261
1.7,150,3,110.9,3253495.261
1.7,150,3,111,3718280.299
1.7,150,3,111.1,4183065.336
1.7,150,3,111.2,3718280.299
1.7,150,3,111.3,929570.0747
1.7,150,3,111.4,6971775.56
1.7,150,3,111.5,3718280.299
1.7,150,3,111.6,3253495.261
1.7,150,3,111.7,2788710.224
1.7,150,3,111.8,929570.0747
1.7,150,3,111.9,3718280.299
1.7,150,3,112,2323925.187
1.7,150,3,112.1,1394355.112
1.7,150,3,112.2,1394355.112
1.7,150,3,112.3,3718280.299
1.7,150,3,112.4,3718280.299
1.7,150,3,112.5,4183065.336
1.7,150,3,112.6,1859140.149
1.7,150,3,112.7,4647850.373
1.7,150,3,112.8,5112635.411
1.7,150,3,112.9,3253495.261
1.7,150,3,113,5112635.411
1.7,150,3,113.1,1394355.112
1.7,150,3,113.2,3718280.299
1.7,150,3,113.3,2323925.187
1.7,150,3,113.4,3253495.261
1.7,150,3,113.5,4647850.373
1.7,150,3,113.6,1394355.112
1.7,150,3,113.7,3253495.261
1.7,150,3,113.8,929570.0747
1.7,150,3,113.9,5577420.448
1.7,150,3,114,2788710.224
1.7,150,3,114.1,3718280.299
1.7,150,3,114.2,3718280.299
1.7,150,3,114.3,2323925.187
1.7,150,3,114.4,2788710.224
1.7,150,3,114.5,1859140.149
1.7,150,3,114.6,3718280.299
1.7,150,3,114.7,3253495.261
1.7,150,3,114.8,3253495.261
1.7,150,3,114.9,2788710.224
1.7,150,3,115,2788710.224
1.7,150,3,115.1,3253495.261
1.7,150,3,115.2,2323925.187
1.7,150,3,115.3,1859140.149
1.7,150,3,115.4,3718280.299
1.7,150,3,115.5,2788710.224
1.7,150,3,115.6,4647850.373
1.7,150,3,115.7,5577420.448
1.7,150,3,115.8,5112635.411
1.7,150,3,115.9,5112635.411
1.7,150,3,116,1394355.112
1.7,150,3,116.1,1859140.149
1.7,150,3,116.2,3253495.261
1.7,150,3,116.3,1859140.149
1.7,150,3,116.4,2788710.224
1.7,150,3,116.5,2323925.187
1.7,150,3,116.6,4183065.336
1.7,150,3,116.7,3253495.261
1.7,150,3,116.8,2323925.187
1.7,150,3,116.9,3253495.261
1.7,150,3,117,3718280.299
1.7,150,3,117.1,1859140.149
1.7,150,3,117.2,2323925.187
1.7,150,3,117.3,1859140.149
1.7,150,3,117.4,3718280.299
1.7,150,3,117.5,2788710.224
1.7,150,3,117.6,2788710.224
1.7,150,3,117.7,4183065.336
1.7,150,3,117.8,2788710.224
1.7,150,3,117.9,3253495.261
1.7,150,3,118,6042205.485
1.7,150,3,118.1,3253495.261
1.7,150,3,118.2,3718280.299
1.7,150,3,118.3,3253495.261
1.7,150,3,118.4,2323925.187
1.7,150,3,118.5,2323925.187
1.7,150,3,118.6,2788710.224
1.7,150,3,118.7,2323925.187
1.7,150,3,118.8,3253495.261
1.7,150,3,118.9,2788710.224
1.7,150,3,119,2788710.224
1.7,150,3,119.1,1859140.149
1.7,150,3,119.2,4183065.336
1.7,150,3,119.3,1859140.149
1.7,150,3,119.4,2788710.224
1.7,150,3,119.5,4183065.336
1.7,150,3,119.6,2788710.224
1.7,150,3,119.7,4183065.336
1.7,150,3,119.8,3718280.299
1.7,150,3,119.9,4183065.336
1.7,150,3,120,1859140.149
1.7,150,3,120.1,3253495.261
1.7,150,3,120.2,3253495.261
1.7,150,3,120.3,2323925.187
1.7,150,3,120.4,1394355.112
1.7,150,3,120.5,2788710.224
1.7,150,3,120.6,2323925.187
1.7,150,3,120.7,2788710.224
1.7,150,3,120.8,2323925.187
1.7,150,3,120.9,1859140.149
1.7,150,3,121,2323925.187
1.7,150,3,121.1,2323925.187
1.7,150,3,121.2,3718280.299
1.7,150,3,121.3,2323925.187
1.7,150,3,121.4,3253495.261
1.7,150,3,121.5,3253495.261
1.7,150,3,121.6,464785.0373
1.7,150,3,121.7,3253495.261
1.7,150,3,121.8,2323925.187
1.7,150,3,121.9,3718280.299
1.7,150,3,122,4183065.336
1.7,150,3,122.1,5112635.411
1.7,150,3,122.2,2788710.224
1.7,150,3,122.3,1859140.149
1.7,150,3,122.4,4183065.336
1.7,150,3,122.5,2323925.187
1.7,150,3,122.6,4183065.336
1.7,150,3,122.7,4647850.373
1.7,150,3,122.8,1859140.149
1.7,150,3,122.9,2323925.187
1.7,150,3,123,1859140.149
1.7,150,3,123.1,2323925.187
1.7,150,3,123.2,3253495.261
1.7,150,3,123.3,1859140.149
1.7,150,3,123.4,2323925.187
1.7,150,3,123.5,3253495.261
1.7,150,3,123.6,929570.0747
1.7,150,3,123.7,3718280.299
1.7,150,3,123.8,1859140.149
1.7,150,3,123.9,929570.0747
1.7,150,3,124,2323925.187
1.7,150,3,124.1,2788710.224
1.7,150,3,124.2,4647850.373
1.7,150,3,124.3,2788710.224
1.7,150,3,124.4,2323925.187
1.7,150,3,124.5,2323925.187
1.7,150,3,124.6,3253495.261
1.7,150,3,124.7,1859140.149
1.7,150,3,124.8,1859140.149
1.7,150,3,124.9,1394355.112
1.7,150,3,125,2323925.187
1.7,150,3,125.1,2323925.187
1.7,150,3,125.2,1859140.149
1.7,150,3,125.3,3253495.261
1.7,150,3,125.4,1859140.149
1.7,150,3,125.5,929570.0747
1.7,150,3,125.6,3253495.261
1.7,150,3,125.7,2788710.224
1.7,150,3,125.8,3253495.261
1.7,150,3,125.9,1859140.149
1.7,150,3,126,2788710.224
1.7,150,3,126.1,3253495.261
1.7,150,3,126.2,1859140.149
1.7,150,3,126.3,2323925.187
1.7,150,3,126.4,3253495.261
1.7,150,3,126.5,1859140.149
1.7,150,3,126.6,3253495.261
1.7,150,3,126.7,2788710.224
1.7,150,3,126.8,3253495.261
1.7,150,3,126.9,3253495.261
1.7,150,3,127,1859140.149
1.7,150,3,127.1,3718280.299
1.7,150,3,127.2,4183065.336
1.7,150,3,127.3,3253495.261
1.7,150,3,127.4,2788710.224
1.7,150,3,127.5,2323925.187
1.7,150,3,127.6,1859140.149
1.7,150,3,127.7,3718280.299
1.7,150,3,127.8,2323925.187
1.7,150,3,127.9,4647850.373
1.7,150,3,128,3718280.299
1.7,150,3,128.1,3253495.261
1.7,150,3,128.2,2788710.224
1.7,150,3,128.3,3718280.299
1.7,150,3,128.4,3253495.261
1.7,150,3,128.5,1394355.112
1.7,150,3,128.6,929570.0747
1.7,150,3,128.7,3718280.299
1.7,150,3,128.8,4647850.373
1.7,150,3,128.9,1859140.149
1.7,150,3,129,2323925.187
1.7,150,3,129.1,2323925.187
1.7,150,3,129.2,464785.0373
1.7,150,3,129.3,1394355.112
1.7,150,3,129.4,5112635.411
1.7,150,3,129.5,1394355.112
1.7,150,3,129.6,1394355.112
1.7,150,3,129.7,1859140.149
1.7,150,3,129.8,1859140.149
1.7,150,3,129.9,2323925.187
1.7,150,3,130,2788710.224
1.7,150,3,130.1,1394355.112
1.7,150,3,130.2,1859140.149
1.7,150,3,130.3,929570.0747
1.7,150,3,130.4,1394355.112
1.7,150,3,130.5,2788710.224
1.7,150,3,130.6,464785.0373
1.7,150,3,130.7,2788710.224
1.7,150,3,130.8,2788710.224
1.7,150,3,130.9,929570.0747
1.7,150,3,131,2788710.224
1.7,150,3,131.1,1394355.112
1.7,150,3,131.2,3718280.299
1.7,150,3,131.3,2323925.187
1.7,150,3,131.4,2323925.187
1.7,150,3,131.5,1859140.149
1.7,150,3,131.6,1859140.149
1.7,150,3,131.7,1394355.112
1.7,150,3,131.8,3253495.261
1.7,150,3,131.9,3253495.261
1.7,150,3,132,1394355.112
1.7,150,3,132.1,4183065.336
1.7,150,3,132.2,2788710.224
1.7,150,3,132.3,1394355.112
1.7,150,3,132.4,1859140.149
1.7,150,3,132.5,929570.0747
1.7,150,3,132.6,464785.0373
1.7,150,3,132.7,2323925.187
1.7,150,3,132.8,2323925.187
1.7,150,3,132.9,2323925.187
1.7,150,3,133,2788710.224
1.7,150,3,133.1,3718280.299
1.7,150,3,133.2,2323925.187
1.7,150,3,133.3,2323925.187
1.7,150,3,133.4,3253495.261
1.7,150,3,133.5,2788710.224
1.7,150,3,133.6,929570.0747
1.7,150,3,133.7,929570.0747
1.7,150,3,133.8,2323925.187
1.7,150,3,133.9,1394355.112
1.7,150,3,134,464785.0373
1.7,150,3,134.1,1394355.112
1.7,150,3,134.2,3253495.261
1.7,150,3,134.3,2788710.224
1.7,150,3,134.4,2788710.224
1.7,150,3,134.5,1859140.149
1.7,150,3,134.6,2323925.187
1.7,150,3,134.7,4647850.373
1.7,150,3,134.8,4647850.373
1.7,150,3,134.9,2323925.187
1.7,150,3,135,2323925.187
1.7,150,3,135.1,464785.0373
1.7,150,3,135.2,3253495.261
1.7,150,3,135.3,1394355.112
1.7,150,3,135.4,929570.0747
1.7,150,3,135.5,1394355.112
1.7,150,3,135.6,929570.0747
1.7,150,3,135.7,2323925.187
1.7,150,3,135.8,1859140.149
1.7,150,3,135.9,1394355.112
1.7,150,3,136,4183065.336
1.7,150,3,136.1,1394355.112
1.7,150,3,136.2,2788710.224
1.7,150,3,136.4,2323925.187
1.7,150,3,136.5,4183065.336
1.7,150,3,136.6,3253495.261
1.7,150,3,136.7,464785.0373
1.7,150,3,136.8,2323925.187
1.7,150,3,136.9,1394355.112
1.7,150,3,137,1394355.112
1.7,150,3,137.1,2788710.224
1.7,150,3,137.2,929570.0747
1.7,150,3,137.3,1394355.112
1.7,150,3,137.4,1859140.149
1.7,150,3,137.5,1859140.149
1.7,150,3,137.7,1394355.112
1.7,150,3,137.8,1859140.149
1.7,150,3,137.9,3253495.261
1.7,150,3,138,1394355.112
1.7,150,3,138.1,1394355.112
1.7,150,3,138.2,3718280.299
1.7,150,3,138.3,1394355.112
1.7,150,3,138.4,1859140.149
1.7,150,3,138.5,3253495.261
1.7,150,3,138.6,1859140.149
1.7,150,3,138.7,4183065.336
1.7,150,3,138.8,464785.0373
1.7,150,3,138.9,464785.0373
1.7,150,3,139,2788710.224
1.7,150,3,139.1,929570.0747
1.7,150,3,139.2,3253495.261
1.7,150,3,139.4,464785.0373
1.7,150,3,139.5,1394355.112
1.7,150,3,139.6,1394355.112
1.7,150,3,139.7,1394355.112
1.7,150,3,139.8,1394355.112
1.7,150,3,139.9,1859140.149
1.7,150,3,140,464785.0373
1.7,150,3,140.1,1859140.149
1.7,150,3,140.2,929570.0747
1.7,150,3,140.3,464785.0373
1.7,150,3,140.4,3253495.261
1.7,150,3,140.5,1859140.149
1.7,150,3,140.6,1394355.112
1.7,150,3,140.7,1394355.112
1.7,150,3,140.8,929570.0747
1.7,150,3,140.9,1394355.112
1.7,150,3,141,2788710.224
1.7,150,3,141.1,2788710.224
1.7,150,3,141.2,464785.0373
1.7,150,3,141.3,3718280.299
1.7,150,3,141.4,929570.0747
1.7,150,3,141.5,464785.0373
1.7,150,3,141.6,1394355.112
1.7,150,3,141.7,3253495.261
1.7,150,3,141.8,1859140.149
1.7,150,3,141.9,1394355.112
1.7,150,3,142,1394355.112
1.7,150,3,142.1,1394355.112
1.7,150,3,142.2,1394355.112
1.7,150,3,142.3,929570.0747
1.7,150,3,142.4,2788710.224
1.7,150,3,142.5,1394355.112
1.7,150,3,142.6,2788710.224
1.7,150,3,142.7,1394355.112
1.7,150,3,142.8,1394355.112
1.7,150,3,142.9,2788710.224
1.7,150,3,143,464785.0373
1.7,150,3,143.1,2788710.224
1.7,150,3,143.2,1394355.112
1.7,150,3,143.3,2323925.187
1.7,150,3,143.4,464785.0373
1.7,150,3,143.5,1394355.112
1.7,150,3,143.6,1394355.112
1.7,150,3,143.7,464785.0373
1.7,150,3,143.8,929570.0747
1.7,150,3,143.9,1859140.149
1.7,150,3,144.1,1394355.112
1.7,150,3,144.2,929570.0747
1.7,150,3,144.3,929570.0747
1.7,150,3,144.4,2323925.187
1.7,150,3,144.5,464785.0373
1.7,150,3,144.6,464785.0373
1.7,150,3,144.7,1394355.112
1.7,150,3,144.8,464785.0373
1.7,150,3,144.9,1859140.149
1.7,150,3,145,1394355.112
1.7,150,3,145.1,1394355.112
1.7,150,3,145.2,464785.0373
1.7,150,3,145.3,464785.0373
1.7,150,3,145.4,1859140.149
1.7,150,3,145.5,1394355.112
1.7,150,3,145.6,929570.0747
1.7,150,3,145.7,929570.0747
1.7,150,3,145.8,929570.0747
1.7,150,3,145.9,464785.0373
1.7,150,3,146,2323925.187
1.7,150,3,146.1,2323925.187
1.7,150,3,146.2,1394355.112
1.7,150,3,146.3,1859140.149
1.7,150,3,146.4,464785.0373
1.7,150,3,146.5,464785.0373
1.7,150,3,146.6,929570.0747
1.7,150,3,146.7,464785.0373
1.7,150,3,146.8,464785.0373
1.7,150,3,146.9,464785.0373
1.7,150,3,147,1394355.112
1.7,150,3,147.1,2323925.187
1.7,150,3,147.2,464785.0373
1.7,150,3,147.3,464785.0373
1.7,150,3,147.4,929570.0747
1.7,150,3,147.7,929570.0747
1.7,150,3,147.8,929570.0747
1.7,150,3,147.9,464785.0373
1.7,150,3,148,929570.0747
1.7,150,3,148.1,464785.0373
1.7,150,3,148.2,464785.0373
1.7,150,3,148.4,929570.0747
1.7,150,3,148.6,929570.0747
1.7,150,3,148.7,1394355.112
1.7,150,3,148.9,1394355.112
1.7,150,3,149,464785.0373
1.7,150,3,149.1,464785.0373
1.7,150,3,149.3,929570.0747
1.7,150,3,149.5,464785.0373
1.7,150,3,149.9,464785.0373
1.7,40,5,5.1,577358.8713
1.7,40,5,5.2,288679.4357
1.7,40,5,5.3,866038.307
1.7,40,5,5.5,288679.4357
1.7,40,5,5.6,866038.307
1.7,40,5,5.7,577358.8713
1.7,40,5,5.8,1154717.743
1.7,40,5,5.9,866038.307
1.7,40,5,6,577358.8713
1.7,40,5,6.1,2020756.05
1.7,40,5,6.2,3175473.792
1.7,40,5,6.3,2020756.05
1.7,40,5,6.4,1154717.743
1.7,40,5,6.5,3464153.228
1.7,40,5,6.6,2886794.357
1.7,40,5,6.7,4618870.97
1.7,40,5,6.8,5196229.842
1.7,40,5,6.9,2309435.485
1.7,40,5,7,4618870.97
1.7,40,5,7.1,5196229.842
1.7,40,5,7.2,4041512.099
1.7,40,5,7.3,4041512.099
1.7,40,5,7.4,17032086.7
1.7,40,5,7.5,6350947.584
1.7,40,5,7.6,7505665.327
1.7,40,5,7.7,6639627.02
1.7,40,5,7.8,9815100.812
1.7,40,5,7.9,8949062.505
1.7,40,5,8,8371703.634
1.7,40,5,8.1,8949062.505
1.7,40,5,8.2,8371703.634
1.7,40,5,8.3,39260403.25
1.7,40,5,8.4,239892611
1.7,40,5,8.5,11258497.99
1.7,40,5,8.6,12413215.73
1.7,40,5,8.7,9526421.377
1.7,40,5,8.8,12701895.17
1.7,40,5,8.9,9815100.812
1.7,40,5,9,14145292.35
1.7,40,5,9.1,11835856.86
1.7,40,5,9.2,12124536.3
1.7,40,5,9.3,12990574.6
1.7,40,5,9.4,8371703.634
1.7,40,5,9.5,19918881.06
1.7,40,5,9.6,20496239.93
1.7,40,5,9.7,187352953.7
1.7,40,5,9.8,24249072.6
1.7,40,5,9.9,25692469.77
1.7,40,5,10,94975534.33
1.7,40,5,10.1,17032086.7
1.7,40,5,10.2,8949062.505
1.7,40,5,10.3,5196229.842
1.7,40,5,10.4,5484909.277
1.7,40,5,10.5,2886794.357
1.7,40,5,10.6,3752832.664
1.7,40,5,10.7,5196229.842
1.7,40,5,10.8,5484909.277
1.7,40,5,10.9,6350947.584
1.7,40,5,11,5484909.277
1.7,40,5,11.1,4907550.406
1.7,40,5,11.2,5484909.277
1.7,40,5,11.3,25115110.9
1.7,40,5,11.4,8083024.198
1.7,40,5,11.5,6928306.456
1.7,40,5,11.6,4330191.535
1.7,40,5,11.7,9237741.941
1.7,40,5,11.8,6350947.584
1.7,40,5,11.9,6062268.149
1.7,40,5,12,2886794.357
1.7,40,5,12.1,3752832.664
1.7,40,5,12.2,2309435.485
1.7,40,5,12.3,4041512.099
1.7,40,5,12.4,2886794.357
1.7,40,5,12.5,3752832.664
1.7,40,5,12.6,4907550.406
1.7,40,5,12.7,3464153.228
1.7,40,5,12.8,3464153.228
1.7,40,5,12.9,4041512.099
1.7,40,5,13,2020756.05
1.7,40,5,13.1,5484909.277
1.7,40,5,13.2,4330191.535
1.7,40,5,13.3,5484909.277
1.7,40,5,13.4,5484909.277
1.7,40,5,13.5,5484909.277
1.7,40,5,13.6,6062268.149
1.7,40,5,13.7,4618870.97
1.7,40,5,13.8,2886794.357
1.7,40,5,13.9,6350947.584
1.7,40,5,14,4907550.406
1.7,40,5,14.1,5484909.277
1.7,40,5,14.2,6928306.456
1.7,40,5,14.3,6928306.456
1.7,40,5,14.4,4907550.406
1.7,40,5,14.5,7216985.891
1.7,40,5,14.6,6062268.149
1.7,40,5,14.7,5196229.842
1.7,40,5,14.8,6639627.02
1.7,40,5,14.9,5196229.842
1.7,40,5,15,7794344.763
1.7,40,5,15.1,6350947.584
1.7,40,5,15.2,6350947.584
1.7,40,5,15.3,6350947.584
1.7,40,5,15.4,8083024.198
1.7,40,5,15.5,8083024.198
1.7,40,5,15.6,7505665.327
1.7,40,5,15.7,6639627.02
1.7,40,5,15.8,4330191.535
1.7,40,5,15.9,5196229.842
1.7,40,5,16,6639627.02
1.7,40,5,16.1,10103780.25
1.7,40,5,16.2,7505665.327
1.7,40,5,16.3,8949062.505
1.7,40,5,16.4,7216985.891
1.7,40,5,16.5,8371703.634
1.7,40,5,16.6,8371703.634
1.7,40,5,16.7,6928306.456
1.7,40,5,16.8,6639627.02
1.7,40,5,16.9,8371703.634
1.7,40,5,17,8083024.198
1.7,40,5,17.1,8949062.505
1.7,40,5,17.2,6928306.456
1.7,40,5,17.3,8083024.198
1.7,40,5,17.4,4618870.97
1.7,40,5,17.5,7216985.891
1.7,40,5,17.6,7794344.763
1.7,40,5,17.7,10103780.25
1.7,40,5,17.8,7216985.891
1.7,40,5,17.9,8660383.07
1.7,40,5,18,9237741.941
1.7,40,5,18.1,8949062.505
1.7,40,5,18.2,8083024.198
1.7,40,5,18.3,9526421.377
1.7,40,5,18.4,8371703.634
1.7,40,5,18.5,10103780.25
1.7,40,5,18.6,8371703.634
1.7,40,5,18.7,10103780.25
1.7,40,5,18.8,3752832.664
1.7,40,5,18.9,7794344.763
1.7,40,5,19,6062268.149
1.7,40,5,19.1,5196229.842
1.7,40,5,19.2,8371703.634
1.7,40,5,19.3,9815100.812
1.7,40,5,19.4,7216985.891
1.7,40,5,19.5,6639627.02
1.7,40,5,19.6,6928306.456
1.7,40,5,19.7,7505665.327
1.7,40,5,19.8,9815100.812
1.7,40,5,19.9,9815100.812
1.7,40,5,20,7794344.763
1.7,40,5,20.1,6350947.584
1.7,40,5,20.2,4907550.406
1.7,40,5,20.3,7216985.891
1.7,40,5,20.4,7794344.763
1.7,40,5,20.5,9815100.812
1.7,40,5,20.6,10103780.25
1.7,40,5,20.7,6062268.149
1.7,40,5,20.8,6639627.02
1.7,40,5,20.9,7794344.763
1.7,40,5,21,6062268.149
1.7,40,5,21.1,11547177.43
1.7,40,5,21.2,5484909.277
1.7,40,5,21.3,5773588.713
1.7,40,5,21.4,7216985.891
1.7,40,5,21.5,7794344.763
1.7,40,5,21.6,8371703.634
1.7,40,5,21.7,5196229.842
1.7,40,5,21.8,8083024.198
1.7,40,5,21.9,9237741.941
1.7,40,5,22,8083024.198
1.7,40,5,22.1,9815100.812
1.7,40,5,22.2,8083024.198
1.7,40,5,22.3,6350947.584
1.7,40,5,22.4,8660383.07
1.7,40,5,22.5,7216985.891
1.7,40,5,22.6,6639627.02
1.7,40,5,22.7,8371703.634
1.7,40,5,22.8,7216985.891
1.7,40,5,22.9,7216985.891
1.7,40,5,23,8660383.07
1.7,40,5,23.1,5773588.713
1.7,40,5,23.2,5773588.713
1.7,40,5,23.3,4907550.406
1.7,40,5,23.4,8949062.505
1.7,40,5,23.5,8660383.07
1.7,40,5,23.6,4907550.406
1.7,40,5,23.7,8083024.198
1.7,40,5,23.8,7216985.891
1.7,40,5,23.9,8660383.07
1.7,40,5,24,7794344.763
1.7,40,5,24.1,4041512.099
1.7,40,5,24.2,8660383.07
1.7,40,5,24.3,6350947.584
1.7,40,5,24.4,7505665.327
1.7,40,5,24.5,6639627.02
1.7,40,5,24.6,6639627.02
1.7,40,5,24.7,6928306.456
1.7,40,5,24.8,8371703.634
1.7,40,5,24.9,5196229.842
1.7,40,5,25,4907550.406
1.7,40,5,25.1,8371703.634
1.7,40,5,25.2,5773588.713
1.7,40,5,25.3,8949062.505
1.7,40,5,25.4,8083024.198
1.7,40,5,25.5,4618870.97
1.7,40,5,25.6,4907550.406
1.7,40,5,25.7,8660383.07
1.7,40,5,25.8,7216985.891
1.7,40,5,25.9,7505665.327
1.7,40,5,26,7794344.763
1.7,40,5,26.1,7794344.763
1.7,40,5,26.2,5773588.713
1.7,40,5,26.3,4618870.97
1.7,40,5,26.4,5196229.842
1.7,40,5,26.5,5484909.277
1.7,40,5,26.6,8083024.198
1.7,40,5,26.7,6350947.584
1.7,40,5,26.8,7794344.763
1.7,40,5,26.9,6350947.584
1.7,40,5,27,5196229.842
1.7,40,5,27.1,7794344.763
1.7,40,5,27.2,8083024.198
1.7,40,5,27.3,6062268.149
1.7,40,5,27.4,4330191.535
1.7,40,5,27.5,6928306.456
1.7,40,5,27.6,5484909.277
1.7,40,5,27.7,6350947.584
1.7,40,5,27.8,6350947.584
1.7,40,5,27.9,8371703.634
1.7,40,5,28,8371703.634
1.7,40,5,28.1,4618870.97
1.7,40,5,28.2,4330191.535
1.7,40,5,28.3,6928306.456
1.7,40,5,28.4,3752832.664
1.7,40,5,28.5,7216985.891
1.7,40,5,28.6,4330191.535
1.7,40,5,28.7,6062268.149
1.7,40,5,28.8,3752832.664
1.7,40,5,28.9,3752832.664
1.7,40,5,29,7505665.327
1.7,40,5,29.1,6062268.149
1.7,40,5,29.2,5773588.713
1.7,40,5,29.3,5196229.842
1.7,40,5,29.4,6350947.584
1.7,40,5,29.5,3175473.792
1.7,40,5,29.6,5484909.277
1.7,40,5,29.7,4907550.406
1.7,40,5,29.8,4618870.97
1.7,40,5,29.9,4330191.535
1.7,40,5,30,5773588.713
1.7,40,5,30.1,5196229.842
1.7,40,5,30.2,5196229.842
1.7,40,5,30.3,3175473.792
1.7,40,5,30.4,6062268.149
1.7,40,5,30.5,5484909.277
1.7,40,5,30.6,6928306.456
1.7,40,5,30.7,4618870.97
1.7,40,5,30.8,3464153.228
1.7,40,5,30.9,2886794.357
1.7,40,5,31,3752832.664
1.7,40,5,31.1,4907550.406
1.7,40,5,31.2,3752832.664
1.7,40,5,31.3,4618870.97
1.7,40,5,31.4,4330191.535
1.7,40,5,31.5,3175473.792
1.7,40,5,31.6,4041512.099
1.7,40,5,31.7,6639627.02
1.7,40,5,31.8,4618870.97
1.7,40,5,31.9,2598114.921
1.7,40,5,32,4041512.099
1.7,40,5,32.1,3464153.228
1.7,40,5,32.2,5484909.277
1.7,40,5,32.3,3464153.228
1.7,40,5,32.4,4041512.099
1.7,40,5,32.5,4330191.535
1.7,40,5,32.6,3752832.664
1.7,40,5,32.7,2598114.921
1.7,40,5,32.8,4041512.099
1.7,40,5,32.9,5484909.277
1.7,40,5,33,4330191.535
1.7,40,5,33.1,6062268.149
1.7,40,5,33.2,4041512.099
1.7,40,5,33.3,4041512.099
1.7,40,5,33.4,4041512.099
1.7,40,5,33.5,3175473.792
1.7,40,5,33.6,3752832.664
1.7,40,5,33.7,4041512.099
1.7,40,5,33.8,3175473.792
1.7,40,5,33.9,3752832.664
1.7,40,5,34,3752832.664
1.7,40,5,34.1,4330191.535
1.7,40,5,34.2,3175473.792
1.7,40,5,34.3,4618870.97
1.7,40,5,34.4,4330191.535
1.7,40,5,34.5,4330191.535
1.7,40,5,34.6,4041512.099
1.7,40,5,34.7,6062268.149
1.7,40,5,34.8,4618870.97
1.7,40,5,34.9,1443397.178
1.7,40,5,35,3175473.792
1.7,40,5,35.1,2598114.921
1.7,40,5,35.2,2020756.05
1.7,40,5,35.3,2886794.357
1.7,40,5,35.4,2309435.485
1.7,40,5,35.5,3175473.792
1.7,40,5,35.6,3175473.792
1.7,40,5,35.7,3752832.664
1.7,40,5,35.8,2598114.921
1.7,40,5,35.9,1732076.614
1.7,40,5,36,4330191.535
1.7,40,5,36.1,4041512.099
1.7,40,5,36.2,866038.307
1.7,40,5,36.3,1732076.614
1.7,40,5,36.4,2886794.357
1.7,40,5,36.5,2886794.357
1.7,40,5,36.6,1732076.614
1.7,40,5,36.7,2309435.485
1.7,40,5,36.8,1732076.614
1.7,40,5,36.9,2886794.357
1.7,40,5,37,2020756.05
1.7,40,5,37.1,1443397.178
1.7,40,5,37.2,1732076.614
1.7,40,5,37.3,2309435.485
1.7,40,5,37.4,1154717.743
1.7,40,5,37.5,2309435.485
1.7,40,5,37.6,1732076.614
1.7,40,5,37.7,2020756.05
1.7,40,5,37.8,2309435.485
1.7,40,5,37.9,1443397.178
1.7,40,5,38,1732076.614
1.7,40,5,38.1,2309435.485
1.7,40,5,38.2,866038.307
1.7,40,5,38.3,866038.307
1.7,40,5,38.4,1154717.743
1.7,40,5,38.5,866038.307
1.7,40,5,38.6,2309435.485
1.7,40,5,38.7,1443397.178
1.7,40,5,38.8,866038.307
1.7,40,5,38.9,1154717.743
1.7,40,5,39,866038.307
1.7,40,5,39.1,288679.4357
1.7,40,5,39.2,866038.307
1.7,40,5,39.3,1154717.743
1.7,40,5,39.4,1443397.178
1.7,40,5,39.5,577358.8713
1.7,40,5,39.6,866038.307
1.7,40,5,39.9,866038.307
1.7,40,5,40,288679.4357
1.7,80,5,3.9,460635.1709
1.7,80,5,4.1,460635.1709
1.7,80,5,4.3,460635.1709
1.7,80,5,4.5,460635.1709
1.7,80,5,4.6,1381905.513
1.7,80,5,4.7,1842540.684
1.7,80,5,4.8,460635.1709
1.7,80,5,4.9,1381905.513
1.7,80,5,5,1842540.684
1.7,80,5,5.1,1842540.684
1.7,80,5,5.2,3685081.367
1.7,80,5,5.3,2303175.855
1.7,80,5,5.4,4145716.538
1.7,80,5,5.5,1381905.513
1.7,80,5,5.6,7370162.735
1.7,80,5,5.7,3224446.196
1.7,80,5,5.8,11055244.1
1.7,80,5,5.9,4606351.709
1.7,80,5,6,5988257.222
1.7,80,5,6.1,6448892.393
1.7,80,5,6.2,9212703.419
1.7,80,5,6.3,8752068.248
1.7,80,5,6.4,15200960.64
1.7,80,5,6.5,12437149.61
1.7,80,5,6.6,12897784.79
1.7,80,5,6.7,10594608.93
1.7,80,5,6.8,14279690.3
1.7,80,5,6.9,14740325.47
1.7,80,5,7,19346677.18
1.7,80,5,7.1,22110488.2
1.7,80,5,7.2,22571123.38
1.7,80,5,7.3,19346677.18
1.7,80,5,7.4,59882572.22
1.7,80,5,7.5,18425406.84
1.7,80,5,7.6,22110488.2
1.7,80,5,7.7,19807312.35
1.7,80,5,7.8,28559380.6
1.7,80,5,7.9,30401921.28
1.7,80,5,8,28559380.6
1.7,80,5,8.1,29480650.94
1.7,80,5,8.2,31783826.79
1.7,80,5,8.3,168592472.6
1.7,80,5,8.4,1088941544
1.7,80,5,8.5,26716839.91
1.7,80,5,8.6,30862556.45
1.7,80,5,8.7,39153989.53
1.7,80,5,8.8,50669868.8
1.7,80,5,8.9,37311448.84
1.7,80,5,9,39614624.7
1.7,80,5,9.1,35468908.16
1.7,80,5,9.2,34087002.65
1.7,80,5,9.3,29941286.11
1.7,80,5,9.4,44220976.41
1.7,80,5,9.5,82453695.6
1.7,80,5,9.6,69555910.81
1.7,80,5,9.7,743465165.9
1.7,80,5,9.8,93048304.53
1.7,80,5,9.9,87060047.3
1.7,80,5,10,373575123.6
1.7,80,5,10.1,46984787.43
1.7,80,5,10.2,41457165.38
1.7,80,5,10.3,19346677.18
1.7,80,5,10.4,15661595.81
1.7,80,5,10.5,16582866.15
1.7,80,5,10.6,17964771.67
1.7,80,5,10.7,18886042.01
1.7,80,5,10.8,17504136.5
1.7,80,5,10.9,20728582.69
1.7,80,5,11,22110488.2
1.7,80,5,11.1,20728582.69
1.7,80,5,11.2,28559380.6
1.7,80,5,11.3,113316252
1.7,80,5,11.4,24874299.23
1.7,80,5,11.5,22571123.38
1.7,80,5,11.6,18425406.84
1.7,80,5,11.7,25795569.57
1.7,80,5,11.8,11515879.27
1.7,80,5,11.9,14279690.3
1.7,80,5,12,23492393.72
1.7,80,5,12.1,21189217.86
1.7,80,5,12.2,13819055.13
1.7,80,5,12.3,19346677.18
1.7,80,5,12.4,12897784.79
1.7,80,5,12.5,12897784.79
1.7,80,5,12.6,16122230.98
1.7,80,5,12.7,18425406.84
1.7,80,5,12.8,15661595.81
1.7,80,5,12.9,17964771.67
1.7,80,5,13,16122230.98
1.7,80,5,13.1,15661595.81
1.7,80,5,13.2,18425406.84
1.7,80,5,13.3,15661595.81
1.7,80,5,13.4,24413664.06
1.7,80,5,13.5,19346677.18
1.7,80,5,13.6,16582866.15
1.7,80,5,13.7,17043501.32
1.7,80,5,13.8,16582866.15
1.7,80,5,13.9,21189217.86
1.7,80,5,14,20728582.69
1.7,80,5,14.1,19807312.35
1.7,80,5,14.2,19346677.18
1.7,80,5,14.3,17964771.67
1.7,80,5,14.4,22571123.38
1.7,80,5,14.5,22571123.38
1.7,80,5,14.6,24413664.06
1.7,80,5,14.7,25334934.4
1.7,80,5,14.8,22110488.2
1.7,80,5,14.9,24874299.23
1.7,80,5,15,19807312.35
1.7,80,5,15.1,19346677.18
1.7,80,5,15.2,26256204.74
1.7,80,5,15.3,23031758.55
1.7,80,5,15.4,22110488.2
1.7,80,5,15.5,23492393.72
1.7,80,5,15.6,26256204.74
1.7,80,5,15.7,21189217.86
1.7,80,5,15.8,20728582.69
1.7,80,5,15.9,21649853.03
1.7,80,5,16,20728582.69
1.7,80,5,16.1,22571123.38
1.7,80,5,16.2,29020015.77
1.7,80,5,16.3,19346677.18
1.7,80,5,16.4,24413664.06
1.7,80,5,16.5,19807312.35
1.7,80,5,16.6,26256204.74
1.7,80,5,16.7,22571123.38
1.7,80,5,16.8,28098745.43
1.7,80,5,16.9,28098745.43
1.7,80,5,17,25795569.57
1.7,80,5,17.1,26256204.74
1.7,80,5,17.2,23031758.55
1.7,80,5,17.3,24413664.06
1.7,80,5,17.4,23031758.55
1.7,80,5,17.5,23031758.55
1.7,80,5,17.6,25334934.4
1.7,80,5,17.7,24874299.23
1.7,80,5,17.8,23492393.72
1.7,80,5,17.9,20267947.52
1.7,80,5,18,23031758.55
1.7,80,5,18.1,23492393.72
1.7,80,5,18.2,25795569.57
1.7,80,5,18.3,29020015.77
1.7,80,5,18.4,23953028.89
1.7,80,5,18.5,24874299.23
1.7,80,5,18.6,24413664.06
1.7,80,5,18.7,22110488.2
1.7,80,5,18.8,24413664.06
1.7,80,5,18.9,23492393.72
1.7,80,5,19,19346677.18
1.7,80,5,19.1,22571123.38
1.7,80,5,19.2,26716839.91
1.7,80,5,19.3,30862556.45
1.7,80,5,19.4,23031758.55
1.7,80,5,19.5,27638110.26
1.7,80,5,19.6,18886042.01
1.7,80,5,19.7,25334934.4
1.7,80,5,19.8,22110488.2
1.7,80,5,19.9,21189217.86
1.7,80,5,20,26716839.91
1.7,80,5,20.1,27638110.26
1.7,80,5,20.2,24874299.23
1.7,80,5,20.3,22571123.38
1.7,80,5,20.4,25334934.4
1.7,80,5,20.5,39614624.7
1.7,80,5,20.6,25795569.57
1.7,80,5,20.7,20728582.69
1.7,80,5,20.8,27177475.08
1.7,80,5,20.9,30862556.45
1.7,80,5,21,19807312.35
1.7,80,5,21.1,19346677.18
1.7,80,5,21.2,28098745.43
1.7,80,5,21.3,25795569.57
1.7,80,5,21.4,23492393.72
1.7,80,5,21.5,26716839.91
1.7,80,5,21.6,17504136.5
1.7,80,5,21.7,16122230.98
1.7,80,5,21.8,27177475.08
1.7,80,5,21.9,27638110.26
1.7,80,5,22,22571123.38
1.7,80,5,22.1,22110488.2
1.7,80,5,22.2,28559380.6
1.7,80,5,22.3,20728582.69
1.7,80,5,22.4,26716839.91
1.7,80,5,22.5,27177475.08
1.7,80,5,22.6,19807312.35
1.7,80,5,22.7,19807312.35
1.7,80,5,22.8,26256204.74
1.7,80,5,22.9,27638110.26
1.7,80,5,23,23953028.89
1.7,80,5,23.1,19346677.18
1.7,80,5,23.2,20267947.52
1.7,80,5,23.3,23031758.55
1.7,80,5,23.4,27177475.08
1.7,80,5,23.5,18425406.84
1.7,80,5,23.6,22110488.2
1.7,80,5,23.7,21189217.86
1.7,80,5,23.8,23492393.72
1.7,80,5,23.9,22571123.38
1.7,80,5,24,22110488.2
1.7,80,5,24.1,24413664.06
1.7,80,5,24.2,31783826.79
1.7,80,5,24.3,17043501.32
1.7,80,5,24.4,28098745.43
1.7,80,5,24.5,27177475.08
1.7,80,5,24.6,27177475.08
1.7,80,5,24.7,17504136.5
1.7,80,5,24.8,16122230.98
1.7,80,5,24.9,19807312.35
1.7,80,5,25,27177475.08
1.7,80,5,25.1,23492393.72
1.7,80,5,25.2,27638110.26
1.7,80,5,25.3,22571123.38
1.7,80,5,25.4,20728582.69
1.7,80,5,25.5,23031758.55
1.7,80,5,25.6,19346677.18
1.7,80,5,25.7,21189217.86
1.7,80,5,25.8,23492393.72
1.7,80,5,25.9,22110488.2
1.7,80,5,26,22110488.2
1.7,80,5,26.1,23031758.55
1.7,80,5,26.2,22571123.38
1.7,80,5,26.3,26716839.91
1.7,80,5,26.4,24413664.06
1.7,80,5,26.5,23953028.89
1.7,80,5,26.6,21649853.03
1.7,80,5,26.7,18425406.84
1.7,80,5,26.8,25334934.4
1.7,80,5,26.9,19346677.18
1.7,80,5,27,28098745.43
1.7,80,5,27.1,22571123.38
1.7,80,5,27.2,21649853.03
1.7,80,5,27.3,16582866.15
1.7,80,5,27.4,24413664.06
1.7,80,5,27.5,21189217.86
1.7,80,5,27.6,25795569.57
1.7,80,5,27.7,21649853.03
1.7,80,5,27.8,22110488.2
1.7,80,5,27.9,20267947.52
1.7,80,5,28,20267947.52
1.7,80,5,28.1,18886042.01
1.7,80,5,28.2,24874299.23
1.7,80,5,28.3,18425406.84
1.7,80,5,28.4,14740325.47
1.7,80,5,28.5,20728582.69
1.7,80,5,28.6,23031758.55
1.7,80,5,28.7,19346677.18
1.7,80,5,28.8,19346677.18
1.7,80,5,28.9,19346677.18
1.7,80,5,29,21189217.86
1.7,80,5,29.1,20267947.52
1.7,80,5,29.2,18425406.84
1.7,80,5,29.3,19346677.18
1.7,80,5,29.4,20728582.69
1.7,80,5,29.5,17964771.67
1.7,80,5,29.6,17504136.5
1.7,80,5,29.7,21189217.86
1.7,80,5,29.8,11055244.1
1.7,80,5,29.9,19807312.35
1.7,80,5,30,14279690.3
1.7,80,5,30.1,15200960.64
1.7,80,5,30.2,22110488.2
1.7,80,5,30.3,17043501.32
1.7,80,5,30.4,18425406.84
1.7,80,5,30.5,20267947.52
1.7,80,5,30.6,17964771.67
1.7,80,5,30.7,17043501.32
1.7,80,5,30.8,24874299.23
1.7,80,5,30.9,20728582.69
1.7,80,5,31,16122230.98
1.7,80,5,31.1,16122230.98
1.7,80,5,31.2,14740325.47
1.7,80,5,31.3,15200960.64
1.7,80,5,31.4,17504136.5
1.7,80,5,31.5,16122230.98
1.7,80,5,31.6,15200960.64
1.7,80,5,31.7,15661595.81
1.7,80,5,31.8,17043501.32
1.7,80,5,31.9,18886042.01
1.7,80,5,32,17964771.67
1.7,80,5,32.1,12897784.79
1.7,80,5,32.2,18886042.01
1.7,80,5,32.3,17504136.5
1.7,80,5,32.4,15200960.64
1.7,80,5,32.5,12437149.61
1.7,80,5,32.6,16122230.98
1.7,80,5,32.7,21189217.86
1.7,80,5,32.8,13819055.13
1.7,80,5,32.9,17964771.67
1.7,80,5,33,14740325.47
1.7,80,5,33.1,16582866.15
1.7,80,5,33.2,17043501.32
1.7,80,5,33.3,14740325.47
1.7,80,5,33.4,18886042.01
1.7,80,5,33.5,15661595.81
1.7,80,5,33.6,15661595.81
1.7,80,5,33.7,15200960.64
1.7,80,5,33.8,17964771.67
1.7,80,5,33.9,16122230.98
1.7,80,5,34,15200960.64
1.7,80,5,34.1,17964771.67
1.7,80,5,34.2,20267947.52
1.7,80,5,34.3,14279690.3
1.7,80,5,34.4,14279690.3
1.7,80,5,34.5,16122230.98
1.7,80,5,34.6,15661595.81
1.7,80,5,34.7,13819055.13
1.7,80,5,34.8,18425406.84
1.7,80,5,34.9,16122230.98
1.7,80,5,35,13819055.13
1.7,80,5,35.1,14740325.47
1.7,80,5,35.2,18886042.01
1.7,80,5,35.3,16122230.98
1.7,80,5,35.4,13358419.96
1.7,80,5,35.5,13819055.13
1.7,80,5,35.6,17043501.32
1.7,80,5,35.7,13358419.96
1.7,80,5,35.8,15200960.64
1.7,80,5,35.9,14740325.47
1.7,80,5,36,14740325.47
1.7,80,5,36.1,13819055.13
1.7,80,5,36.2,20267947.52
1.7,80,5,36.3,15200960.64
1.7,80,5,36.4,15200960.64
1.7,80,5,36.5,15200960.64
1.7,80,5,36.6,13819055.13
1.7,80,5,36.7,19807312.35
1.7,80,5,36.8,18425406.84
1.7,80,5,36.9,13358419.96
1.7,80,5,37,9212703.419
1.7,80,5,37.1,10133973.76
1.7,80,5,37.2,12897784.79
1.7,80,5,37.3,11515879.27
1.7,80,5,37.4,14740325.47
1.7,80,5,37.5,14279690.3
1.7,80,5,37.6,14279690.3
1.7,80,5,37.7,9212703.419
1.7,80,5,37.8,12437149.61
1.7,80,5,37.9,16582866.15
1.7,80,5,38,12897784.79
1.7,80,5,38.1,13358419.96
1.7,80,5,38.2,15661595.81
1.7,80,5,38.3,13819055.13
1.7,80,5,38.4,14740325.47
1.7,80,5,38.5,16122230.98
1.7,80,5,38.6,11515879.27
1.7,80,5,38.7,11976514.44
1.7,80,5,38.8,11055244.1
1.7,80,5,38.9,10594608.93
1.7,80,5,39,12437149.61
1.7,80,5,39.1,12437149.61
1.7,80,5,39.2,12437149.61
1.7,80,5,39.3,15661595.81
1.7,80,5,39.4,11515879.27
1.7,80,5,39.5,11055244.1
1.7,80,5,39.6,11515879.27
1.7,80,5,39.7,13358419.96
1.7,80,5,39.8,10133973.76
1.7,80,5,39.9,13819055.13
1.7,80,5,40,13358419.96
1.7,80,5,40.1,12897784.79
1.7,80,5,40.2,14279690.3
1.7,80,5,40.3,7370162.735
1.7,80,5,40.4,12897784.79
1.7,80,5,40.5,13358419.96
1.7,80,5,40.6,11515879.27
1.7,80,5,40.7,11055244.1
1.7,80,5,40.8,13358419.96
1.7,80,5,40.9,11976514.44
1.7,80,5,41,7830797.906
1.7,80,5,41.1,11055244.1
1.7,80,5,41.2,13358419.96
1.7,80,5,41.3,12897784.79
1.7,80,5,41.4,11515879.27
1.7,80,5,41.5,13358419.96
1.7,80,5,41.6,13819055.13
1.7,80,5,41.7,12437149.61
1.7,80,5,41.8,13819055.13
1.7,80,5,41.9,7370162.735
1.7,80,5,42,11976514.44
1.7,80,5,42.1,11055244.1
1.7,80,5,42.2,9212703.419
1.7,80,5,42.3,9212703.419
1.7,80,5,42.4,10594608.93
1.7,80,5,42.5,12437149.61
1.7,80,5,42.6,10133973.76
1.7,80,5,42.7,8752068.248
1.7,80,5,42.8,10594608.93
1.7,80,5,42.9,14740325.47
1.7,80,5,43,8291433.077
1.7,80,5,43.1,11055244.1
1.7,80,5,43.2,8752068.248
1.7,80,5,43.3,10133973.76
1.7,80,5,43.4,10133973.76
1.7,80,5,43.5,6909527.564
1.7,80,5,43.6,11055244.1
1.7,80,5,43.7,14279690.3
1.7,80,5,43.8,9212703.419
1.7,80,5,43.9,13819055.13
1.7,80,5,44,12897784.79
1.7,80,5,44.1,12437149.61
1.7,80,5,44.2,11515879.27
1.7,80,5,44.3,8752068.248
1.7,80,5,44.4,13358419.96
1.7,80,5,44.5,8291433.077
1.7,80,5,44.6,9212703.419
1.7,80,5,44.7,14279690.3
1.7,80,5,44.8,14279690.3
1.7,80,5,44.9,10133973.76
1.7,80,5,45,12437149.61
1.7,80,5,45.1,9673338.589
1.7,80,5,45.2,12437149.61
1.7,80,5,45.3,11055244.1
1.7,80,5,45.4,14740325.47
1.7,80,5,45.5,10594608.93
1.7,80,5,45.6,10133973.76
1.7,80,5,45.7,11055244.1
1.7,80,5,45.8,12897784.79
1.7,80,5,45.9,12437149.61
1.7,80,5,46,6448892.393
1.7,80,5,46.1,10133973.76
1.7,80,5,46.2,12437149.61
1.7,80,5,46.3,10594608.93
1.7,80,5,46.4,14740325.47
1.7,80,5,46.5,5527622.051
1.7,80,5,46.6,11055244.1
1.7,80,5,46.7,9212703.419
1.7,80,5,46.8,5527622.051
1.7,80,5,46.9,9212703.419
1.7,80,5,47,9212703.419
1.7,80,5,47.1,7830797.906
1.7,80,5,47.2,9673338.589
1.7,80,5,47.3,5988257.222
1.7,80,5,47.4,12897784.79
1.7,80,5,47.5,7830797.906
1.7,80,5,47.6,10594608.93
1.7,80,5,47.7,7830797.906
1.7,80,5,47.8,12897784.79
1.7,80,5,47.9,12437149.61
1.7,80,5,48,10133973.76
1.7,80,5,48.1,8291433.077
1.7,80,5,48.2,11976514.44
1.7,80,5,48.3,8291433.077
1.7,80,5,48.4,9212703.419
1.7,80,5,48.5,7830797.906
1.7,80,5,48.6,10594608.93
1.7,80,5,48.7,9673338.589
1.7,80,5,48.8,11976514.44
1.7,80,5,48.9,7830797.906
1.7,80,5,49,7370162.735
1.7,80,5,49.1,6448892.393
1.7,80,5,49.2,8752068.248
1.7,80,5,49.3,10133973.76
1.7,80,5,49.4,11515879.27
1.7,80,5,49.5,9673338.589
1.7,80,5,49.6,12897784.79
1.7,80,5,49.7,6448892.393
1.7,80,5,49.8,8752068.248
1.7,80,5,49.9,10133973.76
1.7,80,5,50,11515879.27
1.7,80,5,50.1,8752068.248
1.7,80,5,50.2,7830797.906
1.7,80,5,50.3,7830797.906
1.7,80,5,50.4,8752068.248
1.7,80,5,50.5,5066986.88
1.7,80,5,50.6,10594608.93
1.7,80,5,50.7,7830797.906
1.7,80,5,50.8,9673338.589
1.7,80,5,50.9,7830797.906
1.7,80,5,51,9673338.589
1.7,80,5,51.1,5527622.051
1.7,80,5,51.2,7830797.906
1.7,80,5,51.3,7830797.906
1.7,80,5,51.4,5527622.051
1.7,80,5,51.5,11055244.1
1.7,80,5,51.6,11055244.1
1.7,80,5,51.7,8752068.248
1.7,80,5,51.8,8752068.248
1.7,80,5,51.9,11055244.1
1.7,80,5,52,10594608.93
1.7,80,5,52.1,6448892.393
1.7,80,5,52.2,5066986.88
1.7,80,5,52.3,12437149.61
1.7,80,5,52.4,4145716.538
1.7,80,5,52.5,9673338.589
1.7,80,5,52.6,6448892.393
1.7,80,5,52.7,6909527.564
1.7,80,5,52.8,7830797.906
1.7,80,5,52.9,5066986.88
1.7,80,5,53,9673338.589
1.7,80,5,53.1,8291433.077
1.7,80,5,53.2,5988257.222
1.7,80,5,53.3,4606351.709
1.7,80,5,53.4,5527622.051
1.7,80,5,53.5,8752068.248
1.7,80,5,53.6,8291433.077
1.7,80,5,53.7,5527622.051
1.7,80,5,53.8,7370162.735
1.7,80,5,53.9,6909527.564
1.7,80,5,54,7830797.906
1.7,80,5,54.1,4145716.538
1.7,80,5,54.2,5988257.222
1.7,80,5,54.3,5988257.222
1.7,80,5,54.4,5527622.051
1.7,80,5,54.5,8291433.077
1.7,80,5,54.6,6448892.393
1.7,80,5,54.7,5527622.051
1.7,80,5,54.8,8291433.077
1.7,80,5,54.9,8291433.077
1.7,80,5,55,7370162.735
1.7,80,5,55.1,5988257.222
1.7,80,5,55.2,4145716.538
1.7,80,5,55.3,5527622.051
1.7,80,5,55.4,5066986.88
1.7,80,5,55.5,1842540.684
1.7,80,5,55.6,7370162.735
1.7,80,5,55.7,6909527.564
1.7,80,5,55.8,6448892.393
1.7,80,5,55.9,8752068.248
1.7,80,5,56,9212703.419
1.7,80,5,56.1,8291433.077
1.7,80,5,56.2,7370162.735
1.7,80,5,56.3,10133973.76
1.7,80,5,56.4,6909527.564
1.7,80,5,56.5,6909527.564
1.7,80,5,56.6,6448892.393
1.7,80,5,56.7,5988257.222
1.7,80,5,56.8,7370162.735
1.7,80,5,56.9,5527622.051
1.7,80,5,57,6909527.564
1.7,80,5,57.1,3685081.367
1.7,80,5,57.2,10594608.93
1.7,80,5,57.3,7370162.735
1.7,80,5,57.4,5988257.222
1.7,80,5,57.5,6448892.393
1.7,80,5,57.6,2303175.855
1.7,80,5,57.7,7370162.735
1.7,80,5,57.8,8291433.077
1.7,80,5,57.9,5988257.222
1.7,80,5,58,4145716.538
1.7,80,5,58.1,13358419.96
1.7,80,5,58.2,4606351.709
1.7,80,5,58.3,6448892.393
1.7,80,5,58.4,4145716.538
1.7,80,5,58.5,8291433.077
1.7,80,5,58.6,6909527.564
1.7,80,5,58.7,5988257.222
1.7,80,5,58.8,5988257.222
1.7,80,5,58.9,6909527.564
1.7,80,5,59,5066986.88
1.7,80,5,59.1,5066986.88
1.7,80,5,59.2,5527622.051
1.7,80,5,59.3,4145716.538
1.7,80,5,59.4,2763811.026
1.7,80,5,59.5,17964771.67
1.7,80,5,59.6,5988257.222
1.7,80,5,59.7,7370162.735
1.7,80,5,59.8,5527622.051
1.7,80,5,59.9,4145716.538
1.7,80,5,60,3224446.196
1.7,80,5,60.1,3224446.196
1.7,80,5,60.2,5988257.222
1.7,80,5,60.3,7370162.735
1.7,80,5,60.4,4606351.709
1.7,80,5,60.5,4145716.538
1.7,80,5,60.6,3685081.367
1.7,80,5,60.7,8291433.077
1.7,80,5,60.8,4606351.709
1.7,80,5,60.9,7370162.735
1.7,80,5,61,5988257.222
1.7,80,5,61.1,4145716.538
1.7,80,5,61.2,4145716.538
1.7,80,5,61.3,3685081.367
1.7,80,5,61.4,5527622.051
1.7,80,5,61.5,5066986.88
1.7,80,5,61.6,5527622.051
1.7,80,5,61.7,6448892.393
1.7,80,5,61.8,4606351.709
1.7,80,5,61.9,2763811.026
1.7,80,5,62,5066986.88
1.7,80,5,62.1,2763811.026
1.7,80,5,62.2,2763811.026
1.7,80,5,62.3,5066986.88
1.7,80,5,62.4,3685081.367
1.7,80,5,62.5,5066986.88
1.7,80,5,62.6,2763811.026
1.7,80,5,62.7,7830797.906
1.7,80,5,62.8,4145716.538
1.7,80,5,62.9,5527622.051
1.7,80,5,63,5066986.88
1.7,80,5,63.1,3685081.367
1.7,80,5,63.2,3224446.196
1.7,80,5,63.3,5066986.88
1.7,80,5,63.4,4606351.709
1.7,80,5,63.5,6448892.393
1.7,80,5,63.6,5066986.88
1.7,80,5,63.7,5527622.051
1.7,80,5,63.8,8291433.077
1.7,80,5,63.9,4145716.538
1.7,80,5,64,5527622.051
1.7,80,5,64.1,6448892.393
1.7,80,5,64.2,6448892.393
1.7,80,5,64.3,2763811.026
1.7,80,5,64.4,3224446.196
1.7,80,5,64.5,4145716.538
1.7,80,5,64.6,3224446.196
1.7,80,5,64.7,3224446.196
1.7,80,5,64.8,5527622.051
1.7,80,5,64.9,3224446.196
1.7,80,5,65,4606351.709
1.7,80,5,65.1,5527622.051
1.7,80,5,65.2,7370162.735
1.7,80,5,65.3,5066986.88
1.7,80,5,65.4,5066986.88
1.7,80,5,65.5,3224446.196
1.7,80,5,65.6,4145716.538
1.7,80,5,65.7,2763811.026
1.7,80,5,65.8,2763811.026
1.7,80,5,65.9,3685081.367
1.7,80,5,66,2763811.026
1.7,80,5,66.1,2303175.855
1.7,80,5,66.2,5066986.88
1.7,80,5,66.3,5527622.051
1.7,80,5,66.4,2763811.026
1.7,80,5,66.5,2763811.026
1.7,80,5,66.6,3685081.367
1.7,80,5,66.7,4145716.538
1.7,80,5,66.8,5527622.051
1.7,80,5,66.9,3224446.196
1.7,80,5,67,4145716.538
1.7,80,5,67.1,3685081.367
1.7,80,5,67.2,3224446.196
1.7,80,5,67.3,6448892.393
1.7,80,5,67.4,6448892.393
1.7,80,5,67.5,4145716.538
1.7,80,5,67.6,2763811.026
1.7,80,5,67.7,2763811.026
1.7,80,5,67.8,4606351.709
1.7,80,5,67.9,4145716.538
1.7,80,5,68,4145716.538
1.7,80,5,68.1,3224446.196
1.7,80,5,68.2,2763811.026
1.7,80,5,68.3,3224446.196
1.7,80,5,68.4,3224446.196
1.7,80,5,68.5,4145716.538
1.7,80,5,68.6,2303175.855
1.7,80,5,68.7,3685081.367
1.7,80,5,68.8,1842540.684
1.7,80,5,68.9,5066986.88
1.7,80,5,69,1381905.513
1.7,80,5,69.1,6448892.393
1.7,80,5,69.2,5066986.88
1.7,80,5,69.3,5527622.051
1.7,80,5,69.4,2763811.026
1.7,80,5,69.5,2303175.855
1.7,80,5,69.6,2763811.026
1.7,80,5,69.7,3224446.196
1.7,80,5,69.8,1842540.684
1.7,80,5,69.9,4145716.538
1.7,80,5,70,2763811.026
1.7,80,5,70.1,3685081.367
1.7,80,5,70.2,3685081.367
1.7,80,5,70.3,3685081.367
1.7,80,5,70.4,2763811.026
1.7,80,5,70.5,2763811.026
1.7,80,5,70.6,4145716.538
1.7,80,5,70.7,1842540.684
1.7,80,5,70.8,2763811.026
1.7,80,5,70.9,1381905.513
1.7,80,5,71,1842540.684
1.7,80,5,71.1,1842540.684
1.7,80,5,71.2,1381905.513
1.7,80,5,71.3,2303175.855
1.7,80,5,71.4,1842540.684
1.7,80,5,71.5,1842540.684
1.7,80,5,71.6,4145716.538
1.7,80,5,71.7,3224446.196
1.7,80,5,71.8,1381905.513
1.7,80,5,71.9,1842540.684
1.7,80,5,72,3224446.196
1.7,80,5,72.1,1381905.513
1.7,80,5,72.2,2303175.855
1.7,80,5,72.3,4145716.538
1.7,80,5,72.4,921270.3419
1.7,80,5,72.5,1842540.684
1.7,80,5,72.6,2303175.855
1.7,80,5,72.7,2303175.855
1.7,80,5,72.8,1381905.513
1.7,80,5,72.9,1842540.684
1.7,80,5,73,2763811.026
1.7,80,5,73.1,921270.3419
1.7,80,5,73.2,2303175.855
1.7,80,5,73.3,2763811.026
1.7,80,5,73.4,2303175.855
1.7,80,5,73.5,1842540.684
1.7,80,5,73.6,1842540.684
1.7,80,5,73.7,460635.1709
1.7,80,5,73.8,1381905.513
1.7,80,5,73.9,2763811.026
1.7,80,5,74,3224446.196
1.7,80,5,74.1,3224446.196
1.7,80,5,74.2,1842540.684
1.7,80,5,74.3,1381905.513
1.7,80,5,74.4,2763811.026
1.7,80,5,74.5,1381905.513
1.7,80,5,74.6,1842540.684
1.7,80,5,74.7,3685081.367
1.7,80,5,74.8,2763811.026
1.7,80,5,74.9,1842540.684
1.7,80,5,75,1842540.684
1.7,80,5,75.1,1842540.684
1.7,80,5,75.2,2763811.026
1.7,80,5,75.3,1381905.513
1.7,80,5,75.4,2763811.026
1.7,80,5,75.5,460635.1709
1.7,80,5,75.6,921270.3419
1.7,80,5,75.7,921270.3419
1.7,80,5,75.8,2763811.026
1.7,80,5,75.9,921270.3419
1.7,80,5,76,921270.3419
1.7,80,5,76.1,1381905.513
1.7,80,5,76.2,1381905.513
1.7,80,5,76.3,1381905.513
1.7,80,5,76.4,2303175.855
1.7,80,5,76.5,460635.1709
1.7,80,5,76.6,921270.3419
1.7,80,5,76.7,5066986.88
1.7,80,5,76.8,1381905.513
1.7,80,5,76.9,1381905.513
1.7,80,5,77,1381905.513
1.7,80,5,77.1,1842540.684
1.7,80,5,77.2,921270.3419
1.7,80,5,77.3,460635.1709
1.7,80,5,77.5,921270.3419
1.7,80,5,77.6,1842540.684
1.7,80,5,77.7,2763811.026
1.7,80,5,77.8,921270.3419
1.7,80,5,77.9,921270.3419
1.7,80,5,78,1381905.513
1.7,80,5,78.1,921270.3419
1.7,80,5,78.2,460635.1709
1.7,80,5,78.3,460635.1709
1.7,80,5,78.4,1381905.513
1.7,80,5,78.5,460635.1709
1.7,80,5,78.7,921270.3419
1.7,80,5,78.9,1842540.684
1.7,80,5,79,921270.3419
1.7,80,5,79.1,460635.1709
1.7,80,5,79.4,460635.1709
1.7,80,5,79.5,460635.1709
1.7,80,5,79.6,460635.1709
1.7,80,5,79.7,460635.1709
1.7,150,5,3.4,601896.6233
1.7,150,5,3.5,1203793.247
1.7,150,5,3.6,601896.6233
1.7,150,5,3.7,1203793.247
1.7,150,5,3.8,601896.6233
1.7,150,5,3.9,1203793.247
1.7,150,5,4,601896.6233
1.7,150,5,4.1,601896.6233
1.7,150,5,4.2,2407586.493
1.7,150,5,4.3,4815172.987
1.7,150,5,4.4,5417069.61
1.7,150,5,4.5,5417069.61
1.7,150,5,4.6,5417069.61
1.7,150,5,4.7,6018966.233
1.7,150,5,4.8,9630345.973
1.7,150,5,4.9,9028449.35
1.7,150,5,5,8426552.727
1.7,150,5,5.1,9028449.35
1.7,150,5,5.2,19862588.57
1.7,150,5,5.3,15649312.21
1.7,150,5,5.4,15649312.21
1.7,150,5,5.5,12639829.09
1.7,150,5,5.6,16251208.83
1.7,150,5,5.7,23473968.31
1.7,150,5,5.8,24075864.93
1.7,150,5,5.9,27085348.05
1.7,150,5,6,22270175.06
1.7,150,5,6.1,30696727.79
1.7,150,5,6.2,32502417.66
1.7,150,5,6.3,32502417.66
1.7,150,5,6.4,34910004.15
1.7,150,5,6.5,37317590.65
1.7,150,5,6.6,30094831.17
1.7,150,5,6.7,34910004.15
1.7,150,5,6.8,36715694.02
1.7,150,5,6.9,36715694.02
1.7,150,5,7,41530867.01
1.7,150,5,7.1,45744143.37
1.7,150,5,7.2,39123280.52
1.7,150,5,7.3,49957419.74
1.7,150,5,7.4,152279845.7
1.7,150,5,7.5,43938453.5
1.7,150,5,7.6,54772592.72
1.7,150,5,7.7,46947936.62
1.7,150,5,7.8,55976385.97
1.7,150,5,7.9,51161212.98
1.7,150,5,8,55374489.35
1.7,150,5,8.1,59587765.71
1.7,150,5,8.2,52365006.23
1.7,150,5,8.3,300346415
1.7,150,5,8.4,2236647852
1.7,150,5,8.5,60791558.96
1.7,150,5,8.6,70421904.93
1.7,150,5,8.7,72227594.8
1.7,150,5,8.8,104730012.5
1.7,150,5,8.9,74033284.67
1.7,150,5,9,72227594.8
1.7,150,5,9.1,61995352.2
1.7,150,5,9.2,69820008.31
1.7,150,5,9.3,66208628.57
1.7,150,5,9.4,72227594.8
1.7,150,5,9.5,159502605.2
1.7,150,5,9.6,105933805.7
1.7,150,5,9.7,1510158628
1.7,150,5,9.8,179365193.8
1.7,150,5,9.9,140843809.9
1.7,150,5,10,651854043.1
1.7,150,5,10.1,75838974.54
1.7,150,5,10.2,96905356.36
1.7,150,5,10.3,41530867.01
1.7,150,5,10.4,48753626.49
1.7,150,5,10.5,49957419.74
1.7,150,5,10.6,40327073.76
1.7,150,5,10.7,41530867.01
1.7,150,5,10.8,42132763.63
1.7,150,5,10.9,33104314.28
1.7,150,5,11,52966902.85
1.7,150,5,11.1,47549833.24
1.7,150,5,11.2,38521383.89
1.7,150,5,11.3,263028824.4
1.7,150,5,11.4,46947936.62
1.7,150,5,11.5,46346040
1.7,150,5,11.6,55374489.35
1.7,150,5,11.7,48753626.49
1.7,150,5,11.8,45142246.75
1.7,150,5,11.9,33104314.28
1.7,150,5,12,39123280.52
1.7,150,5,12.1,31298624.41
1.7,150,5,12.2,34910004.15
1.7,150,5,12.3,38521383.89
1.7,150,5,12.4,44540350.13
1.7,150,5,12.5,31298624.41
1.7,150,5,12.6,28891037.92
1.7,150,5,12.7,36113797.4
1.7,150,5,12.8,42132763.63
1.7,150,5,12.9,35511900.78
1.7,150,5,13,38521383.89
1.7,150,5,13.1,36715694.02
1.7,150,5,13.2,42734660.26
1.7,150,5,13.3,46346040
1.7,150,5,13.4,34910004.15
1.7,150,5,13.5,36113797.4
1.7,150,5,13.6,31298624.41
1.7,150,5,13.7,43336556.88
1.7,150,5,13.8,29492934.54
1.7,150,5,13.9,39123280.52
1.7,150,5,14,37919487.27
1.7,150,5,14.1,31900521.04
1.7,150,5,14.2,39123280.52
1.7,150,5,14.3,35511900.78
1.7,150,5,14.4,42132763.63
1.7,150,5,14.5,38521383.89
1.7,150,5,14.6,40928970.39
1.7,150,5,14.7,39123280.52
1.7,150,5,14.8,44540350.13
1.7,150,5,14.9,50559316.36
1.7,150,5,15,39123280.52
1.7,150,5,15.1,45142246.75
1.7,150,5,15.2,47549833.24
1.7,150,5,15.3,52365006.23
1.7,150,5,15.4,48753626.49
1.7,150,5,15.5,37317590.65
1.7,150,5,15.6,40928970.39
1.7,150,5,15.7,45142246.75
1.7,150,5,15.8,45142246.75
1.7,150,5,15.9,45142246.75
1.7,150,5,16,44540350.13
1.7,150,5,16.1,48753626.49
1.7,150,5,16.2,37919487.27
1.7,150,5,16.3,46346040
1.7,150,5,16.4,40928970.39
1.7,150,5,16.5,33104314.28
1.7,150,5,16.6,39725177.14
1.7,150,5,16.7,34910004.15
1.7,150,5,16.8,43336556.88
1.7,150,5,16.9,50559316.36
1.7,150,5,17,41530867.01
1.7,150,5,17.1,40928970.39
1.7,150,5,17.2,43938453.5
1.7,150,5,17.3,46346040
1.7,150,5,17.4,40327073.76
1.7,150,5,17.5,43336556.88
1.7,150,5,17.6,30696727.79
1.7,150,5,17.7,57180179.22
1.7,150,5,17.8,40327073.76
1.7,150,5,17.9,38521383.89
1.7,150,5,18,40327073.76
1.7,150,5,18.1,45744143.37
1.7,150,5,18.2,40327073.76
1.7,150,5,18.3,46346040
1.7,150,5,18.4,46947936.62
1.7,150,5,18.5,42132763.63
1.7,150,5,18.6,37919487.27
1.7,150,5,18.7,43336556.88
1.7,150,5,18.8,37317590.65
1.7,150,5,18.9,45142246.75
1.7,150,5,19,46947936.62
1.7,150,5,19.1,43336556.88
1.7,150,5,19.2,48753626.49
1.7,150,5,19.3,27085348.05
1.7,150,5,19.4,36113797.4
1.7,150,5,19.5,41530867.01
1.7,150,5,19.6,37317590.65
1.7,150,5,19.7,49957419.74
1.7,150,5,19.8,37317590.65
1.7,150,5,19.9,48753626.49
1.7,150,5,20,50559316.36
1.7,150,5,20.1,48151729.87
1.7,150,5,20.2,47549833.24
1.7,150,5,20.3,45142246.75
1.7,150,5,20.4,37919487.27
1.7,150,5,20.5,37919487.27
1.7,150,5,20.6,37919487.27
1.7,150,5,20.7,48151729.87
1.7,150,5,20.8,41530867.01
1.7,150,5,20.9,39123280.52
1.7,150,5,21,36715694.02
1.7,150,5,21.1,37317590.65
1.7,150,5,21.2,47549833.24
1.7,150,5,21.3,40928970.39
1.7,150,5,21.4,40928970.39
1.7,150,5,21.5,45744143.37
1.7,150,5,21.6,43336556.88
1.7,150,5,21.7,42132763.63
1.7,150,5,21.8,41530867.01
1.7,150,5,21.9,43336556.88
1.7,150,5,22,37919487.27
1.7,150,5,22.1,44540350.13
1.7,150,5,22.2,48151729.87
1.7,150,5,22.3,41530867.01
1.7,150,5,22.4,31900521.04
1.7,150,5,22.5,32502417.66
1.7,150,5,22.6,30696727.79
1.7,150,5,22.7,37317590.65
1.7,150,5,22.8,34308107.53
1.7,150,5,22.9,39725177.14
1.7,150,5,23,37317590.65
1.7,150,5,23.1,38521383.89
1.7,150,5,23.2,39725177.14
1.7,150,5,23.3,40928970.39
1.7,150,5,23.4,31900521.04
1.7,150,5,23.5,40327073.76
1.7,150,5,23.6,41530867.01
1.7,150,5,23.7,42734660.26
1.7,150,5,23.8,32502417.66
1.7,150,5,23.9,39123280.52
1.7,150,5,24,28289141.3
1.7,150,5,24.1,42132763.63
1.7,150,5,24.2,34910004.15
1.7,150,5,24.3,44540350.13
1.7,150,5,24.4,46346040
1.7,150,5,24.5,34308107.53
1.7,150,5,24.6,46346040
1.7,150,5,24.7,39725177.14
1.7,150,5,24.8,39123280.52
1.7,150,5,24.9,37317590.65
1.7,150,5,25,30094831.17
1.7,150,5,25.1,41530867.01
1.7,150,5,25.2,43336556.88
1.7,150,5,25.3,39725177.14
1.7,150,5,25.4,40327073.76
1.7,150,5,25.5,39725177.14
1.7,150,5,25.6,42734660.26
1.7,150,5,25.7,38521383.89
1.7,150,5,25.8,33706210.91
1.7,150,5,25.9,40928970.39
1.7,150,5,26,33706210.91
1.7,150,5,26.1,36715694.02
1.7,150,5,26.2,37317590.65
1.7,150,5,26.3,39725177.14
1.7,150,5,26.4,34308107.53
1.7,150,5,26.5,35511900.78
1.7,150,5,26.6,28891037.92
1.7,150,5,26.7,27085348.05
1.7,150,5,26.8,36113797.4
1.7,150,5,26.9,38521383.89
1.7,150,5,27,33104314.28
1.7,150,5,27.1,25881554.8
1.7,150,5,27.2,44540350.13
1.7,150,5,27.3,36715694.02
1.7,150,5,27.4,27085348.05
1.7,150,5,27.5,21668278.44
1.7,150,5,27.6,42132763.63
1.7,150,5,27.7,43336556.88
1.7,150,5,27.8,40928970.39
1.7,150,5,27.9,39123280.52
1.7,150,5,28,37919487.27
1.7,150,5,28.1,38521383.89
1.7,150,5,28.2,35511900.78
1.7,150,5,28.3,43938453.5
1.7,150,5,28.4,40928970.39
1.7,150,5,28.5,36113797.4
1.7,150,5,28.6,35511900.78
1.7,150,5,28.7,32502417.66
1.7,150,5,28.8,29492934.54
1.7,150,5,28.9,29492934.54
1.7,150,5,29,35511900.78
1.7,150,5,29.1,27085348.05
1.7,150,5,29.2,30094831.17
1.7,150,5,29.3,25279658.18
1.7,150,5,29.4,34910004.15
1.7,150,5,29.5,31900521.04
1.7,150,5,29.6,34910004.15
1.7,150,5,29.7,28891037.92
1.7,150,5,29.8,33706210.91
1.7,150,5,29.9,31298624.41
1.7,150,5,30,30696727.79
1.7,150,5,30.1,28891037.92
1.7,150,5,30.2,26483451.43
1.7,150,5,30.3,30094831.17
1.7,150,5,30.4,24075864.93
1.7,150,5,30.5,33104314.28
1.7,150,5,30.6,25881554.8
1.7,150,5,30.7,31900521.04
1.7,150,5,30.8,35511900.78
1.7,150,5,30.9,25279658.18
1.7,150,5,31,41530867.01
1.7,150,5,31.1,28891037.92
1.7,150,5,31.2,34308107.53
1.7,150,5,31.3,27085348.05
1.7,150,5,31.4,31298624.41
1.7,150,5,31.5,36715694.02
1.7,150,5,31.6,28289141.3
1.7,150,5,31.7,31900521.04
1.7,150,5,31.8,20464485.19
1.7,150,5,31.9,29492934.54
1.7,150,5,32,33104314.28
1.7,150,5,32.1,29492934.54
1.7,150,5,32.2,24677761.56
1.7,150,5,32.3,32502417.66
1.7,150,5,32.4,26483451.43
1.7,150,5,32.5,28289141.3
1.7,150,5,32.6,29492934.54
1.7,150,5,32.7,27085348.05
1.7,150,5,32.8,29492934.54
1.7,150,5,32.9,22872071.69
1.7,150,5,33,20464485.19
1.7,150,5,33.1,26483451.43
1.7,150,5,33.2,31298624.41
1.7,150,5,33.3,23473968.31
1.7,150,5,33.4,24075864.93
1.7,150,5,33.5,27687244.67
1.7,150,5,33.6,30696727.79
1.7,150,5,33.7,22270175.06
1.7,150,5,33.8,25881554.8
1.7,150,5,33.9,24075864.93
1.7,150,5,34,24075864.93
1.7,150,5,34.1,33706210.91
1.7,150,5,34.2,21668278.44
1.7,150,5,34.3,24075864.93
1.7,150,5,34.4,22872071.69
1.7,150,5,34.5,30094831.17
1.7,150,5,34.6,24677761.56
1.7,150,5,34.7,22872071.69
1.7,150,5,34.8,31298624.41
1.7,150,5,34.9,27085348.05
1.7,150,5,35,25881554.8
1.7,150,5,35.1,21668278.44
1.7,150,5,35.2,25881554.8
1.7,150,5,35.3,25279658.18
1.7,150,5,35.4,22872071.69
1.7,150,5,35.5,25881554.8
1.7,150,5,35.6,26483451.43
1.7,150,5,35.7,30094831.17
1.7,150,5,35.8,30094831.17
1.7,150,5,35.9,28891037.92
1.7,150,5,36,19862588.57
1.7,150,5,36.1,30094831.17
1.7,150,5,36.2,25279658.18
1.7,150,5,36.3,23473968.31
1.7,150,5,36.4,25279658.18
1.7,150,5,36.5,25881554.8
1.7,150,5,36.6,22270175.06
1.7,150,5,36.7,25881554.8
1.7,150,5,36.8,18056898.7
1.7,150,5,36.9,29492934.54
1.7,150,5,37,21668278.44
1.7,150,5,37.1,25881554.8
1.7,150,5,37.2,24075864.93
1.7,150,5,37.3,27687244.67
1.7,150,5,37.4,24677761.56
1.7,150,5,37.5,27085348.05
1.7,150,5,37.6,26483451.43
1.7,150,5,37.7,21066381.82
1.7,150,5,37.8,28891037.92
1.7,150,5,37.9,19862588.57
1.7,150,5,38,30094831.17
1.7,150,5,38.1,22270175.06
1.7,150,5,38.2,23473968.31
1.7,150,5,38.3,25279658.18
1.7,150,5,38.4,19260691.95
1.7,150,5,38.5,24075864.93
1.7,150,5,38.6,27085348.05
1.7,150,5,38.7,21066381.82
1.7,150,5,38.8,23473968.31
1.7,150,5,38.9,24075864.93
1.7,150,5,39,32502417.66
1.7,150,5,39.1,19260691.95
1.7,150,5,39.2,23473968.31
1.7,150,5,39.3,21668278.44
1.7,150,5,39.4,18056898.7
1.7,150,5,39.5,23473968.31
1.7,150,5,39.6,22872071.69
1.7,150,5,39.7,16853105.45
1.7,150,5,39.8,23473968.31
1.7,150,5,39.9,19862588.57
1.7,150,5,40,18056898.7
1.7,150,5,40.1,23473968.31
1.7,150,5,40.2,25279658.18
1.7,150,5,40.3,19862588.57
1.7,150,5,40.4,28891037.92
1.7,150,5,40.5,22270175.06
1.7,150,5,40.6,16853105.45
1.7,150,5,40.7,23473968.31
1.7,150,5,40.8,25279658.18
1.7,150,5,40.9,24677761.56
1.7,150,5,41,18658795.32
1.7,150,5,41.1,19862588.57
1.7,150,5,41.2,23473968.31
1.7,150,5,41.3,19862588.57
1.7,150,5,41.4,20464485.19
1.7,150,5,41.5,29492934.54
1.7,150,5,41.6,23473968.31
1.7,150,5,41.7,20464485.19
1.7,150,5,41.8,23473968.31
1.7,150,5,41.9,22872071.69
1.7,150,5,42,23473968.31
1.7,150,5,42.1,18658795.32
1.7,150,5,42.2,22872071.69
1.7,150,5,42.3,25279658.18
1.7,150,5,42.4,19862588.57
1.7,150,5,42.5,23473968.31
1.7,150,5,42.6,22872071.69
1.7,150,5,42.7,27085348.05
1.7,150,5,42.8,21066381.82
1.7,150,5,42.9,13241725.71
1.7,150,5,43,21668278.44
1.7,150,5,43.1,26483451.43
1.7,150,5,43.2,22872071.69
1.7,150,5,43.3,20464485.19
1.7,150,5,43.4,27687244.67
1.7,150,5,43.5,18056898.7
1.7,150,5,43.6,19862588.57
1.7,150,5,43.7,20464485.19
1.7,150,5,43.8,28891037.92
1.7,150,5,43.9,23473968.31
1.7,150,5,44,18658795.32
1.7,150,5,44.1,15649312.21
1.7,150,5,44.2,15047415.58
1.7,150,5,44.3,25279658.18
1.7,150,5,44.4,14445518.96
1.7,150,5,44.5,16853105.45
1.7,150,5,44.6,19260691.95
1.7,150,5,44.7,24677761.56
1.7,150,5,44.8,25881554.8
1.7,150,5,44.9,23473968.31
1.7,150,5,45,17455002.08
1.7,150,5,45.1,20464485.19
1.7,150,5,45.2,15047415.58
1.7,150,5,45.3,24677761.56
1.7,150,5,45.4,21066381.82
1.7,150,5,45.5,21066381.82
1.7,150,5,45.6,16853105.45
1.7,150,5,45.7,25279658.18
1.7,150,5,45.8,18658795.32
1.7,150,5,45.9,18658795.32
1.7,150,5,46,18056898.7
1.7,150,5,46.1,20464485.19
1.7,150,5,46.2,16853105.45
1.7,150,5,46.3,15649312.21
1.7,150,5,46.4,22270175.06
1.7,150,5,46.5,18056898.7
1.7,150,5,46.6,18658795.32
1.7,150,5,46.7,22270175.06
1.7,150,5,46.8,16853105.45
1.7,150,5,46.9,16251208.83
1.7,150,5,47,18056898.7
1.7,150,5,47.1,16251208.83
1.7,150,5,47.2,15047415.58
1.7,150,5,47.3,21066381.82
1.7,150,5,47.4,16853105.45
1.7,150,5,47.5,21668278.44
1.7,150,5,47.6,19260691.95
1.7,150,5,47.7,20464485.19
1.7,150,5,47.8,19862588.57
1.7,150,5,47.9,22872071.69
1.7,150,5,48,17455002.08
1.7,150,5,48.1,16853105.45
1.7,150,5,48.2,11436035.84
1.7,150,5,48.3,18056898.7
1.7,150,5,48.4,16853105.45
1.7,150,5,48.5,25881554.8
1.7,150,5,48.6,12639829.09
1.7,150,5,48.7,17455002.08
1.7,150,5,48.8,17455002.08
1.7,150,5,48.9,16853105.45
1.7,150,5,49,15649312.21
1.7,150,5,49.1,12037932.47
1.7,150,5,49.2,21668278.44
1.7,150,5,49.3,20464485.19
1.7,150,5,49.4,19862588.57
1.7,150,5,49.5,21668278.44
1.7,150,5,49.6,18056898.7
1.7,150,5,49.7,14445518.96
1.7,150,5,49.8,15649312.21
1.7,150,5,49.9,18056898.7
1.7,150,5,50,12037932.47
1.7,150,5,50.1,25279658.18
1.7,150,5,50.2,16853105.45
1.7,150,5,50.3,22872071.69
1.7,150,5,50.4,13843622.34
1.7,150,5,50.5,15649312.21
1.7,150,5,50.6,19260691.95
1.7,150,5,50.7,19862588.57
1.7,150,5,50.8,19260691.95
1.7,150,5,50.9,21066381.82
1.7,150,5,51,17455002.08
1.7,150,5,51.1,18658795.32
1.7,150,5,51.2,12639829.09
1.7,150,5,51.3,12639829.09
1.7,150,5,51.4,16251208.83
1.7,150,5,51.5,21066381.82
1.7,150,5,51.6,19260691.95
1.7,150,5,51.7,18658795.32
1.7,150,5,51.8,21066381.82
1.7,150,5,51.9,16251208.83
1.7,150,5,52,18056898.7
1.7,150,5,52.1,24075864.93
1.7,150,5,52.2,18056898.7
1.7,150,5,52.3,16251208.83
1.7,150,5,52.4,20464485.19
1.7,150,5,52.5,12639829.09
1.7,150,5,52.6,15649312.21
1.7,150,5,52.7,11436035.84
1.7,150,5,52.8,12037932.47
1.7,150,5,52.9,15649312.21
1.7,150,5,53,12639829.09
1.7,150,5,53.1,12639829.09
1.7,150,5,53.2,19862588.57
1.7,150,5,53.3,19260691.95
1.7,150,5,53.4,16853105.45
1.7,150,5,53.5,13843622.34
1.7,150,5,53.6,13241725.71
1.7,150,5,53.7,19260691.95
1.7,150,5,53.8,16853105.45
1.7,150,5,53.9,15047415.58
1.7,150,5,54,15649312.21
1.7,150,5,54.1,19862588.57
1.7,150,5,54.2,18056898.7
1.7,150,5,54.3,12639829.09
1.7,150,5,54.4,15649312.21
1.7,150,5,54.5,8426552.727
1.7,150,5,54.6,12639829.09
1.7,150,5,54.7,17455002.08
1.7,150,5,54.8,17455002.08
1.7,150,5,54.9,13843622.34
1.7,150,5,55,14445518.96
1.7,150,5,55.1,14445518.96
1.7,150,5,55.2,10232242.6
1.7,150,5,55.3,16853105.45
1.7,150,5,55.4,12639829.09
1.7,150,5,55.5,17455002.08
1.7,150,5,55.6,12037932.47
1.7,150,5,55.7,15649312.21
1.7,150,5,55.8,13843622.34
1.7,150,5,55.9,13843622.34
1.7,150,5,56,17455002.08
1.7,150,5,56.1,10232242.6
1.7,150,5,56.2,12639829.09
1.7,150,5,56.3,15047415.58
1.7,150,5,56.4,18056898.7
1.7,150,5,56.5,12639829.09
1.7,150,5,56.6,15047415.58
1.7,150,5,56.7,9630345.973
1.7,150,5,56.8,12639829.09
1.7,150,5,56.9,14445518.96
1.7,150,5,57,18056898.7
1.7,150,5,57.1,19260691.95
1.7,150,5,57.2,16251208.83
1.7,150,5,57.3,10232242.6
1.7,150,5,57.4,15649312.21
1.7,150,5,57.5,10232242.6
1.7,150,5,57.6,15649312.21
1.7,150,5,57.7,15047415.58
1.7,150,5,57.8,14445518.96
1.7,150,5,57.9,15047415.58
1.7,150,5,58,12639829.09
1.7,150,5,58.1,145057086.2
1.7,150,5,58.2,13843622.34
1.7,150,5,58.3,22872071.69
1.7,150,5,58.4,13843622.34
1.7,150,5,58.5,13241725.71
1.7,150,5,58.6,16251208.83
1.7,150,5,58.7,13843622.34
1.7,150,5,58.8,14445518.96
1.7,150,5,58.9,16251208.83
1.7,150,5,59,12037932.47
1.7,150,5,59.1,16853105.45
1.7,150,5,59.2,11436035.84
1.7,150,5,59.3,16853105.45
1.7,150,5,59.4,15649312.21
1.7,150,5,59.5,254602271.7
1.7,150,5,59.6,13241725.71
1.7,150,5,59.7,12037932.47
1.7,150,5,59.8,12037932.47
1.7,150,5,59.9,13241725.71
1.7,150,5,60,12037932.47
1.7,150,5,60.1,10232242.6
1.7,150,5,60.2,11436035.84
1.7,150,5,60.3,19260691.95
1.7,150,5,60.4,13241725.71
1.7,150,5,60.5,15649312.21
1.7,150,5,60.6,10834139.22
1.7,150,5,60.7,15649312.21
1.7,150,5,60.8,16853105.45
1.7,150,5,60.9,10232242.6
1.7,150,5,61,10834139.22
1.7,150,5,61.1,12639829.09
1.7,150,5,61.2,12639829.09
1.7,150,5,61.3,17455002.08
1.7,150,5,61.4,13843622.34
1.7,150,5,61.5,11436035.84
1.7,150,5,61.6,14445518.96
1.7,150,5,61.7,11436035.84
1.7,150,5,61.8,9028449.35
1.7,150,5,61.9,13843622.34
1.7,150,5,62,16251208.83
1.7,150,5,62.1,10232242.6
1.7,150,5,62.2,8426552.727
1.7,150,5,62.3,12037932.47
1.7,150,5,62.4,15047415.58
1.7,150,5,62.5,12639829.09
1.7,150,5,62.6,11436035.84
1.7,150,5,62.7,13241725.71
1.7,150,5,62.8,16251208.83
1.7,150,5,62.9,12639829.09
1.7,150,5,63,16853105.45
1.7,150,5,63.1,10834139.22
1.7,150,5,63.2,10834139.22
1.7,150,5,63.3,10232242.6
1.7,150,5,63.4,15047415.58
1.7,150,5,63.5,15047415.58
1.7,150,5,63.6,16251208.83
1.7,150,5,63.7,12037932.47
1.7,150,5,63.8,12037932.47
1.7,150,5,63.9,12037932.47
1.7,150,5,64,10232242.6
1.7,150,5,64.1,9630345.973
1.7,150,5,64.2,13241725.71
1.7,150,5,64.3,10232242.6
1.7,150,5,64.4,14445518.96
1.7,150,5,64.5,9028449.35
1.7,150,5,64.6,9028449.35
1.7,150,5,64.7,13241725.71
1.7,150,5,64.8,15047415.58
1.7,150,5,64.9,12639829.09
1.7,150,5,65,11436035.84
1.7,150,5,65.1,9028449.35
1.7,150,5,65.2,7824656.103
1.7,150,5,65.3,9630345.973
1.7,150,5,65.4,10232242.6
1.7,150,5,65.5,14445518.96
1.7,150,5,65.6,12639829.09
1.7,150,5,65.7,6620862.857
1.7,150,5,65.8,13843622.34
1.7,150,5,65.9,12037932.47
1.7,150,5,66,12639829.09
1.7,150,5,66.1,9028449.35
1.7,150,5,66.2,10232242.6
1.7,150,5,66.3,10834139.22
1.7,150,5,66.4,15047415.58
1.7,150,5,66.5,12037932.47
1.7,150,5,66.6,10232242.6
1.7,150,5,66.7,18056898.7
1.7,150,5,66.8,11436035.84
1.7,150,5,66.9,13843622.34
1.7,150,5,67,10232242.6
1.7,150,5,67.1,46346040
1.7,150,5,67.2,8426552.727
1.7,150,5,67.3,10834139.22
1.7,150,5,67.4,60791558.96
1.7,150,5,67.5,8426552.727
1.7,150,5,67.6,11436035.84
1.7,150,5,67.7,11436035.84
1.7,150,5,67.8,12037932.47
1.7,150,5,67.9,10834139.22
1.7,150,5,68,17455002.08
1.7,150,5,68.1,14445518.96
1.7,150,5,68.2,8426552.727
1.7,150,5,68.3,11436035.84
1.7,150,5,68.4,12037932.47
1.7,150,5,68.5,9028449.35
1.7,150,5,68.6,10834139.22
1.7,150,5,68.7,10232242.6
1.7,150,5,68.8,10834139.22
1.7,150,5,68.9,7222759.48
1.7,150,5,69,10834139.22
1.7,150,5,69.1,10834139.22
1.7,150,5,69.2,16853105.45
1.7,150,5,69.3,17455002.08
1.7,150,5,69.4,7222759.48
1.7,150,5,69.5,16251208.83
1.7,150,5,69.6,16251208.83
1.7,150,5,69.7,11436035.84
1.7,150,5,69.8,12037932.47
1.7,150,5,69.9,14445518.96
1.7,150,5,70,10232242.6
1.7,150,5,70.1,10834139.22
1.7,150,5,70.2,10232242.6
1.7,150,5,70.3,12037932.47
1.7,150,5,70.4,9630345.973
1.7,150,5,70.5,7824656.103
1.7,150,5,70.6,9630345.973
1.7,150,5,70.7,12037932.47
1.7,150,5,70.8,11436035.84
1.7,150,5,70.9,6018966.233
1.7,150,5,71,10232242.6
1.7,150,5,71.1,9028449.35
1.7,150,5,71.2,9630345.973
1.7,150,5,71.3,9630345.973
1.7,150,5,71.4,12037932.47
1.7,150,5,71.5,10834139.22
1.7,150,5,71.6,10834139.22
1.7,150,5,71.7,9630345.973
1.7,150,5,71.8,9028449.35
1.7,150,5,71.9,9630345.973
1.7,150,5,72,6620862.857
1.7,150,5,72.1,10834139.22
1.7,150,5,72.2,12639829.09
1.7,150,5,72.3,11436035.84
1.7,150,5,72.4,6620862.857
1.7,150,5,72.5,8426552.727
1.7,150,5,72.6,8426552.727
1.7,150,5,72.7,9630345.973
1.7,150,5,72.8,11436035.84
1.7,150,5,72.9,7222759.48
1.7,150,5,73,12037932.47
1.7,150,5,73.1,12639829.09
1.7,150,5,73.2,13241725.71
1.7,150,5,73.3,15649312.21
1.7,150,5,73.4,7222759.48
1.7,150,5,73.5,15047415.58
1.7,150,5,73.6,10834139.22
1.7,150,5,73.7,7824656.103
1.7,150,5,73.8,9630345.973
1.7,150,5,73.9,10232242.6
1.7,150,5,74,9028449.35
1.7,150,5,74.1,8426552.727
1.7,150,5,74.2,6620862.857
1.7,150,5,74.3,13241725.71
1.7,150,5,74.4,9630345.973
1.7,150,5,74.5,13241725.71
1.7,150,5,74.6,7824656.103
1.7,150,5,74.7,9630345.973
1.7,150,5,74.8,10232242.6
1.7,150,5,74.9,6018966.233
1.7,150,5,75,9028449.35
1.7,150,5,75.1,10232242.6
1.7,150,5,75.2,5417069.61
1.7,150,5,75.3,4815172.987
1.7,150,5,75.4,8426552.727
1.7,150,5,75.5,12037932.47
1.7,150,5,75.6,6018966.233
1.7,150,5,75.7,9028449.35
1.7,150,5,75.8,7222759.48
1.7,150,5,75.9,15047415.58
1.7,150,5,76,8426552.727
1.7,150,5,76.1,7222759.48
1.7,150,5,76.2,6018966.233
1.7,150,5,76.3,6018966.233
1.7,150,5,76.4,7222759.48
1.7,150,5,76.5,5417069.61
1.7,150,5,76.6,7222759.48
1.7,150,5,76.7,6620862.857
1.7,150,5,76.8,6018966.233
1.7,150,5,76.9,6018966.233
1.7,150,5,77,10834139.22
1.7,150,5,77.1,7824656.103
1.7,150,5,77.2,7824656.103
1.7,150,5,77.3,7824656.103
1.7,150,5,77.4,4213276.363
1.7,150,5,77.5,7222759.48
1.7,150,5,77.6,8426552.727
1.7,150,5,77.7,12639829.09
1.7,150,5,77.8,10232242.6
1.7,150,5,77.9,6018966.233
1.7,150,5,78,7824656.103
1.7,150,5,78.1,8426552.727
1.7,150,5,78.2,8426552.727
1.7,150,5,78.3,13843622.34
1.7,150,5,78.4,10232242.6
1.7,150,5,78.5,9028449.35
1.7,150,5,78.6,9028449.35
1.7,150,5,78.7,8426552.727
1.7,150,5,78.8,11436035.84
1.7,150,5,78.9,6620862.857
1.7,150,5,79,9630345.973
1.7,150,5,79.1,9028449.35
1.7,150,5,79.2,10834139.22
1.7,150,5,79.3,5417069.61
1.7,150,5,79.4,9630345.973
1.7,150,5,79.5,5417069.61
1.7,150,5,79.6,4815172.987
1.7,150,5,79.7,7824656.103
1.7,150,5,79.8,8426552.727
1.7,150,5,79.9,6018966.233
1.7,150,5,80,6018966.233
1.7,150,5,80.1,8426552.727
1.7,150,5,80.2,10232242.6
1.7,150,5,80.3,4815172.987
1.7,150,5,80.4,10232242.6
1.7,150,5,80.5,8426552.727
1.7,150,5,80.6,10232242.6
1.7,150,5,80.7,4213276.363
1.7,150,5,80.8,8426552.727
1.7,150,5,80.9,10232242.6
1.7,150,5,81,9028449.35
1.7,150,5,81.1,6620862.857
1.7,150,5,81.2,7824656.103
1.7,150,5,81.3,10232242.6
1.7,150,5,81.4,7222759.48
1.7,150,5,81.5,9028449.35
1.7,150,5,81.6,5417069.61
1.7,150,5,81.7,9630345.973
1.7,150,5,81.8,9028449.35
1.7,150,5,81.9,7824656.103
1.7,150,5,82,12639829.09
1.7,150,5,82.1,7222759.48
1.7,150,5,82.2,8426552.727
1.7,150,5,82.3,8426552.727
1.7,150,5,82.4,15047415.58
1.7,150,5,82.5,9630345.973
1.7,150,5,82.6,11436035.84
1.7,150,5,82.7,6018966.233
1.7,150,5,82.8,9028449.35
1.7,150,5,82.9,11436035.84
1.7,150,5,83,12037932.47
1.7,150,5,83.1,8426552.727
1.7,150,5,83.2,7824656.103
1.7,150,5,83.3,9028449.35
1.7,150,5,83.4,5417069.61
1.7,150,5,83.5,4213276.363
1.7,150,5,83.6,8426552.727
1.7,150,5,83.7,6620862.857
1.7,150,5,83.8,6620862.857
1.7,150,5,83.9,5417069.61
1.7,150,5,84,10232242.6
1.7,150,5,84.1,12639829.09
1.7,150,5,84.2,9028449.35
1.7,150,5,84.3,6018966.233
1.7,150,5,84.4,6620862.857
1.7,150,5,84.5,6018966.233
1.7,150,5,84.6,5417069.61
1.7,150,5,84.7,7824656.103
1.7,150,5,84.8,9028449.35
1.7,150,5,84.9,5417069.61
1.7,150,5,85,5417069.61
1.7,150,5,85.1,6620862.857
1.7,150,5,85.2,4213276.363
1.7,150,5,85.3,4815172.987
1.7,150,5,85.4,9630345.973
1.7,150,5,85.5,7222759.48
1.7,150,5,85.6,8426552.727
1.7,150,5,85.7,8426552.727
1.7,150,5,85.8,3009483.117
1.7,150,5,85.9,10232242.6
1.7,150,5,86,7222759.48
1.7,150,5,86.1,4815172.987
1.7,150,5,86.2,5417069.61
1.7,150,5,86.3,8426552.727
1.7,150,5,86.4,4213276.363
1.7,150,5,86.5,6620862.857
1.7,150,5,86.6,5417069.61
1.7,150,5,86.7,7824656.103
1.7,150,5,86.8,6018966.233
1.7,150,5,86.9,4213276.363
1.7,150,5,87,5417069.61
1.7,150,5,87.1,6018966.233
1.7,150,5,87.2,6620862.857
1.7,150,5,87.3,9630345.973
1.7,150,5,87.4,3009483.117
1.7,150,5,87.5,6018966.233
1.7,150,5,87.6,5417069.61
1.7,150,5,87.7,5417069.61
1.7,150,5,87.8,5417069.61
1.7,150,5,87.9,5417069.61
1.7,150,5,88,9630345.973
1.7,150,5,88.1,6018966.233
1.7,150,5,88.2,9028449.35
1.7,150,5,88.3,9630345.973
1.7,150,5,88.4,7222759.48
1.7,150,5,88.5,9630345.973
1.7,150,5,88.6,7222759.48
1.7,150,5,88.7,6620862.857
1.7,150,5,88.8,7222759.48
1.7,150,5,88.9,3009483.117
1.7,150,5,89,6018966.233
1.7,150,5,89.1,11436035.84
1.7,150,5,89.2,7222759.48
1.7,150,5,89.3,7222759.48
1.7,150,5,89.4,3611379.74
1.7,150,5,89.5,6018966.233
1.7,150,5,89.6,4213276.363
1.7,150,5,89.7,4815172.987
1.7,150,5,89.8,6018966.233
1.7,150,5,89.9,7824656.103
1.7,150,5,90,4815172.987
1.7,150,5,90.1,6620862.857
1.7,150,5,90.2,2407586.493
1.7,150,5,90.3,6018966.233
1.7,150,5,90.4,9028449.35
1.7,150,5,90.5,7824656.103
1.7,150,5,90.6,4815172.987
1.7,150,5,90.7,7222759.48
1.7,150,5,90.8,5417069.61
1.7,150,5,90.9,5417069.61
1.7,150,5,91,3611379.74
1.7,150,5,91.1,7222759.48
1.7,150,5,91.2,6620862.857
1.7,150,5,91.3,8426552.727
1.7,150,5,91.4,7824656.103
1.7,150,5,91.5,6620862.857
1.7,150,5,91.6,3009483.117
1.7,150,5,91.7,4815172.987
1.7,150,5,91.8,7222759.48
1.7,150,5,91.9,6018966.233
1.7,150,5,92,6018966.233
1.7,150,5,92.1,10834139.22
1.7,150,5,92.2,6620862.857
1.7,150,5,92.3,6620862.857
1.7,150,5,92.4,4213276.363
1.7,150,5,92.5,7222759.48
1.7,150,5,92.6,6018966.233
1.7,150,5,92.7,5417069.61
1.7,150,5,92.8,5417069.61
1.7,150,5,92.9,9028449.35
1.7,150,5,93,7222759.48
1.7,150,5,93.1,7824656.103
1.7,150,5,93.2,2407586.493
1.7,150,5,93.3,4815172.987
1.7,150,5,93.4,4213276.363
1.7,150,5,93.5,7824656.103
1.7,150,5,93.6,6620862.857
1.7,150,5,93.7,5417069.61
1.7,150,5,93.8,4213276.363
1.7,150,5,93.9,601896.6233
1.7,150,5,94,5417069.61
1.7,150,5,94.1,7824656.103
1.7,150,5,94.2,4213276.363
1.7,150,5,94.3,3611379.74
1.7,150,5,94.4,12037932.47
1.7,150,5,94.5,7222759.48
1.7,150,5,94.6,4213276.363
1.7,150,5,94.7,7222759.48
1.7,150,5,94.8,6620862.857
1.7,150,5,94.9,7824656.103
1.7,150,5,95,4213276.363
1.7,150,5,95.1,7222759.48
1.7,150,5,95.2,6620862.857
1.7,150,5,95.3,4213276.363
1.7,150,5,95.4,6620862.857
1.7,150,5,95.5,12037932.47
1.7,150,5,95.6,1805689.87
1.7,150,5,95.7,5417069.61
1.7,150,5,95.8,4213276.363
1.7,150,5,95.9,6018966.233
1.7,150,5,96,2407586.493
1.7,150,5,96.1,7824656.103
1.7,150,5,96.2,7222759.48
1.7,150,5,96.3,8426552.727
1.7,150,5,96.4,4815172.987
1.7,150,5,96.5,9028449.35
1.7,150,5,96.6,4815172.987
1.7,150,5,96.7,6018966.233
1.7,150,5,96.8,4815172.987
1.7,150,5,96.9,6620862.857
1.7,150,5,97,6620862.857
1.7,150,5,97.1,6620862.857
1.7,150,5,97.2,7824656.103
1.7,150,5,97.3,6620862.857
1.7,150,5,97.4,10232242.6
1.7,150,5,97.5,4815172.987
1.7,150,5,97.6,4815172.987
1.7,150,5,97.7,10232242.6
1.7,150,5,97.8,6620862.857
1.7,150,5,97.9,8426552.727
1.7,150,5,98,4815172.987
1.7,150,5,98.1,7824656.103
1.7,150,5,98.2,9028449.35
1.7,150,5,98.3,5417069.61
1.7,150,5,98.4,8426552.727
1.7,150,5,98.5,5417069.61
1.7,150,5,98.6,6620862.857
1.7,150,5,98.7,7824656.103
1.7,150,5,98.8,4213276.363
1.7,150,5,98.9,5417069.61
1.7,150,5,99,5417069.61
1.7,150,5,99.1,6620862.857
1.7,150,5,99.2,5417069.61
1.7,150,5,99.3,4815172.987
1.7,150,5,99.4,4213276.363
1.7,150,5,99.5,6018966.233
1.7,150,5,99.6,9028449.35
1.7,150,5,99.7,4815172.987
1.7,150,5,99.8,9028449.35
1.7,150,5,99.9,7824656.103
1.7,150,5,100,6620862.857
1.7,150,5,100.1,4815172.987
1.7,150,5,100.2,2407586.493
1.7,150,5,100.3,4815172.987
1.7,150,5,100.4,5417069.61
1.7,150,5,100.5,3611379.74
1.7,150,5,100.6,4815172.987
1.7,150,5,100.7,3009483.117
1.7,150,5,100.8,4815172.987
1.7,150,5,100.9,4213276.363
1.7,150,5,101,7222759.48
1.7,150,5,101.1,9028449.35
1.7,150,5,101.2,4213276.363
1.7,150,5,101.3,2407586.493
1.7,150,5,101.4,4815172.987
1.7,150,5,101.5,4213276.363
1.7,150,5,101.6,4213276.363
1.7,150,5,101.7,5417069.61
1.7,150,5,101.8,5417069.61
1.7,150,5,101.9,6018966.233
1.7,150,5,102,4213276.363
1.7,150,5,102.1,6620862.857
1.7,150,5,102.2,9028449.35
1.7,150,5,102.3,4815172.987
1.7,150,5,102.4,3611379.74
1.7,150,5,102.5,7222759.48
1.7,150,5,102.6,5417069.61
1.7,150,5,102.7,9028449.35
1.7,150,5,102.8,7222759.48
1.7,150,5,102.9,6018966.233
1.7,150,5,103,6018966.233
1.7,150,5,103.1,9028449.35
1.7,150,5,103.2,3611379.74
1.7,150,5,103.3,4213276.363
1.7,150,5,103.4,7222759.48
1.7,150,5,103.5,3611379.74
1.7,150,5,103.6,3611379.74
1.7,150,5,103.7,3009483.117
1.7,150,5,103.8,6018966.233
1.7,150,5,103.9,5417069.61
1.7,150,5,104,1805689.87
1.7,150,5,104.1,5417069.61
1.7,150,5,104.2,5417069.61
1.7,150,5,104.3,3009483.117
1.7,150,5,104.4,8426552.727
1.7,150,5,104.5,6018966.233
1.7,150,5,104.6,3611379.74
1.7,150,5,104.7,2407586.493
1.7,150,5,104.8,6018966.233
1.7,150,5,104.9,6018966.233
1.7,150,5,105,4815172.987
1.7,150,5,105.1,6018966.233
1.7,150,5,105.2,1805689.87
1.7,150,5,105.3,4213276.363
1.7,150,5,105.4,6620862.857
1.7,150,5,105.5,4213276.363
1.7,150,5,105.6,4815172.987
1.7,150,5,105.7,4815172.987
1.7,150,5,105.8,6018966.233
1.7,150,5,105.9,4213276.363
1.7,150,5,106,6018966.233
1.7,150,5,106.1,2407586.493
1.7,150,5,106.2,3611379.74
1.7,150,5,106.3,5417069.61
1.7,150,5,106.4,4815172.987
1.7,150,5,106.5,3611379.74
1.7,150,5,106.6,4213276.363
1.7,150,5,106.7,5417069.61
1.7,150,5,106.8,4815172.987
1.7,150,5,106.9,4815172.987
1.7,150,5,107,1805689.87
1.7,150,5,107.1,2407586.493
1.7,150,5,107.2,6620862.857
1.7,150,5,107.3,4815172.987
1.7,150,5,107.4,4815172.987
1.7,150,5,107.5,3009483.117
1.7,150,5,107.6,6018966.233
1.7,150,5,107.7,3611379.74
1.7,150,5,107.8,3009483.117
1.7,150,5,107.9,6018966.233
1.7,150,5,108,1805689.87
1.7,150,5,108.1,3611379.74
1.7,150,5,108.2,3009483.117
1.7,150,5,108.3,4213276.363
1.7,150,5,108.4,6620862.857
1.7,150,5,108.5,4815172.987
1.7,150,5,108.6,6018966.233
1.7,150,5,108.7,6620862.857
1.7,150,5,108.8,3009483.117
1.7,150,5,108.9,6620862.857
1.7,150,5,109,5417069.61
1.7,150,5,109.1,2407586.493
1.7,150,5,109.2,4213276.363
1.7,150,5,109.3,3009483.117
1.7,150,5,109.4,5417069.61
1.7,150,5,109.5,6620862.857
1.7,150,5,109.6,4213276.363
1.7,150,5,109.7,3009483.117
1.7,150,5,109.8,1203793.247
1.7,150,5,109.9,1203793.247
1.7,150,5,110,3009483.117
1.7,150,5,110.1,6620862.857
1.7,150,5,110.2,4815172.987
1.7,150,5,110.3,6018966.233
1.7,150,5,110.4,2407586.493
1.7,150,5,110.5,3009483.117
1.7,150,5,110.6,6018966.233
1.7,150,5,110.7,3009483.117
1.7,150,5,110.8,3611379.74
1.7,150,5,110.9,6018966.233
1.7,150,5,111,5417069.61
1.7,150,5,111.1,2407586.493
1.7,150,5,111.2,5417069.61
1.7,150,5,111.3,4213276.363
1.7,150,5,111.4,4815172.987
1.7,150,5,111.5,4815172.987
1.7,150,5,111.6,5417069.61
1.7,150,5,111.7,6018966.233
1.7,150,5,111.8,3009483.117
1.7,150,5,111.9,4213276.363
1.7,150,5,112,6018966.233
1.7,150,5,112.1,6620862.857
1.7,150,5,112.2,4815172.987
1.7,150,5,112.3,4213276.363
1.7,150,5,112.4,3009483.117
1.7,150,5,112.5,4213276.363
1.7,150,5,112.6,5417069.61
1.7,150,5,112.7,7222759.48
1.7,150,5,112.8,4815172.987
1.7,150,5,112.9,6018966.233
1.7,150,5,113,5417069.61
1.7,150,5,113.1,5417069.61
1.7,150,5,113.2,2407586.493
1.7,150,5,113.3,6018966.233
1.7,150,5,113.4,3611379.74
1.7,150,5,113.5,4815172.987
1.7,150,5,113.6,4213276.363
1.7,150,5,113.7,4213276.363
1.7,150,5,113.8,4815172.987
1.7,150,5,113.9,3009483.117
1.7,150,5,114,3009483.117
1.7,150,5,114.1,2407586.493
1.7,150,5,114.2,3611379.74
1.7,150,5,114.3,3009483.117
1.7,150,5,114.4,3009483.117
1.7,150,5,114.5,2407586.493
1.7,150,5,114.6,4815172.987
1.7,150,5,114.7,4815172.987
1.7,150,5,114.8,4815172.987
1.7,150,5,114.9,6018966.233
1.7,150,5,115,1805689.87
1.7,150,5,115.1,4815172.987
1.7,150,5,115.2,3009483.117
1.7,150,5,115.3,6018966.233
1.7,150,5,115.4,2407586.493
1.7,150,5,115.5,2407586.493
1.7,150,5,115.6,3009483.117
1.7,150,5,115.7,4213276.363
1.7,150,5,115.8,4815172.987
1.7,150,5,115.9,7824656.103
1.7,150,5,116,3611379.74
1.7,150,5,116.1,1805689.87
1.7,150,5,116.2,3611379.74
1.7,150,5,116.3,3611379.74
1.7,150,5,116.4,4815172.987
1.7,150,5,116.5,6620862.857
1.7,150,5,116.6,6620862.857
1.7,150,5,116.7,4815172.987
1.7,150,5,116.8,3611379.74
1.7,150,5,116.9,4815172.987
1.7,150,5,117,3611379.74
1.7,150,5,117.1,2407586.493
1.7,150,5,117.2,2407586.493
1.7,150,5,117.3,3009483.117
1.7,150,5,117.4,3009483.117
1.7,150,5,117.5,3611379.74
1.7,150,5,117.6,4213276.363
1.7,150,5,117.7,4815172.987
1.7,150,5,117.8,4815172.987
1.7,150,5,117.9,1805689.87
1.7,150,5,118,3611379.74
1.7,150,5,118.1,3611379.74
1.7,150,5,118.2,5417069.61
1.7,150,5,118.3,4815172.987
1.7,150,5,118.4,1805689.87
1.7,150,5,118.5,2407586.493
1.7,150,5,118.6,3009483.117
1.7,150,5,118.7,4213276.363
1.7,150,5,118.8,3009483.117
1.7,150,5,118.9,6620862.857
1.7,150,5,119,4815172.987
1.7,150,5,119.1,4213276.363
1.7,150,5,119.2,2407586.493
1.7,150,5,119.3,6620862.857
1.7,150,5,119.4,6018966.233
1.7,150,5,119.5,2407586.493
1.7,150,5,119.6,4815172.987
1.7,150,5,119.7,1203793.247
1.7,150,5,119.8,1203793.247
1.7,150,5,119.9,5417069.61
1.7,150,5,120,3009483.117
1.7,150,5,120.1,1203793.247
1.7,150,5,120.2,1805689.87
1.7,150,5,120.3,4213276.363
1.7,150,5,120.4,1203793.247
1.7,150,5,120.5,1203793.247
1.7,150,5,120.6,2407586.493
1.7,150,5,120.7,3009483.117
1.7,150,5,120.8,4213276.363
1.7,150,5,120.9,3611379.74
1.7,150,5,121,2407586.493
1.7,150,5,121.1,4213276.363
1.7,150,5,121.2,4213276.363
1.7,150,5,121.3,4213276.363
1.7,150,5,121.4,3611379.74
1.7,150,5,121.5,3009483.117
1.7,150,5,121.6,6620862.857
1.7,150,5,121.7,4815172.987
1.7,150,5,121.8,5417069.61
1.7,150,5,121.9,3611379.74
1.7,150,5,122,4815172.987
1.7,150,5,122.1,1805689.87
1.7,150,5,122.2,3009483.117
1.7,150,5,122.3,6018966.233
1.7,150,5,122.4,2407586.493
1.7,150,5,122.5,2407586.493
1.7,150,5,122.6,4213276.363
1.7,150,5,122.7,4815172.987
1.7,150,5,122.8,4815172.987
1.7,150,5,122.9,4815172.987
1.7,150,5,123,3009483.117
1.7,150,5,123.1,3611379.74
1.7,150,5,123.2,3611379.74
1.7,150,5,123.3,4815172.987
1.7,150,5,123.4,3009483.117
1.7,150,5,123.5,3009483.117
1.7,150,5,123.6,2407586.493
1.7,150,5,123.7,2407586.493
1.7,150,5,123.8,601896.6233
1.7,150,5,123.9,601896.6233
1.7,150,5,124,4815172.987
1.7,150,5,124.1,3611379.74
1.7,150,5,124.2,3611379.74
1.7,150,5,124.3,3009483.117
1.7,150,5,124.4,1805689.87
1.7,150,5,124.5,1805689.87
1.7,150,5,124.6,3009483.117
1.7,150,5,124.7,1805689.87
1.7,150,5,124.8,4213276.363
1.7,150,5,124.9,5417069.61
1.7,150,5,125,4213276.363
1.7,150,5,125.1,9028449.35
1.7,150,5,125.2,1203793.247
1.7,150,5,125.3,2407586.493
1.7,150,5,125.4,3611379.74
1.7,150,5,125.5,2407586.493
1.7,150,5,125.6,4815172.987
1.7,150,5,125.7,4213276.363
1.7,150,5,125.8,3611379.74
1.7,150,5,125.9,2407586.493
1.7,150,5,126,3611379.74
1.7,150,5,126.1,4213276.363
1.7,150,5,126.2,1203793.247
1.7,150,5,126.3,3009483.117
1.7,150,5,126.4,3009483.117
1.7,150,5,126.5,1805689.87
1.7,150,5,126.6,3009483.117
1.7,150,5,126.7,1805689.87
1.7,150,5,126.8,1805689.87
1.7,150,5,126.9,6620862.857
1.7,150,5,127,2407586.493
1.7,150,5,127.1,3009483.117
1.7,150,5,127.2,5417069.61
1.7,150,5,127.3,1805689.87
1.7,150,5,127.4,601896.6233
1.7,150,5,127.5,4213276.363
1.7,150,5,127.6,1203793.247
1.7,150,5,127.7,1805689.87
1.7,150,5,127.8,1805689.87
1.7,150,5,127.9,3009483.117
1.7,150,5,128,4213276.363
1.7,150,5,128.1,2407586.493
1.7,150,5,128.3,4213276.363
1.7,150,5,128.4,2407586.493
1.7,150,5,128.5,1805689.87
1.7,150,5,128.6,6018966.233
1.7,150,5,128.7,6620862.857
1.7,150,5,128.8,1805689.87
1.7,150,5,128.9,3611379.74
1.7,150,5,129,1805689.87
1.7,150,5,129.1,3611379.74
1.7,150,5,129.2,3611379.74
1.7,150,5,129.3,4815172.987
1.7,150,5,129.4,3009483.117
1.7,150,5,129.5,2407586.493
1.7,150,5,129.6,5417069.61
1.7,150,5,129.7,1805689.87
1.7,150,5,129.8,4213276.363
1.7,150,5,129.9,1805689.87
1.7,150,5,130,3009483.117
1.7,150,5,130.1,4213276.363
1.7,150,5,130.2,601896.6233
1.7,150,5,130.3,3611379.74
1.7,150,5,130.4,1805689.87
1.7,150,5,130.5,601896.6233
1.7,150,5,130.6,1805689.87
1.7,150,5,130.7,2407586.493
1.7,150,5,130.8,601896.6233
1.7,150,5,130.9,1203793.247
1.7,150,5,131,3611379.74
1.7,150,5,131.1,1203793.247
1.7,150,5,131.2,1203793.247
1.7,150,5,131.3,2407586.493
1.7,150,5,131.4,2407586.493
1.7,150,5,131.5,2407586.493
1.7,150,5,131.6,3611379.74
1.7,150,5,131.7,601896.6233
1.7,150,5,131.8,1203793.247
1.7,150,5,131.9,3611379.74
1.7,150,5,132,6018966.233
1.7,150,5,132.1,4815172.987
1.7,150,5,132.2,1203793.247
1.7,150,5,132.3,4213276.363
1.7,150,5,132.4,1805689.87
1.7,150,5,132.5,1203793.247
1.7,150,5,132.6,2407586.493
1.7,150,5,132.7,6018966.233
1.7,150,5,132.8,3009483.117
1.7,150,5,132.9,1203793.247
1.7,150,5,133,3611379.74
1.7,150,5,133.1,3611379.74
1.7,150,5,133.2,1203793.247
1.7,150,5,133.3,1805689.87
1.7,150,5,133.4,1805689.87
1.7,150,5,133.5,601896.6233
1.7,150,5,133.6,1805689.87
1.7,150,5,133.7,6018966.233
1.7,150,5,133.8,4213276.363
1.7,150,5,133.9,1805689.87
1.7,150,5,134,2407586.493
1.7,150,5,134.1,1805689.87
1.7,150,5,134.2,3611379.74
1.7,150,5,134.3,3009483.117
1.7,150,5,134.4,2407586.493
1.7,150,5,134.5,601896.6233
1.7,150,5,134.6,2407586.493
1.7,150,5,134.7,2407586.493
1.7,150,5,134.8,1805689.87
1.7,150,5,134.9,4213276.363
1.7,150,5,135,601896.6233
1.7,150,5,135.1,2407586.493
1.7,150,5,135.2,1805689.87
1.7,150,5,135.3,1805689.87
1.7,150,5,135.4,6018966.233
1.7,150,5,135.5,1805689.87
1.7,150,5,135.6,1805689.87
1.7,150,5,135.7,1805689.87
1.7,150,5,135.8,4213276.363
1.7,150,5,135.9,601896.6233
1.7,150,5,136,3611379.74
1.7,150,5,136.1,1805689.87
1.7,150,5,136.2,3009483.117
1.7,150,5,136.3,2407586.493
1.7,150,5,136.4,4815172.987
1.7,150,5,136.5,601896.6233
1.7,150,5,136.6,601896.6233
1.7,150,5,136.7,2407586.493
1.7,150,5,136.8,601896.6233
1.7,150,5,136.9,2407586.493
1.7,150,5,137,1805689.87
1.7,150,5,137.1,3009483.117
1.7,150,5,137.2,1805689.87
1.7,150,5,137.3,1805689.87
1.7,150,5,137.4,2407586.493
1.7,150,5,137.5,1203793.247
1.7,150,5,137.6,2407586.493
1.7,150,5,137.7,2407586.493
1.7,150,5,137.8,4213276.363
1.7,150,5,137.9,3009483.117
1.7,150,5,138,601896.6233
1.7,150,5,138.2,1203793.247
1.7,150,5,138.3,1203793.247
1.7,150,5,138.4,3009483.117
1.7,150,5,138.5,601896.6233
1.7,150,5,138.6,1203793.247
1.7,150,5,138.7,601896.6233
1.7,150,5,138.8,3009483.117
1.7,150,5,138.9,1203793.247
1.7,150,5,139,3009483.117
1.7,150,5,139.1,1203793.247
1.7,150,5,139.2,2407586.493
1.7,150,5,139.3,1203793.247
1.7,150,5,139.5,1805689.87
1.7,150,5,139.6,1203793.247
1.7,150,5,139.7,1203793.247
1.7,150,5,139.8,601896.6233
1.7,150,5,139.9,1203793.247
1.7,150,5,140,3009483.117
1.7,150,5,140.1,2407586.493
1.7,150,5,140.2,1805689.87
1.7,150,5,140.3,1805689.87
1.7,150,5,140.4,1805689.87
1.7,150,5,140.5,2407586.493
1.7,150,5,140.6,1203793.247
1.7,150,5,140.7,1203793.247
1.7,150,5,140.8,1203793.247
1.7,150,5,140.9,2407586.493
1.7,150,5,141,1203793.247
1.7,150,5,141.2,1203793.247
1.7,150,5,141.4,1805689.87
1.7,150,5,141.5,1203793.247
1.7,150,5,141.6,1805689.87
1.7,150,5,141.7,601896.6233
1.7,150,5,141.8,2407586.493
1.7,150,5,141.9,601896.6233
1.7,150,5,142,2407586.493
1.7,150,5,142.1,1203793.247
1.7,150,5,142.2,601896.6233
1.7,150,5,142.3,601896.6233
1.7,150,5,142.4,1203793.247
1.7,150,5,142.5,1203793.247
1.7,150,5,142.6,2407586.493
1.7,150,5,142.7,3009483.117
1.7,150,5,142.8,3611379.74
1.7,150,5,143,1805689.87
1.7,150,5,143.1,601896.6233
1.7,150,5,143.3,601896.6233
1.7,150,5,143.4,601896.6233
1.7,150,5,143.5,1203793.247
1.7,150,5,143.6,1203793.247
1.7,150,5,143.7,3009483.117
1.7,150,5,143.8,1805689.87
1.7,150,5,143.9,2407586.493
1.7,150,5,144,1203793.247
1.7,150,5,144.1,1805689.87
1.7,150,5,144.2,601896.6233
1.7,150,5,144.3,1805689.87
1.7,150,5,144.4,601896.6233
1.7,150,5,144.5,1203793.247
1.7,150,5,144.7,601896.6233
1.7,150,5,144.9,1203793.247
1.7,150,5,145,2407586.493
1.7,150,5,145.1,2407586.493
1.7,150,5,145.3,601896.6233
1.7,150,5,145.5,2407586.493
1.7,150,5,145.7,601896.6233
1.7,150,5,145.8,601896.6233
1.7,150,5,146.1,601896.6233
1.7,150,5,146.2,601896.6233
1.7,150,5,146.3,1203793.247
1.7,150,5,146.4,1203793.247
1.7,150,5,146.6,1203793.247
1.7,150,5,146.7,1203793.247
1.7,150,5,146.8,601896.6233
1.7,150,5,146.9,1203793.247
1.7,150,5,147.1,2407586.493
1.7,150,5,147.2,601896.6233
1.7,150,5,147.3,601896.6233
1.7,150,5,147.4,601896.6233
1.7,150,5,147.5,1203793.247
1.7,150,5,147.6,1805689.87
1.7,150,5,147.7,601896.6233
1.7,150,5,147.8,601896.6233
1.7,150,5,148,601896.6233
1.7,150,5,148.1,1805689.87
1.7,150,5,148.4,1203793.247
1.7,150,5,148.7,601896.6233
1.7,150,5,148.8,601896.6233
1.7,150,5,149,601896.6233
1.7,150,5,149.1,601896.6233
1.7,150,5,149.2,601896.6233
1.7,150,5,149.7,601896.6233
1.7,40,7,5.8,276734.0797
1.7,40,7,5.9,1106936.319
1.7,40,7,6,553468.1594
1.7,40,7,6.1,276734.0797
1.7,40,7,6.2,276734.0797
1.7,40,7,6.3,276734.0797
1.7,40,7,6.4,1660404.478
1.7,40,7,6.5,830202.2391
1.7,40,7,6.6,1660404.478
1.7,40,7,6.7,1106936.319
1.7,40,7,6.8,1383670.398
1.7,40,7,6.9,1660404.478
1.7,40,7,7,1660404.478
1.7,40,7,7.1,1383670.398
1.7,40,7,7.2,1937138.558
1.7,40,7,7.3,2213872.638
1.7,40,7,7.4,6918351.992
1.7,40,7,7.5,2490606.717
1.7,40,7,7.6,4427745.275
1.7,40,7,7.7,3874277.116
1.7,40,7,7.8,3597543.036
1.7,40,7,7.9,6364883.833
1.7,40,7,8,4981213.435
1.7,40,7,8.1,7195086.072
1.7,40,7,8.2,4427745.275
1.7,40,7,8.3,19924853.74
1.7,40,7,8.4,132002156
1.7,40,7,8.5,4151011.195
1.7,40,7,8.6,6641617.913
1.7,40,7,8.7,5534681.594
1.7,40,7,8.8,11346097.27
1.7,40,7,8.9,4981213.435
1.7,40,7,9,7471820.152
1.7,40,7,9.1,9132224.63
1.7,40,7,9.2,9685692.789
1.7,40,7,9.3,10792629.11
1.7,40,7,9.4,11622831.35
1.7,40,7,9.5,14666906.22
1.7,40,7,9.6,12729767.67
1.7,40,7,9.7,124253601.8
1.7,40,7,9.8,14390172.14
1.7,40,7,9.9,15773842.54
1.7,40,7,10,63372104.25
1.7,40,7,10.1,8855490.55
1.7,40,7,10.2,8302022.391
1.7,40,7,10.3,1660404.478
1.7,40,7,10.4,1937138.558
1.7,40,7,10.5,2767340.797
1.7,40,7,10.6,1937138.558
1.7,40,7,10.7,3597543.036
1.7,40,7,10.8,3320808.956
1.7,40,7,10.9,2767340.797
1.7,40,7,11,2767340.797
1.7,40,7,11.1,2767340.797
1.7,40,7,11.2,1106936.319
1.7,40,7,11.3,14666906.22
1.7,40,7,11.4,2490606.717
1.7,40,7,11.5,3320808.956
1.7,40,7,11.6,2767340.797
1.7,40,7,11.7,2767340.797
1.7,40,7,11.8,3597543.036
1.7,40,7,11.9,1383670.398
1.7,40,7,12,1937138.558
1.7,40,7,12.1,1660404.478
1.7,40,7,12.2,830202.2391
1.7,40,7,12.3,553468.1594
1.7,40,7,12.4,1937138.558
1.7,40,7,12.5,2213872.638
1.7,40,7,12.6,2213872.638
1.7,40,7,12.7,2213872.638
1.7,40,7,12.8,1383670.398
1.7,40,7,12.9,1660404.478
1.7,40,7,13,2213872.638
1.7,40,7,13.1,3044074.877
1.7,40,7,13.2,3597543.036
1.7,40,7,13.3,1106936.319
1.7,40,7,13.4,1660404.478
1.7,40,7,13.5,2490606.717
1.7,40,7,13.6,4427745.275
1.7,40,7,13.7,3597543.036
1.7,40,7,13.8,4704479.355
1.7,40,7,13.9,1660404.478
1.7,40,7,14,3874277.116
1.7,40,7,14.1,4151011.195
1.7,40,7,14.2,3597543.036
1.7,40,7,14.3,2767340.797
1.7,40,7,14.4,5257947.514
1.7,40,7,14.5,4427745.275
1.7,40,7,14.6,2767340.797
1.7,40,7,14.7,2213872.638
1.7,40,7,14.8,3320808.956
1.7,40,7,14.9,2490606.717
1.7,40,7,15,1937138.558
1.7,40,7,15.1,3597543.036
1.7,40,7,15.2,5534681.594
1.7,40,7,15.3,3874277.116
1.7,40,7,15.4,5534681.594
1.7,40,7,15.5,4981213.435
1.7,40,7,15.6,5811415.674
1.7,40,7,15.7,4704479.355
1.7,40,7,15.8,6918351.992
1.7,40,7,15.9,4427745.275
1.7,40,7,16,4427745.275
1.7,40,7,16.1,5811415.674
1.7,40,7,16.2,3874277.116
1.7,40,7,16.3,6641617.913
1.7,40,7,16.4,4427745.275
1.7,40,7,16.5,5534681.594
1.7,40,7,16.6,4151011.195
1.7,40,7,16.7,5811415.674
1.7,40,7,16.8,6088149.753
1.7,40,7,16.9,7195086.072
1.7,40,7,17,7195086.072
1.7,40,7,17.1,3874277.116
1.7,40,7,17.2,4981213.435
1.7,40,7,17.3,4981213.435
1.7,40,7,17.4,6641617.913
1.7,40,7,17.5,5534681.594
1.7,40,7,17.6,4704479.355
1.7,40,7,17.7,6918351.992
1.7,40,7,17.8,5811415.674
1.7,40,7,17.9,7748554.232
1.7,40,7,18,3874277.116
1.7,40,7,18.1,4151011.195
1.7,40,7,18.2,7471820.152
1.7,40,7,18.3,6918351.992
1.7,40,7,18.4,4981213.435
1.7,40,7,18.5,3597543.036
1.7,40,7,18.6,5257947.514
1.7,40,7,18.7,5257947.514
1.7,40,7,18.8,6641617.913
1.7,40,7,18.9,5257947.514
1.7,40,7,19,7195086.072
1.7,40,7,19.1,6918351.992
1.7,40,7,19.2,5811415.674
1.7,40,7,19.3,6364883.833
1.7,40,7,19.4,5534681.594
1.7,40,7,19.5,5534681.594
1.7,40,7,19.6,6088149.753
1.7,40,7,19.7,4427745.275
1.7,40,7,19.8,6088149.753
1.7,40,7,19.9,5257947.514
1.7,40,7,20,5534681.594
1.7,40,7,20.1,6364883.833
1.7,40,7,20.2,5534681.594
1.7,40,7,20.3,4981213.435
1.7,40,7,20.4,5257947.514
1.7,40,7,20.5,4981213.435
1.7,40,7,20.6,8025288.311
1.7,40,7,20.7,6641617.913
1.7,40,7,20.8,4427745.275
1.7,40,7,20.9,4151011.195
1.7,40,7,21,6918351.992
1.7,40,7,21.1,8025288.311
1.7,40,7,21.2,6364883.833
1.7,40,7,21.3,5811415.674
1.7,40,7,21.4,4981213.435
1.7,40,7,21.5,7471820.152
1.7,40,7,21.6,6088149.753
1.7,40,7,21.7,6364883.833
1.7,40,7,21.8,3874277.116
1.7,40,7,21.9,5257947.514
1.7,40,7,22,6918351.992
1.7,40,7,22.1,7195086.072
1.7,40,7,22.2,5811415.674
1.7,40,7,22.3,8025288.311
1.7,40,7,22.4,6641617.913
1.7,40,7,22.5,3597543.036
1.7,40,7,22.6,5257947.514
1.7,40,7,22.7,6088149.753
1.7,40,7,22.8,5257947.514
1.7,40,7,22.9,4704479.355
1.7,40,7,23,7195086.072
1.7,40,7,23.1,7471820.152
1.7,40,7,23.2,6641617.913
1.7,40,7,23.3,6088149.753
1.7,40,7,23.4,7471820.152
1.7,40,7,23.5,8025288.311
1.7,40,7,23.6,8855490.55
1.7,40,7,23.7,5811415.674
1.7,40,7,23.8,4981213.435
1.7,40,7,23.9,5811415.674
1.7,40,7,24,6088149.753
1.7,40,7,24.1,4981213.435
1.7,40,7,24.2,7748554.232
1.7,40,7,24.3,5257947.514
1.7,40,7,24.4,4704479.355
1.7,40,7,24.5,5534681.594
1.7,40,7,24.6,6088149.753
1.7,40,7,24.7,6918351.992
1.7,40,7,24.8,7471820.152
1.7,40,7,24.9,7471820.152
1.7,40,7,25,5257947.514
1.7,40,7,25.1,7748554.232
1.7,40,7,25.2,5534681.594
1.7,40,7,25.3,6918351.992
1.7,40,7,25.4,4151011.195
1.7,40,7,25.5,6088149.753
1.7,40,7,25.6,4427745.275
1.7,40,7,25.7,6088149.753
1.7,40,7,25.8,5811415.674
1.7,40,7,25.9,7195086.072
1.7,40,7,26,7471820.152
1.7,40,7,26.1,4151011.195
1.7,40,7,26.2,5811415.674
1.7,40,7,26.3,6641617.913
1.7,40,7,26.4,4704479.355
1.7,40,7,26.5,5811415.674
1.7,40,7,26.6,5534681.594
1.7,40,7,26.7,3597543.036
1.7,40,7,26.8,4981213.435
1.7,40,7,26.9,6088149.753
1.7,40,7,27,4981213.435
1.7,40,7,27.1,6088149.753
1.7,40,7,27.2,6641617.913
1.7,40,7,27.3,8025288.311
1.7,40,7,27.4,6641617.913
1.7,40,7,27.5,6641617.913
1.7,40,7,27.6,3597543.036
1.7,40,7,27.7,7195086.072
1.7,40,7,27.8,3320808.956
1.7,40,7,27.9,6364883.833
1.7,40,7,28,6088149.753
1.7,40,7,28.1,4704479.355
1.7,40,7,28.2,4427745.275
1.7,40,7,28.3,4151011.195
1.7,40,7,28.4,5257947.514
1.7,40,7,28.5,4151011.195
1.7,40,7,28.6,8025288.311
1.7,40,7,28.7,4704479.355
1.7,40,7,28.8,3874277.116
1.7,40,7,28.9,5811415.674
1.7,40,7,29,5534681.594
1.7,40,7,29.1,4151011.195
1.7,40,7,29.2,3320808.956
1.7,40,7,29.3,3874277.116
1.7,40,7,29.4,3320808.956
1.7,40,7,29.5,6088149.753
1.7,40,7,29.6,4427745.275
1.7,40,7,29.7,5257947.514
1.7,40,7,29.8,8302022.391
1.7,40,7,29.9,4704479.355
1.7,40,7,30,5257947.514
1.7,40,7,30.1,6641617.913
1.7,40,7,30.2,4427745.275
1.7,40,7,30.3,4981213.435
1.7,40,7,30.4,2767340.797
1.7,40,7,30.5,4151011.195
1.7,40,7,30.6,3320808.956
1.7,40,7,30.7,2767340.797
1.7,40,7,30.8,5534681.594
1.7,40,7,30.9,4427745.275
1.7,40,7,31,3874277.116
1.7,40,7,31.1,3874277.116
1.7,40,7,31.2,4151011.195
1.7,40,7,31.3,6641617.913
1.7,40,7,31.4,4151011.195
1.7,40,7,31.5,4704479.355
1.7,40,7,31.6,2490606.717
1.7,40,7,31.7,2213872.638
1.7,40,7,31.8,4981213.435
1.7,40,7,31.9,4151011.195
1.7,40,7,32,3874277.116
1.7,40,7,32.1,3597543.036
1.7,40,7,32.2,4427745.275
1.7,40,7,32.3,4151011.195
1.7,40,7,32.4,3874277.116
1.7,40,7,32.5,3320808.956
1.7,40,7,32.6,5257947.514
1.7,40,7,32.7,3874277.116
1.7,40,7,32.8,1937138.558
1.7,40,7,32.9,2490606.717
1.7,40,7,33,3320808.956
1.7,40,7,33.1,2767340.797
1.7,40,7,33.2,4427745.275
1.7,40,7,33.3,2490606.717
1.7,40,7,33.4,3320808.956
1.7,40,7,33.5,3044074.877
1.7,40,7,33.6,4151011.195
1.7,40,7,33.7,3874277.116
1.7,40,7,33.8,4151011.195
1.7,40,7,33.9,3597543.036
1.7,40,7,34,2490606.717
1.7,40,7,34.1,2767340.797
1.7,40,7,34.2,2490606.717
1.7,40,7,34.3,3044074.877
1.7,40,7,34.4,2213872.638
1.7,40,7,34.5,4427745.275
1.7,40,7,34.6,4981213.435
1.7,40,7,34.7,3597543.036
1.7,40,7,34.8,3597543.036
1.7,40,7,34.9,5534681.594
1.7,40,7,35,3044074.877
1.7,40,7,35.1,2767340.797
1.7,40,7,35.2,3044074.877
1.7,40,7,35.3,1937138.558
1.7,40,7,35.4,3044074.877
1.7,40,7,35.5,2767340.797
1.7,40,7,35.6,1937138.558
1.7,40,7,35.7,1937138.558
1.7,40,7,35.8,2490606.717
1.7,40,7,35.9,3597543.036
1.7,40,7,36,1383670.398
1.7,40,7,36.1,1383670.398
1.7,40,7,36.2,1106936.319
1.7,40,7,36.3,1383670.398
1.7,40,7,36.4,830202.2391
1.7,40,7,36.5,2767340.797
1.7,40,7,36.6,1660404.478
1.7,40,7,36.7,2767340.797
1.7,40,7,36.8,1937138.558
1.7,40,7,36.9,1383670.398
1.7,40,7,37,3597543.036
1.7,40,7,37.1,2490606.717
1.7,40,7,37.2,2490606.717
1.7,40,7,37.3,2490606.717
1.7,40,7,37.4,1106936.319
1.7,40,7,37.5,1383670.398
1.7,40,7,37.6,276734.0797
1.7,40,7,37.7,1106936.319
1.7,40,7,37.8,1106936.319
1.7,40,7,37.9,1106936.319
1.7,40,7,38,553468.1594
1.7,40,7,38.1,830202.2391
1.7,40,7,38.2,830202.2391
1.7,40,7,38.3,2490606.717
1.7,40,7,38.4,2490606.717
1.7,40,7,38.5,1660404.478
1.7,40,7,38.6,2490606.717
1.7,40,7,38.7,830202.2391
1.7,40,7,38.8,830202.2391
1.7,40,7,38.9,1106936.319
1.7,40,7,39,1106936.319
1.7,40,7,39.1,1937138.558
1.7,40,7,39.2,1383670.398
1.7,40,7,39.3,1106936.319
1.7,40,7,39.4,830202.2391
1.7,40,7,39.5,830202.2391
1.7,40,7,39.6,553468.1594
1.7,40,7,39.7,1106936.319
1.7,40,7,39.8,276734.0797
1.7,40,7,39.9,553468.1594
1.7,40,7,40,276734.0797
1.7,80,7,4.8,457136.676
1.7,80,7,5,457136.676
1.7,80,7,5.1,457136.676
1.7,80,7,5.2,457136.676
1.7,80,7,5.3,457136.676
1.7,80,7,5.4,457136.676
1.7,80,7,5.5,2285683.38
1.7,80,7,5.8,2742820.056
1.7,80,7,5.9,1371410.028
1.7,80,7,6,1828546.704
1.7,80,7,6.1,2742820.056
1.7,80,7,6.2,4114230.084
1.7,80,7,6.3,2742820.056
1.7,80,7,6.4,2285683.38
1.7,80,7,6.5,5028503.436
1.7,80,7,6.6,7771323.491
1.7,80,7,6.7,3657093.408
1.7,80,7,6.8,5028503.436
1.7,80,7,6.9,6399913.463
1.7,80,7,7,6399913.463
1.7,80,7,7.1,8228460.167
1.7,80,7,7.2,8685596.843
1.7,80,7,7.3,9599870.195
1.7,80,7,7.4,32913840.67
1.7,80,7,7.5,11885553.57
1.7,80,7,7.6,12342690.25
1.7,80,7,7.7,13714100.28
1.7,80,7,7.8,15085510.31
1.7,80,7,7.9,10514143.55
1.7,80,7,8,11885553.57
1.7,80,7,8.1,18742603.71
1.7,80,7,8.2,15085510.31
1.7,80,7,8.3,94627291.92
1.7,80,7,8.4,672448050.3
1.7,80,7,8.5,20114013.74
1.7,80,7,8.6,19199740.39
1.7,80,7,8.7,22399697.12
1.7,80,7,8.8,37485207.43
1.7,80,7,8.9,22856833.8
1.7,80,7,9,25142517.18
1.7,80,7,9.1,22856833.8
1.7,80,7,9.2,23313970.47
1.7,80,7,9.3,26513927.21
1.7,80,7,9.4,28342473.91
1.7,80,7,9.5,57599221.17
1.7,80,7,9.6,48913624.33
1.7,80,7,9.7,554506787.9
1.7,80,7,9.8,66284818.01
1.7,80,7,9.9,45256530.92
1.7,80,7,10,250053761.7
1.7,80,7,10.1,31542430.64
1.7,80,7,10.2,29713883.94
1.7,80,7,10.3,5942776.787
1.7,80,7,10.4,10514143.55
1.7,80,7,10.5,3657093.408
1.7,80,7,10.6,10057006.87
1.7,80,7,10.7,13714100.28
1.7,80,7,10.8,9599870.195
1.7,80,7,10.9,10514143.55
1.7,80,7,11,11885553.57
1.7,80,7,11.1,8685596.843
1.7,80,7,11.2,11885553.57
1.7,80,7,11.3,69941911.42
1.7,80,7,11.4,11885553.57
1.7,80,7,11.5,12342690.25
1.7,80,7,11.6,9599870.195
1.7,80,7,11.7,10514143.55
1.7,80,7,11.8,9142733.519
1.7,80,7,11.9,10057006.87
1.7,80,7,12,8228460.167
1.7,80,7,12.1,5942776.787
1.7,80,7,12.2,6399913.463
1.7,80,7,12.3,4114230.084
1.7,80,7,12.4,7314186.815
1.7,80,7,12.5,8685596.843
1.7,80,7,12.6,5942776.787
1.7,80,7,12.7,6399913.463
1.7,80,7,12.8,9599870.195
1.7,80,7,12.9,7314186.815
1.7,80,7,13,9142733.519
1.7,80,7,13.1,9142733.519
1.7,80,7,13.2,10057006.87
1.7,80,7,13.3,9599870.195
1.7,80,7,13.4,9142733.519
1.7,80,7,13.5,9599870.195
1.7,80,7,13.6,5942776.787
1.7,80,7,13.7,12799826.93
1.7,80,7,13.8,9142733.519
1.7,80,7,13.9,14171236.95
1.7,80,7,14,10971280.22
1.7,80,7,14.1,10057006.87
1.7,80,7,14.2,11428416.9
1.7,80,7,14.3,13714100.28
1.7,80,7,14.4,7771323.491
1.7,80,7,14.5,11428416.9
1.7,80,7,14.6,15542646.98
1.7,80,7,14.7,9599870.195
1.7,80,7,14.8,13256963.6
1.7,80,7,14.9,9142733.519
1.7,80,7,15,11428416.9
1.7,80,7,15.1,10514143.55
1.7,80,7,15.2,9142733.519
1.7,80,7,15.3,13714100.28
1.7,80,7,15.4,11885553.57
1.7,80,7,15.5,14628373.63
1.7,80,7,15.6,10057006.87
1.7,80,7,15.7,13256963.6
1.7,80,7,15.8,19199740.39
1.7,80,7,15.9,11428416.9
1.7,80,7,16,12799826.93
1.7,80,7,16.1,15542646.98
1.7,80,7,16.2,16456920.33
1.7,80,7,16.3,16914057.01
1.7,80,7,16.4,17828330.36
1.7,80,7,16.5,17371193.69
1.7,80,7,16.6,15999783.66
1.7,80,7,16.7,12799826.93
1.7,80,7,16.8,13256963.6
1.7,80,7,16.9,15085510.31
1.7,80,7,17,16914057.01
1.7,80,7,17.1,15085510.31
1.7,80,7,17.2,11885553.57
1.7,80,7,17.3,15999783.66
1.7,80,7,17.4,21485423.77
1.7,80,7,17.5,14171236.95
1.7,80,7,17.6,14628373.63
1.7,80,7,17.7,14628373.63
1.7,80,7,17.8,15999783.66
1.7,80,7,17.9,17371193.69
1.7,80,7,18,21942560.45
1.7,80,7,18.1,20114013.74
1.7,80,7,18.2,23771107.15
1.7,80,7,18.3,15999783.66
1.7,80,7,18.4,20114013.74
1.7,80,7,18.5,12342690.25
1.7,80,7,18.6,17371193.69
1.7,80,7,18.7,19199740.39
1.7,80,7,18.8,22399697.12
1.7,80,7,18.9,23771107.15
1.7,80,7,19,18285467.04
1.7,80,7,19.1,18285467.04
1.7,80,7,19.2,15542646.98
1.7,80,7,19.3,19199740.39
1.7,80,7,19.4,15999783.66
1.7,80,7,19.5,22856833.8
1.7,80,7,19.6,21028287.09
1.7,80,7,19.7,20114013.74
1.7,80,7,19.8,21028287.09
1.7,80,7,19.9,20114013.74
1.7,80,7,20,19199740.39
1.7,80,7,20.1,17371193.69
1.7,80,7,20.2,22856833.8
1.7,80,7,20.3,14171236.95
1.7,80,7,20.4,21485423.77
1.7,80,7,20.5,24228243.83
1.7,80,7,20.6,18742603.71
1.7,80,7,20.7,23313970.47
1.7,80,7,20.8,21028287.09
1.7,80,7,20.9,19199740.39
1.7,80,7,21,17371193.69
1.7,80,7,21.1,19656877.07
1.7,80,7,21.2,20114013.74
1.7,80,7,21.3,21942560.45
1.7,80,7,21.4,17828330.36
1.7,80,7,21.5,21942560.45
1.7,80,7,21.6,22399697.12
1.7,80,7,21.7,20571150.42
1.7,80,7,21.8,18285467.04
1.7,80,7,21.9,20571150.42
1.7,80,7,22,19199740.39
1.7,80,7,22.1,16914057.01
1.7,80,7,22.2,20571150.42
1.7,80,7,22.3,24685380.5
1.7,80,7,22.4,22399697.12
1.7,80,7,22.5,17371193.69
1.7,80,7,22.6,17371193.69
1.7,80,7,22.7,23771107.15
1.7,80,7,22.8,22399697.12
1.7,80,7,22.9,21028287.09
1.7,80,7,23,15542646.98
1.7,80,7,23.1,20571150.42
1.7,80,7,23.2,29256747.26
1.7,80,7,23.3,17828330.36
1.7,80,7,23.4,20571150.42
1.7,80,7,23.5,14628373.63
1.7,80,7,23.6,21028287.09
1.7,80,7,23.7,22856833.8
1.7,80,7,23.8,15999783.66
1.7,80,7,23.9,17828330.36
1.7,80,7,24,19199740.39
1.7,80,7,24.1,24228243.83
1.7,80,7,24.2,19656877.07
1.7,80,7,24.3,20571150.42
1.7,80,7,24.4,18285467.04
1.7,80,7,24.5,16914057.01
1.7,80,7,24.6,16914057.01
1.7,80,7,24.7,21028287.09
1.7,80,7,24.8,20571150.42
1.7,80,7,24.9,19199740.39
1.7,80,7,25,22856833.8
1.7,80,7,25.1,20571150.42
1.7,80,7,25.2,26056790.53
1.7,80,7,25.3,19199740.39
1.7,80,7,25.4,20571150.42
1.7,80,7,25.5,17371193.69
1.7,80,7,25.6,21028287.09
1.7,80,7,25.7,21028287.09
1.7,80,7,25.8,20114013.74
1.7,80,7,25.9,19199740.39
1.7,80,7,26,18742603.71
1.7,80,7,26.1,15542646.98
1.7,80,7,26.2,18742603.71
1.7,80,7,26.3,25142517.18
1.7,80,7,26.4,16456920.33
1.7,80,7,26.5,16914057.01
1.7,80,7,26.6,15085510.31
1.7,80,7,26.7,17371193.69
1.7,80,7,26.8,21028287.09
1.7,80,7,26.9,21942560.45
1.7,80,7,27,17371193.69
1.7,80,7,27.1,20571150.42
1.7,80,7,27.2,20114013.74
1.7,80,7,27.3,19656877.07
1.7,80,7,27.4,22399697.12
1.7,80,7,27.5,15085510.31
1.7,80,7,27.6,15999783.66
1.7,80,7,27.7,16456920.33
1.7,80,7,27.8,19199740.39
1.7,80,7,27.9,22399697.12
1.7,80,7,28,23313970.47
1.7,80,7,28.1,21485423.77
1.7,80,7,28.2,19656877.07
1.7,80,7,28.3,19656877.07
1.7,80,7,28.4,20114013.74
1.7,80,7,28.5,19199740.39
1.7,80,7,28.6,15999783.66
1.7,80,7,28.7,17828330.36
1.7,80,7,28.8,22856833.8
1.7,80,7,28.9,16914057.01
1.7,80,7,29,14628373.63
1.7,80,7,29.1,16456920.33
1.7,80,7,29.2,17828330.36
1.7,80,7,29.3,20114013.74
1.7,80,7,29.4,17371193.69
1.7,80,7,29.5,18742603.71
1.7,80,7,29.6,11428416.9
1.7,80,7,29.7,14171236.95
1.7,80,7,29.8,14171236.95
1.7,80,7,29.9,18742603.71
1.7,80,7,30,20114013.74
1.7,80,7,30.1,15999783.66
1.7,80,7,30.2,14628373.63
1.7,80,7,30.3,15085510.31
1.7,80,7,30.4,15999783.66
1.7,80,7,30.5,19199740.39
1.7,80,7,30.6,16914057.01
1.7,80,7,30.7,20571150.42
1.7,80,7,30.8,18285467.04
1.7,80,7,30.9,16456920.33
1.7,80,7,31,22856833.8
1.7,80,7,31.1,15085510.31
1.7,80,7,31.2,19199740.39
1.7,80,7,31.3,20571150.42
1.7,80,7,31.4,22856833.8
1.7,80,7,31.5,15085510.31
1.7,80,7,31.6,20571150.42
1.7,80,7,31.7,17828330.36
1.7,80,7,31.8,13714100.28
1.7,80,7,31.9,19656877.07
1.7,80,7,32,18742603.71
1.7,80,7,32.1,12799826.93
1.7,80,7,32.2,15542646.98
1.7,80,7,32.3,21485423.77
1.7,80,7,32.4,17371193.69
1.7,80,7,32.5,16456920.33
1.7,80,7,32.6,20571150.42
1.7,80,7,32.7,18285467.04
1.7,80,7,32.8,14171236.95
1.7,80,7,32.9,22399697.12
1.7,80,7,33,12799826.93
1.7,80,7,33.1,12342690.25
1.7,80,7,33.2,13714100.28
1.7,80,7,33.3,16456920.33
1.7,80,7,33.4,13714100.28
1.7,80,7,33.5,13714100.28
1.7,80,7,33.6,13256963.6
1.7,80,7,33.7,17371193.69
1.7,80,7,33.8,12799826.93
1.7,80,7,33.9,14628373.63
1.7,80,7,34,10514143.55
1.7,80,7,34.1,17371193.69
1.7,80,7,34.2,15085510.31
1.7,80,7,34.3,14171236.95
1.7,80,7,34.4,12799826.93
1.7,80,7,34.5,16914057.01
1.7,80,7,34.6,19656877.07
1.7,80,7,34.7,13714100.28
1.7,80,7,34.8,14628373.63
1.7,80,7,34.9,19199740.39
1.7,80,7,35,14628373.63
1.7,80,7,35.1,10971280.22
1.7,80,7,35.2,15542646.98
1.7,80,7,35.3,13714100.28
1.7,80,7,35.4,15542646.98
1.7,80,7,35.5,16456920.33
1.7,80,7,35.6,13256963.6
1.7,80,7,35.7,12342690.25
1.7,80,7,35.8,11885553.57
1.7,80,7,35.9,13256963.6
1.7,80,7,36,13256963.6
1.7,80,7,36.1,14171236.95
1.7,80,7,36.2,13256963.6
1.7,80,7,36.3,15085510.31
1.7,80,7,36.4,13714100.28
1.7,80,7,36.5,19199740.39
1.7,80,7,36.6,17371193.69
1.7,80,7,36.7,16456920.33
1.7,80,7,36.8,15542646.98
1.7,80,7,36.9,10971280.22
1.7,80,7,37,13256963.6
1.7,80,7,37.1,10971280.22
1.7,80,7,37.2,15999783.66
1.7,80,7,37.3,14628373.63
1.7,80,7,37.4,11428416.9
1.7,80,7,37.5,13714100.28
1.7,80,7,37.6,13714100.28
1.7,80,7,37.7,13256963.6
1.7,80,7,37.8,12342690.25
1.7,80,7,37.9,11428416.9
1.7,80,7,38,11428416.9
1.7,80,7,38.1,12799826.93
1.7,80,7,38.2,16914057.01
1.7,80,7,38.3,11885553.57
1.7,80,7,38.4,16914057.01
1.7,80,7,38.5,12799826.93
1.7,80,7,38.6,16456920.33
1.7,80,7,38.7,10971280.22
1.7,80,7,38.8,13714100.28
1.7,80,7,38.9,13714100.28
1.7,80,7,39,13714100.28
1.7,80,7,39.1,10514143.55
1.7,80,7,39.2,13256963.6
1.7,80,7,39.3,13714100.28
1.7,80,7,39.4,11885553.57
1.7,80,7,39.5,14628373.63
1.7,80,7,39.6,13256963.6
1.7,80,7,39.7,12342690.25
1.7,80,7,39.8,10057006.87
1.7,80,7,39.9,8685596.843
1.7,80,7,40,10971280.22
1.7,80,7,40.1,12799826.93
1.7,80,7,40.2,15085510.31
1.7,80,7,40.3,11885553.57
1.7,80,7,40.4,13256963.6
1.7,80,7,40.5,16456920.33
1.7,80,7,40.6,11428416.9
1.7,80,7,40.7,12799826.93
1.7,80,7,40.8,10057006.87
1.7,80,7,40.9,9599870.195
1.7,80,7,41,14171236.95
1.7,80,7,41.1,10971280.22
1.7,80,7,41.2,10971280.22
1.7,80,7,41.3,9599870.195
1.7,80,7,41.4,11428416.9
1.7,80,7,41.5,13256963.6
1.7,80,7,41.6,10057006.87
1.7,80,7,41.7,10971280.22
1.7,80,7,41.8,11885553.57
1.7,80,7,41.9,10971280.22
1.7,80,7,42,12799826.93
1.7,80,7,42.1,14628373.63
1.7,80,7,42.2,11428416.9
1.7,80,7,42.3,18285467.04
1.7,80,7,42.4,10971280.22
1.7,80,7,42.5,13256963.6
1.7,80,7,42.6,7771323.491
1.7,80,7,42.7,8228460.167
1.7,80,7,42.8,13714100.28
1.7,80,7,42.9,9599870.195
1.7,80,7,43,7314186.815
1.7,80,7,43.1,10971280.22
1.7,80,7,43.2,10971280.22
1.7,80,7,43.3,6399913.463
1.7,80,7,43.4,8685596.843
1.7,80,7,43.5,10514143.55
1.7,80,7,43.6,9142733.519
1.7,80,7,43.7,7771323.491
1.7,80,7,43.8,10514143.55
1.7,80,7,43.9,12342690.25
1.7,80,7,44,9142733.519
1.7,80,7,44.1,13714100.28
1.7,80,7,44.2,8228460.167
1.7,80,7,44.3,10057006.87
1.7,80,7,44.4,8228460.167
1.7,80,7,44.5,10971280.22
1.7,80,7,44.6,4114230.084
1.7,80,7,44.7,11428416.9
1.7,80,7,44.8,7771323.491
1.7,80,7,44.9,7771323.491
1.7,80,7,45,10057006.87
1.7,80,7,45.1,11428416.9
1.7,80,7,45.2,9142733.519
1.7,80,7,45.3,12342690.25
1.7,80,7,45.4,10514143.55
1.7,80,7,45.5,8685596.843
1.7,80,7,45.6,10057006.87
1.7,80,7,45.7,11428416.9
1.7,80,7,45.8,10971280.22
1.7,80,7,45.9,7771323.491
1.7,80,7,46,9599870.195
1.7,80,7,46.1,13256963.6
1.7,80,7,46.2,10514143.55
1.7,80,7,46.3,9142733.519
1.7,80,7,46.4,11885553.57
1.7,80,7,46.5,7314186.815
1.7,80,7,46.6,14628373.63
1.7,80,7,46.7,10514143.55
1.7,80,7,46.8,10514143.55
1.7,80,7,46.9,9599870.195
1.7,80,7,47,9599870.195
1.7,80,7,47.1,10514143.55
1.7,80,7,47.2,6857050.139
1.7,80,7,47.3,10057006.87
1.7,80,7,47.4,4571366.76
1.7,80,7,47.5,7771323.491
1.7,80,7,47.6,10514143.55
1.7,80,7,47.7,7771323.491
1.7,80,7,47.8,9599870.195
1.7,80,7,47.9,5485640.111
1.7,80,7,48,10971280.22
1.7,80,7,48.1,8685596.843
1.7,80,7,48.2,7771323.491
1.7,80,7,48.3,10057006.87
1.7,80,7,48.4,10057006.87
1.7,80,7,48.5,11885553.57
1.7,80,7,48.6,8228460.167
1.7,80,7,48.7,13714100.28
1.7,80,7,48.8,10514143.55
1.7,80,7,48.9,9599870.195
1.7,80,7,49,8228460.167
1.7,80,7,49.1,12342690.25
1.7,80,7,49.2,9142733.519
1.7,80,7,49.3,6857050.139
1.7,80,7,49.4,9142733.519
1.7,80,7,49.5,9142733.519
1.7,80,7,49.6,9142733.519
1.7,80,7,49.7,7314186.815
1.7,80,7,49.8,5942776.787
1.7,80,7,49.9,7771323.491
1.7,80,7,50,8228460.167
1.7,80,7,50.1,5942776.787
1.7,80,7,50.2,7771323.491
1.7,80,7,50.3,6857050.139
1.7,80,7,50.4,7314186.815
1.7,80,7,50.5,5942776.787
1.7,80,7,50.6,12799826.93
1.7,80,7,50.7,4571366.76
1.7,80,7,50.8,5942776.787
1.7,80,7,50.9,5942776.787
1.7,80,7,51,6857050.139
1.7,80,7,51.1,10057006.87
1.7,80,7,51.2,8685596.843
1.7,80,7,51.3,8228460.167
1.7,80,7,51.4,9142733.519
1.7,80,7,51.5,5028503.436
1.7,80,7,51.6,4571366.76
1.7,80,7,51.7,5485640.111
1.7,80,7,51.8,10057006.87
1.7,80,7,51.9,5942776.787
1.7,80,7,52,9599870.195
1.7,80,7,52.1,7771323.491
1.7,80,7,52.2,8228460.167
1.7,80,7,52.3,5485640.111
1.7,80,7,52.4,5942776.787
1.7,80,7,52.5,7314186.815
1.7,80,7,52.6,6399913.463
1.7,80,7,52.7,7771323.491
1.7,80,7,52.8,6857050.139
1.7,80,7,52.9,6399913.463
1.7,80,7,53,5485640.111
1.7,80,7,53.1,4114230.084
1.7,80,7,53.2,7771323.491
1.7,80,7,53.3,7771323.491
1.7,80,7,53.4,5942776.787
1.7,80,7,53.5,8228460.167
1.7,80,7,53.6,5485640.111
1.7,80,7,53.7,7771323.491
1.7,80,7,53.8,8228460.167
1.7,80,7,53.9,8228460.167
1.7,80,7,54,9599870.195
1.7,80,7,54.1,6857050.139
1.7,80,7,54.2,9142733.519
1.7,80,7,54.3,5485640.111
1.7,80,7,54.4,8228460.167
1.7,80,7,54.5,5942776.787
1.7,80,7,54.6,7314186.815
1.7,80,7,54.7,7771323.491
1.7,80,7,54.8,7771323.491
1.7,80,7,54.9,7314186.815
1.7,80,7,55,4114230.084
1.7,80,7,55.1,7771323.491
1.7,80,7,55.2,10057006.87
1.7,80,7,55.3,8685596.843
1.7,80,7,55.4,5028503.436
1.7,80,7,55.5,8685596.843
1.7,80,7,55.6,6399913.463
1.7,80,7,55.7,4571366.76
1.7,80,7,55.8,7771323.491
1.7,80,7,55.9,5942776.787
1.7,80,7,56,9599870.195
1.7,80,7,56.1,6399913.463
1.7,80,7,56.2,7314186.815
1.7,80,7,56.3,4571366.76
1.7,80,7,56.4,10057006.87
1.7,80,7,56.5,4571366.76
1.7,80,7,56.6,6857050.139
1.7,80,7,56.7,5485640.111
1.7,80,7,56.8,8228460.167
1.7,80,7,56.9,9142733.519
1.7,80,7,57,5028503.436
1.7,80,7,57.1,4114230.084
1.7,80,7,57.2,5485640.111
1.7,80,7,57.3,7314186.815
1.7,80,7,57.4,10057006.87
1.7,80,7,57.5,5485640.111
1.7,80,7,57.6,4114230.084
1.7,80,7,57.7,6399913.463
1.7,80,7,57.8,5028503.436
1.7,80,7,57.9,4571366.76
1.7,80,7,58,7771323.491
1.7,80,7,58.1,13714100.28
1.7,80,7,58.2,4571366.76
1.7,80,7,58.3,4114230.084
1.7,80,7,58.4,2742820.056
1.7,80,7,58.5,4114230.084
1.7,80,7,58.6,8228460.167
1.7,80,7,58.7,5028503.436
1.7,80,7,58.8,5028503.436
1.7,80,7,58.9,3657093.408
1.7,80,7,59,4114230.084
1.7,80,7,59.1,5028503.436
1.7,80,7,59.2,5485640.111
1.7,80,7,59.3,5485640.111
1.7,80,7,59.4,5028503.436
1.7,80,7,59.5,16914057.01
1.7,80,7,59.6,5485640.111
1.7,80,7,59.7,5485640.111
1.7,80,7,59.8,6857050.139
1.7,80,7,59.9,8228460.167
1.7,80,7,60,5028503.436
1.7,80,7,60.1,4114230.084
1.7,80,7,60.2,5942776.787
1.7,80,7,60.3,5485640.111
1.7,80,7,60.4,5485640.111
1.7,80,7,60.5,2742820.056
1.7,80,7,60.6,6857050.139
1.7,80,7,60.7,3657093.408
1.7,80,7,60.8,6399913.463
1.7,80,7,60.9,4571366.76
1.7,80,7,61,3199956.732
1.7,80,7,61.1,5028503.436
1.7,80,7,61.2,3657093.408
1.7,80,7,61.3,3199956.732
1.7,80,7,61.4,4571366.76
1.7,80,7,61.5,5028503.436
1.7,80,7,61.6,4571366.76
1.7,80,7,61.7,4571366.76
1.7,80,7,61.8,5028503.436
1.7,80,7,61.9,6399913.463
1.7,80,7,62,5485640.111
1.7,80,7,62.1,4114230.084
1.7,80,7,62.2,5485640.111
1.7,80,7,62.3,5942776.787
1.7,80,7,62.4,6399913.463
1.7,80,7,62.5,5942776.787
1.7,80,7,62.6,4114230.084
1.7,80,7,62.7,4114230.084
1.7,80,7,62.8,5028503.436
1.7,80,7,62.9,4114230.084
1.7,80,7,63,4114230.084
1.7,80,7,63.1,5942776.787
1.7,80,7,63.2,2742820.056
1.7,80,7,63.3,2285683.38
1.7,80,7,63.4,5942776.787
1.7,80,7,63.5,5485640.111
1.7,80,7,63.6,7771323.491
1.7,80,7,63.7,3657093.408
1.7,80,7,63.8,3657093.408
1.7,80,7,63.9,6857050.139
1.7,80,7,64,2742820.056
1.7,80,7,64.1,3657093.408
1.7,80,7,64.2,2285683.38
1.7,80,7,64.3,3199956.732
1.7,80,7,64.4,6857050.139
1.7,80,7,64.5,4114230.084
1.7,80,7,64.6,7314186.815
1.7,80,7,64.7,5028503.436
1.7,80,7,64.8,6857050.139
1.7,80,7,64.9,5028503.436
1.7,80,7,65,4114230.084
1.7,80,7,65.1,4114230.084
1.7,80,7,65.2,5028503.436
1.7,80,7,65.3,457136.676
1.7,80,7,65.4,5028503.436
1.7,80,7,65.5,7314186.815
1.7,80,7,65.6,6857050.139
1.7,80,7,65.7,3657093.408
1.7,80,7,65.8,3199956.732
1.7,80,7,65.9,2742820.056
1.7,80,7,66,4571366.76
1.7,80,7,66.1,3199956.732
1.7,80,7,66.2,3199956.732
1.7,80,7,66.3,5028503.436
1.7,80,7,66.4,4571366.76
1.7,80,7,66.5,3199956.732
1.7,80,7,66.6,5028503.436
1.7,80,7,66.7,3657093.408
1.7,80,7,66.8,3199956.732
1.7,80,7,66.9,2742820.056
1.7,80,7,67,4114230.084
1.7,80,7,67.1,4114230.084
1.7,80,7,67.2,5485640.111
1.7,80,7,67.3,2285683.38
1.7,80,7,67.4,7314186.815
1.7,80,7,67.5,2742820.056
1.7,80,7,67.6,1828546.704
1.7,80,7,67.7,5942776.787
1.7,80,7,67.8,3199956.732
1.7,80,7,67.9,4571366.76
1.7,80,7,68,2285683.38
1.7,80,7,68.1,2285683.38
1.7,80,7,68.2,1828546.704
1.7,80,7,68.3,2742820.056
1.7,80,7,68.4,4571366.76
1.7,80,7,68.5,4114230.084
1.7,80,7,68.6,5028503.436
1.7,80,7,68.7,3657093.408
1.7,80,7,68.8,4114230.084
1.7,80,7,68.9,5028503.436
1.7,80,7,69,1371410.028
1.7,80,7,69.1,4114230.084
1.7,80,7,69.2,2285683.38
1.7,80,7,69.3,5028503.436
1.7,80,7,69.4,2285683.38
1.7,80,7,69.5,2285683.38
1.7,80,7,69.6,3657093.408
1.7,80,7,69.7,2742820.056
1.7,80,7,69.8,2285683.38
1.7,80,7,69.9,1371410.028
1.7,80,7,70,2742820.056
1.7,80,7,70.1,2742820.056
1.7,80,7,70.2,4114230.084
1.7,80,7,70.3,4571366.76
1.7,80,7,70.4,457136.676
1.7,80,7,70.5,457136.676
1.7,80,7,70.6,1828546.704
1.7,80,7,70.7,1371410.028
1.7,80,7,70.8,2285683.38
1.7,80,7,70.9,2742820.056
1.7,80,7,71,2285683.38
1.7,80,7,71.1,4571366.76
1.7,80,7,71.2,1371410.028
1.7,80,7,71.3,2285683.38
1.7,80,7,71.4,1828546.704
1.7,80,7,71.5,3657093.408
1.7,80,7,71.6,2742820.056
1.7,80,7,71.7,914273.3519
1.7,80,7,71.8,2285683.38
1.7,80,7,71.9,1371410.028
1.7,80,7,72,2285683.38
1.7,80,7,72.1,4114230.084
1.7,80,7,72.2,2742820.056
1.7,80,7,72.3,2285683.38
1.7,80,7,72.4,2742820.056
1.7,80,7,72.5,1371410.028
1.7,80,7,72.6,1828546.704
1.7,80,7,72.7,1828546.704
1.7,80,7,72.8,2285683.38
1.7,80,7,72.9,2742820.056
1.7,80,7,73,2742820.056
1.7,80,7,73.1,2742820.056
1.7,80,7,73.2,1371410.028
1.7,80,7,73.3,4571366.76
1.7,80,7,73.4,1828546.704
1.7,80,7,73.5,1828546.704
1.7,80,7,73.6,2742820.056
1.7,80,7,73.7,2285683.38
1.7,80,7,73.8,1371410.028
1.7,80,7,73.9,2742820.056
1.7,80,7,74,1828546.704
1.7,80,7,74.1,457136.676
1.7,80,7,74.2,1828546.704
1.7,80,7,74.3,1371410.028
1.7,80,7,74.4,1371410.028
1.7,80,7,74.5,2285683.38
1.7,80,7,74.6,914273.3519
1.7,80,7,74.7,457136.676
1.7,80,7,74.8,1371410.028
1.7,80,7,74.9,3199956.732
1.7,80,7,75,3199956.732
1.7,80,7,75.1,2742820.056
1.7,80,7,75.2,457136.676
1.7,80,7,75.3,1371410.028
1.7,80,7,75.4,2285683.38
1.7,80,7,75.5,914273.3519
1.7,80,7,75.6,1371410.028
1.7,80,7,75.7,1828546.704
1.7,80,7,75.8,2285683.38
1.7,80,7,75.9,914273.3519
1.7,80,7,76,1371410.028
1.7,80,7,76.1,2742820.056
1.7,80,7,76.2,1828546.704
1.7,80,7,76.3,914273.3519
1.7,80,7,76.4,1828546.704
1.7,80,7,76.5,914273.3519
1.7,80,7,76.6,2285683.38
1.7,80,7,76.7,914273.3519
1.7,80,7,76.8,1828546.704
1.7,80,7,76.9,1371410.028
1.7,80,7,77,1371410.028
1.7,80,7,77.1,1371410.028
1.7,80,7,77.2,1371410.028
1.7,80,7,77.3,914273.3519
1.7,80,7,77.4,914273.3519
1.7,80,7,77.5,914273.3519
1.7,80,7,77.6,2285683.38
1.7,80,7,77.7,457136.676
1.7,80,7,77.8,1371410.028
1.7,80,7,77.9,2285683.38
1.7,80,7,78,457136.676
1.7,80,7,78.1,1371410.028
1.7,80,7,78.3,457136.676
1.7,80,7,78.4,914273.3519
1.7,80,7,78.5,457136.676
1.7,80,7,78.6,1371410.028
1.7,80,7,78.7,914273.3519
1.7,80,7,78.8,1371410.028
1.7,80,7,78.9,457136.676
1.7,80,7,79,914273.3519
1.7,80,7,79.1,457136.676
1.7,80,7,79.3,914273.3519
1.7,80,7,79.5,914273.3519
1.7,80,7,79.6,914273.3519
1.7,80,7,79.8,457136.676
1.7,150,7,0.3,809726.3991
1.7,150,7,3.8,1619452.798
1.7,150,7,4.1,2429179.197
1.7,150,7,4.3,1619452.798
1.7,150,7,4.4,1619452.798
1.7,150,7,4.5,4048631.996
1.7,150,7,4.6,1619452.798
1.7,150,7,4.7,4858358.395
1.7,150,7,4.8,7287537.592
1.7,150,7,4.9,8906990.39
1.7,150,7,5,5668084.794
1.7,150,7,5.1,9716716.789
1.7,150,7,5.2,8906990.39
1.7,150,7,5.3,7287537.592
1.7,150,7,5.4,4858358.395
1.7,150,7,5.5,10526443.19
1.7,150,7,5.6,12955622.39
1.7,150,7,5.7,15384801.58
1.7,150,7,5.8,16194527.98
1.7,150,7,5.9,10526443.19
1.7,150,7,6,18623707.18
1.7,150,7,6.1,21862612.78
1.7,150,7,6.2,21052886.38
1.7,150,7,6.3,29959876.77
1.7,150,7,6.4,23482065.57
1.7,150,7,6.5,25911244.77
1.7,150,7,6.6,25101518.37
1.7,150,7,6.7,23482065.57
1.7,150,7,6.8,22672339.18
1.7,150,7,6.9,21862612.78
1.7,150,7,7,31579329.57
1.7,150,7,7.1,39676593.56
1.7,150,7,7.2,30769603.17
1.7,150,7,7.3,36437687.96
1.7,150,7,7.4,122268686.3
1.7,150,7,7.5,46154404.75
1.7,150,7,7.6,48583583.95
1.7,150,7,7.7,47773857.55
1.7,150,7,7.8,42105772.75
1.7,150,7,7.9,33198782.36
1.7,150,7,8,50203036.75
1.7,150,7,8.1,54251668.74
1.7,150,7,8.2,43725225.55
1.7,150,7,8.3,302837673.3
1.7,150,7,8.4,2195168268
1.7,150,7,8.5,62348932.73
1.7,150,7,8.6,45344678.35
1.7,150,7,8.7,63158659.13
1.7,150,7,8.8,106883884.7
1.7,150,7,8.9,66397564.73
1.7,150,7,9,67207291.13
1.7,150,7,9.1,54251668.74
1.7,150,7,9.2,59919753.53
1.7,150,7,9.3,64778111.93
1.7,150,7,9.4,70446196.72
1.7,150,7,9.5,166803638.2
1.7,150,7,9.6,105264431.9
1.7,150,7,9.7,1578156752
1.7,150,7,9.8,200812147
1.7,150,7,9.9,153038289.4
1.7,150,7,10,671263184.9
1.7,150,7,10.1,76924007.92
1.7,150,7,10.2,93928262.3
1.7,150,7,10.3,42105772.75
1.7,150,7,10.4,34008508.76
1.7,150,7,10.5,50203036.75
1.7,150,7,10.6,34818235.16
1.7,150,7,10.7,33198782.36
1.7,150,7,10.8,36437687.96
1.7,150,7,10.9,41296046.35
1.7,150,7,11,34008508.76
1.7,150,7,11.1,41296046.35
1.7,150,7,11.2,42915499.15
1.7,150,7,11.3,239679014.1
1.7,150,7,11.4,55871121.54
1.7,150,7,11.5,41296046.35
1.7,150,7,11.6,54251668.74
1.7,150,7,11.7,50203036.75
1.7,150,7,11.8,29959876.77
1.7,150,7,11.9,26720971.17
1.7,150,7,12,44534951.95
1.7,150,7,12.1,31579329.57
1.7,150,7,12.2,30769603.17
1.7,150,7,12.3,26720971.17
1.7,150,7,12.4,29959876.77
1.7,150,7,12.5,32389055.96
1.7,150,7,12.6,30769603.17
1.7,150,7,12.7,30769603.17
1.7,150,7,12.8,31579329.57
1.7,150,7,12.9,34008508.76
1.7,150,7,13,34008508.76
1.7,150,7,13.1,25911244.77
1.7,150,7,13.2,33198782.36
1.7,150,7,13.3,25101518.37
1.7,150,7,13.4,42915499.15
1.7,150,7,13.5,38057140.76
1.7,150,7,13.6,34818235.16
1.7,150,7,13.7,31579329.57
1.7,150,7,13.8,30769603.17
1.7,150,7,13.9,32389055.96
1.7,150,7,14,38057140.76
1.7,150,7,14.1,38057140.76
1.7,150,7,14.2,27530697.57
1.7,150,7,14.3,40486319.96
1.7,150,7,14.4,38866867.16
1.7,150,7,14.5,32389055.96
1.7,150,7,14.6,38057140.76
1.7,150,7,14.7,38866867.16
1.7,150,7,14.8,44534951.95
1.7,150,7,14.9,34008508.76
1.7,150,7,15,36437687.96
1.7,150,7,15.1,43725225.55
1.7,150,7,15.2,38057140.76
1.7,150,7,15.3,30769603.17
1.7,150,7,15.4,35627961.56
1.7,150,7,15.5,42915499.15
1.7,150,7,15.6,35627961.56
1.7,150,7,15.7,44534951.95
1.7,150,7,15.8,42105772.75
1.7,150,7,15.9,42105772.75
1.7,150,7,16,51822489.54
1.7,150,7,16.1,48583583.95
1.7,150,7,16.2,42915499.15
1.7,150,7,16.3,40486319.96
1.7,150,7,16.4,58300300.74
1.7,150,7,16.5,43725225.55
1.7,150,7,16.6,38866867.16
1.7,150,7,16.7,41296046.35
1.7,150,7,16.8,44534951.95
1.7,150,7,16.9,44534951.95
1.7,150,7,17,42915499.15
1.7,150,7,17.1,44534951.95
1.7,150,7,17.2,58300300.74
1.7,150,7,17.3,38057140.76
1.7,150,7,17.4,32389055.96
1.7,150,7,17.5,42105772.75
1.7,150,7,17.6,37247414.36
1.7,150,7,17.7,50203036.75
1.7,150,7,17.8,46154404.75
1.7,150,7,17.9,46154404.75
1.7,150,7,18,42915499.15
1.7,150,7,18.1,46964131.15
1.7,150,7,18.2,48583583.95
1.7,150,7,18.3,51822489.54
1.7,150,7,18.4,43725225.55
1.7,150,7,18.5,43725225.55
1.7,150,7,18.6,49393310.35
1.7,150,7,18.7,44534951.95
1.7,150,7,18.8,40486319.96
1.7,150,7,18.9,39676593.56
1.7,150,7,19,44534951.95
1.7,150,7,19.1,38057140.76
1.7,150,7,19.2,46154404.75
1.7,150,7,19.3,39676593.56
1.7,150,7,19.4,48583583.95
1.7,150,7,19.5,35627961.56
1.7,150,7,19.6,39676593.56
1.7,150,7,19.7,55871121.54
1.7,150,7,19.8,42915499.15
1.7,150,7,19.9,47773857.55
1.7,150,7,20,36437687.96
1.7,150,7,20.1,60729479.93
1.7,150,7,20.2,36437687.96
1.7,150,7,20.3,52632215.94
1.7,150,7,20.4,38057140.76
1.7,150,7,20.5,46154404.75
1.7,150,7,20.6,36437687.96
1.7,150,7,20.7,34008508.76
1.7,150,7,20.8,46154404.75
1.7,150,7,20.9,41296046.35
1.7,150,7,21,51012763.14
1.7,150,7,21.1,43725225.55
1.7,150,7,21.2,38866867.16
1.7,150,7,21.3,36437687.96
1.7,150,7,21.4,38866867.16
1.7,150,7,21.5,41296046.35
1.7,150,7,21.6,41296046.35
1.7,150,7,21.7,47773857.55
1.7,150,7,21.8,35627961.56
1.7,150,7,21.9,43725225.55
1.7,150,7,22,33198782.36
1.7,150,7,22.1,49393310.35
1.7,150,7,22.2,41296046.35
1.7,150,7,22.3,36437687.96
1.7,150,7,22.4,38057140.76
1.7,150,7,22.5,50203036.75
1.7,150,7,22.6,38057140.76
1.7,150,7,22.7,53441942.34
1.7,150,7,22.8,49393310.35
1.7,150,7,22.9,37247414.36
1.7,150,7,23,51012763.14
1.7,150,7,23.1,41296046.35
1.7,150,7,23.2,44534951.95
1.7,150,7,23.3,45344678.35
1.7,150,7,23.4,45344678.35
1.7,150,7,23.5,42915499.15
1.7,150,7,23.6,51012763.14
1.7,150,7,23.7,46154404.75
1.7,150,7,23.8,43725225.55
1.7,150,7,23.9,37247414.36
1.7,150,7,24,50203036.75
1.7,150,7,24.1,37247414.36
1.7,150,7,24.2,46154404.75
1.7,150,7,24.3,48583583.95
1.7,150,7,24.4,49393310.35
1.7,150,7,24.5,46154404.75
1.7,150,7,24.6,49393310.35
1.7,150,7,24.7,50203036.75
1.7,150,7,24.8,51012763.14
1.7,150,7,24.9,40486319.96
1.7,150,7,25,39676593.56
1.7,150,7,25.1,39676593.56
1.7,150,7,25.2,46964131.15
1.7,150,7,25.3,49393310.35
1.7,150,7,25.4,40486319.96
1.7,150,7,25.5,48583583.95
1.7,150,7,25.6,31579329.57
1.7,150,7,25.7,40486319.96
1.7,150,7,25.8,38057140.76
1.7,150,7,25.9,40486319.96
1.7,150,7,26,35627961.56
1.7,150,7,26.1,46154404.75
1.7,150,7,26.2,42105772.75
1.7,150,7,26.3,42105772.75
1.7,150,7,26.4,28340423.97
1.7,150,7,26.5,29150150.37
1.7,150,7,26.6,43725225.55
1.7,150,7,26.7,41296046.35
1.7,150,7,26.8,36437687.96
1.7,150,7,26.9,38057140.76
1.7,150,7,27,34008508.76
1.7,150,7,27.1,38057140.76
1.7,150,7,27.2,34818235.16
1.7,150,7,27.3,46154404.75
1.7,150,7,27.4,40486319.96
1.7,150,7,27.5,41296046.35
1.7,150,7,27.6,50203036.75
1.7,150,7,27.7,34008508.76
1.7,150,7,27.8,38866867.16
1.7,150,7,27.9,48583583.95
1.7,150,7,28,34818235.16
1.7,150,7,28.1,35627961.56
1.7,150,7,28.2,37247414.36
1.7,150,7,28.3,36437687.96
1.7,150,7,28.4,37247414.36
1.7,150,7,28.5,46964131.15
1.7,150,7,28.6,53441942.34
1.7,150,7,28.7,34008508.76
1.7,150,7,28.8,38866867.16
1.7,150,7,28.9,47773857.55
1.7,150,7,29,40486319.96
1.7,150,7,29.1,38866867.16
1.7,150,7,29.2,34008508.76
1.7,150,7,29.3,32389055.96
1.7,150,7,29.4,46964131.15
1.7,150,7,29.5,43725225.55
1.7,150,7,29.6,34818235.16
1.7,150,7,29.7,34818235.16
1.7,150,7,29.8,30769603.17
1.7,150,7,29.9,34818235.16
1.7,150,7,30,34008508.76
1.7,150,7,30.1,34818235.16
1.7,150,7,30.2,46154404.75
1.7,150,7,30.3,34008508.76
1.7,150,7,30.4,40486319.96
1.7,150,7,30.5,34008508.76
1.7,150,7,30.6,44534951.95
1.7,150,7,30.7,40486319.96
1.7,150,7,30.8,31579329.57
1.7,150,7,30.9,42105772.75
1.7,150,7,31,38866867.16
1.7,150,7,31.1,38057140.76
1.7,150,7,31.2,33198782.36
1.7,150,7,31.3,44534951.95
1.7,150,7,31.4,38866867.16
1.7,150,7,31.5,35627961.56
1.7,150,7,31.6,41296046.35
1.7,150,7,31.7,37247414.36
1.7,150,7,31.8,25101518.37
1.7,150,7,31.9,41296046.35
1.7,150,7,32,32389055.96
1.7,150,7,32.1,41296046.35
1.7,150,7,32.2,29959876.77
1.7,150,7,32.3,45344678.35
1.7,150,7,32.4,31579329.57
1.7,150,7,32.5,34818235.16
1.7,150,7,32.6,36437687.96
1.7,150,7,32.7,30769603.17
1.7,150,7,32.8,34818235.16
1.7,150,7,32.9,41296046.35
1.7,150,7,33,30769603.17
1.7,150,7,33.1,36437687.96
1.7,150,7,33.2,36437687.96
1.7,150,7,33.3,29150150.37
1.7,150,7,33.4,47773857.55
1.7,150,7,33.5,42915499.15
1.7,150,7,33.6,37247414.36
1.7,150,7,33.7,42105772.75
1.7,150,7,33.8,35627961.56
1.7,150,7,33.9,34008508.76
1.7,150,7,34,32389055.96
1.7,150,7,34.1,38057140.76
1.7,150,7,34.2,33198782.36
1.7,150,7,34.3,40486319.96
1.7,150,7,34.4,33198782.36
1.7,150,7,34.5,36437687.96
1.7,150,7,34.6,36437687.96
1.7,150,7,34.7,29150150.37
1.7,150,7,34.8,40486319.96
1.7,150,7,34.9,34818235.16
1.7,150,7,35,42105772.75
1.7,150,7,35.1,34818235.16
1.7,150,7,35.2,31579329.57
1.7,150,7,35.3,36437687.96
1.7,150,7,35.4,31579329.57
1.7,150,7,35.5,32389055.96
1.7,150,7,35.6,34008508.76
1.7,150,7,35.7,37247414.36
1.7,150,7,35.8,28340423.97
1.7,150,7,35.9,34008508.76
1.7,150,7,36,28340423.97
1.7,150,7,36.1,31579329.57
1.7,150,7,36.2,27530697.57
1.7,150,7,36.3,34008508.76
1.7,150,7,36.4,25101518.37
1.7,150,7,36.5,28340423.97
1.7,150,7,36.6,31579329.57
1.7,150,7,36.7,38057140.76
1.7,150,7,36.8,30769603.17
1.7,150,7,36.9,31579329.57
1.7,150,7,37,31579329.57
1.7,150,7,37.1,37247414.36
1.7,150,7,37.2,29150150.37
1.7,150,7,37.3,34818235.16
1.7,150,7,37.4,21862612.78
1.7,150,7,37.5,30769603.17
1.7,150,7,37.6,37247414.36
1.7,150,7,37.7,32389055.96
1.7,150,7,37.8,29959876.77
1.7,150,7,37.9,27530697.57
1.7,150,7,38,34818235.16
1.7,150,7,38.1,26720971.17
1.7,150,7,38.2,27530697.57
1.7,150,7,38.3,21862612.78
1.7,150,7,38.4,30769603.17
1.7,150,7,38.5,25101518.37
1.7,150,7,38.6,23482065.57
1.7,150,7,38.7,25911244.77
1.7,150,7,38.8,28340423.97
1.7,150,7,38.9,26720971.17
1.7,150,7,39,17813980.78
1.7,150,7,39.1,17813980.78
1.7,150,7,39.2,22672339.18
1.7,150,7,39.3,31579329.57
1.7,150,7,39.4,28340423.97
1.7,150,7,39.5,24291791.97
1.7,150,7,39.6,31579329.57
1.7,150,7,39.7,31579329.57
1.7,150,7,39.8,23482065.57
1.7,150,7,39.9,32389055.96
1.7,150,7,40,21052886.38
1.7,150,7,40.1,29150150.37
1.7,150,7,40.2,29150150.37
1.7,150,7,40.3,28340423.97
1.7,150,7,40.4,28340423.97
1.7,150,7,40.5,22672339.18
1.7,150,7,40.6,26720971.17
1.7,150,7,40.7,20243159.98
1.7,150,7,40.8,25101518.37
1.7,150,7,40.9,24291791.97
1.7,150,7,41,27530697.57
1.7,150,7,41.1,22672339.18
1.7,150,7,41.2,25101518.37
1.7,150,7,41.3,34008508.76
1.7,150,7,41.4,30769603.17
1.7,150,7,41.5,25101518.37
1.7,150,7,41.6,25101518.37
1.7,150,7,41.7,22672339.18
1.7,150,7,41.8,29150150.37
1.7,150,7,41.9,18623707.18
1.7,150,7,42,33198782.36
1.7,150,7,42.1,21862612.78
1.7,150,7,42.2,29150150.37
1.7,150,7,42.3,25911244.77
1.7,150,7,42.4,21862612.78
1.7,150,7,42.5,29150150.37
1.7,150,7,42.6,29959876.77
1.7,150,7,42.7,21862612.78
1.7,150,7,42.8,24291791.97
1.7,150,7,42.9,28340423.97
1.7,150,7,43,34008508.76
1.7,150,7,43.1,23482065.57
1.7,150,7,43.2,25911244.77
1.7,150,7,43.3,20243159.98
1.7,150,7,43.4,25101518.37
1.7,150,7,43.5,24291791.97
1.7,150,7,43.6,30769603.17
1.7,150,7,43.7,17004254.38
1.7,150,7,43.8,23482065.57
1.7,150,7,43.9,21052886.38
1.7,150,7,44,33198782.36
1.7,150,7,44.1,25911244.77
1.7,150,7,44.2,29959876.77
1.7,150,7,44.3,19433433.58
1.7,150,7,44.4,31579329.57
1.7,150,7,44.5,21862612.78
1.7,150,7,44.6,21862612.78
1.7,150,7,44.7,21052886.38
1.7,150,7,44.8,25911244.77
1.7,150,7,44.9,25911244.77
1.7,150,7,45,17004254.38
1.7,150,7,45.1,19433433.58
1.7,150,7,45.2,22672339.18
1.7,150,7,45.3,20243159.98
1.7,150,7,45.4,25911244.77
1.7,150,7,45.5,21052886.38
1.7,150,7,45.6,22672339.18
1.7,150,7,45.7,22672339.18
1.7,150,7,45.8,21862612.78
1.7,150,7,45.9,21052886.38
1.7,150,7,46,25101518.37
1.7,150,7,46.1,24291791.97
1.7,150,7,46.2,34008508.76
1.7,150,7,46.3,32389055.96
1.7,150,7,46.4,18623707.18
1.7,150,7,46.5,18623707.18
1.7,150,7,46.6,20243159.98
1.7,150,7,46.7,23482065.57
1.7,150,7,46.8,21862612.78
1.7,150,7,46.9,16194527.98
1.7,150,7,47,17813980.78
1.7,150,7,47.1,25101518.37
1.7,150,7,47.2,21052886.38
1.7,150,7,47.3,21052886.38
1.7,150,7,47.4,33198782.36
1.7,150,7,47.5,17813980.78
1.7,150,7,47.6,26720971.17
1.7,150,7,47.7,17813980.78
1.7,150,7,47.8,15384801.58
1.7,150,7,47.9,24291791.97
1.7,150,7,48,17813980.78
1.7,150,7,48.1,26720971.17
1.7,150,7,48.2,23482065.57
1.7,150,7,48.3,25101518.37
1.7,150,7,48.4,21052886.38
1.7,150,7,48.5,18623707.18
1.7,150,7,48.6,15384801.58
1.7,150,7,48.7,25101518.37
1.7,150,7,48.8,18623707.18
1.7,150,7,48.9,25101518.37
1.7,150,7,49,17813980.78
1.7,150,7,49.1,24291791.97
1.7,150,7,49.2,27530697.57
1.7,150,7,49.3,18623707.18
1.7,150,7,49.4,15384801.58
1.7,150,7,49.5,23482065.57
1.7,150,7,49.6,17004254.38
1.7,150,7,49.7,23482065.57
1.7,150,7,49.8,23482065.57
1.7,150,7,49.9,17813980.78
1.7,150,7,50,22672339.18
1.7,150,7,50.1,19433433.58
1.7,150,7,50.2,9716716.789
1.7,150,7,50.3,16194527.98
1.7,150,7,50.4,21862612.78
1.7,150,7,50.5,21052886.38
1.7,150,7,50.6,27530697.57
1.7,150,7,50.7,16194527.98
1.7,150,7,50.8,20243159.98
1.7,150,7,50.9,25911244.77
1.7,150,7,51,22672339.18
1.7,150,7,51.1,23482065.57
1.7,150,7,51.2,20243159.98
1.7,150,7,51.3,15384801.58
1.7,150,7,51.4,12955622.39
1.7,150,7,51.5,17004254.38
1.7,150,7,51.6,26720971.17
1.7,150,7,51.7,21052886.38
1.7,150,7,51.8,13765348.78
1.7,150,7,51.9,18623707.18
1.7,150,7,52,26720971.17
1.7,150,7,52.1,16194527.98
1.7,150,7,52.2,15384801.58
1.7,150,7,52.3,19433433.58
1.7,150,7,52.4,15384801.58
1.7,150,7,52.5,16194527.98
1.7,150,7,52.6,18623707.18
1.7,150,7,52.7,17004254.38
1.7,150,7,52.8,21862612.78
1.7,150,7,52.9,25101518.37
1.7,150,7,53,14575075.18
1.7,150,7,53.1,17004254.38
1.7,150,7,53.2,23482065.57
1.7,150,7,53.3,17813980.78
1.7,150,7,53.4,21052886.38
1.7,150,7,53.5,21862612.78
1.7,150,7,53.6,18623707.18
1.7,150,7,53.7,23482065.57
1.7,150,7,53.8,19433433.58
1.7,150,7,53.9,21862612.78
1.7,150,7,54,21862612.78
1.7,150,7,54.1,20243159.98
1.7,150,7,54.2,21862612.78
1.7,150,7,54.3,17813980.78
1.7,150,7,54.4,17813980.78
1.7,150,7,54.5,18623707.18
1.7,150,7,54.6,25911244.77
1.7,150,7,54.7,18623707.18
1.7,150,7,54.8,15384801.58
1.7,150,7,54.9,18623707.18
1.7,150,7,55,21052886.38
1.7,150,7,55.1,17813980.78
1.7,150,7,55.2,12145895.99
1.7,150,7,55.3,15384801.58
1.7,150,7,55.4,16194527.98
1.7,150,7,55.5,18623707.18
1.7,150,7,55.6,19433433.58
1.7,150,7,55.7,16194527.98
1.7,150,7,55.8,16194527.98
1.7,150,7,55.9,11336169.59
1.7,150,7,56,21052886.38
1.7,150,7,56.1,18623707.18
1.7,150,7,56.2,18623707.18
1.7,150,7,56.3,13765348.78
1.7,150,7,56.4,17813980.78
1.7,150,7,56.5,21052886.38
1.7,150,7,56.6,18623707.18
1.7,150,7,56.7,13765348.78
1.7,150,7,56.8,17813980.78
1.7,150,7,56.9,20243159.98
1.7,150,7,57,16194527.98
1.7,150,7,57.1,12145895.99
1.7,150,7,57.2,24291791.97
1.7,150,7,57.3,12955622.39
1.7,150,7,57.4,21052886.38
1.7,150,7,57.5,15384801.58
1.7,150,7,57.6,17004254.38
1.7,150,7,57.7,23482065.57
1.7,150,7,57.8,12955622.39
1.7,150,7,57.9,21052886.38
1.7,150,7,58,18623707.18
1.7,150,7,58.1,197573241.4
1.7,150,7,58.2,16194527.98
1.7,150,7,58.3,21862612.78
1.7,150,7,58.4,19433433.58
1.7,150,7,58.5,17813980.78
1.7,150,7,58.6,17004254.38
1.7,150,7,58.7,17004254.38
1.7,150,7,58.8,16194527.98
1.7,150,7,58.9,12955622.39
1.7,150,7,59,17004254.38
1.7,150,7,59.1,11336169.59
1.7,150,7,59.2,15384801.58
1.7,150,7,59.3,17004254.38
1.7,150,7,59.4,15384801.58
1.7,150,7,59.5,381381134
1.7,150,7,59.6,18623707.18
1.7,150,7,59.7,23482065.57
1.7,150,7,59.8,16194527.98
1.7,150,7,59.9,22672339.18
1.7,150,7,60,16194527.98
1.7,150,7,60.1,17813980.78
1.7,150,7,60.2,16194527.98
1.7,150,7,60.3,17004254.38
1.7,150,7,60.4,11336169.59
1.7,150,7,60.5,19433433.58
1.7,150,7,60.6,13765348.78
1.7,150,7,60.7,12955622.39
1.7,150,7,60.8,14575075.18
1.7,150,7,60.9,17813980.78
1.7,150,7,61,15384801.58
1.7,150,7,61.1,17813980.78
1.7,150,7,61.2,9716716.789
1.7,150,7,61.3,13765348.78
1.7,150,7,61.4,14575075.18
1.7,150,7,61.5,21862612.78
1.7,150,7,61.6,15384801.58
1.7,150,7,61.7,19433433.58
1.7,150,7,61.8,14575075.18
1.7,150,7,61.9,21052886.38
1.7,150,7,62,19433433.58
1.7,150,7,62.1,21052886.38
1.7,150,7,62.2,12145895.99
1.7,150,7,62.3,12955622.39
1.7,150,7,62.4,12955622.39
1.7,150,7,62.5,8906990.39
1.7,150,7,62.6,17004254.38
1.7,150,7,62.7,17813980.78
1.7,150,7,62.8,11336169.59
1.7,150,7,62.9,12145895.99
1.7,150,7,63,18623707.18
1.7,150,7,63.1,17813980.78
1.7,150,7,63.2,21052886.38
1.7,150,7,63.3,10526443.19
1.7,150,7,63.4,10526443.19
1.7,150,7,63.5,10526443.19
1.7,150,7,63.6,17813980.78
1.7,150,7,63.7,22672339.18
1.7,150,7,63.8,12145895.99
1.7,150,7,63.9,16194527.98
1.7,150,7,64,12145895.99
1.7,150,7,64.1,8906990.39
1.7,150,7,64.2,11336169.59
1.7,150,7,64.3,12955622.39
1.7,150,7,64.4,24291791.97
1.7,150,7,64.5,14575075.18
1.7,150,7,64.6,14575075.18
1.7,150,7,64.7,13765348.78
1.7,150,7,64.8,13765348.78
1.7,150,7,64.9,14575075.18
1.7,150,7,65,14575075.18
1.7,150,7,65.1,17813980.78
1.7,150,7,65.2,10526443.19
1.7,150,7,65.3,14575075.18
1.7,150,7,65.4,12955622.39
1.7,150,7,65.5,10526443.19
1.7,150,7,65.6,14575075.18
1.7,150,7,65.7,9716716.789
1.7,150,7,65.8,15384801.58
1.7,150,7,65.9,13765348.78
1.7,150,7,66,20243159.98
1.7,150,7,66.1,17813980.78
1.7,150,7,66.2,14575075.18
1.7,150,7,66.3,13765348.78
1.7,150,7,66.4,12955622.39
1.7,150,7,66.5,16194527.98
1.7,150,7,66.6,15384801.58
1.7,150,7,66.7,9716716.789
1.7,150,7,66.8,14575075.18
1.7,150,7,66.9,17004254.38
1.7,150,7,67,9716716.789
1.7,150,7,67.1,45344678.35
1.7,150,7,67.2,16194527.98
1.7,150,7,67.3,8906990.39
1.7,150,7,67.4,87450451.1
1.7,150,7,67.5,14575075.18
1.7,150,7,67.6,25911244.77
1.7,150,7,67.7,14575075.18
1.7,150,7,67.8,10526443.19
1.7,150,7,67.9,12145895.99
1.7,150,7,68,17004254.38
1.7,150,7,68.1,14575075.18
1.7,150,7,68.2,4048631.996
1.7,150,7,68.3,11336169.59
1.7,150,7,68.4,14575075.18
1.7,150,7,68.5,12955622.39
1.7,150,7,68.6,22672339.18
1.7,150,7,68.7,12145895.99
1.7,150,7,68.8,7287537.592
1.7,150,7,68.9,9716716.789
1.7,150,7,69,12145895.99
1.7,150,7,69.1,8097263.991
1.7,150,7,69.2,16194527.98
1.7,150,7,69.3,21862612.78
1.7,150,7,69.4,8097263.991
1.7,150,7,69.5,17004254.38
1.7,150,7,69.6,17813980.78
1.7,150,7,69.7,15384801.58
1.7,150,7,69.8,8097263.991
1.7,150,7,69.9,8097263.991
1.7,150,7,70,10526443.19
1.7,150,7,70.1,13765348.78
1.7,150,7,70.2,4858358.395
1.7,150,7,70.3,8906990.39
1.7,150,7,70.4,13765348.78
1.7,150,7,70.5,10526443.19
1.7,150,7,70.6,12955622.39
1.7,150,7,70.7,14575075.18
1.7,150,7,70.8,10526443.19
1.7,150,7,70.9,12955622.39
1.7,150,7,71,12955622.39
1.7,150,7,71.1,12955622.39
1.7,150,7,71.2,9716716.789
1.7,150,7,71.3,9716716.789
1.7,150,7,71.4,14575075.18
1.7,150,7,71.5,13765348.78
1.7,150,7,71.6,14575075.18
1.7,150,7,71.7,13765348.78
1.7,150,7,71.8,12955622.39
1.7,150,7,71.9,15384801.58
1.7,150,7,72,9716716.789
1.7,150,7,72.1,18623707.18
1.7,150,7,72.2,12145895.99
1.7,150,7,72.3,12145895.99
1.7,150,7,72.4,16194527.98
1.7,150,7,72.5,4858358.395
1.7,150,7,72.6,8906990.39
1.7,150,7,72.7,12145895.99
1.7,150,7,72.8,8906990.39
1.7,150,7,72.9,14575075.18
1.7,150,7,73,10526443.19
1.7,150,7,73.1,12145895.99
1.7,150,7,73.2,14575075.18
1.7,150,7,73.3,10526443.19
1.7,150,7,73.4,10526443.19
1.7,150,7,73.5,10526443.19
1.7,150,7,73.6,16194527.98
1.7,150,7,73.7,14575075.18
1.7,150,7,73.8,8906990.39
1.7,150,7,73.9,16194527.98
1.7,150,7,74,7287537.592
1.7,150,7,74.1,4858358.395
1.7,150,7,74.2,11336169.59
1.7,150,7,74.3,11336169.59
1.7,150,7,74.4,14575075.18
1.7,150,7,74.5,8097263.991
1.7,150,7,74.6,14575075.18
1.7,150,7,74.7,11336169.59
1.7,150,7,74.8,8906990.39
1.7,150,7,74.9,13765348.78
1.7,150,7,75,12145895.99
1.7,150,7,75.1,11336169.59
1.7,150,7,75.2,15384801.58
1.7,150,7,75.3,8906990.39
1.7,150,7,75.4,9716716.789
1.7,150,7,75.5,12145895.99
1.7,150,7,75.6,12955622.39
1.7,150,7,75.7,11336169.59
1.7,150,7,75.8,5668084.794
1.7,150,7,75.9,12145895.99
1.7,150,7,76,6477811.193
1.7,150,7,76.1,4858358.395
1.7,150,7,76.2,9716716.789
1.7,150,7,76.3,10526443.19
1.7,150,7,76.4,9716716.789
1.7,150,7,76.5,8097263.991
1.7,150,7,76.6,10526443.19
1.7,150,7,76.7,12955622.39
1.7,150,7,76.8,10526443.19
1.7,150,7,76.9,8906990.39
1.7,150,7,77,8906990.39
1.7,150,7,77.1,13765348.78
1.7,150,7,77.2,12955622.39
1.7,150,7,77.3,8097263.991
1.7,150,7,77.4,12955622.39
1.7,150,7,77.5,8906990.39
1.7,150,7,77.6,11336169.59
1.7,150,7,77.7,8906990.39
1.7,150,7,77.8,12955622.39
1.7,150,7,77.9,7287537.592
1.7,150,7,78,5668084.794
1.7,150,7,78.1,8097263.991
1.7,150,7,78.2,13765348.78
1.7,150,7,78.3,8906990.39
1.7,150,7,78.4,12145895.99
1.7,150,7,78.5,12145895.99
1.7,150,7,78.6,18623707.18
1.7,150,7,78.7,5668084.794
1.7,150,7,78.8,4858358.395
1.7,150,7,78.9,7287537.592
1.7,150,7,79,8906990.39
1.7,150,7,79.1,11336169.59
1.7,150,7,79.2,16194527.98
1.7,150,7,79.3,12955622.39
1.7,150,7,79.4,11336169.59
1.7,150,7,79.5,12955622.39
1.7,150,7,79.6,12145895.99
1.7,150,7,79.7,8097263.991
1.7,150,7,79.8,8906990.39
1.7,150,7,79.9,5668084.794
1.7,150,7,80,9716716.789
1.7,150,7,80.1,8906990.39
1.7,150,7,80.2,8097263.991
1.7,150,7,80.3,7287537.592
1.7,150,7,80.4,7287537.592
1.7,150,7,80.5,17004254.38
1.7,150,7,80.6,8906990.39
1.7,150,7,80.7,11336169.59
1.7,150,7,80.8,5668084.794
1.7,150,7,80.9,8097263.991
1.7,150,7,81,4048631.996
1.7,150,7,81.1,7287537.592
1.7,150,7,81.2,13765348.78
1.7,150,7,81.3,10526443.19
1.7,150,7,81.4,8906990.39
1.7,150,7,81.5,8906990.39
1.7,150,7,81.6,8906990.39
1.7,150,7,81.7,10526443.19
1.7,150,7,81.8,7287537.592
1.7,150,7,81.9,7287537.592
1.7,150,7,82,12145895.99
1.7,150,7,82.1,7287537.592
1.7,150,7,82.2,6477811.193
1.7,150,7,82.3,12145895.99
1.7,150,7,82.4,8906990.39
1.7,150,7,82.5,9716716.789
1.7,150,7,82.6,4858358.395
1.7,150,7,82.7,11336169.59
1.7,150,7,82.8,12955622.39
1.7,150,7,82.9,10526443.19
1.7,150,7,83,9716716.789
1.7,150,7,83.1,8097263.991
1.7,150,7,83.2,7287537.592
1.7,150,7,83.3,8097263.991
1.7,150,7,83.4,9716716.789
1.7,150,7,83.5,8906990.39
1.7,150,7,83.6,8097263.991
1.7,150,7,83.7,10526443.19
1.7,150,7,83.8,12955622.39
1.7,150,7,83.9,4048631.996
1.7,150,7,84,4858358.395
1.7,150,7,84.1,11336169.59
1.7,150,7,84.2,8906990.39
1.7,150,7,84.3,10526443.19
1.7,150,7,84.4,8097263.991
1.7,150,7,84.5,10526443.19
1.7,150,7,84.6,11336169.59
1.7,150,7,84.7,10526443.19
1.7,150,7,84.8,6477811.193
1.7,150,7,84.9,8097263.991
1.7,150,7,85,8906990.39
1.7,150,7,85.1,8906990.39
1.7,150,7,85.2,6477811.193
1.7,150,7,85.3,13765348.78
1.7,150,7,85.4,12145895.99
1.7,150,7,85.5,8906990.39
1.7,150,7,85.6,5668084.794
1.7,150,7,85.7,8906990.39
1.7,150,7,85.8,8906990.39
1.7,150,7,85.9,9716716.789
1.7,150,7,86,12955622.39
1.7,150,7,86.1,5668084.794
1.7,150,7,86.2,10526443.19
1.7,150,7,86.3,4858358.395
1.7,150,7,86.4,7287537.592
1.7,150,7,86.5,6477811.193
1.7,150,7,86.6,7287537.592
1.7,150,7,86.7,12145895.99
1.7,150,7,86.8,8097263.991
1.7,150,7,86.9,8906990.39
1.7,150,7,87,7287537.592
1.7,150,7,87.1,8906990.39
1.7,150,7,87.2,8906990.39
1.7,150,7,87.3,2429179.197
1.7,150,7,87.4,9716716.789
1.7,150,7,87.5,4858358.395
1.7,150,7,87.6,8097263.991
1.7,150,7,87.7,4858358.395
1.7,150,7,87.8,13765348.78
1.7,150,7,87.9,6477811.193
1.7,150,7,88,14575075.18
1.7,150,7,88.1,6477811.193
1.7,150,7,88.2,7287537.592
1.7,150,7,88.3,7287537.592
1.7,150,7,88.4,5668084.794
1.7,150,7,88.5,7287537.592
1.7,150,7,88.6,5668084.794
1.7,150,7,88.7,8906990.39
1.7,150,7,88.8,6477811.193
1.7,150,7,88.9,17813980.78
1.7,150,7,89,9716716.789
1.7,150,7,89.1,5668084.794
1.7,150,7,89.2,5668084.794
1.7,150,7,89.3,11336169.59
1.7,150,7,89.4,18623707.18
1.7,150,7,89.5,6477811.193
1.7,150,7,89.6,9716716.789
1.7,150,7,89.7,13765348.78
1.7,150,7,89.8,11336169.59
1.7,150,7,89.9,7287537.592
1.7,150,7,90,7287537.592
1.7,150,7,90.1,9716716.789
1.7,150,7,90.2,4858358.395
1.7,150,7,90.3,4858358.395
1.7,150,7,90.4,7287537.592
1.7,150,7,90.5,2429179.197
1.7,150,7,90.6,8906990.39
1.7,150,7,90.7,8906990.39
1.7,150,7,90.8,10526443.19
1.7,150,7,90.9,3238905.596
1.7,150,7,91,4858358.395
1.7,150,7,91.1,6477811.193
1.7,150,7,91.2,8097263.991
1.7,150,7,91.3,4048631.996
1.7,150,7,91.4,12955622.39
1.7,150,7,91.5,11336169.59
1.7,150,7,91.6,8097263.991
1.7,150,7,91.7,8097263.991
1.7,150,7,91.8,10526443.19
1.7,150,7,91.9,8097263.991
1.7,150,7,92,5668084.794
1.7,150,7,92.1,8906990.39
1.7,150,7,92.2,8097263.991
1.7,150,7,92.3,4858358.395
1.7,150,7,92.4,10526443.19
1.7,150,7,92.5,6477811.193
1.7,150,7,92.6,1619452.798
1.7,150,7,92.7,8906990.39
1.7,150,7,92.8,4048631.996
1.7,150,7,92.9,6477811.193
1.7,150,7,93,4858358.395
1.7,150,7,93.1,10526443.19
1.7,150,7,93.2,8906990.39
1.7,150,7,93.3,7287537.592
1.7,150,7,93.4,13765348.78
1.7,150,7,93.5,11336169.59
1.7,150,7,93.6,8906990.39
1.7,150,7,93.7,8097263.991
1.7,150,7,93.8,4858358.395
1.7,150,7,93.9,8906990.39
1.7,150,7,94,7287537.592
1.7,150,7,94.1,5668084.794
1.7,150,7,94.2,4858358.395
1.7,150,7,94.3,6477811.193
1.7,150,7,94.4,8097263.991
1.7,150,7,94.5,8097263.991
1.7,150,7,94.6,6477811.193
1.7,150,7,94.7,5668084.794
1.7,150,7,94.8,5668084.794
1.7,150,7,94.9,6477811.193
1.7,150,7,95,6477811.193
1.7,150,7,95.1,10526443.19
1.7,150,7,95.2,8906990.39
1.7,150,7,95.3,8906990.39
1.7,150,7,95.4,10526443.19
1.7,150,7,95.5,4858358.395
1.7,150,7,95.6,6477811.193
1.7,150,7,95.7,9716716.789
1.7,150,7,95.8,5668084.794
1.7,150,7,95.9,5668084.794
1.7,150,7,96,4048631.996
1.7,150,7,96.1,4858358.395
1.7,150,7,96.2,4858358.395
1.7,150,7,96.3,4858358.395
1.7,150,7,96.4,8906990.39
1.7,150,7,96.5,4858358.395
1.7,150,7,96.6,5668084.794
1.7,150,7,96.7,8906990.39
1.7,150,7,96.8,3238905.596
1.7,150,7,96.9,4858358.395
1.7,150,7,97,4858358.395
1.7,150,7,97.1,4858358.395
1.7,150,7,97.2,4858358.395
1.7,150,7,97.3,12145895.99
1.7,150,7,97.4,4048631.996
1.7,150,7,97.5,5668084.794
1.7,150,7,97.6,4858358.395
1.7,150,7,97.7,5668084.794
1.7,150,7,97.8,5668084.794
1.7,150,7,97.9,3238905.596
1.7,150,7,98,5668084.794
1.7,150,7,98.1,5668084.794
1.7,150,7,98.2,6477811.193
1.7,150,7,98.3,7287537.592
1.7,150,7,98.4,4048631.996
1.7,150,7,98.5,4048631.996
1.7,150,7,98.6,7287537.592
1.7,150,7,98.7,4048631.996
1.7,150,7,98.8,7287537.592
1.7,150,7,98.9,6477811.193
1.7,150,7,99,8097263.991
1.7,150,7,99.1,5668084.794
1.7,150,7,99.2,2429179.197
1.7,150,7,99.3,7287537.592
1.7,150,7,99.4,6477811.193
1.7,150,7,99.5,7287537.592
1.7,150,7,99.6,6477811.193
1.7,150,7,99.7,5668084.794
1.7,150,7,99.8,4048631.996
1.7,150,7,99.9,4048631.996
1.7,150,7,100,5668084.794
1.7,150,7,100.1,9716716.789
1.7,150,7,100.2,8097263.991
1.7,150,7,100.3,9716716.789
1.7,150,7,100.4,5668084.794
1.7,150,7,100.5,7287537.592
1.7,150,7,100.6,11336169.59
1.7,150,7,100.7,8906990.39
1.7,150,7,100.8,4858358.395
1.7,150,7,100.9,5668084.794
1.7,150,7,101,5668084.794
1.7,150,7,101.1,5668084.794
1.7,150,7,101.2,6477811.193
1.7,150,7,101.3,6477811.193
1.7,150,7,101.4,6477811.193
1.7,150,7,101.5,12955622.39
1.7,150,7,101.6,10526443.19
1.7,150,7,101.7,7287537.592
1.7,150,7,101.8,5668084.794
1.7,150,7,101.9,3238905.596
1.7,150,7,102,4858358.395
1.7,150,7,102.1,8097263.991
1.7,150,7,102.2,6477811.193
1.7,150,7,102.3,5668084.794
1.7,150,7,102.4,12145895.99
1.7,150,7,102.5,4858358.395
1.7,150,7,102.6,8097263.991
1.7,150,7,102.7,5668084.794
1.7,150,7,102.8,7287537.592
1.7,150,7,102.9,7287537.592
1.7,150,7,103,8097263.991
1.7,150,7,103.1,6477811.193
1.7,150,7,103.2,4048631.996
1.7,150,7,103.3,9716716.789
1.7,150,7,103.4,4858358.395
1.7,150,7,103.5,3238905.596
1.7,150,7,103.6,4858358.395
1.7,150,7,103.7,8906990.39
1.7,150,7,103.8,8906990.39
1.7,150,7,103.9,6477811.193
1.7,150,7,104,6477811.193
1.7,150,7,104.1,3238905.596
1.7,150,7,104.2,3238905.596
1.7,150,7,104.3,7287537.592
1.7,150,7,104.4,4858358.395
1.7,150,7,104.5,4048631.996
1.7,150,7,104.6,4858358.395
1.7,150,7,104.7,5668084.794
1.7,150,7,104.8,4858358.395
1.7,150,7,104.9,8906990.39
1.7,150,7,105,4048631.996
1.7,150,7,105.1,5668084.794
1.7,150,7,105.2,4858358.395
1.7,150,7,105.3,6477811.193
1.7,150,7,105.4,4858358.395
1.7,150,7,105.5,7287537.592
1.7,150,7,105.6,7287537.592
1.7,150,7,105.7,6477811.193
1.7,150,7,105.8,2429179.197
1.7,150,7,105.9,4048631.996
1.7,150,7,106,4048631.996
1.7,150,7,106.1,4048631.996
1.7,150,7,106.2,4048631.996
1.7,150,7,106.3,4858358.395
1.7,150,7,106.4,2429179.197
1.7,150,7,106.5,6477811.193
1.7,150,7,106.6,6477811.193
1.7,150,7,106.7,8906990.39
1.7,150,7,106.8,4858358.395
1.7,150,7,106.9,2429179.197
1.7,150,7,107,6477811.193
1.7,150,7,107.1,9716716.789
1.7,150,7,107.2,5668084.794
1.7,150,7,107.3,7287537.592
1.7,150,7,107.4,4048631.996
1.7,150,7,107.5,5668084.794
1.7,150,7,107.6,4858358.395
1.7,150,7,107.7,8906990.39
1.7,150,7,107.8,3238905.596
1.7,150,7,107.9,5668084.794
1.7,150,7,108,4858358.395
1.7,150,7,108.1,5668084.794
1.7,150,7,108.2,4858358.395
1.7,150,7,108.3,4858358.395
1.7,150,7,108.4,4858358.395
1.7,150,7,108.5,3238905.596
1.7,150,7,108.6,7287537.592
1.7,150,7,108.7,5668084.794
1.7,150,7,108.8,2429179.197
1.7,150,7,108.9,4048631.996
1.7,150,7,109,4858358.395
1.7,150,7,109.1,5668084.794
1.7,150,7,109.2,7287537.592
1.7,150,7,109.3,4048631.996
1.7,150,7,109.4,3238905.596
1.7,150,7,109.5,5668084.794
1.7,150,7,109.6,6477811.193
1.7,150,7,109.7,6477811.193
1.7,150,7,109.8,4048631.996
1.7,150,7,109.9,5668084.794
1.7,150,7,110,11336169.59
1.7,150,7,110.1,4858358.395
1.7,150,7,110.2,3238905.596
1.7,150,7,110.3,1619452.798
1.7,150,7,110.4,5668084.794
1.7,150,7,110.5,4048631.996
1.7,150,7,110.6,4048631.996
1.7,150,7,110.7,3238905.596
1.7,150,7,110.8,4048631.996
1.7,150,7,110.9,4048631.996
1.7,150,7,111,6477811.193
1.7,150,7,111.1,3238905.596
1.7,150,7,111.2,6477811.193
1.7,150,7,111.3,6477811.193
1.7,150,7,111.4,4858358.395
1.7,150,7,111.5,3238905.596
1.7,150,7,111.6,4858358.395
1.7,150,7,111.7,4858358.395
1.7,150,7,111.8,2429179.197
1.7,150,7,111.9,3238905.596
1.7,150,7,112,4048631.996
1.7,150,7,112.1,4858358.395
1.7,150,7,112.2,2429179.197
1.7,150,7,112.3,5668084.794
1.7,150,7,112.4,1619452.798
1.7,150,7,112.5,6477811.193
1.7,150,7,112.6,6477811.193
1.7,150,7,112.7,4048631.996
1.7,150,7,112.8,4858358.395
1.7,150,7,112.9,4048631.996
1.7,150,7,113,4048631.996
1.7,150,7,113.1,4858358.395
1.7,150,7,113.2,7287537.592
1.7,150,7,113.3,5668084.794
1.7,150,7,113.4,4858358.395
1.7,150,7,113.5,4858358.395
1.7,150,7,113.6,8906990.39
1.7,150,7,113.7,4048631.996
1.7,150,7,113.8,5668084.794
1.7,150,7,113.9,4858358.395
1.7,150,7,114,4858358.395
1.7,150,7,114.1,4048631.996
1.7,150,7,114.2,3238905.596
1.7,150,7,114.3,4048631.996
1.7,150,7,114.4,4048631.996
1.7,150,7,114.5,3238905.596
1.7,150,7,114.6,6477811.193
1.7,150,7,114.7,3238905.596
1.7,150,7,114.8,4858358.395
1.7,150,7,114.9,6477811.193
1.7,150,7,115,5668084.794
1.7,150,7,115.1,4858358.395
1.7,150,7,115.2,809726.3991
1.7,150,7,115.3,5668084.794
1.7,150,7,115.4,1619452.798
1.7,150,7,115.5,4858358.395
1.7,150,7,115.6,6477811.193
1.7,150,7,115.7,4048631.996
1.7,150,7,115.8,2429179.197
1.7,150,7,115.9,7287537.592
1.7,150,7,116,6477811.193
1.7,150,7,116.1,809726.3991
1.7,150,7,116.2,4048631.996
1.7,150,7,116.3,4858358.395
1.7,150,7,116.4,3238905.596
1.7,150,7,116.5,4048631.996
1.7,150,7,116.6,2429179.197
1.7,150,7,116.7,4048631.996
1.7,150,7,116.8,5668084.794
1.7,150,7,116.9,4858358.395
1.7,150,7,117,4858358.395
1.7,150,7,117.1,3238905.596
1.7,150,7,117.2,4048631.996
1.7,150,7,117.3,5668084.794
1.7,150,7,117.4,4858358.395
1.7,150,7,117.5,3238905.596
1.7,150,7,117.6,4858358.395
1.7,150,7,117.7,4048631.996
1.7,150,7,117.8,4858358.395
1.7,150,7,117.9,6477811.193
1.7,150,7,118,1619452.798
1.7,150,7,118.1,3238905.596
1.7,150,7,118.2,3238905.596
1.7,150,7,118.3,5668084.794
1.7,150,7,118.4,4048631.996
1.7,150,7,118.5,3238905.596
1.7,150,7,118.6,7287537.592
1.7,150,7,118.7,2429179.197
1.7,150,7,118.8,5668084.794
1.7,150,7,118.9,3238905.596
1.7,150,7,119,6477811.193
1.7,150,7,119.1,4858358.395
1.7,150,7,119.2,3238905.596
1.7,150,7,119.3,8097263.991
1.7,150,7,119.4,2429179.197
1.7,150,7,119.5,3238905.596
1.7,150,7,119.6,2429179.197
1.7,150,7,119.7,4048631.996
1.7,150,7,119.8,4858358.395
1.7,150,7,119.9,2429179.197
1.7,150,7,120,2429179.197
1.7,150,7,120.1,2429179.197
1.7,150,7,120.2,4858358.395
1.7,150,7,120.3,8097263.991
1.7,150,7,120.4,4048631.996
1.7,150,7,120.5,4048631.996
1.7,150,7,120.6,2429179.197
1.7,150,7,120.7,6477811.193
1.7,150,7,120.8,4858358.395
1.7,150,7,120.9,8906990.39
1.7,150,7,121,4048631.996
1.7,150,7,121.1,3238905.596
1.7,150,7,121.2,3238905.596
1.7,150,7,121.3,4858358.395
1.7,150,7,121.4,1619452.798
1.7,150,7,121.5,6477811.193
1.7,150,7,121.6,4858358.395
1.7,150,7,121.8,4048631.996
1.7,150,7,121.9,4858358.395
1.7,150,7,122,5668084.794
1.7,150,7,122.1,3238905.596
1.7,150,7,122.2,3238905.596
1.7,150,7,122.3,2429179.197
1.7,150,7,122.4,2429179.197
1.7,150,7,122.5,4048631.996
1.7,150,7,122.6,4858358.395
1.7,150,7,122.7,4858358.395
1.7,150,7,122.8,4048631.996
1.7,150,7,122.9,3238905.596
1.7,150,7,123,4858358.395
1.7,150,7,123.1,809726.3991
1.7,150,7,123.2,2429179.197
1.7,150,7,123.3,1619452.798
1.7,150,7,123.4,6477811.193
1.7,150,7,123.5,4048631.996
1.7,150,7,123.6,6477811.193
1.7,150,7,123.7,5668084.794
1.7,150,7,123.8,1619452.798
1.7,150,7,123.9,4858358.395
1.7,150,7,124,1619452.798
1.7,150,7,124.1,2429179.197
1.7,150,7,124.2,3238905.596
1.7,150,7,124.3,6477811.193
1.7,150,7,124.4,3238905.596
1.7,150,7,124.5,3238905.596
1.7,150,7,124.6,3238905.596
1.7,150,7,124.7,1619452.798
1.7,150,7,124.8,5668084.794
1.7,150,7,124.9,4858358.395
1.7,150,7,125,3238905.596
1.7,150,7,125.1,4858358.395
1.7,150,7,125.2,1619452.798
1.7,150,7,125.3,4048631.996
1.7,150,7,125.4,809726.3991
1.7,150,7,125.6,2429179.197
1.7,150,7,125.7,3238905.596
1.7,150,7,125.8,809726.3991
1.7,150,7,125.9,7287537.592
1.7,150,7,126,1619452.798
1.7,150,7,126.1,1619452.798
1.7,150,7,126.2,2429179.197
1.7,150,7,126.3,5668084.794
1.7,150,7,126.4,1619452.798
1.7,150,7,126.5,5668084.794
1.7,150,7,126.6,6477811.193
1.7,150,7,126.7,6477811.193
1.7,150,7,126.8,809726.3991
1.7,150,7,127,3238905.596
1.7,150,7,127.1,3238905.596
1.7,150,7,127.2,2429179.197
1.7,150,7,127.3,1619452.798
1.7,150,7,127.5,3238905.596
1.7,150,7,127.6,4048631.996
1.7,150,7,127.7,1619452.798
1.7,150,7,127.8,2429179.197
1.7,150,7,127.9,809726.3991
1.7,150,7,128,3238905.596
1.7,150,7,128.1,2429179.197
1.7,150,7,128.2,4048631.996
1.7,150,7,128.3,3238905.596
1.7,150,7,128.4,5668084.794
1.7,150,7,128.5,2429179.197
1.7,150,7,128.6,2429179.197
1.7,150,7,128.7,4858358.395
1.7,150,7,128.8,1619452.798
1.7,150,7,128.9,1619452.798
1.7,150,7,129,2429179.197
1.7,150,7,129.1,1619452.798
1.7,150,7,129.3,2429179.197
1.7,150,7,129.4,4048631.996
1.7,150,7,129.5,4048631.996
1.7,150,7,129.6,9716716.789
1.7,150,7,129.7,2429179.197
1.7,150,7,129.8,2429179.197
1.7,150,7,129.9,1619452.798
1.7,150,7,130,3238905.596
1.7,150,7,130.1,1619452.798
1.7,150,7,130.2,2429179.197
1.7,150,7,130.3,3238905.596
1.7,150,7,130.4,4048631.996
1.7,150,7,130.5,4858358.395
1.7,150,7,130.6,4048631.996
1.7,150,7,130.7,4858358.395
1.7,150,7,130.8,3238905.596
1.7,150,7,130.9,3238905.596
1.7,150,7,131,4858358.395
1.7,150,7,131.1,1619452.798
1.7,150,7,131.2,809726.3991
1.7,150,7,131.3,1619452.798
1.7,150,7,131.4,809726.3991
1.7,150,7,131.5,1619452.798
1.7,150,7,131.6,809726.3991
1.7,150,7,131.7,809726.3991
1.7,150,7,131.8,3238905.596
1.7,150,7,131.9,2429179.197
1.7,150,7,132,3238905.596
1.7,150,7,132.1,2429179.197
1.7,150,7,132.2,3238905.596
1.7,150,7,132.3,809726.3991
1.7,150,7,132.4,2429179.197
1.7,150,7,132.5,3238905.596
1.7,150,7,132.6,809726.3991
1.7,150,7,132.7,1619452.798
1.7,150,7,132.9,3238905.596
1.7,150,7,133,3238905.596
1.7,150,7,133.1,2429179.197
1.7,150,7,133.2,4048631.996
1.7,150,7,133.3,809726.3991
1.7,150,7,133.4,3238905.596
1.7,150,7,133.5,3238905.596
1.7,150,7,133.6,809726.3991
1.7,150,7,133.7,3238905.596
1.7,150,7,133.8,4858358.395
1.7,150,7,133.9,4048631.996
1.7,150,7,134,2429179.197
1.7,150,7,134.1,4048631.996
1.7,150,7,134.2,809726.3991
1.7,150,7,134.3,2429179.197
1.7,150,7,134.4,1619452.798
1.7,150,7,134.5,2429179.197
1.7,150,7,134.6,809726.3991
1.7,150,7,134.7,1619452.798
1.7,150,7,134.8,2429179.197
1.7,150,7,134.9,809726.3991
1.7,150,7,135,809726.3991
1.7,150,7,135.1,2429179.197
1.7,150,7,135.2,1619452.798
1.7,150,7,135.3,1619452.798
1.7,150,7,135.4,4048631.996
1.7,150,7,135.5,3238905.596
1.7,150,7,135.6,1619452.798
1.7,150,7,135.7,3238905.596
1.7,150,7,135.8,2429179.197
1.7,150,7,135.9,1619452.798
1.7,150,7,136,4048631.996
1.7,150,7,136.1,1619452.798
1.7,150,7,136.2,1619452.798
1.7,150,7,136.3,809726.3991
1.7,150,7,136.4,3238905.596
1.7,150,7,136.5,2429179.197
1.7,150,7,136.6,4048631.996
1.7,150,7,136.7,3238905.596
1.7,150,7,136.8,4048631.996
1.7,150,7,136.9,809726.3991
1.7,150,7,137,4048631.996
1.7,150,7,137.1,809726.3991
1.7,150,7,137.2,2429179.197
1.7,150,7,137.3,4048631.996
1.7,150,7,137.4,1619452.798
1.7,150,7,137.6,2429179.197
1.7,150,7,137.7,1619452.798
1.7,150,7,137.8,2429179.197
1.7,150,7,138,4858358.395
1.7,150,7,138.1,1619452.798
1.7,150,7,138.3,1619452.798
1.7,150,7,138.4,2429179.197
1.7,150,7,138.5,1619452.798
1.7,150,7,138.6,809726.3991
1.7,150,7,138.7,1619452.798
1.7,150,7,138.8,1619452.798
1.7,150,7,138.9,3238905.596
1.7,150,7,139,1619452.798
1.7,150,7,139.1,2429179.197
1.7,150,7,139.2,1619452.798
1.7,150,7,139.3,3238905.596
1.7,150,7,139.4,809726.3991
1.7,150,7,139.5,4858358.395
1.7,150,7,139.6,809726.3991
1.7,150,7,139.7,809726.3991
1.7,150,7,139.8,3238905.596
1.7,150,7,139.9,2429179.197
1.7,150,7,140,4048631.996
1.7,150,7,140.1,2429179.197
1.7,150,7,140.2,2429179.197
1.7,150,7,140.3,1619452.798
1.7,150,7,140.4,2429179.197
1.7,150,7,140.5,1619452.798
1.7,150,7,140.6,809726.3991
1.7,150,7,140.7,2429179.197
1.7,150,7,140.8,809726.3991
1.7,150,7,141,809726.3991
1.7,150,7,141.1,1619452.798
1.7,150,7,141.2,3238905.596
1.7,150,7,141.3,809726.3991
1.7,150,7,141.4,4048631.996
1.7,150,7,141.5,2429179.197
1.7,150,7,141.6,4048631.996
1.7,150,7,141.7,2429179.197
1.7,150,7,141.8,2429179.197
1.7,150,7,141.9,809726.3991
1.7,150,7,142.1,1619452.798
1.7,150,7,142.3,1619452.798
1.7,150,7,142.4,4048631.996
1.7,150,7,142.5,1619452.798
1.7,150,7,142.6,809726.3991
1.7,150,7,142.7,809726.3991
1.7,150,7,142.8,809726.3991
1.7,150,7,142.9,1619452.798
1.7,150,7,143,1619452.798
1.7,150,7,143.1,809726.3991
1.7,150,7,143.2,809726.3991
1.7,150,7,143.3,1619452.798
1.7,150,7,143.4,2429179.197
1.7,150,7,143.5,809726.3991
1.7,150,7,143.6,1619452.798
1.7,150,7,143.7,2429179.197
1.7,150,7,143.8,809726.3991
1.7,150,7,143.9,809726.3991
1.7,150,7,144,2429179.197
1.7,150,7,144.1,3238905.596
1.7,150,7,144.2,809726.3991
1.7,150,7,144.3,809726.3991
1.7,150,7,144.5,809726.3991
1.7,150,7,144.6,809726.3991
1.7,150,7,144.7,1619452.798
1.7,150,7,144.9,1619452.798
1.7,150,7,145,809726.3991
1.7,150,7,145.1,809726.3991
1.7,150,7,145.2,809726.3991
1.7,150,7,145.4,2429179.197
1.7,150,7,145.5,3238905.596
1.7,150,7,145.6,809726.3991
1.7,150,7,145.7,809726.3991
1.7,150,7,145.9,809726.3991
1.7,150,7,146.1,1619452.798
1.7,150,7,146.2,1619452.798
1.7,150,7,146.5,1619452.798
1.7,150,7,146.6,2429179.197
1.7,150,7,146.7,1619452.798
1.7,150,7,146.8,1619452.798
1.7,150,7,146.9,1619452.798
1.7,150,7,147,809726.3991
1.7,150,7,147.1,1619452.798
1.7,150,7,147.4,809726.3991
1.7,150,7,147.5,1619452.798
1.7,150,7,147.6,1619452.798
1.7,150,7,147.8,809726.3991
1.7,150,7,147.9,809726.3991
1.7,150,7,148.1,809726.3991
1.7,150,7,148.3,809726.3991
1.7,150,7,148.4,809726.3991
1.7,150,7,148.6,1619452.798
1.7,150,7,148.7,809726.3991
1.7,150,7,148.9,3238905.596
1.7,150,7,149.1,809726.3991
1.7,150,7,149.2,809726.3991
1.7,150,7,149.7,1619452.798
5,40,1,3.3,293129.7485
5,40,1,3.4,146564.8742
5,40,1,3.5,73282.43712
5,40,1,3.6,366412.1856
5,40,1,3.7,512977.0599
5,40,1,3.8,806106.8084
5,40,1,3.9,806106.8084
5,40,1,4,1538931.18
5,40,1,4.1,2198473.114
5,40,1,4.2,1978625.802
5,40,1,4.3,2858015.048
5,40,1,4.4,3517556.982
5,40,1,4.5,3370992.108
5,40,1,4.6,5862594.97
5,40,1,4.7,5716030.096
5,40,1,4.8,7035113.964
5,40,1,4.9,8061068.084
5,40,1,5,9233587.078
5,40,1,5.1,9306869.515
5,40,1,5.2,10552670.95
5,40,1,5.3,11212212.88
5,40,1,5.4,10919083.13
5,40,1,5.5,13264121.12
5,40,1,5.6,11871754.81
5,40,1,5.7,16268701.04
5,40,1,5.8,15609159.11
5,40,1,5.9,16268701.04
5,40,1,6,17074807.85
5,40,1,6.1,18980151.22
5,40,1,6.2,19346563.4
5,40,1,6.3,20299235.08
5,40,1,6.4,22277860.89
5,40,1,6.5,23596944.75
5,40,1,6.6,25575570.56
5,40,1,6.7,21178624.33
5,40,1,6.8,24696181.31
5,40,1,6.9,24622898.87
5,40,1,7,24842746.19
5,40,1,7.1,23083967.69
5,40,1,7.2,27041219.3
5,40,1,7.3,26161830.05
5,40,1,7.4,55694652.21
5,40,1,7.5,24036639.38
5,40,1,7.6,27993890.98
5,40,1,7.7,25502288.12
5,40,1,7.8,26088547.62
5,40,1,7.9,27847326.11
5,40,1,8,28653432.92
5,40,1,8.1,28506868.04
5,40,1,8.2,29312974.85
5,40,1,8.3,91896176.15
5,40,1,8.4,576952627.5
5,40,1,8.5,27334349.05
5,40,1,8.6,29093127.54
5,40,1,8.7,28067173.42
5,40,1,8.8,36567936.13
5,40,1,8.9,27407631.48
5,40,1,9,30632058.72
5,40,1,9.1,25722135.43
5,40,1,9.2,29239692.41
5,40,1,9.3,29239692.41
5,40,1,9.4,27334349.05
5,40,1,9.5,47047324.63
5,40,1,9.6,35835111.75
5,40,1,9.7,302070205.8
5,40,1,9.8,49392362.62
5,40,1,9.9,42723660.84
5,40,1,10,143487011.9
5,40,1,10.1,29459539.72
5,40,1,10.2,29606104.6
5,40,1,10.3,24989311.06
5,40,1,10.4,24622898.87
5,40,1,10.5,21398471.64
5,40,1,10.6,21838166.26
5,40,1,10.7,23743509.63
5,40,1,10.8,22864120.38
5,40,1,10.9,23377097.44
5,40,1,11,25282440.81
5,40,1,11.1,25355723.25
5,40,1,11.2,21838166.26
5,40,1,11.3,75114498.05
5,40,1,11.4,20885494.58
5,40,1,11.5,22644273.07
5,40,1,11.6,26161830.05
5,40,1,11.7,24916028.62
5,40,1,11.8,21105341.89
5,40,1,11.9,21764883.83
5,40,1,12,20592364.83
5,40,1,12.1,19419845.84
5,40,1,12.2,19932822.9
5,40,1,12.3,20592364.83
5,40,1,12.4,17294655.16
5,40,1,12.5,21838166.26
5,40,1,12.6,19126716.09
5,40,1,12.7,19346563.4
5,40,1,12.8,20592364.83
5,40,1,12.9,19786258.02
5,40,1,13,19199998.53
5,40,1,13.1,19199998.53
5,40,1,13.2,18247326.84
5,40,1,13.3,18760303.9
5,40,1,13.4,18906868.78
5,40,1,13.5,19346563.4
5,40,1,13.6,18467174.16
5,40,1,13.7,17001525.41
5,40,1,13.8,17514502.47
5,40,1,13.9,20079387.77
5,40,1,14,18760303.9
5,40,1,14.1,17001525.41
5,40,1,14.2,17734349.78
5,40,1,14.3,16268701.04
5,40,1,14.4,17514502.47
5,40,1,14.5,15682441.54
5,40,1,14.6,16488548.35
5,40,1,14.7,17514502.47
5,40,1,14.8,18320609.28
5,40,1,14.9,17587784.91
5,40,1,15,16122136.17
5,40,1,15.1,19786258.02
5,40,1,15.2,16341983.48
5,40,1,15.3,17221372.72
5,40,1,15.4,15975571.29
5,40,1,15.5,15242746.92
5,40,1,15.6,15902288.86
5,40,1,15.7,16781678.1
5,40,1,15.8,15242746.92
5,40,1,15.9,17587784.91
5,40,1,16,13557250.87
5,40,1,16.1,14509922.55
5,40,1,16.2,15462594.23
5,40,1,16.3,15462594.23
5,40,1,16.4,13923663.05
5,40,1,16.5,17880914.66
5,40,1,16.6,13337403.56
5,40,1,16.7,16268701.04
5,40,1,16.8,13850380.62
5,40,1,16.9,14436640.11
5,40,1,17,15902288.86
5,40,1,17.1,16415265.92
5,40,1,17.2,14803052.3
5,40,1,17.3,16854960.54
5,40,1,17.4,13410685.99
5,40,1,17.5,14656487.42
5,40,1,17.6,13996945.49
5,40,1,17.7,13410685.99
5,40,1,17.8,14070227.93
5,40,1,17.9,11578625.07
5,40,1,18,14583204.99
5,40,1,18.1,12164884.56
5,40,1,18.2,15682441.54
5,40,1,18.3,13777098.18
5,40,1,18.4,14656487.42
5,40,1,18.5,15682441.54
5,40,1,18.6,14216792.8
5,40,1,18.7,12458014.31
5,40,1,18.8,12970991.37
5,40,1,18.9,11871754.81
5,40,1,19,13117556.25
5,40,1,19.1,12238167
5,40,1,19.2,13410685.99
5,40,1,19.3,13777098.18
5,40,1,19.4,12824426.5
5,40,1,19.5,12531296.75
5,40,1,19.6,13337403.56
5,40,1,19.7,11945037.25
5,40,1,19.8,13703815.74
5,40,1,19.9,13850380.62
5,40,1,20,11358777.75
5,40,1,20.1,14070227.93
5,40,1,20.2,10625953.38
5,40,1,20.3,11505342.63
5,40,1,20.4,11798472.38
5,40,1,20.5,12531296.75
5,40,1,20.6,10479388.51
5,40,1,20.7,10186258.76
5,40,1,20.8,12384731.87
5,40,1,20.9,10845800.69
5,40,1,21,11798472.38
5,40,1,21.1,13044273.81
5,40,1,21.2,12238167
5,40,1,21.3,11285495.32
5,40,1,21.4,11212212.88
5,40,1,21.5,12018319.69
5,40,1,21.6,12018319.69
5,40,1,21.7,9380151.952
5,40,1,21.8,9819846.575
5,40,1,21.9,10992365.57
5,40,1,22,8940457.329
5,40,1,22.1,9599999.263
5,40,1,22.2,11065648.01
5,40,1,22.3,11651907.5
5,40,1,22.4,10479388.51
5,40,1,22.5,10039693.89
5,40,1,22.6,8940457.329
5,40,1,22.7,9380151.952
5,40,1,22.8,8647327.581
5,40,1,22.9,10552670.95
5,40,1,23,10552670.95
5,40,1,23.1,8793892.455
5,40,1,23.2,10186258.76
5,40,1,23.3,8207632.958
5,40,1,23.4,8427480.269
5,40,1,23.5,7987785.647
5,40,1,23.6,9306869.515
5,40,1,23.7,9233587.078
5,40,1,23.8,10039693.89
5,40,1,23.9,9819846.575
5,40,1,24,9087022.203
5,40,1,24.1,9380151.952
5,40,1,24.2,9526716.826
5,40,1,24.3,9819846.575
5,40,1,24.4,8867174.892
5,40,1,24.5,9526716.826
5,40,1,24.6,9599999.263
5,40,1,24.7,8574045.144
5,40,1,24.8,8574045.144
5,40,1,24.9,9233587.078
5,40,1,25,9746564.138
5,40,1,25.1,6888549.09
5,40,1,25.2,7767938.335
5,40,1,25.3,9380151.952
5,40,1,25.4,9893129.012
5,40,1,25.5,9306869.515
5,40,1,25.6,8867174.892
5,40,1,25.7,8500762.706
5,40,1,25.8,8867174.892
5,40,1,25.9,8134350.521
5,40,1,26,7987785.647
5,40,1,26.1,7548091.024
5,40,1,26.2,6522136.904
5,40,1,26.3,8061068.084
5,40,1,26.4,8647327.581
5,40,1,26.5,7474808.587
5,40,1,26.6,7108396.401
5,40,1,26.7,7401526.15
5,40,1,26.8,9233587.078
5,40,1,26.9,7841220.772
5,40,1,27,8427480.269
5,40,1,27.1,6302289.593
5,40,1,27.2,7474808.587
5,40,1,27.3,7841220.772
5,40,1,27.4,7108396.401
5,40,1,27.5,7254961.275
5,40,1,27.6,6302289.593
5,40,1,27.7,6009159.844
5,40,1,27.8,6961831.527
5,40,1,27.9,6448854.467
5,40,1,28,7694655.898
5,40,1,28.1,7694655.898
5,40,1,28.2,7987785.647
5,40,1,28.3,6229007.156
5,40,1,28.4,6668701.778
5,40,1,28.5,7548091.024
5,40,1,28.6,5422900.347
5,40,1,28.7,5862594.97
5,40,1,28.8,6668701.778
5,40,1,28.9,5716030.096
5,40,1,29,6448854.467
5,40,1,29.1,6082442.281
5,40,1,29.2,6009159.844
5,40,1,29.3,7401526.15
5,40,1,29.4,5935877.407
5,40,1,29.5,6082442.281
5,40,1,29.6,5716030.096
5,40,1,29.7,5203053.036
5,40,1,29.8,7108396.401
5,40,1,29.9,5862594.97
5,40,1,30,5496182.784
5,40,1,30.1,6522136.904
5,40,1,30.2,5422900.347
5,40,1,30.3,6595419.341
5,40,1,30.4,5716030.096
5,40,1,30.5,6155724.718
5,40,1,30.6,5935877.407
5,40,1,30.7,5056488.162
5,40,1,30.8,5056488.162
5,40,1,30.9,5569465.221
5,40,1,31,4836640.85
5,40,1,31.1,5642747.659
5,40,1,31.2,6302289.593
5,40,1,31.3,4690075.976
5,40,1,31.4,4690075.976
5,40,1,31.5,4616793.539
5,40,1,31.6,5422900.347
5,40,1,31.7,5276335.473
5,40,1,31.8,5935877.407
5,40,1,31.9,5203053.036
5,40,1,32,4250381.353
5,40,1,32.1,4250381.353
5,40,1,32.2,4543511.102
5,40,1,32.3,4177098.916
5,40,1,32.4,3664121.856
5,40,1,32.5,4103816.479
5,40,1,32.6,5496182.784
5,40,1,32.7,4323663.79
5,40,1,32.8,3957251.605
5,40,1,32.9,4177098.916
5,40,1,33,5642747.659
5,40,1,33.1,3004579.922
5,40,1,33.2,4250381.353
5,40,1,33.3,3810686.73
5,40,1,33.4,3883969.168
5,40,1,33.5,3664121.856
5,40,1,33.6,4470228.665
5,40,1,33.7,3590839.419
5,40,1,33.8,3297709.671
5,40,1,33.9,3590839.419
5,40,1,34,3590839.419
5,40,1,34.1,4470228.665
5,40,1,34.2,4690075.976
5,40,1,34.3,3224427.233
5,40,1,34.4,3077862.359
5,40,1,34.5,3517556.982
5,40,1,34.6,3151144.796
5,40,1,34.7,3444274.545
5,40,1,34.8,2564885.299
5,40,1,34.9,3297709.671
5,40,1,35,2858015.048
5,40,1,35.1,3957251.605
5,40,1,35.2,3370992.108
5,40,1,35.3,3297709.671
5,40,1,35.4,3004579.922
5,40,1,35.5,3151144.796
5,40,1,35.6,2931297.485
5,40,1,35.7,3444274.545
5,40,1,35.8,3151144.796
5,40,1,35.9,3077862.359
5,40,1,36,2931297.485
5,40,1,36.1,3224427.233
5,40,1,36.2,2931297.485
5,40,1,36.3,2931297.485
5,40,1,36.4,3297709.671
5,40,1,36.5,2931297.485
5,40,1,36.6,2345037.988
5,40,1,36.7,2711450.174
5,40,1,36.8,2784732.611
5,40,1,36.9,3444274.545
5,40,1,37,1465648.742
5,40,1,37.1,1832060.928
5,40,1,37.2,1465648.742
5,40,1,37.3,1758778.491
5,40,1,37.4,1392366.305
5,40,1,37.5,1685496.054
5,40,1,37.6,1245801.431
5,40,1,37.7,2345037.988
5,40,1,37.8,2784732.611
5,40,1,37.9,2271755.551
5,40,1,38,2051908.239
5,40,1,38.1,2051908.239
5,40,1,38.2,1978625.802
5,40,1,38.3,1758778.491
5,40,1,38.4,1245801.431
5,40,1,38.5,1538931.18
5,40,1,38.6,732824.3712
5,40,1,38.7,952671.6826
5,40,1,38.8,1465648.742
5,40,1,38.9,1099236.557
5,40,1,39,1025954.12
5,40,1,39.1,1319083.868
5,40,1,39.2,1392366.305
5,40,1,39.3,806106.8084
5,40,1,39.4,952671.6826
5,40,1,39.5,659541.9341
5,40,1,39.6,439694.6227
5,40,1,39.7,439694.6227
5,40,1,39.8,512977.0599
5,40,1,39.9,73282.43712
5,40,1,40,146564.8742
5,80,1,3,72018.94683
5,80,1,3.2,72018.94683
5,80,1,3.3,288075.7873
5,80,1,3.4,216056.8405
5,80,1,3.5,288075.7873
5,80,1,3.6,504132.6278
5,80,1,3.7,720189.4683
5,80,1,3.8,1440378.937
5,80,1,3.9,1800473.671
5,80,1,4,1800473.671
5,80,1,4.1,2952776.82
5,80,1,4.2,4465174.703
5,80,1,4.3,4537193.65
5,80,1,4.4,4465174.703
5,80,1,4.5,5257383.119
5,80,1,4.6,6265648.374
5,80,1,4.7,6625743.108
5,80,1,4.8,9290444.141
5,80,1,4.9,9506500.982
5,80,1,5,10514766.24
5,80,1,5.1,11955145.17
5,80,1,5.2,12459277.8
5,80,1,5.3,13611580.95
5,80,1,5.4,15268016.73
5,80,1,5.5,13755618.84
5,80,1,5.6,15700130.41
5,80,1,5.7,19301077.75
5,80,1,5.8,18364831.44
5,80,1,5.9,18148774.6
5,80,1,6,19085020.91
5,80,1,6.1,19949248.27
5,80,1,6.2,21029532.47
5,80,1,6.3,22830006.14
5,80,1,6.4,21245589.31
5,80,1,6.5,21101551.42
5,80,1,6.6,24630479.82
5,80,1,6.7,25278650.34
5,80,1,6.8,25278650.34
5,80,1,6.9,26286915.59
5,80,1,7,27007105.06
5,80,1,7.1,25062593.5
5,80,1,7.2,26430953.49
5,80,1,7.3,27007105.06
5,80,1,7.4,68345980.54
5,80,1,7.5,29383730.31
5,80,1,7.6,27943351.37
5,80,1,7.7,25782782.97
5,80,1,7.8,28375465.05
5,80,1,7.9,28807578.73
5,80,1,8,30752090.3
5,80,1,8.1,31904393.45
5,80,1,8.2,30680071.35
5,80,1,8.3,115806466.5
5,80,1,8.4,755982884.9
5,80,1,8.5,29743825.04
5,80,1,8.6,30680071.35
5,80,1,8.7,28591521.89
5,80,1,8.8,39826477.6
5,80,1,8.9,32480545.02
5,80,1,9,28303446.1
5,80,1,9.1,31904393.45
5,80,1,9.2,26358934.54
5,80,1,9.3,27439218.74
5,80,1,9.4,28951616.63
5,80,1,9.5,55454589.06
5,80,1,9.6,39682439.7
5,80,1,9.7,413964906.4
5,80,1,9.8,58695441.67
5,80,1,9.9,45083860.72
5,80,1,10,186168977.6
5,80,1,10.1,31472279.76
5,80,1,10.2,36513606.04
5,80,1,10.3,26863067.17
5,80,1,10.4,23118081.93
5,80,1,10.5,25422688.23
5,80,1,10.6,22685968.25
5,80,1,10.7,26142877.7
5,80,1,10.8,22902025.09
5,80,1,10.9,24054328.24
5,80,1,11,28807578.73
5,80,1,11.1,24342404.03
5,80,1,11.2,26070858.75
5,80,1,11.3,95425104.55
5,80,1,11.4,24486441.92
5,80,1,11.5,25638745.07
5,80,1,11.6,30896128.19
5,80,1,11.7,28807578.73
5,80,1,11.8,22325873.52
5,80,1,11.9,22109816.68
5,80,1,12,23478176.67
5,80,1,12.1,20957513.53
5,80,1,12.2,19733191.43
5,80,1,12.3,22253854.57
5,80,1,12.4,20525399.85
5,80,1,12.5,22685968.25
5,80,1,12.6,21965778.78
5,80,1,12.7,21677703
5,80,1,12.8,21605684.05
5,80,1,12.9,21317608.26
5,80,1,13,23406157.72
5,80,1,13.1,22541930.36
5,80,1,13.2,21533665.1
5,80,1,13.3,22253854.57
5,80,1,13.4,20741456.69
5,80,1,13.5,21461646.16
5,80,1,13.6,20525399.85
5,80,1,13.7,19877229.32
5,80,1,13.8,19301077.75
5,80,1,13.9,20237324.06
5,80,1,14,21101551.42
5,80,1,14.1,19013001.96
5,80,1,14.2,18724926.18
5,80,1,14.3,18940983.02
5,80,1,14.4,19949248.27
5,80,1,14.5,18652907.23
5,80,1,14.6,19517134.59
5,80,1,14.7,19949248.27
5,80,1,14.8,20309343.01
5,80,1,14.9,18940983.02
5,80,1,15,21245589.31
5,80,1,15.1,20021267.22
5,80,1,15.2,20165305.11
5,80,1,15.3,17788679.87
5,80,1,15.4,18940983.02
5,80,1,15.5,17860698.81
5,80,1,15.6,18868964.07
5,80,1,15.7,17212528.29
5,80,1,15.8,18076755.65
5,80,1,15.9,18796945.12
5,80,1,16,17788679.87
5,80,1,16.1,16852433.56
5,80,1,16.2,19877229.32
5,80,1,16.3,17932717.76
5,80,1,16.4,17500604.08
5,80,1,16.5,19013001.96
5,80,1,16.6,16204263.04
5,80,1,16.7,19445115.64
5,80,1,16.8,15844168.3
5,80,1,16.9,17140509.35
5,80,1,17,14763884.1
5,80,1,17.1,16060225.14
5,80,1,17.2,14907921.99
5,80,1,17.3,16492338.82
5,80,1,17.4,18868964.07
5,80,1,17.5,16780414.61
5,80,1,17.6,17284547.24
5,80,1,17.7,15628111.46
5,80,1,17.8,18220793.55
5,80,1,17.9,16132244.09
5,80,1,18,14187732.53
5,80,1,18.1,14187732.53
5,80,1,18.2,14547827.26
5,80,1,18.3,16132244.09
5,80,1,18.4,18148774.6
5,80,1,18.5,14331770.42
5,80,1,18.6,17140509.35
5,80,1,18.7,16348300.93
5,80,1,18.8,15268016.73
5,80,1,18.9,15916187.25
5,80,1,19,14547827.26
5,80,1,19.1,12099183.07
5,80,1,19.2,16852433.56
5,80,1,19.3,15412054.62
5,80,1,19.4,15268016.73
5,80,1,19.5,15772149.36
5,80,1,19.6,14907921.99
5,80,1,19.7,14187732.53
5,80,1,19.8,14115713.58
5,80,1,19.9,16348300.93
5,80,1,20,12891391.48
5,80,1,20.1,14403789.37
5,80,1,20.2,13899656.74
5,80,1,20.3,12171202.01
5,80,1,20.4,13899656.74
5,80,1,20.5,12819372.54
5,80,1,20.6,15916187.25
5,80,1,20.7,12819372.54
5,80,1,20.8,13395524.11
5,80,1,20.9,13971675.68
5,80,1,21,15051959.89
5,80,1,21.1,15051959.89
5,80,1,21.2,14763884.1
5,80,1,21.3,14187732.53
5,80,1,21.4,12027164.12
5,80,1,21.5,13971675.68
5,80,1,21.6,11955145.17
5,80,1,21.7,11162936.76
5,80,1,21.8,14691865.15
5,80,1,21.9,13971675.68
5,80,1,22,13251486.22
5,80,1,22.1,12963410.43
5,80,1,22.2,12387258.85
5,80,1,22.3,11090917.81
5,80,1,22.4,13323505.16
5,80,1,22.5,10874860.97
5,80,1,22.6,13683599.9
5,80,1,22.7,12387258.85
5,80,1,22.8,13035429.38
5,80,1,22.9,12747353.59
5,80,1,23,11090917.81
5,80,1,23.1,14403789.37
5,80,1,23.2,11090917.81
5,80,1,23.3,12315239.91
5,80,1,23.4,11667069.39
5,80,1,23.5,12963410.43
5,80,1,23.6,10298709.4
5,80,1,23.7,12675334.64
5,80,1,23.8,12027164.12
5,80,1,23.9,11378993.6
5,80,1,24,11955145.17
5,80,1,24.1,11018898.86
5,80,1,24.2,10874860.97
5,80,1,24.3,12531296.75
5,80,1,24.4,12099183.07
5,80,1,24.5,11234955.71
5,80,1,24.6,9722557.822
5,80,1,24.7,11595050.44
5,80,1,24.8,12747353.59
5,80,1,24.9,10514766.24
5,80,1,25,12243220.96
5,80,1,25.1,9218425.194
5,80,1,25.2,10730823.08
5,80,1,25.3,10514766.24
5,80,1,25.4,11883126.23
5,80,1,25.5,12099183.07
5,80,1,25.6,11955145.17
5,80,1,25.7,11162936.76
5,80,1,25.8,10802842.02
5,80,1,25.9,10010633.61
5,80,1,26,9794576.769
5,80,1,26.1,10946879.92
5,80,1,26.2,12027164.12
5,80,1,26.3,10946879.92
5,80,1,26.4,11234955.71
5,80,1,26.5,12171202.01
5,80,1,26.6,12171202.01
5,80,1,26.7,8642273.62
5,80,1,26.8,9650538.875
5,80,1,26.9,9866595.716
5,80,1,27,10226690.45
5,80,1,27.1,10586785.18
5,80,1,27.2,9074387.301
5,80,1,27.3,10010633.61
5,80,1,27.4,10370728.34
5,80,1,27.5,11018898.86
5,80,1,27.6,10442747.29
5,80,1,27.7,10730823.08
5,80,1,27.8,9722557.822
5,80,1,27.9,9722557.822
5,80,1,28,10586785.18
5,80,1,28.1,9002368.354
5,80,1,28.2,10586785.18
5,80,1,28.3,10514766.24
5,80,1,28.4,10298709.4
5,80,1,28.5,10370728.34
5,80,1,28.6,9074387.301
5,80,1,28.7,8714292.566
5,80,1,28.8,9578519.928
5,80,1,28.9,11018898.86
5,80,1,29,9866595.716
5,80,1,29.1,10298709.4
5,80,1,29.2,9146406.247
5,80,1,29.3,10226690.45
5,80,1,29.4,8570254.673
5,80,1,29.5,9938614.662
5,80,1,29.6,9650538.875
5,80,1,29.7,9146406.247
5,80,1,29.8,7850065.204
5,80,1,29.9,6697762.055
5,80,1,30,9362463.088
5,80,1,30.1,9074387.301
5,80,1,30.2,8642273.62
5,80,1,30.3,8858330.46
5,80,1,30.4,9578519.928
5,80,1,30.5,8930349.407
5,80,1,30.6,7850065.204
5,80,1,30.7,8858330.46
5,80,1,30.8,8138140.992
5,80,1,30.9,8858330.46
5,80,1,31,8642273.62
5,80,1,31.1,8066122.045
5,80,1,31.2,8138140.992
5,80,1,31.3,8570254.673
5,80,1,31.4,7994103.098
5,80,1,31.5,9506500.982
5,80,1,31.6,8786311.513
5,80,1,31.7,9362463.088
5,80,1,31.8,8786311.513
5,80,1,31.9,7994103.098
5,80,1,32,7561989.417
5,80,1,32.1,6841799.949
5,80,1,32.2,7345932.577
5,80,1,32.3,8138140.992
5,80,1,32.4,9002368.354
5,80,1,32.5,8426216.779
5,80,1,32.6,8282178.885
5,80,1,32.7,8282178.885
5,80,1,32.8,9002368.354
5,80,1,32.9,7706027.311
5,80,1,33,7850065.204
5,80,1,33.1,9578519.928
5,80,1,33.2,8066122.045
5,80,1,33.3,8498235.726
5,80,1,33.4,9290444.141
5,80,1,33.5,8354197.832
5,80,1,33.6,7129875.736
5,80,1,33.7,7201894.683
5,80,1,33.8,7994103.098
5,80,1,33.9,7778046.258
5,80,1,34,8066122.045
5,80,1,34.1,8714292.566
5,80,1,34.2,7706027.311
5,80,1,34.3,7201894.683
5,80,1,34.4,8354197.832
5,80,1,34.5,6625743.108
5,80,1,34.6,7129875.736
5,80,1,34.7,7706027.311
5,80,1,34.8,7561989.417
5,80,1,34.9,7994103.098
5,80,1,35,8066122.045
5,80,1,35.1,7778046.258
5,80,1,35.2,7922084.151
5,80,1,35.3,6625743.108
5,80,1,35.4,8642273.62
5,80,1,35.5,7129875.736
5,80,1,35.6,7201894.683
5,80,1,35.7,6265648.374
5,80,1,35.8,6553724.161
5,80,1,35.9,6193629.427
5,80,1,36,5833534.693
5,80,1,36.1,8426216.779
5,80,1,36.2,5833534.693
5,80,1,36.3,6697762.055
5,80,1,36.4,7561989.417
5,80,1,36.5,6481705.215
5,80,1,36.6,6409686.268
5,80,1,36.7,5113345.225
5,80,1,36.8,6697762.055
5,80,1,36.9,7273913.63
5,80,1,37,7201894.683
5,80,1,37.1,6553724.161
5,80,1,37.2,5401421.012
5,80,1,37.3,6553724.161
5,80,1,37.4,7778046.258
5,80,1,37.5,6049591.534
5,80,1,37.6,5185364.172
5,80,1,37.7,6193629.427
5,80,1,37.8,5401421.012
5,80,1,37.9,7634008.364
5,80,1,38,5905553.64
5,80,1,38.1,5905553.64
5,80,1,38.2,5185364.172
5,80,1,38.3,6553724.161
5,80,1,38.4,7706027.311
5,80,1,38.5,6409686.268
5,80,1,38.6,6553724.161
5,80,1,38.7,6841799.949
5,80,1,38.8,5833534.693
5,80,1,38.9,6913818.896
5,80,1,39,6769781.002
5,80,1,39.1,6337667.321
5,80,1,39.2,6697762.055
5,80,1,39.3,5689496.8
5,80,1,39.4,5833534.693
5,80,1,39.5,5617477.853
5,80,1,39.6,6049591.534
5,80,1,39.7,7706027.311
5,80,1,39.8,6337667.321
5,80,1,39.9,5401421.012
5,80,1,40,8930349.407
5,80,1,40.1,6841799.949
5,80,1,40.2,4969307.331
5,80,1,40.3,7489970.47
5,80,1,40.4,6193629.427
5,80,1,40.5,4609212.597
5,80,1,40.6,5329402.065
5,80,1,40.7,6409686.268
5,80,1,40.8,6697762.055
5,80,1,40.9,6913818.896
5,80,1,41,5977572.587
5,80,1,41.1,4825269.438
5,80,1,41.2,6265648.374
5,80,1,41.3,4249117.863
5,80,1,41.4,5761515.746
5,80,1,41.5,4753250.491
5,80,1,41.6,6553724.161
5,80,1,41.7,5545458.906
5,80,1,41.8,5617477.853
5,80,1,41.9,5761515.746
5,80,1,42,5473439.959
5,80,1,42.1,5329402.065
5,80,1,42.2,5545458.906
5,80,1,42.3,5617477.853
5,80,1,42.4,5545458.906
5,80,1,42.5,6193629.427
5,80,1,42.6,5185364.172
5,80,1,42.7,5401421.012
5,80,1,42.8,4969307.331
5,80,1,42.9,5257383.119
5,80,1,43,4681231.544
5,80,1,43.1,5401421.012
5,80,1,43.2,4969307.331
5,80,1,43.3,4825269.438
5,80,1,43.4,5833534.693
5,80,1,43.5,4465174.703
5,80,1,43.6,5473439.959
5,80,1,43.7,4753250.491
5,80,1,43.8,5905553.64
5,80,1,43.9,4681231.544
5,80,1,44,5617477.853
5,80,1,44.1,4681231.544
5,80,1,44.2,5185364.172
5,80,1,44.3,4465174.703
5,80,1,44.4,4033061.022
5,80,1,44.5,6193629.427
5,80,1,44.6,3817004.182
5,80,1,44.7,5113345.225
5,80,1,44.8,5617477.853
5,80,1,44.9,5329402.065
5,80,1,45,4465174.703
5,80,1,45.1,5041326.278
5,80,1,45.2,5401421.012
5,80,1,45.3,4321136.81
5,80,1,45.4,4177098.916
5,80,1,45.5,4897288.384
5,80,1,45.6,5689496.8
5,80,1,45.7,4321136.81
5,80,1,45.8,6049591.534
5,80,1,45.9,6193629.427
5,80,1,46,4825269.438
5,80,1,46.1,5689496.8
5,80,1,46.2,5185364.172
5,80,1,46.3,4681231.544
5,80,1,46.4,4969307.331
5,80,1,46.5,5473439.959
5,80,1,46.6,4969307.331
5,80,1,46.7,5761515.746
5,80,1,46.8,3672966.288
5,80,1,46.9,5185364.172
5,80,1,47,4393155.757
5,80,1,47.1,4465174.703
5,80,1,47.2,4321136.81
5,80,1,47.3,4177098.916
5,80,1,47.4,5185364.172
5,80,1,47.5,4897288.384
5,80,1,47.6,4177098.916
5,80,1,47.7,4681231.544
5,80,1,47.8,5041326.278
5,80,1,47.9,5617477.853
5,80,1,48,4033061.022
5,80,1,48.1,5113345.225
5,80,1,48.2,5401421.012
5,80,1,48.3,5473439.959
5,80,1,48.4,5401421.012
5,80,1,48.5,4681231.544
5,80,1,48.6,4537193.65
5,80,1,48.7,4681231.544
5,80,1,48.8,4177098.916
5,80,1,48.9,4969307.331
5,80,1,49,4321136.81
5,80,1,49.1,4465174.703
5,80,1,49.2,5257383.119
5,80,1,49.3,3312871.554
5,80,1,49.4,4609212.597
5,80,1,49.5,4897288.384
5,80,1,49.6,4105079.969
5,80,1,49.7,4537193.65
5,80,1,49.8,3889023.129
5,80,1,49.9,4249117.863
5,80,1,50,3240852.607
5,80,1,50.1,3240852.607
5,80,1,50.2,3889023.129
5,80,1,50.3,3961042.076
5,80,1,50.4,5329402.065
5,80,1,50.5,3600947.341
5,80,1,50.6,4321136.81
5,80,1,50.7,4393155.757
5,80,1,50.8,5329402.065
5,80,1,50.9,3889023.129
5,80,1,51,4393155.757
5,80,1,51.1,4825269.438
5,80,1,51.2,4321136.81
5,80,1,51.3,5113345.225
5,80,1,51.4,3384890.501
5,80,1,51.5,4753250.491
5,80,1,51.6,3889023.129
5,80,1,51.7,4465174.703
5,80,1,51.8,4321136.81
5,80,1,51.9,4393155.757
5,80,1,52,3168833.661
5,80,1,52.1,3961042.076
5,80,1,52.2,3961042.076
5,80,1,52.3,4033061.022
5,80,1,52.4,4321136.81
5,80,1,52.5,3744985.235
5,80,1,52.6,3528928.395
5,80,1,52.7,4105079.969
5,80,1,52.8,3384890.501
5,80,1,52.9,4609212.597
5,80,1,53,4033061.022
5,80,1,53.1,3312871.554
5,80,1,53.2,3456909.448
5,80,1,53.3,3889023.129
5,80,1,53.4,4105079.969
5,80,1,53.5,4177098.916
5,80,1,53.6,4105079.969
5,80,1,53.7,3672966.288
5,80,1,53.8,3744985.235
5,80,1,53.9,3961042.076
5,80,1,54,3744985.235
5,80,1,54.1,2880757.873
5,80,1,54.2,4249117.863
5,80,1,54.3,4105079.969
5,80,1,54.4,3961042.076
5,80,1,54.5,3384890.501
5,80,1,54.6,4033061.022
5,80,1,54.7,4033061.022
5,80,1,54.8,3600947.341
5,80,1,54.9,3600947.341
5,80,1,55,4681231.544
5,80,1,55.1,4753250.491
5,80,1,55.2,4033061.022
5,80,1,55.3,3744985.235
5,80,1,55.4,4249117.863
5,80,1,55.5,4393155.757
5,80,1,55.6,4105079.969
5,80,1,55.7,3672966.288
5,80,1,55.8,3672966.288
5,80,1,55.9,3096814.714
5,80,1,56,3096814.714
5,80,1,56.1,4321136.81
5,80,1,56.2,4321136.81
5,80,1,56.3,2736719.98
5,80,1,56.4,3961042.076
5,80,1,56.5,3528928.395
5,80,1,56.6,3096814.714
5,80,1,56.7,2664701.033
5,80,1,56.8,3744985.235
5,80,1,56.9,4177098.916
5,80,1,57,3528928.395
5,80,1,57.1,4825269.438
5,80,1,57.2,4177098.916
5,80,1,57.3,3528928.395
5,80,1,57.4,3600947.341
5,80,1,57.5,3528928.395
5,80,1,57.6,2880757.873
5,80,1,57.7,3600947.341
5,80,1,57.8,4033061.022
5,80,1,57.9,4321136.81
5,80,1,58,3889023.129
5,80,1,58.1,7129875.736
5,80,1,58.2,3456909.448
5,80,1,58.3,4105079.969
5,80,1,58.4,3312871.554
5,80,1,58.5,3456909.448
5,80,1,58.6,3384890.501
5,80,1,58.7,2952776.82
5,80,1,58.8,2376625.245
5,80,1,58.9,2880757.873
5,80,1,59,3744985.235
5,80,1,59.1,3961042.076
5,80,1,59.2,2664701.033
5,80,1,59.3,3528928.395
5,80,1,59.4,3817004.182
5,80,1,59.5,8498235.726
5,80,1,59.6,3024795.767
5,80,1,59.7,4105079.969
5,80,1,59.8,3744985.235
5,80,1,59.9,2664701.033
5,80,1,60,3528928.395
5,80,1,60.1,5113345.225
5,80,1,60.2,3600947.341
5,80,1,60.3,3961042.076
5,80,1,60.4,4393155.757
5,80,1,60.5,3312871.554
5,80,1,60.6,3240852.607
5,80,1,60.7,3312871.554
5,80,1,60.8,2736719.98
5,80,1,60.9,2808738.926
5,80,1,61,3096814.714
5,80,1,61.1,3024795.767
5,80,1,61.2,3096814.714
5,80,1,61.3,3024795.767
5,80,1,61.4,2880757.873
5,80,1,61.5,3456909.448
5,80,1,61.6,3096814.714
5,80,1,61.7,2664701.033
5,80,1,61.8,2592682.086
5,80,1,61.9,2736719.98
5,80,1,62,3168833.661
5,80,1,62.1,2880757.873
5,80,1,62.2,3384890.501
5,80,1,62.3,3384890.501
5,80,1,62.4,2808738.926
5,80,1,62.5,2952776.82
5,80,1,62.6,2736719.98
5,80,1,62.7,3600947.341
5,80,1,62.8,3168833.661
5,80,1,62.9,2880757.873
5,80,1,63,2736719.98
5,80,1,63.1,2808738.926
5,80,1,63.2,2520663.139
5,80,1,63.3,2808738.926
5,80,1,63.4,3384890.501
5,80,1,63.5,3961042.076
5,80,1,63.6,3024795.767
5,80,1,63.7,3312871.554
5,80,1,63.8,2808738.926
5,80,1,63.9,3024795.767
5,80,1,64,3672966.288
5,80,1,64.1,3168833.661
5,80,1,64.2,3961042.076
5,80,1,64.3,2232587.352
5,80,1,64.4,2304606.299
5,80,1,64.5,2808738.926
5,80,1,64.6,2376625.245
5,80,1,64.7,1872492.618
5,80,1,64.8,2736719.98
5,80,1,64.9,2304606.299
5,80,1,65,2952776.82
5,80,1,65.1,2952776.82
5,80,1,65.2,3168833.661
5,80,1,65.3,2592682.086
5,80,1,65.4,2448644.192
5,80,1,65.5,3024795.767
5,80,1,65.6,2952776.82
5,80,1,65.7,2736719.98
5,80,1,65.8,3024795.767
5,80,1,65.9,2808738.926
5,80,1,66,2448644.192
5,80,1,66.1,2592682.086
5,80,1,66.2,2304606.299
5,80,1,66.3,2592682.086
5,80,1,66.4,2880757.873
5,80,1,66.5,2808738.926
5,80,1,66.6,2520663.139
5,80,1,66.7,2520663.139
5,80,1,66.8,2160568.405
5,80,1,66.9,2520663.139
5,80,1,67,3096814.714
5,80,1,67.1,3168833.661
5,80,1,67.2,3384890.501
5,80,1,67.3,2520663.139
5,80,1,67.4,3024795.767
5,80,1,67.5,3024795.767
5,80,1,67.6,2160568.405
5,80,1,67.7,2736719.98
5,80,1,67.8,2448644.192
5,80,1,67.9,2520663.139
5,80,1,68,2232587.352
5,80,1,68.1,2736719.98
5,80,1,68.2,2088549.458
5,80,1,68.3,2520663.139
5,80,1,68.4,2520663.139
5,80,1,68.5,1728454.724
5,80,1,68.6,2664701.033
5,80,1,68.7,2520663.139
5,80,1,68.8,1440378.937
5,80,1,68.9,2952776.82
5,80,1,69,2520663.139
5,80,1,69.1,2952776.82
5,80,1,69.2,2736719.98
5,80,1,69.3,2520663.139
5,80,1,69.4,2952776.82
5,80,1,69.5,2520663.139
5,80,1,69.6,2448644.192
5,80,1,69.7,2232587.352
5,80,1,69.8,2304606.299
5,80,1,69.9,1728454.724
5,80,1,70,2592682.086
5,80,1,70.1,2736719.98
5,80,1,70.2,2160568.405
5,80,1,70.3,2376625.245
5,80,1,70.4,1944511.564
5,80,1,70.5,1656435.777
5,80,1,70.6,1872492.618
5,80,1,70.7,2376625.245
5,80,1,70.8,1944511.564
5,80,1,70.9,1656435.777
5,80,1,71,1872492.618
5,80,1,71.1,2952776.82
5,80,1,71.2,2088549.458
5,80,1,71.3,1872492.618
5,80,1,71.4,1944511.564
5,80,1,71.5,1944511.564
5,80,1,71.6,1512397.883
5,80,1,71.7,2016530.511
5,80,1,71.8,2088549.458
5,80,1,71.9,2232587.352
5,80,1,72,2304606.299
5,80,1,72.1,1800473.671
5,80,1,72.2,1584416.83
5,80,1,72.3,1800473.671
5,80,1,72.4,1512397.883
5,80,1,72.5,1800473.671
5,80,1,72.6,1512397.883
5,80,1,72.7,2160568.405
5,80,1,72.8,2520663.139
5,80,1,72.9,1800473.671
5,80,1,73,1152303.149
5,80,1,73.1,2376625.245
5,80,1,73.2,2664701.033
5,80,1,73.3,2088549.458
5,80,1,73.4,1296341.043
5,80,1,73.5,1944511.564
5,80,1,73.6,2304606.299
5,80,1,73.7,2160568.405
5,80,1,73.8,2016530.511
5,80,1,73.9,2952776.82
5,80,1,74,2448644.192
5,80,1,74.1,1800473.671
5,80,1,74.2,1584416.83
5,80,1,74.3,2016530.511
5,80,1,74.4,1944511.564
5,80,1,74.5,1368359.99
5,80,1,74.6,1512397.883
5,80,1,74.7,1368359.99
5,80,1,74.8,2016530.511
5,80,1,74.9,1008265.256
5,80,1,75,1728454.724
5,80,1,75.1,2376625.245
5,80,1,75.2,1944511.564
5,80,1,75.3,1008265.256
5,80,1,75.4,1656435.777
5,80,1,75.5,1440378.937
5,80,1,75.6,1152303.149
5,80,1,75.7,1080284.202
5,80,1,75.8,1224322.096
5,80,1,75.9,1224322.096
5,80,1,76,720189.4683
5,80,1,76.1,1728454.724
5,80,1,76.2,1728454.724
5,80,1,76.3,1152303.149
5,80,1,76.4,1368359.99
5,80,1,76.5,1152303.149
5,80,1,76.6,1080284.202
5,80,1,76.7,1512397.883
5,80,1,76.8,1152303.149
5,80,1,76.9,864227.362
5,80,1,77,1440378.937
5,80,1,77.1,1224322.096
5,80,1,77.2,1584416.83
5,80,1,77.3,1584416.83
5,80,1,77.4,1224322.096
5,80,1,77.5,1224322.096
5,80,1,77.6,1368359.99
5,80,1,77.7,936246.3088
5,80,1,77.8,1224322.096
5,80,1,77.9,1440378.937
5,80,1,78,864227.362
5,80,1,78.1,1008265.256
5,80,1,78.2,936246.3088
5,80,1,78.3,1008265.256
5,80,1,78.4,1224322.096
5,80,1,78.5,792208.4151
5,80,1,78.6,360094.7341
5,80,1,78.7,576151.5746
5,80,1,78.8,936246.3088
5,80,1,78.9,720189.4683
5,80,1,79,504132.6278
5,80,1,79.1,432113.681
5,80,1,79.2,216056.8405
5,80,1,79.3,648170.5215
5,80,1,79.4,360094.7341
5,80,1,79.5,432113.681
5,80,1,79.6,288075.7873
5,80,1,79.7,360094.7341
5,80,1,79.8,360094.7341
5,80,1,79.9,144037.8937
5,80,1,80,72018.94683
5,150,1,0.3,95805.02101
5,150,1,3,95805.02101
5,150,1,3.1,287415.063
5,150,1,3.2,383220.084
5,150,1,3.3,383220.084
5,150,1,3.4,1149660.252
5,150,1,3.5,1053855.231
5,150,1,3.6,1245465.273
5,150,1,3.7,2395125.525
5,150,1,3.8,2874150.63
5,150,1,3.9,3736395.819
5,150,1,4,4598641.009
5,150,1,4.1,5556691.219
5,150,1,4.2,7185376.576
5,150,1,4.3,7281181.597
5,150,1,4.4,8335036.828
5,150,1,4.5,9580502.101
5,150,1,4.6,13604312.98
5,150,1,4.7,15328803.36
5,150,1,4.8,15232998.34
5,150,1,4.9,17532318.85
5,150,1,5,17149098.76
5,150,1,5.1,21556129.73
5,150,1,5.2,24142865.29
5,150,1,5.3,23759645.21
5,150,1,5.4,24909305.46
5,150,1,5.5,25292525.55
5,150,1,5.6,25005110.48
5,150,1,5.7,26825405.88
5,150,1,5.8,31232436.85
5,150,1,5.9,30082776.6
5,150,1,6,30849216.77
5,150,1,6.1,30465996.68
5,150,1,6.2,29412141.45
5,150,1,6.3,33052732.25
5,150,1,6.4,34681417.61
5,150,1,6.5,33819172.42
5,150,1,6.6,35447857.77
5,150,1,6.7,34106587.48
5,150,1,6.8,36310102.96
5,150,1,6.9,37363958.19
5,150,1,7,37172348.15
5,150,1,7.1,42250014.27
5,150,1,7.2,38417813.43
5,150,1,7.3,41675184.14
5,150,1,7.4,67925759.9
5,150,1,7.5,38705228.49
5,150,1,7.6,39184253.59
5,150,1,7.7,41291964.06
5,150,1,7.8,38705228.49
5,150,1,7.9,43303869.5
5,150,1,8,42441624.31
5,150,1,8.1,41100354.01
5,150,1,8.2,44645139.79
5,150,1,8.3,100499467
5,150,1,8.4,576937836.5
5,150,1,8.5,41100354.01
5,150,1,8.6,42345819.29
5,150,1,8.7,40621328.91
5,150,1,8.8,45028359.88
5,150,1,8.9,42250014.27
5,150,1,9,43687089.58
5,150,1,9.1,38896838.53
5,150,1,9.2,40333913.85
5,150,1,9.3,39567473.68
5,150,1,9.4,40429718.87
5,150,1,9.5,57195597.54
5,150,1,9.6,47615095.44
5,150,1,9.7,323054530.9
5,150,1,9.8,60644578.3
5,150,1,9.9,53459201.72
5,150,1,10,156737014.4
5,150,1,10.1,41100354.01
5,150,1,10.2,44740944.81
5,150,1,10.3,36310102.96
5,150,1,10.4,37076543.13
5,150,1,10.5,38226203.38
5,150,1,10.6,37363958.19
5,150,1,10.7,38226203.38
5,150,1,10.8,34777222.63
5,150,1,10.9,36980738.11
5,150,1,11,36214297.94
5,150,1,11.1,36022687.9
5,150,1,11.2,36980738.11
5,150,1,11.3,87949009.29
5,150,1,11.4,33819172.42
5,150,1,11.5,38896838.53
5,150,1,11.6,37172348.15
5,150,1,11.7,35831077.86
5,150,1,11.8,28741506.3
5,150,1,11.9,32382097.1
5,150,1,12,35926882.88
5,150,1,12.1,30370191.66
5,150,1,12.2,32956927.23
5,150,1,12.3,30657606.72
5,150,1,12.4,34681417.61
5,150,1,12.5,31519851.91
5,150,1,12.6,32190487.06
5,150,1,12.7,32573707.14
5,150,1,12.8,29699556.51
5,150,1,12.9,31615656.93
5,150,1,13,30178581.62
5,150,1,13.1,25963160.69
5,150,1,13.2,31998877.02
5,150,1,13.3,33627562.38
5,150,1,13.4,31903072
5,150,1,13.5,30657606.72
5,150,1,13.6,29316336.43
5,150,1,13.7,29507946.47
5,150,1,13.8,27591846.05
5,150,1,13.9,30370191.66
5,150,1,14,30274386.64
5,150,1,14.1,30465996.68
5,150,1,14.2,28358286.22
5,150,1,14.3,29699556.51
5,150,1,14.4,28741506.3
5,150,1,14.5,27496041.03
5,150,1,14.6,27687651.07
5,150,1,14.7,27017015.93
5,150,1,14.8,27879261.11
5,150,1,14.9,28837311.32
5,150,1,15,26058965.72
5,150,1,15.1,25292525.55
5,150,1,15.2,26537990.82
5,150,1,15.3,25196720.53
5,150,1,15.4,26633795.84
5,150,1,15.5,25484135.59
5,150,1,15.6,25771550.65
5,150,1,15.7,25771550.65
5,150,1,15.8,22801595
5,150,1,15.9,23376425.13
5,150,1,16,27687651.07
5,150,1,16.1,25484135.59
5,150,1,16.2,27112820.95
5,150,1,16.3,25867355.67
5,150,1,16.4,22226764.87
5,150,1,16.5,24621890.4
5,150,1,16.6,25484135.59
5,150,1,16.7,25963160.69
5,150,1,16.8,25867355.67
5,150,1,16.9,22897400.02
5,150,1,17,22801595
5,150,1,17.1,25484135.59
5,150,1,17.2,22705789.98
5,150,1,17.3,23376425.13
5,150,1,17.4,23376425.13
5,150,1,17.5,22897400.02
5,150,1,17.6,22130959.85
5,150,1,17.7,22322569.9
5,150,1,17.8,23951255.25
5,150,1,17.9,19831639.35
5,150,1,18,22993205.04
5,150,1,18.1,20406469.48
5,150,1,18.2,24526085.38
5,150,1,18.3,21268714.66
5,150,1,18.4,22897400.02
5,150,1,18.5,21268714.66
5,150,1,18.6,20693884.54
5,150,1,18.7,20598079.52
5,150,1,18.8,21939349.81
5,150,1,18.9,21268714.66
5,150,1,19,20310664.45
5,150,1,19.1,21556129.73
5,150,1,19.2,18777784.12
5,150,1,19.3,20214859.43
5,150,1,19.4,20310664.45
5,150,1,19.5,20693884.54
5,150,1,19.6,17723928.89
5,150,1,19.7,20214859.43
5,150,1,19.8,20023249.39
5,150,1,19.9,19640029.31
5,150,1,20,19065199.18
5,150,1,20.1,19352614.24
5,150,1,20.2,20693884.54
5,150,1,20.3,18011343.95
5,150,1,20.4,19065199.18
5,150,1,20.5,20214859.43
5,150,1,20.6,17149098.76
5,150,1,20.7,18011343.95
5,150,1,20.8,18202953.99
5,150,1,20.9,19831639.35
5,150,1,21,20214859.43
5,150,1,21.1,17436513.82
5,150,1,21.2,17915538.93
5,150,1,21.3,18873589.14
5,150,1,21.4,18490369.06
5,150,1,21.5,20023249.39
5,150,1,21.6,17149098.76
5,150,1,21.7,17628123.87
5,150,1,21.8,18777784.12
5,150,1,21.9,16478463.61
5,150,1,22,18011343.95
5,150,1,22.1,16765878.68
5,150,1,22.2,16382658.59
5,150,1,22.3,18777784.12
5,150,1,22.4,18107148.97
5,150,1,22.5,18969394.16
5,150,1,22.6,16478463.61
5,150,1,22.7,18681979.1
5,150,1,22.8,15520413.4
5,150,1,22.9,16478463.61
5,150,1,23,16574268.64
5,150,1,23.1,15807828.47
5,150,1,23.2,15616218.42
5,150,1,23.3,15616218.42
5,150,1,23.4,13987533.07
5,150,1,23.5,16382658.59
5,150,1,23.6,16957488.72
5,150,1,23.7,15328803.36
5,150,1,23.8,17628123.87
5,150,1,23.9,16286853.57
5,150,1,24,16382658.59
5,150,1,24.1,16191048.55
5,150,1,24.2,14274948.13
5,150,1,24.3,17915538.93
5,150,1,24.4,14849778.26
5,150,1,24.5,17149098.76
5,150,1,24.6,14849778.26
5,150,1,24.7,15999438.51
5,150,1,24.8,16286853.57
5,150,1,24.9,16286853.57
5,150,1,25,14945583.28
5,150,1,25.1,13508507.96
5,150,1,25.2,15807828.47
5,150,1,25.3,14753973.24
5,150,1,25.4,14658168.21
5,150,1,25.5,15903633.49
5,150,1,25.6,14658168.21
5,150,1,25.7,16670073.66
5,150,1,25.8,13316897.92
5,150,1,25.9,14466558.17
5,150,1,26,14753973.24
5,150,1,26.1,13795923.03
5,150,1,26.2,15041388.3
5,150,1,26.3,12837872.82
5,150,1,26.4,15999438.51
5,150,1,26.5,14849778.26
5,150,1,26.6,13604312.98
5,150,1,26.7,13795923.03
5,150,1,26.8,14370753.15
5,150,1,26.9,15041388.3
5,150,1,27,13891728.05
5,150,1,27.1,14179143.11
5,150,1,27.2,13700118
5,150,1,27.3,15137193.32
5,150,1,27.4,14274948.13
5,150,1,27.5,13795923.03
5,150,1,27.6,14370753.15
5,150,1,27.7,13125287.88
5,150,1,27.8,12933677.84
5,150,1,27.9,15424608.38
5,150,1,28,14083338.09
5,150,1,28.1,14370753.15
5,150,1,28.2,12550457.75
5,150,1,28.3,15328803.36
5,150,1,28.4,11496602.52
5,150,1,28.5,12454652.73
5,150,1,28.6,13891728.05
5,150,1,28.7,12454652.73
5,150,1,28.8,13987533.07
5,150,1,28.9,11304992.48
5,150,1,29,13795923.03
5,150,1,29.1,11879822.61
5,150,1,29.2,12454652.73
5,150,1,29.3,12742067.79
5,150,1,29.4,11688212.56
5,150,1,29.5,11688212.56
5,150,1,29.6,12167237.67
5,150,1,29.7,10730162.35
5,150,1,29.8,9867917.164
5,150,1,29.9,12263042.69
5,150,1,30,10346942.27
5,150,1,30.1,13795923.03
5,150,1,30.2,11400797.5
5,150,1,30.3,12071432.65
5,150,1,30.4,10538552.31
5,150,1,30.5,13891728.05
5,150,1,30.6,11113382.44
5,150,1,30.7,13029482.86
5,150,1,30.8,11879822.61
5,150,1,30.9,13604312.98
5,150,1,31,10442747.29
5,150,1,31.1,12071432.65
5,150,1,31.2,11879822.61
5,150,1,31.3,9388892.059
5,150,1,31.4,10921772.4
5,150,1,31.5,11304992.48
5,150,1,31.6,11688212.56
5,150,1,31.7,10538552.31
5,150,1,31.8,11400797.5
5,150,1,31.9,11209187.46
5,150,1,32,11592407.54
5,150,1,32.1,10538552.31
5,150,1,32.2,7760206.702
5,150,1,32.3,12358847.71
5,150,1,32.4,9676307.122
5,150,1,32.5,11017577.42
5,150,1,32.6,12358847.71
5,150,1,32.7,10921772.4
5,150,1,32.8,9867917.164
5,150,1,32.9,8814061.933
5,150,1,33,9580502.101
5,150,1,33.1,11017577.42
5,150,1,33.2,9867917.164
5,150,1,33.3,9963722.185
5,150,1,33.4,11592407.54
5,150,1,33.5,9963722.185
5,150,1,33.6,9293087.038
5,150,1,33.7,10730162.35
5,150,1,33.8,10155332.23
5,150,1,33.9,10155332.23
5,150,1,34,9676307.122
5,150,1,34.1,10634357.33
5,150,1,34.2,11209187.46
5,150,1,34.3,9772112.143
5,150,1,34.4,8909866.954
5,150,1,34.5,10730162.35
5,150,1,34.6,10155332.23
5,150,1,34.7,9293087.038
5,150,1,34.8,8814061.933
5,150,1,34.9,10059527.21
5,150,1,35,8239231.807
5,150,1,35.1,9963722.185
5,150,1,35.2,11113382.44
5,150,1,35.3,9388892.059
5,150,1,35.4,10251137.25
5,150,1,35.5,9963722.185
5,150,1,35.6,9580502.101
5,150,1,35.7,7472791.639
5,150,1,35.8,7185376.576
5,150,1,35.9,8430841.849
5,150,1,36,9963722.185
5,150,1,36.1,9484697.08
5,150,1,36.2,8909866.954
5,150,1,36.3,9676307.122
5,150,1,36.4,8526646.87
5,150,1,36.5,8718256.912
5,150,1,36.6,8814061.933
5,150,1,36.7,9197282.017
5,150,1,36.8,8622451.891
5,150,1,36.9,10346942.27
5,150,1,37,9101476.996
5,150,1,37.1,7472791.639
5,150,1,37.2,9388892.059
5,150,1,37.3,8622451.891
5,150,1,37.4,8814061.933
5,150,1,37.5,7856011.723
5,150,1,37.6,10251137.25
5,150,1,37.7,8430841.849
5,150,1,37.8,8143426.786
5,150,1,37.9,9293087.038
5,150,1,38,7376986.618
5,150,1,38.1,9101476.996
5,150,1,38.2,8909866.954
5,150,1,38.3,7664401.681
5,150,1,38.4,8909866.954
5,150,1,38.5,7856011.723
5,150,1,38.6,8047621.765
5,150,1,38.7,7376986.618
5,150,1,38.8,6610546.45
5,150,1,38.9,7856011.723
5,150,1,39,8047621.765
5,150,1,39.1,7568596.66
5,150,1,39.2,8909866.954
5,150,1,39.3,9005671.975
5,150,1,39.4,9293087.038
5,150,1,39.5,9197282.017
5,150,1,39.6,7185376.576
5,150,1,39.7,8239231.807
5,150,1,39.8,9293087.038
5,150,1,39.9,6610546.45
5,150,1,40,8047621.765
5,150,1,40.1,8047621.765
5,150,1,40.2,7281181.597
5,150,1,40.3,8047621.765
5,150,1,40.4,5365081.177
5,150,1,40.5,8814061.933
5,150,1,40.6,8143426.786
5,150,1,40.7,8143426.786
5,150,1,40.8,8909866.954
5,150,1,40.9,9005671.975
5,150,1,41,7568596.66
5,150,1,41.1,7089571.555
5,150,1,41.2,6418936.408
5,150,1,41.3,7089571.555
5,150,1,41.4,7568596.66
5,150,1,41.5,6802156.492
5,150,1,41.6,7376986.618
5,150,1,41.7,6514741.429
5,150,1,41.8,8047621.765
5,150,1,41.9,7472791.639
5,150,1,42,6706351.471
5,150,1,42.1,6514741.429
5,150,1,42.2,8239231.807
5,150,1,42.3,5939911.303
5,150,1,42.4,6514741.429
5,150,1,42.5,8335036.828
5,150,1,42.6,6802156.492
5,150,1,42.7,8143426.786
5,150,1,42.8,6514741.429
5,150,1,42.9,7568596.66
5,150,1,43,6993766.534
5,150,1,43.1,8814061.933
5,150,1,43.2,9388892.059
5,150,1,43.3,7568596.66
5,150,1,43.4,7376986.618
5,150,1,43.5,5269276.156
5,150,1,43.6,6131521.345
5,150,1,43.7,7376986.618
5,150,1,43.8,6993766.534
5,150,1,43.9,6514741.429
5,150,1,44,7185376.576
5,150,1,44.1,8335036.828
5,150,1,44.2,7281181.597
5,150,1,44.3,6993766.534
5,150,1,44.4,7760206.702
5,150,1,44.5,4981861.093
5,150,1,44.6,6802156.492
5,150,1,44.7,6802156.492
5,150,1,44.8,6035716.324
5,150,1,44.9,6227326.366
5,150,1,45,6418936.408
5,150,1,45.1,6897961.513
5,150,1,45.2,5652496.24
5,150,1,45.3,7664401.681
5,150,1,45.4,6227326.366
5,150,1,45.5,6802156.492
5,150,1,45.6,7664401.681
5,150,1,45.7,5652496.24
5,150,1,45.8,7376986.618
5,150,1,45.9,6610546.45
5,150,1,46,7089571.555
5,150,1,46.1,8622451.891
5,150,1,46.2,7185376.576
5,150,1,46.3,6802156.492
5,150,1,46.4,7664401.681
5,150,1,46.5,8335036.828
5,150,1,46.6,4981861.093
5,150,1,46.7,7760206.702
5,150,1,46.8,4790251.051
5,150,1,46.9,7472791.639
5,150,1,47,7185376.576
5,150,1,47.1,5844106.282
5,150,1,47.2,7376986.618
5,150,1,47.3,6897961.513
5,150,1,47.4,6897961.513
5,150,1,47.5,6993766.534
5,150,1,47.6,5652496.24
5,150,1,47.7,5365081.177
5,150,1,47.8,6706351.471
5,150,1,47.9,5556691.219
5,150,1,48,6418936.408
5,150,1,48.1,6035716.324
5,150,1,48.2,5269276.156
5,150,1,48.3,6131521.345
5,150,1,48.4,5173471.135
5,150,1,48.5,4790251.051
5,150,1,48.6,5460886.198
5,150,1,48.7,6227326.366
5,150,1,48.8,6131521.345
5,150,1,48.9,4694446.03
5,150,1,49,7951816.744
5,150,1,49.1,5748301.261
5,150,1,49.2,5748301.261
5,150,1,49.3,5748301.261
5,150,1,49.4,4502835.988
5,150,1,49.5,6227326.366
5,150,1,49.6,5652496.24
5,150,1,49.7,5939911.303
5,150,1,49.8,6131521.345
5,150,1,49.9,6706351.471
5,150,1,50,5365081.177
5,150,1,50.1,6323131.387
5,150,1,50.2,5460886.198
5,150,1,50.3,5748301.261
5,150,1,50.4,5652496.24
5,150,1,50.5,5460886.198
5,150,1,50.6,4598641.009
5,150,1,50.7,4981861.093
5,150,1,50.8,5844106.282
5,150,1,50.9,7281181.597
5,150,1,51,5460886.198
5,150,1,51.1,5748301.261
5,150,1,51.2,6035716.324
5,150,1,51.3,6035716.324
5,150,1,51.4,5077666.114
5,150,1,51.5,6131521.345
5,150,1,51.6,5077666.114
5,150,1,51.7,5939911.303
5,150,1,51.8,5460886.198
5,150,1,51.9,5652496.24
5,150,1,52,5844106.282
5,150,1,52.1,5460886.198
5,150,1,52.2,6610546.45
5,150,1,52.3,5844106.282
5,150,1,52.4,4981861.093
5,150,1,52.5,6610546.45
5,150,1,52.6,6035716.324
5,150,1,52.7,5556691.219
5,150,1,52.8,5939911.303
5,150,1,52.9,5748301.261
5,150,1,53,3928005.861
5,150,1,53.1,5173471.135
5,150,1,53.2,5173471.135
5,150,1,53.3,4981861.093
5,150,1,53.4,5939911.303
5,150,1,53.5,4119615.904
5,150,1,53.6,5460886.198
5,150,1,53.7,6131521.345
5,150,1,53.8,4981861.093
5,150,1,53.9,5652496.24
5,150,1,54,5460886.198
5,150,1,54.1,5460886.198
5,150,1,54.2,5652496.24
5,150,1,54.3,6897961.513
5,150,1,54.4,3832200.84
5,150,1,54.5,5269276.156
5,150,1,54.6,4790251.051
5,150,1,54.7,5365081.177
5,150,1,54.8,4981861.093
5,150,1,54.9,5173471.135
5,150,1,55,6418936.408
5,150,1,55.1,5460886.198
5,150,1,55.2,4311225.946
5,150,1,55.3,4598641.009
5,150,1,55.4,5365081.177
5,150,1,55.5,4215420.925
5,150,1,55.6,6131521.345
5,150,1,55.7,5556691.219
5,150,1,55.8,4598641.009
5,150,1,55.9,4694446.03
5,150,1,56,4407030.967
5,150,1,56.1,5365081.177
5,150,1,56.2,4790251.051
5,150,1,56.3,4502835.988
5,150,1,56.4,5460886.198
5,150,1,56.5,5748301.261
5,150,1,56.6,4311225.946
5,150,1,56.7,6131521.345
5,150,1,56.8,5556691.219
5,150,1,56.9,5652496.24
5,150,1,57,4886056.072
5,150,1,57.1,5652496.24
5,150,1,57.2,5077666.114
5,150,1,57.3,4886056.072
5,150,1,57.4,3832200.84
5,150,1,57.5,4311225.946
5,150,1,57.6,5077666.114
5,150,1,57.7,4598641.009
5,150,1,57.8,3832200.84
5,150,1,57.9,4886056.072
5,150,1,58,4790251.051
5,150,1,58.1,22035154.83
5,150,1,58.2,4311225.946
5,150,1,58.3,4598641.009
5,150,1,58.4,5652496.24
5,150,1,58.5,4119615.904
5,150,1,58.6,3928005.861
5,150,1,58.7,3928005.861
5,150,1,58.8,4311225.946
5,150,1,58.9,4502835.988
5,150,1,59,4407030.967
5,150,1,59.1,4886056.072
5,150,1,59.2,4311225.946
5,150,1,59.3,5460886.198
5,150,1,59.4,5077666.114
5,150,1,59.5,32094682.04
5,150,1,59.6,3448980.756
5,150,1,59.7,4694446.03
5,150,1,59.8,5077666.114
5,150,1,59.9,3928005.861
5,150,1,60,4502835.988
5,150,1,60.1,3928005.861
5,150,1,60.2,4215420.925
5,150,1,60.3,4694446.03
5,150,1,60.4,3640590.798
5,150,1,60.5,3928005.861
5,150,1,60.6,4215420.925
5,150,1,60.7,4023810.882
5,150,1,60.8,4023810.882
5,150,1,60.9,5365081.177
5,150,1,61,4790251.051
5,150,1,61.1,4502835.988
5,150,1,61.2,3257370.714
5,150,1,61.3,4119615.904
5,150,1,61.4,6227326.366
5,150,1,61.5,5077666.114
5,150,1,61.6,4407030.967
5,150,1,61.7,3257370.714
5,150,1,61.8,4119615.904
5,150,1,61.9,4215420.925
5,150,1,62,4981861.093
5,150,1,62.1,3640590.798
5,150,1,62.2,3065760.672
5,150,1,62.3,4023810.882
5,150,1,62.4,3544785.777
5,150,1,62.5,4023810.882
5,150,1,62.6,4215420.925
5,150,1,62.7,4215420.925
5,150,1,62.8,3928005.861
5,150,1,62.9,3544785.777
5,150,1,63,4023810.882
5,150,1,63.1,4790251.051
5,150,1,63.2,3448980.756
5,150,1,63.3,3928005.861
5,150,1,63.4,4886056.072
5,150,1,63.5,3448980.756
5,150,1,63.6,4886056.072
5,150,1,63.7,4215420.925
5,150,1,63.8,4311225.946
5,150,1,63.9,3736395.819
5,150,1,64,3736395.819
5,150,1,64.1,4311225.946
5,150,1,64.2,3832200.84
5,150,1,64.3,3832200.84
5,150,1,64.4,4311225.946
5,150,1,64.5,3448980.756
5,150,1,64.6,2874150.63
5,150,1,64.7,3544785.777
5,150,1,64.8,3928005.861
5,150,1,64.9,3928005.861
5,150,1,65,3640590.798
5,150,1,65.1,4502835.988
5,150,1,65.2,3257370.714
5,150,1,65.3,4311225.946
5,150,1,65.4,5077666.114
5,150,1,65.5,3640590.798
5,150,1,65.6,3640590.798
5,150,1,65.7,4694446.03
5,150,1,65.8,3544785.777
5,150,1,65.9,3928005.861
5,150,1,66,4407030.967
5,150,1,66.1,3928005.861
5,150,1,66.2,4886056.072
5,150,1,66.3,4215420.925
5,150,1,66.4,3161565.693
5,150,1,66.5,4311225.946
5,150,1,66.6,4598641.009
5,150,1,66.7,3353175.735
5,150,1,66.8,3640590.798
5,150,1,66.9,3832200.84
5,150,1,67,3928005.861
5,150,1,67.1,6706351.471
5,150,1,67.2,4311225.946
5,150,1,67.3,3736395.819
5,150,1,67.4,9580502.101
5,150,1,67.5,3257370.714
5,150,1,67.6,3161565.693
5,150,1,67.7,2969955.651
5,150,1,67.8,3928005.861
5,150,1,67.9,3353175.735
5,150,1,68,3448980.756
5,150,1,68.1,4407030.967
5,150,1,68.2,4119615.904
5,150,1,68.3,3832200.84
5,150,1,68.4,3065760.672
5,150,1,68.5,4023810.882
5,150,1,68.6,3065760.672
5,150,1,68.7,3640590.798
5,150,1,68.8,3448980.756
5,150,1,68.9,3161565.693
5,150,1,69,2490930.546
5,150,1,69.1,2778345.609
5,150,1,69.2,4598641.009
5,150,1,69.3,4407030.967
5,150,1,69.4,4502835.988
5,150,1,69.5,3353175.735
5,150,1,69.6,4119615.904
5,150,1,69.7,2874150.63
5,150,1,69.8,3928005.861
5,150,1,69.9,3640590.798
5,150,1,70,4215420.925
5,150,1,70.1,3640590.798
5,150,1,70.2,3736395.819
5,150,1,70.3,2107710.462
5,150,1,70.4,3736395.819
5,150,1,70.5,4407030.967
5,150,1,70.6,3736395.819
5,150,1,70.7,3161565.693
5,150,1,70.8,2107710.462
5,150,1,70.9,3065760.672
5,150,1,71,3544785.777
5,150,1,71.1,4023810.882
5,150,1,71.2,3928005.861
5,150,1,71.3,5173471.135
5,150,1,71.4,4598641.009
5,150,1,71.5,3353175.735
5,150,1,71.6,3928005.861
5,150,1,71.7,3065760.672
5,150,1,71.8,4215420.925
5,150,1,71.9,2778345.609
5,150,1,72,3161565.693
5,150,1,72.1,1916100.42
5,150,1,72.2,4790251.051
5,150,1,72.3,2586735.567
5,150,1,72.4,3065760.672
5,150,1,72.5,2490930.546
5,150,1,72.6,2874150.63
5,150,1,72.7,3065760.672
5,150,1,72.8,2586735.567
5,150,1,72.9,4311225.946
5,150,1,73,3640590.798
5,150,1,73.1,3353175.735
5,150,1,73.2,3257370.714
5,150,1,73.3,3640590.798
5,150,1,73.4,2203515.483
5,150,1,73.5,3161565.693
5,150,1,73.6,2682540.588
5,150,1,73.7,3544785.777
5,150,1,73.8,3257370.714
5,150,1,73.9,4023810.882
5,150,1,74,3832200.84
5,150,1,74.1,2203515.483
5,150,1,74.2,3448980.756
5,150,1,74.3,3353175.735
5,150,1,74.4,3065760.672
5,150,1,74.5,3065760.672
5,150,1,74.6,3448980.756
5,150,1,74.7,3065760.672
5,150,1,74.8,3257370.714
5,150,1,74.9,2778345.609
5,150,1,75,3257370.714
5,150,1,75.1,3544785.777
5,150,1,75.2,3544785.777
5,150,1,75.3,3353175.735
5,150,1,75.4,2490930.546
5,150,1,75.5,3065760.672
5,150,1,75.6,2586735.567
5,150,1,75.7,3257370.714
5,150,1,75.8,3161565.693
5,150,1,75.9,2395125.525
5,150,1,76,3161565.693
5,150,1,76.1,2203515.483
5,150,1,76.2,2011905.441
5,150,1,76.3,3736395.819
5,150,1,76.4,2586735.567
5,150,1,76.5,1916100.42
5,150,1,76.6,3448980.756
5,150,1,76.7,3161565.693
5,150,1,76.8,4023810.882
5,150,1,76.9,2778345.609
5,150,1,77,3065760.672
5,150,1,77.1,2107710.462
5,150,1,77.2,2778345.609
5,150,1,77.3,1916100.42
5,150,1,77.4,2490930.546
5,150,1,77.5,2586735.567
5,150,1,77.6,2203515.483
5,150,1,77.7,2682540.588
5,150,1,77.8,3065760.672
5,150,1,77.9,3257370.714
5,150,1,78,2299320.504
5,150,1,78.1,3257370.714
5,150,1,78.2,3065760.672
5,150,1,78.3,3832200.84
5,150,1,78.4,2299320.504
5,150,1,78.5,2490930.546
5,150,1,78.6,2395125.525
5,150,1,78.7,2203515.483
5,150,1,78.8,3640590.798
5,150,1,78.9,3736395.819
5,150,1,79,3353175.735
5,150,1,79.1,2490930.546
5,150,1,79.2,2778345.609
5,150,1,79.3,3065760.672
5,150,1,79.4,2490930.546
5,150,1,79.5,3257370.714
5,150,1,79.6,2778345.609
5,150,1,79.7,3736395.819
5,150,1,79.8,2874150.63
5,150,1,79.9,2203515.483
5,150,1,80,2107710.462
5,150,1,80.1,2107710.462
5,150,1,80.2,3640590.798
5,150,1,80.3,3161565.693
5,150,1,80.4,1628685.357
5,150,1,80.5,2490930.546
5,150,1,80.6,2586735.567
5,150,1,80.7,2395125.525
5,150,1,80.8,2299320.504
5,150,1,80.9,2969955.651
5,150,1,81,2490930.546
5,150,1,81.1,2011905.441
5,150,1,81.2,2874150.63
5,150,1,81.3,3065760.672
5,150,1,81.4,2682540.588
5,150,1,81.5,2490930.546
5,150,1,81.6,2395125.525
5,150,1,81.7,2490930.546
5,150,1,81.8,2778345.609
5,150,1,81.9,1820295.399
5,150,1,82,2203515.483
5,150,1,82.1,2874150.63
5,150,1,82.2,2682540.588
5,150,1,82.3,3353175.735
5,150,1,82.4,2299320.504
5,150,1,82.5,1532880.336
5,150,1,82.6,3161565.693
5,150,1,82.7,2778345.609
5,150,1,82.8,2203515.483
5,150,1,82.9,3257370.714
5,150,1,83,2874150.63
5,150,1,83.1,1724490.378
5,150,1,83.2,3065760.672
5,150,1,83.3,3161565.693
5,150,1,83.4,2586735.567
5,150,1,83.5,3065760.672
5,150,1,83.6,3544785.777
5,150,1,83.7,1724490.378
5,150,1,83.8,2490930.546
5,150,1,83.9,2778345.609
5,150,1,84,2107710.462
5,150,1,84.1,3353175.735
5,150,1,84.2,1628685.357
5,150,1,84.3,3353175.735
5,150,1,84.4,2107710.462
5,150,1,84.5,2874150.63
5,150,1,84.6,2107710.462
5,150,1,84.7,2203515.483
5,150,1,84.8,1916100.42
5,150,1,84.9,2586735.567
5,150,1,85,2490930.546
5,150,1,85.1,2107710.462
5,150,1,85.2,2490930.546
5,150,1,85.3,2011905.441
5,150,1,85.4,2203515.483
5,150,1,85.5,2107710.462
5,150,1,85.6,2395125.525
5,150,1,85.7,2011905.441
5,150,1,85.8,2490930.546
5,150,1,85.9,2778345.609
5,150,1,86,2011905.441
5,150,1,86.1,3065760.672
5,150,1,86.2,3065760.672
5,150,1,86.3,2586735.567
5,150,1,86.4,2107710.462
5,150,1,86.5,1628685.357
5,150,1,86.6,1820295.399
5,150,1,86.7,2107710.462
5,150,1,86.8,2011905.441
5,150,1,86.9,1724490.378
5,150,1,87,1628685.357
5,150,1,87.1,2490930.546
5,150,1,87.2,1149660.252
5,150,1,87.3,2490930.546
5,150,1,87.4,2011905.441
5,150,1,87.5,2011905.441
5,150,1,87.6,1916100.42
5,150,1,87.7,2107710.462
5,150,1,87.8,2395125.525
5,150,1,87.9,1532880.336
5,150,1,88,2682540.588
5,150,1,88.1,2395125.525
5,150,1,88.2,2490930.546
5,150,1,88.3,2107710.462
5,150,1,88.4,1053855.231
5,150,1,88.5,2203515.483
5,150,1,88.6,2490930.546
5,150,1,88.7,2203515.483
5,150,1,88.8,2682540.588
5,150,1,88.9,1532880.336
5,150,1,89,2107710.462
5,150,1,89.1,2490930.546
5,150,1,89.2,2107710.462
5,150,1,89.3,2874150.63
5,150,1,89.4,2011905.441
5,150,1,89.5,1916100.42
5,150,1,89.6,1820295.399
5,150,1,89.7,2395125.525
5,150,1,89.8,1916100.42
5,150,1,89.9,2203515.483
5,150,1,90,2586735.567
5,150,1,90.1,2299320.504
5,150,1,90.2,1820295.399
5,150,1,90.3,2011905.441
5,150,1,90.4,2107710.462
5,150,1,90.5,2107710.462
5,150,1,90.6,2107710.462
5,150,1,90.7,2107710.462
5,150,1,90.8,1916100.42
5,150,1,90.9,1149660.252
5,150,1,91,958050.2101
5,150,1,91.1,1532880.336
5,150,1,91.2,2586735.567
5,150,1,91.3,1628685.357
5,150,1,91.4,2874150.63
5,150,1,91.5,2586735.567
5,150,1,91.6,2011905.441
5,150,1,91.7,1820295.399
5,150,1,91.8,2107710.462
5,150,1,91.9,2107710.462
5,150,1,92,2203515.483
5,150,1,92.1,1724490.378
5,150,1,92.2,2107710.462
5,150,1,92.3,2203515.483
5,150,1,92.4,1437075.315
5,150,1,92.5,1245465.273
5,150,1,92.6,1916100.42
5,150,1,92.7,1341270.294
5,150,1,92.8,1628685.357
5,150,1,92.9,2107710.462
5,150,1,93,2107710.462
5,150,1,93.1,2299320.504
5,150,1,93.2,3065760.672
5,150,1,93.3,1532880.336
5,150,1,93.4,2299320.504
5,150,1,93.5,2682540.588
5,150,1,93.6,1724490.378
5,150,1,93.7,1916100.42
5,150,1,93.8,2011905.441
5,150,1,93.9,2586735.567
5,150,1,94,1820295.399
5,150,1,94.1,1820295.399
5,150,1,94.2,2011905.441
5,150,1,94.3,2395125.525
5,150,1,94.4,1820295.399
5,150,1,94.5,2203515.483
5,150,1,94.6,2299320.504
5,150,1,94.7,2107710.462
5,150,1,94.8,2107710.462
5,150,1,94.9,2107710.462
5,150,1,95,1916100.42
5,150,1,95.1,2203515.483
5,150,1,95.2,2778345.609
5,150,1,95.3,2107710.462
5,150,1,95.4,2299320.504
5,150,1,95.5,2011905.441
5,150,1,95.6,1916100.42
5,150,1,95.7,1245465.273
5,150,1,95.8,2682540.588
5,150,1,95.9,2107710.462
5,150,1,96,1820295.399
5,150,1,96.1,2299320.504
5,150,1,96.2,1820295.399
5,150,1,96.3,1916100.42
5,150,1,96.4,1916100.42
5,150,1,96.5,1053855.231
5,150,1,96.6,1820295.399
5,150,1,96.7,2107710.462
5,150,1,96.8,1820295.399
5,150,1,96.9,2107710.462
5,150,1,97,1341270.294
5,150,1,97.1,1916100.42
5,150,1,97.2,1149660.252
5,150,1,97.3,1628685.357
5,150,1,97.4,2011905.441
5,150,1,97.5,1820295.399
5,150,1,97.6,1820295.399
5,150,1,97.7,2011905.441
5,150,1,97.8,2874150.63
5,150,1,97.9,1628685.357
5,150,1,98,1916100.42
5,150,1,98.1,1628685.357
5,150,1,98.2,2011905.441
5,150,1,98.3,1724490.378
5,150,1,98.4,1724490.378
5,150,1,98.5,1149660.252
5,150,1,98.6,2203515.483
5,150,1,98.7,1820295.399
5,150,1,98.8,1916100.42
5,150,1,98.9,1437075.315
5,150,1,99,2011905.441
5,150,1,99.1,1628685.357
5,150,1,99.2,2011905.441
5,150,1,99.3,2490930.546
5,150,1,99.4,1437075.315
5,150,1,99.5,2682540.588
5,150,1,99.6,1916100.42
5,150,1,99.7,2107710.462
5,150,1,99.8,1820295.399
5,150,1,99.9,1053855.231
5,150,1,100,1916100.42
5,150,1,100.1,1245465.273
5,150,1,100.2,1245465.273
5,150,1,100.3,1532880.336
5,150,1,100.4,1053855.231
5,150,1,100.5,1820295.399
5,150,1,100.6,1628685.357
5,150,1,100.7,1532880.336
5,150,1,100.8,2011905.441
5,150,1,100.9,2011905.441
5,150,1,101,2011905.441
5,150,1,101.1,2299320.504
5,150,1,101.2,1916100.42
5,150,1,101.3,2682540.588
5,150,1,101.4,1149660.252
5,150,1,101.5,2107710.462
5,150,1,101.6,2107710.462
5,150,1,101.7,2011905.441
5,150,1,101.8,1053855.231
5,150,1,101.9,2490930.546
5,150,1,102,2203515.483
5,150,1,102.1,1341270.294
5,150,1,102.2,2107710.462
5,150,1,102.3,2395125.525
5,150,1,102.4,1245465.273
5,150,1,102.5,1820295.399
5,150,1,102.6,1245465.273
5,150,1,102.7,1437075.315
5,150,1,102.8,1532880.336
5,150,1,102.9,2011905.441
5,150,1,103,1724490.378
5,150,1,103.1,1341270.294
5,150,1,103.2,1724490.378
5,150,1,103.3,1628685.357
5,150,1,103.4,2969955.651
5,150,1,103.5,1245465.273
5,150,1,103.6,2011905.441
5,150,1,103.7,1437075.315
5,150,1,103.8,1437075.315
5,150,1,103.9,1341270.294
5,150,1,104,958050.2101
5,150,1,104.1,862245.1891
5,150,1,104.2,2203515.483
5,150,1,104.3,1628685.357
5,150,1,104.4,766440.1681
5,150,1,104.5,2299320.504
5,150,1,104.6,1628685.357
5,150,1,104.7,1245465.273
5,150,1,104.8,2395125.525
5,150,1,104.9,1149660.252
5,150,1,105,1341270.294
5,150,1,105.1,2011905.441
5,150,1,105.2,1437075.315
5,150,1,105.3,1916100.42
5,150,1,105.4,1820295.399
5,150,1,105.5,1437075.315
5,150,1,105.6,1341270.294
5,150,1,105.7,1628685.357
5,150,1,105.8,2586735.567
5,150,1,105.9,1724490.378
5,150,1,106,2107710.462
5,150,1,106.1,1149660.252
5,150,1,106.2,1341270.294
5,150,1,106.3,1245465.273
5,150,1,106.4,1437075.315
5,150,1,106.5,1245465.273
5,150,1,106.6,1341270.294
5,150,1,106.7,1341270.294
5,150,1,106.8,1341270.294
5,150,1,106.9,1149660.252
5,150,1,107,1149660.252
5,150,1,107.1,766440.1681
5,150,1,107.2,1149660.252
5,150,1,107.3,1724490.378
5,150,1,107.4,1820295.399
5,150,1,107.5,1532880.336
5,150,1,107.6,1341270.294
5,150,1,107.7,1628685.357
5,150,1,107.8,1245465.273
5,150,1,107.9,1341270.294
5,150,1,108,1628685.357
5,150,1,108.1,1628685.357
5,150,1,108.2,1341270.294
5,150,1,108.3,1532880.336
5,150,1,108.4,1916100.42
5,150,1,108.5,1820295.399
5,150,1,108.6,1437075.315
5,150,1,108.7,2299320.504
5,150,1,108.8,1532880.336
5,150,1,108.9,1532880.336
5,150,1,109,1245465.273
5,150,1,109.1,1820295.399
5,150,1,109.2,862245.1891
5,150,1,109.3,1245465.273
5,150,1,109.4,1053855.231
5,150,1,109.5,1149660.252
5,150,1,109.6,1820295.399
5,150,1,109.7,1245465.273
5,150,1,109.8,1916100.42
5,150,1,109.9,1820295.399
5,150,1,110,2586735.567
5,150,1,110.1,1724490.378
5,150,1,110.2,1724490.378
5,150,1,110.3,2107710.462
5,150,1,110.4,1437075.315
5,150,1,110.5,1245465.273
5,150,1,110.6,1724490.378
5,150,1,110.7,1245465.273
5,150,1,110.8,1532880.336
5,150,1,110.9,862245.1891
5,150,1,111,1532880.336
5,150,1,111.1,1245465.273
5,150,1,111.2,1437075.315
5,150,1,111.3,1820295.399
5,150,1,111.4,670635.1471
5,150,1,111.5,1437075.315
5,150,1,111.6,1916100.42
5,150,1,111.7,1628685.357
5,150,1,111.8,1820295.399
5,150,1,111.9,1149660.252
5,150,1,112,2011905.441
5,150,1,112.1,1724490.378
5,150,1,112.2,1437075.315
5,150,1,112.3,1532880.336
5,150,1,112.4,2203515.483
5,150,1,112.5,1053855.231
5,150,1,112.6,1628685.357
5,150,1,112.7,1532880.336
5,150,1,112.8,1724490.378
5,150,1,112.9,1437075.315
5,150,1,113,1724490.378
5,150,1,113.1,958050.2101
5,150,1,113.2,1437075.315
5,150,1,113.3,1341270.294
5,150,1,113.4,1053855.231
5,150,1,113.5,574830.1261
5,150,1,113.6,1916100.42
5,150,1,113.7,766440.1681
5,150,1,113.8,1341270.294
5,150,1,113.9,766440.1681
5,150,1,114,1341270.294
5,150,1,114.1,1437075.315
5,150,1,114.2,1628685.357
5,150,1,114.3,574830.1261
5,150,1,114.4,1820295.399
5,150,1,114.5,1628685.357
5,150,1,114.6,1532880.336
5,150,1,114.7,1053855.231
5,150,1,114.8,1053855.231
5,150,1,114.9,1916100.42
5,150,1,115,1724490.378
5,150,1,115.1,1820295.399
5,150,1,115.2,1053855.231
5,150,1,115.3,1053855.231
5,150,1,115.4,1532880.336
5,150,1,115.5,1245465.273
5,150,1,115.6,1724490.378
5,150,1,115.7,958050.2101
5,150,1,115.8,862245.1891
5,150,1,115.9,1628685.357
5,150,1,116,1149660.252
5,150,1,116.1,958050.2101
5,150,1,116.2,1053855.231
5,150,1,116.3,1532880.336
5,150,1,116.4,1628685.357
5,150,1,116.5,1245465.273
5,150,1,116.6,1149660.252
5,150,1,116.7,1724490.378
5,150,1,116.8,1341270.294
5,150,1,116.9,766440.1681
5,150,1,117,1053855.231
5,150,1,117.1,1437075.315
5,150,1,117.2,1245465.273
5,150,1,117.3,862245.1891
5,150,1,117.4,958050.2101
5,150,1,117.5,1724490.378
5,150,1,117.6,1916100.42
5,150,1,117.7,1437075.315
5,150,1,117.8,958050.2101
5,150,1,117.9,1245465.273
5,150,1,118,1341270.294
5,150,1,118.1,1149660.252
5,150,1,118.2,1245465.273
5,150,1,118.3,766440.1681
5,150,1,118.4,1724490.378
5,150,1,118.5,1532880.336
5,150,1,118.6,1628685.357
5,150,1,118.7,862245.1891
5,150,1,118.8,2107710.462
5,150,1,118.9,1245465.273
5,150,1,119,1820295.399
5,150,1,119.1,862245.1891
5,150,1,119.2,1149660.252
5,150,1,119.3,1341270.294
5,150,1,119.4,1149660.252
5,150,1,119.5,1149660.252
5,150,1,119.6,1628685.357
5,150,1,119.7,1245465.273
5,150,1,119.8,1724490.378
5,150,1,119.9,1341270.294
5,150,1,120,1628685.357
5,150,1,120.1,1149660.252
5,150,1,120.2,1149660.252
5,150,1,120.3,1245465.273
5,150,1,120.4,1341270.294
5,150,1,120.5,1053855.231
5,150,1,120.6,1532880.336
5,150,1,120.7,1724490.378
5,150,1,120.8,1053855.231
5,150,1,120.9,1532880.336
5,150,1,121,1245465.273
5,150,1,121.1,958050.2101
5,150,1,121.2,1245465.273
5,150,1,121.3,1245465.273
5,150,1,121.4,1532880.336
5,150,1,121.5,1149660.252
5,150,1,121.6,1149660.252
5,150,1,121.7,1245465.273
5,150,1,121.8,862245.1891
5,150,1,121.9,958050.2101
5,150,1,122,1437075.315
5,150,1,122.1,1149660.252
5,150,1,122.2,1532880.336
5,150,1,122.3,1532880.336
5,150,1,122.4,1149660.252
5,150,1,122.5,958050.2101
5,150,1,122.6,958050.2101
5,150,1,122.7,958050.2101
5,150,1,122.8,1820295.399
5,150,1,122.9,862245.1891
5,150,1,123,1149660.252
5,150,1,123.1,1437075.315
5,150,1,123.2,670635.1471
5,150,1,123.3,1245465.273
5,150,1,123.4,479025.1051
5,150,1,123.5,958050.2101
5,150,1,123.6,1245465.273
5,150,1,123.7,1053855.231
5,150,1,123.8,958050.2101
5,150,1,123.9,862245.1891
5,150,1,124,1245465.273
5,150,1,124.1,1437075.315
5,150,1,124.2,1245465.273
5,150,1,124.3,1341270.294
5,150,1,124.4,1053855.231
5,150,1,124.5,1149660.252
5,150,1,124.6,1149660.252
5,150,1,124.7,1341270.294
5,150,1,124.8,1341270.294
5,150,1,124.9,1245465.273
5,150,1,125,1341270.294
5,150,1,125.1,574830.1261
5,150,1,125.2,766440.1681
5,150,1,125.3,862245.1891
5,150,1,125.4,1053855.231
5,150,1,125.5,1245465.273
5,150,1,125.6,1437075.315
5,150,1,125.7,1245465.273
5,150,1,125.8,1532880.336
5,150,1,125.9,1245465.273
5,150,1,126,862245.1891
5,150,1,126.1,862245.1891
5,150,1,126.2,1341270.294
5,150,1,126.3,1053855.231
5,150,1,126.4,1245465.273
5,150,1,126.5,670635.1471
5,150,1,126.6,1341270.294
5,150,1,126.7,1341270.294
5,150,1,126.8,862245.1891
5,150,1,126.9,1341270.294
5,150,1,127,766440.1681
5,150,1,127.1,1053855.231
5,150,1,127.2,766440.1681
5,150,1,127.3,958050.2101
5,150,1,127.4,958050.2101
5,150,1,127.5,1149660.252
5,150,1,127.6,1053855.231
5,150,1,127.7,670635.1471
5,150,1,127.8,1341270.294
5,150,1,127.9,479025.1051
5,150,1,128,862245.1891
5,150,1,128.1,766440.1681
5,150,1,128.2,958050.2101
5,150,1,128.3,958050.2101
5,150,1,128.4,1149660.252
5,150,1,128.5,1628685.357
5,150,1,128.6,766440.1681
5,150,1,128.7,862245.1891
5,150,1,128.8,479025.1051
5,150,1,128.9,958050.2101
5,150,1,129,1149660.252
5,150,1,129.1,1053855.231
5,150,1,129.2,1149660.252
5,150,1,129.3,766440.1681
5,150,1,129.4,1341270.294
5,150,1,129.5,1532880.336
5,150,1,129.6,958050.2101
5,150,1,129.7,670635.1471
5,150,1,129.8,574830.1261
5,150,1,129.9,1149660.252
5,150,1,130,1053855.231
5,150,1,130.1,1149660.252
5,150,1,130.2,1149660.252
5,150,1,130.3,862245.1891
5,150,1,130.4,1053855.231
5,150,1,130.5,958050.2101
5,150,1,130.6,1437075.315
5,150,1,130.7,1053855.231
5,150,1,130.8,862245.1891
5,150,1,130.9,1245465.273
5,150,1,131,958050.2101
5,150,1,131.1,574830.1261
5,150,1,131.2,1149660.252
5,150,1,131.3,958050.2101
5,150,1,131.4,862245.1891
5,150,1,131.5,1149660.252
5,150,1,131.6,1053855.231
5,150,1,131.7,1149660.252
5,150,1,131.8,1724490.378
5,150,1,131.9,958050.2101
5,150,1,132,1341270.294
5,150,1,132.1,670635.1471
5,150,1,132.2,766440.1681
5,150,1,132.3,1053855.231
5,150,1,132.4,1341270.294
5,150,1,132.5,1437075.315
5,150,1,132.6,1628685.357
5,150,1,132.7,1245465.273
5,150,1,132.8,1628685.357
5,150,1,132.9,1245465.273
5,150,1,133,1149660.252
5,150,1,133.1,1053855.231
5,150,1,133.2,1245465.273
5,150,1,133.3,958050.2101
5,150,1,133.4,1245465.273
5,150,1,133.5,1053855.231
5,150,1,133.6,1149660.252
5,150,1,133.7,1149660.252
5,150,1,133.8,766440.1681
5,150,1,133.9,670635.1471
5,150,1,134,1149660.252
5,150,1,134.1,958050.2101
5,150,1,134.2,1053855.231
5,150,1,134.3,958050.2101
5,150,1,134.4,670635.1471
5,150,1,134.5,191610.042
5,150,1,134.6,1053855.231
5,150,1,134.7,958050.2101
5,150,1,134.8,1724490.378
5,150,1,134.9,1245465.273
5,150,1,135,862245.1891
5,150,1,135.1,766440.1681
5,150,1,135.2,1532880.336
5,150,1,135.3,862245.1891
5,150,1,135.4,1245465.273
5,150,1,135.5,1053855.231
5,150,1,135.6,1341270.294
5,150,1,135.7,766440.1681
5,150,1,135.8,1341270.294
5,150,1,135.9,670635.1471
5,150,1,136,670635.1471
5,150,1,136.1,862245.1891
5,150,1,136.2,862245.1891
5,150,1,136.3,1245465.273
5,150,1,136.4,1149660.252
5,150,1,136.5,1053855.231
5,150,1,136.6,1437075.315
5,150,1,136.7,958050.2101
5,150,1,136.8,479025.1051
5,150,1,136.9,1053855.231
5,150,1,137,479025.1051
5,150,1,137.1,479025.1051
5,150,1,137.2,766440.1681
5,150,1,137.3,766440.1681
5,150,1,137.4,958050.2101
5,150,1,137.5,1245465.273
5,150,1,137.6,1245465.273
5,150,1,137.7,670635.1471
5,150,1,137.8,1341270.294
5,150,1,137.9,862245.1891
5,150,1,138,1532880.336
5,150,1,138.1,1437075.315
5,150,1,138.2,766440.1681
5,150,1,138.3,766440.1681
5,150,1,138.4,670635.1471
5,150,1,138.5,574830.1261
5,150,1,138.6,766440.1681
5,150,1,138.7,1341270.294
5,150,1,138.8,862245.1891
5,150,1,138.9,958050.2101
5,150,1,139,958050.2101
5,150,1,139.1,766440.1681
5,150,1,139.2,1149660.252
5,150,1,139.3,1437075.315
5,150,1,139.4,191610.042
5,150,1,139.5,958050.2101
5,150,1,139.6,862245.1891
5,150,1,139.7,862245.1891
5,150,1,139.8,958050.2101
5,150,1,139.9,574830.1261
5,150,1,140,574830.1261
5,150,1,140.1,766440.1681
5,150,1,140.2,670635.1471
5,150,1,140.3,958050.2101
5,150,1,140.4,766440.1681
5,150,1,140.5,1437075.315
5,150,1,140.6,862245.1891
5,150,1,140.7,1341270.294
5,150,1,140.8,670635.1471
5,150,1,140.9,1149660.252
5,150,1,141,670635.1471
5,150,1,141.1,862245.1891
5,150,1,141.2,1245465.273
5,150,1,141.3,1149660.252
5,150,1,141.4,1053855.231
5,150,1,141.5,958050.2101
5,150,1,141.6,383220.084
5,150,1,141.7,766440.1681
5,150,1,141.8,862245.1891
5,150,1,141.9,574830.1261
5,150,1,142,574830.1261
5,150,1,142.1,574830.1261
5,150,1,142.2,574830.1261
5,150,1,142.3,1053855.231
5,150,1,142.4,958050.2101
5,150,1,142.5,1149660.252
5,150,1,142.6,766440.1681
5,150,1,142.7,670635.1471
5,150,1,142.8,287415.063
5,150,1,142.9,287415.063
5,150,1,143,670635.1471
5,150,1,143.1,958050.2101
5,150,1,143.2,670635.1471
5,150,1,143.3,574830.1261
5,150,1,143.4,862245.1891
5,150,1,143.5,479025.1051
5,150,1,143.6,862245.1891
5,150,1,143.7,574830.1261
5,150,1,143.8,1053855.231
5,150,1,143.9,1149660.252
5,150,1,144,958050.2101
5,150,1,144.1,95805.02101
5,150,1,144.2,670635.1471
5,150,1,144.3,766440.1681
5,150,1,144.4,1053855.231
5,150,1,144.5,479025.1051
5,150,1,144.6,766440.1681
5,150,1,144.7,1245465.273
5,150,1,144.8,479025.1051
5,150,1,144.9,766440.1681
5,150,1,145,670635.1471
5,150,1,145.1,766440.1681
5,150,1,145.2,1053855.231
5,150,1,145.3,574830.1261
5,150,1,145.4,862245.1891
5,150,1,145.5,574830.1261
5,150,1,145.6,670635.1471
5,150,1,145.7,766440.1681
5,150,1,145.8,1149660.252
5,150,1,145.9,766440.1681
5,150,1,146,862245.1891
5,150,1,146.1,766440.1681
5,150,1,146.2,766440.1681
5,150,1,146.3,670635.1471
5,150,1,146.4,574830.1261
5,150,1,146.5,670635.1471
5,150,1,146.6,574830.1261
5,150,1,146.7,1053855.231
5,150,1,146.8,670635.1471
5,150,1,146.9,574830.1261
5,150,1,147,1341270.294
5,150,1,147.1,670635.1471
5,150,1,147.2,766440.1681
5,150,1,147.3,287415.063
5,150,1,147.4,479025.1051
5,150,1,147.5,670635.1471
5,150,1,147.6,383220.084
5,150,1,147.7,287415.063
5,150,1,147.8,574830.1261
5,150,1,147.9,862245.1891
5,150,1,148,862245.1891
5,150,1,148.1,191610.042
5,150,1,148.2,1245465.273
5,150,1,148.3,383220.084
5,150,1,148.4,383220.084
5,150,1,148.5,479025.1051
5,150,1,148.6,383220.084
5,150,1,148.7,287415.063
5,150,1,148.8,479025.1051
5,150,1,148.9,670635.1471
5,150,1,149,479025.1051
5,150,1,149.1,479025.1051
5,150,1,149.2,191610.042
5,150,1,149.3,95805.02101
5,150,1,149.4,191610.042
5,150,1,149.5,287415.063
5,150,1,149.6,191610.042
5,150,1,149.7,95805.02101
5,150,1,149.8,191610.042
5,150,1,149.9,95805.02101
5,150,1,150,95805.02101
5,40,3,3.7,69618.31527
5,40,3,3.8,69618.31527
5,40,3,4.1,208854.9458
5,40,3,4.2,139236.6305
5,40,3,4.3,208854.9458
5,40,3,4.4,139236.6305
5,40,3,4.5,69618.31527
5,40,3,4.6,417709.8916
5,40,3,4.7,626564.8374
5,40,3,4.8,1322747.99
5,40,3,4.9,1531602.936
5,40,3,5,1183511.36
5,40,3,5.1,1670839.566
5,40,3,5.2,1601221.251
5,40,3,5.3,3063205.872
5,40,3,5.4,1879694.512
5,40,3,5.5,3063205.872
5,40,3,5.6,2506259.35
5,40,3,5.7,3620152.394
5,40,3,5.8,3898625.655
5,40,3,5.9,4734045.438
5,40,3,6,5290991.96
5,40,3,6.1,4734045.438
5,40,3,6.2,6335266.689
5,40,3,6.3,6126411.744
5,40,3,6.4,7588396.364
5,40,3,6.5,8563052.778
5,40,3,6.6,9119999.3
5,40,3,6.7,8771907.724
5,40,3,6.8,11138930.44
5,40,3,6.9,11417403.7
5,40,3,7,11974350.23
5,40,3,7.1,12252823.49
5,40,3,7.2,11556640.33
5,40,3,7.3,12043968.54
5,40,3,7.4,31258623.56
5,40,3,7.5,14828701.15
5,40,3,7.6,14550227.89
5,40,3,7.7,15803357.57
5,40,3,7.8,17056487.24
5,40,3,7.9,15942594.2
5,40,3,8,16917250.61
5,40,3,8.1,15664120.94
5,40,3,8.2,15803357.57
5,40,3,8.3,60846407.54
5,40,3,8.4,380464092.9
5,40,3,8.5,19005800.07
5,40,3,8.6,17822288.71
5,40,3,8.7,18448853.55
5,40,3,8.8,23530990.56
5,40,3,8.9,19841219.85
5,40,3,9,19145036.7
5,40,3,9.1,18239998.6
5,40,3,9.2,21442441.1
5,40,3,9.3,22695570.78
5,40,3,9.4,20050074.8
5,40,3,9.5,32859844.81
5,40,3,9.6,28056181.05
5,40,3,9.7,248119675.6
5,40,3,9.8,38011600.14
5,40,3,9.9,31258623.56
5,40,3,10,118699227.5
5,40,3,10.1,24923356.87
5,40,3,10.2,20676639.63
5,40,3,10.3,10860457.18
5,40,3,10.4,11765495.28
5,40,3,10.5,11974350.23
5,40,3,10.6,12322441.8
5,40,3,10.7,10233892.34
5,40,3,10.8,10721220.55
5,40,3,10.9,12322441.8
5,40,3,11,14271754.63
5,40,3,11.1,13436334.85
5,40,3,11.2,11904731.91
5,40,3,11.3,41283660.95
5,40,3,11.4,12252823.49
5,40,3,11.5,13714808.11
5,40,3,11.6,11347785.39
5,40,3,11.7,11974350.23
5,40,3,11.8,10442747.29
5,40,3,11.9,8841526.039
5,40,3,12,12113586.86
5,40,3,12.1,9328854.246
5,40,3,12.2,10303510.66
5,40,3,12.3,8980762.67
5,40,3,12.4,9746564.138
5,40,3,12.5,8214961.202
5,40,3,12.6,11138930.44
5,40,3,12.7,9050380.985
5,40,3,12.8,10373128.98
5,40,3,12.9,9537709.192
5,40,3,13,8423816.148
5,40,3,13.1,11904731.91
5,40,3,13.2,11487022.02
5,40,3,13.3,10512365.61
5,40,3,13.4,11695876.97
5,40,3,13.5,11208548.76
5,40,3,13.6,10860457.18
5,40,3,13.7,9885800.768
5,40,3,13.8,11208548.76
5,40,3,13.9,9885800.768
5,40,3,14,10094655.71
5,40,3,14.1,10930075.5
5,40,3,14.2,11278167.07
5,40,3,14.3,9816182.453
5,40,3,14.4,11695876.97
5,40,3,14.5,9955419.083
5,40,3,14.6,9816182.453
5,40,3,14.7,11278167.07
5,40,3,14.8,10721220.55
5,40,3,14.9,12600915.06
5,40,3,15,10790838.87
5,40,3,15.1,10651602.24
5,40,3,15.2,11487022.02
5,40,3,15.3,11974350.23
5,40,3,15.4,11347785.39
5,40,3,15.5,10860457.18
5,40,3,15.6,11487022.02
5,40,3,15.7,9537709.192
5,40,3,15.8,12252823.49
5,40,3,15.9,8632671.093
5,40,3,16,11835113.6
5,40,3,16.1,10373128.98
5,40,3,16.2,11138930.44
5,40,3,16.3,12392060.12
5,40,3,16.4,10233892.34
5,40,3,16.5,11417403.7
5,40,3,16.6,11626258.65
5,40,3,16.7,11765495.28
5,40,3,16.8,10999693.81
5,40,3,16.9,10790838.87
5,40,3,17,10651602.24
5,40,3,17.1,11556640.33
5,40,3,17.2,12670533.38
5,40,3,17.3,10094655.71
5,40,3,17.4,13993281.37
5,40,3,17.5,10581983.92
5,40,3,17.6,11835113.6
5,40,3,17.7,11835113.6
5,40,3,17.8,11347785.39
5,40,3,17.9,10651602.24
5,40,3,18,10303510.66
5,40,3,18.1,10512365.61
5,40,3,18.2,11417403.7
5,40,3,18.3,10581983.92
5,40,3,18.4,10164274.03
5,40,3,18.5,10025037.4
5,40,3,18.6,11626258.65
5,40,3,18.7,10581983.92
5,40,3,18.8,10164274.03
5,40,3,18.9,10651602.24
5,40,3,19,9398472.561
5,40,3,19.1,9816182.453
5,40,3,19.2,9259235.931
5,40,3,19.3,9398472.561
5,40,3,19.4,12043968.54
5,40,3,19.5,10442747.29
5,40,3,19.6,11487022.02
5,40,3,19.7,11487022.02
5,40,3,19.8,9816182.453
5,40,3,19.9,10512365.61
5,40,3,20,9746564.138
5,40,3,20.1,10025037.4
5,40,3,20.2,8702289.409
5,40,3,20.3,8911144.354
5,40,3,20.4,9468090.877
5,40,3,20.5,9746564.138
5,40,3,20.6,11835113.6
5,40,3,20.7,10373128.98
5,40,3,20.8,11835113.6
5,40,3,20.9,10860457.18
5,40,3,21,8911144.354
5,40,3,21.1,9050380.985
5,40,3,21.2,9676945.822
5,40,3,21.3,9189617.615
5,40,3,21.4,8632671.093
5,40,3,21.5,9259235.931
5,40,3,21.6,11626258.65
5,40,3,21.7,9816182.453
5,40,3,21.8,10164274.03
5,40,3,21.9,9398472.561
5,40,3,22,10581983.92
5,40,3,22.1,7658014.68
5,40,3,22.2,11138930.44
5,40,3,22.3,10164274.03
5,40,3,22.4,9468090.877
5,40,3,22.5,8284579.517
5,40,3,22.6,10373128.98
5,40,3,22.7,9398472.561
5,40,3,22.8,8145342.886
5,40,3,22.9,9328854.246
5,40,3,23,9189617.615
5,40,3,23.1,10025037.4
5,40,3,23.2,7797251.31
5,40,3,23.3,9468090.877
5,40,3,23.4,9607327.507
5,40,3,23.5,8354197.832
5,40,3,23.6,8771907.724
5,40,3,23.7,7658014.68
5,40,3,23.8,8563052.778
5,40,3,23.9,7031449.842
5,40,3,24,8284579.517
5,40,3,24.1,7379541.418
5,40,3,24.2,7588396.364
5,40,3,24.3,8145342.886
5,40,3,24.4,7727632.995
5,40,3,24.5,8771907.724
5,40,3,24.6,7379541.418
5,40,3,24.7,7031449.842
5,40,3,24.8,7866869.625
5,40,3,24.9,8563052.778
5,40,3,25,7449159.734
5,40,3,25.1,8145342.886
5,40,3,25.2,6822594.896
5,40,3,25.3,5847938.483
5,40,3,25.4,7588396.364
5,40,3,25.5,7031449.842
5,40,3,25.6,7449159.734
5,40,3,25.7,6544121.635
5,40,3,25.8,6683358.266
5,40,3,25.9,7170686.473
5,40,3,26,8563052.778
5,40,3,26.1,6474503.32
5,40,3,26.2,7658014.68
5,40,3,26.3,6892213.212
5,40,3,26.4,6613739.951
5,40,3,26.5,6822594.896
5,40,3,26.6,6892213.212
5,40,3,26.7,7240304.788
5,40,3,26.8,5639083.537
5,40,3,26.9,5499846.906
5,40,3,27,7170686.473
5,40,3,27.1,7727632.995
5,40,3,27.2,6056793.428
5,40,3,27.3,6752976.581
5,40,3,27.4,7309923.103
5,40,3,27.5,5708701.852
5,40,3,27.6,5569465.221
5,40,3,27.7,7170686.473
5,40,3,27.8,6265648.374
5,40,3,27.9,6404885.005
5,40,3,28,6265648.374
5,40,3,28.1,6892213.212
5,40,3,28.2,6683358.266
5,40,3,28.3,6126411.744
5,40,3,28.4,4873282.069
5,40,3,28.5,5290991.96
5,40,3,28.6,6822594.896
5,40,3,28.7,6404885.005
5,40,3,28.8,5151755.33
5,40,3,28.9,6126411.744
5,40,3,29,5221373.645
5,40,3,29.1,5290991.96
5,40,3,29.2,8006106.256
5,40,3,29.3,6474503.32
5,40,3,29.4,5360610.276
5,40,3,29.5,5847938.483
5,40,3,29.6,6683358.266
5,40,3,29.7,5778320.167
5,40,3,29.8,5290991.96
5,40,3,29.9,5360610.276
5,40,3,30,5430228.591
5,40,3,30.1,6404885.005
5,40,3,30.2,5430228.591
5,40,3,30.3,5151755.33
5,40,3,30.4,4942900.384
5,40,3,30.5,4385953.862
5,40,3,30.6,5569465.221
5,40,3,30.7,4873282.069
5,40,3,30.8,4525190.492
5,40,3,30.9,4177098.916
5,40,3,31,4734045.438
5,40,3,31.1,5499846.906
5,40,3,31.2,4942900.384
5,40,3,31.3,4664427.123
5,40,3,31.4,5151755.33
5,40,3,31.5,4525190.492
5,40,3,31.6,3968243.97
5,40,3,31.7,4246717.231
5,40,3,31.8,5360610.276
5,40,3,31.9,3829007.34
5,40,3,32,4037862.286
5,40,3,32.1,5569465.221
5,40,3,32.2,3620152.394
5,40,3,32.3,4803663.754
5,40,3,32.4,3898625.655
5,40,3,32.5,4873282.069
5,40,3,32.6,4525190.492
5,40,3,32.7,4455572.177
5,40,3,32.8,4107480.601
5,40,3,32.9,4803663.754
5,40,3,33,5012518.699
5,40,3,33.1,3272060.818
5,40,3,33.2,3898625.655
5,40,3,33.3,3898625.655
5,40,3,33.4,3620152.394
5,40,3,33.5,3898625.655
5,40,3,33.6,3480915.763
5,40,3,33.7,5151755.33
5,40,3,33.8,4664427.123
5,40,3,33.9,3829007.34
5,40,3,34,3411297.448
5,40,3,34.1,3132824.187
5,40,3,34.2,3341679.133
5,40,3,34.3,3411297.448
5,40,3,34.4,2784732.611
5,40,3,34.5,3829007.34
5,40,3,34.6,3550534.079
5,40,3,34.7,2575877.665
5,40,3,34.8,3202442.502
5,40,3,34.9,2923969.241
5,40,3,35,2715114.295
5,40,3,35.1,3480915.763
5,40,3,35.2,3829007.34
5,40,3,35.3,2715114.295
5,40,3,35.4,2506259.35
5,40,3,35.5,2854350.926
5,40,3,35.6,2436641.034
5,40,3,35.7,2923969.241
5,40,3,35.8,2854350.926
5,40,3,35.9,2506259.35
5,40,3,36,2993587.557
5,40,3,36.1,2575877.665
5,40,3,36.2,2854350.926
5,40,3,36.3,2227786.089
5,40,3,36.4,2367022.719
5,40,3,36.5,2158167.773
5,40,3,36.6,2158167.773
5,40,3,36.7,2854350.926
5,40,3,36.8,1810076.197
5,40,3,36.9,1670839.566
5,40,3,37,1949312.828
5,40,3,37.1,2506259.35
5,40,3,37.2,2088549.458
5,40,3,37.3,1949312.828
5,40,3,37.4,2367022.719
5,40,3,37.5,1740457.882
5,40,3,37.6,1670839.566
5,40,3,37.7,1601221.251
5,40,3,37.8,1879694.512
5,40,3,37.9,1253129.675
5,40,3,38,2436641.034
5,40,3,38.1,1044274.729
5,40,3,38.2,1531602.936
5,40,3,38.3,1601221.251
5,40,3,38.4,1949312.828
5,40,3,38.5,2088549.458
5,40,3,38.6,974656.4138
5,40,3,38.7,1740457.882
5,40,3,38.8,905038.0985
5,40,3,38.9,556946.5221
5,40,3,39,905038.0985
5,40,3,39.1,1531602.936
5,40,3,39.2,765801.468
5,40,3,39.3,487328.2069
5,40,3,39.4,765801.468
5,40,3,39.5,974656.4138
5,40,3,39.6,626564.8374
5,40,3,39.7,417709.8916
5,40,3,39.8,278473.2611
5,40,3,39.9,417709.8916
5,40,3,40,208854.9458
5,80,3,3.2,104427.4729
5,80,3,3.4,104427.4729
5,80,3,3.5,104427.4729
5,80,3,3.7,417709.8916
5,80,3,3.8,522137.3645
5,80,3,3.9,417709.8916
5,80,3,4,208854.9458
5,80,3,4.1,1044274.729
5,80,3,4.2,1775267.039
5,80,3,4.3,2088549.458
5,80,3,4.4,1775267.039
5,80,3,4.5,2506259.35
5,80,3,4.6,3968243.97
5,80,3,4.7,4803663.754
5,80,3,4.8,5534656.064
5,80,3,4.9,6892213.212
5,80,3,5,6996640.684
5,80,3,5.1,9398472.561
5,80,3,5.2,9085190.143
5,80,3,5.3,10442747.29
5,80,3,5.4,11173739.6
5,80,3,5.5,14933128.63
5,80,3,5.6,15559693.46
5,80,3,5.7,15664120.94
5,80,3,5.8,16499540.72
5,80,3,5.9,20363357.22
5,80,3,6,18483662.7
5,80,3,6.1,22974044.04
5,80,3,6.2,25480303.39
5,80,3,6.3,25689158.33
5,80,3,6.4,27464425.37
5,80,3,6.5,26524578.12
5,80,3,6.6,29970684.72
5,80,3,6.7,33834501.22
5,80,3,6.8,32372516.6
5,80,3,6.9,31745951.76
5,80,3,7,30075112.2
5,80,3,7.1,32999081.44
5,80,3,7.2,36340760.57
5,80,3,7.3,35087630.9
5,80,3,7.4,115392357.6
5,80,3,7.5,37280607.83
5,80,3,7.6,43546256.2
5,80,3,7.7,39786867.18
5,80,3,7.8,42501981.47
5,80,3,7.9,45321523.24
5,80,3,8,44172821.04
5,80,3,8.1,43546256.2
5,80,3,8.2,45739233.13
5,80,3,8.3,207288533.7
5,80,3,8.4,1554194079
5,80,3,8.5,41353279.27
5,80,3,8.6,49185339.74
5,80,3,8.7,46365797.97
5,80,3,8.8,70279689.26
5,80,3,8.9,50020759.52
5,80,3,9,50647324.36
5,80,3,9.1,48558774.9
5,80,3,9.2,53362438.65
5,80,3,9.3,52631446.34
5,80,3,9.4,50856179.3
5,80,3,9.5,102861060.8
5,80,3,9.6,74874498.07
5,80,3,9.7,911129701.1
5,80,3,9.8,116227777.3
5,80,3,9.9,94193580.56
5,80,3,10,414681494.9
5,80,3,10.1,61716636.49
5,80,3,10.2,57748392.52
5,80,3,10.3,34147783.64
5,80,3,10.4,35296485.84
5,80,3,10.5,28717555.05
5,80,3,10.6,32476944.07
5,80,3,10.7,33730073.75
5,80,3,10.8,34669921
5,80,3,10.9,34565493.53
5,80,3,11,40517859.49
5,80,3,11.1,38220455.08
5,80,3,11.2,38742592.45
5,80,3,11.3,170007925.9
5,80,3,11.4,36654042.99
5,80,3,11.5,37071752.88
5,80,3,11.6,42188699.05
5,80,3,11.7,44381675.98
5,80,3,11.8,28717555.05
5,80,3,11.9,34565493.53
5,80,3,12,35296485.84
5,80,3,12.1,32268089.13
5,80,3,12.2,27255570.43
5,80,3,12.3,31432669.34
5,80,3,12.4,28508700.1
5,80,3,12.5,30910531.98
5,80,3,12.6,31223814.4
5,80,3,12.7,28090990.21
5,80,3,12.8,29866257.25
5,80,3,12.9,29344119.89
5,80,3,13,28404272.63
5,80,3,13.1,29552974.83
5,80,3,13.2,28299845.16
5,80,3,13.3,32268089.13
5,80,3,13.4,29135264.94
5,80,3,13.5,30179539.67
5,80,3,13.6,30597249.56
5,80,3,13.7,29030837.47
5,80,3,13.8,31432669.34
5,80,3,13.9,27882135.27
5,80,3,14,33312363.86
5,80,3,14.1,31223814.4
5,80,3,14.2,29239692.41
5,80,3,14.3,27568852.85
5,80,3,14.4,30492822.09
5,80,3,14.5,32894653.96
5,80,3,14.6,32581371.55
5,80,3,14.7,30597249.56
5,80,3,14.8,30388394.61
5,80,3,14.9,34043356.17
5,80,3,15,30179539.67
5,80,3,15.1,29135264.94
5,80,3,15.2,30492822.09
5,80,3,15.3,32059234.18
5,80,3,15.4,30910531.98
5,80,3,15.5,30492822.09
5,80,3,15.6,31223814.4
5,80,3,15.7,32476944.07
5,80,3,15.8,31119386.93
5,80,3,15.9,32685799.02
5,80,3,16,26524578.12
5,80,3,16.1,28717555.05
5,80,3,16.2,29866257.25
5,80,3,16.3,31014959.45
5,80,3,16.4,28926409.99
5,80,3,16.5,27359997.9
5,80,3,16.6,29448547.36
5,80,3,16.7,29239692.41
5,80,3,16.8,32059234.18
5,80,3,16.9,30806104.51
5,80,3,17,30388394.61
5,80,3,17.1,31537096.82
5,80,3,17.2,32059234.18
5,80,3,17.3,30910531.98
5,80,3,17.4,30179539.67
5,80,3,17.5,28299845.16
5,80,3,17.6,29761829.78
5,80,3,17.7,30701677.03
5,80,3,17.8,28508700.1
5,80,3,17.9,29135264.94
5,80,3,18,29344119.89
5,80,3,18.1,27464425.37
5,80,3,18.2,32372516.6
5,80,3,18.3,27777707.79
5,80,3,18.4,29761829.78
5,80,3,18.5,29552974.83
5,80,3,18.6,29344119.89
5,80,3,18.7,28717555.05
5,80,3,18.8,28926409.99
5,80,3,18.9,29030837.47
5,80,3,19,30179539.67
5,80,3,19.1,26524578.12
5,80,3,19.2,26837860.54
5,80,3,19.3,32999081.44
5,80,3,19.4,28404272.63
5,80,3,19.5,28404272.63
5,80,3,19.6,30388394.61
5,80,3,19.7,29761829.78
5,80,3,19.8,28299845.16
5,80,3,19.9,27359997.9
5,80,3,20,28508700.1
5,80,3,20.1,28508700.1
5,80,3,20.2,26420150.64
5,80,3,20.3,28508700.1
5,80,3,20.4,29657402.3
5,80,3,20.5,26211295.7
5,80,3,20.6,27359997.9
5,80,3,20.7,26002440.75
5,80,3,20.8,26315723.17
5,80,3,20.9,28613127.58
5,80,3,21,26420150.64
5,80,3,21.1,24436028.66
5,80,3,21.2,27777707.79
5,80,3,21.3,25167020.97
5,80,3,21.4,26002440.75
5,80,3,21.5,24540456.13
5,80,3,21.6,26942288.01
5,80,3,21.7,27359997.9
5,80,3,21.8,25062593.5
5,80,3,21.9,29030837.47
5,80,3,22,26002440.75
5,80,3,22.1,25062593.5
5,80,3,22.2,25584730.86
5,80,3,22.3,24644883.61
5,80,3,22.4,24540456.13
5,80,3,22.5,27359997.9
5,80,3,22.6,25271448.44
5,80,3,22.7,25793585.81
5,80,3,22.8,23600608.88
5,80,3,22.9,24227173.71
5,80,3,23,23913891.29
5,80,3,23.1,20572212.16
5,80,3,23.2,25271448.44
5,80,3,23.3,21407631.95
5,80,3,23.4,23496181.4
5,80,3,23.5,25167020.97
5,80,3,23.6,23182898.98
5,80,3,23.7,20885494.58
5,80,3,23.8,21825341.84
5,80,3,23.9,23182898.98
5,80,3,24,26524578.12
5,80,3,24.1,25167020.97
5,80,3,24.2,25167020.97
5,80,3,24.3,24436028.66
5,80,3,24.4,23600608.88
5,80,3,24.5,20885494.58
5,80,3,24.6,26524578.12
5,80,3,24.7,24749311.08
5,80,3,24.8,18901372.6
5,80,3,24.9,23496181.4
5,80,3,25,23809463.82
5,80,3,25.1,23287326.46
5,80,3,25.2,21720914.36
5,80,3,25.3,24331601.19
5,80,3,25.4,23600608.88
5,80,3,25.5,25271448.44
5,80,3,25.6,23391753.93
5,80,3,25.7,22765189.09
5,80,3,25.8,22974044.04
5,80,3,25.9,24227173.71
5,80,3,26,25062593.5
5,80,3,26.1,22347479.2
5,80,3,26.2,21303204.47
5,80,3,26.3,27255570.43
5,80,3,26.4,21616486.89
5,80,3,26.5,20676639.63
5,80,3,26.6,18692517.65
5,80,3,26.7,21198777
5,80,3,26.8,18379235.23
5,80,3,26.9,21616486.89
5,80,3,27,20363357.22
5,80,3,27.1,21407631.95
5,80,3,27.2,21303204.47
5,80,3,27.3,20781067.11
5,80,3,27.4,22556334.15
5,80,3,27.5,19005800.07
5,80,3,27.6,21407631.95
5,80,3,27.7,21929769.31
5,80,3,27.8,18170380.29
5,80,3,27.9,23182898.98
5,80,3,28,19110227.54
5,80,3,28.1,18483662.7
5,80,3,28.2,17857097.87
5,80,3,28.3,23287326.46
5,80,3,28.4,16812823.14
5,80,3,28.5,20572212.16
5,80,3,28.6,21303204.47
5,80,3,28.7,19527937.43
5,80,3,28.8,17230533.03
5,80,3,28.9,18483662.7
5,80,3,29,21512059.42
5,80,3,29.1,19527937.43
5,80,3,29.2,22869616.57
5,80,3,29.3,20572212.16
5,80,3,29.4,18274807.76
5,80,3,29.5,19632364.91
5,80,3,29.6,20258929.74
5,80,3,29.7,21198777
5,80,3,29.8,20676639.63
5,80,3,29.9,22556334.15
5,80,3,30,17752670.39
5,80,3,30.1,20050074.8
5,80,3,30.2,20676639.63
5,80,3,30.3,17439387.97
5,80,3,30.4,14828701.15
5,80,3,30.5,16708395.66
5,80,3,30.6,17648242.92
5,80,3,30.7,17126105.56
5,80,3,30.8,17334960.5
5,80,3,30.9,18796945.12
5,80,3,31,17752670.39
5,80,3,31.1,17648242.92
5,80,3,31.2,19214655.01
5,80,3,31.3,18692517.65
5,80,3,31.4,19527937.43
5,80,3,31.5,19319082.49
5,80,3,31.6,18065952.81
5,80,3,31.7,16081830.83
5,80,3,31.8,17648242.92
5,80,3,31.9,17648242.92
5,80,3,32,16812823.14
5,80,3,32.1,16708395.66
5,80,3,32.2,16708395.66
5,80,3,32.3,19005800.07
5,80,3,32.4,18170380.29
5,80,3,32.5,14933128.63
5,80,3,32.6,17334960.5
5,80,3,32.7,15768548.41
5,80,3,32.8,15768548.41
5,80,3,32.9,15977403.35
5,80,3,33,15768548.41
5,80,3,33.1,16708395.66
5,80,3,33.2,15037556.1
5,80,3,33.3,14724273.68
5,80,3,33.4,13262289.06
5,80,3,33.5,16603968.19
5,80,3,33.6,17752670.39
5,80,3,33.7,17857097.87
5,80,3,33.8,17021678.08
5,80,3,33.9,13993281.37
5,80,3,34,13784426.42
5,80,3,34.1,17334960.5
5,80,3,34.2,17752670.39
5,80,3,34.3,15664120.94
5,80,3,34.4,16081830.83
5,80,3,34.5,17126105.56
5,80,3,34.6,16186258.3
5,80,3,34.7,13679998.95
5,80,3,34.8,16812823.14
5,80,3,34.9,16603968.19
5,80,3,35,13888853.9
5,80,3,35.1,14619846.21
5,80,3,35.2,15455265.99
5,80,3,35.3,14619846.21
5,80,3,35.4,14619846.21
5,80,3,35.5,12949006.64
5,80,3,35.6,16081830.83
5,80,3,35.7,13784426.42
5,80,3,35.8,14306563.79
5,80,3,35.9,14306563.79
5,80,3,36,14515418.73
5,80,3,36.1,15455265.99
5,80,3,36.2,13888853.9
5,80,3,36.3,14202136.31
5,80,3,36.4,16603968.19
5,80,3,36.5,13471144
5,80,3,36.6,13784426.42
5,80,3,36.7,11278167.07
5,80,3,36.8,14724273.68
5,80,3,36.9,15455265.99
5,80,3,37,13888853.9
5,80,3,37.1,14828701.15
5,80,3,37.2,13053434.11
5,80,3,37.3,12531296.75
5,80,3,37.4,13888853.9
5,80,3,37.5,15037556.1
5,80,3,37.6,13993281.37
5,80,3,37.7,11695876.97
5,80,3,37.8,13471144
5,80,3,37.9,12113586.86
5,80,3,38,13471144
5,80,3,38.1,12322441.8
5,80,3,38.2,13471144
5,80,3,38.3,14202136.31
5,80,3,38.4,14410991.26
5,80,3,38.5,13993281.37
5,80,3,38.6,14724273.68
5,80,3,38.7,15350838.52
5,80,3,38.8,13366716.53
5,80,3,38.9,15768548.41
5,80,3,39,14828701.15
5,80,3,39.1,13053434.11
5,80,3,39.2,11382594.55
5,80,3,39.3,11382594.55
5,80,3,39.4,11278167.07
5,80,3,39.5,11382594.55
5,80,3,39.6,13157861.59
5,80,3,39.7,13888853.9
5,80,3,39.8,12113586.86
5,80,3,39.9,11800304.44
5,80,3,40,10860457.18
5,80,3,40.1,12844579.17
5,80,3,40.2,12844579.17
5,80,3,40.3,13575571.48
5,80,3,40.4,11173739.6
5,80,3,40.5,13262289.06
5,80,3,40.6,12531296.75
5,80,3,40.7,9920609.926
5,80,3,40.8,13471144
5,80,3,40.9,12009159.38
5,80,3,41,12322441.8
5,80,3,41.1,12949006.64
5,80,3,41.2,13366716.53
5,80,3,41.3,13575571.48
5,80,3,41.4,12009159.38
5,80,3,41.5,11487022.02
5,80,3,41.6,12322441.8
5,80,3,41.7,10860457.18
5,80,3,41.8,12844579.17
5,80,3,41.9,8354197.832
5,80,3,42,8771907.724
5,80,3,42.1,10338319.82
5,80,3,42.2,11800304.44
5,80,3,42.3,11904731.91
5,80,3,42.4,11278167.07
5,80,3,42.5,11800304.44
5,80,3,42.6,10129464.87
5,80,3,42.7,12844579.17
5,80,3,42.8,9711754.98
5,80,3,42.9,10547174.76
5,80,3,43,10651602.24
5,80,3,43.1,10442747.29
5,80,3,43.2,9502900.034
5,80,3,43.3,10756029.71
5,80,3,43.4,10233892.34
5,80,3,43.5,11695876.97
5,80,3,43.6,9189617.615
5,80,3,43.7,12531296.75
5,80,3,43.8,11069312.13
5,80,3,43.9,11278167.07
5,80,3,44,11695876.97
5,80,3,44.1,12426869.28
5,80,3,44.2,10338319.82
5,80,3,44.3,9398472.561
5,80,3,44.4,9711754.98
5,80,3,44.5,10756029.71
5,80,3,44.6,12426869.28
5,80,3,44.7,11904731.91
5,80,3,44.8,9189617.615
5,80,3,44.9,11069312.13
5,80,3,45,11487022.02
5,80,3,45.1,10547174.76
5,80,3,45.2,10025037.4
5,80,3,45.3,10860457.18
5,80,3,45.4,8249770.359
5,80,3,45.5,9816182.453
5,80,3,45.6,9920609.926
5,80,3,45.7,9920609.926
5,80,3,45.8,11069312.13
5,80,3,45.9,10547174.76
5,80,3,46,9607327.507
5,80,3,46.1,9502900.034
5,80,3,46.2,9085190.143
5,80,3,46.3,10233892.34
5,80,3,46.4,7832060.468
5,80,3,46.5,9189617.615
5,80,3,46.6,9189617.615
5,80,3,46.7,10860457.18
5,80,3,46.8,10129464.87
5,80,3,46.9,10025037.4
5,80,3,47,9085190.143
5,80,3,47.1,8563052.778
5,80,3,47.2,10651602.24
5,80,3,47.3,8563052.778
5,80,3,47.4,8354197.832
5,80,3,47.5,9085190.143
5,80,3,47.6,9085190.143
5,80,3,47.7,8667480.251
5,80,3,47.8,7623205.522
5,80,3,47.9,10233892.34
5,80,3,48,8771907.724
5,80,3,48.1,9294045.088
5,80,3,48.2,9711754.98
5,80,3,48.3,9294045.088
5,80,3,48.4,7309923.103
5,80,3,48.5,8249770.359
5,80,3,48.6,7936487.941
5,80,3,48.7,8876335.197
5,80,3,48.8,7623205.522
5,80,3,48.9,8145342.886
5,80,3,49,10338319.82
5,80,3,49.1,8458625.305
5,80,3,49.2,8980762.67
5,80,3,49.3,7727632.995
5,80,3,49.4,7101068.157
5,80,3,49.5,8458625.305
5,80,3,49.6,7832060.468
5,80,3,49.7,7205495.63
5,80,3,49.8,9085190.143
5,80,3,49.9,8980762.67
5,80,3,50,7832060.468
5,80,3,50.1,9294045.088
5,80,3,50.2,7623205.522
5,80,3,50.3,7623205.522
5,80,3,50.4,7936487.941
5,80,3,50.5,8145342.886
5,80,3,50.6,10860457.18
5,80,3,50.7,7205495.63
5,80,3,50.8,8980762.67
5,80,3,50.9,10025037.4
5,80,3,51,9085190.143
5,80,3,51.1,7414350.576
5,80,3,51.2,7832060.468
5,80,3,51.3,7832060.468
5,80,3,51.4,7623205.522
5,80,3,51.5,7623205.522
5,80,3,51.6,9816182.453
5,80,3,51.7,7623205.522
5,80,3,51.8,6996640.684
5,80,3,51.9,8458625.305
5,80,3,52,6892213.212
5,80,3,52.1,6578930.793
5,80,3,52.2,8145342.886
5,80,3,52.3,7101068.157
5,80,3,52.4,7518778.049
5,80,3,52.5,8667480.251
5,80,3,52.6,5534656.064
5,80,3,52.7,7518778.049
5,80,3,52.8,8563052.778
5,80,3,52.9,9816182.453
5,80,3,53,7727632.995
5,80,3,53.1,6161220.901
5,80,3,53.2,8771907.724
5,80,3,53.3,6265648.374
5,80,3,53.4,5847938.483
5,80,3,53.5,7101068.157
5,80,3,53.6,6056793.428
5,80,3,53.7,8771907.724
5,80,3,53.8,8040915.414
5,80,3,53.9,7832060.468
5,80,3,54,6996640.684
5,80,3,54.1,7623205.522
5,80,3,54.2,8980762.67
5,80,3,54.3,5639083.537
5,80,3,54.4,8249770.359
5,80,3,54.5,5325801.118
5,80,3,54.6,6892213.212
5,80,3,54.7,5221373.645
5,80,3,54.8,8876335.197
5,80,3,54.9,6787785.739
5,80,3,55,7309923.103
5,80,3,55.1,7414350.576
5,80,3,55.2,7727632.995
5,80,3,55.3,5847938.483
5,80,3,55.4,5430228.591
5,80,3,55.5,4385953.862
5,80,3,55.6,5743511.01
5,80,3,55.7,5325801.118
5,80,3,55.8,6370075.847
5,80,3,55.9,7101068.157
5,80,3,56,6161220.901
5,80,3,56.1,6578930.793
5,80,3,56.2,6370075.847
5,80,3,56.3,4177098.916
5,80,3,56.4,6370075.847
5,80,3,56.5,6578930.793
5,80,3,56.6,7205495.63
5,80,3,56.7,7309923.103
5,80,3,56.8,6056793.428
5,80,3,56.9,9085190.143
5,80,3,57,6787785.739
5,80,3,57.1,6892213.212
5,80,3,57.2,6892213.212
5,80,3,57.3,6578930.793
5,80,3,57.4,7832060.468
5,80,3,57.5,5116946.172
5,80,3,57.6,6056793.428
5,80,3,57.7,6265648.374
5,80,3,57.8,5012518.699
5,80,3,57.9,6892213.212
5,80,3,58,4803663.754
5,80,3,58.1,10129464.87
5,80,3,58.2,5325801.118
5,80,3,58.3,5325801.118
5,80,3,58.4,4177098.916
5,80,3,58.5,5952365.955
5,80,3,58.6,6578930.793
5,80,3,58.7,6161220.901
5,80,3,58.8,6892213.212
5,80,3,58.9,6161220.901
5,80,3,59,5952365.955
5,80,3,59.1,7309923.103
5,80,3,59.2,3237251.66
5,80,3,59.3,5743511.01
5,80,3,59.4,7309923.103
5,80,3,59.5,14306563.79
5,80,3,59.6,6056793.428
5,80,3,59.7,4490381.335
5,80,3,59.8,4594808.808
5,80,3,59.9,5116946.172
5,80,3,60,5116946.172
5,80,3,60.1,5743511.01
5,80,3,60.2,4490381.335
5,80,3,60.3,5325801.118
5,80,3,60.4,4803663.754
5,80,3,60.5,5430228.591
5,80,3,60.6,5116946.172
5,80,3,60.7,4699236.281
5,80,3,60.8,3968243.97
5,80,3,60.9,6265648.374
5,80,3,61,3863816.497
5,80,3,61.1,6056793.428
5,80,3,61.2,7727632.995
5,80,3,61.3,4594808.808
5,80,3,61.4,5534656.064
5,80,3,61.5,4699236.281
5,80,3,61.6,4594808.808
5,80,3,61.7,3341679.133
5,80,3,61.8,4281526.389
5,80,3,61.9,6578930.793
5,80,3,62,4908091.226
5,80,3,62.1,4908091.226
5,80,3,62.2,6787785.739
5,80,3,62.3,4177098.916
5,80,3,62.4,4803663.754
5,80,3,62.5,4699236.281
5,80,3,62.6,5012518.699
5,80,3,62.7,5743511.01
5,80,3,62.8,5221373.645
5,80,3,62.9,3863816.497
5,80,3,63,4908091.226
5,80,3,63.1,3654961.552
5,80,3,63.2,3550534.079
5,80,3,63.3,5847938.483
5,80,3,63.4,4177098.916
5,80,3,63.5,4699236.281
5,80,3,63.6,3968243.97
5,80,3,63.7,5847938.483
5,80,3,63.8,3446106.606
5,80,3,63.9,4803663.754
5,80,3,64,3446106.606
5,80,3,64.1,4281526.389
5,80,3,64.2,3654961.552
5,80,3,64.3,5012518.699
5,80,3,64.4,5012518.699
5,80,3,64.5,3341679.133
5,80,3,64.6,4177098.916
5,80,3,64.7,4385953.862
5,80,3,64.8,4177098.916
5,80,3,64.9,4803663.754
5,80,3,65,4908091.226
5,80,3,65.1,4594808.808
5,80,3,65.2,4803663.754
5,80,3,65.3,4281526.389
5,80,3,65.4,3654961.552
5,80,3,65.5,4699236.281
5,80,3,65.6,4072671.443
5,80,3,65.7,3654961.552
5,80,3,65.8,4281526.389
5,80,3,65.9,3550534.079
5,80,3,66,3550534.079
5,80,3,66.1,3446106.606
5,80,3,66.2,3446106.606
5,80,3,66.3,4177098.916
5,80,3,66.4,3237251.66
5,80,3,66.5,4177098.916
5,80,3,66.6,4594808.808
5,80,3,66.7,3028396.714
5,80,3,66.8,3863816.497
5,80,3,66.9,3237251.66
5,80,3,67,4803663.754
5,80,3,67.1,5534656.064
5,80,3,67.2,3446106.606
5,80,3,67.3,3132824.187
5,80,3,67.4,5743511.01
5,80,3,67.5,5221373.645
5,80,3,67.6,3550534.079
5,80,3,67.7,3028396.714
5,80,3,67.8,3446106.606
5,80,3,67.9,3341679.133
5,80,3,68,3446106.606
5,80,3,68.1,4281526.389
5,80,3,68.2,2715114.295
5,80,3,68.3,2715114.295
5,80,3,68.4,2715114.295
5,80,3,68.5,4594808.808
5,80,3,68.6,2923969.241
5,80,3,68.7,3654961.552
5,80,3,68.8,3968243.97
5,80,3,68.9,2819541.768
5,80,3,69,3759389.025
5,80,3,69.1,3654961.552
5,80,3,69.2,2401831.877
5,80,3,69.3,3654961.552
5,80,3,69.4,3446106.606
5,80,3,69.5,3237251.66
5,80,3,69.6,2610686.823
5,80,3,69.7,3028396.714
5,80,3,69.8,2401831.877
5,80,3,69.9,3028396.714
5,80,3,70,3446106.606
5,80,3,70.1,3237251.66
5,80,3,70.2,3132824.187
5,80,3,70.3,3654961.552
5,80,3,70.4,1984121.985
5,80,3,70.5,3028396.714
5,80,3,70.6,2088549.458
5,80,3,70.7,3028396.714
5,80,3,70.8,2401831.877
5,80,3,70.9,2819541.768
5,80,3,71,2506259.35
5,80,3,71.1,2506259.35
5,80,3,71.2,2506259.35
5,80,3,71.3,1984121.985
5,80,3,71.4,3132824.187
5,80,3,71.5,3028396.714
5,80,3,71.6,2819541.768
5,80,3,71.7,2192976.931
5,80,3,71.8,2610686.823
5,80,3,71.9,2506259.35
5,80,3,72,2819541.768
5,80,3,72.1,2088549.458
5,80,3,72.2,2819541.768
5,80,3,72.3,3654961.552
5,80,3,72.4,1984121.985
5,80,3,72.5,2923969.241
5,80,3,72.6,2088549.458
5,80,3,72.7,3028396.714
5,80,3,72.8,1879694.512
5,80,3,72.9,2297404.404
5,80,3,73,1566412.094
5,80,3,73.1,2506259.35
5,80,3,73.2,2297404.404
5,80,3,73.3,1879694.512
5,80,3,73.4,1984121.985
5,80,3,73.5,1775267.039
5,80,3,73.6,1775267.039
5,80,3,73.7,1984121.985
5,80,3,73.8,1357557.148
5,80,3,73.9,2506259.35
5,80,3,74,2401831.877
5,80,3,74.1,2715114.295
5,80,3,74.2,1775267.039
5,80,3,74.3,1775267.039
5,80,3,74.4,1984121.985
5,80,3,74.5,2297404.404
5,80,3,74.6,1879694.512
5,80,3,74.7,1775267.039
5,80,3,74.8,1566412.094
5,80,3,74.9,2192976.931
5,80,3,75,1775267.039
5,80,3,75.1,1879694.512
5,80,3,75.2,1984121.985
5,80,3,75.3,2192976.931
5,80,3,75.4,1566412.094
5,80,3,75.5,1984121.985
5,80,3,75.6,1775267.039
5,80,3,75.7,1357557.148
5,80,3,75.8,2401831.877
5,80,3,75.9,2192976.931
5,80,3,76,1984121.985
5,80,3,76.1,1879694.512
5,80,3,76.2,2088549.458
5,80,3,76.3,2192976.931
5,80,3,76.4,2192976.931
5,80,3,76.5,1253129.675
5,80,3,76.6,2088549.458
5,80,3,76.7,1461984.621
5,80,3,76.8,1461984.621
5,80,3,76.9,1044274.729
5,80,3,77,1044274.729
5,80,3,77.1,522137.3645
5,80,3,77.2,1879694.512
5,80,3,77.3,1044274.729
5,80,3,77.4,1566412.094
5,80,3,77.5,1670839.566
5,80,3,77.6,1044274.729
5,80,3,77.7,1566412.094
5,80,3,77.8,835419.7832
5,80,3,77.9,313282.4187
5,80,3,78,1461984.621
5,80,3,78.1,522137.3645
5,80,3,78.2,835419.7832
5,80,3,78.3,730992.3103
5,80,3,78.4,1148702.202
5,80,3,78.5,417709.8916
5,80,3,78.6,1148702.202
5,80,3,78.7,1044274.729
5,80,3,78.8,1461984.621
5,80,3,78.9,626564.8374
5,80,3,79,208854.9458
5,80,3,79.1,730992.3103
5,80,3,79.2,939847.2561
5,80,3,79.3,835419.7832
5,80,3,79.4,417709.8916
5,80,3,79.5,208854.9458
5,80,3,79.6,626564.8374
5,80,3,79.7,522137.3645
5,80,3,79.8,417709.8916
5,80,3,79.9,104427.4729
5,80,3,80,104427.4729
5,150,3,2.5,105749.3396
5,150,3,2.9,105749.3396
5,150,3,3,105749.3396
5,150,3,3.1,105749.3396
5,150,3,3.2,105749.3396
5,150,3,3.3,528746.6982
5,150,3,3.4,528746.6982
5,150,3,3.5,211498.6793
5,150,3,3.6,317248.0189
5,150,3,3.7,1163242.736
5,150,3,3.8,2114986.793
5,150,3,3.9,2537984.152
5,150,3,4,2220736.133
5,150,3,4.1,4018474.907
5,150,3,4.2,5181717.643
5,150,3,4.3,6662208.398
5,150,3,4.4,5816213.681
5,150,3,4.5,8036949.813
5,150,3,4.6,8354197.832
5,150,3,4.7,10046187.27
5,150,3,4.8,12372672.74
5,150,3,4.9,11315179.34
5,150,3,5,14381910.19
5,150,3,5.1,15968150.29
5,150,3,5.2,17871638.4
5,150,3,5.3,19034881.14
5,150,3,5.4,21784363.97
5,150,3,5.5,21678614.63
5,150,3,5.6,22313110.67
5,150,3,5.7,26014337.55
5,150,3,5.8,25168342.84
5,150,3,5.9,30138561.8
5,150,3,6,30561559.16
5,150,3,6.1,33099543.31
5,150,3,6.2,35214530.1
5,150,3,6.3,37012268.88
5,150,3,6.4,34791532.74
5,150,3,6.5,40078999.73
5,150,3,6.6,39761751.71
5,150,3,6.7,42616983.88
5,150,3,6.8,38810007.65
5,150,3,6.9,41136493.12
5,150,3,7,43780226.61
5,150,3,7.1,46529709.45
5,150,3,7.2,47481453.5
5,150,3,7.3,43674477.27
5,150,3,7.4,127745202.3
5,150,3,7.5,52028675.11
5,150,3,7.6,49384941.62
5,150,3,7.7,53297667.18
5,150,3,7.8,51711427.09
5,150,3,7.9,56258648.69
5,150,3,8,50971181.71
5,150,3,8.1,51182680.39
5,150,3,8.2,53720664.54
5,150,3,8.3,238464760.9
5,150,3,8.4,1708803579
5,150,3,8.5,55624152.66
5,150,3,8.6,54883907.28
5,150,3,8.7,58585134.17
5,150,3,8.8,77514265.96
5,150,3,8.9,59642627.56
5,150,3,9,58690883.5
5,150,3,9.1,59113880.86
5,150,3,9.2,54778157.94
5,150,3,9.3,59536878.22
5,150,3,9.4,60594371.62
5,150,3,9.5,118862257.8
5,150,3,9.6,89886938.7
5,150,3,9.7,1014030418
5,150,3,9.8,138425885.6
5,150,3,9.9,106278086.3
5,150,3,10,443829978.5
5,150,3,10.1,65881838.6
5,150,3,10.2,60277123.6
5,150,3,10.3,45154968.03
5,150,3,10.4,44943469.35
5,150,3,10.5,39550253.03
5,150,3,10.6,41559490.48
5,150,3,10.7,47587202.84
5,150,3,10.8,45683714.73
5,150,3,10.9,43780226.61
5,150,3,11,52557421.81
5,150,3,11.1,43462978.6
5,150,3,11.2,43357229.26
5,150,3,11.3,197434017.1
5,150,3,11.4,42934231.9
5,150,3,11.5,46106712.09
5,150,3,11.6,55095405.96
5,150,3,11.7,54672408.6
5,150,3,11.8,39550253.03
5,150,3,11.9,38915756.99
5,150,3,12,43780226.61
5,150,3,12.1,40713495.76
5,150,3,12.2,35743276.8
5,150,3,12.3,34368535.39
5,150,3,12.4,38069762.27
5,150,3,12.5,33839788.69
5,150,3,12.6,38598508.97
5,150,3,12.7,40290498.41
5,150,3,12.8,38810007.65
5,150,3,12.9,34685783.4
5,150,3,13,35531778.12
5,150,3,13.1,38704258.31
5,150,3,13.2,37752514.25
5,150,3,13.3,39233005.01
5,150,3,13.4,38387010.29
5,150,3,13.5,40607746.43
5,150,3,13.6,37858263.59
5,150,3,13.7,40396247.75
5,150,3,13.8,36800770.2
5,150,3,13.9,40819245.1
5,150,3,14,40713495.76
5,150,3,14.1,38704258.31
5,150,3,14.2,34580034.07
5,150,3,14.3,39550253.03
5,150,3,14.4,38387010.29
5,150,3,14.5,36272023.5
5,150,3,14.6,34051287.37
5,150,3,14.7,38387010.29
5,150,3,14.8,39550253.03
5,150,3,14.9,39233005.01
5,150,3,15,35108780.76
5,150,3,15.1,37435266.24
5,150,3,15.2,36906519.54
5,150,3,15.3,40396247.75
5,150,3,15.4,38281260.95
5,150,3,15.5,36906519.54
5,150,3,15.6,36166274.16
5,150,3,15.7,38704258.31
5,150,3,15.8,38387010.29
5,150,3,15.9,39761751.71
5,150,3,16,35003031.42
5,150,3,16.1,37435266.24
5,150,3,16.2,36377772.84
5,150,3,16.3,36906519.54
5,150,3,16.4,38492759.63
5,150,3,16.5,37012268.88
5,150,3,16.6,35108780.76
5,150,3,16.7,37223767.56
5,150,3,16.8,37118018.22
5,150,3,16.9,33734039.35
5,150,3,17,37964012.93
5,150,3,17.1,37118018.22
5,150,3,17.2,32465047.27
5,150,3,17.3,35743276.8
5,150,3,17.4,38281260.95
5,150,3,17.5,36166274.16
5,150,3,17.6,32782295.29
5,150,3,17.7,33734039.35
5,150,3,17.8,33945538.03
5,150,3,17.9,35849026.14
5,150,3,18,36060524.82
5,150,3,18.1,37964012.93
5,150,3,18.2,32570796.61
5,150,3,18.3,33839788.69
5,150,3,18.4,32888044.63
5,150,3,18.5,34368535.39
5,150,3,18.6,35849026.14
5,150,3,18.7,34580034.07
5,150,3,18.8,32253548.59
5,150,3,18.9,30984556.52
5,150,3,19,36166274.16
5,150,3,19.1,33945538.03
5,150,3,19.2,34051287.37
5,150,3,19.3,34580034.07
5,150,3,19.4,32042049.91
5,150,3,19.5,33734039.35
5,150,3,19.6,31724801.89
5,150,3,19.7,31936300.57
5,150,3,19.8,28658071.04
5,150,3,19.9,33628290.01
5,150,3,20,30561559.16
5,150,3,20.1,30561559.16
5,150,3,20.2,29504065.76
5,150,3,20.3,31196055.2
5,150,3,20.4,29398316.42
5,150,3,20.5,33628290.01
5,150,3,20.6,32253548.59
5,150,3,20.7,31619052.55
5,150,3,20.8,32782295.29
5,150,3,20.9,28340823.03
5,150,3,21,33099543.31
5,150,3,21.1,31830551.23
5,150,3,21.2,29821313.78
5,150,3,21.3,29609815.1
5,150,3,21.4,29398316.42
5,150,3,21.5,28129324.35
5,150,3,21.6,30667308.5
5,150,3,21.7,31407553.88
5,150,3,21.8,30878807.18
5,150,3,21.9,30244311.14
5,150,3,22,31196055.2
5,150,3,22.1,30561559.16
5,150,3,22.2,30773057.84
5,150,3,22.3,28869569.72
5,150,3,22.4,30878807.18
5,150,3,22.5,29292567.08
5,150,3,22.6,29292567.08
5,150,3,22.7,28552321.71
5,150,3,22.8,29186817.74
5,150,3,22.9,26437334.91
5,150,3,23,28446572.37
5,150,3,23.1,27600577.65
5,150,3,23.2,29081068.4
5,150,3,23.3,28446572.37
5,150,3,23.4,31301804.54
5,150,3,23.5,29186817.74
5,150,3,23.6,29504065.76
5,150,3,23.7,26014337.55
5,150,3,23.8,26966081.61
5,150,3,23.9,25379841.52
5,150,3,24,31407553.88
5,150,3,24.1,24851094.82
5,150,3,24.2,27177580.29
5,150,3,24.3,30561559.16
5,150,3,24.4,27389078.97
5,150,3,24.5,25379841.52
5,150,3,24.6,24428097.46
5,150,3,24.7,27389078.97
5,150,3,24.8,27177580.29
5,150,3,24.9,29292567.08
5,150,3,25,28975319.06
5,150,3,25.1,25591340.19
5,150,3,25.2,27177580.29
5,150,3,25.3,26860332.27
5,150,3,25.4,26331585.57
5,150,3,25.5,24745345.48
5,150,3,25.6,27600577.65
5,150,3,25.7,27494828.31
5,150,3,25.8,26754582.93
5,150,3,25.9,27600577.65
5,150,3,26,25908588.21
5,150,3,26.1,25168342.84
5,150,3,26.2,27283329.63
5,150,3,26.3,27071830.95
5,150,3,26.4,28023575.01
5,150,3,26.5,25379841.52
5,150,3,26.6,23899350.76
5,150,3,26.7,22736108.02
5,150,3,26.8,24745345.48
5,150,3,26.9,23264854.72
5,150,3,27,22630358.68
5,150,3,27.1,27283329.63
5,150,3,27.2,24851094.82
5,150,3,27.3,26225836.23
5,150,3,27.4,26225836.23
5,150,3,27.5,25697089.53
5,150,3,27.6,26648833.59
5,150,3,27.7,23476353.4
5,150,3,27.8,24216598.78
5,150,3,27.9,27389078.97
5,150,3,28,25168342.84
5,150,3,28.1,24110849.44
5,150,3,28.2,25697089.53
5,150,3,28.3,23159105.38
5,150,3,28.4,23687852.08
5,150,3,28.5,21467115.95
5,150,3,28.6,24322348.12
5,150,3,28.7,25908588.21
5,150,3,28.8,23582102.74
5,150,3,28.9,22418860.01
5,150,3,29,21678614.63
5,150,3,29.1,20621121.23
5,150,3,29.2,23899350.76
5,150,3,29.3,21255617.27
5,150,3,29.4,22418860.01
5,150,3,29.5,19352129.16
5,150,3,29.6,20303873.21
5,150,3,29.7,24216598.78
5,150,3,29.8,23582102.74
5,150,3,29.9,21467115.95
5,150,3,30,21044118.59
5,150,3,30.1,22841857.36
5,150,3,30.2,19880875.85
5,150,3,30.3,22418860.01
5,150,3,30.4,20832619.91
5,150,3,30.5,26860332.27
5,150,3,30.6,20832619.91
5,150,3,30.7,26331585.57
5,150,3,30.8,22947606.7
5,150,3,30.9,22630358.68
5,150,3,31,17977387.74
5,150,3,31.1,19880875.85
5,150,3,31.2,21467115.95
5,150,3,31.3,21149867.93
5,150,3,31.4,21890113.31
5,150,3,31.5,20303873.21
5,150,3,31.6,18929131.8
5,150,3,31.7,19563627.83
5,150,3,31.8,24110849.44
5,150,3,31.9,20621121.23
5,150,3,32,19775126.51
5,150,3,32.1,20726870.57
5,150,3,32.2,21784363.97
5,150,3,32.3,23370604.06
5,150,3,32.4,22418860.01
5,150,3,32.5,19986625.19
5,150,3,32.6,19986625.19
5,150,3,32.7,20938369.25
5,150,3,32.8,18929131.8
5,150,3,32.9,19880875.85
5,150,3,33,21044118.59
5,150,3,33.1,20198123.87
5,150,3,33.2,20409622.55
5,150,3,33.3,19669377.17
5,150,3,33.4,20621121.23
5,150,3,33.5,18823382.46
5,150,3,33.6,19880875.85
5,150,3,33.7,18717633.12
5,150,3,33.8,19986625.19
5,150,3,33.9,19880875.85
5,150,3,34,18400385.1
5,150,3,34.1,19880875.85
5,150,3,34.2,19775126.51
5,150,3,34.3,17765889.06
5,150,3,34.4,17871638.4
5,150,3,34.5,19986625.19
5,150,3,34.6,18400385.1
5,150,3,34.7,20938369.25
5,150,3,34.8,20515371.89
5,150,3,34.9,18717633.12
5,150,3,35,17131393.02
5,150,3,35.1,21044118.59
5,150,3,35.2,18717633.12
5,150,3,35.3,19246379.82
5,150,3,35.4,19352129.16
5,150,3,35.5,18929131.8
5,150,3,35.6,20726870.57
5,150,3,35.7,15545152.93
5,150,3,35.8,17871638.4
5,150,3,35.9,17025643.68
5,150,3,36,17131393.02
5,150,3,36.1,16814145
5,150,3,36.2,15545152.93
5,150,3,36.3,19034881.14
5,150,3,36.4,17025643.68
5,150,3,36.5,18294635.76
5,150,3,36.6,15122155.57
5,150,3,36.7,18929131.8
5,150,3,36.8,17025643.68
5,150,3,36.9,17660139.72
5,150,3,37,14276160.85
5,150,3,37.1,16496896.99
5,150,3,37.2,18823382.46
5,150,3,37.3,17765889.06
5,150,3,37.4,19246379.82
5,150,3,37.5,17237142.36
5,150,3,37.6,15650902.27
5,150,3,37.7,19669377.17
5,150,3,37.8,16496896.99
5,150,3,37.9,15968150.29
5,150,3,38,15545152.93
5,150,3,38.1,15862400.95
5,150,3,38.2,19563627.83
5,150,3,38.3,14381910.19
5,150,3,38.4,16919894.34
5,150,3,38.5,20198123.87
5,150,3,38.6,16919894.34
5,150,3,38.7,18400385.1
5,150,3,38.8,17765889.06
5,150,3,38.9,18083137.08
5,150,3,39,16496896.99
5,150,3,39.1,15756651.61
5,150,3,39.2,17765889.06
5,150,3,39.3,16179648.97
5,150,3,39.4,15227904.91
5,150,3,39.5,15439403.59
5,150,3,39.6,14381910.19
5,150,3,39.7,15333654.25
5,150,3,39.8,15333654.25
5,150,3,39.9,15862400.95
5,150,3,40,17342891.7
5,150,3,40.1,14699158.21
5,150,3,40.2,16602646.32
5,150,3,40.3,15756651.61
5,150,3,40.4,15756651.61
5,150,3,40.5,14064662.17
5,150,3,40.6,14699158.21
5,150,3,40.7,15227904.91
5,150,3,40.8,13958912.83
5,150,3,40.9,16073899.63
5,150,3,41,16814145
5,150,3,41.1,13535915.48
5,150,3,41.2,18294635.76
5,150,3,41.3,15227904.91
5,150,3,41.4,14699158.21
5,150,3,41.5,14910656.89
5,150,3,41.6,13430166.14
5,150,3,41.7,13218667.46
5,150,3,41.8,12266923.4
5,150,3,41.9,12795670.1
5,150,3,42,13535915.48
5,150,3,42.1,13958912.83
5,150,3,42.2,13112918.12
5,150,3,42.3,15122155.57
5,150,3,42.4,14064662.17
5,150,3,42.5,12689920.76
5,150,3,42.6,16496896.99
5,150,3,42.7,14487659.53
5,150,3,42.8,17131393.02
5,150,3,42.9,14593408.87
5,150,3,43,15333654.25
5,150,3,43.1,15333654.25
5,150,3,43.2,13324416.8
5,150,3,43.3,15756651.61
5,150,3,43.4,16073899.63
5,150,3,43.5,13324416.8
5,150,3,43.6,12055424.72
5,150,3,43.7,13218667.46
5,150,3,43.8,13007168.78
5,150,3,43.9,10574933.96
5,150,3,44,14381910.19
5,150,3,44.1,14276160.85
5,150,3,44.2,14381910.19
5,150,3,44.3,14170411.51
5,150,3,44.4,13535915.48
5,150,3,44.5,14699158.21
5,150,3,44.6,13641664.81
5,150,3,44.7,11843926.04
5,150,3,44.8,12795670.1
5,150,3,44.9,14064662.17
5,150,3,45,13324416.8
5,150,3,45.1,13430166.14
5,150,3,45.2,12266923.4
5,150,3,45.3,12266923.4
5,150,3,45.4,13853163.49
5,150,3,45.5,13958912.83
5,150,3,45.6,11526678.02
5,150,3,45.7,11209430
5,150,3,45.8,12901419.44
5,150,3,45.9,14170411.51
5,150,3,46,12161174.06
5,150,3,46.1,13007168.78
5,150,3,46.2,13112918.12
5,150,3,46.3,12266923.4
5,150,3,46.4,11103680.66
5,150,3,46.5,14381910.19
5,150,3,46.6,13641664.81
5,150,3,46.7,13430166.14
5,150,3,46.8,14699158.21
5,150,3,46.9,13641664.81
5,150,3,47,13747414.15
5,150,3,47.1,14064662.17
5,150,3,47.2,14276160.85
5,150,3,47.3,12901419.44
5,150,3,47.4,13430166.14
5,150,3,47.5,13535915.48
5,150,3,47.6,12478422.08
5,150,3,47.7,10892181.98
5,150,3,47.8,12478422.08
5,150,3,47.9,11103680.66
5,150,3,48,12584171.42
5,150,3,48.1,11526678.02
5,150,3,48.2,12689920.76
5,150,3,48.3,15122155.57
5,150,3,48.4,12584171.42
5,150,3,48.5,10469184.63
5,150,3,48.6,11843926.04
5,150,3,48.7,11632427.36
5,150,3,48.8,10469184.63
5,150,3,48.9,13853163.49
5,150,3,49,11843926.04
5,150,3,49.1,12901419.44
5,150,3,49.2,12372672.74
5,150,3,49.3,11420928.68
5,150,3,49.4,12161174.06
5,150,3,49.5,12161174.06
5,150,3,49.6,12795670.1
5,150,3,49.7,13007168.78
5,150,3,49.8,10257685.95
5,150,3,49.9,13430166.14
5,150,3,50,11843926.04
5,150,3,50.1,11738176.7
5,150,3,50.2,13007168.78
5,150,3,50.3,11949675.38
5,150,3,50.4,13112918.12
5,150,3,50.5,12161174.06
5,150,3,50.6,10046187.27
5,150,3,50.7,11526678.02
5,150,3,50.8,12055424.72
5,150,3,50.9,11420928.68
5,150,3,51,12266923.4
5,150,3,51.1,14276160.85
5,150,3,51.2,11420928.68
5,150,3,51.3,11526678.02
5,150,3,51.4,10786432.64
5,150,3,51.5,11315179.34
5,150,3,51.6,11526678.02
5,150,3,51.7,10892181.98
5,150,3,51.8,12055424.72
5,150,3,51.9,8459947.172
5,150,3,52,11209430
5,150,3,52.1,9728939.248
5,150,3,52.2,9728939.248
5,150,3,52.3,11420928.68
5,150,3,52.4,11632427.36
5,150,3,52.5,9411691.229
5,150,3,52.6,11949675.38
5,150,3,52.7,10786432.64
5,150,3,52.8,13324416.8
5,150,3,52.9,11526678.02
5,150,3,53,8671445.851
5,150,3,53.1,11949675.38
5,150,3,53.2,9940437.927
5,150,3,53.3,9200192.549
5,150,3,53.4,11103680.66
5,150,3,53.5,10786432.64
5,150,3,53.6,10892181.98
5,150,3,53.7,12372672.74
5,150,3,53.8,9728939.248
5,150,3,53.9,10997931.32
5,150,3,54,9623189.908
5,150,3,54.1,9305941.889
5,150,3,54.2,11420928.68
5,150,3,54.3,10469184.63
5,150,3,54.4,12161174.06
5,150,3,54.5,9623189.908
5,150,3,54.6,8777195.191
5,150,3,54.7,10892181.98
5,150,3,54.8,9834688.587
5,150,3,54.9,10363435.29
5,150,3,55,10151936.61
5,150,3,55.1,10469184.63
5,150,3,55.2,10892181.98
5,150,3,55.3,8142699.153
5,150,3,55.4,11420928.68
5,150,3,55.5,9834688.587
5,150,3,55.6,12055424.72
5,150,3,55.7,9728939.248
5,150,3,55.8,8988693.87
5,150,3,55.9,6662208.398
5,150,3,56,8565696.512
5,150,3,56.1,9200192.549
5,150,3,56.2,9728939.248
5,150,3,56.3,9305941.889
5,150,3,56.4,8565696.512
5,150,3,56.5,10574933.96
5,150,3,56.6,8248448.493
5,150,3,56.7,9728939.248
5,150,3,56.8,9305941.889
5,150,3,56.9,11420928.68
5,150,3,57,10469184.63
5,150,3,57.1,9623189.908
5,150,3,57.2,10680683.3
5,150,3,57.3,10574933.96
5,150,3,57.4,9834688.587
5,150,3,57.5,8777195.191
5,150,3,57.6,9623189.908
5,150,3,57.7,9305941.889
5,150,3,57.8,9094443.21
5,150,3,57.9,10363435.29
5,150,3,58,9411691.229
5,150,3,58.1,82907482.28
5,150,3,58.2,10363435.29
5,150,3,58.3,8565696.512
5,150,3,58.4,9305941.889
5,150,3,58.5,9094443.21
5,150,3,58.6,9834688.587
5,150,3,58.7,8142699.153
5,150,3,58.8,10680683.3
5,150,3,58.9,8565696.512
5,150,3,59,8248448.493
5,150,3,59.1,7825451.134
5,150,3,59.2,10363435.29
5,150,3,59.3,9305941.889
5,150,3,59.4,9200192.549
5,150,3,59.5,146780083.4
5,150,3,59.6,11843926.04
5,150,3,59.7,9200192.549
5,150,3,59.8,10892181.98
5,150,3,59.9,11632427.36
5,150,3,60,12055424.72
5,150,3,60.1,8459947.172
5,150,3,60.2,9940437.927
5,150,3,60.3,9517440.568
5,150,3,60.4,10151936.61
5,150,3,60.5,7508203.115
5,150,3,60.6,10892181.98
5,150,3,60.7,9411691.229
5,150,3,60.8,8248448.493
5,150,3,60.9,9517440.568
5,150,3,61,9200192.549
5,150,3,61.1,8142699.153
5,150,3,61.2,6662208.398
5,150,3,61.3,9411691.229
5,150,3,61.4,10786432.64
5,150,3,61.5,10680683.3
5,150,3,61.6,8248448.493
5,150,3,61.7,9623189.908
5,150,3,61.8,9411691.229
5,150,3,61.9,8459947.172
5,150,3,62,9834688.587
5,150,3,62.1,7085205.756
5,150,3,62.2,9517440.568
5,150,3,62.3,8459947.172
5,150,3,62.4,9728939.248
5,150,3,62.5,9623189.908
5,150,3,62.6,8565696.512
5,150,3,62.7,9411691.229
5,150,3,62.8,8354197.832
5,150,3,62.9,9305941.889
5,150,3,63,8248448.493
5,150,3,63.1,6873707.077
5,150,3,63.2,9411691.229
5,150,3,63.3,8671445.851
5,150,3,63.4,8036949.813
5,150,3,63.5,7508203.115
5,150,3,63.6,10469184.63
5,150,3,63.7,8459947.172
5,150,3,63.8,8036949.813
5,150,3,63.9,7931200.474
5,150,3,64,7613952.455
5,150,3,64.1,10151936.61
5,150,3,64.2,6767957.738
5,150,3,64.3,9305941.889
5,150,3,64.4,8459947.172
5,150,3,64.5,8248448.493
5,150,3,64.6,8248448.493
5,150,3,64.7,8354197.832
5,150,3,64.8,8248448.493
5,150,3,64.9,8459947.172
5,150,3,65,7613952.455
5,150,3,65.1,9834688.587
5,150,3,65.2,9623189.908
5,150,3,65.3,7085205.756
5,150,3,65.4,8354197.832
5,150,3,65.5,6662208.398
5,150,3,65.6,8142699.153
5,150,3,65.7,8777195.191
5,150,3,65.8,7296704.436
5,150,3,65.9,6556459.058
5,150,3,66,7085205.756
5,150,3,66.1,6027712.36
5,150,3,66.2,7613952.455
5,150,3,66.3,8142699.153
5,150,3,66.4,7085205.756
5,150,3,66.5,6662208.398
5,150,3,66.6,7825451.134
5,150,3,66.7,9200192.549
5,150,3,66.8,7931200.474
5,150,3,66.9,8036949.813
5,150,3,67,9094443.21
5,150,3,67.1,22630358.68
5,150,3,67.2,7719701.794
5,150,3,67.3,7296704.436
5,150,3,67.4,35003031.42
5,150,3,67.5,7085205.756
5,150,3,67.6,7825451.134
5,150,3,67.7,6556459.058
5,150,3,67.8,6767957.738
5,150,3,67.9,8142699.153
5,150,3,68,8036949.813
5,150,3,68.1,8354197.832
5,150,3,68.2,8142699.153
5,150,3,68.3,6556459.058
5,150,3,68.4,6344960.379
5,150,3,68.5,7508203.115
5,150,3,68.6,6239211.039
5,150,3,68.7,6873707.077
5,150,3,68.8,7613952.455
5,150,3,68.9,7190955.096
5,150,3,69,8142699.153
5,150,3,69.1,7402453.775
5,150,3,69.2,9940437.927
5,150,3,69.3,10363435.29
5,150,3,69.4,7085205.756
5,150,3,69.5,7613952.455
5,150,3,69.6,8036949.813
5,150,3,69.7,7402453.775
5,150,3,69.8,7825451.134
5,150,3,69.9,8142699.153
5,150,3,70,5921963.02
5,150,3,70.1,7613952.455
5,150,3,70.2,5921963.02
5,150,3,70.3,6767957.738
5,150,3,70.4,7825451.134
5,150,3,70.5,5710464.341
5,150,3,70.6,7085205.756
5,150,3,70.7,6450709.719
5,150,3,70.8,6662208.398
5,150,3,70.9,5393216.322
5,150,3,71,7508203.115
5,150,3,71.1,5181717.643
5,150,3,71.2,6873707.077
5,150,3,71.3,6873707.077
5,150,3,71.4,7296704.436
5,150,3,71.5,7508203.115
5,150,3,71.6,6556459.058
5,150,3,71.7,5921963.02
5,150,3,71.8,6979456.417
5,150,3,71.9,6979456.417
5,150,3,72,8036949.813
5,150,3,72.1,6133461.7
5,150,3,72.2,7508203.115
5,150,3,72.3,6767957.738
5,150,3,72.4,6450709.719
5,150,3,72.5,6344960.379
5,150,3,72.6,7508203.115
5,150,3,72.7,6239211.039
5,150,3,72.8,6133461.7
5,150,3,72.9,7613952.455
5,150,3,73,5710464.341
5,150,3,73.1,6979456.417
5,150,3,73.2,6556459.058
5,150,3,73.3,7719701.794
5,150,3,73.4,6239211.039
5,150,3,73.5,6873707.077
5,150,3,73.6,7296704.436
5,150,3,73.7,6133461.7
5,150,3,73.8,6873707.077
5,150,3,73.9,5816213.681
5,150,3,74,5287466.982
5,150,3,74.1,6556459.058
5,150,3,74.2,5710464.341
5,150,3,74.3,5498965.662
5,150,3,74.4,6662208.398
5,150,3,74.5,5604715.001
5,150,3,74.6,7508203.115
5,150,3,74.7,5393216.322
5,150,3,74.8,6873707.077
5,150,3,74.9,7296704.436
5,150,3,75,7402453.775
5,150,3,75.1,7825451.134
5,150,3,75.2,6662208.398
5,150,3,75.3,7085205.756
5,150,3,75.4,6450709.719
5,150,3,75.5,5710464.341
5,150,3,75.6,6979456.417
5,150,3,75.7,5604715.001
5,150,3,75.8,6344960.379
5,150,3,75.9,5604715.001
5,150,3,76,6979456.417
5,150,3,76.1,5075968.303
5,150,3,76.2,4864469.624
5,150,3,76.3,6873707.077
5,150,3,76.4,6133461.7
5,150,3,76.5,6450709.719
5,150,3,76.6,7085205.756
5,150,3,76.7,6133461.7
5,150,3,76.8,6662208.398
5,150,3,76.9,5604715.001
5,150,3,77,6767957.738
5,150,3,77.1,6027712.36
5,150,3,77.2,6450709.719
5,150,3,77.3,6239211.039
5,150,3,77.4,6873707.077
5,150,3,77.5,5498965.662
5,150,3,77.6,5181717.643
5,150,3,77.7,5075968.303
5,150,3,77.8,6767957.738
5,150,3,77.9,5075968.303
5,150,3,78,5181717.643
5,150,3,78.1,5816213.681
5,150,3,78.2,4970218.963
5,150,3,78.3,5816213.681
5,150,3,78.4,5710464.341
5,150,3,78.5,4758720.284
5,150,3,78.6,5498965.662
5,150,3,78.7,7296704.436
5,150,3,78.8,5710464.341
5,150,3,78.9,5393216.322
5,150,3,79,5181717.643
5,150,3,79.1,4758720.284
5,150,3,79.2,5710464.341
5,150,3,79.3,6556459.058
5,150,3,79.4,8142699.153
5,150,3,79.5,5075968.303
5,150,3,79.6,6027712.36
5,150,3,79.7,7402453.775
5,150,3,79.8,7613952.455
5,150,3,79.9,5921963.02
5,150,3,80,6662208.398
5,150,3,80.1,5921963.02
5,150,3,80.2,5287466.982
5,150,3,80.3,4758720.284
5,150,3,80.4,5604715.001
5,150,3,80.5,6873707.077
5,150,3,80.6,6133461.7
5,150,3,80.7,5181717.643
5,150,3,80.8,4970218.963
5,150,3,80.9,4018474.907
5,150,3,81,5075968.303
5,150,3,81.1,6767957.738
5,150,3,81.2,5498965.662
5,150,3,81.3,5710464.341
5,150,3,81.4,4335722.926
5,150,3,81.5,6027712.36
5,150,3,81.6,6450709.719
5,150,3,81.7,6027712.36
5,150,3,81.8,5604715.001
5,150,3,81.9,4970218.963
5,150,3,82,5181717.643
5,150,3,82.1,6133461.7
5,150,3,82.2,6239211.039
5,150,3,82.3,4335722.926
5,150,3,82.4,6133461.7
5,150,3,82.5,5921963.02
5,150,3,82.6,4652970.945
5,150,3,82.7,5710464.341
5,150,3,82.8,5604715.001
5,150,3,82.9,5604715.001
5,150,3,83,5287466.982
5,150,3,83.1,5816213.681
5,150,3,83.2,4335722.926
5,150,3,83.3,4441472.265
5,150,3,83.4,4335722.926
5,150,3,83.5,4864469.624
5,150,3,83.6,4441472.265
5,150,3,83.7,4970218.963
5,150,3,83.8,6344960.379
5,150,3,83.9,5393216.322
5,150,3,84,5181717.643
5,150,3,84.1,5498965.662
5,150,3,84.2,5181717.643
5,150,3,84.3,4970218.963
5,150,3,84.4,5181717.643
5,150,3,84.5,5393216.322
5,150,3,84.6,5393216.322
5,150,3,84.7,6767957.738
5,150,3,84.8,4864469.624
5,150,3,84.9,5287466.982
5,150,3,85,5287466.982
5,150,3,85.1,5498965.662
5,150,3,85.2,6239211.039
5,150,3,85.3,4970218.963
5,150,3,85.4,5181717.643
5,150,3,85.5,5921963.02
5,150,3,85.6,5921963.02
5,150,3,85.7,5604715.001
5,150,3,85.8,3701226.888
5,150,3,85.9,4758720.284
5,150,3,86,5075968.303
5,150,3,86.1,4124224.246
5,150,3,86.2,4229973.586
5,150,3,86.3,5921963.02
5,150,3,86.4,4018474.907
5,150,3,86.5,5710464.341
5,150,3,86.6,5921963.02
5,150,3,86.7,5604715.001
5,150,3,86.8,4547221.605
5,150,3,86.9,4441472.265
5,150,3,87,5287466.982
5,150,3,87.1,5287466.982
5,150,3,87.2,6133461.7
5,150,3,87.3,4229973.586
5,150,3,87.4,5604715.001
5,150,3,87.5,5816213.681
5,150,3,87.6,4970218.963
5,150,3,87.7,3701226.888
5,150,3,87.8,6873707.077
5,150,3,87.9,4335722.926
5,150,3,88,5287466.982
5,150,3,88.1,5710464.341
5,150,3,88.2,4864469.624
5,150,3,88.3,4758720.284
5,150,3,88.4,5075968.303
5,150,3,88.5,4864469.624
5,150,3,88.6,4335722.926
5,150,3,88.7,4124224.246
5,150,3,88.8,4652970.945
5,150,3,88.9,4864469.624
5,150,3,89,3912725.567
5,150,3,89.1,5393216.322
5,150,3,89.2,5181717.643
5,150,3,89.3,4124224.246
5,150,3,89.4,3912725.567
5,150,3,89.5,4441472.265
5,150,3,89.6,4758720.284
5,150,3,89.7,5604715.001
5,150,3,89.8,4758720.284
5,150,3,89.9,4547221.605
5,150,3,90,5393216.322
5,150,3,90.1,4229973.586
5,150,3,90.2,4547221.605
5,150,3,90.3,5921963.02
5,150,3,90.4,4335722.926
5,150,3,90.5,4124224.246
5,150,3,90.6,5181717.643
5,150,3,90.7,3489728.208
5,150,3,90.8,4547221.605
5,150,3,90.9,3806976.227
5,150,3,91,5181717.643
5,150,3,91.1,4547221.605
5,150,3,91.2,4229973.586
5,150,3,91.3,4547221.605
5,150,3,91.4,4652970.945
5,150,3,91.5,5710464.341
5,150,3,91.6,4864469.624
5,150,3,91.7,4864469.624
5,150,3,91.8,4124224.246
5,150,3,91.9,4864469.624
5,150,3,92,5181717.643
5,150,3,92.1,5393216.322
5,150,3,92.2,4018474.907
5,150,3,92.3,4970218.963
5,150,3,92.4,5710464.341
5,150,3,92.5,4229973.586
5,150,3,92.6,3383978.869
5,150,3,92.7,5287466.982
5,150,3,92.8,3912725.567
5,150,3,92.9,3912725.567
5,150,3,93,4864469.624
5,150,3,93.1,3701226.888
5,150,3,93.2,4758720.284
5,150,3,93.3,5604715.001
5,150,3,93.4,5075968.303
5,150,3,93.5,4229973.586
5,150,3,93.6,4124224.246
5,150,3,93.7,5604715.001
5,150,3,93.8,4018474.907
5,150,3,93.9,4547221.605
5,150,3,94,4229973.586
5,150,3,94.1,4335722.926
5,150,3,94.2,5181717.643
5,150,3,94.3,5710464.341
5,150,3,94.4,4758720.284
5,150,3,94.5,4018474.907
5,150,3,94.6,4124224.246
5,150,3,94.7,4018474.907
5,150,3,94.8,4441472.265
5,150,3,94.9,3701226.888
5,150,3,95,4547221.605
5,150,3,95.1,5710464.341
5,150,3,95.2,6027712.36
5,150,3,95.3,4335722.926
5,150,3,95.4,5287466.982
5,150,3,95.5,3806976.227
5,150,3,95.6,4758720.284
5,150,3,95.7,4652970.945
5,150,3,95.8,5075968.303
5,150,3,95.9,6450709.719
5,150,3,96,5498965.662
5,150,3,96.1,4864469.624
5,150,3,96.2,4864469.624
5,150,3,96.3,5181717.643
5,150,3,96.4,4018474.907
5,150,3,96.5,5181717.643
5,150,3,96.6,4758720.284
5,150,3,96.7,5498965.662
5,150,3,96.8,4758720.284
5,150,3,96.9,4864469.624
5,150,3,97,4864469.624
5,150,3,97.1,4124224.246
5,150,3,97.2,4652970.945
5,150,3,97.3,4229973.586
5,150,3,97.4,3595477.548
5,150,3,97.5,4441472.265
5,150,3,97.6,4758720.284
5,150,3,97.7,4229973.586
5,150,3,97.8,3383978.869
5,150,3,97.9,3278229.529
5,150,3,98,3912725.567
5,150,3,98.1,4124224.246
5,150,3,98.2,3172480.189
5,150,3,98.3,3912725.567
5,150,3,98.4,3595477.548
5,150,3,98.5,4547221.605
5,150,3,98.6,2432234.812
5,150,3,98.7,4335722.926
5,150,3,98.8,4970218.963
5,150,3,98.9,3912725.567
5,150,3,99,3701226.888
5,150,3,99.1,5075968.303
5,150,3,99.2,3806976.227
5,150,3,99.3,3489728.208
5,150,3,99.4,3912725.567
5,150,3,99.5,4441472.265
5,150,3,99.6,4335722.926
5,150,3,99.7,4229973.586
5,150,3,99.8,3912725.567
5,150,3,99.9,3172480.189
5,150,3,100,4018474.907
5,150,3,100.1,4652970.945
5,150,3,100.2,3595477.548
5,150,3,100.3,3489728.208
5,150,3,100.4,4018474.907
5,150,3,100.5,3066730.85
5,150,3,100.6,4652970.945
5,150,3,100.7,4018474.907
5,150,3,100.8,2643733.491
5,150,3,100.9,4018474.907
5,150,3,101,4018474.907
5,150,3,101.1,4864469.624
5,150,3,101.2,2960981.51
5,150,3,101.3,2855232.171
5,150,3,101.4,4441472.265
5,150,3,101.5,3489728.208
5,150,3,101.6,2220736.133
5,150,3,101.7,4229973.586
5,150,3,101.8,4758720.284
5,150,3,101.9,4018474.907
5,150,3,102,4441472.265
5,150,3,102.1,4229973.586
5,150,3,102.2,4124224.246
5,150,3,102.3,4758720.284
5,150,3,102.4,4652970.945
5,150,3,102.5,4864469.624
5,150,3,102.6,4124224.246
5,150,3,102.7,3595477.548
5,150,3,102.8,5287466.982
5,150,3,102.9,3912725.567
5,150,3,103,4864469.624
5,150,3,103.1,4652970.945
5,150,3,103.2,3912725.567
5,150,3,103.3,3383978.869
5,150,3,103.4,3595477.548
5,150,3,103.5,4229973.586
5,150,3,103.6,2643733.491
5,150,3,103.7,4124224.246
5,150,3,103.8,3172480.189
5,150,3,103.9,3383978.869
5,150,3,104,3595477.548
5,150,3,104.1,4335722.926
5,150,3,104.2,5287466.982
5,150,3,104.3,4758720.284
5,150,3,104.4,3912725.567
5,150,3,104.5,4970218.963
5,150,3,104.6,4124224.246
5,150,3,104.7,3912725.567
5,150,3,104.8,4652970.945
5,150,3,104.9,4124224.246
5,150,3,105,3489728.208
5,150,3,105.1,3489728.208
5,150,3,105.2,3278229.529
5,150,3,105.3,3489728.208
5,150,3,105.4,3278229.529
5,150,3,105.5,3806976.227
5,150,3,105.6,3912725.567
5,150,3,105.7,3489728.208
5,150,3,105.8,3278229.529
5,150,3,105.9,3383978.869
5,150,3,106,3806976.227
5,150,3,106.1,4864469.624
5,150,3,106.2,4124224.246
5,150,3,106.3,4335722.926
5,150,3,106.4,4229973.586
5,150,3,106.5,4124224.246
5,150,3,106.6,4124224.246
5,150,3,106.7,3278229.529
5,150,3,106.8,3806976.227
5,150,3,106.9,3172480.189
5,150,3,107,4652970.945
5,150,3,107.1,2855232.171
5,150,3,107.2,4547221.605
5,150,3,107.3,2960981.51
5,150,3,107.4,3383978.869
5,150,3,107.5,3383978.869
5,150,3,107.6,3912725.567
5,150,3,107.7,3595477.548
5,150,3,107.8,4335722.926
5,150,3,107.9,4124224.246
5,150,3,108,3701226.888
5,150,3,108.1,4124224.246
5,150,3,108.2,3912725.567
5,150,3,108.3,4441472.265
5,150,3,108.4,3806976.227
5,150,3,108.5,3595477.548
5,150,3,108.6,3912725.567
5,150,3,108.7,3806976.227
5,150,3,108.8,3701226.888
5,150,3,108.9,4018474.907
5,150,3,109,3806976.227
5,150,3,109.1,4229973.586
5,150,3,109.2,3066730.85
5,150,3,109.3,3806976.227
5,150,3,109.4,3172480.189
5,150,3,109.5,2960981.51
5,150,3,109.6,3172480.189
5,150,3,109.7,3278229.529
5,150,3,109.8,3806976.227
5,150,3,109.9,4547221.605
5,150,3,110,2432234.812
5,150,3,110.1,3701226.888
5,150,3,110.2,3489728.208
5,150,3,110.3,3383978.869
5,150,3,110.4,3806976.227
5,150,3,110.5,4018474.907
5,150,3,110.6,3278229.529
5,150,3,110.7,3489728.208
5,150,3,110.8,3489728.208
5,150,3,110.9,3172480.189
5,150,3,111,3172480.189
5,150,3,111.1,3489728.208
5,150,3,111.2,3278229.529
5,150,3,111.3,4229973.586
5,150,3,111.4,2855232.171
5,150,3,111.5,3489728.208
5,150,3,111.6,3172480.189
5,150,3,111.7,2432234.812
5,150,3,111.8,2855232.171
5,150,3,111.9,2749482.831
5,150,3,112,3383978.869
5,150,3,112.1,3172480.189
5,150,3,112.2,2960981.51
5,150,3,112.3,3806976.227
5,150,3,112.4,4018474.907
5,150,3,112.5,2114986.793
5,150,3,112.6,5075968.303
5,150,3,112.7,3595477.548
5,150,3,112.8,2749482.831
5,150,3,112.9,2749482.831
5,150,3,113,2749482.831
5,150,3,113.1,3701226.888
5,150,3,113.2,3066730.85
5,150,3,113.3,3701226.888
5,150,3,113.4,3489728.208
5,150,3,113.5,2855232.171
5,150,3,113.6,3278229.529
5,150,3,113.7,3489728.208
5,150,3,113.8,3066730.85
5,150,3,113.9,3701226.888
5,150,3,114,3595477.548
5,150,3,114.1,3172480.189
5,150,3,114.2,2643733.491
5,150,3,114.3,2749482.831
5,150,3,114.4,4018474.907
5,150,3,114.5,3172480.189
5,150,3,114.6,3172480.189
5,150,3,114.7,2749482.831
5,150,3,114.8,3595477.548
5,150,3,114.9,3278229.529
5,150,3,115,3912725.567
5,150,3,115.1,2855232.171
5,150,3,115.2,3278229.529
5,150,3,115.3,3172480.189
5,150,3,115.4,2855232.171
5,150,3,115.5,2326485.472
5,150,3,115.6,3489728.208
5,150,3,115.7,3278229.529
5,150,3,115.8,2855232.171
5,150,3,115.9,2855232.171
5,150,3,116,3489728.208
5,150,3,116.1,4124224.246
5,150,3,116.2,2960981.51
5,150,3,116.3,2960981.51
5,150,3,116.4,3595477.548
5,150,3,116.5,3489728.208
5,150,3,116.6,3489728.208
5,150,3,116.7,2432234.812
5,150,3,116.8,3595477.548
5,150,3,116.9,3701226.888
5,150,3,117,3383978.869
5,150,3,117.1,2326485.472
5,150,3,117.2,2749482.831
5,150,3,117.3,2114986.793
5,150,3,117.4,2537984.152
5,150,3,117.5,2009237.453
5,150,3,117.6,2537984.152
5,150,3,117.7,3489728.208
5,150,3,117.8,3912725.567
5,150,3,117.9,2960981.51
5,150,3,118,2432234.812
5,150,3,118.1,3172480.189
5,150,3,118.2,3806976.227
5,150,3,118.3,2643733.491
5,150,3,118.4,3383978.869
5,150,3,118.5,3066730.85
5,150,3,118.6,2855232.171
5,150,3,118.7,2643733.491
5,150,3,118.8,3383978.869
5,150,3,118.9,3172480.189
5,150,3,119,3172480.189
5,150,3,119.1,3595477.548
5,150,3,119.2,4018474.907
5,150,3,119.3,2643733.491
5,150,3,119.4,2749482.831
5,150,3,119.5,2220736.133
5,150,3,119.6,3278229.529
5,150,3,119.7,2643733.491
5,150,3,119.8,2432234.812
5,150,3,119.9,2960981.51
5,150,3,120,3066730.85
5,150,3,120.1,2749482.831
5,150,3,120.2,2537984.152
5,150,3,120.3,2960981.51
5,150,3,120.4,2749482.831
5,150,3,120.5,3595477.548
5,150,3,120.6,1903488.114
5,150,3,120.7,2855232.171
5,150,3,120.8,3278229.529
5,150,3,120.9,2114986.793
5,150,3,121,2855232.171
5,150,3,121.1,3806976.227
5,150,3,121.2,3066730.85
5,150,3,121.3,2855232.171
5,150,3,121.4,2220736.133
5,150,3,121.5,2855232.171
5,150,3,121.6,3383978.869
5,150,3,121.7,1586240.095
5,150,3,121.8,2749482.831
5,150,3,121.9,2432234.812
5,150,3,122,2643733.491
5,150,3,122.1,3066730.85
5,150,3,122.2,2643733.491
5,150,3,122.3,1691989.434
5,150,3,122.4,2960981.51
5,150,3,122.5,3172480.189
5,150,3,122.6,2537984.152
5,150,3,122.7,2960981.51
5,150,3,122.8,2220736.133
5,150,3,122.9,3172480.189
5,150,3,123,3383978.869
5,150,3,123.1,3172480.189
5,150,3,123.2,1797738.774
5,150,3,123.3,2537984.152
5,150,3,123.4,3912725.567
5,150,3,123.5,1691989.434
5,150,3,123.6,1903488.114
5,150,3,123.7,2960981.51
5,150,3,123.8,2749482.831
5,150,3,123.9,2643733.491
5,150,3,124,2960981.51
5,150,3,124.1,2960981.51
5,150,3,124.2,1903488.114
5,150,3,124.3,1797738.774
5,150,3,124.4,2114986.793
5,150,3,124.5,3701226.888
5,150,3,124.6,2855232.171
5,150,3,124.7,2960981.51
5,150,3,124.8,2326485.472
5,150,3,124.9,2220736.133
5,150,3,125,2326485.472
5,150,3,125.1,2855232.171
5,150,3,125.2,2855232.171
5,150,3,125.3,2326485.472
5,150,3,125.4,2537984.152
5,150,3,125.5,2220736.133
5,150,3,125.6,3066730.85
5,150,3,125.7,2114986.793
5,150,3,125.8,3066730.85
5,150,3,125.9,2114986.793
5,150,3,126,2114986.793
5,150,3,126.1,2432234.812
5,150,3,126.2,1374741.415
5,150,3,126.3,2643733.491
5,150,3,126.4,3912725.567
5,150,3,126.5,2643733.491
5,150,3,126.6,1797738.774
5,150,3,126.7,2114986.793
5,150,3,126.8,1903488.114
5,150,3,126.9,3172480.189
5,150,3,127,2432234.812
5,150,3,127.1,3172480.189
5,150,3,127.2,2326485.472
5,150,3,127.3,2749482.831
5,150,3,127.4,4335722.926
5,150,3,127.5,2009237.453
5,150,3,127.6,2114986.793
5,150,3,127.7,1797738.774
5,150,3,127.8,2009237.453
5,150,3,127.9,2537984.152
5,150,3,128,1057493.396
5,150,3,128.1,2220736.133
5,150,3,128.2,3066730.85
5,150,3,128.3,3383978.869
5,150,3,128.4,2432234.812
5,150,3,128.5,2749482.831
5,150,3,128.6,2537984.152
5,150,3,128.7,2009237.453
5,150,3,128.8,1903488.114
5,150,3,128.9,1691989.434
5,150,3,129,2326485.472
5,150,3,129.1,2537984.152
5,150,3,129.2,2432234.812
5,150,3,129.3,2220736.133
5,150,3,129.4,2326485.472
5,150,3,129.5,2643733.491
5,150,3,129.6,2114986.793
5,150,3,129.7,2643733.491
5,150,3,129.8,1268992.076
5,150,3,129.9,2432234.812
5,150,3,130,2009237.453
5,150,3,130.1,2432234.812
5,150,3,130.2,2749482.831
5,150,3,130.3,2537984.152
5,150,3,130.4,2326485.472
5,150,3,130.5,2537984.152
5,150,3,130.6,2643733.491
5,150,3,130.7,2749482.831
5,150,3,130.8,3172480.189
5,150,3,130.9,3066730.85
5,150,3,131,1797738.774
5,150,3,131.1,2114986.793
5,150,3,131.2,3066730.85
5,150,3,131.3,2114986.793
5,150,3,131.4,3066730.85
5,150,3,131.5,2432234.812
5,150,3,131.6,1163242.736
5,150,3,131.7,2009237.453
5,150,3,131.8,2855232.171
5,150,3,131.9,1797738.774
5,150,3,132,3383978.869
5,150,3,132.1,2749482.831
5,150,3,132.2,2220736.133
5,150,3,132.3,2432234.812
5,150,3,132.4,2537984.152
5,150,3,132.5,1797738.774
5,150,3,132.6,2220736.133
5,150,3,132.7,2643733.491
5,150,3,132.8,2114986.793
5,150,3,132.9,1691989.434
5,150,3,133,2009237.453
5,150,3,133.1,2326485.472
5,150,3,133.2,2432234.812
5,150,3,133.3,2432234.812
5,150,3,133.4,2537984.152
5,150,3,133.5,2749482.831
5,150,3,133.6,1903488.114
5,150,3,133.7,2220736.133
5,150,3,133.8,2643733.491
5,150,3,133.9,3383978.869
5,150,3,134,1797738.774
5,150,3,134.1,2114986.793
5,150,3,134.2,1797738.774
5,150,3,134.3,845994.7172
5,150,3,134.4,1903488.114
5,150,3,134.5,1691989.434
5,150,3,134.6,2220736.133
5,150,3,134.7,2220736.133
5,150,3,134.8,1374741.415
5,150,3,134.9,1903488.114
5,150,3,135,1374741.415
5,150,3,135.1,1374741.415
5,150,3,135.2,2643733.491
5,150,3,135.3,2960981.51
5,150,3,135.4,1691989.434
5,150,3,135.5,2009237.453
5,150,3,135.6,2749482.831
5,150,3,135.7,1797738.774
5,150,3,135.8,2009237.453
5,150,3,135.9,2009237.453
5,150,3,136,2220736.133
5,150,3,136.1,2643733.491
5,150,3,136.2,1903488.114
5,150,3,136.3,1374741.415
5,150,3,136.4,2749482.831
5,150,3,136.5,2537984.152
5,150,3,136.6,2220736.133
5,150,3,136.7,1163242.736
5,150,3,136.8,1480490.755
5,150,3,136.9,1163242.736
5,150,3,137,3278229.529
5,150,3,137.1,2114986.793
5,150,3,137.2,2220736.133
5,150,3,137.3,1903488.114
5,150,3,137.4,2220736.133
5,150,3,137.5,1586240.095
5,150,3,137.6,2537984.152
5,150,3,137.7,1797738.774
5,150,3,137.8,2220736.133
5,150,3,137.9,1480490.755
5,150,3,138,1374741.415
5,150,3,138.1,1797738.774
5,150,3,138.2,2220736.133
5,150,3,138.3,2114986.793
5,150,3,138.4,1797738.774
5,150,3,138.5,1374741.415
5,150,3,138.6,1480490.755
5,150,3,138.7,1903488.114
5,150,3,138.8,1903488.114
5,150,3,138.9,951744.0568
5,150,3,139,1586240.095
5,150,3,139.1,2643733.491
5,150,3,139.2,2749482.831
5,150,3,139.3,1586240.095
5,150,3,139.4,1903488.114
5,150,3,139.5,1480490.755
5,150,3,139.6,1480490.755
5,150,3,139.7,1903488.114
5,150,3,139.8,1903488.114
5,150,3,139.9,2220736.133
5,150,3,140,2009237.453
5,150,3,140.1,1374741.415
5,150,3,140.2,2220736.133
5,150,3,140.3,1268992.076
5,150,3,140.4,1903488.114
5,150,3,140.5,1903488.114
5,150,3,140.6,2114986.793
5,150,3,140.7,1797738.774
5,150,3,140.8,1163242.736
5,150,3,140.9,1691989.434
5,150,3,141,1586240.095
5,150,3,141.1,1374741.415
5,150,3,141.2,1057493.396
5,150,3,141.3,1268992.076
5,150,3,141.4,1163242.736
5,150,3,141.5,1163242.736
5,150,3,141.6,1586240.095
5,150,3,141.7,1163242.736
5,150,3,141.8,1586240.095
5,150,3,141.9,1374741.415
5,150,3,142,1480490.755
5,150,3,142.1,1480490.755
5,150,3,142.2,1480490.755
5,150,3,142.3,1691989.434
5,150,3,142.4,1586240.095
5,150,3,142.5,740245.3775
5,150,3,142.6,1374741.415
5,150,3,142.7,1374741.415
5,150,3,142.8,1586240.095
5,150,3,142.9,2114986.793
5,150,3,143,1903488.114
5,150,3,143.1,1374741.415
5,150,3,143.2,1691989.434
5,150,3,143.3,1268992.076
5,150,3,143.4,1903488.114
5,150,3,143.5,528746.6982
5,150,3,143.6,2432234.812
5,150,3,143.7,1691989.434
5,150,3,143.8,951744.0568
5,150,3,143.9,2009237.453
5,150,3,144,845994.7172
5,150,3,144.1,845994.7172
5,150,3,144.2,1268992.076
5,150,3,144.3,1163242.736
5,150,3,144.4,2009237.453
5,150,3,144.5,1691989.434
5,150,3,144.6,1797738.774
5,150,3,144.7,1163242.736
5,150,3,144.8,634496.0379
5,150,3,144.9,1691989.434
5,150,3,145,634496.0379
5,150,3,145.1,845994.7172
5,150,3,145.2,1268992.076
5,150,3,145.3,422997.3586
5,150,3,145.4,845994.7172
5,150,3,145.5,740245.3775
5,150,3,145.6,1691989.434
5,150,3,145.7,951744.0568
5,150,3,145.8,1374741.415
5,150,3,145.9,1374741.415
5,150,3,146,1163242.736
5,150,3,146.1,1374741.415
5,150,3,146.2,1057493.396
5,150,3,146.3,634496.0379
5,150,3,146.4,528746.6982
5,150,3,146.5,1057493.396
5,150,3,146.6,740245.3775
5,150,3,146.7,1480490.755
5,150,3,146.8,1057493.396
5,150,3,146.9,634496.0379
5,150,3,147,1374741.415
5,150,3,147.1,634496.0379
5,150,3,147.2,1057493.396
5,150,3,147.3,634496.0379
5,150,3,147.4,951744.0568
5,150,3,147.5,845994.7172
5,150,3,147.6,317248.0189
5,150,3,147.7,740245.3775
5,150,3,147.8,740245.3775
5,150,3,147.9,634496.0379
5,150,3,148,951744.0568
5,150,3,148.1,740245.3775
5,150,3,148.2,317248.0189
5,150,3,148.3,317248.0189
5,150,3,148.4,740245.3775
5,150,3,148.5,634496.0379
5,150,3,148.6,422997.3586
5,150,3,148.7,740245.3775
5,150,3,148.8,422997.3586
5,150,3,148.9,528746.6982
5,150,3,149,317248.0189
5,150,3,149.1,634496.0379
5,150,3,149.2,422997.3586
5,150,3,149.3,317248.0189
5,150,3,149.4,317248.0189
5,150,3,149.5,528746.6982
5,150,3,149.6,528746.6982
5,150,3,149.8,211498.6793
5,150,3,149.9,105749.3396
5,40,5,4.8,60625.52854
5,40,5,4.9,242502.1141
5,40,5,5,242502.1141
5,40,5,5.1,181876.5856
5,40,5,5.2,424378.6998
5,40,5,5.3,666880.8139
5,40,5,5.4,303127.6427
5,40,5,5.5,606255.2854
5,40,5,5.6,788131.871
5,40,5,5.7,788131.871
5,40,5,5.8,788131.871
5,40,5,5.9,1394387.156
5,40,5,6,1697514.799
5,40,5,6.1,1576263.742
5,40,5,6.2,1697514.799
5,40,5,6.3,1515638.213
5,40,5,6.4,2667523.256
5,40,5,6.5,2910025.37
5,40,5,6.6,2910025.37
5,40,5,6.7,2970650.898
5,40,5,6.8,3516280.655
5,40,5,6.9,4001284.883
5,40,5,7,3940659.355
5,40,5,7.1,4789416.754
5,40,5,7.2,4850042.283
5,40,5,7.3,5335046.511
5,40,5,7.4,13701369.45
5,40,5,7.5,7032561.31
5,40,5,7.6,7093186.839
5,40,5,7.7,6426306.025
5,40,5,7.8,7396314.481
5,40,5,7.9,7699442.124
5,40,5,8,7638816.596
5,40,5,8.1,8305697.409
5,40,5,8.2,10427590.91
5,40,5,8.3,36011563.95
5,40,5,8.4,244260254.5
5,40,5,8.5,10548841.97
5,40,5,8.6,10245714.32
5,40,5,8.7,11518850.42
5,40,5,8.8,15035131.08
5,40,5,8.9,12852612.05
5,40,5,9,11033846.19
5,40,5,9.1,12852612.05
5,40,5,9.2,12306982.29
5,40,5,9.3,11518850.42
5,40,5,9.4,13216365.22
5,40,5,9.5,23098326.37
5,40,5,9.6,19945798.89
5,40,5,9.7,172419003.2
5,40,5,9.8,27038985.73
5,40,5,9.9,22673947.67
5,40,5,10,86088250.52
5,40,5,10.1,15520135.31
5,40,5,10.2,11943229.12
5,40,5,10.3,4850042.283
5,40,5,10.4,5274420.983
5,40,5,10.5,5213795.454
5,40,5,10.6,5516923.097
5,40,5,10.7,4304412.526
5,40,5,10.8,4668165.697
5,40,5,10.9,6001927.325
5,40,5,11,6001927.325
5,40,5,11.1,5395672.04
5,40,5,11.2,6486931.553
5,40,5,11.3,23219577.43
5,40,5,11.4,6729433.667
5,40,5,11.5,7214437.896
5,40,5,11.6,3758782.769
5,40,5,11.7,6547557.082
5,40,5,11.8,4304412.526
5,40,5,11.9,4304412.526
5,40,5,12,6244429.439
5,40,5,12.1,4061910.412
5,40,5,12.2,3698157.241
5,40,5,12.3,3395029.598
5,40,5,12.4,3273778.541
5,40,5,12.5,3940659.355
5,40,5,12.6,4607540.169
5,40,5,12.7,3758782.769
5,40,5,12.8,4425663.583
5,40,5,12.9,3576906.184
5,40,5,13,4486289.112
5,40,5,13.1,5213795.454
5,40,5,13.2,4850042.283
5,40,5,13.3,5395672.04
5,40,5,13.4,4304412.526
5,40,5,13.5,4546914.64
5,40,5,13.6,6668808.139
5,40,5,13.7,5941301.797
5,40,5,13.8,6608182.61
5,40,5,13.9,5335046.511
5,40,5,14,5395672.04
5,40,5,14.1,5335046.511
5,40,5,14.2,5274420.983
5,40,5,14.3,5274420.983
5,40,5,14.4,6305054.968
5,40,5,14.5,5759425.211
5,40,5,14.6,6365680.496
5,40,5,14.7,6547557.082
5,40,5,14.8,6001927.325
5,40,5,14.9,6365680.496
5,40,5,15,6608182.61
5,40,5,15.1,6183803.911
5,40,5,15.2,8002569.767
5,40,5,15.3,5880676.268
5,40,5,15.4,6183803.911
5,40,5,15.5,6608182.61
5,40,5,15.6,7214437.896
5,40,5,15.7,7153812.367
5,40,5,15.8,6850684.725
5,40,5,15.9,6062552.854
5,40,5,16,7820693.181
5,40,5,16.1,8123820.824
5,40,5,16.2,6305054.968
5,40,5,16.3,6971935.782
5,40,5,16.4,8305697.409
5,40,5,16.5,7941944.238
5,40,5,16.6,7335688.953
5,40,5,16.7,7820693.181
5,40,5,16.8,6729433.667
5,40,5,16.9,7760067.653
5,40,5,17,7941944.238
5,40,5,17.1,7941944.238
5,40,5,17.2,7456940.01
5,40,5,17.3,6911310.253
5,40,5,17.4,8669450.581
5,40,5,17.5,7578191.067
5,40,5,17.6,8790701.638
5,40,5,17.7,7820693.181
5,40,5,17.8,9275705.866
5,40,5,17.9,7638816.596
5,40,5,18,9154454.809
5,40,5,18.1,8002569.767
5,40,5,18.2,7396314.481
5,40,5,18.3,6911310.253
5,40,5,18.4,7699442.124
5,40,5,18.5,7638816.596
5,40,5,18.6,7517565.538
5,40,5,18.7,7214437.896
5,40,5,18.8,7517565.538
5,40,5,18.9,8669450.581
5,40,5,19,8366322.938
5,40,5,19.1,7638816.596
5,40,5,19.2,7456940.01
5,40,5,19.3,8002569.767
5,40,5,19.4,9700084.566
5,40,5,19.5,8063195.295
5,40,5,19.6,7335688.953
5,40,5,19.7,6729433.667
5,40,5,19.8,7820693.181
5,40,5,19.9,6790059.196
5,40,5,20,7153812.367
5,40,5,20.1,8548199.524
5,40,5,20.2,7517565.538
5,40,5,20.3,8548199.524
5,40,5,20.4,8851327.166
5,40,5,20.5,7275063.424
5,40,5,20.6,9093829.28
5,40,5,20.7,7638816.596
5,40,5,20.8,8608825.052
5,40,5,20.9,8184446.352
5,40,5,21,7335688.953
5,40,5,21.1,9336331.395
5,40,5,21.2,6971935.782
5,40,5,21.3,5880676.268
5,40,5,21.4,7456940.01
5,40,5,21.5,7456940.01
5,40,5,21.6,8002569.767
5,40,5,21.7,7638816.596
5,40,5,21.8,8245071.881
5,40,5,21.9,7820693.181
5,40,5,22,7941944.238
5,40,5,22.1,8426948.466
5,40,5,22.2,7275063.424
5,40,5,22.3,6608182.61
5,40,5,22.4,7153812.367
5,40,5,22.5,7093186.839
5,40,5,22.6,6911310.253
5,40,5,22.7,8063195.295
5,40,5,22.8,6123178.382
5,40,5,22.9,8305697.409
5,40,5,23,7396314.481
5,40,5,23.1,5880676.268
5,40,5,23.2,6850684.725
5,40,5,23.3,6426306.025
5,40,5,23.4,5941301.797
5,40,5,23.5,7275063.424
5,40,5,23.6,6365680.496
5,40,5,23.7,7396314.481
5,40,5,23.8,7214437.896
5,40,5,23.9,7275063.424
5,40,5,24,7760067.653
5,40,5,24.1,6850684.725
5,40,5,24.2,6790059.196
5,40,5,24.3,6426306.025
5,40,5,24.4,7456940.01
5,40,5,24.5,6608182.61
5,40,5,24.6,6850684.725
5,40,5,24.7,7093186.839
5,40,5,24.8,7760067.653
5,40,5,24.9,6547557.082
5,40,5,25,6365680.496
5,40,5,25.1,7335688.953
5,40,5,25.2,6911310.253
5,40,5,25.3,6911310.253
5,40,5,25.4,6062552.854
5,40,5,25.5,6729433.667
5,40,5,25.6,6729433.667
5,40,5,25.7,6365680.496
5,40,5,25.8,7456940.01
5,40,5,25.9,8123820.824
5,40,5,26,5395672.04
5,40,5,26.1,6062552.854
5,40,5,26.2,7153812.367
5,40,5,26.3,7820693.181
5,40,5,26.4,6426306.025
5,40,5,26.5,5698799.682
5,40,5,26.6,6123178.382
5,40,5,26.7,6001927.325
5,40,5,26.8,6608182.61
5,40,5,26.9,5638174.154
5,40,5,27,6183803.911
5,40,5,27.1,5880676.268
5,40,5,27.2,5880676.268
5,40,5,27.3,5335046.511
5,40,5,27.4,5153169.926
5,40,5,27.5,5820050.739
5,40,5,27.6,5213795.454
5,40,5,27.7,5516923.097
5,40,5,27.8,5274420.983
5,40,5,27.9,5577548.625
5,40,5,28,6426306.025
5,40,5,28.1,6426306.025
5,40,5,28.2,5577548.625
5,40,5,28.3,6123178.382
5,40,5,28.4,6062552.854
5,40,5,28.5,5092544.397
5,40,5,28.6,5092544.397
5,40,5,28.7,4971293.34
5,40,5,28.8,5092544.397
5,40,5,28.9,5456297.568
5,40,5,29,4546914.64
5,40,5,29.1,5274420.983
5,40,5,29.2,5820050.739
5,40,5,29.3,5759425.211
5,40,5,29.4,5031918.868
5,40,5,29.5,4668165.697
5,40,5,29.6,5153169.926
5,40,5,29.7,3940659.355
5,40,5,29.8,5092544.397
5,40,5,29.9,4728791.226
5,40,5,30,6365680.496
5,40,5,30.1,5335046.511
5,40,5,30.2,4607540.169
5,40,5,30.3,4183161.469
5,40,5,30.4,4728791.226
5,40,5,30.5,3940659.355
5,40,5,30.6,5153169.926
5,40,5,30.7,4183161.469
5,40,5,30.8,4061910.412
5,40,5,30.9,3698157.241
5,40,5,31,4243786.998
5,40,5,31.1,4425663.583
5,40,5,31.2,4243786.998
5,40,5,31.3,4728791.226
5,40,5,31.4,4122535.94
5,40,5,31.5,5456297.568
5,40,5,31.6,4728791.226
5,40,5,31.7,4365038.055
5,40,5,31.8,5092544.397
5,40,5,31.9,4728791.226
5,40,5,32,4122535.94
5,40,5,32.1,3819408.298
5,40,5,32.2,4122535.94
5,40,5,32.3,4546914.64
5,40,5,32.4,3637531.712
5,40,5,32.5,4183161.469
5,40,5,32.6,4183161.469
5,40,5,32.7,4001284.883
5,40,5,32.8,3819408.298
5,40,5,32.9,3576906.184
5,40,5,33,3576906.184
5,40,5,33.1,3516280.655
5,40,5,33.2,3880033.826
5,40,5,33.3,3213153.012
5,40,5,33.4,3819408.298
5,40,5,33.5,3698157.241
5,40,5,33.6,3455655.127
5,40,5,33.7,3455655.127
5,40,5,33.8,3455655.127
5,40,5,33.9,2910025.37
5,40,5,34,3516280.655
5,40,5,34.1,3880033.826
5,40,5,34.2,2485646.67
5,40,5,34.3,2849399.841
5,40,5,34.4,3637531.712
5,40,5,34.5,2667523.256
5,40,5,34.6,3031276.427
5,40,5,34.7,3516280.655
5,40,5,34.8,2728148.784
5,40,5,34.9,3031276.427
5,40,5,35,3273778.541
5,40,5,35.1,2182519.027
5,40,5,35.2,2546272.199
5,40,5,35.3,2000642.442
5,40,5,35.4,3213153.012
5,40,5,35.5,2667523.256
5,40,5,35.6,2121893.499
5,40,5,35.7,2667523.256
5,40,5,35.8,2788774.313
5,40,5,35.9,2243144.556
5,40,5,36,2667523.256
5,40,5,36.1,2546272.199
5,40,5,36.2,2667523.256
5,40,5,36.3,2182519.027
5,40,5,36.4,1697514.799
5,40,5,36.5,2910025.37
5,40,5,36.6,2303770.084
5,40,5,36.7,2788774.313
5,40,5,36.8,2061267.97
5,40,5,36.9,1758140.328
5,40,5,37,2182519.027
5,40,5,37.1,1879391.385
5,40,5,37.2,2121893.499
5,40,5,37.3,1333761.628
5,40,5,37.4,1636889.27
5,40,5,37.5,1576263.742
5,40,5,37.6,1940016.913
5,40,5,37.7,1576263.742
5,40,5,37.8,1758140.328
5,40,5,37.9,1879391.385
5,40,5,38,1394387.156
5,40,5,38.1,2182519.027
5,40,5,38.2,1091259.514
5,40,5,38.3,1636889.27
5,40,5,38.4,1333761.628
5,40,5,38.5,1212510.571
5,40,5,38.6,1394387.156
5,40,5,38.7,727506.3424
5,40,5,38.8,1697514.799
5,40,5,38.9,788131.871
5,40,5,39,1091259.514
5,40,5,39.1,727506.3424
5,40,5,39.2,1030633.985
5,40,5,39.3,909382.928
5,40,5,39.4,788131.871
5,40,5,39.5,848757.3995
5,40,5,39.6,788131.871
5,40,5,39.7,485004.2283
5,40,5,39.8,424378.6998
5,40,5,39.9,303127.6427
5,40,5,40,60625.52854
5,80,5,3.6,102884.2098
5,80,5,3.8,205768.4195
5,80,5,4,205768.4195
5,80,5,4.1,102884.2098
5,80,5,4.2,102884.2098
5,80,5,4.3,102884.2098
5,80,5,4.4,925957.8878
5,80,5,4.5,720189.4683
5,80,5,4.6,925957.8878
5,80,5,4.7,720189.4683
5,80,5,4.8,720189.4683
5,80,5,4.9,1131726.307
5,80,5,5,1954799.985
5,80,5,5.1,2366336.824
5,80,5,5.2,2160568.405
5,80,5,5.3,2983642.083
5,80,5,5.4,4835557.859
5,80,5,5.5,4115368.39
5,80,5,5.6,4218252.6
5,80,5,5.7,5761515.746
5,80,5,5.8,5452863.117
5,80,5,5.9,5247094.698
5,80,5,6,6996126.263
5,80,5,6.1,8848042.039
5,80,5,6.2,8539389.41
5,80,5,6.3,8745157.829
5,80,5,6.4,11934568.33
5,80,5,6.5,12963410.43
5,80,5,6.6,12551873.59
5,80,5,6.7,15432631.46
5,80,5,6.8,16873010.4
5,80,5,6.9,17078778.82
5,80,5,7,17078778.82
5,80,5,7.1,19136463.01
5,80,5,7.2,20473957.74
5,80,5,7.3,19547999.85
5,80,5,7.4,68006462.65
5,80,5,7.5,22017220.89
5,80,5,7.6,24589326.13
5,80,5,7.7,23663368.24
5,80,5,7.8,25823936.65
5,80,5,7.9,25926820.86
5,80,5,8,30762378.72
5,80,5,8.1,30350841.88
5,80,5,8.2,27264315.59
5,80,5,8.3,159470525.1
5,80,5,8.4,1095305297
5,80,5,8.5,34671978.69
5,80,5,8.6,33746020.8
5,80,5,8.7,33643136.59
5,80,5,8.8,52265178.56
5,80,5,8.9,33951789.22
5,80,5,9,36318126.04
5,80,5,9.1,36729662.88
5,80,5,9.2,36318126.04
5,80,5,9.3,40227726.01
5,80,5,9.4,38684462.87
5,80,5,9.5,84467936.21
5,80,5,9.6,60804567.97
5,80,5,9.7,763915257.4
5,80,5,9.8,101752483.4
5,80,5,9.9,77574694.16
5,80,5,10,348468818.4
5,80,5,10.1,47429620.7
5,80,5,10.2,43520020.73
5,80,5,10.3,18622041.97
5,80,5,10.4,18519157.76
5,80,5,10.5,20268189.32
5,80,5,10.6,18416273.55
5,80,5,10.7,19033578.8
5,80,5,10.8,19239347.22
5,80,5,10.9,23046062.99
5,80,5,11,20988378.79
5,80,5,11.1,21502799.84
5,80,5,11.2,23046062.99
5,80,5,11.3,111320715
5,80,5,11.4,24177789.29
5,80,5,11.5,22840294.57
5,80,5,11.6,24692210.34
5,80,5,11.7,26852778.75
5,80,5,11.8,17387431.45
5,80,5,11.9,16873010.4
5,80,5,12,18724926.18
5,80,5,12.1,15844168.3
5,80,5,12.2,12654757.8
5,80,5,12.3,14815326.2
5,80,5,12.4,15741284.09
5,80,5,12.5,15123978.83
5,80,5,12.6,16873010.4
5,80,5,12.7,18313389.34
5,80,5,12.8,18004736.71
5,80,5,12.9,16667241.98
5,80,5,13,15329747.25
5,80,5,13.1,14300905.16
5,80,5,13.2,15741284.09
5,80,5,13.3,17798968.29
5,80,5,13.4,19959536.69
5,80,5,13.5,19239347.22
5,80,5,13.6,18622041.97
5,80,5,13.7,18107620.92
5,80,5,13.8,18519157.76
5,80,5,13.9,18724926.18
5,80,5,14,19445115.64
5,80,5,14.1,21194147.21
5,80,5,14.2,20679726.16
5,80,5,14.3,19445115.64
5,80,5,14.4,25412399.81
5,80,5,14.5,20988378.79
5,80,5,14.6,17798968.29
5,80,5,14.7,22428757.73
5,80,5,14.8,20885494.58
5,80,5,14.9,21297031.42
5,80,5,15,20782610.37
5,80,5,15.1,22737410.36
5,80,5,15.2,23354715.61
5,80,5,15.3,22737410.36
5,80,5,15.4,22222989.31
5,80,5,15.5,24177789.29
5,80,5,15.6,22634526.15
5,80,5,15.7,23046062.99
5,80,5,15.8,21502799.84
5,80,5,15.9,22943178.78
5,80,5,16,25206631.39
5,80,5,16.1,23663368.24
5,80,5,16.2,21811452.47
5,80,5,16.3,23251831.4
5,80,5,16.4,22737410.36
5,80,5,16.5,25206631.39
5,80,5,16.6,21605684.05
5,80,5,16.7,23046062.99
5,80,5,16.8,23354715.61
5,80,5,16.9,24074905.08
5,80,5,17,26029705.07
5,80,5,17.1,22428757.73
5,80,5,17.2,25823936.65
5,80,5,17.3,23972020.87
5,80,5,17.4,26852778.75
5,80,5,17.5,22428757.73
5,80,5,17.6,23766252.45
5,80,5,17.7,25412399.81
5,80,5,17.8,27572968.21
5,80,5,17.9,25309515.6
5,80,5,18,23663368.24
5,80,5,18.1,26544126.12
5,80,5,18.2,24177789.29
5,80,5,18.3,24486441.92
5,80,5,18.4,24177789.29
5,80,5,18.5,25926820.86
5,80,5,18.6,23046062.99
5,80,5,18.7,26132589.28
5,80,5,18.8,24280673.5
5,80,5,18.9,26441241.91
5,80,5,19,23972020.87
5,80,5,19.1,25412399.81
5,80,5,19.2,25412399.81
5,80,5,19.3,22840294.57
5,80,5,19.4,26955662.96
5,80,5,19.5,25206631.39
5,80,5,19.6,23972020.87
5,80,5,19.7,28910462.94
5,80,5,19.8,23251831.4
5,80,5,19.9,23148947.2
5,80,5,20,23869136.66
5,80,5,20.1,23251831.4
5,80,5,20.2,25515284.02
5,80,5,20.3,27161431.38
5,80,5,20.4,25412399.81
5,80,5,20.5,24383557.71
5,80,5,20.6,25103747.18
5,80,5,20.7,25000862.97
5,80,5,20.8,25206631.39
5,80,5,20.9,25515284.02
5,80,5,21,25926820.86
5,80,5,21.1,20268189.32
5,80,5,21.2,24692210.34
5,80,5,21.3,24177789.29
5,80,5,21.4,28601810.31
5,80,5,21.5,23663368.24
5,80,5,21.6,26132589.28
5,80,5,21.7,26749894.54
5,80,5,21.8,27572968.21
5,80,5,21.9,26955662.96
5,80,5,22,27778736.63
5,80,5,22.1,25000862.97
5,80,5,22.2,22428757.73
5,80,5,22.3,25309515.6
5,80,5,22.4,20473957.74
5,80,5,22.5,24280673.5
5,80,5,22.6,22943178.78
5,80,5,22.7,23560484.03
5,80,5,22.8,23354715.61
5,80,5,22.9,21399915.63
5,80,5,23,23354715.61
5,80,5,23.1,23046062.99
5,80,5,23.2,23046062.99
5,80,5,23.3,24280673.5
5,80,5,23.4,24280673.5
5,80,5,23.5,23046062.99
5,80,5,23.6,23560484.03
5,80,5,23.7,25823936.65
5,80,5,23.8,21708568.26
5,80,5,23.9,22737410.36
5,80,5,24,24383557.71
5,80,5,24.1,21399915.63
5,80,5,24.2,23766252.45
5,80,5,24.3,21811452.47
5,80,5,24.4,22943178.78
5,80,5,24.5,24074905.08
5,80,5,24.6,23457599.82
5,80,5,24.7,22222989.31
5,80,5,24.8,20165305.11
5,80,5,24.9,21605684.05
5,80,5,25,23046062.99
5,80,5,25.1,21399915.63
5,80,5,25.2,24280673.5
5,80,5,25.3,23354715.61
5,80,5,25.4,19445115.64
5,80,5,25.5,23251831.4
5,80,5,25.6,20576841.95
5,80,5,25.7,20988378.79
5,80,5,25.8,22222989.31
5,80,5,25.9,21194147.21
5,80,5,26,20268189.32
5,80,5,26.1,22634526.15
5,80,5,26.2,20679726.16
5,80,5,26.3,21605684.05
5,80,5,26.4,18313389.34
5,80,5,26.5,22943178.78
5,80,5,26.6,21399915.63
5,80,5,26.7,22120105.1
5,80,5,26.8,20782610.37
5,80,5,26.9,23766252.45
5,80,5,27,23046062.99
5,80,5,27.1,19959536.69
5,80,5,27.2,18930694.6
5,80,5,27.3,20576841.95
5,80,5,27.4,20679726.16
5,80,5,27.5,23354715.61
5,80,5,27.6,19650884.06
5,80,5,27.7,18827810.39
5,80,5,27.8,22222989.31
5,80,5,27.9,21297031.42
5,80,5,28,18107620.92
5,80,5,28.1,19445115.64
5,80,5,28.2,19239347.22
5,80,5,28.3,18724926.18
5,80,5,28.4,19547999.85
5,80,5,28.5,20165305.11
5,80,5,28.6,22120105.1
5,80,5,28.7,18313389.34
5,80,5,28.8,21399915.63
5,80,5,28.9,16255705.14
5,80,5,29,20988378.79
5,80,5,29.1,19856652.48
5,80,5,29.2,20165305.11
5,80,5,29.3,21297031.42
5,80,5,29.4,17901852.5
5,80,5,29.5,20371073.53
5,80,5,29.6,20988378.79
5,80,5,29.7,20679726.16
5,80,5,29.8,18313389.34
5,80,5,29.9,18313389.34
5,80,5,30,19445115.64
5,80,5,30.1,18724926.18
5,80,5,30.2,20268189.32
5,80,5,30.3,18827810.39
5,80,5,30.4,18724926.18
5,80,5,30.5,16770126.19
5,80,5,30.6,18827810.39
5,80,5,30.7,16564357.77
5,80,5,30.8,21194147.21
5,80,5,30.9,19445115.64
5,80,5,31,17696084.08
5,80,5,31.1,19033578.8
5,80,5,31.2,20165305.11
5,80,5,31.3,18004736.71
5,80,5,31.4,18004736.71
5,80,5,31.5,18519157.76
5,80,5,31.6,18313389.34
5,80,5,31.7,18416273.55
5,80,5,31.8,18210505.13
5,80,5,31.9,16358589.35
5,80,5,32,17696084.08
5,80,5,32.1,19136463.01
5,80,5,32.2,15844168.3
5,80,5,32.3,18107620.92
5,80,5,32.4,18313389.34
5,80,5,32.5,17901852.5
5,80,5,32.6,17078778.82
5,80,5,32.7,15947052.51
5,80,5,32.8,16255705.14
5,80,5,32.9,15226863.04
5,80,5,33,16255705.14
5,80,5,33.1,17078778.82
5,80,5,33.2,16255705.14
5,80,5,33.3,18416273.55
5,80,5,33.4,16049936.72
5,80,5,33.5,17284547.24
5,80,5,33.6,14918210.41
5,80,5,33.7,14815326.2
5,80,5,33.8,16255705.14
5,80,5,33.9,15226863.04
5,80,5,34,16667241.98
5,80,5,34.1,15535515.67
5,80,5,34.2,15432631.46
5,80,5,34.3,16564357.77
5,80,5,34.4,14506673.58
5,80,5,34.5,16461473.56
5,80,5,34.6,16152820.93
5,80,5,34.7,16461473.56
5,80,5,34.8,14712442
5,80,5,34.9,14918210.41
5,80,5,35,15638399.88
5,80,5,35.1,14300905.16
5,80,5,35.2,15535515.67
5,80,5,35.3,14198020.95
5,80,5,35.4,16358589.35
5,80,5,35.5,15226863.04
5,80,5,35.6,13786484.11
5,80,5,35.7,13580715.69
5,80,5,35.8,13992252.53
5,80,5,35.9,16152820.93
5,80,5,36,14815326.2
5,80,5,36.1,13889368.32
5,80,5,36.2,16255705.14
5,80,5,36.3,15021094.62
5,80,5,36.4,14300905.16
5,80,5,36.5,12860526.22
5,80,5,36.6,14506673.58
5,80,5,36.7,13683599.9
5,80,5,36.8,15329747.25
5,80,5,36.9,14403789.37
5,80,5,37,14403789.37
5,80,5,37.1,14712442
5,80,5,37.2,12140336.75
5,80,5,37.3,13889368.32
5,80,5,37.4,13580715.69
5,80,5,37.5,12654757.8
5,80,5,37.6,13066294.64
5,80,5,37.7,13066294.64
5,80,5,37.8,15844168.3
5,80,5,37.9,15021094.62
5,80,5,38,11934568.33
5,80,5,38.1,14815326.2
5,80,5,38.2,13477831.48
5,80,5,38.3,12757642.01
5,80,5,38.4,13889368.32
5,80,5,38.5,14300905.16
5,80,5,38.6,13169178.85
5,80,5,38.7,13477831.48
5,80,5,38.8,15021094.62
5,80,5,38.9,14300905.16
5,80,5,39,11831684.12
5,80,5,39.1,12654757.8
5,80,5,39.2,12654757.8
5,80,5,39.3,12448989.38
5,80,5,39.4,12140336.75
5,80,5,39.5,12860526.22
5,80,5,39.6,11934568.33
5,80,5,39.7,10905726.23
5,80,5,39.8,15021094.62
5,80,5,39.9,12140336.75
5,80,5,40,12448989.38
5,80,5,40.1,13066294.64
5,80,5,40.2,13374947.27
5,80,5,40.3,12243220.96
5,80,5,40.4,10494189.4
5,80,5,40.5,11111494.65
5,80,5,40.6,11317263.07
5,80,5,40.7,12448989.38
5,80,5,40.8,12860526.22
5,80,5,40.9,12243220.96
5,80,5,41,14506673.58
5,80,5,41.1,11625915.7
5,80,5,41.2,11728799.91
5,80,5,41.3,11934568.33
5,80,5,41.4,11728799.91
5,80,5,41.5,12860526.22
5,80,5,41.6,10391305.19
5,80,5,41.7,13374947.27
5,80,5,41.8,12654757.8
5,80,5,41.9,11214378.86
5,80,5,42,10288420.98
5,80,5,42.1,11420147.28
5,80,5,42.2,10597073.6
5,80,5,42.3,11420147.28
5,80,5,42.4,12346105.17
5,80,5,42.5,11728799.91
5,80,5,42.6,10802842.02
5,80,5,42.7,9259578.878
5,80,5,42.8,11728799.91
5,80,5,42.9,10699957.81
5,80,5,43,13580715.69
5,80,5,43.1,13066294.64
5,80,5,43.2,11523031.49
5,80,5,43.3,11728799.91
5,80,5,43.4,13169178.85
5,80,5,43.5,9568231.507
5,80,5,43.6,10802842.02
5,80,5,43.7,10802842.02
5,80,5,43.8,13272063.06
5,80,5,43.9,9362463.088
5,80,5,44,11420147.28
5,80,5,44.1,11625915.7
5,80,5,44.2,11317263.07
5,80,5,44.3,9568231.507
5,80,5,44.4,9876884.137
5,80,5,44.5,10699957.81
5,80,5,44.6,9671115.717
5,80,5,44.7,10288420.98
5,80,5,44.8,11728799.91
5,80,5,44.9,8230736.781
5,80,5,45,10699957.81
5,80,5,45.1,12346105.17
5,80,5,45.2,9979768.346
5,80,5,45.3,11111494.65
5,80,5,45.4,9362463.088
5,80,5,45.5,11625915.7
5,80,5,45.6,10288420.98
5,80,5,45.7,11111494.65
5,80,5,45.8,10185536.77
5,80,5,45.9,9465347.298
5,80,5,46,9568231.507
5,80,5,46.1,8848042.039
5,80,5,46.2,8950926.249
5,80,5,46.3,12037452.54
5,80,5,46.4,9465347.298
5,80,5,46.5,7613431.522
5,80,5,46.6,9773999.927
5,80,5,46.7,9156694.668
5,80,5,46.8,10185536.77
5,80,5,46.9,9465347.298
5,80,5,47,9568231.507
5,80,5,47.1,11008610.44
5,80,5,47.2,9671115.717
5,80,5,47.3,11008610.44
5,80,5,47.4,8950926.249
5,80,5,47.5,9979768.346
5,80,5,47.6,9362463.088
5,80,5,47.7,8642273.62
5,80,5,47.8,9362463.088
5,80,5,47.9,10185536.77
5,80,5,48,9979768.346
5,80,5,48.1,9362463.088
5,80,5,48.2,8848042.039
5,80,5,48.3,9156694.668
5,80,5,48.4,10185536.77
5,80,5,48.5,9465347.298
5,80,5,48.6,9259578.878
5,80,5,48.7,9259578.878
5,80,5,48.8,9671115.717
5,80,5,48.9,9773999.927
5,80,5,49,9156694.668
5,80,5,49.1,9053810.459
5,80,5,49.2,11214378.86
5,80,5,49.3,9053810.459
5,80,5,49.4,8024968.361
5,80,5,49.5,11934568.33
5,80,5,49.6,8950926.249
5,80,5,49.7,7922084.151
5,80,5,49.8,9053810.459
5,80,5,49.9,9362463.088
5,80,5,50,9465347.298
5,80,5,50.1,8024968.361
5,80,5,50.2,6996126.263
5,80,5,50.3,7201894.683
5,80,5,50.4,9156694.668
5,80,5,50.5,6996126.263
5,80,5,50.6,7819199.942
5,80,5,50.7,8642273.62
5,80,5,50.8,8230736.781
5,80,5,50.9,6893242.054
5,80,5,51,7304778.893
5,80,5,51.1,7613431.522
5,80,5,51.2,6996126.263
5,80,5,51.3,8127852.571
5,80,5,51.4,7819199.942
5,80,5,51.5,7922084.151
5,80,5,51.6,8436505.2
5,80,5,51.7,7407663.102
5,80,5,51.8,8848042.039
5,80,5,51.9,8745157.829
5,80,5,52,8230736.781
5,80,5,52.1,7922084.151
5,80,5,52.2,6996126.263
5,80,5,52.3,8127852.571
5,80,5,52.4,7510547.312
5,80,5,52.5,8642273.62
5,80,5,52.6,8024968.361
5,80,5,52.7,7922084.151
5,80,5,52.8,7922084.151
5,80,5,52.9,6893242.054
5,80,5,53,7201894.683
5,80,5,53.1,5761515.746
5,80,5,53.2,7510547.312
5,80,5,53.3,8024968.361
5,80,5,53.4,5349978.907
5,80,5,53.5,5864399.956
5,80,5,53.6,6790357.844
5,80,5,53.7,7099010.473
5,80,5,53.8,7407663.102
5,80,5,53.9,7613431.522
5,80,5,54,8745157.829
5,80,5,54.1,6893242.054
5,80,5,54.2,7510547.312
5,80,5,54.3,7922084.151
5,80,5,54.4,5658631.537
5,80,5,54.5,7201894.683
5,80,5,54.6,6584589.424
5,80,5,54.7,7407663.102
5,80,5,54.8,7201894.683
5,80,5,54.9,5555747.327
5,80,5,55,6893242.054
5,80,5,55.1,6378821.005
5,80,5,55.2,6378821.005
5,80,5,55.3,8127852.571
5,80,5,55.4,6173052.585
5,80,5,55.5,5761515.746
5,80,5,55.6,6584589.424
5,80,5,55.7,5864399.956
5,80,5,55.8,6481705.215
5,80,5,55.9,5349978.907
5,80,5,56,5658631.537
5,80,5,56.1,6687473.634
5,80,5,56.2,6275936.795
5,80,5,56.3,6173052.585
5,80,5,56.4,7201894.683
5,80,5,56.5,5349978.907
5,80,5,56.6,7201894.683
5,80,5,56.7,6790357.844
5,80,5,56.8,5144210.488
5,80,5,56.9,5761515.746
5,80,5,57,7099010.473
5,80,5,57.1,6481705.215
5,80,5,57.2,6790357.844
5,80,5,57.3,5761515.746
5,80,5,57.4,6893242.054
5,80,5,57.5,6790357.844
5,80,5,57.6,6378821.005
5,80,5,57.7,4732673.649
5,80,5,57.8,5555747.327
5,80,5,57.9,6275936.795
5,80,5,58,5349978.907
5,80,5,58.1,10391305.19
5,80,5,58.2,6481705.215
5,80,5,58.3,5864399.956
5,80,5,58.4,4938442.068
5,80,5,58.5,5658631.537
5,80,5,58.6,4938442.068
5,80,5,58.7,6275936.795
5,80,5,58.8,6790357.844
5,80,5,58.9,5555747.327
5,80,5,59,5247094.698
5,80,5,59.1,5349978.907
5,80,5,59.2,6173052.585
5,80,5,59.3,5555747.327
5,80,5,59.4,4732673.649
5,80,5,59.5,16255705.14
5,80,5,59.6,4526905.229
5,80,5,59.7,5864399.956
5,80,5,59.8,3600947.341
5,80,5,59.9,5761515.746
5,80,5,60,5452863.117
5,80,5,60.1,3600947.341
5,80,5,60.2,5761515.746
5,80,5,60.3,3909599.971
5,80,5,60.4,4938442.068
5,80,5,60.5,5967284.166
5,80,5,60.6,5658631.537
5,80,5,60.7,6687473.634
5,80,5,60.8,5452863.117
5,80,5,60.9,5864399.956
5,80,5,61,5452863.117
5,80,5,61.1,6378821.005
5,80,5,61.2,4424021.02
5,80,5,61.3,5658631.537
5,80,5,61.4,5555747.327
5,80,5,61.5,5452863.117
5,80,5,61.6,5452863.117
5,80,5,61.7,5452863.117
5,80,5,61.8,5555747.327
5,80,5,61.9,5349978.907
5,80,5,62,4732673.649
5,80,5,62.1,4012484.181
5,80,5,62.2,5144210.488
5,80,5,62.3,4732673.649
5,80,5,62.4,5247094.698
5,80,5,62.5,6173052.585
5,80,5,62.6,5041326.278
5,80,5,62.7,3189410.502
5,80,5,62.8,5349978.907
5,80,5,62.9,5247094.698
5,80,5,63,4732673.649
5,80,5,63.1,4526905.229
5,80,5,63.2,4218252.6
5,80,5,63.3,3703831.551
5,80,5,63.4,3806715.761
5,80,5,63.5,5967284.166
5,80,5,63.6,3806715.761
5,80,5,63.7,4218252.6
5,80,5,63.8,4321136.81
5,80,5,63.9,4526905.229
5,80,5,64,4218252.6
5,80,5,64.1,4938442.068
5,80,5,64.2,3600947.341
5,80,5,64.3,4732673.649
5,80,5,64.4,5041326.278
5,80,5,64.5,4012484.181
5,80,5,64.6,4526905.229
5,80,5,64.7,3806715.761
5,80,5,64.8,4938442.068
5,80,5,64.9,4424021.02
5,80,5,65,4012484.181
5,80,5,65.1,3600947.341
5,80,5,65.2,3189410.502
5,80,5,65.3,5041326.278
5,80,5,65.4,4424021.02
5,80,5,65.5,4012484.181
5,80,5,65.6,4835557.859
5,80,5,65.7,4115368.39
5,80,5,65.8,4012484.181
5,80,5,65.9,4321136.81
5,80,5,66,3600947.341
5,80,5,66.1,3189410.502
5,80,5,66.2,4938442.068
5,80,5,66.3,4321136.81
5,80,5,66.4,3703831.551
5,80,5,66.5,5144210.488
5,80,5,66.6,4218252.6
5,80,5,66.7,2777873.663
5,80,5,66.8,4424021.02
5,80,5,66.9,3909599.971
5,80,5,67,3600947.341
5,80,5,67.1,5041326.278
5,80,5,67.2,3600947.341
5,80,5,67.3,3703831.551
5,80,5,67.4,6275936.795
5,80,5,67.5,3189410.502
5,80,5,67.6,3086526.293
5,80,5,67.7,3086526.293
5,80,5,67.8,3909599.971
5,80,5,67.9,3703831.551
5,80,5,68,3703831.551
5,80,5,68.1,3292294.712
5,80,5,68.2,3189410.502
5,80,5,68.3,2880757.873
5,80,5,68.4,2777873.663
5,80,5,68.5,3806715.761
5,80,5,68.6,3498063.132
5,80,5,68.7,3292294.712
5,80,5,68.8,2880757.873
5,80,5,68.9,3292294.712
5,80,5,69,2983642.083
5,80,5,69.1,2572105.244
5,80,5,69.2,2572105.244
5,80,5,69.3,3909599.971
5,80,5,69.4,3395178.922
5,80,5,69.5,2572105.244
5,80,5,69.6,2880757.873
5,80,5,69.7,3600947.341
5,80,5,69.8,3292294.712
5,80,5,69.9,2160568.405
5,80,5,70,1749031.566
5,80,5,70.1,2572105.244
5,80,5,70.2,2572105.244
5,80,5,70.3,3498063.132
5,80,5,70.4,2674989.454
5,80,5,70.5,3086526.293
5,80,5,70.6,2880757.873
5,80,5,70.7,2263452.615
5,80,5,70.8,2777873.663
5,80,5,70.9,2880757.873
5,80,5,71,3189410.502
5,80,5,71.1,3703831.551
5,80,5,71.2,1749031.566
5,80,5,71.3,1954799.985
5,80,5,71.4,2880757.873
5,80,5,71.5,2777873.663
5,80,5,71.6,2057684.195
5,80,5,71.7,2469221.034
5,80,5,71.8,2572105.244
5,80,5,71.9,2674989.454
5,80,5,72,1954799.985
5,80,5,72.1,2057684.195
5,80,5,72.2,2880757.873
5,80,5,72.3,3395178.922
5,80,5,72.4,2160568.405
5,80,5,72.5,2469221.034
5,80,5,72.6,2777873.663
5,80,5,72.7,1851915.776
5,80,5,72.8,2777873.663
5,80,5,72.9,2880757.873
5,80,5,73,2263452.615
5,80,5,73.1,2263452.615
5,80,5,73.2,2263452.615
5,80,5,73.3,2057684.195
5,80,5,73.4,2880757.873
5,80,5,73.5,2263452.615
5,80,5,73.6,1646147.356
5,80,5,73.7,1543263.146
5,80,5,73.8,1851915.776
5,80,5,73.9,1749031.566
5,80,5,74,2880757.873
5,80,5,74.1,1851915.776
5,80,5,74.2,2469221.034
5,80,5,74.3,2469221.034
5,80,5,74.4,1851915.776
5,80,5,74.5,1440378.937
5,80,5,74.6,1337494.727
5,80,5,74.7,1440378.937
5,80,5,74.8,1954799.985
5,80,5,74.9,1131726.307
5,80,5,75,1954799.985
5,80,5,75.1,1543263.146
5,80,5,75.2,1954799.985
5,80,5,75.3,1131726.307
5,80,5,75.4,1337494.727
5,80,5,75.5,1646147.356
5,80,5,75.6,1337494.727
5,80,5,75.7,1749031.566
5,80,5,75.8,2057684.195
5,80,5,75.9,1234610.517
5,80,5,76,1543263.146
5,80,5,76.1,925957.8878
5,80,5,76.2,1543263.146
5,80,5,76.3,1028842.098
5,80,5,76.4,1543263.146
5,80,5,76.5,1131726.307
5,80,5,76.6,1851915.776
5,80,5,76.7,1646147.356
5,80,5,76.8,1234610.517
5,80,5,76.9,1131726.307
5,80,5,77,1131726.307
5,80,5,77.1,1337494.727
5,80,5,77.2,1337494.727
5,80,5,77.3,2057684.195
5,80,5,77.4,1337494.727
5,80,5,77.5,1440378.937
5,80,5,77.6,925957.8878
5,80,5,77.7,411536.839
5,80,5,77.8,1131726.307
5,80,5,77.9,411536.839
5,80,5,78,411536.839
5,80,5,78.1,1337494.727
5,80,5,78.2,1131726.307
5,80,5,78.3,617305.2585
5,80,5,78.4,1028842.098
5,80,5,78.5,1028842.098
5,80,5,78.6,925957.8878
5,80,5,78.7,617305.2585
5,80,5,78.8,308652.6293
5,80,5,78.9,411536.839
5,80,5,79,720189.4683
5,80,5,79.1,617305.2585
5,80,5,79.2,617305.2585
5,80,5,79.3,411536.839
5,80,5,79.4,617305.2585
5,80,5,79.5,617305.2585
5,80,5,79.6,720189.4683
5,80,5,79.7,102884.2098
5,80,5,79.8,514421.0488
5,80,5,79.9,102884.2098
5,80,5,80,102884.2098
5,150,5,3.3,288075.7873
5,150,5,3.4,288075.7873
5,150,5,3.5,144037.8937
5,150,5,3.6,864227.362
5,150,5,3.7,1152303.149
5,150,5,3.8,1152303.149
5,150,5,3.9,2016530.511
5,150,5,4,1872492.618
5,150,5,4.1,3168833.661
5,150,5,4.2,2160568.405
5,150,5,4.3,2880757.873
5,150,5,4.4,4465174.703
5,150,5,4.5,3456909.448
5,150,5,4.6,5617477.853
5,150,5,4.7,7634008.364
5,150,5,4.8,7778046.258
5,150,5,4.9,7057856.789
5,150,5,5,8354197.832
5,150,5,5.1,11378993.6
5,150,5,5.2,11667069.39
5,150,5,5.3,12819372.54
5,150,5,5.4,14115713.58
5,150,5,5.5,14115713.58
5,150,5,5.6,18148774.6
5,150,5,5.7,20021267.22
5,150,5,5.8,21605684.05
5,150,5,5.9,25638745.07
5,150,5,6,23046062.99
5,150,5,6.1,21893759.84
5,150,5,6.2,25062593.5
5,150,5,6.3,29527768.2
5,150,5,6.4,30391995.56
5,150,5,6.5,33128715.54
5,150,5,6.6,35001208.16
5,150,5,6.7,36153511.31
5,150,5,6.8,36729662.88
5,150,5,6.9,37161776.56
5,150,5,7,40474648.12
5,150,5,7.1,41338875.48
5,150,5,7.2,48252694.38
5,150,5,7.3,47244429.12
5,150,5,7.4,146054424.2
5,150,5,7.5,52141717.5
5,150,5,7.6,45515974.4
5,150,5,7.7,52573831.19
5,150,5,7.8,54446323.8
5,150,5,7.9,52861906.97
5,150,5,8,53726134.33
5,150,5,8.1,61360142.7
5,150,5,8.2,54302285.91
5,150,5,8.3,312994342.9
5,150,5,8.4,2277239099
5,150,5,8.5,60783991.12
5,150,5,8.6,61504180.59
5,150,5,8.7,66977620.55
5,150,5,8.8,96937502.43
5,150,5,8.9,65537241.61
5,150,5,9,67265696.34
5,150,5,9.1,62224370.06
5,150,5,9.2,71586833.15
5,150,5,9.3,71298757.36
5,150,5,9.4,63952824.78
5,150,5,9.5,155416887.3
5,150,5,9.6,108028420.2
5,150,5,9.7,1504475799
5,150,5,9.8,188401564.9
5,150,5,9.9,141301173.7
5,150,5,10,660557780.3
5,150,5,10.1,78932765.73
5,150,5,10.2,87863115.13
5,150,5,10.3,44219633.35
5,150,5,10.4,45948088.08
5,150,5,10.5,45083860.72
5,150,5,10.6,50413262.78
5,150,5,10.7,41338875.48
5,150,5,10.8,46092125.97
5,150,5,10.9,42347140.74
5,150,5,11,50557300.67
5,150,5,11.1,44651747.03
5,150,5,11.2,46236163.86
5,150,5,11.3,251490162.3
5,150,5,11.4,47100391.23
5,150,5,11.5,46668277.55
5,150,5,11.6,53294020.65
5,150,5,11.7,54446323.8
5,150,5,11.8,40042534.44
5,150,5,11.9,36585624.99
5,150,5,12,44075595.46
5,150,5,12.1,34713132.37
5,150,5,12.2,34569094.48
5,150,5,12.3,36441587.1
5,150,5,12.4,31400260.82
5,150,5,12.5,36297549.2
5,150,5,12.6,35865435.52
5,150,5,12.7,40474648.12
5,150,5,12.8,34425056.58
5,150,5,12.9,39610420.76
5,150,5,13,40330610.22
5,150,5,13.1,39322344.97
5,150,5,13.2,35721397.63
5,150,5,13.3,34713132.37
5,150,5,13.4,38890231.29
5,150,5,13.5,39610420.76
5,150,5,13.6,39898496.54
5,150,5,13.7,41915027.05
5,150,5,13.8,38602155.5
5,150,5,13.9,39754458.65
5,150,5,14,37305814.46
5,150,5,14.1,41338875.48
5,150,5,14.2,39034269.18
5,150,5,14.3,40042534.44
5,150,5,14.4,42203102.84
5,150,5,14.5,40330610.22
5,150,5,14.6,46236163.86
5,150,5,14.7,46524239.65
5,150,5,14.8,41482913.37
5,150,5,14.9,41050799.69
5,150,5,15,41338875.48
5,150,5,15.1,45371936.5
5,150,5,15.2,41915027.05
5,150,5,15.3,37305814.46
5,150,5,15.4,41482913.37
5,150,5,15.5,41194837.59
5,150,5,15.6,39898496.54
5,150,5,15.7,39898496.54
5,150,5,15.8,44363671.25
5,150,5,15.9,42491178.63
5,150,5,16,44363671.25
5,150,5,16.1,41482913.37
5,150,5,16.2,44075595.46
5,150,5,16.3,40330610.22
5,150,5,16.4,39898496.54
5,150,5,16.5,39898496.54
5,150,5,16.6,42635216.52
5,150,5,16.7,41770989.16
5,150,5,16.8,47388467.01
5,150,5,16.9,42347140.74
5,150,5,17,50269224.89
5,150,5,17.1,41626951.27
5,150,5,17.2,44363671.25
5,150,5,17.3,46380201.76
5,150,5,17.4,49260959.63
5,150,5,17.5,40474648.12
5,150,5,17.6,43787519.67
5,150,5,17.7,49116921.74
5,150,5,17.8,43067330.2
5,150,5,17.9,43787519.67
5,150,5,18,40330610.22
5,150,5,18.1,39898496.54
5,150,5,18.2,38746193.39
5,150,5,18.3,42923292.31
5,150,5,18.4,43499443.89
5,150,5,18.5,45515974.4
5,150,5,18.6,45515974.4
5,150,5,18.7,43355405.99
5,150,5,18.8,40330610.22
5,150,5,18.9,40618686.01
5,150,5,19,42059064.95
5,150,5,19.1,39898496.54
5,150,5,19.2,41915027.05
5,150,5,19.3,42059064.95
5,150,5,19.4,49260959.63
5,150,5,19.5,43355405.99
5,150,5,19.6,42923292.31
5,150,5,19.7,42491178.63
5,150,5,19.8,42347140.74
5,150,5,19.9,42635216.52
5,150,5,20,40762723.91
5,150,5,20.1,40906761.8
5,150,5,20.2,42923292.31
5,150,5,20.3,38458117.61
5,150,5,20.4,41050799.69
5,150,5,20.5,43643481.78
5,150,5,20.6,41626951.27
5,150,5,20.7,41194837.59
5,150,5,20.8,41770989.16
5,150,5,20.9,42347140.74
5,150,5,21,40906761.8
5,150,5,21.1,47532504.91
5,150,5,21.2,40330610.22
5,150,5,21.3,40186572.33
5,150,5,21.4,37593890.25
5,150,5,21.5,41338875.48
5,150,5,21.6,37881966.03
5,150,5,21.7,45227898.61
5,150,5,21.8,35721397.63
5,150,5,21.9,41338875.48
5,150,5,22,40762723.91
5,150,5,22.1,39322344.97
5,150,5,22.2,40330610.22
5,150,5,22.3,40474648.12
5,150,5,22.4,42347140.74
5,150,5,22.5,36585624.99
5,150,5,22.6,37737928.14
5,150,5,22.7,38746193.39
5,150,5,22.8,37017738.67
5,150,5,22.9,36009473.41
5,150,5,23,38170041.82
5,150,5,23.1,42203102.84
5,150,5,23.2,38602155.5
5,150,5,23.3,37017738.67
5,150,5,23.4,38026003.93
5,150,5,23.5,37881966.03
5,150,5,23.6,39898496.54
5,150,5,23.7,39466382.86
5,150,5,23.8,38314079.71
5,150,5,23.9,39754458.65
5,150,5,24,35001208.16
5,150,5,24.1,38458117.61
5,150,5,24.2,33416791.33
5,150,5,24.3,33560829.22
5,150,5,24.4,38746193.39
5,150,5,24.5,36729662.88
5,150,5,24.6,38314079.71
5,150,5,24.7,34857170.27
5,150,5,24.8,36873700.78
5,150,5,24.9,36729662.88
5,150,5,25,38170041.82
5,150,5,25.1,36585624.99
5,150,5,25.2,35001208.16
5,150,5,25.3,36441587.1
5,150,5,25.4,40186572.33
5,150,5,25.5,37017738.67
5,150,5,25.6,34425056.58
5,150,5,25.7,38026003.93
5,150,5,25.8,36585624.99
5,150,5,25.9,36153511.31
5,150,5,26,38314079.71
5,150,5,26.1,32552563.97
5,150,5,26.2,36873700.78
5,150,5,26.3,35433321.84
5,150,5,26.4,34713132.37
5,150,5,26.5,35721397.63
5,150,5,26.6,41194837.59
5,150,5,26.7,32264488.18
5,150,5,26.8,41915027.05
5,150,5,26.9,35145246.05
5,150,5,27,32984677.65
5,150,5,27.1,37881966.03
5,150,5,27.2,33128715.54
5,150,5,27.3,36153511.31
5,150,5,27.4,34713132.37
5,150,5,27.5,34425056.58
5,150,5,27.6,36153511.31
5,150,5,27.7,30247957.67
5,150,5,27.8,41050799.69
5,150,5,27.9,34136980.8
5,150,5,28,30968147.14
5,150,5,28.1,34281018.69
5,150,5,28.2,32984677.65
5,150,5,28.3,33992942.9
5,150,5,28.4,32840639.75
5,150,5,28.5,34281018.69
5,150,5,28.6,27655275.58
5,150,5,28.7,34136980.8
5,150,5,28.8,33704867.12
5,150,5,28.9,30536033.46
5,150,5,29,32264488.18
5,150,5,29.1,33704867.12
5,150,5,29.2,34569094.48
5,150,5,29.3,34569094.48
5,150,5,29.4,31976412.39
5,150,5,29.5,34281018.69
5,150,5,29.6,33560829.22
5,150,5,29.7,32408526.07
5,150,5,29.8,31256222.92
5,150,5,29.9,36729662.88
5,150,5,30,32264488.18
5,150,5,30.1,34281018.69
5,150,5,30.2,31112185.03
5,150,5,30.3,31256222.92
5,150,5,30.4,32264488.18
5,150,5,30.5,29815843.99
5,150,5,30.6,30536033.46
5,150,5,30.7,27655275.58
5,150,5,30.8,29239692.41
5,150,5,30.9,29527768.2
5,150,5,31,30968147.14
5,150,5,31.1,30247957.67
5,150,5,31.2,29671806.09
5,150,5,31.3,27655275.58
5,150,5,31.4,28519502.94
5,150,5,31.5,29527768.2
5,150,5,31.6,24918555.6
5,150,5,31.7,33416791.33
5,150,5,31.8,25638745.07
5,150,5,31.9,28663540.84
5,150,5,32,30824109.24
5,150,5,32.1,28951616.63
5,150,5,32.2,30103919.77
5,150,5,32.3,28663540.84
5,150,5,32.4,27079124.01
5,150,5,32.5,31400260.82
5,150,5,32.6,28519502.94
5,150,5,32.7,29095654.52
5,150,5,32.8,26502972.43
5,150,5,32.9,26647010.33
5,150,5,33,27079124.01
5,150,5,33.1,28375465.05
5,150,5,33.2,25206631.39
5,150,5,33.3,30680071.35
5,150,5,33.4,31400260.82
5,150,5,33.5,29671806.09
5,150,5,33.6,28663540.84
5,150,5,33.7,29527768.2
5,150,5,33.8,27511237.69
5,150,5,33.9,26070858.75
5,150,5,34,24918555.6
5,150,5,34.1,28807578.73
5,150,5,34.2,30391995.56
5,150,5,34.3,26502972.43
5,150,5,34.4,25782782.97
5,150,5,34.5,30968147.14
5,150,5,34.6,26647010.33
5,150,5,34.7,25782782.97
5,150,5,34.8,27799313.48
5,150,5,34.9,24918555.6
5,150,5,35,27943351.37
5,150,5,35.1,27223161.9
5,150,5,35.2,24630479.82
5,150,5,35.3,24342404.03
5,150,5,35.4,28087389.26
5,150,5,35.5,26358934.54
5,150,5,35.6,25062593.5
5,150,5,35.7,29671806.09
5,150,5,35.8,26214896.65
5,150,5,35.9,26214896.65
5,150,5,36,24630479.82
5,150,5,36.1,25638745.07
5,150,5,36.2,28375465.05
5,150,5,36.3,25926820.86
5,150,5,36.4,21893759.84
5,150,5,36.5,26358934.54
5,150,5,36.6,24774517.71
5,150,5,36.7,24774517.71
5,150,5,36.8,25494707.18
5,150,5,36.9,29815843.99
5,150,5,37,25494707.18
5,150,5,37.1,28375465.05
5,150,5,37.2,26214896.65
5,150,5,37.3,21605684.05
5,150,5,37.4,26214896.65
5,150,5,37.5,26791048.22
5,150,5,37.6,23478176.67
5,150,5,37.7,26502972.43
5,150,5,37.8,28519502.94
5,150,5,37.9,25062593.5
5,150,5,38,24486441.92
5,150,5,38.1,20453380.9
5,150,5,38.2,23046062.99
5,150,5,38.3,27655275.58
5,150,5,38.4,25926820.86
5,150,5,38.5,23766252.45
5,150,5,38.6,20741456.69
5,150,5,38.7,28087389.26
5,150,5,38.8,23766252.45
5,150,5,38.9,22469911.41
5,150,5,39,23190100.88
5,150,5,39.1,23622214.56
5,150,5,39.2,23622214.56
5,150,5,39.3,21605684.05
5,150,5,39.4,23910290.35
5,150,5,39.5,20597418.79
5,150,5,39.6,22181835.62
5,150,5,39.7,21893759.84
5,150,5,39.8,26791048.22
5,150,5,39.9,23766252.45
5,150,5,40,24198366.13
5,150,5,40.1,23046062.99
5,150,5,40.2,20741456.69
5,150,5,40.3,20885494.58
5,150,5,40.4,22613949.3
5,150,5,40.5,21461646.16
5,150,5,40.6,22325873.52
5,150,5,40.7,21749721.94
5,150,5,40.8,22613949.3
5,150,5,40.9,22757987.2
5,150,5,41,17716660.92
5,150,5,41.1,22181835.62
5,150,5,41.2,21317608.26
5,150,5,41.3,24198366.13
5,150,5,41.4,21605684.05
5,150,5,41.5,22902025.09
5,150,5,41.6,22037797.73
5,150,5,41.7,24774517.71
5,150,5,41.8,23190100.88
5,150,5,41.9,21317608.26
5,150,5,42,21605684.05
5,150,5,42.1,19445115.64
5,150,5,42.2,21173570.37
5,150,5,42.3,20597418.79
5,150,5,42.4,22757987.2
5,150,5,42.5,21461646.16
5,150,5,42.6,18724926.18
5,150,5,42.7,18868964.07
5,150,5,42.8,22037797.73
5,150,5,42.9,21749721.94
5,150,5,43,22613949.3
5,150,5,43.1,21173570.37
5,150,5,43.2,21893759.84
5,150,5,43.3,19301077.75
5,150,5,43.4,17572623.03
5,150,5,43.5,22469911.41
5,150,5,43.6,17860698.81
5,150,5,43.7,22902025.09
5,150,5,43.8,19877229.32
5,150,5,43.9,20165305.11
5,150,5,44,20453380.9
5,150,5,44.1,20741456.69
5,150,5,44.2,21461646.16
5,150,5,44.3,20453380.9
5,150,5,44.4,22613949.3
5,150,5,44.5,18868964.07
5,150,5,44.6,16852433.56
5,150,5,44.7,21749721.94
5,150,5,44.8,18148774.6
5,150,5,44.9,19877229.32
5,150,5,45,21893759.84
5,150,5,45.1,17716660.92
5,150,5,45.2,18724926.18
5,150,5,45.3,19013001.96
5,150,5,45.4,18724926.18
5,150,5,45.5,20165305.11
5,150,5,45.6,18292812.49
5,150,5,45.7,20453380.9
5,150,5,45.8,18292812.49
5,150,5,45.9,19589153.54
5,150,5,46,18724926.18
5,150,5,46.1,19301077.75
5,150,5,46.2,20597418.79
5,150,5,46.3,18868964.07
5,150,5,46.4,19877229.32
5,150,5,46.5,16708395.66
5,150,5,46.6,19445115.64
5,150,5,46.7,16996471.45
5,150,5,46.8,21317608.26
5,150,5,46.9,18292812.49
5,150,5,47,18436850.39
5,150,5,47.1,17716660.92
5,150,5,47.2,16420319.88
5,150,5,47.3,20741456.69
5,150,5,47.4,21173570.37
5,150,5,47.5,19013001.96
5,150,5,47.6,16564357.77
5,150,5,47.7,17428585.13
5,150,5,47.8,18004736.71
5,150,5,47.9,16996471.45
5,150,5,48,20165305.11
5,150,5,48.1,17716660.92
5,150,5,48.2,18148774.6
5,150,5,48.3,17716660.92
5,150,5,48.4,18004736.71
5,150,5,48.5,20453380.9
5,150,5,48.6,17284547.24
5,150,5,48.7,16564357.77
5,150,5,48.8,16996471.45
5,150,5,48.9,17572623.03
5,150,5,49,18004736.71
5,150,5,49.1,17572623.03
5,150,5,49.2,14259751.47
5,150,5,49.3,18724926.18
5,150,5,49.4,17572623.03
5,150,5,49.5,19157039.86
5,150,5,49.6,16564357.77
5,150,5,49.7,16852433.56
5,150,5,49.8,18868964.07
5,150,5,49.9,15844168.3
5,150,5,50,16708395.66
5,150,5,50.1,20885494.58
5,150,5,50.2,19445115.64
5,150,5,50.3,16996471.45
5,150,5,50.4,15700130.41
5,150,5,50.5,18292812.49
5,150,5,50.6,17860698.81
5,150,5,50.7,18004736.71
5,150,5,50.8,20021267.22
5,150,5,50.9,18436850.39
5,150,5,51,15700130.41
5,150,5,51.1,15556092.52
5,150,5,51.2,16132244.09
5,150,5,51.3,16708395.66
5,150,5,51.4,16708395.66
5,150,5,51.5,16276281.98
5,150,5,51.6,16996471.45
5,150,5,51.7,19589153.54
5,150,5,51.8,15844168.3
5,150,5,51.9,13827637.79
5,150,5,52,16420319.88
5,150,5,52.1,15700130.41
5,150,5,52.2,15700130.41
5,150,5,52.3,17716660.92
5,150,5,52.4,20453380.9
5,150,5,52.5,15123978.83
5,150,5,52.6,16276281.98
5,150,5,52.7,13395524.11
5,150,5,52.8,16996471.45
5,150,5,52.9,14403789.37
5,150,5,53,15412054.62
5,150,5,53.1,18292812.49
5,150,5,53.2,16420319.88
5,150,5,53.3,16564357.77
5,150,5,53.4,17140509.35
5,150,5,53.5,16132244.09
5,150,5,53.6,17428585.13
5,150,5,53.7,13827637.79
5,150,5,53.8,12531296.75
5,150,5,53.9,11955145.17
5,150,5,54,15268016.73
5,150,5,54.1,15988206.2
5,150,5,54.2,15268016.73
5,150,5,54.3,15268016.73
5,150,5,54.4,18004736.71
5,150,5,54.5,14547827.26
5,150,5,54.6,14691865.15
5,150,5,54.7,14979940.94
5,150,5,54.8,15412054.62
5,150,5,54.9,15268016.73
5,150,5,55,16276281.98
5,150,5,55.1,18868964.07
5,150,5,55.2,15556092.52
5,150,5,55.3,14259751.47
5,150,5,55.4,13539562
5,150,5,55.5,18580888.28
5,150,5,55.6,15268016.73
5,150,5,55.7,12675334.64
5,150,5,55.8,14403789.37
5,150,5,55.9,16132244.09
5,150,5,56,14547827.26
5,150,5,56.1,14547827.26
5,150,5,56.2,12675334.64
5,150,5,56.3,14547827.26
5,150,5,56.4,14259751.47
5,150,5,56.5,16132244.09
5,150,5,56.6,13827637.79
5,150,5,56.7,13827637.79
5,150,5,56.8,16276281.98
5,150,5,56.9,14547827.26
5,150,5,57,12387258.85
5,150,5,57.1,13683599.9
5,150,5,57.2,12675334.64
5,150,5,57.3,15268016.73
5,150,5,57.4,15412054.62
5,150,5,57.5,13395524.11
5,150,5,57.6,12531296.75
5,150,5,57.7,13539562
5,150,5,57.8,13395524.11
5,150,5,57.9,13395524.11
5,150,5,58,12819372.54
5,150,5,58.1,147782878.9
5,150,5,58.2,14403789.37
5,150,5,58.3,15123978.83
5,150,5,58.4,12243220.96
5,150,5,58.5,16276281.98
5,150,5,58.6,13971675.68
5,150,5,58.7,12963410.43
5,150,5,58.8,12387258.85
5,150,5,58.9,12531296.75
5,150,5,59,14115713.58
5,150,5,59.1,13971675.68
5,150,5,59.2,15412054.62
5,150,5,59.3,14115713.58
5,150,5,59.4,15412054.62
5,150,5,59.5,251346124.4
5,150,5,59.6,14259751.47
5,150,5,59.7,9938614.662
5,150,5,59.8,12099183.07
5,150,5,59.9,11955145.17
5,150,5,60,12099183.07
5,150,5,60.1,11234955.71
5,150,5,60.2,12675334.64
5,150,5,60.3,15556092.52
5,150,5,60.4,13539562
5,150,5,60.5,15844168.3
5,150,5,60.6,12675334.64
5,150,5,60.7,15700130.41
5,150,5,60.8,14259751.47
5,150,5,60.9,9938614.662
5,150,5,61,12675334.64
5,150,5,61.1,15123978.83
5,150,5,61.2,14259751.47
5,150,5,61.3,13539562
5,150,5,61.4,11234955.71
5,150,5,61.5,12531296.75
5,150,5,61.6,11234955.71
5,150,5,61.7,12531296.75
5,150,5,61.8,14115713.58
5,150,5,61.9,13107448.32
5,150,5,62,15123978.83
5,150,5,62.1,13107448.32
5,150,5,62.2,10082652.56
5,150,5,62.3,11811107.28
5,150,5,62.4,13251486.22
5,150,5,62.5,12675334.64
5,150,5,62.6,10658804.13
5,150,5,62.7,12819372.54
5,150,5,62.8,13827637.79
5,150,5,62.9,13827637.79
5,150,5,63,12819372.54
5,150,5,63.1,11955145.17
5,150,5,63.2,10514766.24
5,150,5,63.3,10802842.02
5,150,5,63.4,14115713.58
5,150,5,63.5,12531296.75
5,150,5,63.6,12531296.75
5,150,5,63.7,13539562
5,150,5,63.8,10370728.34
5,150,5,63.9,13683599.9
5,150,5,64,11955145.17
5,150,5,64.1,13971675.68
5,150,5,64.2,11667069.39
5,150,5,64.3,10802842.02
5,150,5,64.4,11090917.81
5,150,5,64.5,10802842.02
5,150,5,64.6,12675334.64
5,150,5,64.7,11378993.6
5,150,5,64.8,9794576.769
5,150,5,64.9,11523031.49
5,150,5,65,13683599.9
5,150,5,65.1,8786311.513
5,150,5,65.2,11811107.28
5,150,5,65.3,11811107.28
5,150,5,65.4,13395524.11
5,150,5,65.5,13971675.68
5,150,5,65.6,13971675.68
5,150,5,65.7,15412054.62
5,150,5,65.8,12387258.85
5,150,5,65.9,11811107.28
5,150,5,66,11955145.17
5,150,5,66.1,11811107.28
5,150,5,66.2,10226690.45
5,150,5,66.3,11378993.6
5,150,5,66.4,11090917.81
5,150,5,66.5,10946879.92
5,150,5,66.6,12387258.85
5,150,5,66.7,12387258.85
5,150,5,66.8,12243220.96
5,150,5,66.9,11378993.6
5,150,5,67,10802842.02
5,150,5,67.1,36873700.78
5,150,5,67.2,14547827.26
5,150,5,67.3,10370728.34
5,150,5,67.4,65393203.72
5,150,5,67.5,10802842.02
5,150,5,67.6,10082652.56
5,150,5,67.7,10658804.13
5,150,5,67.8,11090917.81
5,150,5,67.9,11234955.71
5,150,5,68,10370728.34
5,150,5,68.1,12963410.43
5,150,5,68.2,11234955.71
5,150,5,68.3,11811107.28
5,150,5,68.4,9650538.875
5,150,5,68.5,8642273.62
5,150,5,68.6,12963410.43
5,150,5,68.7,11234955.71
5,150,5,68.8,12675334.64
5,150,5,68.9,11090917.81
5,150,5,69,10226690.45
5,150,5,69.1,11234955.71
5,150,5,69.2,15844168.3
5,150,5,69.3,21749721.94
5,150,5,69.4,11667069.39
5,150,5,69.5,11811107.28
5,150,5,69.6,10514766.24
5,150,5,69.7,9506500.982
5,150,5,69.8,8642273.62
5,150,5,69.9,8066122.045
5,150,5,70,10370728.34
5,150,5,70.1,11378993.6
5,150,5,70.2,9650538.875
5,150,5,70.3,11090917.81
5,150,5,70.4,9506500.982
5,150,5,70.5,8930349.407
5,150,5,70.6,9794576.769
5,150,5,70.7,8498235.726
5,150,5,70.8,8498235.726
5,150,5,70.9,12819372.54
5,150,5,71,9938614.662
5,150,5,71.1,12099183.07
5,150,5,71.2,10226690.45
5,150,5,71.3,8786311.513
5,150,5,71.4,11667069.39
5,150,5,71.5,11234955.71
5,150,5,71.6,8642273.62
5,150,5,71.7,9074387.301
5,150,5,71.8,11378993.6
5,150,5,71.9,9650538.875
5,150,5,72,8642273.62
5,150,5,72.1,10370728.34
5,150,5,72.2,9074387.301
5,150,5,72.3,9794576.769
5,150,5,72.4,12387258.85
5,150,5,72.5,7489970.47
5,150,5,72.6,8354197.832
5,150,5,72.7,11523031.49
5,150,5,72.8,8930349.407
5,150,5,72.9,8210159.939
5,150,5,73,7634008.364
5,150,5,73.1,9794576.769
5,150,5,73.2,10658804.13
5,150,5,73.3,8930349.407
5,150,5,73.4,9218425.194
5,150,5,73.5,9362463.088
5,150,5,73.6,7922084.151
5,150,5,73.7,6481705.215
5,150,5,73.8,7489970.47
5,150,5,73.9,9074387.301
5,150,5,74,8498235.726
5,150,5,74.1,8354197.832
5,150,5,74.2,7634008.364
5,150,5,74.3,9362463.088
5,150,5,74.4,11523031.49
5,150,5,74.5,9650538.875
5,150,5,74.6,9506500.982
5,150,5,74.7,8354197.832
5,150,5,74.8,8498235.726
5,150,5,74.9,9362463.088
5,150,5,75,9794576.769
5,150,5,75.1,8930349.407
5,150,5,75.2,8930349.407
5,150,5,75.3,9218425.194
5,150,5,75.4,8642273.62
5,150,5,75.5,7778046.258
5,150,5,75.6,8498235.726
5,150,5,75.7,9506500.982
5,150,5,75.8,8498235.726
5,150,5,75.9,9650538.875
5,150,5,76,9218425.194
5,150,5,76.1,8786311.513
5,150,5,76.2,9506500.982
5,150,5,76.3,8210159.939
5,150,5,76.4,8642273.62
5,150,5,76.5,8642273.62
5,150,5,76.6,8930349.407
5,150,5,76.7,7057856.789
5,150,5,76.8,9074387.301
5,150,5,76.9,7057856.789
5,150,5,77,9362463.088
5,150,5,77.1,9218425.194
5,150,5,77.2,9506500.982
5,150,5,77.3,10658804.13
5,150,5,77.4,7057856.789
5,150,5,77.5,9362463.088
5,150,5,77.6,10658804.13
5,150,5,77.7,7922084.151
5,150,5,77.8,7634008.364
5,150,5,77.9,7345932.577
5,150,5,78,9506500.982
5,150,5,78.1,7201894.683
5,150,5,78.2,8786311.513
5,150,5,78.3,9650538.875
5,150,5,78.4,5761515.746
5,150,5,78.5,8642273.62
5,150,5,78.6,9362463.088
5,150,5,78.7,7778046.258
5,150,5,78.8,7634008.364
5,150,5,78.9,7345932.577
5,150,5,79,9362463.088
5,150,5,79.1,8354197.832
5,150,5,79.2,8498235.726
5,150,5,79.3,7634008.364
5,150,5,79.4,8498235.726
5,150,5,79.5,8642273.62
5,150,5,79.6,8930349.407
5,150,5,79.7,7345932.577
5,150,5,79.8,9074387.301
5,150,5,79.9,9218425.194
5,150,5,80,6049591.534
5,150,5,80.1,10514766.24
5,150,5,80.2,9218425.194
5,150,5,80.3,6337667.321
5,150,5,80.4,8930349.407
5,150,5,80.5,8930349.407
5,150,5,80.6,9074387.301
5,150,5,80.7,7634008.364
5,150,5,80.8,6913818.896
5,150,5,80.9,8066122.045
5,150,5,81,8786311.513
5,150,5,81.1,4897288.384
5,150,5,81.2,7922084.151
5,150,5,81.3,6337667.321
5,150,5,81.4,7345932.577
5,150,5,81.5,8642273.62
5,150,5,81.6,7345932.577
5,150,5,81.7,6481705.215
5,150,5,81.8,8930349.407
5,150,5,81.9,9362463.088
5,150,5,82,4609212.597
5,150,5,82.1,8642273.62
5,150,5,82.2,9074387.301
5,150,5,82.3,7634008.364
5,150,5,82.4,7634008.364
5,150,5,82.5,6625743.108
5,150,5,82.6,8354197.832
5,150,5,82.7,7057856.789
5,150,5,82.8,7489970.47
5,150,5,82.9,7057856.789
5,150,5,83,9650538.875
5,150,5,83.1,6769781.002
5,150,5,83.2,6913818.896
5,150,5,83.3,7345932.577
5,150,5,83.4,7778046.258
5,150,5,83.5,7201894.683
5,150,5,83.6,7057856.789
5,150,5,83.7,7201894.683
5,150,5,83.8,8066122.045
5,150,5,83.9,6913818.896
5,150,5,84,7489970.47
5,150,5,84.1,9650538.875
5,150,5,84.2,6913818.896
5,150,5,84.3,7922084.151
5,150,5,84.4,4897288.384
5,150,5,84.5,6913818.896
5,150,5,84.6,7922084.151
5,150,5,84.7,7489970.47
5,150,5,84.8,6625743.108
5,150,5,84.9,7201894.683
5,150,5,85,7057856.789
5,150,5,85.1,7057856.789
5,150,5,85.2,7201894.683
5,150,5,85.3,6625743.108
5,150,5,85.4,6913818.896
5,150,5,85.5,6913818.896
5,150,5,85.6,7489970.47
5,150,5,85.7,7345932.577
5,150,5,85.8,6625743.108
5,150,5,85.9,6337667.321
5,150,5,86,6193629.427
5,150,5,86.1,7345932.577
5,150,5,86.2,6193629.427
5,150,5,86.3,7057856.789
5,150,5,86.4,7489970.47
5,150,5,86.5,7489970.47
5,150,5,86.6,8498235.726
5,150,5,86.7,7057856.789
5,150,5,86.8,5473439.959
5,150,5,86.9,8066122.045
5,150,5,87,6625743.108
5,150,5,87.1,6193629.427
5,150,5,87.2,7345932.577
5,150,5,87.3,7057856.789
5,150,5,87.4,8642273.62
5,150,5,87.5,7057856.789
5,150,5,87.6,7345932.577
5,150,5,87.7,7201894.683
5,150,5,87.8,7345932.577
5,150,5,87.9,5041326.278
5,150,5,88,8354197.832
5,150,5,88.1,6193629.427
5,150,5,88.2,8210159.939
5,150,5,88.3,6625743.108
5,150,5,88.4,5617477.853
5,150,5,88.5,7201894.683
5,150,5,88.6,6913818.896
5,150,5,88.7,6913818.896
5,150,5,88.8,8786311.513
5,150,5,88.9,6913818.896
5,150,5,89,6193629.427
5,150,5,89.1,6337667.321
5,150,5,89.2,6049591.534
5,150,5,89.3,6193629.427
5,150,5,89.4,6481705.215
5,150,5,89.5,7634008.364
5,150,5,89.6,6193629.427
5,150,5,89.7,5329402.065
5,150,5,89.8,7778046.258
5,150,5,89.9,7634008.364
5,150,5,90,5617477.853
5,150,5,90.1,6481705.215
5,150,5,90.2,6913818.896
5,150,5,90.3,6049591.534
5,150,5,90.4,7489970.47
5,150,5,90.5,7345932.577
5,150,5,90.6,8930349.407
5,150,5,90.7,8210159.939
5,150,5,90.8,7634008.364
5,150,5,90.9,5905553.64
5,150,5,91,7922084.151
5,150,5,91.1,6481705.215
5,150,5,91.2,7489970.47
5,150,5,91.3,6625743.108
5,150,5,91.4,7778046.258
5,150,5,91.5,8498235.726
5,150,5,91.6,6769781.002
5,150,5,91.7,8066122.045
5,150,5,91.8,6913818.896
5,150,5,91.9,5905553.64
5,150,5,92,4753250.491
5,150,5,92.1,8354197.832
5,150,5,92.2,6481705.215
5,150,5,92.3,6625743.108
5,150,5,92.4,6049591.534
5,150,5,92.5,6193629.427
5,150,5,92.6,7489970.47
5,150,5,92.7,5761515.746
5,150,5,92.8,5761515.746
5,150,5,92.9,4897288.384
5,150,5,93,5761515.746
5,150,5,93.1,5473439.959
5,150,5,93.2,6913818.896
5,150,5,93.3,7345932.577
5,150,5,93.4,6913818.896
5,150,5,93.5,4897288.384
5,150,5,93.6,6769781.002
5,150,5,93.7,5617477.853
5,150,5,93.8,7489970.47
5,150,5,93.9,5041326.278
5,150,5,94,6193629.427
5,150,5,94.1,5329402.065
5,150,5,94.2,7345932.577
5,150,5,94.3,5185364.172
5,150,5,94.4,6193629.427
5,150,5,94.5,5185364.172
5,150,5,94.6,5041326.278
5,150,5,94.7,6481705.215
5,150,5,94.8,7201894.683
5,150,5,94.9,5617477.853
5,150,5,95,5473439.959
5,150,5,95.1,5473439.959
5,150,5,95.2,6193629.427
5,150,5,95.3,5617477.853
5,150,5,95.4,6193629.427
5,150,5,95.5,5617477.853
5,150,5,95.6,6625743.108
5,150,5,95.7,4321136.81
5,150,5,95.8,8642273.62
5,150,5,95.9,5905553.64
5,150,5,96,7778046.258
5,150,5,96.1,6913818.896
5,150,5,96.2,7057856.789
5,150,5,96.3,4897288.384
5,150,5,96.4,5617477.853
5,150,5,96.5,5761515.746
5,150,5,96.6,5617477.853
5,150,5,96.7,4177098.916
5,150,5,96.8,4897288.384
5,150,5,96.9,6193629.427
5,150,5,97,6625743.108
5,150,5,97.1,7345932.577
5,150,5,97.2,4609212.597
5,150,5,97.3,6913818.896
5,150,5,97.4,5041326.278
5,150,5,97.5,5329402.065
5,150,5,97.6,6049591.534
5,150,5,97.7,4897288.384
5,150,5,97.8,5329402.065
5,150,5,97.9,7057856.789
5,150,5,98,6337667.321
5,150,5,98.1,6625743.108
5,150,5,98.2,5761515.746
5,150,5,98.3,7057856.789
5,150,5,98.4,5041326.278
5,150,5,98.5,6049591.534
5,150,5,98.6,7057856.789
5,150,5,98.7,3312871.554
5,150,5,98.8,5761515.746
5,150,5,98.9,5905553.64
5,150,5,99,7201894.683
5,150,5,99.1,5761515.746
5,150,5,99.2,5185364.172
5,150,5,99.3,6625743.108
5,150,5,99.4,6193629.427
5,150,5,99.5,4897288.384
5,150,5,99.6,7057856.789
5,150,5,99.7,6049591.534
5,150,5,99.8,4753250.491
5,150,5,99.9,3600947.341
5,150,5,100,4897288.384
5,150,5,100.1,5041326.278
5,150,5,100.2,6049591.534
5,150,5,100.3,5617477.853
5,150,5,100.4,5473439.959
5,150,5,100.5,5905553.64
5,150,5,100.6,6769781.002
5,150,5,100.7,6193629.427
5,150,5,100.8,4609212.597
5,150,5,100.9,4177098.916
5,150,5,101,5041326.278
5,150,5,101.1,6625743.108
5,150,5,101.2,5185364.172
5,150,5,101.3,5905553.64
5,150,5,101.4,5041326.278
5,150,5,101.5,5041326.278
5,150,5,101.6,6337667.321
5,150,5,101.7,4609212.597
5,150,5,101.8,6481705.215
5,150,5,101.9,5617477.853
5,150,5,102,4897288.384
5,150,5,102.1,7489970.47
5,150,5,102.2,6193629.427
5,150,5,102.3,4321136.81
5,150,5,102.4,4033061.022
5,150,5,102.5,5041326.278
5,150,5,102.6,4753250.491
5,150,5,102.7,3456909.448
5,150,5,102.8,5041326.278
5,150,5,102.9,3889023.129
5,150,5,103,4753250.491
5,150,5,103.1,4897288.384
5,150,5,103.2,4177098.916
5,150,5,103.3,5329402.065
5,150,5,103.4,5617477.853
5,150,5,103.5,3456909.448
5,150,5,103.6,5473439.959
5,150,5,103.7,4897288.384
5,150,5,103.8,3168833.661
5,150,5,103.9,5329402.065
5,150,5,104,3744985.235
5,150,5,104.1,4897288.384
5,150,5,104.2,5617477.853
5,150,5,104.3,5041326.278
5,150,5,104.4,4321136.81
5,150,5,104.5,4321136.81
5,150,5,104.6,4897288.384
5,150,5,104.7,6049591.534
5,150,5,104.8,5185364.172
5,150,5,104.9,4033061.022
5,150,5,105,3600947.341
5,150,5,105.1,4465174.703
5,150,5,105.2,5185364.172
5,150,5,105.3,5185364.172
5,150,5,105.4,5041326.278
5,150,5,105.5,5041326.278
5,150,5,105.6,3889023.129
5,150,5,105.7,4321136.81
5,150,5,105.8,3168833.661
5,150,5,105.9,5041326.278
5,150,5,106,3744985.235
5,150,5,106.1,4465174.703
5,150,5,106.2,5905553.64
5,150,5,106.3,3744985.235
5,150,5,106.4,4177098.916
5,150,5,106.5,4609212.597
5,150,5,106.6,5761515.746
5,150,5,106.7,5329402.065
5,150,5,106.8,4753250.491
5,150,5,106.9,4177098.916
5,150,5,107,4465174.703
5,150,5,107.1,6769781.002
5,150,5,107.2,5617477.853
5,150,5,107.3,4753250.491
5,150,5,107.4,4465174.703
5,150,5,107.5,4321136.81
5,150,5,107.6,4033061.022
5,150,5,107.7,4753250.491
5,150,5,107.8,4177098.916
5,150,5,107.9,6481705.215
5,150,5,108,5905553.64
5,150,5,108.1,3889023.129
5,150,5,108.2,4177098.916
5,150,5,108.3,3312871.554
5,150,5,108.4,5041326.278
5,150,5,108.5,4753250.491
5,150,5,108.6,4033061.022
5,150,5,108.7,3889023.129
5,150,5,108.8,4177098.916
5,150,5,108.9,4465174.703
5,150,5,109,4753250.491
5,150,5,109.1,2880757.873
5,150,5,109.2,4465174.703
5,150,5,109.3,5905553.64
5,150,5,109.4,5185364.172
5,150,5,109.5,4609212.597
5,150,5,109.6,5617477.853
5,150,5,109.7,3744985.235
5,150,5,109.8,5617477.853
5,150,5,109.9,4753250.491
5,150,5,110,5617477.853
5,150,5,110.1,4465174.703
5,150,5,110.2,5185364.172
5,150,5,110.3,4465174.703
5,150,5,110.4,4897288.384
5,150,5,110.5,5617477.853
5,150,5,110.6,4321136.81
5,150,5,110.7,5185364.172
5,150,5,110.8,5185364.172
5,150,5,110.9,3744985.235
5,150,5,111,5473439.959
5,150,5,111.1,4465174.703
5,150,5,111.2,5041326.278
5,150,5,111.3,3312871.554
5,150,5,111.4,3600947.341
5,150,5,111.5,6049591.534
5,150,5,111.6,4465174.703
5,150,5,111.7,4609212.597
5,150,5,111.8,5473439.959
5,150,5,111.9,4321136.81
5,150,5,112,2448644.192
5,150,5,112.1,3889023.129
5,150,5,112.2,4177098.916
5,150,5,112.3,4609212.597
5,150,5,112.4,4753250.491
5,150,5,112.5,5761515.746
5,150,5,112.6,3889023.129
5,150,5,112.7,5041326.278
5,150,5,112.8,4177098.916
5,150,5,112.9,4465174.703
5,150,5,113,2880757.873
5,150,5,113.1,3744985.235
5,150,5,113.2,6049591.534
5,150,5,113.3,4321136.81
5,150,5,113.4,3744985.235
5,150,5,113.5,3889023.129
5,150,5,113.6,4609212.597
5,150,5,113.7,4321136.81
5,150,5,113.8,4033061.022
5,150,5,113.9,4465174.703
5,150,5,114,4465174.703
5,150,5,114.1,3024795.767
5,150,5,114.2,4465174.703
5,150,5,114.3,3889023.129
5,150,5,114.4,5041326.278
5,150,5,114.5,3168833.661
5,150,5,114.6,3456909.448
5,150,5,114.7,3600947.341
5,150,5,114.8,4033061.022
5,150,5,114.9,4321136.81
5,150,5,115,5473439.959
5,150,5,115.1,4609212.597
5,150,5,115.2,2592682.086
5,150,5,115.3,4177098.916
5,150,5,115.4,2592682.086
5,150,5,115.5,4609212.597
5,150,5,115.6,4465174.703
5,150,5,115.7,4321136.81
5,150,5,115.8,3744985.235
5,150,5,115.9,4609212.597
5,150,5,116,4033061.022
5,150,5,116.1,4033061.022
5,150,5,116.2,4897288.384
5,150,5,116.3,5761515.746
5,150,5,116.4,3312871.554
5,150,5,116.5,5185364.172
5,150,5,116.6,4321136.81
5,150,5,116.7,4177098.916
5,150,5,116.8,4897288.384
5,150,5,116.9,2448644.192
5,150,5,117,3168833.661
5,150,5,117.1,3744985.235
5,150,5,117.2,4033061.022
5,150,5,117.3,2880757.873
5,150,5,117.4,2304606.299
5,150,5,117.5,4033061.022
5,150,5,117.6,3744985.235
5,150,5,117.7,3889023.129
5,150,5,117.8,3312871.554
5,150,5,117.9,4177098.916
5,150,5,118,3600947.341
5,150,5,118.1,4897288.384
5,150,5,118.2,3024795.767
5,150,5,118.3,3312871.554
5,150,5,118.4,3456909.448
5,150,5,118.5,4321136.81
5,150,5,118.6,3456909.448
5,150,5,118.7,2592682.086
5,150,5,118.8,3744985.235
5,150,5,118.9,4609212.597
5,150,5,119,3744985.235
5,150,5,119.1,3889023.129
5,150,5,119.2,3600947.341
5,150,5,119.3,2592682.086
5,150,5,119.4,3168833.661
5,150,5,119.5,4177098.916
5,150,5,119.6,2736719.98
5,150,5,119.7,4033061.022
5,150,5,119.8,4321136.81
5,150,5,119.9,3600947.341
5,150,5,120,4177098.916
5,150,5,120.1,2736719.98
5,150,5,120.2,3744985.235
5,150,5,120.3,2736719.98
5,150,5,120.4,3889023.129
5,150,5,120.5,4465174.703
5,150,5,120.6,3312871.554
5,150,5,120.7,3889023.129
5,150,5,120.8,3024795.767
5,150,5,120.9,3024795.767
5,150,5,121,3889023.129
5,150,5,121.1,3744985.235
5,150,5,121.2,3889023.129
5,150,5,121.3,4177098.916
5,150,5,121.4,3312871.554
5,150,5,121.5,4321136.81
5,150,5,121.6,3456909.448
5,150,5,121.7,2592682.086
5,150,5,121.8,3744985.235
5,150,5,121.9,2592682.086
5,150,5,122,3312871.554
5,150,5,122.1,3168833.661
5,150,5,122.2,3744985.235
5,150,5,122.3,2592682.086
5,150,5,122.4,3312871.554
5,150,5,122.5,2880757.873
5,150,5,122.6,4321136.81
5,150,5,122.7,4177098.916
5,150,5,122.8,3600947.341
5,150,5,122.9,4033061.022
5,150,5,123,4033061.022
5,150,5,123.1,2880757.873
5,150,5,123.2,5041326.278
5,150,5,123.3,3456909.448
5,150,5,123.4,3168833.661
5,150,5,123.5,2592682.086
5,150,5,123.6,2592682.086
5,150,5,123.7,4177098.916
5,150,5,123.8,3889023.129
5,150,5,123.9,4033061.022
5,150,5,124,1872492.618
5,150,5,124.1,3456909.448
5,150,5,124.2,2592682.086
5,150,5,124.3,3456909.448
5,150,5,124.4,4465174.703
5,150,5,124.5,3312871.554
5,150,5,124.6,2880757.873
5,150,5,124.7,3600947.341
5,150,5,124.8,3889023.129
5,150,5,124.9,3168833.661
5,150,5,125,3600947.341
5,150,5,125.1,2736719.98
5,150,5,125.2,1872492.618
5,150,5,125.3,3312871.554
5,150,5,125.4,4465174.703
5,150,5,125.5,3456909.448
5,150,5,125.6,3024795.767
5,150,5,125.7,3312871.554
5,150,5,125.8,3889023.129
5,150,5,125.9,3744985.235
5,150,5,126,4033061.022
5,150,5,126.1,3456909.448
5,150,5,126.2,2016530.511
5,150,5,126.3,2880757.873
5,150,5,126.4,2736719.98
5,150,5,126.5,2592682.086
5,150,5,126.6,2016530.511
5,150,5,126.7,4177098.916
5,150,5,126.8,3600947.341
5,150,5,126.9,3024795.767
5,150,5,127,3168833.661
5,150,5,127.1,2304606.299
5,150,5,127.2,3889023.129
5,150,5,127.3,3600947.341
5,150,5,127.4,2880757.873
5,150,5,127.5,3889023.129
5,150,5,127.6,2160568.405
5,150,5,127.7,3456909.448
5,150,5,127.8,3168833.661
5,150,5,127.9,3168833.661
5,150,5,128,2880757.873
5,150,5,128.1,1728454.724
5,150,5,128.2,3024795.767
5,150,5,128.3,2160568.405
5,150,5,128.4,2304606.299
5,150,5,128.5,2448644.192
5,150,5,128.6,2448644.192
5,150,5,128.7,3456909.448
5,150,5,128.8,2880757.873
5,150,5,128.9,3312871.554
5,150,5,129,2448644.192
5,150,5,129.1,2304606.299
5,150,5,129.2,2016530.511
5,150,5,129.3,2592682.086
5,150,5,129.4,2736719.98
5,150,5,129.5,1872492.618
5,150,5,129.6,2448644.192
5,150,5,129.7,3168833.661
5,150,5,129.8,3744985.235
5,150,5,129.9,1728454.724
5,150,5,130,2160568.405
5,150,5,130.1,3312871.554
5,150,5,130.2,2736719.98
5,150,5,130.3,1872492.618
5,150,5,130.4,2592682.086
5,150,5,130.5,2736719.98
5,150,5,130.6,2736719.98
5,150,5,130.7,3456909.448
5,150,5,130.8,2880757.873
5,150,5,130.9,2736719.98
5,150,5,131,3456909.448
5,150,5,131.1,1584416.83
5,150,5,131.2,2448644.192
5,150,5,131.3,2736719.98
5,150,5,131.4,1728454.724
5,150,5,131.5,4033061.022
5,150,5,131.6,2592682.086
5,150,5,131.7,2448644.192
5,150,5,131.8,2016530.511
5,150,5,131.9,2880757.873
5,150,5,132,3456909.448
5,150,5,132.1,3600947.341
5,150,5,132.2,2592682.086
5,150,5,132.3,3312871.554
5,150,5,132.4,2736719.98
5,150,5,132.5,3456909.448
5,150,5,132.6,1872492.618
5,150,5,132.7,3024795.767
5,150,5,132.8,3024795.767
5,150,5,132.9,2592682.086
5,150,5,133,1728454.724
5,150,5,133.1,2736719.98
5,150,5,133.2,2448644.192
5,150,5,133.3,2592682.086
5,150,5,133.4,2304606.299
5,150,5,133.5,2880757.873
5,150,5,133.6,2736719.98
5,150,5,133.7,3456909.448
5,150,5,133.8,2016530.511
5,150,5,133.9,1872492.618
5,150,5,134,2592682.086
5,150,5,134.1,2592682.086
5,150,5,134.2,1440378.937
5,150,5,134.3,1728454.724
5,150,5,134.4,1008265.256
5,150,5,134.5,1872492.618
5,150,5,134.6,2160568.405
5,150,5,134.7,1872492.618
5,150,5,134.8,2448644.192
5,150,5,134.9,1008265.256
5,150,5,135,1872492.618
5,150,5,135.1,2016530.511
5,150,5,135.2,1440378.937
5,150,5,135.3,2304606.299
5,150,5,135.4,1728454.724
5,150,5,135.5,2304606.299
5,150,5,135.6,2016530.511
5,150,5,135.7,2736719.98
5,150,5,135.8,1728454.724
5,150,5,135.9,2016530.511
5,150,5,136,2160568.405
5,150,5,136.1,1440378.937
5,150,5,136.2,2736719.98
5,150,5,136.3,2736719.98
5,150,5,136.4,3168833.661
5,150,5,136.5,3456909.448
5,150,5,136.6,2448644.192
5,150,5,136.7,2736719.98
5,150,5,136.8,2448644.192
5,150,5,136.9,2016530.511
5,150,5,137,1872492.618
5,150,5,137.1,1728454.724
5,150,5,137.2,1584416.83
5,150,5,137.3,2592682.086
5,150,5,137.4,1152303.149
5,150,5,137.5,2304606.299
5,150,5,137.6,2880757.873
5,150,5,137.7,1728454.724
5,150,5,137.8,1296341.043
5,150,5,137.9,3600947.341
5,150,5,138,1152303.149
5,150,5,138.1,2880757.873
5,150,5,138.2,1440378.937
5,150,5,138.3,1872492.618
5,150,5,138.4,1728454.724
5,150,5,138.5,1584416.83
5,150,5,138.6,1728454.724
5,150,5,138.7,2160568.405
5,150,5,138.8,2448644.192
5,150,5,138.9,2448644.192
5,150,5,139,2160568.405
5,150,5,139.1,2448644.192
5,150,5,139.2,2448644.192
5,150,5,139.3,2160568.405
5,150,5,139.4,1440378.937
5,150,5,139.5,1872492.618
5,150,5,139.6,1728454.724
5,150,5,139.7,1872492.618
5,150,5,139.8,1872492.618
5,150,5,139.9,1872492.618
5,150,5,140,1152303.149
5,150,5,140.1,2160568.405
5,150,5,140.2,2016530.511
5,150,5,140.3,2592682.086
5,150,5,140.4,1008265.256
5,150,5,140.5,1440378.937
5,150,5,140.6,2016530.511
5,150,5,140.7,2016530.511
5,150,5,140.8,1872492.618
5,150,5,140.9,1584416.83
5,150,5,141,2016530.511
5,150,5,141.1,1872492.618
5,150,5,141.2,1872492.618
5,150,5,141.3,2016530.511
5,150,5,141.4,864227.362
5,150,5,141.5,1728454.724
5,150,5,141.6,1584416.83
5,150,5,141.7,1440378.937
5,150,5,141.8,1152303.149
5,150,5,141.9,1728454.724
5,150,5,142,1584416.83
5,150,5,142.1,2304606.299
5,150,5,142.2,1584416.83
5,150,5,142.3,1728454.724
5,150,5,142.4,1296341.043
5,150,5,142.5,2736719.98
5,150,5,142.6,576151.5746
5,150,5,142.7,1872492.618
5,150,5,142.8,1152303.149
5,150,5,142.9,1152303.149
5,150,5,143,2304606.299
5,150,5,143.1,1152303.149
5,150,5,143.2,1584416.83
5,150,5,143.3,2160568.405
5,150,5,143.4,1872492.618
5,150,5,143.5,864227.362
5,150,5,143.6,1872492.618
5,150,5,143.7,1008265.256
5,150,5,143.8,1008265.256
5,150,5,143.9,1152303.149
5,150,5,144,1728454.724
5,150,5,144.1,1440378.937
5,150,5,144.2,720189.4683
5,150,5,144.3,1584416.83
5,150,5,144.4,864227.362
5,150,5,144.5,1872492.618
5,150,5,144.6,1152303.149
5,150,5,144.7,1296341.043
5,150,5,144.8,1152303.149
5,150,5,144.9,720189.4683
5,150,5,145,1584416.83
5,150,5,145.1,288075.7873
5,150,5,145.2,1152303.149
5,150,5,145.3,864227.362
5,150,5,145.4,1296341.043
5,150,5,145.5,864227.362
5,150,5,145.6,1008265.256
5,150,5,145.7,1296341.043
5,150,5,145.8,1296341.043
5,150,5,145.9,864227.362
5,150,5,146,720189.4683
5,150,5,146.1,720189.4683
5,150,5,146.2,1008265.256
5,150,5,146.3,864227.362
5,150,5,146.4,288075.7873
5,150,5,146.5,864227.362
5,150,5,146.6,1152303.149
5,150,5,146.7,720189.4683
5,150,5,146.8,864227.362
5,150,5,146.9,720189.4683
5,150,5,147,1440378.937
5,150,5,147.1,144037.8937
5,150,5,147.2,864227.362
5,150,5,147.3,576151.5746
5,150,5,147.4,720189.4683
5,150,5,147.5,576151.5746
5,150,5,147.6,576151.5746
5,150,5,147.7,720189.4683
5,150,5,147.8,720189.4683
5,150,5,147.9,288075.7873
5,150,5,148,720189.4683
5,150,5,148.1,720189.4683
5,150,5,148.2,720189.4683
5,150,5,148.3,720189.4683
5,150,5,148.4,432113.681
5,150,5,148.5,288075.7873
5,150,5,148.6,720189.4683
5,150,5,148.7,432113.681
5,150,5,148.8,720189.4683
5,150,5,148.9,1008265.256
5,150,5,149,144037.8937
5,150,5,149.1,576151.5746
5,150,5,149.2,720189.4683
5,150,5,149.3,432113.681
5,150,5,149.4,144037.8937
5,150,5,149.6,288075.7873
5,150,5,149.7,432113.681
5,40,7,4.9,63870.01401
5,40,7,5.1,63870.01401
5,40,7,5.2,63870.01401
5,40,7,5.4,63870.01401
5,40,7,5.5,127740.028
5,40,7,5.7,63870.01401
5,40,7,5.8,255480.056
5,40,7,5.9,319350.07
5,40,7,6,574830.1261
5,40,7,6.1,447090.0981
5,40,7,6.2,127740.028
5,40,7,6.3,574830.1261
5,40,7,6.4,830310.1821
5,40,7,6.5,1149660.252
5,40,7,6.6,958050.2101
5,40,7,6.7,1213530.266
5,40,7,6.8,1085790.238
5,40,7,6.9,1979970.434
5,40,7,7,1724490.378
5,40,7,7.1,2043840.448
5,40,7,7.2,1532880.336
5,40,7,7.3,3448980.756
5,40,7,7.4,7472791.639
5,40,7,7.5,3193500.7
5,40,7,7.6,3640590.798
5,40,7,7.7,3640590.798
5,40,7,7.8,3576720.784
5,40,7,7.9,3768330.826
5,40,7,8,4981861.093
5,40,7,8.1,4662511.023
5,40,7,8.2,4854121.065
5,40,7,8.3,19288744.23
5,40,7,8.4,137256660.1
5,40,7,8.5,6514741.429
5,40,7,8.6,6259261.373
5,40,7,8.7,6259261.373
5,40,7,8.8,8111491.779
5,40,7,8.9,7792141.709
5,40,7,9,7536661.653
5,40,7,9.1,8430841.849
5,40,7,9.2,8239231.807
5,40,7,9.3,7153441.569
5,40,7,9.4,8686321.905
5,40,7,9.5,16031373.52
5,40,7,9.6,12837872.82
5,40,7,9.7,120394976.4
5,40,7,9.8,19735834.33
5,40,7,9.9,15328803.36
5,40,7,10,60931993.36
5,40,7,10.1,12326912.7
5,40,7,10.2,9325022.045
5,40,7,10.3,1724490.378
5,40,7,10.4,1788360.392
5,40,7,10.5,2107710.462
5,40,7,10.6,2363190.518
5,40,7,10.7,2363190.518
5,40,7,10.8,2427060.532
5,40,7,10.9,2235450.49
5,40,7,11,3065760.672
5,40,7,11.1,3385110.742
5,40,7,11.2,2746410.602
5,40,7,11.3,12710132.79
5,40,7,11.4,3576720.784
5,40,7,11.5,3512850.77
5,40,7,11.6,2299320.504
5,40,7,11.7,1469010.322
5,40,7,11.8,2171580.476
5,40,7,11.9,1979970.434
5,40,7,12,2363190.518
5,40,7,12.1,1277400.28
5,40,7,12.2,1660620.364
5,40,7,12.3,1149660.252
5,40,7,12.4,1660620.364
5,40,7,12.5,1213530.266
5,40,7,12.6,1405140.308
5,40,7,12.7,1469010.322
5,40,7,12.8,2299320.504
5,40,7,12.9,1532880.336
5,40,7,13,2490930.546
5,40,7,13.1,2235450.49
5,40,7,13.2,3257370.714
5,40,7,13.3,2874150.63
5,40,7,13.4,2171580.476
5,40,7,13.5,2554800.56
5,40,7,13.6,3001890.658
5,40,7,13.7,3001890.658
5,40,7,13.8,2235450.49
5,40,7,13.9,3321240.728
5,40,7,14,3001890.658
5,40,7,14.1,2810280.616
5,40,7,14.2,3001890.658
5,40,7,14.3,3385110.742
5,40,7,14.4,3640590.798
5,40,7,14.5,2938020.644
5,40,7,14.6,3385110.742
5,40,7,14.7,3512850.77
5,40,7,14.8,3448980.756
5,40,7,14.9,4854121.065
5,40,7,15,3385110.742
5,40,7,15.1,3576720.784
5,40,7,15.2,4470900.981
5,40,7,15.3,3576720.784
5,40,7,15.4,4598641.009
5,40,7,15.5,3959940.868
5,40,7,15.6,4662511.023
5,40,7,15.7,4470900.981
5,40,7,15.8,3896070.854
5,40,7,15.9,4087680.897
5,40,7,16,4343160.953
5,40,7,16.1,4151550.911
5,40,7,16.2,5109601.121
5,40,7,16.3,4917991.079
5,40,7,16.4,5748301.261
5,40,7,16.5,4470900.981
5,40,7,16.6,4917991.079
5,40,7,16.7,4470900.981
5,40,7,16.8,4534770.995
5,40,7,16.9,5237341.149
5,40,7,17,5365081.177
5,40,7,17.1,5173471.135
5,40,7,17.2,6195391.359
5,40,7,17.3,5173471.135
5,40,7,17.4,4598641.009
5,40,7,17.5,5748301.261
5,40,7,17.6,4726381.037
5,40,7,17.7,4726381.037
5,40,7,17.8,5173471.135
5,40,7,17.9,6131521.345
5,40,7,18,5173471.135
5,40,7,18.1,4726381.037
5,40,7,18.2,4279290.939
5,40,7,18.3,6323131.387
5,40,7,18.4,5173471.135
5,40,7,18.5,6387001.401
5,40,7,18.6,5556691.219
5,40,7,18.7,5173471.135
5,40,7,18.8,6067651.331
5,40,7,18.9,5045731.107
5,40,7,19,5812171.275
5,40,7,19.1,5428951.191
5,40,7,19.2,5876041.289
5,40,7,19.3,6131521.345
5,40,7,19.4,5620561.233
5,40,7,19.5,6514741.429
5,40,7,19.6,6961831.527
5,40,7,19.7,6003781.317
5,40,7,19.8,7728271.695
5,40,7,19.9,6387001.401
5,40,7,20,6834091.499
5,40,7,20.1,6450871.415
5,40,7,20.2,5365081.177
5,40,7,20.3,6770221.485
5,40,7,20.4,6323131.387
5,40,7,20.5,5684431.247
5,40,7,20.6,6578611.443
5,40,7,20.7,6514741.429
5,40,7,20.8,6003781.317
5,40,7,20.9,7089571.555
5,40,7,21,7728271.695
5,40,7,21.1,7089571.555
5,40,7,21.2,7664401.681
5,40,7,21.3,6834091.499
5,40,7,21.4,6259261.373
5,40,7,21.5,6642481.457
5,40,7,21.6,6706351.471
5,40,7,21.7,5365081.177
5,40,7,21.8,7089571.555
5,40,7,21.9,5428951.191
5,40,7,22,6195391.359
5,40,7,22.1,6514741.429
5,40,7,22.2,6897961.513
5,40,7,22.3,5684431.247
5,40,7,22.4,7281181.597
5,40,7,22.5,6195391.359
5,40,7,22.6,5492821.205
5,40,7,22.7,5812171.275
5,40,7,22.8,5556691.219
5,40,7,22.9,6259261.373
5,40,7,23,6706351.471
5,40,7,23.1,5748301.261
5,40,7,23.2,5939911.303
5,40,7,23.3,6897961.513
5,40,7,23.4,5748301.261
5,40,7,23.5,6897961.513
5,40,7,23.6,6387001.401
5,40,7,23.7,6323131.387
5,40,7,23.8,7153441.569
5,40,7,23.9,5301211.163
5,40,7,24,6067651.331
5,40,7,24.1,5620561.233
5,40,7,24.2,5684431.247
5,40,7,24.3,5428951.191
5,40,7,24.4,6387001.401
5,40,7,24.5,6003781.317
5,40,7,24.6,6067651.331
5,40,7,24.7,6578611.443
5,40,7,24.8,5684431.247
5,40,7,24.9,6450871.415
5,40,7,25,6259261.373
5,40,7,25.1,6514741.429
5,40,7,25.2,6067651.331
5,40,7,25.3,4981861.093
5,40,7,25.4,6514741.429
5,40,7,25.5,5237341.149
5,40,7,25.6,4790251.051
5,40,7,25.7,5365081.177
5,40,7,25.8,6067651.331
5,40,7,25.9,5748301.261
5,40,7,26,5939911.303
5,40,7,26.1,6323131.387
5,40,7,26.2,4534770.995
5,40,7,26.3,5939911.303
5,40,7,26.4,5237341.149
5,40,7,26.5,5301211.163
5,40,7,26.6,4215420.925
5,40,7,26.7,6259261.373
5,40,7,26.8,6259261.373
5,40,7,26.9,5365081.177
5,40,7,27,7025701.541
5,40,7,27.1,5812171.275
5,40,7,27.2,5684431.247
5,40,7,27.3,6770221.485
5,40,7,27.4,5684431.247
5,40,7,27.5,5428951.191
5,40,7,27.6,6067651.331
5,40,7,27.7,5428951.191
5,40,7,27.8,5173471.135
5,40,7,27.9,4917991.079
5,40,7,28,4917991.079
5,40,7,28.1,5812171.275
5,40,7,28.2,5620561.233
5,40,7,28.3,6131521.345
5,40,7,28.4,5365081.177
5,40,7,28.5,5173471.135
5,40,7,28.6,5301211.163
5,40,7,28.7,3321240.728
5,40,7,28.8,5620561.233
5,40,7,28.9,4151550.911
5,40,7,29,6131521.345
5,40,7,29.1,4215420.925
5,40,7,29.2,5684431.247
5,40,7,29.3,3576720.784
5,40,7,29.4,4981861.093
5,40,7,29.5,4981861.093
5,40,7,29.6,4407030.967
5,40,7,29.7,4854121.065
5,40,7,29.8,4917991.079
5,40,7,29.9,3832200.84
5,40,7,30,4343160.953
5,40,7,30.1,4279290.939
5,40,7,30.2,4726381.037
5,40,7,30.3,4790251.051
5,40,7,30.4,4470900.981
5,40,7,30.5,4598641.009
5,40,7,30.6,4343160.953
5,40,7,30.7,4279290.939
5,40,7,30.8,4854121.065
5,40,7,30.9,4023810.882
5,40,7,31,3768330.826
5,40,7,31.1,4470900.981
5,40,7,31.2,4279290.939
5,40,7,31.3,3640590.798
5,40,7,31.4,4470900.981
5,40,7,31.5,2810280.616
5,40,7,31.6,3640590.798
5,40,7,31.7,4343160.953
5,40,7,31.8,3321240.728
5,40,7,31.9,3832200.84
5,40,7,32,4407030.967
5,40,7,32.1,3129630.686
5,40,7,32.2,3959940.868
5,40,7,32.3,4534770.995
5,40,7,32.4,3321240.728
5,40,7,32.5,3512850.77
5,40,7,32.6,3321240.728
5,40,7,32.7,2938020.644
5,40,7,32.8,3385110.742
5,40,7,32.9,3385110.742
5,40,7,33,2938020.644
5,40,7,33.1,3704460.812
5,40,7,33.2,3448980.756
5,40,7,33.3,3768330.826
5,40,7,33.4,3640590.798
5,40,7,33.5,3065760.672
5,40,7,33.6,3001890.658
5,40,7,33.7,2938020.644
5,40,7,33.8,2427060.532
5,40,7,33.9,2363190.518
5,40,7,34,3193500.7
5,40,7,34.1,3257370.714
5,40,7,34.2,2938020.644
5,40,7,34.3,3065760.672
5,40,7,34.4,3321240.728
5,40,7,34.5,2810280.616
5,40,7,34.6,3448980.756
5,40,7,34.7,2554800.56
5,40,7,34.8,2299320.504
5,40,7,34.9,1979970.434
5,40,7,35,2874150.63
5,40,7,35.1,2810280.616
5,40,7,35.2,3129630.686
5,40,7,35.3,2171580.476
5,40,7,35.4,2299320.504
5,40,7,35.5,2682540.588
5,40,7,35.6,3576720.784
5,40,7,35.7,2107710.462
5,40,7,35.8,2554800.56
5,40,7,35.9,2682540.588
5,40,7,36,2618670.574
5,40,7,36.1,2554800.56
5,40,7,36.2,2427060.532
5,40,7,36.3,2746410.602
5,40,7,36.4,2299320.504
5,40,7,36.5,2682540.588
5,40,7,36.6,2171580.476
5,40,7,36.7,1660620.364
5,40,7,36.8,2490930.546
5,40,7,36.9,1788360.392
5,40,7,37,1596750.35
5,40,7,37.1,1979970.434
5,40,7,37.2,1660620.364
5,40,7,37.3,2299320.504
5,40,7,37.4,1852230.406
5,40,7,37.5,2107710.462
5,40,7,37.6,1724490.378
5,40,7,37.7,1405140.308
5,40,7,37.8,1788360.392
5,40,7,37.9,1724490.378
5,40,7,38,1852230.406
5,40,7,38.1,1532880.336
5,40,7,38.2,1660620.364
5,40,7,38.3,1532880.336
5,40,7,38.4,1532880.336
5,40,7,38.5,638700.1401
5,40,7,38.6,1277400.28
5,40,7,38.7,1021920.224
5,40,7,38.8,830310.1821
5,40,7,38.9,1149660.252
5,40,7,39,1021920.224
5,40,7,39.1,958050.2101
5,40,7,39.2,830310.1821
5,40,7,39.3,830310.1821
5,40,7,39.4,830310.1821
5,40,7,39.5,894180.1961
5,40,7,39.6,383220.084
5,40,7,39.7,574830.1261
5,40,7,39.8,319350.07
5,40,7,39.9,127740.028
5,80,7,4.2,108496.0757
5,80,7,4.3,108496.0757
5,80,7,4.6,108496.0757
5,80,7,4.9,216992.1515
5,80,7,5,108496.0757
5,80,7,5.1,325488.2272
5,80,7,5.2,650976.4545
5,80,7,5.3,325488.2272
5,80,7,5.4,867968.6059
5,80,7,5.5,325488.2272
5,80,7,5.6,325488.2272
5,80,7,5.7,1518945.06
5,80,7,5.8,1627441.136
5,80,7,5.9,1193456.833
5,80,7,6,1844433.288
5,80,7,6.1,1518945.06
5,80,7,6.2,3037890.121
5,80,7,6.3,1952929.363
5,80,7,6.4,4556835.181
5,80,7,6.5,4448339.105
5,80,7,6.6,4773827.333
5,80,7,6.7,5641795.939
5,80,7,6.8,4665331.257
5,80,7,6.9,6726756.696
5,80,7,7,7920213.529
5,80,7,7.1,8462693.908
5,80,7,7.2,8462693.908
5,80,7,7.3,7920213.529
5,80,7,7.4,33959271.71
5,80,7,7.5,8137205.681
5,80,7,7.6,14321482
5,80,7,7.7,13019529.09
5,80,7,7.8,14321482
5,80,7,7.9,15189450.6
5,80,7,8,14321482
5,80,7,8.1,13995993.77
5,80,7,8.2,17142379.97
5,80,7,8.3,88858286.03
5,80,7,8.4,667142369.7
5,80,7,8.5,17576364.27
5,80,7,8.6,20180270.09
5,80,7,8.7,23218160.21
5,80,7,8.8,31246869.81
5,80,7,8.9,23543648.44
5,80,7,9,23543648.44
5,80,7,9.1,24411617.04
5,80,7,9.2,22350191.6
5,80,7,9.3,23435152.36
5,80,7,9.4,27991987.54
5,80,7,9.5,54356533.95
5,80,7,9.6,44591887.13
5,80,7,9.7,541395418
5,80,7,9.8,75296276.57
5,80,7,9.9,52729092.81
5,80,7,10,254097809.4
5,80,7,10.1,33308295.25
5,80,7,10.2,31029877.66
5,80,7,10.3,7703221.378
5,80,7,10.4,8571189.984
5,80,7,10.5,8137205.681
5,80,7,10.6,8679686.059
5,80,7,10.7,7811717.454
5,80,7,10.8,11500584.03
5,80,7,10.9,10849607.57
5,80,7,11,13995993.77
5,80,7,11.1,11175095.8
5,80,7,11.2,11283591.88
5,80,7,11.3,62168251.4
5,80,7,11.4,14755466.3
5,80,7,11.5,15080954.53
5,80,7,11.6,11609080.1
5,80,7,11.7,10632615.42
5,80,7,11.8,7486229.226
5,80,7,11.9,6835252.772
5,80,7,12,10307127.2
5,80,7,12.1,8028709.605
5,80,7,12.2,6726756.696
5,80,7,12.3,5641795.939
5,80,7,12.4,6726756.696
5,80,7,12.5,5641795.939
5,80,7,12.6,8788182.135
5,80,7,12.7,6618260.62
5,80,7,12.8,9005174.287
5,80,7,12.9,7052244.923
5,80,7,13,8354197.832
5,80,7,13.1,7160740.999
5,80,7,13.2,10090135.04
5,80,7,13.3,9005174.287
5,80,7,13.4,9113670.362
5,80,7,13.5,8679686.059
5,80,7,13.6,8788182.135
5,80,7,13.7,8896678.211
5,80,7,13.8,11826072.26
5,80,7,13.9,9439158.59
5,80,7,14,11500584.03
5,80,7,14.1,10307127.2
5,80,7,14.2,10415623.27
5,80,7,14.3,9656150.741
5,80,7,14.4,11283591.88
5,80,7,14.5,11826072.26
5,80,7,14.6,14755466.3
5,80,7,14.7,10958103.65
5,80,7,14.8,11609080.1
5,80,7,14.9,12694040.86
5,80,7,15,13670505.54
5,80,7,15.1,12585544.79
5,80,7,15.2,13453513.39
5,80,7,15.3,13562009.47
5,80,7,15.4,12260056.56
5,80,7,15.5,13345017.32
5,80,7,15.6,12043064.41
5,80,7,15.7,16708395.66
5,80,7,15.8,14429978.07
5,80,7,15.9,15297946.68
5,80,7,16,13453513.39
5,80,7,16.1,15731930.98
5,80,7,16.2,16925387.82
5,80,7,16.3,15080954.53
5,80,7,16.4,15731930.98
5,80,7,16.5,14755466.3
5,80,7,16.6,17467868.19
5,80,7,16.7,16057419.21
5,80,7,16.8,18010348.57
5,80,7,16.9,17901852.5
5,80,7,17,13670505.54
5,80,7,17.1,18227340.72
5,80,7,17.2,18118844.65
5,80,7,17.3,18986813.26
5,80,7,17.4,16165915.29
5,80,7,17.5,18335836.8
5,80,7,17.6,18661325.03
5,80,7,17.7,17576364.27
5,80,7,17.8,17033883.89
5,80,7,17.9,17793356.42
5,80,7,18,17793356.42
5,80,7,18.1,17576364.27
5,80,7,18.2,18444332.88
5,80,7,18.3,20180270.09
5,80,7,18.4,16274411.36
5,80,7,18.5,20397262.24
5,80,7,18.6,17467868.19
5,80,7,18.7,19203805.41
5,80,7,18.8,16274411.36
5,80,7,18.9,20180270.09
5,80,7,19,17576364.27
5,80,7,19.1,21373726.92
5,80,7,19.2,20722750.47
5,80,7,19.3,18444332.88
5,80,7,19.4,20614254.39
5,80,7,19.5,19963277.94
5,80,7,19.6,18227340.72
5,80,7,19.7,20071774.01
5,80,7,19.8,20397262.24
5,80,7,19.9,21807711.22
5,80,7,20,19637789.71
5,80,7,20.1,19746285.79
5,80,7,20.2,21373726.92
5,80,7,20.3,21156734.77
5,80,7,20.4,20288766.16
5,80,7,20.5,21048238.69
5,80,7,20.6,21373726.92
5,80,7,20.7,21156734.77
5,80,7,20.8,21590719.07
5,80,7,20.9,20939742.62
5,80,7,21,19637789.71
5,80,7,21.1,18335836.8
5,80,7,21.2,19203805.41
5,80,7,21.3,21265230.85
5,80,7,21.4,21265230.85
5,80,7,21.5,20071774.01
5,80,7,21.6,19637789.71
5,80,7,21.7,20180270.09
5,80,7,21.8,21482223
5,80,7,21.9,18552828.95
5,80,7,22,18878317.18
5,80,7,22.1,19963277.94
5,80,7,22.2,21807711.22
5,80,7,22.3,21156734.77
5,80,7,22.4,20180270.09
5,80,7,22.5,20071774.01
5,80,7,22.6,17467868.19
5,80,7,22.7,21373726.92
5,80,7,22.8,20505758.32
5,80,7,22.9,18335836.8
5,80,7,23,20071774.01
5,80,7,23.1,21156734.77
5,80,7,23.2,21048238.69
5,80,7,23.3,18010348.57
5,80,7,23.4,23977632.74
5,80,7,23.5,18986813.26
5,80,7,23.6,21373726.92
5,80,7,23.7,19095309.33
5,80,7,23.8,19420797.56
5,80,7,23.9,18335836.8
5,80,7,24,18878317.18
5,80,7,24.1,19095309.33
5,80,7,24.2,18986813.26
5,80,7,24.3,21156734.77
5,80,7,24.4,19420797.56
5,80,7,24.5,21482223
5,80,7,24.6,17250876.04
5,80,7,24.7,18661325.03
5,80,7,24.8,18444332.88
5,80,7,24.9,19420797.56
5,80,7,25,21265230.85
5,80,7,25.1,20722750.47
5,80,7,25.2,19746285.79
5,80,7,25.3,19095309.33
5,80,7,25.4,20071774.01
5,80,7,25.5,16816891.74
5,80,7,25.6,18335836.8
5,80,7,25.7,21590719.07
5,80,7,25.8,18444332.88
5,80,7,25.9,20071774.01
5,80,7,26,19312301.48
5,80,7,26.1,17467868.19
5,80,7,26.2,19312301.48
5,80,7,26.3,17576364.27
5,80,7,26.4,16708395.66
5,80,7,26.5,18444332.88
5,80,7,26.6,16165915.29
5,80,7,26.7,18661325.03
5,80,7,26.8,21482223
5,80,7,26.9,21373726.92
5,80,7,27,19746285.79
5,80,7,27.1,23652144.51
5,80,7,27.2,17793356.42
5,80,7,27.3,20505758.32
5,80,7,27.4,19963277.94
5,80,7,27.5,18552828.95
5,80,7,27.6,16165915.29
5,80,7,27.7,18444332.88
5,80,7,27.8,18118844.65
5,80,7,27.9,17142379.97
5,80,7,28,18444332.88
5,80,7,28.1,17142379.97
5,80,7,28.2,16382907.44
5,80,7,28.3,18444332.88
5,80,7,28.4,16816891.74
5,80,7,28.5,16165915.29
5,80,7,28.6,17250876.04
5,80,7,28.7,19963277.94
5,80,7,28.8,19746285.79
5,80,7,28.9,16816891.74
5,80,7,29,15297946.68
5,80,7,29.1,17467868.19
5,80,7,29.2,18769821.1
5,80,7,29.3,18986813.26
5,80,7,29.4,16274411.36
5,80,7,29.5,17033883.89
5,80,7,29.6,16165915.29
5,80,7,29.7,16274411.36
5,80,7,29.8,17033883.89
5,80,7,29.9,16491403.51
5,80,7,30,17467868.19
5,80,7,30.1,17033883.89
5,80,7,30.2,16816891.74
5,80,7,30.3,17250876.04
5,80,7,30.4,17684860.35
5,80,7,30.5,17793356.42
5,80,7,30.6,16599899.59
5,80,7,30.7,17576364.27
5,80,7,30.8,19203805.41
5,80,7,30.9,17250876.04
5,80,7,31,19203805.41
5,80,7,31.1,15840427.06
5,80,7,31.2,16925387.82
5,80,7,31.3,17033883.89
5,80,7,31.4,17250876.04
5,80,7,31.5,15406442.76
5,80,7,31.6,16165915.29
5,80,7,31.7,14646970.23
5,80,7,31.8,17033883.89
5,80,7,31.9,14321482
5,80,7,32,15514938.83
5,80,7,32.1,17576364.27
5,80,7,32.2,15297946.68
5,80,7,32.3,15948923.13
5,80,7,32.4,15297946.68
5,80,7,32.5,15731930.98
5,80,7,32.6,19420797.56
5,80,7,32.7,15406442.76
5,80,7,32.8,16274411.36
5,80,7,32.9,14863962.38
5,80,7,33,17901852.5
5,80,7,33.1,14755466.3
5,80,7,33.2,16382907.44
5,80,7,33.3,17793356.42
5,80,7,33.4,14972458.45
5,80,7,33.5,17467868.19
5,80,7,33.6,14972458.45
5,80,7,33.7,15297946.68
5,80,7,33.8,12368552.63
5,80,7,33.9,14646970.23
5,80,7,34,16274411.36
5,80,7,34.1,12911033.01
5,80,7,34.2,14755466.3
5,80,7,34.3,14321482
5,80,7,34.4,14646970.23
5,80,7,34.5,14863962.38
5,80,7,34.6,15189450.6
5,80,7,34.7,14429978.07
5,80,7,34.8,18010348.57
5,80,7,34.9,13887497.7
5,80,7,35,15623434.91
5,80,7,35.1,16165915.29
5,80,7,35.2,13887497.7
5,80,7,35.3,16274411.36
5,80,7,35.4,14321482
5,80,7,35.5,15840427.06
5,80,7,35.6,13995993.77
5,80,7,35.7,14321482
5,80,7,35.8,15731930.98
5,80,7,35.9,13345017.32
5,80,7,36,15406442.76
5,80,7,36.1,13562009.47
5,80,7,36.2,14646970.23
5,80,7,36.3,11609080.1
5,80,7,36.4,14429978.07
5,80,7,36.5,12477048.71
5,80,7,36.6,13345017.32
5,80,7,36.7,13019529.09
5,80,7,36.8,12368552.63
5,80,7,36.9,13779001.62
5,80,7,37,13345017.32
5,80,7,37.1,15297946.68
5,80,7,37.2,12260056.56
5,80,7,37.3,13562009.47
5,80,7,37.4,14212985.92
5,80,7,37.5,13236521.24
5,80,7,37.6,13779001.62
5,80,7,37.7,13236521.24
5,80,7,37.8,11826072.26
5,80,7,37.9,15948923.13
5,80,7,38,14212985.92
5,80,7,38.1,12043064.41
5,80,7,38.2,15189450.6
5,80,7,38.3,13128025.16
5,80,7,38.4,13995993.77
5,80,7,38.5,11826072.26
5,80,7,38.6,10958103.65
5,80,7,38.7,12694040.86
5,80,7,38.8,12802536.94
5,80,7,38.9,11392087.95
5,80,7,39,15406442.76
5,80,7,39.1,13019529.09
5,80,7,39.2,13562009.47
5,80,7,39.3,12694040.86
5,80,7,39.4,12260056.56
5,80,7,39.5,12802536.94
5,80,7,39.6,12802536.94
5,80,7,39.7,13670505.54
5,80,7,39.8,13345017.32
5,80,7,39.9,13345017.32
5,80,7,40,11175095.8
5,80,7,40.1,10632615.42
5,80,7,40.2,12694040.86
5,80,7,40.3,10958103.65
5,80,7,40.4,12911033.01
5,80,7,40.5,12802536.94
5,80,7,40.6,11175095.8
5,80,7,40.7,11934568.33
5,80,7,40.8,10415623.27
5,80,7,40.9,13019529.09
5,80,7,41,10741111.5
5,80,7,41.1,12043064.41
5,80,7,41.2,11826072.26
5,80,7,41.3,13236521.24
5,80,7,41.4,11826072.26
5,80,7,41.5,11500584.03
5,80,7,41.6,11066599.73
5,80,7,41.7,12260056.56
5,80,7,41.8,11175095.8
5,80,7,41.9,10741111.5
5,80,7,42,12585544.79
5,80,7,42.1,11175095.8
5,80,7,42.2,11066599.73
5,80,7,42.3,9222166.438
5,80,7,42.4,11392087.95
5,80,7,42.5,11066599.73
5,80,7,42.6,11500584.03
5,80,7,42.7,11392087.95
5,80,7,42.8,11934568.33
5,80,7,42.9,10958103.65
5,80,7,43,9330662.514
5,80,7,43.1,11500584.03
5,80,7,43.2,10198631.12
5,80,7,43.3,9547654.665
5,80,7,43.4,10741111.5
5,80,7,43.5,9873142.893
5,80,7,43.6,10307127.2
5,80,7,43.7,10741111.5
5,80,7,43.8,8137205.681
5,80,7,43.9,8245701.756
5,80,7,44,11609080.1
5,80,7,44.1,9981638.968
5,80,7,44.2,11175095.8
5,80,7,44.3,10307127.2
5,80,7,44.4,10632615.42
5,80,7,44.5,11066599.73
5,80,7,44.6,12911033.01
5,80,7,44.7,12151560.48
5,80,7,44.8,8354197.832
5,80,7,44.9,9981638.968
5,80,7,45,9547654.665
5,80,7,45.1,7703221.378
5,80,7,45.2,10198631.12
5,80,7,45.3,9439158.59
5,80,7,45.4,9764646.817
5,80,7,45.5,8679686.059
5,80,7,45.6,10090135.04
5,80,7,45.7,8354197.832
5,80,7,45.8,10849607.57
5,80,7,45.9,9005174.287
5,80,7,46,10090135.04
5,80,7,46.1,8462693.908
5,80,7,46.2,10632615.42
5,80,7,46.3,8462693.908
5,80,7,46.4,9547654.665
5,80,7,46.5,10307127.2
5,80,7,46.6,10524119.35
5,80,7,46.7,9656150.741
5,80,7,46.8,7594725.302
5,80,7,46.9,9981638.968
5,80,7,47,10741111.5
5,80,7,47.1,8788182.135
5,80,7,47.2,10090135.04
5,80,7,47.3,8354197.832
5,80,7,47.4,9547654.665
5,80,7,47.5,9222166.438
5,80,7,47.6,8354197.832
5,80,7,47.7,8245701.756
5,80,7,47.8,9547654.665
5,80,7,47.9,9764646.817
5,80,7,48,8896678.211
5,80,7,48.1,8788182.135
5,80,7,48.2,7377733.151
5,80,7,48.3,8462693.908
5,80,7,48.4,9656150.741
5,80,7,48.5,8137205.681
5,80,7,48.6,11066599.73
5,80,7,48.7,7594725.302
5,80,7,48.8,10958103.65
5,80,7,48.9,8245701.756
5,80,7,49,8137205.681
5,80,7,49.1,7486229.226
5,80,7,49.2,7703221.378
5,80,7,49.3,8137205.681
5,80,7,49.4,8679686.059
5,80,7,49.5,8028709.605
5,80,7,49.6,9764646.817
5,80,7,49.7,7486229.226
5,80,7,49.8,9981638.968
5,80,7,49.9,9222166.438
5,80,7,50,7811717.454
5,80,7,50.1,7486229.226
5,80,7,50.2,9113670.362
5,80,7,50.3,9330662.514
5,80,7,50.4,10090135.04
5,80,7,50.5,10415623.27
5,80,7,50.6,9222166.438
5,80,7,50.7,7269237.075
5,80,7,50.8,8571189.984
5,80,7,50.9,8028709.605
5,80,7,51,7269237.075
5,80,7,51.1,7811717.454
5,80,7,51.2,7269237.075
5,80,7,51.3,7703221.378
5,80,7,51.4,8354197.832
5,80,7,51.5,7269237.075
5,80,7,51.6,7377733.151
5,80,7,51.7,7486229.226
5,80,7,51.8,7594725.302
5,80,7,51.9,6943748.848
5,80,7,52,7703221.378
5,80,7,52.1,7703221.378
5,80,7,52.2,6943748.848
5,80,7,52.3,7594725.302
5,80,7,52.4,9222166.438
5,80,7,52.5,7703221.378
5,80,7,52.6,8679686.059
5,80,7,52.7,8245701.756
5,80,7,52.8,7160740.999
5,80,7,52.9,7703221.378
5,80,7,53,6726756.696
5,80,7,53.1,6509764.545
5,80,7,53.2,7486229.226
5,80,7,53.3,7486229.226
5,80,7,53.4,8028709.605
5,80,7,53.5,9005174.287
5,80,7,53.6,6292772.393
5,80,7,53.7,6726756.696
5,80,7,53.8,8462693.908
5,80,7,53.9,6618260.62
5,80,7,54,8354197.832
5,80,7,54.1,8028709.605
5,80,7,54.2,8137205.681
5,80,7,54.3,6618260.62
5,80,7,54.4,5750292.014
5,80,7,54.5,6835252.772
5,80,7,54.6,6509764.545
5,80,7,54.7,6075780.242
5,80,7,54.8,7377733.151
5,80,7,54.9,6726756.696
5,80,7,55,6618260.62
5,80,7,55.1,8245701.756
5,80,7,55.2,7377733.151
5,80,7,55.3,6184276.317
5,80,7,55.4,4882323.408
5,80,7,55.5,6075780.242
5,80,7,55.6,7486229.226
5,80,7,55.7,7160740.999
5,80,7,55.8,5967284.166
5,80,7,55.9,6943748.848
5,80,7,56,6943748.848
5,80,7,56.1,6726756.696
5,80,7,56.2,6401268.469
5,80,7,56.3,6618260.62
5,80,7,56.4,6292772.393
5,80,7,56.5,7160740.999
5,80,7,56.6,7160740.999
5,80,7,56.7,5641795.939
5,80,7,56.8,5207811.636
5,80,7,56.9,5750292.014
5,80,7,57,6292772.393
5,80,7,57.1,6075780.242
5,80,7,57.2,7377733.151
5,80,7,57.3,5316307.711
5,80,7,57.4,4122850.878
5,80,7,57.5,5750292.014
5,80,7,57.6,6401268.469
5,80,7,57.7,5967284.166
5,80,7,57.8,6075780.242
5,80,7,57.9,6292772.393
5,80,7,58,3905858.727
5,80,7,58.1,15623434.91
5,80,7,58.2,5750292.014
5,80,7,58.3,6726756.696
5,80,7,58.4,6726756.696
5,80,7,58.5,5858788.09
5,80,7,58.6,7594725.302
5,80,7,58.7,4990819.484
5,80,7,58.8,5858788.09
5,80,7,58.9,4990819.484
5,80,7,59,6726756.696
5,80,7,59.1,5858788.09
5,80,7,59.2,5533299.863
5,80,7,59.3,4665331.257
5,80,7,59.4,5316307.711
5,80,7,59.5,18335836.8
5,80,7,59.6,5750292.014
5,80,7,59.7,5750292.014
5,80,7,59.8,5316307.711
5,80,7,59.9,4773827.333
5,80,7,60,7594725.302
5,80,7,60.1,6292772.393
5,80,7,60.2,4339843.03
5,80,7,60.3,4448339.105
5,80,7,60.4,5533299.863
5,80,7,60.5,5533299.863
5,80,7,60.6,5207811.636
5,80,7,60.7,5424803.787
5,80,7,60.8,4882323.408
5,80,7,60.9,5967284.166
5,80,7,61,5750292.014
5,80,7,61.1,3580370.5
5,80,7,61.2,5316307.711
5,80,7,61.3,4882323.408
5,80,7,61.4,4990819.484
5,80,7,61.5,5533299.863
5,80,7,61.6,4556835.181
5,80,7,61.7,5533299.863
5,80,7,61.8,4773827.333
5,80,7,61.9,4556835.181
5,80,7,62,4773827.333
5,80,7,62.1,4990819.484
5,80,7,62.2,4665331.257
5,80,7,62.3,4773827.333
5,80,7,62.4,3797362.651
5,80,7,62.5,4339843.03
5,80,7,62.6,3471874.424
5,80,7,62.7,4556835.181
5,80,7,62.8,4882323.408
5,80,7,62.9,4122850.878
5,80,7,63,3146386.197
5,80,7,63.1,5424803.787
5,80,7,63.2,3905858.727
5,80,7,63.3,6618260.62
5,80,7,63.4,4122850.878
5,80,7,63.5,3797362.651
5,80,7,63.6,5858788.09
5,80,7,63.7,3905858.727
5,80,7,63.8,4665331.257
5,80,7,63.9,4773827.333
5,80,7,64,4122850.878
5,80,7,64.1,3797362.651
5,80,7,64.2,4773827.333
5,80,7,64.3,4665331.257
5,80,7,64.4,4014354.803
5,80,7,64.5,4448339.105
5,80,7,64.6,4339843.03
5,80,7,64.7,3146386.197
5,80,7,64.8,2603905.818
5,80,7,64.9,3688866.575
5,80,7,65,3797362.651
5,80,7,65.1,5207811.636
5,80,7,65.2,4990819.484
5,80,7,65.3,4014354.803
5,80,7,65.4,4665331.257
5,80,7,65.5,4122850.878
5,80,7,65.6,4339843.03
5,80,7,65.7,4773827.333
5,80,7,65.8,3688866.575
5,80,7,65.9,4448339.105
5,80,7,66,3254882.272
5,80,7,66.1,2820897.969
5,80,7,66.2,4448339.105
5,80,7,66.3,2929394.045
5,80,7,66.4,4556835.181
5,80,7,66.5,2712401.894
5,80,7,66.6,3254882.272
5,80,7,66.7,4014354.803
5,80,7,66.8,3146386.197
5,80,7,66.9,4231346.954
5,80,7,67,4556835.181
5,80,7,67.1,5207811.636
5,80,7,67.2,4231346.954
5,80,7,67.3,3905858.727
5,80,7,67.4,5316307.711
5,80,7,67.5,3580370.5
5,80,7,67.6,3797362.651
5,80,7,67.7,2929394.045
5,80,7,67.8,3146386.197
5,80,7,67.9,4231346.954
5,80,7,68,4773827.333
5,80,7,68.1,2820897.969
5,80,7,68.2,3146386.197
5,80,7,68.3,3037890.121
5,80,7,68.4,3037890.121
5,80,7,68.5,3146386.197
5,80,7,68.6,2820897.969
5,80,7,68.7,3037890.121
5,80,7,68.8,2820897.969
5,80,7,68.9,3037890.121
5,80,7,69,3580370.5
5,80,7,69.1,2386913.666
5,80,7,69.2,2929394.045
5,80,7,69.3,2929394.045
5,80,7,69.4,4014354.803
5,80,7,69.5,3037890.121
5,80,7,69.6,3254882.272
5,80,7,69.7,2169921.515
5,80,7,69.8,4122850.878
5,80,7,69.9,2278417.591
5,80,7,70,2495409.742
5,80,7,70.1,2495409.742
5,80,7,70.2,1952929.363
5,80,7,70.3,2603905.818
5,80,7,70.4,2929394.045
5,80,7,70.5,3363378.348
5,80,7,70.6,2278417.591
5,80,7,70.7,2386913.666
5,80,7,70.8,2929394.045
5,80,7,70.9,2712401.894
5,80,7,71,3363378.348
5,80,7,71.1,3797362.651
5,80,7,71.2,2820897.969
5,80,7,71.3,3363378.348
5,80,7,71.4,1844433.288
5,80,7,71.5,1844433.288
5,80,7,71.6,2603905.818
5,80,7,71.7,3146386.197
5,80,7,71.8,1735937.212
5,80,7,71.9,1735937.212
5,80,7,72,2495409.742
5,80,7,72.1,2061425.439
5,80,7,72.2,2061425.439
5,80,7,72.3,3146386.197
5,80,7,72.4,1952929.363
5,80,7,72.5,3254882.272
5,80,7,72.6,1627441.136
5,80,7,72.7,2603905.818
5,80,7,72.8,2169921.515
5,80,7,72.9,2169921.515
5,80,7,73,1518945.06
5,80,7,73.1,1735937.212
5,80,7,73.2,1952929.363
5,80,7,73.3,2061425.439
5,80,7,73.4,1952929.363
5,80,7,73.5,2169921.515
5,80,7,73.6,2929394.045
5,80,7,73.7,1844433.288
5,80,7,73.8,1627441.136
5,80,7,73.9,1735937.212
5,80,7,74,2169921.515
5,80,7,74.1,2278417.591
5,80,7,74.2,2061425.439
5,80,7,74.3,2061425.439
5,80,7,74.4,1735937.212
5,80,7,74.5,2061425.439
5,80,7,74.6,1084960.757
5,80,7,74.7,2278417.591
5,80,7,74.8,1627441.136
5,80,7,74.9,2061425.439
5,80,7,75,759472.5302
5,80,7,75.1,2386913.666
5,80,7,75.2,1627441.136
5,80,7,75.3,2061425.439
5,80,7,75.4,1518945.06
5,80,7,75.5,1301952.909
5,80,7,75.6,1844433.288
5,80,7,75.7,976464.6817
5,80,7,75.8,1084960.757
5,80,7,75.9,1627441.136
5,80,7,76,759472.5302
5,80,7,76.1,2061425.439
5,80,7,76.2,1301952.909
5,80,7,76.3,1410448.985
5,80,7,76.4,867968.6059
5,80,7,76.5,1735937.212
5,80,7,76.6,1735937.212
5,80,7,76.7,976464.6817
5,80,7,76.8,1518945.06
5,80,7,76.9,976464.6817
5,80,7,77,1301952.909
5,80,7,77.1,1193456.833
5,80,7,77.2,1193456.833
5,80,7,77.3,1193456.833
5,80,7,77.4,1410448.985
5,80,7,77.5,1193456.833
5,80,7,77.6,2061425.439
5,80,7,77.7,1084960.757
5,80,7,77.8,759472.5302
5,80,7,77.9,759472.5302
5,80,7,78,433984.303
5,80,7,78.1,759472.5302
5,80,7,78.2,433984.303
5,80,7,78.3,1301952.909
5,80,7,78.4,867968.6059
5,80,7,78.5,976464.6817
5,80,7,78.6,867968.6059
5,80,7,78.7,216992.1515
5,80,7,78.8,542480.3787
5,80,7,78.9,867968.6059
5,80,7,79,433984.303
5,80,7,79.1,1084960.757
5,80,7,79.2,650976.4545
5,80,7,79.3,976464.6817
5,80,7,79.4,759472.5302
5,80,7,79.5,759472.5302
5,80,7,79.6,542480.3787
5,80,7,79.7,216992.1515
5,80,7,79.8,216992.1515
5,80,7,79.9,216992.1515
5,150,7,3.4,203760.9227
5,150,7,3.5,611282.7682
5,150,7,3.6,203760.9227
5,150,7,3.7,1018804.614
5,150,7,3.8,407521.8455
5,150,7,3.9,815043.6909
5,150,7,4,407521.8455
5,150,7,4.1,1426326.459
5,150,7,4.2,1833848.305
5,150,7,4.3,1426326.459
5,150,7,4.4,3056413.841
5,150,7,4.5,3871457.532
5,150,7,4.6,3871457.532
5,150,7,4.7,4075218.455
5,150,7,4.8,4686501.223
5,150,7,4.9,7335393.219
5,150,7,5,5094023.068
5,150,7,5.1,6724110.45
5,150,7,5.2,6520349.528
5,150,7,5.3,8150436.909
5,150,7,5.4,12429416.29
5,150,7,5.5,10595567.98
5,150,7,5.6,11818133.52
5,150,7,5.7,17115917.51
5,150,7,5.8,12429416.29
5,150,7,5.9,18338483.05
5,150,7,6,16300873.82
5,150,7,6.1,18949765.81
5,150,7,6.2,16504634.74
5,150,7,6.3,19968570.43
5,150,7,6.4,23636267.04
5,150,7,6.5,23228745.19
5,150,7,6.6,25673876.26
5,150,7,6.7,27303963.65
5,150,7,6.8,25470115.34
5,150,7,6.9,25673876.26
5,150,7,7,33213030.41
5,150,7,7.1,34231835.02
5,150,7,7.2,36473205.17
5,150,7,7.3,39122097.17
5,150,7,7.4,128980664.1
5,150,7,7.5,38510814.4
5,150,7,7.6,44216120.23
5,150,7,7.7,42789793.77
5,150,7,7.8,47680055.92
5,150,7,7.9,50940230.68
5,150,7,8,46865012.23
5,150,7,8.1,49310143.3
5,150,7,8.2,45031163.92
5,150,7,8.3,297898469
5,150,7,8.4,2201229248
5,150,7,8.5,58275623.9
5,150,7,8.6,56441775.6
5,150,7,8.7,62350842.36
5,150,7,8.8,87209674.93
5,150,7,8.9,56849297.44
5,150,7,9,60720754.98
5,150,7,9.1,66426060.81
5,150,7,9.2,61739559.59
5,150,7,9.3,70093757.42
5,150,7,9.4,58886906.67
5,150,7,9.5,146096581.6
5,150,7,9.6,120015183.5
5,150,7,9.7,1558567298
5,150,7,9.8,196833051.4
5,150,7,9.9,140391275.8
5,150,7,10,679746438.3
5,150,7,10.1,84764543.86
5,150,7,10.2,79670520.79
5,150,7,10.3,40344662.7
5,150,7,10.4,34028074.1
5,150,7,10.5,36676966.09
5,150,7,10.6,42586032.85
5,150,7,10.7,36269444.25
5,150,7,10.8,35454400.56
5,150,7,10.9,42178511.01
5,150,7,11,43401076.54
5,150,7,11.1,34639356.87
5,150,7,11.2,43401076.54
5,150,7,11.3,222710688.6
5,150,7,11.4,39122097.17
5,150,7,11.5,45846207.62
5,150,7,11.6,47068773.15
5,150,7,11.7,51755274.38
5,150,7,11.8,32194225.79
5,150,7,11.9,35454400.56
5,150,7,12,35454400.56
5,150,7,12.1,32194225.79
5,150,7,12.2,29137811.95
5,150,7,12.3,26692680.88
5,150,7,12.4,30971660.26
5,150,7,12.5,29545333.8
5,150,7,12.6,29545333.8
5,150,7,12.7,26896441.8
5,150,7,12.8,32805508.56
5,150,7,12.9,31990464.87
5,150,7,13,34435595.94
5,150,7,13.1,32601747.64
5,150,7,13.2,37084487.94
5,150,7,13.3,31990464.87
5,150,7,13.4,37084487.94
5,150,7,13.5,32805508.56
5,150,7,13.6,36473205.17
5,150,7,13.7,34843117.79
5,150,7,13.8,41363467.32
5,150,7,13.9,35861922.4
5,150,7,14,34843117.79
5,150,7,14.1,37084487.94
5,150,7,14.2,34231835.02
5,150,7,14.3,40955945.47
5,150,7,14.4,38307053.47
5,150,7,14.5,35454400.56
5,150,7,14.6,38918336.24
5,150,7,14.7,37899531.63
5,150,7,14.8,35046878.71
5,150,7,14.9,39529619.01
5,150,7,15,35046878.71
5,150,7,15.1,42586032.85
5,150,7,15.2,36676966.09
5,150,7,15.3,44216120.23
5,150,7,15.4,37695770.71
5,150,7,15.5,42382271.93
5,150,7,15.6,41974750.08
5,150,7,15.7,38714575.32
5,150,7,15.8,40344662.7
5,150,7,15.9,39733379.93
5,150,7,16,43808598.39
5,150,7,16.1,41974750.08
5,150,7,16.2,47476295
5,150,7,16.3,44012359.31
5,150,7,16.4,43604837.47
5,150,7,16.5,42789793.77
5,150,7,16.6,37899531.63
5,150,7,16.7,47680055.92
5,150,7,16.8,42382271.93
5,150,7,16.9,41974750.08
5,150,7,17,44419881.16
5,150,7,17.1,36065683.32
5,150,7,17.2,46865012.23
5,150,7,17.3,48087577.77
5,150,7,17.4,41770989.16
5,150,7,17.5,47883816.84
5,150,7,17.6,41974750.08
5,150,7,17.7,38307053.47
5,150,7,17.8,41567228.24
5,150,7,17.9,47272534.08
5,150,7,18,47476295
5,150,7,18.1,40955945.47
5,150,7,18.2,44216120.23
5,150,7,18.3,42178511.01
5,150,7,18.4,45642446.69
5,150,7,18.5,39733379.93
5,150,7,18.6,48291338.69
5,150,7,18.7,45642446.69
5,150,7,18.8,44419881.16
5,150,7,18.9,43197315.62
5,150,7,19,42382271.93
5,150,7,19.1,50328947.92
5,150,7,19.2,46457490.38
5,150,7,19.3,46865012.23
5,150,7,19.4,44827403
5,150,7,19.5,45234924.85
5,150,7,19.6,46661251.31
5,150,7,19.7,44012359.31
5,150,7,19.8,41363467.32
5,150,7,19.9,50736469.76
5,150,7,20,49513904.23
5,150,7,20.1,44623642.08
5,150,7,20.2,47476295
5,150,7,20.3,47068773.15
5,150,7,20.4,43808598.39
5,150,7,20.5,45642446.69
5,150,7,20.6,41770989.16
5,150,7,20.7,38510814.4
5,150,7,20.8,45642446.69
5,150,7,20.9,48087577.77
5,150,7,21,45642446.69
5,150,7,21.1,46253729.46
5,150,7,21.2,43401076.54
5,150,7,21.3,44419881.16
5,150,7,21.4,47476295
5,150,7,21.5,45234924.85
5,150,7,21.6,48291338.69
5,150,7,21.7,45438685.77
5,150,7,21.8,42789793.77
5,150,7,21.9,47680055.92
5,150,7,22,43604837.47
5,150,7,22.1,53385361.76
5,150,7,22.2,41770989.16
5,150,7,22.3,48291338.69
5,150,7,22.4,44216120.23
5,150,7,22.5,43197315.62
5,150,7,22.6,48902621.46
5,150,7,22.7,47068773.15
5,150,7,22.8,44012359.31
5,150,7,22.9,48087577.77
5,150,7,23,39937140.86
5,150,7,23.1,38918336.24
5,150,7,23.2,50125186.99
5,150,7,23.3,42993554.7
5,150,7,23.4,44623642.08
5,150,7,23.5,45438685.77
5,150,7,23.6,37288248.86
5,150,7,23.7,49717665.15
5,150,7,23.8,49310143.3
5,150,7,23.9,41363467.32
5,150,7,24,45642446.69
5,150,7,24.1,45846207.62
5,150,7,24.2,43808598.39
5,150,7,24.3,44012359.31
5,150,7,24.4,37695770.71
5,150,7,24.5,39529619.01
5,150,7,24.6,46457490.38
5,150,7,24.7,42382271.93
5,150,7,24.8,43197315.62
5,150,7,24.9,42382271.93
5,150,7,25,38714575.32
5,150,7,25.1,41159706.39
5,150,7,25.2,40548423.62
5,150,7,25.3,41159706.39
5,150,7,25.4,43604837.47
5,150,7,25.5,39325858.09
5,150,7,25.6,42178511.01
5,150,7,25.7,44216120.23
5,150,7,25.8,44419881.16
5,150,7,25.9,39733379.93
5,150,7,26,41567228.24
5,150,7,26.1,44216120.23
5,150,7,26.2,44419881.16
5,150,7,26.3,42789793.77
5,150,7,26.4,42586032.85
5,150,7,26.5,46049968.54
5,150,7,26.6,38307053.47
5,150,7,26.7,39733379.93
5,150,7,26.8,37899531.63
5,150,7,26.9,41567228.24
5,150,7,27,42993554.7
5,150,7,27.1,37695770.71
5,150,7,27.2,36269444.25
5,150,7,27.3,41974750.08
5,150,7,27.4,37288248.86
5,150,7,27.5,43401076.54
5,150,7,27.6,38510814.4
5,150,7,27.7,35454400.56
5,150,7,27.8,38714575.32
5,150,7,27.9,46661251.31
5,150,7,28,34435595.94
5,150,7,28.1,40752184.55
5,150,7,28.2,33416791.33
5,150,7,28.3,44623642.08
5,150,7,28.4,38918336.24
5,150,7,28.5,39529619.01
5,150,7,28.6,39529619.01
5,150,7,28.7,35658161.48
5,150,7,28.8,39937140.86
5,150,7,28.9,38307053.47
5,150,7,29,39325858.09
5,150,7,29.1,37492009.78
5,150,7,29.2,40344662.7
5,150,7,29.3,37084487.94
5,150,7,29.4,39937140.86
5,150,7,29.5,37492009.78
5,150,7,29.6,41567228.24
5,150,7,29.7,37084487.94
5,150,7,29.8,39733379.93
5,150,7,29.9,37084487.94
5,150,7,30,38307053.47
5,150,7,30.1,37084487.94
5,150,7,30.2,33213030.41
5,150,7,30.3,36473205.17
5,150,7,30.4,35046878.71
5,150,7,30.5,41567228.24
5,150,7,30.6,40548423.62
5,150,7,30.7,37899531.63
5,150,7,30.8,38918336.24
5,150,7,30.9,35250639.63
5,150,7,31,37695770.71
5,150,7,31.1,35658161.48
5,150,7,31.2,33824313.17
5,150,7,31.3,32601747.64
5,150,7,31.4,38103292.55
5,150,7,31.5,39325858.09
5,150,7,31.6,32194225.79
5,150,7,31.7,36473205.17
5,150,7,31.8,38918336.24
5,150,7,31.9,35046878.71
5,150,7,32,33416791.33
5,150,7,32.1,33824313.17
5,150,7,32.2,31990464.87
5,150,7,32.3,35861922.4
5,150,7,32.4,35046878.71
5,150,7,32.5,31786703.95
5,150,7,32.6,32601747.64
5,150,7,32.7,33416791.33
5,150,7,32.8,34028074.1
5,150,7,32.9,30767899.33
5,150,7,33,33213030.41
5,150,7,33.1,38714575.32
5,150,7,33.2,39122097.17
5,150,7,33.3,32194225.79
5,150,7,33.4,33620552.25
5,150,7,33.5,34231835.02
5,150,7,33.6,30971660.26
5,150,7,33.7,33824313.17
5,150,7,33.8,34028074.1
5,150,7,33.9,35658161.48
5,150,7,34,29545333.8
5,150,7,34.1,29341572.87
5,150,7,34.2,35250639.63
5,150,7,34.3,34231835.02
5,150,7,34.4,28526529.18
5,150,7,34.5,35250639.63
5,150,7,34.6,36880727.02
5,150,7,34.7,30360377.49
5,150,7,34.8,34639356.87
5,150,7,34.9,29341572.87
5,150,7,35,32601747.64
5,150,7,35.1,29545333.8
5,150,7,35.2,34639356.87
5,150,7,35.3,32194225.79
5,150,7,35.4,33213030.41
5,150,7,35.5,33824313.17
5,150,7,35.6,35454400.56
5,150,7,35.7,34231835.02
5,150,7,35.8,26488919.96
5,150,7,35.9,35250639.63
5,150,7,36,29545333.8
5,150,7,36.1,33416791.33
5,150,7,36.2,32194225.79
5,150,7,36.3,33620552.25
5,150,7,36.4,26285159.03
5,150,7,36.5,30360377.49
5,150,7,36.6,31786703.95
5,150,7,36.7,29952855.64
5,150,7,36.8,29137811.95
5,150,7,36.9,34028074.1
5,150,7,37,28119007.34
5,150,7,37.1,26692680.88
5,150,7,37.2,30156616.57
5,150,7,37.3,30564138.41
5,150,7,37.4,27507724.57
5,150,7,37.5,29341572.87
5,150,7,37.6,26285159.03
5,150,7,37.7,27303963.65
5,150,7,37.8,33213030.41
5,150,7,37.9,30360377.49
5,150,7,38,28934051.03
5,150,7,38.1,29341572.87
5,150,7,38.2,29341572.87
5,150,7,38.3,28119007.34
5,150,7,38.4,27915246.42
5,150,7,38.5,32194225.79
5,150,7,38.6,26285159.03
5,150,7,38.7,26488919.96
5,150,7,38.8,24451310.73
5,150,7,38.9,23636267.04
5,150,7,39,31990464.87
5,150,7,39.1,29341572.87
5,150,7,39.2,29749094.72
5,150,7,39.3,28322768.26
5,150,7,39.4,28526529.18
5,150,7,39.5,27915246.42
5,150,7,39.6,30360377.49
5,150,7,39.7,27507724.57
5,150,7,39.8,32805508.56
5,150,7,39.9,22821223.35
5,150,7,40,28730290.11
5,150,7,40.1,30156616.57
5,150,7,40.2,29545333.8
5,150,7,40.3,28730290.11
5,150,7,40.4,25673876.26
5,150,7,40.5,29341572.87
5,150,7,40.6,23840027.96
5,150,7,40.7,25470115.34
5,150,7,40.8,28934051.03
5,150,7,40.9,31379182.1
5,150,7,41,29749094.72
5,150,7,41.1,25266354.42
5,150,7,41.2,32397986.72
5,150,7,41.3,26285159.03
5,150,7,41.4,22006179.66
5,150,7,41.5,23636267.04
5,150,7,41.6,24858832.57
5,150,7,41.7,25877637.19
5,150,7,41.8,26285159.03
5,150,7,41.9,27507724.57
5,150,7,42,27303963.65
5,150,7,42.1,26488919.96
5,150,7,42.2,24858832.57
5,150,7,42.3,23024984.27
5,150,7,42.4,24655071.65
5,150,7,42.5,29341572.87
5,150,7,42.6,27100202.72
5,150,7,42.7,26081398.11
5,150,7,42.8,19153526.74
5,150,7,42.9,22006179.66
5,150,7,43,22209940.58
5,150,7,43.1,20172331.35
5,150,7,43.2,25877637.19
5,150,7,43.3,24451310.73
5,150,7,43.4,21598657.81
5,150,7,43.5,24858832.57
5,150,7,43.6,25062593.5
5,150,7,43.7,25673876.26
5,150,7,43.8,27303963.65
5,150,7,43.9,26488919.96
5,150,7,44,26896441.8
5,150,7,44.1,24247549.81
5,150,7,44.2,27303963.65
5,150,7,44.3,24043788.88
5,150,7,44.4,25877637.19
5,150,7,44.5,25673876.26
5,150,7,44.6,25470115.34
5,150,7,44.7,24043788.88
5,150,7,44.8,21394896.89
5,150,7,44.9,21598657.81
5,150,7,45,20987375.04
5,150,7,45.1,27507724.57
5,150,7,45.2,21598657.81
5,150,7,45.3,26081398.11
5,150,7,45.4,21191135.96
5,150,7,45.5,22413701.5
5,150,7,45.6,22006179.66
5,150,7,45.7,20376092.27
5,150,7,45.8,24655071.65
5,150,7,45.9,22821223.35
5,150,7,46,24858832.57
5,150,7,46.1,21394896.89
5,150,7,46.2,23432506.11
5,150,7,46.3,22413701.5
5,150,7,46.4,22209940.58
5,150,7,46.5,19764809.51
5,150,7,46.6,22209940.58
5,150,7,46.7,22209940.58
5,150,7,46.8,24247549.81
5,150,7,46.9,23636267.04
5,150,7,47,25877637.19
5,150,7,47.1,23024984.27
5,150,7,47.2,23636267.04
5,150,7,47.3,17523439.36
5,150,7,47.4,26896441.8
5,150,7,47.5,24655071.65
5,150,7,47.6,23432506.11
5,150,7,47.7,27507724.57
5,150,7,47.8,21802418.73
5,150,7,47.9,23228745.19
5,150,7,48,22413701.5
5,150,7,48.1,20783614.12
5,150,7,48.2,21191135.96
5,150,7,48.3,20172331.35
5,150,7,48.4,20783614.12
5,150,7,48.5,20783614.12
5,150,7,48.6,17930961.2
5,150,7,48.7,23228745.19
5,150,7,48.8,18338483.05
5,150,7,48.9,24451310.73
5,150,7,49,15893351.97
5,150,7,49.1,21802418.73
5,150,7,49.2,19561048.58
5,150,7,49.3,20376092.27
5,150,7,49.4,22209940.58
5,150,7,49.5,16504634.74
5,150,7,49.6,19153526.74
5,150,7,49.7,19764809.51
5,150,7,49.8,21394896.89
5,150,7,49.9,19357287.66
5,150,7,50,22006179.66
5,150,7,50.1,24858832.57
5,150,7,50.2,19357287.66
5,150,7,50.3,25470115.34
5,150,7,50.4,22006179.66
5,150,7,50.5,20376092.27
5,150,7,50.6,19153526.74
5,150,7,50.7,19764809.51
5,150,7,50.8,23840027.96
5,150,7,50.9,20579853.2
5,150,7,51,20783614.12
5,150,7,51.1,19561048.58
5,150,7,51.2,16912156.59
5,150,7,51.3,19764809.51
5,150,7,51.4,19357287.66
5,150,7,51.5,18949765.81
5,150,7,51.6,17727200.28
5,150,7,51.7,18134722.12
5,150,7,51.8,20987375.04
5,150,7,51.9,19153526.74
5,150,7,52,15485830.13
5,150,7,52.1,19968570.43
5,150,7,52.2,19561048.58
5,150,7,52.3,20987375.04
5,150,7,52.4,19153526.74
5,150,7,52.5,18746004.89
5,150,7,52.6,17319678.43
5,150,7,52.7,17319678.43
5,150,7,52.8,17319678.43
5,150,7,52.9,21191135.96
5,150,7,53,17727200.28
5,150,7,53.1,19561048.58
5,150,7,53.2,18542243.97
5,150,7,53.3,18746004.89
5,150,7,53.4,20579853.2
5,150,7,53.5,18338483.05
5,150,7,53.6,20987375.04
5,150,7,53.7,20987375.04
5,150,7,53.8,14874547.36
5,150,7,53.9,19561048.58
5,150,7,54,16708395.66
5,150,7,54.1,18949765.81
5,150,7,54.2,18949765.81
5,150,7,54.3,19561048.58
5,150,7,54.4,19968570.43
5,150,7,54.5,16504634.74
5,150,7,54.6,17930961.2
5,150,7,54.7,20376092.27
5,150,7,54.8,18338483.05
5,150,7,54.9,15893351.97
5,150,7,55,18542243.97
5,150,7,55.1,17523439.36
5,150,7,55.2,18338483.05
5,150,7,55.3,14059503.67
5,150,7,55.4,21394896.89
5,150,7,55.5,16708395.66
5,150,7,55.6,19764809.51
5,150,7,55.7,17319678.43
5,150,7,55.8,18134722.12
5,150,7,55.9,15282069.21
5,150,7,56,17115917.51
5,150,7,56.1,16300873.82
5,150,7,56.2,18134722.12
5,150,7,56.3,18949765.81
5,150,7,56.4,16097112.9
5,150,7,56.5,15689591.05
5,150,7,56.6,18338483.05
5,150,7,56.7,15485830.13
5,150,7,56.8,15078308.28
5,150,7,56.9,19357287.66
5,150,7,57,15893351.97
5,150,7,57.1,17319678.43
5,150,7,57.2,17115917.51
5,150,7,57.3,16504634.74
5,150,7,57.4,14874547.36
5,150,7,57.5,19561048.58
5,150,7,57.6,16708395.66
5,150,7,57.7,16708395.66
5,150,7,57.8,20579853.2
5,150,7,57.9,17930961.2
5,150,7,58,16912156.59
5,150,7,58.1,203353400.9
5,150,7,58.2,16300873.82
5,150,7,58.3,19153526.74
5,150,7,58.4,17115917.51
5,150,7,58.5,17930961.2
5,150,7,58.6,16708395.66
5,150,7,58.7,14874547.36
5,150,7,58.8,13244459.98
5,150,7,58.9,17115917.51
5,150,7,59,14059503.67
5,150,7,59.1,17523439.36
5,150,7,59.2,19153526.74
5,150,7,59.3,16097112.9
5,150,7,59.4,12429416.29
5,150,7,59.5,341095784.7
5,150,7,59.6,13040699.06
5,150,7,59.7,18746004.89
5,150,7,59.8,16504634.74
5,150,7,59.9,15689591.05
5,150,7,60,12633177.21
5,150,7,60.1,18746004.89
5,150,7,60.2,16300873.82
5,150,7,60.3,16300873.82
5,150,7,60.4,17523439.36
5,150,7,60.5,16097112.9
5,150,7,60.6,16708395.66
5,150,7,60.7,12633177.21
5,150,7,60.8,15282069.21
5,150,7,60.9,13244459.98
5,150,7,61,17319678.43
5,150,7,61.1,16504634.74
5,150,7,61.2,15485830.13
5,150,7,61.3,13855742.75
5,150,7,61.4,16300873.82
5,150,7,61.5,18134722.12
5,150,7,61.6,16912156.59
5,150,7,61.7,13651981.82
5,150,7,61.8,14670786.44
5,150,7,61.9,15485830.13
5,150,7,62,15485830.13
5,150,7,62.1,14059503.67
5,150,7,62.2,14059503.67
5,150,7,62.3,15078308.28
5,150,7,62.4,15282069.21
5,150,7,62.5,15893351.97
5,150,7,62.6,17727200.28
5,150,7,62.7,19153526.74
5,150,7,62.8,13448220.9
5,150,7,62.9,15485830.13
5,150,7,63,13040699.06
5,150,7,63.1,16504634.74
5,150,7,63.2,16708395.66
5,150,7,63.3,14263264.59
5,150,7,63.4,14467025.51
5,150,7,63.5,14467025.51
5,150,7,63.6,17727200.28
5,150,7,63.7,14467025.51
5,150,7,63.8,14467025.51
5,150,7,63.9,15078308.28
5,150,7,64,12021894.44
5,150,7,64.1,13448220.9
5,150,7,64.2,16708395.66
5,150,7,64.3,13244459.98
5,150,7,64.4,14059503.67
5,150,7,64.5,13855742.75
5,150,7,64.6,15078308.28
5,150,7,64.7,13244459.98
5,150,7,64.8,13651981.82
5,150,7,64.9,15485830.13
5,150,7,65,16912156.59
5,150,7,65.1,12429416.29
5,150,7,65.2,12836938.13
5,150,7,65.3,14263264.59
5,150,7,65.4,14670786.44
5,150,7,65.5,13448220.9
5,150,7,65.6,12021894.44
5,150,7,65.7,14467025.51
5,150,7,65.8,12633177.21
5,150,7,65.9,14670786.44
5,150,7,66,13448220.9
5,150,7,66.1,16504634.74
5,150,7,66.2,14263264.59
5,150,7,66.3,13855742.75
5,150,7,66.4,12633177.21
5,150,7,66.5,13040699.06
5,150,7,66.6,13448220.9
5,150,7,66.7,13651981.82
5,150,7,66.8,10799328.91
5,150,7,66.9,10188046.14
5,150,7,67,17727200.28
5,150,7,67.1,46661251.31
5,150,7,67.2,11614372.6
5,150,7,67.3,14670786.44
5,150,7,67.4,78855477.1
5,150,7,67.5,13855742.75
5,150,7,67.6,15282069.21
5,150,7,67.7,15689591.05
5,150,7,67.8,13448220.9
5,150,7,67.9,13651981.82
5,150,7,68,11614372.6
5,150,7,68.1,12021894.44
5,150,7,68.2,13040699.06
5,150,7,68.3,11614372.6
5,150,7,68.4,13855742.75
5,150,7,68.5,12836938.13
5,150,7,68.6,11003089.83
5,150,7,68.7,12021894.44
5,150,7,68.8,11818133.52
5,150,7,68.9,13855742.75
5,150,7,69,10188046.14
5,150,7,69.1,15282069.21
5,150,7,69.2,23024984.27
5,150,7,69.3,29341572.87
5,150,7,69.4,14874547.36
5,150,7,69.5,16708395.66
5,150,7,69.6,12836938.13
5,150,7,69.7,12836938.13
5,150,7,69.8,10799328.91
5,150,7,69.9,11410611.67
5,150,7,70,13448220.9
5,150,7,70.1,12429416.29
5,150,7,70.2,13448220.9
5,150,7,70.3,12225655.36
5,150,7,70.4,12429416.29
5,150,7,70.5,13244459.98
5,150,7,70.6,11003089.83
5,150,7,70.7,14263264.59
5,150,7,70.8,11410611.67
5,150,7,70.9,12225655.36
5,150,7,71,13855742.75
5,150,7,71.1,10799328.91
5,150,7,71.2,10188046.14
5,150,7,71.3,10188046.14
5,150,7,71.4,12429416.29
5,150,7,71.5,10391807.06
5,150,7,71.6,10799328.91
5,150,7,71.7,11003089.83
5,150,7,71.8,11206850.75
5,150,7,71.9,9984285.214
5,150,7,72,13855742.75
5,150,7,72.1,11410611.67
5,150,7,72.2,12429416.29
5,150,7,72.3,11003089.83
5,150,7,72.4,12225655.36
5,150,7,72.5,13244459.98
5,150,7,72.6,12225655.36
5,150,7,72.7,11614372.6
5,150,7,72.8,8761719.678
5,150,7,72.9,12836938.13
5,150,7,73,11206850.75
5,150,7,73.1,10188046.14
5,150,7,73.2,13651981.82
5,150,7,73.3,13448220.9
5,150,7,73.4,9984285.214
5,150,7,73.5,11410611.67
5,150,7,73.6,11206850.75
5,150,7,73.7,12021894.44
5,150,7,73.8,10188046.14
5,150,7,73.9,10391807.06
5,150,7,74,11818133.52
5,150,7,74.1,7946675.987
5,150,7,74.2,12225655.36
5,150,7,74.3,11003089.83
5,150,7,74.4,13448220.9
5,150,7,74.5,9373002.446
5,150,7,74.6,8150436.909
5,150,7,74.7,8761719.678
5,150,7,74.8,9780524.291
5,150,7,74.9,12021894.44
5,150,7,75,10391807.06
5,150,7,75.1,10799328.91
5,150,7,75.2,11206850.75
5,150,7,75.3,9780524.291
5,150,7,75.4,11410611.67
5,150,7,75.5,11410611.67
5,150,7,75.6,12633177.21
5,150,7,75.7,12633177.21
5,150,7,75.8,14059503.67
5,150,7,75.9,10188046.14
5,150,7,76,13040699.06
5,150,7,76.1,10799328.91
5,150,7,76.2,11206850.75
5,150,7,76.3,8761719.678
5,150,7,76.4,11410611.67
5,150,7,76.5,11818133.52
5,150,7,76.6,9169241.523
5,150,7,76.7,11614372.6
5,150,7,76.8,9576763.369
5,150,7,76.9,9576763.369
5,150,7,77,10391807.06
5,150,7,77.1,8965480.6
5,150,7,77.2,10188046.14
5,150,7,77.3,9984285.214
5,150,7,77.4,8150436.909
5,150,7,77.5,8150436.909
5,150,7,77.6,9984285.214
5,150,7,77.7,10188046.14
5,150,7,77.8,10799328.91
5,150,7,77.9,8761719.678
5,150,7,78,9576763.369
5,150,7,78.1,9576763.369
5,150,7,78.2,8354197.832
5,150,7,78.3,11614372.6
5,150,7,78.4,8354197.832
5,150,7,78.5,8965480.6
5,150,7,78.6,11206850.75
5,150,7,78.7,10391807.06
5,150,7,78.8,6927871.373
5,150,7,78.9,8761719.678
5,150,7,79,9984285.214
5,150,7,79.1,9169241.523
5,150,7,79.2,7946675.987
5,150,7,79.3,9576763.369
5,150,7,79.4,10188046.14
5,150,7,79.5,9984285.214
5,150,7,79.6,7946675.987
5,150,7,79.7,9373002.446
5,150,7,79.8,7539154.141
5,150,7,79.9,7539154.141
5,150,7,80,10188046.14
5,150,7,80.1,11206850.75
5,150,7,80.2,11410611.67
5,150,7,80.3,5705305.837
5,150,7,80.4,9984285.214
5,150,7,80.5,11410611.67
5,150,7,80.6,8150436.909
5,150,7,80.7,9373002.446
5,150,7,80.8,8150436.909
5,150,7,80.9,8354197.832
5,150,7,81,11206850.75
5,150,7,81.1,8354197.832
5,150,7,81.2,8557958.755
5,150,7,81.3,9373002.446
5,150,7,81.4,8150436.909
5,150,7,81.5,8557958.755
5,150,7,81.6,9373002.446
5,150,7,81.7,10391807.06
5,150,7,81.8,5705305.837
5,150,7,81.9,7946675.987
5,150,7,82,9984285.214
5,150,7,82.1,7539154.141
5,150,7,82.2,9576763.369
5,150,7,82.3,8354197.832
5,150,7,82.4,7946675.987
5,150,7,82.5,9373002.446
5,150,7,82.6,9780524.291
5,150,7,82.7,9373002.446
5,150,7,82.8,8354197.832
5,150,7,82.9,9984285.214
5,150,7,83,9169241.523
5,150,7,83.1,9780524.291
5,150,7,83.2,9576763.369
5,150,7,83.3,8761719.678
5,150,7,83.4,8965480.6
5,150,7,83.5,9169241.523
5,150,7,83.6,10188046.14
5,150,7,83.7,7742915.064
5,150,7,83.8,7539154.141
5,150,7,83.9,8150436.909
5,150,7,84,8150436.909
5,150,7,84.1,6520349.528
5,150,7,84.2,9373002.446
5,150,7,84.3,9169241.523
5,150,7,84.4,8965480.6
5,150,7,84.5,6520349.528
5,150,7,84.6,10595567.98
5,150,7,84.7,9169241.523
5,150,7,84.8,7131632.296
5,150,7,84.9,9373002.446
5,150,7,85,11206850.75
5,150,7,85.1,7335393.219
5,150,7,85.2,6927871.373
5,150,7,85.3,8150436.909
5,150,7,85.4,8557958.755
5,150,7,85.5,7742915.064
5,150,7,85.6,7742915.064
5,150,7,85.7,8150436.909
5,150,7,85.8,5909066.759
5,150,7,85.9,9780524.291
5,150,7,86,8354197.832
5,150,7,86.1,10188046.14
5,150,7,86.2,5501544.914
5,150,7,86.3,6724110.45
5,150,7,86.4,9780524.291
5,150,7,86.5,8150436.909
5,150,7,86.6,6724110.45
5,150,7,86.7,5501544.914
5,150,7,86.8,6927871.373
5,150,7,86.9,9984285.214
5,150,7,87,7539154.141
5,150,7,87.1,9576763.369
5,150,7,87.2,8354197.832
5,150,7,87.3,6316588.605
5,150,7,87.4,8557958.755
5,150,7,87.5,8761719.678
5,150,7,87.6,7742915.064
5,150,7,87.7,8150436.909
5,150,7,87.8,4890262.146
5,150,7,87.9,8354197.832
5,150,7,88,6520349.528
5,150,7,88.1,8761719.678
5,150,7,88.2,8761719.678
5,150,7,88.3,8354197.832
5,150,7,88.4,7539154.141
5,150,7,88.5,8354197.832
5,150,7,88.6,8761719.678
5,150,7,88.7,7335393.219
5,150,7,88.8,6112827.682
5,150,7,88.9,10799328.91
5,150,7,89,9373002.446
5,150,7,89.1,9169241.523
5,150,7,89.2,8354197.832
5,150,7,89.3,7946675.987
5,150,7,89.4,6520349.528
5,150,7,89.5,6520349.528
5,150,7,89.6,6112827.682
5,150,7,89.7,5909066.759
5,150,7,89.8,7946675.987
5,150,7,89.9,8761719.678
5,150,7,90,8965480.6
5,150,7,90.1,9780524.291
5,150,7,90.2,9576763.369
5,150,7,90.3,10595567.98
5,150,7,90.4,7539154.141
5,150,7,90.5,6112827.682
5,150,7,90.6,7946675.987
5,150,7,90.7,7946675.987
5,150,7,90.8,8965480.6
5,150,7,90.9,6927871.373
5,150,7,91,4890262.146
5,150,7,91.1,8557958.755
5,150,7,91.2,7131632.296
5,150,7,91.3,7539154.141
5,150,7,91.4,6112827.682
5,150,7,91.5,6520349.528
5,150,7,91.6,8150436.909
5,150,7,91.7,4890262.146
5,150,7,91.8,7539154.141
5,150,7,91.9,7539154.141
5,150,7,92,8965480.6
5,150,7,92.1,5909066.759
5,150,7,92.2,7742915.064
5,150,7,92.3,7539154.141
5,150,7,92.4,6927871.373
5,150,7,92.5,6316588.605
5,150,7,92.6,7946675.987
5,150,7,92.7,6316588.605
5,150,7,92.8,7131632.296
5,150,7,92.9,8354197.832
5,150,7,93,5094023.068
5,150,7,93.1,7335393.219
5,150,7,93.2,9169241.523
5,150,7,93.3,6112827.682
5,150,7,93.4,5501544.914
5,150,7,93.5,7131632.296
5,150,7,93.6,5705305.837
5,150,7,93.7,7335393.219
5,150,7,93.8,5094023.068
5,150,7,93.9,8150436.909
5,150,7,94,7946675.987
5,150,7,94.1,7131632.296
5,150,7,94.2,6724110.45
5,150,7,94.3,6520349.528
5,150,7,94.4,5501544.914
5,150,7,94.5,8150436.909
5,150,7,94.6,7742915.064
5,150,7,94.7,8761719.678
5,150,7,94.8,8354197.832
5,150,7,94.9,6724110.45
5,150,7,95,5909066.759
5,150,7,95.1,8354197.832
5,150,7,95.2,7539154.141
5,150,7,95.3,6927871.373
5,150,7,95.4,7946675.987
5,150,7,95.5,8965480.6
5,150,7,95.6,4278979.377
5,150,7,95.7,5705305.837
5,150,7,95.8,8354197.832
5,150,7,95.9,6520349.528
5,150,7,96,5909066.759
5,150,7,96.1,6927871.373
5,150,7,96.2,6927871.373
5,150,7,96.3,5705305.837
5,150,7,96.4,7131632.296
5,150,7,96.5,8354197.832
5,150,7,96.6,7131632.296
5,150,7,96.7,7946675.987
5,150,7,96.8,7946675.987
5,150,7,96.9,5297783.991
5,150,7,97,5501544.914
5,150,7,97.1,7946675.987
5,150,7,97.2,6316588.605
5,150,7,97.3,5909066.759
5,150,7,97.4,8354197.832
5,150,7,97.5,4686501.223
5,150,7,97.6,6316588.605
5,150,7,97.7,8354197.832
5,150,7,97.8,6316588.605
5,150,7,97.9,7742915.064
5,150,7,98,5909066.759
5,150,7,98.1,7131632.296
5,150,7,98.2,6927871.373
5,150,7,98.3,6520349.528
5,150,7,98.4,7742915.064
5,150,7,98.5,7335393.219
5,150,7,98.6,8354197.832
5,150,7,98.7,7131632.296
5,150,7,98.8,6724110.45
5,150,7,98.9,5501544.914
5,150,7,99,6927871.373
5,150,7,99.1,6927871.373
5,150,7,99.2,5297783.991
5,150,7,99.3,7335393.219
5,150,7,99.4,4482740.3
5,150,7,99.5,5094023.068
5,150,7,99.6,7539154.141
5,150,7,99.7,5705305.837
5,150,7,99.8,6112827.682
5,150,7,99.9,6724110.45
5,150,7,100,6316588.605
5,150,7,100.1,7131632.296
5,150,7,100.2,8557958.755
5,150,7,100.3,6520349.528
5,150,7,100.4,7335393.219
5,150,7,100.5,5705305.837
5,150,7,100.6,7539154.141
5,150,7,100.7,5094023.068
5,150,7,100.8,4890262.146
5,150,7,100.9,4482740.3
5,150,7,101,6112827.682
5,150,7,101.1,5297783.991
5,150,7,101.2,9169241.523
5,150,7,101.3,5094023.068
5,150,7,101.4,6520349.528
5,150,7,101.5,6927871.373
5,150,7,101.6,5297783.991
5,150,7,101.7,6112827.682
5,150,7,101.8,5501544.914
5,150,7,101.9,6927871.373
5,150,7,102,5705305.837
5,150,7,102.1,7131632.296
5,150,7,102.2,3260174.764
5,150,7,102.3,5501544.914
5,150,7,102.4,5094023.068
5,150,7,102.5,6112827.682
5,150,7,102.6,6927871.373
5,150,7,102.7,5297783.991
5,150,7,102.8,7335393.219
5,150,7,102.9,5909066.759
5,150,7,103,5501544.914
5,150,7,103.1,5297783.991
5,150,7,103.2,5297783.991
5,150,7,103.3,4278979.377
5,150,7,103.4,6724110.45
5,150,7,103.5,7131632.296
5,150,7,103.6,5094023.068
5,150,7,103.7,6724110.45
5,150,7,103.8,5094023.068
5,150,7,103.9,6316588.605
5,150,7,104,4686501.223
5,150,7,104.1,5094023.068
5,150,7,104.2,6724110.45
5,150,7,104.3,4686501.223
5,150,7,104.4,7131632.296
5,150,7,104.5,5501544.914
5,150,7,104.6,5705305.837
5,150,7,104.7,5705305.837
5,150,7,104.8,4890262.146
5,150,7,104.9,6112827.682
5,150,7,105,6112827.682
5,150,7,105.1,3667696.609
5,150,7,105.2,6520349.528
5,150,7,105.3,6724110.45
5,150,7,105.4,4890262.146
5,150,7,105.5,7131632.296
5,150,7,105.6,5501544.914
5,150,7,105.7,5501544.914
5,150,7,105.8,7539154.141
5,150,7,105.9,3667696.609
5,150,7,106,4482740.3
5,150,7,106.1,8761719.678
5,150,7,106.2,7335393.219
5,150,7,106.3,4890262.146
5,150,7,106.4,4482740.3
5,150,7,106.5,6112827.682
5,150,7,106.6,4482740.3
5,150,7,106.7,3056413.841
5,150,7,106.8,5909066.759
5,150,7,106.9,2037609.227
5,150,7,107,5501544.914
5,150,7,107.1,5501544.914
5,150,7,107.2,5501544.914
5,150,7,107.3,6112827.682
5,150,7,107.4,3871457.532
5,150,7,107.5,5909066.759
5,150,7,107.6,5705305.837
5,150,7,107.7,4890262.146
5,150,7,107.8,4890262.146
5,150,7,107.9,7335393.219
5,150,7,108,4075218.455
5,150,7,108.1,6724110.45
5,150,7,108.2,5094023.068
5,150,7,108.3,5501544.914
5,150,7,108.4,5705305.837
5,150,7,108.5,4686501.223
5,150,7,108.6,5094023.068
5,150,7,108.7,4482740.3
5,150,7,108.8,6724110.45
5,150,7,108.9,4686501.223
5,150,7,109,6724110.45
5,150,7,109.1,5705305.837
5,150,7,109.2,5705305.837
5,150,7,109.3,5909066.759
5,150,7,109.4,4482740.3
5,150,7,109.5,3463935.687
5,150,7,109.6,6927871.373
5,150,7,109.7,4075218.455
5,150,7,109.8,4278979.377
5,150,7,109.9,4890262.146
5,150,7,110,4482740.3
5,150,7,110.1,5094023.068
5,150,7,110.2,5094023.068
5,150,7,110.3,4890262.146
5,150,7,110.4,4278979.377
5,150,7,110.5,4278979.377
5,150,7,110.6,3667696.609
5,150,7,110.7,5094023.068
5,150,7,110.8,3260174.764
5,150,7,110.9,6112827.682
5,150,7,111,5094023.068
5,150,7,111.1,4890262.146
5,150,7,111.2,4482740.3
5,150,7,111.3,5501544.914
5,150,7,111.4,4482740.3
5,150,7,111.5,4075218.455
5,150,7,111.6,5501544.914
5,150,7,111.7,5501544.914
5,150,7,111.8,4278979.377
5,150,7,111.9,7335393.219
5,150,7,112,4075218.455
5,150,7,112.1,5501544.914
5,150,7,112.2,4686501.223
5,150,7,112.3,5501544.914
5,150,7,112.4,4278979.377
5,150,7,112.5,4686501.223
5,150,7,112.6,4890262.146
5,150,7,112.7,4890262.146
5,150,7,112.8,5705305.837
5,150,7,112.9,3667696.609
5,150,7,113,4686501.223
5,150,7,113.1,4075218.455
5,150,7,113.2,3871457.532
5,150,7,113.3,4482740.3
5,150,7,113.4,4075218.455
5,150,7,113.5,4075218.455
5,150,7,113.6,5297783.991
5,150,7,113.7,4075218.455
5,150,7,113.8,3056413.841
5,150,7,113.9,5297783.991
5,150,7,114,5501544.914
5,150,7,114.1,4890262.146
5,150,7,114.2,6520349.528
5,150,7,114.3,3871457.532
5,150,7,114.4,4890262.146
5,150,7,114.5,7335393.219
5,150,7,114.6,3260174.764
5,150,7,114.7,5909066.759
5,150,7,114.8,3871457.532
5,150,7,114.9,4278979.377
5,150,7,115,4686501.223
5,150,7,115.1,6112827.682
5,150,7,115.2,3667696.609
5,150,7,115.3,3260174.764
5,150,7,115.4,3463935.687
5,150,7,115.5,2852652.918
5,150,7,115.6,3260174.764
5,150,7,115.7,2852652.918
5,150,7,115.8,4890262.146
5,150,7,115.9,3260174.764
5,150,7,116,1222565.536
5,150,7,116.1,3871457.532
5,150,7,116.2,3463935.687
5,150,7,116.3,4482740.3
5,150,7,116.4,5297783.991
5,150,7,116.5,4686501.223
5,150,7,116.6,5094023.068
5,150,7,116.7,4075218.455
5,150,7,116.8,3667696.609
5,150,7,116.9,4482740.3
5,150,7,117,3260174.764
5,150,7,117.1,4075218.455
5,150,7,117.2,4075218.455
5,150,7,117.3,3871457.532
5,150,7,117.4,4075218.455
5,150,7,117.5,4686501.223
5,150,7,117.6,4075218.455
5,150,7,117.7,3667696.609
5,150,7,117.8,4890262.146
5,150,7,117.9,4686501.223
5,150,7,118,3056413.841
5,150,7,118.1,4278979.377
5,150,7,118.2,3463935.687
5,150,7,118.3,2241370.15
5,150,7,118.4,3260174.764
5,150,7,118.5,4075218.455
5,150,7,118.6,4482740.3
5,150,7,118.7,3056413.841
5,150,7,118.8,5501544.914
5,150,7,118.9,4278979.377
5,150,7,119,2852652.918
5,150,7,119.1,3463935.687
5,150,7,119.2,4075218.455
5,150,7,119.3,3871457.532
5,150,7,119.4,4890262.146
5,150,7,119.5,5094023.068
5,150,7,119.6,3667696.609
5,150,7,119.7,3463935.687
5,150,7,119.8,4686501.223
5,150,7,119.9,2445131.073
5,150,7,120,3056413.841
5,150,7,120.1,4482740.3
5,150,7,120.2,3260174.764
5,150,7,120.3,3871457.532
5,150,7,120.4,3871457.532
5,150,7,120.5,2648891.996
5,150,7,120.6,3260174.764
5,150,7,120.7,3871457.532
5,150,7,120.8,3260174.764
5,150,7,120.9,3260174.764
5,150,7,121,3871457.532
5,150,7,121.1,2648891.996
5,150,7,121.2,4482740.3
5,150,7,121.3,2852652.918
5,150,7,121.4,3667696.609
5,150,7,121.5,2852652.918
5,150,7,121.6,2852652.918
5,150,7,121.7,2648891.996
5,150,7,121.8,2852652.918
5,150,7,121.9,4075218.455
5,150,7,122,1833848.305
5,150,7,122.1,3871457.532
5,150,7,122.2,4482740.3
5,150,7,122.3,4075218.455
5,150,7,122.4,3667696.609
5,150,7,122.5,3463935.687
5,150,7,122.6,3463935.687
5,150,7,122.7,2648891.996
5,150,7,122.8,4890262.146
5,150,7,122.9,3871457.532
5,150,7,123,5094023.068
5,150,7,123.1,4278979.377
5,150,7,123.2,2852652.918
5,150,7,123.3,4890262.146
5,150,7,123.4,2852652.918
5,150,7,123.5,3667696.609
5,150,7,123.6,2648891.996
5,150,7,123.7,3871457.532
5,150,7,123.8,3463935.687
5,150,7,123.9,4075218.455
5,150,7,124,2241370.15
5,150,7,124.1,2852652.918
5,150,7,124.2,3667696.609
5,150,7,124.3,4278979.377
5,150,7,124.4,3463935.687
5,150,7,124.5,3667696.609
5,150,7,124.6,2852652.918
5,150,7,124.7,2241370.15
5,150,7,124.8,3463935.687
5,150,7,124.9,3871457.532
5,150,7,125,2648891.996
5,150,7,125.1,2037609.227
5,150,7,125.2,3871457.532
5,150,7,125.3,4482740.3
5,150,7,125.4,2852652.918
5,150,7,125.5,6112827.682
5,150,7,125.6,4075218.455
5,150,7,125.7,3667696.609
5,150,7,125.8,3056413.841
5,150,7,125.9,2037609.227
5,150,7,126,3056413.841
5,150,7,126.1,2648891.996
5,150,7,126.2,1833848.305
5,150,7,126.3,3463935.687
5,150,7,126.4,2852652.918
5,150,7,126.5,2648891.996
5,150,7,126.6,3463935.687
5,150,7,126.7,2037609.227
5,150,7,126.8,4075218.455
5,150,7,126.9,2648891.996
5,150,7,127,3056413.841
5,150,7,127.1,3260174.764
5,150,7,127.2,1426326.459
5,150,7,127.3,3056413.841
5,150,7,127.4,3463935.687
5,150,7,127.5,3260174.764
5,150,7,127.6,4278979.377
5,150,7,127.7,3463935.687
5,150,7,127.8,1833848.305
5,150,7,127.9,3056413.841
5,150,7,128,2037609.227
5,150,7,128.1,2648891.996
5,150,7,128.2,3463935.687
5,150,7,128.3,2037609.227
5,150,7,128.4,3260174.764
5,150,7,128.5,3463935.687
5,150,7,128.6,3463935.687
5,150,7,128.7,2037609.227
5,150,7,128.8,3260174.764
5,150,7,128.9,2241370.15
5,150,7,129,2241370.15
5,150,7,129.1,2037609.227
5,150,7,129.2,2241370.15
5,150,7,129.3,3463935.687
5,150,7,129.4,1630087.382
5,150,7,129.5,4278979.377
5,150,7,129.6,2648891.996
5,150,7,129.7,2037609.227
5,150,7,129.8,2852652.918
5,150,7,129.9,5501544.914
5,150,7,130,3056413.841
5,150,7,130.1,3260174.764
5,150,7,130.2,3260174.764
5,150,7,130.3,2037609.227
5,150,7,130.4,2241370.15
5,150,7,130.5,1630087.382
5,150,7,130.6,3056413.841
5,150,7,130.7,3463935.687
5,150,7,130.8,2852652.918
5,150,7,130.9,2241370.15
5,150,7,131,3056413.841
5,150,7,131.1,2852652.918
5,150,7,131.2,1222565.536
5,150,7,131.3,2648891.996
5,150,7,131.4,2852652.918
5,150,7,131.5,2445131.073
5,150,7,131.6,2037609.227
5,150,7,131.7,2241370.15
5,150,7,131.8,3871457.532
5,150,7,131.9,2241370.15
5,150,7,132,2241370.15
5,150,7,132.1,2648891.996
5,150,7,132.2,2037609.227
5,150,7,132.3,3463935.687
5,150,7,132.4,2241370.15
5,150,7,132.5,4278979.377
5,150,7,132.6,2241370.15
5,150,7,132.7,2852652.918
5,150,7,132.8,2445131.073
5,150,7,132.9,1630087.382
5,150,7,133,3667696.609
5,150,7,133.1,3260174.764
5,150,7,133.2,3056413.841
5,150,7,133.3,1833848.305
5,150,7,133.4,1833848.305
5,150,7,133.5,3463935.687
5,150,7,133.6,3667696.609
5,150,7,133.7,3463935.687
5,150,7,133.8,1222565.536
5,150,7,133.9,2445131.073
5,150,7,134,2445131.073
5,150,7,134.1,611282.7682
5,150,7,134.2,2648891.996
5,150,7,134.3,1222565.536
5,150,7,134.4,2648891.996
5,150,7,134.5,3056413.841
5,150,7,134.6,3260174.764
5,150,7,134.7,1833848.305
5,150,7,134.8,2037609.227
5,150,7,134.9,3260174.764
5,150,7,135,3871457.532
5,150,7,135.1,2241370.15
5,150,7,135.2,1630087.382
5,150,7,135.3,2037609.227
5,150,7,135.4,2241370.15
5,150,7,135.5,2241370.15
5,150,7,135.6,2445131.073
5,150,7,135.7,3667696.609
5,150,7,135.8,1222565.536
5,150,7,135.9,3260174.764
5,150,7,136,1630087.382
5,150,7,136.1,1833848.305
5,150,7,136.2,2241370.15
5,150,7,136.3,2445131.073
5,150,7,136.4,2241370.15
5,150,7,136.5,1426326.459
5,150,7,136.6,1833848.305
5,150,7,136.7,1426326.459
5,150,7,136.8,2852652.918
5,150,7,136.9,1222565.536
5,150,7,137,1222565.536
5,150,7,137.1,2241370.15
5,150,7,137.2,1630087.382
5,150,7,137.3,2445131.073
5,150,7,137.4,1426326.459
5,150,7,137.5,1833848.305
5,150,7,137.6,2648891.996
5,150,7,137.7,3056413.841
5,150,7,137.8,2037609.227
5,150,7,137.9,2445131.073
5,150,7,138,2241370.15
5,150,7,138.1,2241370.15
5,150,7,138.2,2241370.15
5,150,7,138.3,2241370.15
5,150,7,138.4,1630087.382
5,150,7,138.5,1426326.459
5,150,7,138.6,1833848.305
5,150,7,138.7,2241370.15
5,150,7,138.8,1630087.382
5,150,7,138.9,1630087.382
5,150,7,139,2037609.227
5,150,7,139.1,1833848.305
5,150,7,139.2,2037609.227
5,150,7,139.3,1222565.536
5,150,7,139.4,2037609.227
5,150,7,139.5,2241370.15
5,150,7,139.6,1833848.305
5,150,7,139.7,1222565.536
5,150,7,139.8,2037609.227
5,150,7,139.9,2241370.15
5,150,7,140,815043.6909
5,150,7,140.1,1630087.382
5,150,7,140.2,2241370.15
5,150,7,140.3,1833848.305
5,150,7,140.4,1630087.382
5,150,7,140.5,1630087.382
5,150,7,140.6,2852652.918
5,150,7,140.7,1630087.382
5,150,7,140.8,2648891.996
5,150,7,140.9,1833848.305
5,150,7,141,2037609.227
5,150,7,141.1,1018804.614
5,150,7,141.2,1222565.536
5,150,7,141.3,1426326.459
5,150,7,141.4,1630087.382
5,150,7,141.5,2037609.227
5,150,7,141.6,1018804.614
5,150,7,141.7,2037609.227
5,150,7,141.8,1833848.305
5,150,7,141.9,1630087.382
5,150,7,142,2445131.073
5,150,7,142.1,2037609.227
5,150,7,142.2,1426326.459
5,150,7,142.3,1833848.305
5,150,7,142.4,2037609.227
5,150,7,142.5,2037609.227
5,150,7,142.6,815043.6909
5,150,7,142.7,1630087.382
5,150,7,142.8,1018804.614
5,150,7,142.9,1018804.614
5,150,7,143,1222565.536
5,150,7,143.1,1630087.382
5,150,7,143.2,1833848.305
5,150,7,143.3,2241370.15
5,150,7,143.4,1630087.382
5,150,7,143.5,1426326.459
5,150,7,143.6,1018804.614
5,150,7,143.7,1222565.536
5,150,7,143.8,815043.6909
5,150,7,143.9,1018804.614
5,150,7,144,1222565.536
5,150,7,144.1,1833848.305
5,150,7,144.2,611282.7682
5,150,7,144.3,815043.6909
5,150,7,144.4,1630087.382
5,150,7,144.5,815043.6909
5,150,7,144.6,407521.8455
5,150,7,144.7,1630087.382
5,150,7,144.8,815043.6909
5,150,7,144.9,815043.6909
5,150,7,145,1018804.614
5,150,7,145.1,815043.6909
5,150,7,145.2,815043.6909
5,150,7,145.3,1222565.536
5,150,7,145.4,1018804.614
5,150,7,145.5,611282.7682
5,150,7,145.6,611282.7682
5,150,7,145.7,1018804.614
5,150,7,145.8,1426326.459
5,150,7,145.9,1426326.459
5,150,7,146,815043.6909
5,150,7,146.1,815043.6909
5,150,7,146.2,815043.6909
5,150,7,146.3,815043.6909
5,150,7,146.4,1833848.305
5,150,7,146.5,815043.6909
5,150,7,146.6,611282.7682
5,150,7,146.7,611282.7682
5,150,7,146.8,203760.9227
5,150,7,146.9,611282.7682
5,150,7,147,815043.6909
5,150,7,147.1,815043.6909
5,150,7,147.2,815043.6909
5,150,7,147.3,1833848.305
5,150,7,147.4,611282.7682
5,150,7,147.5,1426326.459
5,150,7,147.6,203760.9227
5,150,7,147.7,611282.7682
5,150,7,147.8,203760.9227
5,150,7,147.9,407521.8455
5,150,7,148,611282.7682
5,150,7,148.1,611282.7682
5,150,7,148.2,815043.6909
5,150,7,148.3,407521.8455
5,150,7,148.4,815043.6909
5,150,7,148.5,611282.7682
5,150,7,148.7,407521.8455
5,150,7,148.8,611282.7682
5,150,7,148.9,611282.7682
5,150,7,149,815043.6909
5,150,7,149.1,407521.8455
5,150,7,149.2,407521.8455
5,150,7,149.4,203760.9227
5,150,7,149.5,407521.8455
5,150,7,149.6,203760.9227
5,150,7,149.7,203760.9227
5,150,7,149.8,407521.8455
5,150,7,149.9,203760.9227
5,150,7,150,203760.9227
10,40,1,3,36518.86237
10,40,1,3.1,36518.86237
10,40,1,3.2,36518.86237
10,40,1,3.3,164334.8807
10,40,1,3.4,109556.5871
10,40,1,3.5,237372.6054
10,40,1,3.6,292150.899
10,40,1,3.7,748636.6786
10,40,1,3.8,547782.9356
10,40,1,3.9,1168603.596
10,40,1,4,1241641.321
10,40,1,4.1,1953759.137
10,40,1,4.2,2300688.329
10,40,1,4.3,3250178.751
10,40,1,4.4,3396254.2
10,40,1,4.5,4510079.503
10,40,1,4.6,4875268.126
10,40,1,4.7,5532607.649
10,40,1,4.8,6628173.52
10,40,1,4.9,7559404.511
10,40,1,5,8435857.208
10,40,1,5.1,8691489.244
10,40,1,5.2,10590470.09
10,40,1,5.3,10298319.19
10,40,1,5.4,11576479.37
10,40,1,5.5,13438941.35
10,40,1,5.6,14790139.26
10,40,1,5.7,14625804.38
10,40,1,5.8,15958742.86
10,40,1,5.9,16050040.01
10,40,1,6,18295950.05
10,40,1,6.1,18588100.95
10,40,1,6.2,19428034.78
10,40,1,6.3,20395784.63
10,40,1,6.4,20834010.98
10,40,1,6.5,21290496.76
10,40,1,6.6,21911317.42
10,40,1,6.7,22349543.77
10,40,1,6.8,23116439.88
10,40,1,6.9,24924123.57
10,40,1,7,24011152.01
10,40,1,7.1,23992892.58
10,40,1,7.2,24485897.22
10,40,1,7.3,24997161.29
10,40,1,7.4,53025388.16
10,40,1,7.5,26622250.67
10,40,1,7.6,26257062.04
10,40,1,7.7,26019689.44
10,40,1,7.8,26859623.27
10,40,1,7.9,27206552.47
10,40,1,8,29142052.17
10,40,1,8.1,26658769.53
10,40,1,8.2,28028226.87
10,40,1,8.3,90493740.95
10,40,1,8.4,566480593.1
10,40,1,8.5,27571741.09
10,40,1,8.6,29087273.88
10,40,1,8.7,27863891.99
10,40,1,8.8,34838994.7
10,40,1,8.9,28156042.89
10,40,1,9,27644778.81
10,40,1,9.1,27626519.38
10,40,1,9.2,28265599.47
10,40,1,9.3,28283858.91
10,40,1,9.4,29452462.5
10,40,1,9.5,43548743.38
10,40,1,9.6,36701456.68
10,40,1,9.7,294780257.1
10,40,1,9.8,49190907.61
10,40,1,9.9,39787300.55
10,40,1,10,143646945.1
10,40,1,10.1,27918670.28
10,40,1,10.2,29105533.31
10,40,1,10.3,23846817.13
10,40,1,10.4,22331284.34
10,40,1,10.5,22879067.27
10,40,1,10.6,23079921.02
10,40,1,10.7,22130430.6
10,40,1,10.8,21765241.97
10,40,1,10.9,23390331.35
10,40,1,11,24814566.98
10,40,1,11.1,22751251.26
10,40,1,11.2,22933845.57
10,40,1,11.3,72380385.22
10,40,1,11.4,21473091.07
10,40,1,11.5,22148690.03
10,40,1,11.6,24047670.87
10,40,1,11.7,26293580.91
10,40,1,11.8,20724454.4
10,40,1,11.9,19939298.85
10,40,1,12,21089643.02
10,40,1,12.1,19263699.9
10,40,1,12.2,18241171.75
10,40,1,12.3,20085374.3
10,40,1,12.4,19866261.13
10,40,1,12.5,19336737.62
10,40,1,12.6,19866261.13
10,40,1,12.7,19756704.54
10,40,1,12.8,19537591.37
10,40,1,12.9,18076836.87
10,40,1,13,19154143.31
10,40,1,13.1,18168134.03
10,40,1,13.2,19519331.94
10,40,1,13.3,18898511.28
10,40,1,13.4,19154143.31
10,40,1,13.5,19117624.45
10,40,1,13.6,17729907.68
10,40,1,13.7,17602091.66
10,40,1,13.8,17346459.63
10,40,1,13.9,18204652.89
10,40,1,14,18076836.87
10,40,1,14.1,17145605.88
10,40,1,14.2,16743898.4
10,40,1,14.3,18515063.22
10,40,1,14.4,17583832.23
10,40,1,14.5,18569841.52
10,40,1,14.6,17638610.52
10,40,1,14.7,17985539.72
10,40,1,14.8,17894242.56
10,40,1,14.9,16816936.12
10,40,1,15,17401237.92
10,40,1,15.1,16396969.2
10,40,1,15.2,15483997.64
10,40,1,15.3,16250893.75
10,40,1,15.4,16707379.53
10,40,1,15.5,16853454.98
10,40,1,15.6,16470006.93
10,40,1,15.7,16305672.05
10,40,1,15.8,16013521.15
10,40,1,15.9,16652601.24
10,40,1,16,16159596.6
10,40,1,16.1,15392700.49
10,40,1,16.2,15922223.99
10,40,1,16.3,16269153.19
10,40,1,16.4,15721370.25
10,40,1,16.5,15118809.02
10,40,1,16.6,15721370.25
10,40,1,16.7,14151059.17
10,40,1,16.8,14516247.79
10,40,1,16.9,14644063.81
10,40,1,17,14571026.09
10,40,1,17.1,15940483.42
10,40,1,17.2,14899695.85
10,40,1,17.3,16086558.87
10,40,1,17.4,13931945.99
10,40,1,17.5,13913686.56
10,40,1,17.6,14424950.64
10,40,1,17.7,15301403.33
10,40,1,17.8,15155327.88
10,40,1,17.9,14625804.38
10,40,1,18,14589285.52
10,40,1,18.1,14644063.81
10,40,1,18.2,13420681.92
10,40,1,18.3,13548497.94
10,40,1,18.4,14078021.44
10,40,1,18.5,13311125.33
10,40,1,18.6,14534507.22
10,40,1,18.7,12982455.57
10,40,1,18.8,12799861.26
10,40,1,18.9,12525969.79
10,40,1,19,12489450.93
10,40,1,19.1,13165049.88
10,40,1,19.2,12525969.79
10,40,1,19.3,13511979.08
10,40,1,19.4,12252078.33
10,40,1,19.5,12927677.28
10,40,1,19.6,11959927.43
10,40,1,19.7,11320847.33
10,40,1,19.8,12891158.42
10,40,1,19.9,12544229.22
10,40,1,20,11905149.13
10,40,1,20.1,12781601.83
10,40,1,20.2,12343375.48
10,40,1,20.3,11375625.63
10,40,1,20.4,11156512.45
10,40,1,20.5,11850370.84
10,40,1,20.6,12325116.05
10,40,1,20.7,11941668
10,40,1,20.8,11339106.77
10,40,1,20.9,11065215.3
10,40,1,21,11028696.44
10,40,1,21.1,11503441.65
10,40,1,21.2,11193031.32
10,40,1,21.3,10718286.11
10,40,1,21.4,11832111.41
10,40,1,21.5,11393885.06
10,40,1,21.6,10900880.42
10,40,1,21.7,10900880.42
10,40,1,21.8,11320847.33
10,40,1,21.9,11393885.06
10,40,1,22,10572210.66
10,40,1,22.1,10663507.81
10,40,1,22.2,10553951.22
10,40,1,22.3,10809583.26
10,40,1,22.4,10060946.58
10,40,1,22.5,10115724.88
10,40,1,22.6,9896611.702
10,40,1,22.7,9860092.84
10,40,1,22.8,10626988.95
10,40,1,22.9,10261800.33
10,40,1,23,10426135.21
10,40,1,23.1,9403607.06
10,40,1,23.2,10955658.71
10,40,1,23.3,9147975.024
10,40,1,23.4,8837564.694
10,40,1,23.5,8801045.831
10,40,1,23.6,9640979.666
10,40,1,23.7,9385347.629
10,40,1,23.8,9732276.822
10,40,1,23.9,9330569.336
10,40,1,24,9257531.611
10,40,1,24.1,8709748.675
10,40,1,24.2,9001899.574
10,40,1,24.3,8782786.4
10,40,1,24.4,9567941.941
10,40,1,24.5,9294050.473
10,40,1,24.6,9330569.336
10,40,1,24.7,9020159.005
10,40,1,24.8,8746267.538
10,40,1,24.9,7741998.822
10,40,1,25,8289781.758
10,40,1,25.1,7961111.997
10,40,1,25.2,8362819.483
10,40,1,25.3,7888074.272
10,40,1,25.4,8052409.153
10,40,1,25.5,7322031.905
10,40,1,25.6,8235003.464
10,40,1,25.7,8362819.483
10,40,1,25.8,8508894.932
10,40,1,25.9,8581932.657
10,40,1,26,7851555.41
10,40,1,26.1,7815036.547
10,40,1,26.2,7559404.511
10,40,1,26.3,7869814.841
10,40,1,26.4,7632442.235
10,40,1,26.5,7486366.786
10,40,1,26.6,7395069.63
10,40,1,26.7,7048140.437
10,40,1,26.8,7267253.612
10,40,1,26.9,7486366.786
10,40,1,27,6810767.832
10,40,1,27.1,7066399.869
10,40,1,27.2,7559404.511
10,40,1,27.3,7230734.749
10,40,1,27.4,7705479.96
10,40,1,27.5,7449847.924
10,40,1,27.6,7267253.612
10,40,1,27.7,6956843.282
10,40,1,27.8,7668961.098
10,40,1,27.9,7121178.162
10,40,1,28,7322031.905
10,40,1,28.1,6701211.245
10,40,1,28.2,7248994.18
10,40,1,28.3,6993362.144
10,40,1,28.4,7048140.437
10,40,1,28.5,6920324.419
10,40,1,28.6,7011621.575
10,40,1,28.7,6390800.915
10,40,1,28.8,7066399.869
10,40,1,28.9,6262984.896
10,40,1,29,5897796.273
10,40,1,29.1,6518616.933
10,40,1,29.2,6062131.153
10,40,1,29.3,5660423.667
10,40,1,29.4,6226466.034
10,40,1,29.5,5824758.548
10,40,1,29.6,5441310.493
10,40,1,29.7,5751720.823
10,40,1,29.8,5569126.511
10,40,1,29.9,5843017.979
10,40,1,30,5660423.667
10,40,1,30.1,6153428.309
10,40,1,30.2,5806499.117
10,40,1,30.3,5514348.218
10,40,1,30.4,5386532.2
10,40,1,30.5,5696942.53
10,40,1,30.6,4911786.989
10,40,1,30.7,5368272.768
10,40,1,30.8,4765711.539
10,40,1,30.9,5696942.53
10,40,1,31,5532607.649
10,40,1,31.1,5934315.135
10,40,1,31.2,5295235.044
10,40,1,31.3,5057862.438
10,40,1,31.4,4984824.714
10,40,1,31.5,5642164.236
10,40,1,31.6,4930046.42
10,40,1,31.7,4875268.126
10,40,1,31.8,4217928.604
10,40,1,31.9,5021343.576
10,40,1,32,4528338.934
10,40,1,32.1,5021343.576
10,40,1,32.2,4382263.484
10,40,1,32.3,4199669.173
10,40,1,32.4,5003084.145
10,40,1,32.5,4637895.521
10,40,1,32.6,4382263.484
10,40,1,32.7,3870999.411
10,40,1,32.8,3962296.567
10,40,1,32.9,4765711.539
10,40,1,33,4181409.741
10,40,1,33.1,3816221.118
10,40,1,33.2,3250178.751
10,40,1,33.3,3980555.998
10,40,1,33.4,4181409.741
10,40,1,33.5,4126631.448
10,40,1,33.6,3779702.255
10,40,1,33.7,3852739.98
10,40,1,33.8,4400522.916
10,40,1,33.9,3779702.255
10,40,1,34,3414513.632
10,40,1,34.1,4144890.879
10,40,1,34.2,3432773.063
10,40,1,34.3,3779702.255
10,40,1,34.4,3779702.255
10,40,1,34.5,3304957.044
10,40,1,34.6,3250178.751
10,40,1,34.7,3341475.907
10,40,1,34.8,3432773.063
10,40,1,34.9,2958027.852
10,40,1,35,3195400.457
10,40,1,35.1,3177141.026
10,40,1,35.2,2976287.283
10,40,1,35.3,3195400.457
10,40,1,35.4,3578848.512
10,40,1,35.5,3031065.577
10,40,1,35.6,2958027.852
10,40,1,35.7,2848471.265
10,40,1,35.8,2866730.696
10,40,1,35.9,2428504.348
10,40,1,36,2903249.558
10,40,1,36.1,2629358.091
10,40,1,36.2,2556320.366
10,40,1,36.3,2684136.384
10,40,1,36.4,2884990.127
10,40,1,36.5,2118094.017
10,40,1,36.6,2081575.155
10,40,1,36.7,2629358.091
10,40,1,36.8,2282428.898
10,40,1,36.9,2172872.311
10,40,1,37,2300688.329
10,40,1,37.1,1807683.687
10,40,1,37.2,2008537.43
10,40,1,37.3,2063315.724
10,40,1,37.4,2191131.742
10,40,1,37.5,1789424.256
10,40,1,37.6,1953759.137
10,40,1,37.7,1880721.412
10,40,1,37.8,1643348.807
10,40,1,37.9,1807683.687
10,40,1,38,1716386.531
10,40,1,38.1,1643348.807
10,40,1,38.2,1917240.274
10,40,1,38.3,1515532.788
10,40,1,38.4,1442495.064
10,40,1,38.5,1442495.064
10,40,1,38.6,1460754.495
10,40,1,38.7,1077306.44
10,40,1,38.8,1223381.889
10,40,1,38.9,839933.8345
10,40,1,39,986009.284
10,40,1,39.1,1095565.871
10,40,1,39.2,894712.1281
10,40,1,39.3,1168603.596
10,40,1,39.4,785155.541
10,40,1,39.5,712117.8162
10,40,1,39.6,493004.642
10,40,1,39.7,493004.642
10,40,1,39.8,511264.0732
10,40,1,39.9,474745.2108
10,40,1,40,36518.86237
10,80,1,2.7,25961.92077
10,80,1,2.8,25961.92077
10,80,1,3,25961.92077
10,80,1,3.1,129809.6038
10,80,1,3.2,25961.92077
10,80,1,3.3,155771.5246
10,80,1,3.4,285581.1284
10,80,1,3.5,493276.4946
10,80,1,3.6,363466.8907
10,80,1,3.7,1012514.91
10,80,1,3.8,1298096.038
10,80,1,3.9,1324057.959
10,80,1,4,2076953.661
10,80,1,4.1,2751963.601
10,80,1,4.2,3790440.432
10,80,1,4.3,3816402.353
10,80,1,4.4,5114498.391
10,80,1,4.5,5140460.312
10,80,1,4.6,6827985.162
10,80,1,4.7,8307814.645
10,80,1,4.8,9008786.506
10,80,1,4.9,9086672.268
10,80,1,5,10878044.8
10,80,1,5.1,11033816.33
10,80,1,5.2,11682864.35
10,80,1,5.3,13240579.59
10,80,1,5.4,13811741.85
10,80,1,5.5,15239647.49
10,80,1,5.6,15317533.25
10,80,1,5.7,16719476.97
10,80,1,5.8,16745438.89
10,80,1,5.9,19159897.53
10,80,1,6,18225268.38
10,80,1,6.1,20094526.67
10,80,1,6.2,19782983.62
10,80,1,6.3,21470508.47
10,80,1,6.4,23962852.87
10,80,1,6.5,23495538.29
10,80,1,6.6,23495538.29
10,80,1,6.7,24170548.23
10,80,1,6.8,24534015.12
10,80,1,6.9,25468644.27
10,80,1,7,26143654.21
10,80,1,7.1,25598453.88
10,80,1,7.2,26325387.66
10,80,1,7.3,27493674.09
10,80,1,7.4,64125944.29
10,80,1,7.5,27571559.85
10,80,1,7.6,28506189
10,80,1,7.7,28272531.72
10,80,1,7.8,28246569.79
10,80,1,7.9,30167751.93
10,80,1,8,28558112.84
10,80,1,8.1,29077351.26
10,80,1,8.2,28220607.87
10,80,1,8.3,113583403.4
10,80,1,8.4,750169700.6
10,80,1,8.5,28610036.69
10,80,1,8.6,29103313.18
10,80,1,8.7,29934094.64
10,80,1,8.8,38164023.53
10,80,1,8.9,27779255.22
10,80,1,9,28506189
10,80,1,9.1,28584074.76
10,80,1,9.2,29960056.56
10,80,1,9.3,29804285.04
10,80,1,9.4,28947541.66
10,80,1,9.5,51352679.28
10,80,1,9.6,40007319.9
10,80,1,9.7,411288748.8
10,80,1,9.8,61867257.19
10,80,1,9.9,48289172.63
10,80,1,10,183888284.8
10,80,1,10.1,31465847.97
10,80,1,10.2,33854344.68
10,80,1,10.3,25702301.56
10,80,1,10.4,25754225.4
10,80,1,10.5,23703233.66
10,80,1,10.6,25286910.83
10,80,1,10.7,22898414.12
10,80,1,10.8,24508053.2
10,80,1,10.9,24949405.86
10,80,1,11,26195578.05
10,80,1,11.1,24300357.84
10,80,1,11.2,24819596.25
10,80,1,11.3,99641851.9
10,80,1,11.4,22301289.94
10,80,1,11.5,24222472.08
10,80,1,11.6,28402341.32
10,80,1,11.7,30790838.03
10,80,1,11.8,23132071.4
10,80,1,11.9,22249366.1
10,80,1,12,24611900.89
10,80,1,12.1,22067632.65
10,80,1,12.2,21210889.27
10,80,1,12.3,20250298.2
10,80,1,12.4,19782983.62
10,80,1,12.5,20613765.09
10,80,1,12.6,22794566.43
10,80,1,12.7,20068564.75
10,80,1,12.8,22327251.86
10,80,1,12.9,20457993.56
10,80,1,13,21158965.42
10,80,1,13.1,20743574.69
10,80,1,13.2,21366660.79
10,80,1,13.3,21522432.32
10,80,1,13.4,21626280
10,80,1,13.5,20172412.44
10,80,1,13.6,19341630.97
10,80,1,13.7,22093594.57
10,80,1,13.8,19653174.02
10,80,1,13.9,19782983.62
10,80,1,14,20380107.8
10,80,1,14.1,21444546.55
10,80,1,14.2,20354145.88
10,80,1,14.3,19938755.15
10,80,1,14.4,20873384.3
10,80,1,14.5,18822392.56
10,80,1,14.6,18510849.51
10,80,1,14.7,19575288.26
10,80,1,14.8,18952202.16
10,80,1,14.9,19575288.26
10,80,1,15,18407001.82
10,80,1,15.1,19341630.97
10,80,1,15.2,17316601.15
10,80,1,15.3,17731991.88
10,80,1,15.4,19627212.1
10,80,1,15.5,18718544.87
10,80,1,15.6,18718544.87
10,80,1,15.7,17654106.12
10,80,1,15.8,18666621.03
10,80,1,15.9,18173344.54
10,80,1,16,18043534.93
10,80,1,16.1,17472372.68
10,80,1,16.2,16459857.77
10,80,1,16.3,17965649.17
10,80,1,16.4,18069496.85
10,80,1,16.5,16953134.26
10,80,1,16.6,16356010.08
10,80,1,16.7,18407001.82
10,80,1,16.8,16771400.82
10,80,1,16.9,17368524.99
10,80,1,17,17498334.6
10,80,1,17.1,17965649.17
10,80,1,17.2,17108905.79
10,80,1,17.3,16953134.26
10,80,1,17.4,17134867.71
10,80,1,17.5,16745438.89
10,80,1,17.6,16823324.66
10,80,1,17.7,15732923.98
10,80,1,17.8,16174276.64
10,80,1,17.9,16745438.89
10,80,1,18,16356010.08
10,80,1,18.1,15473304.78
10,80,1,18.2,16200238.56
10,80,1,18.3,15187723.65
10,80,1,18.4,14149246.82
10,80,1,18.5,14876180.6
10,80,1,18.6,15810809.75
10,80,1,18.7,14434827.95
10,80,1,18.8,15732923.98
10,80,1,18.9,16563705.45
10,80,1,19,14564637.55
10,80,1,19.1,16615629.29
10,80,1,19.2,14253094.5
10,80,1,19.3,15369457.09
10,80,1,19.4,15966581.27
10,80,1,19.5,14850218.68
10,80,1,19.6,13889627.61
10,80,1,19.7,14227132.58
10,80,1,19.8,14616561.39
10,80,1,19.9,14850218.68
10,80,1,20,14434827.95
10,80,1,20.1,15525228.62
10,80,1,20.2,13941551.45
10,80,1,20.3,15447342.86
10,80,1,20.4,15421380.94
10,80,1,20.5,14149246.82
10,80,1,20.6,13578084.56
10,80,1,20.7,13318465.35
10,80,1,20.8,14201170.66
10,80,1,20.9,13526160.72
10,80,1,21,14616561.39
10,80,1,21.1,14564637.55
10,80,1,21.2,14460789.87
10,80,1,21.3,14356942.18
10,80,1,21.4,14408866.03
10,80,1,21.5,14149246.82
10,80,1,21.6,13707894.16
10,80,1,21.7,13214617.67
10,80,1,21.8,13214617.67
10,80,1,21.9,12980960.38
10,80,1,22,12954998.46
10,80,1,22.1,12954998.46
10,80,1,22.2,13526160.72
10,80,1,22.3,13032884.22
10,80,1,22.4,12435760.05
10,80,1,22.5,13110769.99
10,80,1,22.6,11968445.47
10,80,1,22.7,11656902.42
10,80,1,22.8,12903074.62
10,80,1,22.9,12409798.13
10,80,1,23,13032884.22
10,80,1,23.1,11786712.03
10,80,1,23.2,12150178.92
10,80,1,23.3,11475168.98
10,80,1,23.4,11864597.79
10,80,1,23.5,12098255.08
10,80,1,23.6,11215549.77
10,80,1,23.7,12072293.16
10,80,1,23.8,11579016.66
10,80,1,23.9,11267473.61
10,80,1,24,12072293.16
10,80,1,24.1,12513645.81
10,80,1,24.2,11708826.27
10,80,1,24.3,12046331.24
10,80,1,24.4,11812673.95
10,80,1,24.5,11475168.98
10,80,1,24.6,11994407.39
10,80,1,24.7,11371321.3
10,80,1,24.8,10878044.8
10,80,1,24.9,11475168.98
10,80,1,25,12098255.08
10,80,1,25.1,10696311.36
10,80,1,25.2,10955930.56
10,80,1,25.3,11345359.38
10,80,1,25.4,10800159.04
10,80,1,25.5,10644387.51
10,80,1,25.6,10592463.67
10,80,1,25.7,10254958.7
10,80,1,25.8,10981892.48
10,80,1,25.9,10332844.47
10,80,1,26,10566501.75
10,80,1,26.1,10047263.34
10,80,1,26.2,11033816.33
10,80,1,26.3,10125149.1
10,80,1,26.4,10177072.94
10,80,1,26.5,10151111.02
10,80,1,26.6,10826120.96
10,80,1,26.7,9761682.208
10,80,1,26.8,10904006.72
10,80,1,26.9,11371321.3
10,80,1,27,10826120.96
10,80,1,27.1,10177072.94
10,80,1,27.2,9943415.654
10,80,1,27.3,10177072.94
10,80,1,27.4,9787644.129
10,80,1,27.5,10228996.78
10,80,1,27.6,9709758.367
10,80,1,27.7,9631872.605
10,80,1,27.8,10021301.42
10,80,1,27.9,9216481.872
10,80,1,28,9398215.318
10,80,1,28.1,10151111.02
10,80,1,28.2,9865529.891
10,80,1,28.3,9372253.397
10,80,1,28.4,11630940.5
10,80,1,28.5,10514577.91
10,80,1,28.6,10384768.31
10,80,1,28.7,10203034.86
10,80,1,28.8,9008786.506
10,80,1,28.9,8827053.061
10,80,1,29,8930900.744
10,80,1,29.1,8203966.962
10,80,1,29.2,9216481.872
10,80,1,29.3,9086672.268
10,80,1,29.4,9008786.506
10,80,1,29.5,10099187.18
10,80,1,29.6,9346291.476
10,80,1,29.7,9216481.872
10,80,1,29.8,9631872.605
10,80,1,29.9,8515510.012
10,80,1,30,8723205.378
10,80,1,30.1,9553986.842
10,80,1,30.2,9112634.189
10,80,1,30.3,9034748.427
10,80,1,30.4,8567433.853
10,80,1,30.5,8281852.725
10,80,1,30.6,9242443.793
10,80,1,30.7,8333776.566
10,80,1,30.8,8385700.408
10,80,1,30.9,8801091.14
10,80,1,31,9034748.427
10,80,1,31.1,8619357.695
10,80,1,31.2,9242443.793
10,80,1,31.3,7710690.468
10,80,1,31.4,8619357.695
10,80,1,31.5,8178005.042
10,80,1,31.6,6827985.162
10,80,1,31.7,9424177.238
10,80,1,31.8,8697243.457
10,80,1,31.9,8048195.438
10,80,1,32,7866461.992
10,80,1,32.1,8541471.932
10,80,1,32.2,7840500.072
10,80,1,32.3,8463586.17
10,80,1,32.4,8281852.725
10,80,1,32.5,7528957.022
10,80,1,32.6,7606842.785
10,80,1,32.7,7944347.755
10,80,1,32.8,8281852.725
10,80,1,32.9,7451071.26
10,80,1,33,8671281.536
10,80,1,33.1,8126081.2
10,80,1,33.2,7113566.29
10,80,1,33.3,7892423.913
10,80,1,33.4,7554918.943
10,80,1,33.5,7269337.815
10,80,1,33.6,7606842.785
10,80,1,33.7,7814538.151
10,80,1,33.8,7710690.468
10,80,1,33.9,6802023.241
10,80,1,34,7191452.052
10,80,1,34.1,7840500.072
10,80,1,34.2,7528957.022
10,80,1,34.3,8645319.615
10,80,1,34.4,7502995.102
10,80,1,34.5,6776061.32
10,80,1,34.6,7165490.132
10,80,1,34.7,7269337.815
10,80,1,34.8,6931832.845
10,80,1,34.9,7087604.369
10,80,1,35,7866461.992
10,80,1,35.1,6905870.924
10,80,1,35.2,7373185.498
10,80,1,35.3,7528957.022
10,80,1,35.4,7554918.943
10,80,1,35.5,7113566.29
10,80,1,35.6,7477033.181
10,80,1,35.7,7347223.577
10,80,1,35.8,6438556.35
10,80,1,35.9,6516442.112
10,80,1,36,6827985.162
10,80,1,36.1,7269337.815
10,80,1,36.2,7009718.607
10,80,1,36.3,6853947.082
10,80,1,36.4,6464518.271
10,80,1,36.5,6724137.479
10,80,1,36.6,6802023.241
10,80,1,36.7,6879909.003
10,80,1,36.8,7814538.151
10,80,1,36.9,7295299.735
10,80,1,37,6983756.686
10,80,1,37.1,6750099.399
10,80,1,37.2,6827985.162
10,80,1,37.3,6360670.588
10,80,1,37.4,6646251.716
10,80,1,37.5,6256822.905
10,80,1,37.6,6957794.766
10,80,1,37.7,6542404.033
10,80,1,37.8,6698175.558
10,80,1,37.9,7606842.785
10,80,1,38,6853947.082
10,80,1,38.1,6672213.637
10,80,1,38.2,6802023.241
10,80,1,38.3,6905870.924
10,80,1,38.4,6230860.984
10,80,1,38.5,6776061.32
10,80,1,38.6,6334708.667
10,80,1,38.7,5789508.331
10,80,1,38.8,5685660.648
10,80,1,38.9,6101051.38
10,80,1,39,6412594.429
10,80,1,39.1,6412594.429
10,80,1,39.2,6750099.399
10,80,1,39.3,6620289.796
10,80,1,39.4,5685660.648
10,80,1,39.5,5815470.252
10,80,1,39.6,6776061.32
10,80,1,39.7,6490480.192
10,80,1,39.8,5426041.44
10,80,1,39.9,6412594.429
10,80,1,40,5997203.697
10,80,1,40.1,6075089.459
10,80,1,40.2,7009718.607
10,80,1,40.3,5581812.965
10,80,1,40.4,6776061.32
10,80,1,40.5,5997203.697
10,80,1,40.6,5555851.044
10,80,1,40.7,5945279.856
10,80,1,40.8,7113566.29
10,80,1,40.9,5633736.806
10,80,1,41,5685660.648
10,80,1,41.1,6049127.539
10,80,1,41.2,5270269.916
10,80,1,41.3,5581812.965
10,80,1,41.4,5477965.282
10,80,1,41.5,5789508.331
10,80,1,41.6,5244307.995
10,80,1,41.7,5555851.044
10,80,1,41.8,5477965.282
10,80,1,41.9,5659698.727
10,80,1,42,5789508.331
10,80,1,42.1,6101051.38
10,80,1,42.2,5763546.41
10,80,1,42.3,5322193.757
10,80,1,42.4,5088536.47
10,80,1,42.5,5659698.727
10,80,1,42.6,5971241.776
10,80,1,42.7,5815470.252
10,80,1,42.8,5971241.776
10,80,1,42.9,5114498.391
10,80,1,43,5374117.599
10,80,1,43.1,5452003.361
10,80,1,43.2,5374117.599
10,80,1,43.3,5685660.648
10,80,1,43.4,5218346.074
10,80,1,43.5,5711622.569
10,80,1,43.6,5633736.806
10,80,1,43.7,4958726.866
10,80,1,43.8,5711622.569
10,80,1,43.9,6023165.618
10,80,1,44,5452003.361
10,80,1,44.1,5166422.233
10,80,1,44.2,4776993.421
10,80,1,44.3,5114498.391
10,80,1,44.4,4517374.213
10,80,1,44.5,5348155.678
10,80,1,44.6,5503927.203
10,80,1,44.7,5529889.123
10,80,1,44.8,4725069.58
10,80,1,44.9,5010650.708
10,80,1,45,5685660.648
10,80,1,45.1,5296231.836
10,80,1,45.2,4751031.5
10,80,1,45.3,5763546.41
10,80,1,45.4,4906803.025
10,80,1,45.5,5477965.282
10,80,1,45.6,4569298.055
10,80,1,45.7,4361602.689
10,80,1,45.8,4595259.976
10,80,1,45.9,5166422.233
10,80,1,46,4802955.342
10,80,1,46.1,5426041.44
10,80,1,46.2,4543336.134
10,80,1,46.3,4932764.946
10,80,1,46.4,5140460.312
10,80,1,46.5,4517374.213
10,80,1,46.6,4725069.58
10,80,1,46.7,4517374.213
10,80,1,46.8,4647183.817
10,80,1,46.9,5218346.074
10,80,1,47,4880841.104
10,80,1,47.1,4725069.58
10,80,1,47.2,4932764.946
10,80,1,47.3,4024097.719
10,80,1,47.4,4179869.243
10,80,1,47.5,5010650.708
10,80,1,47.6,4439488.451
10,80,1,47.7,4465450.372
10,80,1,47.8,5555851.044
10,80,1,47.9,4361602.689
10,80,1,48,4335640.768
10,80,1,48.1,4543336.134
10,80,1,48.2,4153907.323
10,80,1,48.3,4595259.976
10,80,1,48.4,4361602.689
10,80,1,48.5,3946211.957
10,80,1,48.6,4854879.183
10,80,1,48.7,4231793.085
10,80,1,48.8,4828917.263
10,80,1,48.9,4751031.5
10,80,1,49,4076021.56
10,80,1,49.1,4076021.56
10,80,1,49.2,4673145.738
10,80,1,49.3,4076021.56
10,80,1,49.4,4309678.847
10,80,1,49.5,4465450.372
10,80,1,49.6,4387564.61
10,80,1,49.7,3972173.877
10,80,1,49.8,3738516.59
10,80,1,49.9,4751031.5
10,80,1,50,4595259.976
10,80,1,50.1,4491412.293
10,80,1,50.2,4205831.164
10,80,1,50.3,3842364.273
10,80,1,50.4,3530821.224
10,80,1,50.5,3842364.273
10,80,1,50.6,4076021.56
10,80,1,50.7,4543336.134
10,80,1,50.8,3504859.304
10,80,1,50.9,4776993.421
10,80,1,51,3764478.511
10,80,1,51.1,4595259.976
10,80,1,51.2,3894288.115
10,80,1,51.3,3660630.828
10,80,1,51.4,3972173.877
10,80,1,51.5,3920250.036
10,80,1,51.6,4309678.847
10,80,1,51.7,4439488.451
10,80,1,51.8,4491412.293
10,80,1,51.9,4621221.897
10,80,1,52,3530821.224
10,80,1,52.1,4335640.768
10,80,1,52.2,3868326.194
10,80,1,52.3,3894288.115
10,80,1,52.4,3764478.511
10,80,1,52.5,4050059.64
10,80,1,52.6,3790440.432
10,80,1,52.7,3972173.877
10,80,1,52.8,3556783.145
10,80,1,52.9,4127945.402
10,80,1,53,3842364.273
10,80,1,53.1,4127945.402
10,80,1,53.2,3946211.957
10,80,1,53.3,3634668.907
10,80,1,53.4,3790440.432
10,80,1,53.5,3530821.224
10,80,1,53.6,3946211.957
10,80,1,53.7,3634668.907
10,80,1,53.8,4828917.263
10,80,1,53.9,4205831.164
10,80,1,54,4050059.64
10,80,1,54.1,3738516.59
10,80,1,54.2,3660630.828
10,80,1,54.3,3426973.541
10,80,1,54.4,3582745.066
10,80,1,54.5,3946211.957
10,80,1,54.6,4205831.164
10,80,1,54.7,3764478.511
10,80,1,54.8,3660630.828
10,80,1,54.9,3530821.224
10,80,1,55,3349087.779
10,80,1,55.1,3530821.224
10,80,1,55.2,3868326.194
10,80,1,55.3,3764478.511
10,80,1,55.4,3972173.877
10,80,1,55.5,3375049.7
10,80,1,55.6,3323125.858
10,80,1,55.7,3712554.67
10,80,1,55.8,3556783.145
10,80,1,55.9,3349087.779
10,80,1,56,4257755.006
10,80,1,56.1,3375049.7
10,80,1,56.2,3686592.749
10,80,1,56.3,3530821.224
10,80,1,56.4,4024097.719
10,80,1,56.5,3608706.987
10,80,1,56.6,3219278.175
10,80,1,56.7,3686592.749
10,80,1,56.8,3011582.809
10,80,1,56.9,3478897.383
10,80,1,57,3478897.383
10,80,1,57.1,3349087.779
10,80,1,57.2,4153907.323
10,80,1,57.3,2933697.047
10,80,1,57.4,3323125.858
10,80,1,57.5,3816402.353
10,80,1,57.6,3790440.432
10,80,1,57.7,2648115.918
10,80,1,57.8,3660630.828
10,80,1,57.9,3556783.145
10,80,1,58,3530821.224
10,80,1,58.1,6776061.32
10,80,1,58.2,2907735.126
10,80,1,58.3,3582745.066
10,80,1,58.4,3582745.066
10,80,1,58.5,3323125.858
10,80,1,58.6,3063506.65
10,80,1,58.7,3297163.937
10,80,1,58.8,3401011.62
10,80,1,58.9,4050059.64
10,80,1,59,3193316.254
10,80,1,59.1,3323125.858
10,80,1,59.2,3556783.145
10,80,1,59.3,3478897.383
10,80,1,59.4,3764478.511
10,80,1,59.5,8697243.457
10,80,1,59.6,3426973.541
10,80,1,59.7,3271202.017
10,80,1,59.8,2985620.888
10,80,1,59.9,3556783.145
10,80,1,60,3375049.7
10,80,1,60.1,2518306.314
10,80,1,60.2,3764478.511
10,80,1,60.3,2855811.284
10,80,1,60.4,3608706.987
10,80,1,60.5,3037544.73
10,80,1,60.6,3037544.73
10,80,1,60.7,2803887.443
10,80,1,60.8,3115430.492
10,80,1,60.9,3478897.383
10,80,1,61,3816402.353
10,80,1,61.1,3452935.462
10,80,1,61.2,2933697.047
10,80,1,61.3,2959658.967
10,80,1,61.4,3167354.334
10,80,1,61.5,3349087.779
10,80,1,61.6,2985620.888
10,80,1,61.7,3115430.492
10,80,1,61.8,3089468.571
10,80,1,61.9,3089468.571
10,80,1,62,2648115.918
10,80,1,62.1,3115430.492
10,80,1,62.2,3037544.73
10,80,1,62.3,3011582.809
10,80,1,62.4,3063506.65
10,80,1,62.5,2829849.364
10,80,1,62.6,3063506.65
10,80,1,62.7,2596192.077
10,80,1,62.8,2726001.681
10,80,1,62.9,2751963.601
10,80,1,63,3452935.462
10,80,1,63.1,3141392.413
10,80,1,63.2,3219278.175
10,80,1,63.3,3375049.7
10,80,1,63.4,3193316.254
10,80,1,63.5,2985620.888
10,80,1,63.6,2726001.681
10,80,1,63.7,2985620.888
10,80,1,63.8,2518306.314
10,80,1,63.9,2102915.582
10,80,1,64,2985620.888
10,80,1,64.1,2803887.443
10,80,1,64.2,2674077.839
10,80,1,64.3,2855811.284
10,80,1,64.4,2881773.205
10,80,1,64.5,2492344.394
10,80,1,64.6,2751963.601
10,80,1,64.7,2440420.552
10,80,1,64.8,3011582.809
10,80,1,64.9,2674077.839
10,80,1,65,2985620.888
10,80,1,65.1,2648115.918
10,80,1,65.2,2700039.76
10,80,1,65.3,2700039.76
10,80,1,65.4,2907735.126
10,80,1,65.5,3167354.334
10,80,1,65.6,2544268.235
10,80,1,65.7,2726001.681
10,80,1,65.8,2907735.126
10,80,1,65.9,2336572.869
10,80,1,66,2180801.344
10,80,1,66.1,2544268.235
10,80,1,66.2,2492344.394
10,80,1,66.3,2959658.967
10,80,1,66.4,2777925.522
10,80,1,66.5,3245240.096
10,80,1,66.6,3297163.937
10,80,1,66.7,2622153.997
10,80,1,66.8,2777925.522
10,80,1,66.9,2570230.156
10,80,1,67,2518306.314
10,80,1,67.1,3426973.541
10,80,1,67.2,3193316.254
10,80,1,67.3,2544268.235
10,80,1,67.4,3816402.353
10,80,1,67.5,2959658.967
10,80,1,67.6,2777925.522
10,80,1,67.7,2440420.552
10,80,1,67.8,2648115.918
10,80,1,67.9,2648115.918
10,80,1,68,3037544.73
10,80,1,68.1,2570230.156
10,80,1,68.2,2544268.235
10,80,1,68.3,1973105.978
10,80,1,68.4,2050991.741
10,80,1,68.5,2596192.077
10,80,1,68.6,2388496.711
10,80,1,68.7,2206763.265
10,80,1,68.8,2544268.235
10,80,1,68.9,2466382.473
10,80,1,69,2310610.948
10,80,1,69.1,2518306.314
10,80,1,69.2,2232725.186
10,80,1,69.3,3011582.809
10,80,1,69.4,2284649.027
10,80,1,69.5,2596192.077
10,80,1,69.6,2336572.869
10,80,1,69.7,2544268.235
10,80,1,69.8,2258687.107
10,80,1,69.9,2518306.314
10,80,1,70,2128877.503
10,80,1,70.1,2284649.027
10,80,1,70.2,2258687.107
10,80,1,70.3,2414458.631
10,80,1,70.4,2336572.869
10,80,1,70.5,2544268.235
10,80,1,70.6,2154839.424
10,80,1,70.7,2518306.314
10,80,1,70.8,2050991.741
10,80,1,70.9,2102915.582
10,80,1,71,2154839.424
10,80,1,71.1,1791372.533
10,80,1,71.2,2154839.424
10,80,1,71.3,2206763.265
10,80,1,71.4,2518306.314
10,80,1,71.5,1765410.612
10,80,1,71.6,2154839.424
10,80,1,71.7,2154839.424
10,80,1,71.8,2128877.503
10,80,1,71.9,2102915.582
10,80,1,72,2466382.473
10,80,1,72.1,2154839.424
10,80,1,72.2,2102915.582
10,80,1,72.3,2388496.711
10,80,1,72.4,1739448.691
10,80,1,72.5,2362534.79
10,80,1,72.6,1999067.899
10,80,1,72.7,2466382.473
10,80,1,72.8,1869258.295
10,80,1,72.9,1947144.058
10,80,1,73,2414458.631
10,80,1,73.1,2102915.582
10,80,1,73.2,2050991.741
10,80,1,73.3,2206763.265
10,80,1,73.4,2206763.265
10,80,1,73.5,1739448.691
10,80,1,73.6,2258687.107
10,80,1,73.7,1765410.612
10,80,1,73.8,1921182.137
10,80,1,73.9,1947144.058
10,80,1,74,1713486.771
10,80,1,74.1,1765410.612
10,80,1,74.2,1583677.167
10,80,1,74.3,1791372.533
10,80,1,74.4,1661562.929
10,80,1,74.5,1817334.454
10,80,1,74.6,1713486.771
10,80,1,74.7,1791372.533
10,80,1,74.8,1375981.801
10,80,1,74.9,1739448.691
10,80,1,75,1557715.246
10,80,1,75.1,1350019.88
10,80,1,75.2,1505791.404
10,80,1,75.3,2050991.741
10,80,1,75.4,1739448.691
10,80,1,75.5,1401943.721
10,80,1,75.6,1557715.246
10,80,1,75.7,1479829.484
10,80,1,75.8,1557715.246
10,80,1,75.9,1272134.118
10,80,1,76,1505791.404
10,80,1,76.1,1583677.167
10,80,1,76.2,1947144.058
10,80,1,76.3,1557715.246
10,80,1,76.4,1324057.959
10,80,1,76.5,1272134.118
10,80,1,76.6,1272134.118
10,80,1,76.7,1427905.642
10,80,1,76.8,1038476.831
10,80,1,76.9,1427905.642
10,80,1,77,1038476.831
10,80,1,77.1,1453867.563
10,80,1,77.2,1246172.197
10,80,1,77.3,1350019.88
10,80,1,77.4,882705.3061
10,80,1,77.5,1272134.118
10,80,1,77.6,856743.3853
10,80,1,77.7,1194248.355
10,80,1,77.8,726933.7815
10,80,1,77.9,882705.3061
10,80,1,78,778857.623
10,80,1,78.1,986552.9891
10,80,1,78.2,1038476.831
10,80,1,78.3,960591.0684
10,80,1,78.4,830781.4645
10,80,1,78.5,700971.8607
10,80,1,78.6,778857.623
10,80,1,78.7,1142324.514
10,80,1,78.8,804819.5438
10,80,1,78.9,519238.4153
10,80,1,79,675009.9399
10,80,1,79.1,493276.4946
10,80,1,79.2,493276.4946
10,80,1,79.3,441352.653
10,80,1,79.4,363466.8907
10,80,1,79.5,726933.7815
10,80,1,79.6,389428.8115
10,80,1,79.7,415390.7323
10,80,1,79.8,363466.8907
10,80,1,79.9,337504.97
10,80,1,80,51923.84153
10,150,1,2.8,26156.63517
10,150,1,2.9,104626.5407
10,150,1,3,156939.811
10,150,1,3.1,366192.8924
10,150,1,3.2,261566.3517
10,150,1,3.3,444662.7979
10,150,1,3.4,1020108.772
10,150,1,3.5,1203205.218
10,150,1,3.6,1647868.016
10,150,1,3.7,1987904.273
10,150,1,3.8,3321892.667
10,150,1,3.9,4237374.898
10,150,1,4,5179013.764
10,150,1,4.1,6068339.36
10,150,1,4.2,6565315.428
10,150,1,4.3,8396279.89
10,150,1,4.4,9442545.297
10,150,1,4.5,10907316.87
10,150,1,4.6,12921377.78
10,150,1,4.7,14098426.36
10,150,1,4.8,14987751.95
10,150,1,4.9,17368005.75
10,150,1,5,18074234.9
10,150,1,5.1,18858933.96
10,150,1,5.2,21526910.75
10,150,1,5.3,23017838.95
10,150,1,5.4,25005743.23
10,150,1,5.5,24534923.79
10,150,1,5.6,24979586.59
10,150,1,5.7,27124430.67
10,150,1,5.8,28903081.87
10,150,1,5.9,29452371.2
10,150,1,6,30237070.26
10,150,1,6.1,32695793.97
10,150,1,6.2,35285300.85
10,150,1,6.3,32381914.34
10,150,1,6.4,35285300.85
10,150,1,6.5,35311457.48
10,150,1,6.6,33925155.82
10,150,1,6.7,35311457.48
10,150,1,6.8,37220891.85
10,150,1,6.9,37691711.28
10,150,1,7,35939216.73
10,150,1,7.1,38999543.04
10,150,1,7.2,38764133.33
10,150,1,7.3,39627302.29
10,150,1,7.4,66594793.15
10,150,1,7.5,40150434.99
10,150,1,7.6,42190652.53
10,150,1,7.7,39313422.66
10,150,1,7.8,38737976.69
10,150,1,7.9,41484423.38
10,150,1,8,41013603.95
10,150,1,8.1,40882820.77
10,150,1,8.2,40568941.15
10,150,1,8.3,101775467.5
10,150,1,8.4,565715705.5
10,150,1,8.5,41039760.59
10,150,1,8.6,40228904.9
10,150,1,8.7,40464314.61
10,150,1,8.8,47238883.12
10,150,1,8.9,39941181.91
10,150,1,9,38214843.99
10,150,1,9.1,42583002.06
10,150,1,9.2,40830507.5
10,150,1,9.3,40228904.9
10,150,1,9.4,38999543.04
10,150,1,9.5,59323248.57
10,150,1,9.6,51319318.21
10,150,1,9.7,319450985.4
10,150,1,9.8,62069695.26
10,150,1,9.9,52104017.26
10,150,1,10,154062581.2
10,150,1,10.1,39601145.65
10,150,1,10.2,40830507.5
10,150,1,10.3,39104169.58
10,150,1,10.4,37116265.31
10,150,1,10.5,35232987.58
10,150,1,10.6,34239035.44
10,150,1,10.7,36253096.35
10,150,1,10.8,35860746.82
10,150,1,10.9,32774263.87
10,150,1,11,36540819.34
10,150,1,11.1,33532806.29
10,150,1,11.2,34134408.9
10,150,1,11.3,89429535.66
10,150,1,11.4,34892951.32
10,150,1,11.5,34840638.05
10,150,1,11.6,38790289.96
10,150,1,11.7,37717867.92
10,150,1,11.8,33088143.49
10,150,1,11.9,30969456.04
10,150,1,12,32460384.25
10,150,1,12.1,32303444.44
10,150,1,12.2,32983516.95
10,150,1,12.3,29740094.19
10,150,1,12.4,30420166.71
10,150,1,12.5,29687780.92
10,150,1,12.6,31178709.13
10,150,1,12.7,31387962.21
10,150,1,12.8,29243118.12
10,150,1,12.9,31858781.64
10,150,1,13,28929238.5
10,150,1,13.1,28563045.61
10,150,1,13.2,30394010.07
10,150,1,13.3,28719985.42
10,150,1,13.4,29321588.03
10,150,1,13.5,28667672.15
10,150,1,13.6,28798455.33
10,150,1,13.7,28903081.87
10,150,1,13.8,29583154.38
10,150,1,13.9,28118382.81
10,150,1,14,28196852.72
10,150,1,14.1,29609311.02
10,150,1,14.2,27464466.93
10,150,1,14.3,27569093.47
10,150,1,14.4,27882973.09
10,150,1,14.5,26705924.51
10,150,1,14.6,27595250.11
10,150,1,14.7,25842755.55
10,150,1,14.8,26339731.62
10,150,1,14.9,26104321.9
10,150,1,15,26941334.23
10,150,1,15.1,26339731.62
10,150,1,15.2,23881007.91
10,150,1,15.3,25711972.37
10,150,1,15.4,27909129.73
10,150,1,15.5,25581189.2
10,150,1,15.6,25110369.77
10,150,1,15.7,26052008.63
10,150,1,15.8,25031899.86
10,150,1,15.9,24404140.62
10,150,1,16,26025852
10,150,1,16.1,25058056.5
10,150,1,16.2,25241152.94
10,150,1,16.3,24718020.24
10,150,1,16.4,25607345.83
10,150,1,16.5,24770333.51
10,150,1,16.6,24587237.06
10,150,1,16.7,23279405.3
10,150,1,16.8,22390079.71
10,150,1,16.9,24247200.81
10,150,1,17,24613393.7
10,150,1,17.1,24273357.44
10,150,1,17.2,23384031.84
10,150,1,17.3,23043995.59
10,150,1,17.4,21788477.1
10,150,1,17.5,23881007.91
10,150,1,17.6,23436345.11
10,150,1,17.7,23122465.49
10,150,1,17.8,21788477.1
10,150,1,17.9,22154669.99
10,150,1,18,22180826.63
10,150,1,18.1,23279405.3
10,150,1,18.2,21474597.48
10,150,1,18.3,20977621.41
10,150,1,18.4,21736163.83
10,150,1,18.5,22756272.6
10,150,1,18.6,21762320.46
10,150,1,18.7,20532958.61
10,150,1,18.8,21317657.67
10,150,1,18.9,21213031.12
10,150,1,19,21317657.67
10,150,1,19.1,21134561.22
10,150,1,19.2,20846838.23
10,150,1,19.3,20872994.87
10,150,1,19.4,20663741.79
10,150,1,19.5,20009825.91
10,150,1,19.6,20088295.81
10,150,1,19.7,19277440.12
10,150,1,19.8,20297548.89
10,150,1,19.9,20454488.7
10,150,1,20,19565163.11
10,150,1,20.1,19408223.3
10,150,1,20.2,20271392.26
10,150,1,20.3,18937403.86
10,150,1,20.4,19879042.73
10,150,1,20.5,19565163.11
10,150,1,20.6,19355910.03
10,150,1,20.7,19068187.04
10,150,1,20.8,18806620.69
10,150,1,20.9,19382066.66
10,150,1,21,18911247.23
10,150,1,21.1,17969608.36
10,150,1,21.2,17498788.93
10,150,1,21.3,17106439.4
10,150,1,21.4,17577258.84
10,150,1,21.5,17734198.65
10,150,1,21.6,18048078.27
10,150,1,21.7,17054126.13
10,150,1,21.8,16740246.51
10,150,1,21.9,18100391.54
10,150,1,22,19015873.77
10,150,1,22.1,16583306.7
10,150,1,22.2,17629572.11
10,150,1,22.3,17132596.04
10,150,1,22.4,18205018.08
10,150,1,22.5,17132596.04
10,150,1,22.6,16295583.71
10,150,1,22.7,16792559.78
10,150,1,22.8,16766403.15
10,150,1,22.9,16949499.59
10,150,1,23,16871029.69
10,150,1,23.1,16321740.35
10,150,1,23.2,16714089.88
10,150,1,23.3,17211065.94
10,150,1,23.4,17708042.01
10,150,1,23.5,16060174
10,150,1,23.6,15537041.29
10,150,1,23.7,15798607.64
10,150,1,23.8,16007860.73
10,150,1,23.9,15667824.47
10,150,1,24,15458571.39
10,150,1,24.1,16086330.63
10,150,1,24.2,14856968.78
10,150,1,24.3,16347896.98
10,150,1,24.4,14935438.68
10,150,1,24.5,15798607.64
10,150,1,24.6,16347896.98
10,150,1,24.7,14647715.7
10,150,1,24.8,14909282.05
10,150,1,24.9,16164800.54
10,150,1,25,14909282.05
10,150,1,25.1,15484728.02
10,150,1,25.2,14516932.52
10,150,1,25.3,15223161.67
10,150,1,25.4,15432414.75
10,150,1,25.5,14516932.52
10,150,1,25.6,14752342.24
10,150,1,25.7,15144691.76
10,150,1,25.8,14726185.6
10,150,1,25.9,14490775.89
10,150,1,26,13496823.75
10,150,1,26.1,13863016.64
10,150,1,26.2,14203052.9
10,150,1,26.3,14281522.8
10,150,1,26.4,14438462.62
10,150,1,26.5,14726185.6
10,150,1,26.6,13967643.18
10,150,1,26.7,15170848.4
10,150,1,26.8,13182944.13
10,150,1,26.9,14595402.43
10,150,1,27,14124582.99
10,150,1,27.1,13549137.02
10,150,1,27.2,12947534.41
10,150,1,27.3,13366040.57
10,150,1,27.4,13156787.49
10,150,1,27.5,13706076.83
10,150,1,27.6,12084365.45
10,150,1,27.7,13444510.48
10,150,1,27.8,12712124.69
10,150,1,27.9,12659811.42
10,150,1,28,13052160.95
10,150,1,28.1,14464619.25
10,150,1,28.2,13549137.02
10,150,1,28.3,12816751.23
10,150,1,28.4,13130630.86
10,150,1,28.5,12084365.45
10,150,1,28.6,14098426.36
10,150,1,28.7,12921377.78
10,150,1,28.8,12869064.5
10,150,1,28.9,13575293.65
10,150,1,29,12712124.69
10,150,1,29.1,12790594.6
10,150,1,29.2,12398245.07
10,150,1,29.3,11613546.02
10,150,1,29.4,12084365.45
10,150,1,29.5,12084365.45
10,150,1,29.6,11482762.84
10,150,1,29.7,11979738.91
10,150,1,29.8,11796642.46
10,150,1,29.9,12502871.61
10,150,1,30,12136678.72
10,150,1,30.1,12764437.96
10,150,1,30.2,12058208.81
10,150,1,30.3,11378136.3
10,150,1,30.4,12084365.45
10,150,1,30.5,12319775.17
10,150,1,30.6,11561232.75
10,150,1,30.7,11142726.58
10,150,1,30.8,10985786.77
10,150,1,30.9,11299666.39
10,150,1,31,12319775.17
10,150,1,31.1,11299666.39
10,150,1,31.2,11404292.94
10,150,1,31.3,11299666.39
10,150,1,31.4,10488810.7
10,150,1,31.5,10122617.81
10,150,1,31.6,10750377.06
10,150,1,31.7,11195039.85
10,150,1,31.8,11142726.58
10,150,1,31.9,10436497.43
10,150,1,32,11404292.94
10,150,1,32.1,11273509.76
10,150,1,32.2,10436497.43
10,150,1,32.3,11221196.49
10,150,1,32.4,11168883.22
10,150,1,32.5,11639702.65
10,150,1,32.6,10619593.88
10,150,1,32.7,10855003.6
10,150,1,32.8,10044147.91
10,150,1,32.9,9861051.46
10,150,1,33,10776533.69
10,150,1,33.1,9285605.486
10,150,1,33.2,10776533.69
10,150,1,33.3,9808738.19
10,150,1,33.4,10410340.8
10,150,1,33.5,10488810.7
10,150,1,33.6,9547171.838
10,150,1,33.7,10567280.61
10,150,1,33.8,10305714.26
10,150,1,33.9,10645750.52
10,150,1,34,8997882.499
10,150,1,34.1,10174931.08
10,150,1,34.2,9024039.135
10,150,1,34.3,10541123.97
10,150,1,34.4,10358027.53
10,150,1,34.5,9677955.014
10,150,1,34.6,9180978.946
10,150,1,34.7,9102509.04
10,150,1,34.8,10488810.7
10,150,1,34.9,9442545.297
10,150,1,35,10253400.99
10,150,1,35.1,9887208.095
10,150,1,35.2,9573328.473
10,150,1,35.3,8814786.053
10,150,1,35.4,8867099.324
10,150,1,35.5,10096461.18
10,150,1,35.6,8997882.499
10,150,1,35.7,9730268.284
10,150,1,35.8,8160870.174
10,150,1,35.9,9939521.366
10,150,1,36,9416388.662
10,150,1,36.1,8448593.161
10,150,1,36.2,9756424.919
10,150,1,36.3,9050195.77
10,150,1,36.4,8657846.242
10,150,1,36.5,9468701.932
10,150,1,36.6,8396279.89
10,150,1,36.7,9128665.675
10,150,1,36.8,8762472.783
10,150,1,36.9,8762472.783
10,150,1,37,8840942.688
10,150,1,37.1,8867099.324
10,150,1,37.2,8474749.796
10,150,1,37.3,8056243.633
10,150,1,37.4,8187026.809
10,150,1,37.5,8710159.512
10,150,1,37.6,8448593.161
10,150,1,37.7,8082400.268
10,150,1,37.8,8553219.701
10,150,1,37.9,8030086.998
10,150,1,38,8867099.324
10,150,1,38.1,8971725.864
10,150,1,38.2,8605532.972
10,150,1,38.3,8893255.959
10,150,1,38.4,8030086.998
10,150,1,38.5,8579376.337
10,150,1,38.6,8213183.444
10,150,1,38.7,7977773.728
10,150,1,38.8,7690050.741
10,150,1,38.9,7873147.187
10,150,1,39,8082400.268
10,150,1,39.1,9076352.405
10,150,1,39.2,7768520.646
10,150,1,39.3,7899303.822
10,150,1,39.4,8762472.783
10,150,1,39.5,8474749.796
10,150,1,39.6,7899303.822
10,150,1,39.7,7637737.47
10,150,1,39.8,8396279.89
10,150,1,39.9,7480797.659
10,150,1,40,7899303.822
10,150,1,40.1,7899303.822
10,150,1,40.2,8082400.268
10,150,1,40.3,8788629.418
10,150,1,40.4,7742364.011
10,150,1,40.5,7899303.822
10,150,1,40.6,7768520.646
10,150,1,40.7,7742364.011
10,150,1,40.8,7062291.497
10,150,1,40.9,8056243.633
10,150,1,41,8997882.499
10,150,1,41.1,8003930.363
10,150,1,41.2,7585424.2
10,150,1,41.3,7951617.092
10,150,1,41.4,7716207.376
10,150,1,41.5,8474749.796
10,150,1,41.6,7768520.646
10,150,1,41.7,7559267.565
10,150,1,41.8,6356062.347
10,150,1,41.9,7271544.578
10,150,1,42,7350014.484
10,150,1,42.1,7611580.835
10,150,1,42.2,7637737.47
10,150,1,42.3,7899303.822
10,150,1,42.4,6905351.686
10,150,1,42.5,6722255.239
10,150,1,42.6,7663894.106
10,150,1,42.7,7690050.741
10,150,1,42.8,7611580.835
10,150,1,42.9,7140761.402
10,150,1,43,7376171.119
10,150,1,43.1,7846990.552
10,150,1,43.2,6748411.875
10,150,1,43.3,7009978.226
10,150,1,43.4,7611580.835
10,150,1,43.5,6408375.617
10,150,1,43.6,7402327.754
10,150,1,43.7,6513002.158
10,150,1,43.8,7402327.754
10,150,1,43.9,5885242.914
10,150,1,44,7768520.646
10,150,1,44.1,7114604.767
10,150,1,44.2,6329905.712
10,150,1,44.3,7506954.295
10,150,1,44.4,5806773.008
10,150,1,44.5,6879195.05
10,150,1,44.6,6382218.982
10,150,1,44.7,7428484.389
10,150,1,44.8,6853038.415
10,150,1,44.9,5963712.819
10,150,1,45,7166918.037
10,150,1,45.1,6643785.334
10,150,1,45.2,7271544.578
10,150,1,45.3,6460688.888
10,150,1,45.4,6983821.591
10,150,1,45.5,6669941.969
10,150,1,45.6,6800725.145
10,150,1,45.7,6669941.969
10,150,1,45.8,6329905.712
10,150,1,45.9,7323857.848
10,150,1,46,6460688.888
10,150,1,46.1,6853038.415
10,150,1,46.2,6983821.591
10,150,1,46.3,6643785.334
10,150,1,46.4,6565315.428
10,150,1,46.5,6853038.415
10,150,1,46.6,6251435.806
10,150,1,46.7,5649833.197
10,150,1,46.8,6016026.09
10,150,1,46.9,6199122.536
10,150,1,47,6983821.591
10,150,1,47.1,6094495.995
10,150,1,47.2,6199122.536
10,150,1,47.3,6120652.63
10,150,1,47.4,6460688.888
10,150,1,47.5,6434532.252
10,150,1,47.6,6931508.321
10,150,1,47.7,5963712.819
10,150,1,47.8,5832929.643
10,150,1,47.9,5649833.197
10,150,1,48,6120652.63
10,150,1,48.1,6565315.428
10,150,1,48.2,6225279.171
10,150,1,48.3,5963712.819
10,150,1,48.4,6016026.09
10,150,1,48.5,6120652.63
10,150,1,48.6,5754459.738
10,150,1,48.7,6251435.806
10,150,1,48.8,5257483.67
10,150,1,48.9,6016026.09
10,150,1,49,6225279.171
10,150,1,49.1,6434532.252
10,150,1,49.2,5519050.021
10,150,1,49.3,5388266.846
10,150,1,49.4,6277592.441
10,150,1,49.5,5780616.373
10,150,1,49.6,5545206.657
10,150,1,49.7,6408375.617
10,150,1,49.8,5388266.846
10,150,1,49.9,5754459.738
10,150,1,50,5388266.846
10,150,1,50.1,5571363.292
10,150,1,50.2,5963712.819
10,150,1,50.3,5780616.373
10,150,1,50.4,5414423.481
10,150,1,50.5,6277592.441
10,150,1,50.6,5806773.008
10,150,1,50.7,5152857.129
10,150,1,50.8,6382218.982
10,150,1,50.9,5702146.468
10,150,1,51,5309796.94
10,150,1,51.1,5728303.103
10,150,1,51.2,5074387.223
10,150,1,51.3,5257483.67
10,150,1,51.4,4969760.683
10,150,1,51.5,5022073.953
10,150,1,51.6,5048230.588
10,150,1,51.7,5388266.846
10,150,1,51.8,5649833.197
10,150,1,51.9,6120652.63
10,150,1,52,4917447.412
10,150,1,52.1,4838977.507
10,150,1,52.2,5780616.373
10,150,1,52.3,5728303.103
10,150,1,52.4,5362110.21
10,150,1,52.5,5100543.859
10,150,1,52.6,5309796.94
10,150,1,52.7,4865134.142
10,150,1,52.8,5597519.927
10,150,1,52.9,5466736.751
10,150,1,53,4551254.52
10,150,1,53.1,5100543.859
10,150,1,53.2,5780616.373
10,150,1,53.3,5179013.764
10,150,1,53.4,4760507.601
10,150,1,53.5,5179013.764
10,150,1,53.6,4525097.885
10,150,1,53.7,5492893.386
10,150,1,53.8,4969760.683
10,150,1,53.9,4498941.25
10,150,1,54,4551254.52
10,150,1,54.1,5231327.035
10,150,1,54.2,5231327.035
10,150,1,54.3,5388266.846
10,150,1,54.4,4708194.331
10,150,1,54.5,4917447.412
10,150,1,54.6,4420471.344
10,150,1,54.7,4943604.048
10,150,1,54.8,4786664.237
10,150,1,54.9,5806773.008
10,150,1,55,5702146.468
10,150,1,55.1,5623676.562
10,150,1,55.2,4838977.507
10,150,1,55.3,4525097.885
10,150,1,55.4,4838977.507
10,150,1,55.5,4237374.898
10,150,1,55.6,4472784.615
10,150,1,55.7,4865134.142
10,150,1,55.8,4838977.507
10,150,1,55.9,4812820.872
10,150,1,56,4734350.966
10,150,1,56.1,4943604.048
10,150,1,56.2,4420471.344
10,150,1,56.3,5074387.223
10,150,1,56.4,5048230.588
10,150,1,56.5,4838977.507
10,150,1,56.6,5283640.305
10,150,1,56.7,3949651.911
10,150,1,56.8,4786664.237
10,150,1,56.9,4682037.696
10,150,1,57,4315844.803
10,150,1,57.1,4368158.074
10,150,1,57.2,4917447.412
10,150,1,57.3,4682037.696
10,150,1,57.4,5152857.129
10,150,1,57.5,4315844.803
10,150,1,57.6,5283640.305
10,150,1,57.7,4655881.061
10,150,1,57.8,4132748.357
10,150,1,57.9,4603567.79
10,150,1,58,4446627.979
10,150,1,58.1,21553067.38
10,150,1,58.2,4969760.683
10,150,1,58.3,4315844.803
10,150,1,58.4,5257483.67
10,150,1,58.5,4106591.722
10,150,1,58.6,4629724.426
10,150,1,58.7,4342001.439
10,150,1,58.8,4185061.628
10,150,1,58.9,4682037.696
10,150,1,59,4969760.683
10,150,1,59.1,4498941.25
10,150,1,59.2,4263531.533
10,150,1,59.3,4289688.168
10,150,1,59.4,4472784.615
10,150,1,59.5,34552915.06
10,150,1,59.6,4001965.181
10,150,1,59.7,4943604.048
10,150,1,59.8,4394314.709
10,150,1,59.9,4603567.79
10,150,1,60,4603567.79
10,150,1,60.1,4865134.142
10,150,1,60.2,3949651.911
10,150,1,60.3,4263531.533
10,150,1,60.4,4603567.79
10,150,1,60.5,4211218.263
10,150,1,60.6,3923495.276
10,150,1,60.7,4708194.331
10,150,1,60.8,4342001.439
10,150,1,60.9,3661928.924
10,150,1,61,3871182.006
10,150,1,61.1,3975808.546
10,150,1,61.2,4106591.722
10,150,1,61.3,3688085.559
10,150,1,61.4,4551254.52
10,150,1,61.5,3688085.559
10,150,1,61.6,4263531.533
10,150,1,61.7,4342001.439
10,150,1,61.8,3531145.748
10,150,1,61.9,4891290.777
10,150,1,62,3426519.208
10,150,1,62.1,4368158.074
10,150,1,62.2,3661928.924
10,150,1,62.3,4577411.155
10,150,1,62.4,3661928.924
10,150,1,62.5,4525097.885
10,150,1,62.6,4368158.074
10,150,1,62.7,4368158.074
10,150,1,62.8,3871182.006
10,150,1,62.9,4158904.992
10,150,1,63,4368158.074
10,150,1,63.1,3714242.195
10,150,1,63.2,4028121.817
10,150,1,63.3,3792712.1
10,150,1,63.4,4001965.181
10,150,1,63.5,4342001.439
10,150,1,63.6,3714242.195
10,150,1,63.7,3400362.572
10,150,1,63.8,3426519.208
10,150,1,63.9,3531145.748
10,150,1,64,4158904.992
10,150,1,64.1,3792712.1
10,150,1,64.2,3661928.924
10,150,1,64.3,3138796.221
10,150,1,64.4,3897338.641
10,150,1,64.5,4551254.52
10,150,1,64.6,3871182.006
10,150,1,64.7,3818868.735
10,150,1,64.8,4629724.426
10,150,1,64.9,3557302.383
10,150,1,65,3531145.748
10,150,1,65.1,3112639.586
10,150,1,65.2,4054278.452
10,150,1,65.3,4655881.061
10,150,1,65.4,3661928.924
10,150,1,65.5,3949651.911
10,150,1,65.6,3766555.465
10,150,1,65.7,3688085.559
10,150,1,65.8,3583459.019
10,150,1,65.9,3400362.572
10,150,1,66,3818868.735
10,150,1,66.1,2903386.504
10,150,1,66.2,3583459.019
10,150,1,66.3,3714242.195
10,150,1,66.4,3740398.83
10,150,1,66.5,3504989.113
10,150,1,66.6,3897338.641
10,150,1,66.7,3086482.95
10,150,1,66.8,2955699.775
10,150,1,66.9,4028121.817
10,150,1,67,3426519.208
10,150,1,67.1,7271544.578
10,150,1,67.2,4838977.507
10,150,1,67.3,3714242.195
10,150,1,67.4,9913364.73
10,150,1,67.5,3086482.95
10,150,1,67.6,3583459.019
10,150,1,67.7,3191109.491
10,150,1,67.8,3269579.397
10,150,1,67.9,3949651.911
10,150,1,68,3583459.019
10,150,1,68.1,4001965.181
10,150,1,68.2,3635772.289
10,150,1,68.3,3818868.735
10,150,1,68.4,3217266.126
10,150,1,68.5,3400362.572
10,150,1,68.6,3269579.397
10,150,1,68.7,3583459.019
10,150,1,68.8,3321892.667
10,150,1,68.9,2694133.423
10,150,1,69,3531145.748
10,150,1,69.1,3583459.019
10,150,1,69.2,3243422.761
10,150,1,69.3,5257483.67
10,150,1,69.4,3845025.37
10,150,1,69.5,4446627.979
10,150,1,69.6,4106591.722
10,150,1,69.7,3374205.937
10,150,1,69.8,3138796.221
10,150,1,69.9,3269579.397
10,150,1,70,3112639.586
10,150,1,70.1,3191109.491
10,150,1,70.2,3426519.208
10,150,1,70.3,3191109.491
10,150,1,70.4,2903386.504
10,150,1,70.5,2641820.152
10,150,1,70.6,3504989.113
10,150,1,70.7,3138796.221
10,150,1,70.8,2851073.234
10,150,1,70.9,3008013.045
10,150,1,71,3348049.302
10,150,1,71.1,3008013.045
10,150,1,71.2,3321892.667
10,150,1,71.3,3321892.667
10,150,1,71.4,3191109.491
10,150,1,71.5,2981856.41
10,150,1,71.6,3112639.586
10,150,1,71.7,3531145.748
10,150,1,71.8,2929543.139
10,150,1,71.9,3504989.113
10,150,1,72,3478832.478
10,150,1,72.1,2641820.152
10,150,1,72.2,3034169.68
10,150,1,72.3,3295736.032
10,150,1,72.4,3060326.315
10,150,1,72.5,3897338.641
10,150,1,72.6,3243422.761
10,150,1,72.7,2981856.41
10,150,1,72.8,3138796.221
10,150,1,72.9,3112639.586
10,150,1,73,2929543.139
10,150,1,73.1,3531145.748
10,150,1,73.2,2798759.963
10,150,1,73.3,3086482.95
10,150,1,73.4,2694133.423
10,150,1,73.5,3112639.586
10,150,1,73.6,2903386.504
10,150,1,73.7,3269579.397
10,150,1,73.8,3060326.315
10,150,1,73.9,3112639.586
10,150,1,74,3060326.315
10,150,1,74.1,2981856.41
10,150,1,74.2,2798759.963
10,150,1,74.3,2798759.963
10,150,1,74.4,2851073.234
10,150,1,74.5,2929543.139
10,150,1,74.6,2746446.693
10,150,1,74.7,3191109.491
10,150,1,74.8,2694133.423
10,150,1,74.9,2981856.41
10,150,1,75,2641820.152
10,150,1,75.1,3008013.045
10,150,1,75.2,2981856.41
10,150,1,75.3,2877229.869
10,150,1,75.4,3269579.397
10,150,1,75.5,2903386.504
10,150,1,75.6,3217266.126
10,150,1,75.7,2746446.693
10,150,1,75.8,3191109.491
10,150,1,75.9,3295736.032
10,150,1,76,3217266.126
10,150,1,76.1,2877229.869
10,150,1,76.2,3008013.045
10,150,1,76.3,2746446.693
10,150,1,76.4,2223313.99
10,150,1,76.5,2981856.41
10,150,1,76.6,2798759.963
10,150,1,76.7,3321892.667
10,150,1,76.8,3034169.68
10,150,1,76.9,2903386.504
10,150,1,77,2772603.328
10,150,1,77.1,3531145.748
10,150,1,77.2,2667976.788
10,150,1,77.3,2903386.504
10,150,1,77.4,3086482.95
10,150,1,77.5,2824916.599
10,150,1,77.6,3060326.315
10,150,1,77.7,3034169.68
10,150,1,77.8,2851073.234
10,150,1,77.9,3191109.491
10,150,1,78,2772603.328
10,150,1,78.1,3217266.126
10,150,1,78.2,2903386.504
10,150,1,78.3,2354097.166
10,150,1,78.4,3191109.491
10,150,1,78.5,3008013.045
10,150,1,78.6,3034169.68
10,150,1,78.7,3034169.68
10,150,1,78.8,2929543.139
10,150,1,78.9,3086482.95
10,150,1,79,2746446.693
10,150,1,79.1,2824916.599
10,150,1,79.2,2981856.41
10,150,1,79.3,2432567.071
10,150,1,79.4,2432567.071
10,150,1,79.5,2694133.423
10,150,1,79.6,2903386.504
10,150,1,79.7,3034169.68
10,150,1,79.8,2929543.139
10,150,1,79.9,2171000.719
10,150,1,80,2406410.436
10,150,1,80.1,2380253.801
10,150,1,80.2,2903386.504
10,150,1,80.3,2589506.882
10,150,1,80.4,2380253.801
10,150,1,80.5,2484880.341
10,150,1,80.6,1804807.827
10,150,1,80.7,2458723.706
10,150,1,80.8,2563350.247
10,150,1,80.9,2327940.53
10,150,1,81,2903386.504
10,150,1,81.1,2301783.895
10,150,1,81.2,2746446.693
10,150,1,81.3,2824916.599
10,150,1,81.4,2824916.599
10,150,1,81.5,2851073.234
10,150,1,81.6,2249470.625
10,150,1,81.7,2458723.706
10,150,1,81.8,2144844.084
10,150,1,81.9,2406410.436
10,150,1,82,2589506.882
10,150,1,82.1,2354097.166
10,150,1,82.2,2484880.341
10,150,1,82.3,2327940.53
10,150,1,82.4,2641820.152
10,150,1,82.5,2144844.084
10,150,1,82.6,3034169.68
10,150,1,82.7,2511036.977
10,150,1,82.8,2327940.53
10,150,1,82.9,2641820.152
10,150,1,83,2458723.706
10,150,1,83.1,2301783.895
10,150,1,83.2,2615663.517
10,150,1,83.3,2772603.328
10,150,1,83.4,2484880.341
10,150,1,83.5,2615663.517
10,150,1,83.6,2641820.152
10,150,1,83.7,2589506.882
10,150,1,83.8,2040217.543
10,150,1,83.9,2746446.693
10,150,1,84,2171000.719
10,150,1,84.1,2223313.99
10,150,1,84.2,3008013.045
10,150,1,84.3,2223313.99
10,150,1,84.4,2380253.801
10,150,1,84.5,2275627.26
10,150,1,84.6,2511036.977
10,150,1,84.7,2484880.341
10,150,1,84.8,2432567.071
10,150,1,84.9,2746446.693
10,150,1,85,3295736.032
10,150,1,85.1,2772603.328
10,150,1,85.2,2301783.895
10,150,1,85.3,2458723.706
10,150,1,85.4,2432567.071
10,150,1,85.5,2694133.423
10,150,1,85.6,2615663.517
10,150,1,85.7,2380253.801
10,150,1,85.8,1961747.638
10,150,1,85.9,2223313.99
10,150,1,86,2223313.99
10,150,1,86.1,2301783.895
10,150,1,86.2,1830964.462
10,150,1,86.3,2249470.625
10,150,1,86.4,2851073.234
10,150,1,86.5,2171000.719
10,150,1,86.6,2040217.543
10,150,1,86.7,2066374.179
10,150,1,86.8,2354097.166
10,150,1,86.9,2432567.071
10,150,1,87,2301783.895
10,150,1,87.1,2484880.341
10,150,1,87.2,2641820.152
10,150,1,87.3,2301783.895
10,150,1,87.4,2118687.449
10,150,1,87.5,1883277.732
10,150,1,87.6,2537193.612
10,150,1,87.7,2877229.869
10,150,1,87.8,2484880.341
10,150,1,87.9,1935591.003
10,150,1,88,2040217.543
10,150,1,88.1,2484880.341
10,150,1,88.2,2040217.543
10,150,1,88.3,2406410.436
10,150,1,88.4,1700181.286
10,150,1,88.5,2171000.719
10,150,1,88.6,2275627.26
10,150,1,88.7,1778651.192
10,150,1,88.8,1987904.273
10,150,1,88.9,1987904.273
10,150,1,89,2406410.436
10,150,1,89.1,2066374.179
10,150,1,89.2,2484880.341
10,150,1,89.3,1804807.827
10,150,1,89.4,2249470.625
10,150,1,89.5,1935591.003
10,150,1,89.6,2275627.26
10,150,1,89.7,2275627.26
10,150,1,89.8,2380253.801
10,150,1,89.9,1961747.638
10,150,1,90,1778651.192
10,150,1,90.1,1987904.273
10,150,1,90.2,1752494.557
10,150,1,90.3,2275627.26
10,150,1,90.4,2092530.814
10,150,1,90.5,2406410.436
10,150,1,90.6,1909434.368
10,150,1,90.7,1935591.003
10,150,1,90.8,1857121.097
10,150,1,90.9,2014060.908
10,150,1,91,1830964.462
10,150,1,91.1,2275627.26
10,150,1,91.2,2301783.895
10,150,1,91.3,2118687.449
10,150,1,91.4,1804807.827
10,150,1,91.5,2327940.53
10,150,1,91.6,1804807.827
10,150,1,91.7,2197157.354
10,150,1,91.8,1621711.381
10,150,1,91.9,1857121.097
10,150,1,92,1935591.003
10,150,1,92.1,1961747.638
10,150,1,92.2,1987904.273
10,150,1,92.3,2144844.084
10,150,1,92.4,1778651.192
10,150,1,92.5,1961747.638
10,150,1,92.6,1830964.462
10,150,1,92.7,2040217.543
10,150,1,92.8,1674024.651
10,150,1,92.9,1830964.462
10,150,1,93,1961747.638
10,150,1,93.1,2014060.908
10,150,1,93.2,1909434.368
10,150,1,93.3,1883277.732
10,150,1,93.4,2144844.084
10,150,1,93.5,2301783.895
10,150,1,93.6,2249470.625
10,150,1,93.7,2667976.788
10,150,1,93.8,2066374.179
10,150,1,93.9,2354097.166
10,150,1,94,2118687.449
10,150,1,94.1,1517084.84
10,150,1,94.2,2014060.908
10,150,1,94.3,1674024.651
10,150,1,94.4,1883277.732
10,150,1,94.5,1804807.827
10,150,1,94.6,2249470.625
10,150,1,94.7,1935591.003
10,150,1,94.8,1961747.638
10,150,1,94.9,2197157.354
10,150,1,95,1674024.651
10,150,1,95.1,1726337.921
10,150,1,95.2,1778651.192
10,150,1,95.3,1778651.192
10,150,1,95.4,2014060.908
10,150,1,95.5,1674024.651
10,150,1,95.6,1935591.003
10,150,1,95.7,2092530.814
10,150,1,95.8,2118687.449
10,150,1,95.9,1935591.003
10,150,1,96,1830964.462
10,150,1,96.1,1569398.11
10,150,1,96.2,2040217.543
10,150,1,96.3,1674024.651
10,150,1,96.4,2171000.719
10,150,1,96.5,1674024.651
10,150,1,96.6,2040217.543
10,150,1,96.7,1752494.557
10,150,1,96.8,1778651.192
10,150,1,96.9,1804807.827
10,150,1,97,1830964.462
10,150,1,97.1,1569398.11
10,150,1,97.2,1909434.368
10,150,1,97.3,1883277.732
10,150,1,97.4,2040217.543
10,150,1,97.5,1569398.11
10,150,1,97.6,1569398.11
10,150,1,97.7,1674024.651
10,150,1,97.8,1804807.827
10,150,1,97.9,2354097.166
10,150,1,98,1726337.921
10,150,1,98.1,1333988.394
10,150,1,98.2,1778651.192
10,150,1,98.3,1726337.921
10,150,1,98.4,1726337.921
10,150,1,98.5,2144844.084
10,150,1,98.6,1360145.029
10,150,1,98.7,1621711.381
10,150,1,98.8,1804807.827
10,150,1,98.9,1883277.732
10,150,1,99,2092530.814
10,150,1,99.1,2040217.543
10,150,1,99.2,2014060.908
10,150,1,99.3,2066374.179
10,150,1,99.4,1857121.097
10,150,1,99.5,1804807.827
10,150,1,99.6,1674024.651
10,150,1,99.7,1647868.016
10,150,1,99.8,1569398.11
10,150,1,99.9,1621711.381
10,150,1,100,1752494.557
10,150,1,100.1,2249470.625
10,150,1,100.2,1621711.381
10,150,1,100.3,2014060.908
10,150,1,100.4,1543241.475
10,150,1,100.5,1595554.746
10,150,1,100.6,1700181.286
10,150,1,100.7,1517084.84
10,150,1,100.8,1987904.273
10,150,1,100.9,1700181.286
10,150,1,101,1987904.273
10,150,1,101.1,1490928.205
10,150,1,101.2,1700181.286
10,150,1,101.3,1830964.462
10,150,1,101.4,2249470.625
10,150,1,101.5,1830964.462
10,150,1,101.6,1726337.921
10,150,1,101.7,1621711.381
10,150,1,101.8,1490928.205
10,150,1,101.9,1961747.638
10,150,1,102,1412458.299
10,150,1,102.1,1804807.827
10,150,1,102.2,1909434.368
10,150,1,102.3,1386301.664
10,150,1,102.4,2014060.908
10,150,1,102.5,1804807.827
10,150,1,102.6,1935591.003
10,150,1,102.7,1412458.299
10,150,1,102.8,1543241.475
10,150,1,102.9,1804807.827
10,150,1,103,1726337.921
10,150,1,103.1,1830964.462
10,150,1,103.2,2014060.908
10,150,1,103.3,1517084.84
10,150,1,103.4,1804807.827
10,150,1,103.5,2092530.814
10,150,1,103.6,1726337.921
10,150,1,103.7,1621711.381
10,150,1,103.8,1360145.029
10,150,1,103.9,1150891.948
10,150,1,104,1674024.651
10,150,1,104.1,1987904.273
10,150,1,104.2,1412458.299
10,150,1,104.3,1412458.299
10,150,1,104.4,1569398.11
10,150,1,104.5,1412458.299
10,150,1,104.6,1464771.57
10,150,1,104.7,1804807.827
10,150,1,104.8,1595554.746
10,150,1,104.9,2118687.449
10,150,1,105,1621711.381
10,150,1,105.1,1595554.746
10,150,1,105.2,1857121.097
10,150,1,105.3,1830964.462
10,150,1,105.4,1752494.557
10,150,1,105.5,1333988.394
10,150,1,105.6,1386301.664
10,150,1,105.7,1857121.097
10,150,1,105.8,1674024.651
10,150,1,105.9,1490928.205
10,150,1,106,1464771.57
10,150,1,106.1,1386301.664
10,150,1,106.2,1098578.677
10,150,1,106.3,1621711.381
10,150,1,106.4,1543241.475
10,150,1,106.5,1360145.029
10,150,1,106.6,1438614.934
10,150,1,106.7,2066374.179
10,150,1,106.8,1883277.732
10,150,1,106.9,1438614.934
10,150,1,107,1621711.381
10,150,1,107.1,1543241.475
10,150,1,107.2,1543241.475
10,150,1,107.3,1595554.746
10,150,1,107.4,1778651.192
10,150,1,107.5,1438614.934
10,150,1,107.6,1726337.921
10,150,1,107.7,1830964.462
10,150,1,107.8,1857121.097
10,150,1,107.9,1517084.84
10,150,1,108,1333988.394
10,150,1,108.1,1072422.042
10,150,1,108.2,1778651.192
10,150,1,108.3,2144844.084
10,150,1,108.4,1569398.11
10,150,1,108.5,1517084.84
10,150,1,108.6,1726337.921
10,150,1,108.7,1072422.042
10,150,1,108.8,1360145.029
10,150,1,108.9,1229361.853
10,150,1,109,1124735.312
10,150,1,109.1,1517084.84
10,150,1,109.2,1150891.948
10,150,1,109.3,1333988.394
10,150,1,109.4,1726337.921
10,150,1,109.5,1778651.192
10,150,1,109.6,1857121.097
10,150,1,109.7,1909434.368
10,150,1,109.8,1595554.746
10,150,1,109.9,1203205.218
10,150,1,110,1177048.583
10,150,1,110.1,1438614.934
10,150,1,110.2,1726337.921
10,150,1,110.3,1333988.394
10,150,1,110.4,1360145.029
10,150,1,110.5,1412458.299
10,150,1,110.6,1438614.934
10,150,1,110.7,1360145.029
10,150,1,110.8,1752494.557
10,150,1,110.9,1543241.475
10,150,1,111,1333988.394
10,150,1,111.1,1726337.921
10,150,1,111.2,1177048.583
10,150,1,111.3,1517084.84
10,150,1,111.4,1569398.11
10,150,1,111.5,1961747.638
10,150,1,111.6,1307831.759
10,150,1,111.7,1360145.029
10,150,1,111.8,2014060.908
10,150,1,111.9,1020108.772
10,150,1,112,1412458.299
10,150,1,112.1,1543241.475
10,150,1,112.2,1360145.029
10,150,1,112.3,1517084.84
10,150,1,112.4,1229361.853
10,150,1,112.5,1569398.11
10,150,1,112.6,1360145.029
10,150,1,112.7,1804807.827
10,150,1,112.8,1464771.57
10,150,1,112.9,1647868.016
10,150,1,113,1490928.205
10,150,1,113.1,1543241.475
10,150,1,113.2,1307831.759
10,150,1,113.3,1490928.205
10,150,1,113.4,1203205.218
10,150,1,113.5,1333988.394
10,150,1,113.6,1804807.827
10,150,1,113.7,1229361.853
10,150,1,113.8,1020108.772
10,150,1,113.9,1490928.205
10,150,1,114,1281675.123
10,150,1,114.1,1229361.853
10,150,1,114.2,1517084.84
10,150,1,114.3,1177048.583
10,150,1,114.4,1386301.664
10,150,1,114.5,1150891.948
10,150,1,114.6,1543241.475
10,150,1,114.7,967795.5014
10,150,1,114.8,1517084.84
10,150,1,114.9,1360145.029
10,150,1,115,1203205.218
10,150,1,115.1,1543241.475
10,150,1,115.2,1229361.853
10,150,1,115.3,1255518.488
10,150,1,115.4,1203205.218
10,150,1,115.5,1412458.299
10,150,1,115.6,1543241.475
10,150,1,115.7,1595554.746
10,150,1,115.8,1333988.394
10,150,1,115.9,1333988.394
10,150,1,116,1412458.299
10,150,1,116.1,1647868.016
10,150,1,116.2,1255518.488
10,150,1,116.3,1517084.84
10,150,1,116.4,1333988.394
10,150,1,116.5,1229361.853
10,150,1,116.6,1386301.664
10,150,1,116.7,1700181.286
10,150,1,116.8,1569398.11
10,150,1,116.9,1046265.407
10,150,1,117,1595554.746
10,150,1,117.1,1229361.853
10,150,1,117.2,1543241.475
10,150,1,117.3,1098578.677
10,150,1,117.4,1543241.475
10,150,1,117.5,1072422.042
10,150,1,117.6,1464771.57
10,150,1,117.7,1281675.123
10,150,1,117.8,1098578.677
10,150,1,117.9,1203205.218
10,150,1,118,1098578.677
10,150,1,118.1,1020108.772
10,150,1,118.2,993952.1366
10,150,1,118.3,1203205.218
10,150,1,118.4,1386301.664
10,150,1,118.5,1333988.394
10,150,1,118.6,1412458.299
10,150,1,118.7,1020108.772
10,150,1,118.8,1517084.84
10,150,1,118.9,1177048.583
10,150,1,119,837012.3255
10,150,1,119.1,1412458.299
10,150,1,119.2,1360145.029
10,150,1,119.3,1543241.475
10,150,1,119.4,889325.5959
10,150,1,119.5,1386301.664
10,150,1,119.6,837012.3255
10,150,1,119.7,1543241.475
10,150,1,119.8,1124735.312
10,150,1,119.9,1412458.299
10,150,1,120,1490928.205
10,150,1,120.1,1333988.394
10,150,1,120.2,1072422.042
10,150,1,120.3,1072422.042
10,150,1,120.4,1360145.029
10,150,1,120.5,1150891.948
10,150,1,120.6,1281675.123
10,150,1,120.7,1255518.488
10,150,1,120.8,1307831.759
10,150,1,120.9,1229361.853
10,150,1,121,1307831.759
10,150,1,121.1,1229361.853
10,150,1,121.2,1124735.312
10,150,1,121.3,941638.8662
10,150,1,121.4,1203205.218
10,150,1,121.5,1150891.948
10,150,1,121.6,993952.1366
10,150,1,121.7,915482.231
10,150,1,121.8,1203205.218
10,150,1,121.9,1386301.664
10,150,1,122,1124735.312
10,150,1,122.1,1229361.853
10,150,1,122.2,1046265.407
10,150,1,122.3,1046265.407
10,150,1,122.4,1203205.218
10,150,1,122.5,1412458.299
10,150,1,122.6,941638.8662
10,150,1,122.7,863168.9607
10,150,1,122.8,967795.5014
10,150,1,122.9,1386301.664
10,150,1,123,1412458.299
10,150,1,123.1,1072422.042
10,150,1,123.2,1255518.488
10,150,1,123.3,1203205.218
10,150,1,123.4,1072422.042
10,150,1,123.5,1203205.218
10,150,1,123.6,967795.5014
10,150,1,123.7,1386301.664
10,150,1,123.8,1203205.218
10,150,1,123.9,1255518.488
10,150,1,124,1386301.664
10,150,1,124.1,1569398.11
10,150,1,124.2,1150891.948
10,150,1,124.3,1386301.664
10,150,1,124.4,1229361.853
10,150,1,124.5,1333988.394
10,150,1,124.6,1020108.772
10,150,1,124.7,889325.5959
10,150,1,124.8,1177048.583
10,150,1,124.9,1386301.664
10,150,1,125,1098578.677
10,150,1,125.1,1229361.853
10,150,1,125.2,889325.5959
10,150,1,125.3,1177048.583
10,150,1,125.4,1072422.042
10,150,1,125.5,1150891.948
10,150,1,125.6,915482.231
10,150,1,125.7,1229361.853
10,150,1,125.8,837012.3255
10,150,1,125.9,1412458.299
10,150,1,126,967795.5014
10,150,1,126.1,1203205.218
10,150,1,126.2,1020108.772
10,150,1,126.3,915482.231
10,150,1,126.4,889325.5959
10,150,1,126.5,1046265.407
10,150,1,126.6,1333988.394
10,150,1,126.7,1124735.312
10,150,1,126.8,863168.9607
10,150,1,126.9,915482.231
10,150,1,127,1281675.123
10,150,1,127.1,1360145.029
10,150,1,127.2,1150891.948
10,150,1,127.3,967795.5014
10,150,1,127.4,1255518.488
10,150,1,127.5,732385.7848
10,150,1,127.6,1072422.042
10,150,1,127.7,1150891.948
10,150,1,127.8,1177048.583
10,150,1,127.9,1229361.853
10,150,1,128,1098578.677
10,150,1,128.1,1177048.583
10,150,1,128.2,837012.3255
10,150,1,128.3,1255518.488
10,150,1,128.4,1124735.312
10,150,1,128.5,941638.8662
10,150,1,128.6,1098578.677
10,150,1,128.7,1046265.407
10,150,1,128.8,1255518.488
10,150,1,128.9,993952.1366
10,150,1,129,1255518.488
10,150,1,129.1,993952.1366
10,150,1,129.2,1046265.407
10,150,1,129.3,993952.1366
10,150,1,129.4,1124735.312
10,150,1,129.5,1046265.407
10,150,1,129.6,784699.0552
10,150,1,129.7,706229.1497
10,150,1,129.8,1203205.218
10,150,1,129.9,1072422.042
10,150,1,130,967795.5014
10,150,1,130.1,993952.1366
10,150,1,130.2,993952.1366
10,150,1,130.3,1438614.934
10,150,1,130.4,1177048.583
10,150,1,130.5,837012.3255
10,150,1,130.6,1046265.407
10,150,1,130.7,1203205.218
10,150,1,130.8,967795.5014
10,150,1,130.9,1098578.677
10,150,1,131,1229361.853
10,150,1,131.1,915482.231
10,150,1,131.2,967795.5014
10,150,1,131.3,1072422.042
10,150,1,131.4,941638.8662
10,150,1,131.5,941638.8662
10,150,1,131.6,967795.5014
10,150,1,131.7,601602.609
10,150,1,131.8,889325.5959
10,150,1,131.9,941638.8662
10,150,1,132,993952.1366
10,150,1,132.1,810855.6904
10,150,1,132.2,1281675.123
10,150,1,132.3,1177048.583
10,150,1,132.4,967795.5014
10,150,1,132.5,784699.0552
10,150,1,132.6,784699.0552
10,150,1,132.7,1072422.042
10,150,1,132.8,863168.9607
10,150,1,132.9,1124735.312
10,150,1,133,889325.5959
10,150,1,133.1,680072.5145
10,150,1,133.2,1046265.407
10,150,1,133.3,915482.231
10,150,1,133.4,1124735.312
10,150,1,133.5,1098578.677
10,150,1,133.6,915482.231
10,150,1,133.7,1150891.948
10,150,1,133.8,1124735.312
10,150,1,133.9,1281675.123
10,150,1,134,784699.0552
10,150,1,134.1,1124735.312
10,150,1,134.2,1098578.677
10,150,1,134.3,1438614.934
10,150,1,134.4,863168.9607
10,150,1,134.5,758542.42
10,150,1,134.6,706229.1497
10,150,1,134.7,1124735.312
10,150,1,134.8,967795.5014
10,150,1,134.9,941638.8662
10,150,1,135,967795.5014
10,150,1,135.1,993952.1366
10,150,1,135.2,1020108.772
10,150,1,135.3,1281675.123
10,150,1,135.4,1020108.772
10,150,1,135.5,889325.5959
10,150,1,135.6,889325.5959
10,150,1,135.7,889325.5959
10,150,1,135.8,863168.9607
10,150,1,135.9,863168.9607
10,150,1,136,810855.6904
10,150,1,136.1,993952.1366
10,150,1,136.2,837012.3255
10,150,1,136.3,837012.3255
10,150,1,136.4,1124735.312
10,150,1,136.5,889325.5959
10,150,1,136.6,810855.6904
10,150,1,136.7,1203205.218
10,150,1,136.8,784699.0552
10,150,1,136.9,810855.6904
10,150,1,137,810855.6904
10,150,1,137.1,941638.8662
10,150,1,137.2,889325.5959
10,150,1,137.3,1046265.407
10,150,1,137.4,967795.5014
10,150,1,137.5,967795.5014
10,150,1,137.6,1098578.677
10,150,1,137.7,1046265.407
10,150,1,137.8,1255518.488
10,150,1,137.9,889325.5959
10,150,1,138,993952.1366
10,150,1,138.1,1020108.772
10,150,1,138.2,444662.7979
10,150,1,138.3,1046265.407
10,150,1,138.4,1072422.042
10,150,1,138.5,837012.3255
10,150,1,138.6,1020108.772
10,150,1,138.7,1255518.488
10,150,1,138.8,889325.5959
10,150,1,138.9,1046265.407
10,150,1,139,863168.9607
10,150,1,139.1,1307831.759
10,150,1,139.2,889325.5959
10,150,1,139.3,1046265.407
10,150,1,139.4,1020108.772
10,150,1,139.5,837012.3255
10,150,1,139.6,1020108.772
10,150,1,139.7,1020108.772
10,150,1,139.8,784699.0552
10,150,1,139.9,941638.8662
10,150,1,140,784699.0552
10,150,1,140.1,706229.1497
10,150,1,140.2,915482.231
10,150,1,140.3,837012.3255
10,150,1,140.4,863168.9607
10,150,1,140.5,1020108.772
10,150,1,140.6,993952.1366
10,150,1,140.7,863168.9607
10,150,1,140.8,601602.609
10,150,1,140.9,1020108.772
10,150,1,141,967795.5014
10,150,1,141.1,993952.1366
10,150,1,141.2,837012.3255
10,150,1,141.3,758542.42
10,150,1,141.4,967795.5014
10,150,1,141.5,706229.1497
10,150,1,141.6,967795.5014
10,150,1,141.7,967795.5014
10,150,1,141.8,889325.5959
10,150,1,141.9,941638.8662
10,150,1,142,941638.8662
10,150,1,142.1,889325.5959
10,150,1,142.2,837012.3255
10,150,1,142.3,680072.5145
10,150,1,142.4,941638.8662
10,150,1,142.5,653915.8793
10,150,1,142.6,993952.1366
10,150,1,142.7,810855.6904
10,150,1,142.8,680072.5145
10,150,1,142.9,889325.5959
10,150,1,143,863168.9607
10,150,1,143.1,1098578.677
10,150,1,143.2,863168.9607
10,150,1,143.3,889325.5959
10,150,1,143.4,758542.42
10,150,1,143.5,889325.5959
10,150,1,143.6,1124735.312
10,150,1,143.7,889325.5959
10,150,1,143.8,680072.5145
10,150,1,143.9,941638.8662
10,150,1,144,889325.5959
10,150,1,144.1,967795.5014
10,150,1,144.2,967795.5014
10,150,1,144.3,993952.1366
10,150,1,144.4,627759.2441
10,150,1,144.5,653915.8793
10,150,1,144.6,680072.5145
10,150,1,144.7,889325.5959
10,150,1,144.8,810855.6904
10,150,1,144.9,758542.42
10,150,1,145,653915.8793
10,150,1,145.1,627759.2441
10,150,1,145.2,889325.5959
10,150,1,145.3,680072.5145
10,150,1,145.4,784699.0552
10,150,1,145.5,549289.3386
10,150,1,145.6,601602.609
10,150,1,145.7,1072422.042
10,150,1,145.8,889325.5959
10,150,1,145.9,287722.9869
10,150,1,146,627759.2441
10,150,1,146.1,1046265.407
10,150,1,146.2,784699.0552
10,150,1,146.3,1046265.407
10,150,1,146.4,889325.5959
10,150,1,146.5,889325.5959
10,150,1,146.6,627759.2441
10,150,1,146.7,784699.0552
10,150,1,146.8,784699.0552
10,150,1,146.9,863168.9607
10,150,1,147,784699.0552
10,150,1,147.1,706229.1497
10,150,1,147.2,810855.6904
10,150,1,147.3,706229.1497
10,150,1,147.4,680072.5145
10,150,1,147.5,470819.4331
10,150,1,147.6,784699.0552
10,150,1,147.7,784699.0552
10,150,1,147.8,732385.7848
10,150,1,147.9,601602.609
10,150,1,148,601602.609
10,150,1,148.1,523132.7035
10,150,1,148.2,627759.2441
10,150,1,148.3,601602.609
10,150,1,148.4,575445.9738
10,150,1,148.5,340036.2572
10,150,1,148.6,392349.5276
10,150,1,148.7,261566.3517
10,150,1,148.8,366192.8924
10,150,1,148.9,366192.8924
10,150,1,149,418506.1628
10,150,1,149.1,418506.1628
10,150,1,149.2,366192.8924
10,150,1,149.3,340036.2572
10,150,1,149.4,287722.9869
10,150,1,149.5,261566.3517
10,150,1,149.6,313879.6221
10,150,1,149.7,156939.811
10,150,1,149.8,235409.7166
10,150,1,149.9,130783.1759
10,150,1,150,26156.63517
10,40,3,3.7,34875.51356
10,40,3,3.9,17437.75678
10,40,3,4,34875.51356
10,40,3,4.1,87188.78391
10,40,3,4.2,139502.0543
10,40,3,4.3,191815.3246
10,40,3,4.4,226690.8382
10,40,3,4.5,313879.6221
10,40,3,4.6,523132.7035
10,40,3,4.7,575445.9738
10,40,3,4.8,714948.0281
10,40,3,4.9,837012.3255
10,40,3,5,1168329.704
10,40,3,5.1,1813526.705
10,40,3,5.2,2057655.3
10,40,3,5.3,2127406.327
10,40,3,5.4,2615663.517
10,40,3,5.5,2964418.653
10,40,3,5.6,2877229.869
10,40,3,5.7,3679366.681
10,40,3,5.8,3574740.14
10,40,3,5.9,4551254.52
10,40,3,6,5475455.629
10,40,3,6.1,5492893.386
10,40,3,6.2,6399656.739
10,40,3,6.3,6957664.956
10,40,3,6.4,6905351.686
10,40,3,6.5,7899303.822
10,40,3,6.6,8823504.932
10,40,3,6.7,9329199.878
10,40,3,6.8,9869770.338
10,40,3,6.9,10811409.2
10,40,3,7,10846284.72
10,40,3,7.1,11474043.96
10,40,3,7.2,11997176.67
10,40,3,7.3,13305008.42
10,40,3,7.4,30847391.75
10,40,3,7.5,14002518.7
10,40,3,7.6,13897892.16
10,40,3,7.7,15711418.86
10,40,3,7.8,16339178.1
10,40,3,7.9,16112487.27
10,40,3,8,16670495.48
10,40,3,8.1,17333130.24
10,40,3,8.2,16687933.24
10,40,3,8.3,59026806.71
10,40,3,8.4,396325336.1
10,40,3,8.5,18431708.92
10,40,3,8.6,18344520.13
10,40,3,8.7,18309644.62
10,40,3,8.8,23872289.03
10,40,3,8.9,20018544.79
10,40,3,9,20803243.84
10,40,3,9.1,19617476.38
10,40,3,9.2,19547725.35
10,40,3,9.3,21186874.49
10,40,3,9.4,20175484.6
10,40,3,9.5,33009673.59
10,40,3,9.6,28528170.09
10,40,3,9.7,244163470.5
10,40,3,9.8,38589755.76
10,40,3,9.9,31108958.1
10,40,3,10,119727638.1
10,40,3,10.1,23209654.28
10,40,3,10.2,20803243.84
10,40,3,10.3,11125288.83
10,40,3,10.4,10706782.66
10,40,3,10.5,11264790.88
10,40,3,10.6,11543794.99
10,40,3,10.7,11927425.64
10,40,3,10.8,12066927.69
10,40,3,10.9,11718172.56
10,40,3,11,13618888.05
10,40,3,11.1,12467996.1
10,40,3,11.2,12834188.99
10,40,3,11.3,45599733.98
10,40,3,11.4,12555184.88
10,40,3,11.5,13252695.15
10,40,3,11.6,12311056.29
10,40,3,11.7,12520309.37
10,40,3,11.8,9747706.041
10,40,3,11.9,10323152.01
10,40,3,12,10828846.96
10,40,3,12.1,9800019.311
10,40,3,12.2,9276886.608
10,40,3,12.3,8718878.391
10,40,3,12.4,9329199.878
10,40,3,12.5,9242011.094
10,40,3,12.6,9189697.824
10,40,3,12.7,9573328.473
10,40,3,12.8,10148774.45
10,40,3,12.9,9660517.257
10,40,3,13,9451264.176
10,40,3,13.1,9852332.582
10,40,3,13.2,10183649.96
10,40,3,13.3,11038100.04
10,40,3,13.4,10497529.58
10,40,3,13.5,10671907.15
10,40,3,13.6,10392903.04
10,40,3,13.7,10253400.99
10,40,3,13.8,10985786.77
10,40,3,13.9,11491481.72
10,40,3,14,10968349.02
10,40,3,14.1,10445216.31
10,40,3,14.2,12171554.23
10,40,3,14.3,11038100.04
10,40,3,14.4,10706782.66
10,40,3,14.5,11055537.8
10,40,3,14.6,10933473.5
10,40,3,14.7,11038100.04
10,40,3,14.8,11491481.72
10,40,3,14.9,11003224.53
10,40,3,15,10602156.12
10,40,3,15.1,11142726.58
10,40,3,15.2,11404292.94
10,40,3,15.3,11317104.15
10,40,3,15.4,10148774.45
10,40,3,15.5,10863722.48
10,40,3,15.6,11247353.12
10,40,3,15.7,11369417.42
10,40,3,15.8,11735610.31
10,40,3,15.9,11317104.15
10,40,3,16,11160164.34
10,40,3,16.1,11979738.91
10,40,3,16.2,11020662.29
10,40,3,16.3,11020662.29
10,40,3,16.4,12066927.69
10,40,3,16.5,10358027.53
10,40,3,16.6,10933473.5
10,40,3,16.7,11264790.88
10,40,3,16.8,10724220.42
10,40,3,16.9,11090413.31
10,40,3,17,10846284.72
10,40,3,17.1,11125288.83
10,40,3,17.2,11683297.04
10,40,3,17.3,11107851.07
10,40,3,17.4,10741658.18
10,40,3,17.5,11055537.8
10,40,3,17.6,10567280.61
10,40,3,17.7,10671907.15
10,40,3,17.8,11142726.58
10,40,3,17.9,10375465.29
10,40,3,18,10637031.64
10,40,3,18.1,11770485.83
10,40,3,18.2,10305714.26
10,40,3,18.3,10410340.8
10,40,3,18.4,11526357.23
10,40,3,18.5,10706782.66
10,40,3,18.6,10602156.12
10,40,3,18.7,10497529.58
10,40,3,18.8,11282228.64
10,40,3,18.9,10218525.47
10,40,3,19,10480091.83
10,40,3,19.1,10061585.66
10,40,3,19.2,11317104.15
10,40,3,19.3,9538452.96
10,40,3,19.4,10148774.45
10,40,3,19.5,10061585.66
10,40,3,19.6,9922083.609
10,40,3,19.7,10706782.66
10,40,3,19.8,10619593.88
10,40,3,19.9,10863722.48
10,40,3,20,9904645.852
10,40,3,20.1,9329199.878
10,40,3,20.2,10113898.93
10,40,3,20.3,10218525.47
10,40,3,20.4,10270838.74
10,40,3,20.5,9590766.23
10,40,3,20.6,9834894.825
10,40,3,20.7,9747706.041
10,40,3,20.8,9765143.798
10,40,3,20.9,9433826.419
10,40,3,21,9660517.257
10,40,3,21.1,9730268.284
10,40,3,21.2,10288276.5
10,40,3,21.3,9904645.852
10,40,3,21.4,9991834.636
10,40,3,21.5,9503577.446
10,40,3,21.6,10044147.91
10,40,3,21.7,8893255.959
10,40,3,21.8,9782581.555
10,40,3,21.9,10148774.45
10,40,3,22,8404998.769
10,40,3,22.1,9050195.77
10,40,3,22.2,9800019.311
10,40,3,22.3,8806067.175
10,40,3,22.4,8736316.148
10,40,3,22.5,8875818.202
10,40,3,22.6,9364075.392
10,40,3,22.7,9015320.256
10,40,3,22.8,8335247.742
10,40,3,22.9,8806067.175
10,40,3,23,9032758.013
10,40,3,23.1,8561938.58
10,40,3,23.2,8893255.959
10,40,3,23.3,8945569.229
10,40,3,23.4,8230621.201
10,40,3,23.5,8439874.282
10,40,3,23.6,8544500.823
10,40,3,23.7,8230621.201
10,40,3,23.8,8614251.85
10,40,3,23.9,8649127.364
10,40,3,24,8527063.066
10,40,3,24.1,7986492.606
10,40,3,24.2,8771191.661
10,40,3,24.3,8422436.526
10,40,3,24.4,7951617.092
10,40,3,24.5,7934179.336
10,40,3,24.6,7829552.795
10,40,3,24.7,7254106.821
10,40,3,24.8,7707488.498
10,40,3,24.9,7690050.741
10,40,3,25,8474749.796
10,40,3,25.1,7323857.848
10,40,3,25.2,7236669.064
10,40,3,25.3,7201793.551
10,40,3,25.4,7515673.173
10,40,3,25.5,7829552.795
10,40,3,25.6,6992540.469
10,40,3,25.7,7480797.659
10,40,3,25.8,7254106.821
10,40,3,25.9,6922789.442
10,40,3,26,7463359.903
10,40,3,26.1,7323857.848
10,40,3,26.2,7812115.038
10,40,3,26.3,6940227.199
10,40,3,26.4,7411046.632
10,40,3,26.5,7323857.848
10,40,3,26.6,6905351.686
10,40,3,26.7,7219231.308
10,40,3,26.8,6992540.469
10,40,3,26.9,6696098.604
10,40,3,27,6417094.496
10,40,3,27.1,6539158.793
10,40,3,27.2,6260154.685
10,40,3,27.3,6765849.631
10,40,3,27.4,6975102.713
10,40,3,27.5,7358733.362
10,40,3,27.6,6277592.441
10,40,3,27.7,6312467.955
10,40,3,27.8,6329905.712
10,40,3,27.9,6050901.603
10,40,3,28,6242716.928
10,40,3,28.1,6155528.144
10,40,3,28.2,6155528.144
10,40,3,28.3,5684708.711
10,40,3,28.4,5893961.792
10,40,3,28.5,5789335.252
10,40,3,28.6,6312467.955
10,40,3,28.7,5806773.008
10,40,3,28.8,6469407.766
10,40,3,28.9,6138090.387
10,40,3,29,5998588.333
10,40,3,29.1,6050901.603
10,40,3,29.2,5510331.143
10,40,3,29.3,6103214.874
10,40,3,29.4,5353391.332
10,40,3,29.5,5475455.629
10,40,3,29.6,5754459.738
10,40,3,29.7,5423142.359
10,40,3,29.8,5667270.954
10,40,3,29.9,5475455.629
10,40,3,30,5440580.116
10,40,3,30.1,5789335.252
10,40,3,30.2,5737021.981
10,40,3,30.3,5353391.332
10,40,3,30.4,4952322.926
10,40,3,30.5,4708194.331
10,40,3,30.6,4865134.142
10,40,3,30.7,4812820.872
10,40,3,30.8,4743069.845
10,40,3,30.9,4777945.358
10,40,3,31,4777945.358
10,40,3,31.1,5039511.71
10,40,3,31.2,4952322.926
10,40,3,31.3,4498941.25
10,40,3,31.4,4830258.629
10,40,3,31.5,4289688.168
10,40,3,31.6,4830258.629
10,40,3,31.7,4185061.628
10,40,3,31.8,4568692.277
10,40,3,31.9,4062997.33
10,40,3,32,4865134.142
10,40,3,32.1,4132748.357
10,40,3,32.2,4167623.871
10,40,3,32.3,4219937.141
10,40,3,32.4,3766555.465
10,40,3,32.5,4708194.331
10,40,3,32.6,4342001.439
10,40,3,32.7,4062997.33
10,40,3,32.8,4272250.412
10,40,3,32.9,3888619.762
10,40,3,33,3749117.708
10,40,3,33.1,3801430.978
10,40,3,33.2,3923495.276
10,40,3,33.3,4062997.33
10,40,3,33.4,3818868.735
10,40,3,33.5,3487551.356
10,40,3,33.6,3906057.519
10,40,3,33.7,4185061.628
10,40,3,33.8,3696804.438
10,40,3,33.9,3365487.059
10,40,3,34,3749117.708
10,40,3,34.1,3592177.897
10,40,3,34.2,3278298.275
10,40,3,34.3,3801430.978
10,40,3,34.4,3382924.816
10,40,3,34.5,2824916.599
10,40,3,34.6,3034169.68
10,40,3,34.7,3103920.707
10,40,3,34.8,3417800.329
10,40,3,34.9,3051607.437
10,40,3,35,2842354.355
10,40,3,35.1,3121358.464
10,40,3,35.2,3260860.518
10,40,3,35.3,2946980.896
10,40,3,35.4,3191109.491
10,40,3,35.5,2633101.274
10,40,3,35.6,2737727.815
10,40,3,35.7,2894667.626
10,40,3,35.8,2859792.112
10,40,3,35.9,2859792.112
10,40,3,36,2493599.22
10,40,3,36.1,2615663.517
10,40,3,36.2,2894667.626
10,40,3,36.3,1918153.246
10,40,3,36.4,2388972.679
10,40,3,36.5,2232032.868
10,40,3,36.6,2197157.354
10,40,3,36.7,2598225.76
10,40,3,36.8,2266908.382
10,40,3,36.9,2162281.841
10,40,3,37,1830964.462
10,40,3,37.1,2075093.057
10,40,3,37.2,2458723.706
10,40,3,37.3,1796088.949
10,40,3,37.4,2057655.3
10,40,3,37.5,1656586.894
10,40,3,37.6,2040217.543
10,40,3,37.7,1848402.219
10,40,3,37.8,1813526.705
10,40,3,37.9,1778651.192
10,40,3,38,1639149.137
10,40,3,38.1,1865839.976
10,40,3,38.2,1674024.651
10,40,3,38.3,1377582.786
10,40,3,38.4,1429896.056
10,40,3,38.5,1499647.083
10,40,3,38.6,1517084.84
10,40,3,38.7,1238080.732
10,40,3,38.8,1185767.461
10,40,3,38.9,1081140.92
10,40,3,39,784699.0552
10,40,3,39.1,1168329.704
10,40,3,39.2,1098578.677
10,40,3,39.3,993952.1366
10,40,3,39.4,889325.5959
10,40,3,39.5,732385.7848
10,40,3,39.6,732385.7848
10,40,3,39.7,558008.217
10,40,3,39.8,453381.6763
10,40,3,39.9,156939.811
10,40,3,40,69751.02713
10,80,3,2.8,31514.01828
10,80,3,3.1,63028.03656
10,80,3,3.2,63028.03656
10,80,3,3.3,126056.0731
10,80,3,3.5,126056.0731
10,80,3,3.6,157570.0914
10,80,3,3.7,409682.2376
10,80,3,3.8,472710.2742
10,80,3,3.9,787850.457
10,80,3,4,882392.5118
10,80,3,4.1,1292074.749
10,80,3,4.2,1638728.951
10,80,3,4.3,1733271.005
10,80,3,4.4,2395065.389
10,80,3,4.5,3308971.919
10,80,3,4.6,3277457.901
10,80,3,4.7,4380448.541
10,80,3,4.8,5704037.309
10,80,3,4.9,6586429.821
10,80,3,5,7563364.387
10,80,3,5.1,8697869.045
10,80,3,5.2,9265121.374
10,80,3,5.3,10651738.18
10,80,3,5.4,12069869
10,80,3,5.5,12448037.22
10,80,3,5.6,15221270.83
10,80,3,5.7,16733943.71
10,80,3,5.8,17710878.27
10,80,3,5.9,19318093.21
10,80,3,6,20673195.99
10,80,3,6.1,20988336.17
10,80,3,6.2,23288859.51
10,80,3,6.3,24171252.02
10,80,3,6.4,24360336.13
10,80,3,6.5,28015962.25
10,80,3,6.6,28268074.4
10,80,3,6.7,29276522.98
10,80,3,6.8,31545532.3
10,80,3,6.9,33026691.16
10,80,3,7,33625457.51
10,80,3,7.1,35232672.44
10,80,3,7.2,37249569.61
10,80,3,7.3,37564709.79
10,80,3,7.4,110109979.9
10,80,3,7.5,38699214.45
10,80,3,7.6,39928261.16
10,80,3,7.7,38982840.61
10,80,3,7.8,43835999.43
10,80,3,7.9,43426317.19
10,80,3,8,42827550.84
10,80,3,8.1,43142691.03
10,80,3,8.2,45506242.4
10,80,3,8.3,215209230.8
10,80,3,8.4,1546266821
10,80,3,8.5,46703775.09
10,80,3,8.6,46672261.07
10,80,3,8.7,48909756.37
10,80,3,8.8,70276260.76
10,80,3,8.9,48153419.93
10,80,3,9,48531588.15
10,80,3,9.1,48563102.17
10,80,3,9.2,50390915.23
10,80,3,9.3,52691438.56
10,80,3,9.4,51021195.6
10,80,3,9.5,106202241.6
10,80,3,9.6,79320784.01
10,80,3,9.7,919831165.6
10,80,3,9.8,119658727.4
10,80,3,9.9,89594353.97
10,80,3,10,408705303.1
10,80,3,10.1,57450055.32
10,80,3,10.2,59372410.44
10,80,3,10.3,35925980.84
10,80,3,10.4,32774579.01
10,80,3,10.5,33719999.56
10,80,3,10.6,32459438.83
10,80,3,10.7,35579326.64
10,80,3,10.8,35831438.78
10,80,3,10.9,34066653.76
10,80,3,11,39234952.76
10,80,3,11.1,34728448.14
10,80,3,11.2,35012074.31
10,80,3,11.3,172759848.2
10,80,3,11.4,37407139.7
10,80,3,11.5,38919812.58
10,80,3,11.6,43394803.17
10,80,3,11.7,44781419.98
10,80,3,11.8,29906803.35
10,80,3,11.9,30568597.73
10,80,3,12,33751513.58
10,80,3,12.1,29402579.06
10,80,3,12.2,28898354.76
10,80,3,12.3,27448709.92
10,80,3,12.4,27795364.12
10,80,3,12.5,28961382.8
10,80,3,12.6,29591663.17
10,80,3,12.7,29812261.29
10,80,3,12.8,29938317.37
10,80,3,12.9,29969831.38
10,80,3,13,30915251.93
10,80,3,13.1,29686205.22
10,80,3,13.2,28772298.69
10,80,3,13.3,30127401.48
10,80,3,13.4,29497121.11
10,80,3,13.5,29371065.04
10,80,3,13.6,30883737.91
10,80,3,13.7,29150466.91
10,80,3,13.8,31829158.46
10,80,3,13.9,28614728.6
10,80,3,14,32144298.65
10,80,3,14.1,30505569.7
10,80,3,14.2,33278803.3
10,80,3,14.3,31640074.35
10,80,3,14.4,31072822.02
10,80,3,14.5,29465607.09
10,80,3,14.6,29749233.26
10,80,3,14.7,30726167.82
10,80,3,14.8,31671588.37
10,80,3,14.9,32837607.05
10,80,3,15,30316485.59
10,80,3,15.1,31734616.41
10,80,3,15.2,31955214.54
10,80,3,15.3,31041308.01
10,80,3,15.4,31167364.08
10,80,3,15.5,29749233.26
10,80,3,15.6,29402579.06
10,80,3,15.7,30001345.4
10,80,3,15.8,30505569.7
10,80,3,15.9,30946765.95
10,80,3,16,29528635.13
10,80,3,16.1,29654691.2
10,80,3,16.2,31104336.04
10,80,3,16.3,29087438.87
10,80,3,16.4,32301868.74
10,80,3,16.5,31419476.23
10,80,3,16.6,32301868.74
10,80,3,16.7,32238840.7
10,80,3,16.8,31041308.01
10,80,3,16.9,30852223.9
10,80,3,17,30631625.77
10,80,3,17.1,30568597.73
10,80,3,17.2,31293420.15
10,80,3,17.3,28488672.53
10,80,3,17.4,30442541.66
10,80,3,17.5,31892186.5
10,80,3,17.6,29087438.87
10,80,3,17.7,29906803.35
10,80,3,17.8,30032859.42
10,80,3,17.9,29654691.2
10,80,3,18,30852223.9
10,80,3,18.1,29749233.26
10,80,3,18.2,28929868.78
10,80,3,18.3,30095887.46
10,80,3,18.4,29623177.18
10,80,3,18.5,29276522.98
10,80,3,18.6,27354167.87
10,80,3,18.7,28520186.54
10,80,3,18.8,32081270.61
10,80,3,18.9,27448709.92
10,80,3,19,27511737.96
10,80,3,19.1,29402579.06
10,80,3,19.2,28614728.6
10,80,3,19.3,29875289.33
10,80,3,19.4,29371065.04
10,80,3,19.5,27070541.7
10,80,3,19.6,28078990.29
10,80,3,19.7,28488672.53
10,80,3,19.8,27984448.23
10,80,3,19.9,26881457.59
10,80,3,20,29875289.33
10,80,3,20.1,26944485.63
10,80,3,20.2,28457158.51
10,80,3,20.3,27952934.21
10,80,3,20.4,27322653.85
10,80,3,20.5,26125121.15
10,80,3,20.6,26566317.41
10,80,3,20.7,26408747.32
10,80,3,20.8,28394130.47
10,80,3,20.9,26723887.5
10,80,3,21,27228111.79
10,80,3,21.1,27732336.09
10,80,3,21.2,28078990.29
10,80,3,21.3,25778466.95
10,80,3,21.4,26975999.65
10,80,3,21.5,25841494.99
10,80,3,21.6,27291139.83
10,80,3,21.7,26030579.1
10,80,3,21.8,25526354.81
10,80,3,21.9,25589382.84
10,80,3,22,24202766.04
10,80,3,22.1,25526354.81
10,80,3,22.2,25967551.06
10,80,3,22.3,26251177.23
10,80,3,22.4,24612448.28
10,80,3,22.5,27291139.83
10,80,3,22.6,24549420.24
10,80,3,22.7,24328822.11
10,80,3,22.8,25053644.53
10,80,3,22.9,25778466.95
10,80,3,23,25116672.57
10,80,3,23.1,24360336.13
10,80,3,23.2,24959102.48
10,80,3,23.3,23572485.67
10,80,3,23.4,25620896.86
10,80,3,23.5,23477943.62
10,80,3,23.6,25904523.03
10,80,3,23.7,24517906.22
10,80,3,23.8,23257345.49
10,80,3,23.9,24675476.31
10,80,3,24,25620896.86
10,80,3,24.1,23793083.8
10,80,3,24.2,24643962.3
10,80,3,24.3,23572485.67
10,80,3,24.4,23793083.8
10,80,3,24.5,23730055.77
10,80,3,24.6,22532523.07
10,80,3,24.7,23036747.36
10,80,3,24.8,23257345.49
10,80,3,24.9,24328822.11
10,80,3,25,23320373.53
10,80,3,25.1,24391850.15
10,80,3,25.2,22374952.98
10,80,3,25.3,21366504.39
10,80,3,25.4,23288859.51
10,80,3,25.5,23446429.6
10,80,3,25.6,22248896.91
10,80,3,25.7,21019850.19
10,80,3,25.8,22753121.2
10,80,3,25.9,21681644.58
10,80,3,26,21461046.45
10,80,3,26.1,21524074.49
10,80,3,26.2,21587102.52
10,80,3,26.3,21587102.52
10,80,3,26.4,21082878.23
10,80,3,26.5,22564037.09
10,80,3,26.6,21240448.32
10,80,3,26.7,22816149.23
10,80,3,26.8,22217382.89
10,80,3,26.9,20231999.74
10,80,3,27,20830766.08
10,80,3,27.1,21114392.25
10,80,3,27.2,22154354.85
10,80,3,27.3,19853831.52
10,80,3,27.4,21208934.3
10,80,3,27.5,20452597.86
10,80,3,27.6,20484111.88
10,80,3,27.7,20547139.92
10,80,3,27.8,22028298.78
10,80,3,27.9,19601719.37
10,80,3,28,20862280.1
10,80,3,28.1,20074429.64
10,80,3,28.2,20200485.72
10,80,3,28.3,19034467.04
10,80,3,28.4,20295027.77
10,80,3,28.5,20200485.72
10,80,3,28.6,20137457.68
10,80,3,28.7,18152074.53
10,80,3,28.8,20231999.74
10,80,3,28.9,18876896.95
10,80,3,29,18687812.84
10,80,3,29.1,18530242.75
10,80,3,29.2,18435700.69
10,80,3,29.3,19349607.22
10,80,3,29.4,19255065.17
10,80,3,29.5,19570205.35
10,80,3,29.6,18908410.97
10,80,3,29.7,20452597.86
10,80,3,29.8,18687812.84
10,80,3,29.9,18435700.69
10,80,3,30,19601719.37
10,80,3,30.1,17994504.44
10,80,3,30.2,18719326.86
10,80,3,30.3,18341158.64
10,80,3,30.4,17364224.07
10,80,3,30.5,18656298.82
10,80,3,30.6,18089046.49
10,80,3,30.7,17364224.07
10,80,3,30.8,17332710.05
10,80,3,30.9,17301196.04
10,80,3,31,17899962.38
10,80,3,31.1,18561756.77
10,80,3,31.2,16733943.71
10,80,3,31.3,16923027.82
10,80,3,31.4,17395738.09
10,80,3,31.5,17521794.16
10,80,3,31.6,18089046.49
10,80,3,31.7,18089046.49
10,80,3,31.8,17521794.16
10,80,3,31.9,16859999.78
10,80,3,32,18341158.64
10,80,3,32.1,18467214.71
10,80,3,32.2,16513345.58
10,80,3,32.3,17679364.26
10,80,3,32.4,15946093.25
10,80,3,32.5,16387289.51
10,80,3,32.6,15441868.96
10,80,3,32.7,16198205.4
10,80,3,32.8,16576373.62
10,80,3,32.9,17584822.2
10,80,3,33,17332710.05
10,80,3,33.1,17112111.93
10,80,3,33.2,15567925.03
10,80,3,33.3,15441868.96
10,80,3,33.4,15914579.23
10,80,3,33.5,15977607.27
10,80,3,33.6,17049083.89
10,80,3,33.7,16544859.6
10,80,3,33.8,15504896.99
10,80,3,33.9,15693981.1
10,80,3,34,15914579.23
10,80,3,34.1,15946093.25
10,80,3,34.2,16702429.69
10,80,3,34.3,16103663.34
10,80,3,34.4,15189756.81
10,80,3,34.5,15473382.98
10,80,3,34.6,15000672.7
10,80,3,34.7,15536411.01
10,80,3,34.8,15662467.09
10,80,3,34.9,16544859.6
10,80,3,35,14717046.54
10,80,3,35.1,14654018.5
10,80,3,35.2,14527962.43
10,80,3,35.3,17364224.07
10,80,3,35.4,14622504.48
10,80,3,35.5,14590990.46
10,80,3,35.6,14685532.52
10,80,3,35.7,15347326.9
10,80,3,35.8,15567925.03
10,80,3,35.9,13960710.1
10,80,3,36,15252784.85
10,80,3,36.1,15851551.19
10,80,3,36.2,13992224.12
10,80,3,36.3,14212822.24
10,80,3,36.4,13330429.73
10,80,3,36.5,14401906.35
10,80,3,36.6,14433420.37
10,80,3,36.7,13109831.6
10,80,3,36.8,13267401.7
10,80,3,36.9,13803140.01
10,80,3,37,13614055.9
10,80,3,37.1,13960710.1
10,80,3,37.2,14370392.34
10,80,3,37.3,12983775.53
10,80,3,37.4,13645569.92
10,80,3,37.5,12479551.24
10,80,3,37.6,14086766.17
10,80,3,37.7,12290467.13
10,80,3,37.8,14780074.57
10,80,3,37.9,12637121.33
10,80,3,38,12794691.42
10,80,3,38.1,13361943.75
10,80,3,38.2,13015289.55
10,80,3,38.3,12321981.15
10,80,3,38.4,13267401.7
10,80,3,38.5,12794691.42
10,80,3,38.6,12857719.46
10,80,3,38.7,12920747.49
10,80,3,38.8,14527962.43
10,80,3,38.9,13330429.73
10,80,3,39,12353495.17
10,80,3,39.1,12038354.98
10,80,3,39.2,12857719.46
10,80,3,39.3,12983775.53
10,80,3,39.4,13204373.66
10,80,3,39.5,14496448.41
10,80,3,39.6,12290467.13
10,80,3,39.7,11597158.73
10,80,3,39.8,12132897.04
10,80,3,39.9,12983775.53
10,80,3,40,12353495.17
10,80,3,40.1,12700149.37
10,80,3,40.2,12731663.39
10,80,3,40.3,12038354.98
10,80,3,40.4,11282018.54
10,80,3,40.5,12321981.15
10,80,3,40.6,12385009.18
10,80,3,40.7,11943812.93
10,80,3,40.8,11439588.64
10,80,3,40.9,12069869
10,80,3,41,11912298.91
10,80,3,41.1,12511065.26
10,80,3,41.2,11345046.58
10,80,3,41.3,11313532.56
10,80,3,41.4,12227439.09
10,80,3,41.5,11029906.4
10,80,3,41.6,11124448.45
10,80,3,41.7,12385009.18
10,80,3,41.8,11597158.73
10,80,3,41.9,11250504.53
10,80,3,42,11282018.54
10,80,3,42.1,10462654.07
10,80,3,42.2,11218990.51
10,80,3,42.3,10399626.03
10,80,3,42.4,11218990.51
10,80,3,42.5,11439588.64
10,80,3,42.6,10494168.09
10,80,3,42.7,10777794.25
10,80,3,42.8,11218990.51
10,80,3,42.9,11313532.56
10,80,3,43,10840822.29
10,80,3,43.1,10399626.03
10,80,3,43.2,11723214.8
10,80,3,43.3,10273569.96
10,80,3,43.4,10714766.22
10,80,3,43.5,9674803.612
10,80,3,43.6,9517233.521
10,80,3,43.7,10746280.23
10,80,3,43.8,9989943.795
10,80,3,43.9,10588710.14
10,80,3,44,11061420.42
10,80,3,44.1,10557196.12
10,80,3,44.2,10620224.16
10,80,3,44.3,11376560.6
10,80,3,44.4,9674803.612
10,80,3,44.5,9895401.74
10,80,3,44.6,9989943.795
10,80,3,44.7,9769345.667
10,80,3,44.8,9769345.667
10,80,3,44.9,10494168.09
10,80,3,45,10557196.12
10,80,3,45.1,9989943.795
10,80,3,45.2,10683252.2
10,80,3,45.3,10620224.16
10,80,3,45.4,10242055.94
10,80,3,45.5,9548747.539
10,80,3,45.6,9832373.703
10,80,3,45.7,10021457.81
10,80,3,45.8,9863887.722
10,80,3,45.9,9454205.484
10,80,3,46,10147513.89
10,80,3,46.1,10431140.05
10,80,3,46.2,9800859.685
10,80,3,46.3,9580261.557
10,80,3,46.4,10273569.96
10,80,3,46.5,9202093.338
10,80,3,46.6,9832373.703
10,80,3,46.7,9895401.74
10,80,3,46.8,9359663.429
10,80,3,46.9,8981495.21
10,80,3,47,8918467.173
10,80,3,47.1,8603326.991
10,80,3,47.2,9170579.32
10,80,3,47.3,9076037.265
10,80,3,47.4,8981495.21
10,80,3,47.5,9359663.429
10,80,3,47.6,9233607.356
10,80,3,47.7,8130616.716
10,80,3,47.8,9233607.356
10,80,3,47.9,9454205.484
10,80,3,48,8760897.082
10,80,3,48.1,9139065.301
10,80,3,48.2,9454205.484
10,80,3,48.3,8477270.917
10,80,3,48.4,8792411.1
10,80,3,48.5,9013009.228
10,80,3,48.6,8508784.936
10,80,3,48.7,8823925.118
10,80,3,48.8,7973046.625
10,80,3,48.9,7689420.46
10,80,3,49,8225158.771
10,80,3,49.1,8697869.045
10,80,3,49.2,8634841.009
10,80,3,49.3,8193644.753
10,80,3,49.4,8508784.936
10,80,3,49.5,8004560.643
10,80,3,49.6,8319700.826
10,80,3,49.7,7594878.406
10,80,3,49.8,8382728.863
10,80,3,49.9,7973046.625
10,80,3,50,8319700.826
10,80,3,50.1,8193644.753
10,80,3,50.2,8760897.082
10,80,3,50.3,8886953.155
10,80,3,50.4,7941532.607
10,80,3,50.5,7594878.406
10,80,3,50.6,7941532.607
10,80,3,50.7,8351214.844
10,80,3,50.8,8666355.027
10,80,3,50.9,8760897.082
10,80,3,51,7594878.406
10,80,3,51.1,8130616.716
10,80,3,51.2,7563364.387
10,80,3,51.3,8162130.735
10,80,3,51.4,7720934.479
10,80,3,51.5,7437308.314
10,80,3,51.6,7626392.424
10,80,3,51.7,6933084.022
10,80,3,51.8,8414242.881
10,80,3,51.9,6807027.949
10,80,3,52,8603326.991
10,80,3,52.1,7185196.168
10,80,3,52.2,8099102.698
10,80,3,52.3,7468822.332
10,80,3,52.4,7090654.113
10,80,3,52.5,6996112.058
10,80,3,52.6,7185196.168
10,80,3,52.7,7689420.46
10,80,3,52.8,7090654.113
10,80,3,52.9,6838541.967
10,80,3,53,6397345.711
10,80,3,53.1,6996112.058
10,80,3,53.2,6617943.839
10,80,3,53.3,6617943.839
10,80,3,53.4,6933084.022
10,80,3,53.5,6933084.022
10,80,3,53.6,6712485.894
10,80,3,53.7,7153682.15
10,80,3,53.8,6554915.802
10,80,3,53.9,7657906.442
10,80,3,54,6397345.711
10,80,3,54.1,7563364.387
10,80,3,54.2,7311252.241
10,80,3,54.3,6617943.839
10,80,3,54.4,6743999.912
10,80,3,54.5,6775513.93
10,80,3,54.6,7027626.076
10,80,3,54.7,7059140.095
10,80,3,54.8,7090654.113
10,80,3,54.9,6523401.784
10,80,3,55,6271289.638
10,80,3,55.1,6901570.003
10,80,3,55.2,6271289.638
10,80,3,55.3,6680971.875
10,80,3,55.4,6775513.93
10,80,3,55.5,6523401.784
10,80,3,55.6,7468822.332
10,80,3,55.7,6870055.985
10,80,3,55.8,6365831.693
10,80,3,55.9,5609495.254
10,80,3,56,5514953.199
10,80,3,56.1,7248224.204
10,80,3,56.2,6397345.711
10,80,3,56.3,6712485.894
10,80,3,56.4,6428859.729
10,80,3,56.5,6050691.51
10,80,3,56.6,6460373.747
10,80,3,56.7,6176747.583
10,80,3,56.8,5987663.473
10,80,3,56.9,6050691.51
10,80,3,57,5609495.254
10,80,3,57.1,6239775.619
10,80,3,57.2,6050691.51
10,80,3,57.3,5893121.418
10,80,3,57.4,6176747.583
10,80,3,57.5,5577981.236
10,80,3,57.6,5073756.943
10,80,3,57.7,5609495.254
10,80,3,57.8,5357383.108
10,80,3,57.9,5861607.4
10,80,3,58,5830093.382
10,80,3,58.1,12574093.29
10,80,3,58.2,5735551.327
10,80,3,58.3,6271289.638
10,80,3,58.4,6491887.766
10,80,3,58.5,6113719.546
10,80,3,58.6,6176747.583
10,80,3,58.7,5987663.473
10,80,3,58.8,6397345.711
10,80,3,58.9,6397345.711
10,80,3,59,6554915.802
10,80,3,59.1,6302803.656
10,80,3,59.2,5767065.345
10,80,3,59.3,5199813.016
10,80,3,59.4,5609495.254
10,80,3,59.5,13677083.93
10,80,3,59.6,5735551.327
10,80,3,59.7,5231327.035
10,80,3,59.8,5672523.29
10,80,3,59.9,5357383.108
10,80,3,60,5388897.126
10,80,3,60.1,5830093.382
10,80,3,60.2,5451925.162
10,80,3,60.3,5357383.108
10,80,3,60.4,4695588.724
10,80,3,60.5,5609495.254
10,80,3,60.6,5420411.144
10,80,3,60.7,5672523.29
10,80,3,60.8,5798579.364
10,80,3,60.9,5420411.144
10,80,3,61,5420411.144
10,80,3,61.1,5388897.126
10,80,3,61.2,4916186.852
10,80,3,61.3,5168298.998
10,80,3,61.4,5073756.943
10,80,3,61.5,4884672.833
10,80,3,61.6,4979214.888
10,80,3,61.7,5388897.126
10,80,3,61.8,4853158.815
10,80,3,61.9,5262841.053
10,80,3,62,4538018.632
10,80,3,62.1,4096822.376
10,80,3,62.2,4947700.87
10,80,3,62.3,4727102.742
10,80,3,62.4,5294355.071
10,80,3,62.5,5577981.236
10,80,3,62.6,5798579.364
10,80,3,62.7,4474990.596
10,80,3,62.8,4853158.815
10,80,3,62.9,4254392.468
10,80,3,63,4947700.87
10,80,3,63.1,4569532.651
10,80,3,63.2,4758616.76
10,80,3,63.3,4411962.559
10,80,3,63.4,4285906.486
10,80,3,63.5,4506504.614
10,80,3,63.6,4884672.833
10,80,3,63.7,4506504.614
10,80,3,63.8,5010728.907
10,80,3,63.9,4317420.504
10,80,3,64,4222878.45
10,80,3,64.1,4128336.395
10,80,3,64.2,4033794.34
10,80,3,64.3,4411962.559
10,80,3,64.4,5073756.943
10,80,3,64.5,3939252.285
10,80,3,64.6,3844710.23
10,80,3,64.7,3624112.102
10,80,3,64.8,4474990.596
10,80,3,64.9,3939252.285
10,80,3,65,4664074.705
10,80,3,65.1,4538018.632
10,80,3,65.2,3970766.303
10,80,3,65.3,3498056.029
10,80,3,65.4,5168298.998
10,80,3,65.5,4254392.468
10,80,3,65.6,3844710.23
10,80,3,65.7,4411962.559
10,80,3,65.8,4128336.395
10,80,3,65.9,4033794.34
10,80,3,66,4033794.34
10,80,3,66.1,4317420.504
10,80,3,66.2,4191364.431
10,80,3,66.3,4569532.651
10,80,3,66.4,3277457.901
10,80,3,66.5,4002280.322
10,80,3,66.6,4538018.632
10,80,3,66.7,4254392.468
10,80,3,66.8,3687140.139
10,80,3,66.9,3498056.029
10,80,3,67,3781682.194
10,80,3,67.1,4569532.651
10,80,3,67.2,3655626.121
10,80,3,67.3,4411962.559
10,80,3,67.4,5325869.089
10,80,3,67.5,3403513.974
10,80,3,67.6,3245943.883
10,80,3,67.7,3435027.993
10,80,3,67.8,3939252.285
10,80,3,67.9,3970766.303
10,80,3,68,3498056.029
10,80,3,68.1,3371999.956
10,80,3,68.2,3498056.029
10,80,3,68.3,3371999.956
10,80,3,68.4,3687140.139
10,80,3,68.5,3151401.828
10,80,3,68.6,3498056.029
10,80,3,68.7,3561084.066
10,80,3,68.8,3340485.938
10,80,3,68.9,3687140.139
10,80,3,69,3340485.938
10,80,3,69.1,3624112.102
10,80,3,69.2,3655626.121
10,80,3,69.3,3970766.303
10,80,3,69.4,3561084.066
10,80,3,69.5,3466542.011
10,80,3,69.6,3182915.846
10,80,3,69.7,2773233.609
10,80,3,69.8,2836261.645
10,80,3,69.9,2458093.426
10,80,3,70,3214429.865
10,80,3,70.1,3182915.846
10,80,3,70.2,2773233.609
10,80,3,70.3,2647177.536
10,80,3,70.4,2552635.481
10,80,3,70.5,2458093.426
10,80,3,70.6,2710205.572
10,80,3,70.7,2836261.645
10,80,3,70.8,2269009.316
10,80,3,70.9,2332037.353
10,80,3,71,2552635.481
10,80,3,71.1,2489607.444
10,80,3,71.2,2710205.572
10,80,3,71.3,2584149.499
10,80,3,71.4,2584149.499
10,80,3,71.5,2363551.371
10,80,3,71.6,2678691.554
10,80,3,71.7,2773233.609
10,80,3,71.8,2269009.316
10,80,3,71.9,2710205.572
10,80,3,72,2458093.426
10,80,3,72.1,1985383.152
10,80,3,72.2,2363551.371
10,80,3,72.3,2552635.481
10,80,3,72.4,2269009.316
10,80,3,72.5,2300523.334
10,80,3,72.6,2993831.737
10,80,3,72.7,2741719.59
10,80,3,72.8,2237495.298
10,80,3,72.9,2016897.17
10,80,3,73,2269009.316
10,80,3,73.1,2205981.28
10,80,3,73.2,2395065.389
10,80,3,73.3,1922355.115
10,80,3,73.4,1796299.042
10,80,3,73.5,2142953.243
10,80,3,73.6,2016897.17
10,80,3,73.7,2205981.28
10,80,3,73.8,2016897.17
10,80,3,73.9,2048411.188
10,80,3,74,1922355.115
10,80,3,74.1,1859327.079
10,80,3,74.2,1638728.951
10,80,3,74.3,2016897.17
10,80,3,74.4,2174467.261
10,80,3,74.5,1796299.042
10,80,3,74.6,2142953.243
10,80,3,74.7,1796299.042
10,80,3,74.8,1386616.804
10,80,3,74.9,1953869.133
10,80,3,75,1733271.005
10,80,3,75.1,1670242.969
10,80,3,75.2,1764785.024
10,80,3,75.3,1575700.914
10,80,3,75.4,1292074.749
10,80,3,75.5,1638728.951
10,80,3,75.6,1827813.06
10,80,3,75.7,1323588.768
10,80,3,75.8,1638728.951
10,80,3,75.9,1701756.987
10,80,3,76,2079925.206
10,80,3,76.1,1733271.005
10,80,3,76.2,1764785.024
10,80,3,76.3,1134504.658
10,80,3,76.4,1039962.603
10,80,3,76.5,1670242.969
10,80,3,76.6,1481158.859
10,80,3,76.7,1418130.823
10,80,3,76.8,1418130.823
10,80,3,76.9,1134504.658
10,80,3,77,1102990.64
10,80,3,77.1,1323588.768
10,80,3,77.2,976934.5667
10,80,3,77.3,1229046.713
10,80,3,77.4,1197532.695
10,80,3,77.5,976934.5667
10,80,3,77.6,976934.5667
10,80,3,77.7,819364.4753
10,80,3,77.8,1102990.64
10,80,3,77.9,913906.5301
10,80,3,78,976934.5667
10,80,3,78.1,693308.4022
10,80,3,78.2,945420.5484
10,80,3,78.3,1134504.658
10,80,3,78.4,945420.5484
10,80,3,78.5,819364.4753
10,80,3,78.6,882392.5118
10,80,3,78.7,630280.3656
10,80,3,78.8,819364.4753
10,80,3,78.9,819364.4753
10,80,3,79,787850.457
10,80,3,79.1,693308.4022
10,80,3,79.2,567252.329
10,80,3,79.3,693308.4022
10,80,3,79.4,409682.2376
10,80,3,79.5,252112.1462
10,80,3,79.6,252112.1462
10,80,3,79.7,346654.2011
10,80,3,79.8,252112.1462
10,80,3,79.9,126056.0731
10,80,3,80,31514.01828
10,150,3,1.4,26354.29237
10,150,3,3,26354.29237
10,150,3,3.1,79062.8771
10,150,3,3.2,52708.58473
10,150,3,3.3,289897.216
10,150,3,3.4,527085.8473
10,150,3,3.5,737920.1862
10,150,3,3.6,948754.5252
10,150,3,3.7,1396777.495
10,150,3,3.8,2398240.605
10,150,3,3.9,1976571.927
10,150,3,4,3320640.838
10,150,3,4.1,4401166.825
10,150,3,4.2,4295749.656
10,150,3,4.3,6404093.045
10,150,3,4.4,6614927.384
10,150,3,4.5,7563681.909
10,150,3,4.6,9144939.451
10,150,3,4.7,12096620.2
10,150,3,4.8,12202037.37
10,150,3,4.9,12386517.41
10,150,3,5,14573923.68
10,150,3,5.1,16945809.99
10,150,3,5.2,16919455.7
10,150,3,5.3,18527067.53
10,150,3,5.4,19264987.72
10,150,3,5.5,21478748.28
10,150,3,5.6,24114177.51
10,150,3,5.7,26064395.15
10,150,3,5.8,26960441.09
10,150,3,5.9,27724715.57
10,150,3,6,30439207.68
10,150,3,6.1,33812557.1
10,150,3,6.2,33338179.84
10,150,3,6.3,34893083.09
10,150,3,6.4,35762774.74
10,150,3,6.5,36711529.26
10,150,3,6.6,37739346.67
10,150,3,6.7,40427484.49
10,150,3,6.8,40005815.81
10,150,3,6.9,44986777.07
10,150,3,7,44855005.61
10,150,3,7.1,45592925.79
10,150,3,7.2,46225428.81
10,150,3,7.3,45856468.72
10,150,3,7.4,128608946.7
10,150,3,7.5,47885749.23
10,150,3,7.6,49730549.69
10,150,3,7.7,51364515.82
10,150,3,7.8,52286916.05
10,150,3,7.9,56951625.8
10,150,3,8,52207853.18
10,150,3,8.1,53841819.3
10,150,3,8.2,51812538.79
10,150,3,8.3,238031968.6
10,150,3,8.4,1699878212
10,150,3,8.5,54948699.58
10,150,3,8.6,56767145.75
10,150,3,8.7,55370368.26
10,150,3,8.8,78904751.34
10,150,3,8.9,57768608.86
10,150,3,9,56635374.29
10,150,3,9.1,56187351.32
10,150,3,9.2,56688082.88
10,150,3,9.3,59455283.58
10,150,3,9.4,57346940.19
10,150,3,9.5,120465470.4
10,150,3,9.6,85071655.76
10,150,3,9.7,1018329857
10,150,3,9.8,140178481.1
10,150,3,9.9,102096528.6
10,150,3,10,446389004.1
10,150,3,10.1,66070210.96
10,150,3,10.2,68178554.35
10,150,3,10.3,46488971.73
10,150,3,10.4,43221039.48
10,150,3,10.5,42693953.63
10,150,3,10.6,43247393.77
10,150,3,10.7,44538754.1
10,150,3,10.8,43247393.77
10,150,3,10.9,45671988.67
10,150,3,11,51021910.02
10,150,3,11.1,44960422.78
10,150,3,11.2,43168330.89
10,150,3,11.3,204904623.1
10,150,3,11.4,45092194.24
10,150,3,11.5,46726160.36
10,150,3,11.6,54289842.27
10,150,3,11.7,54764219.54
10,150,3,11.8,39689564.3
10,150,3,11.9,39452375.67
10,150,3,12,44802297.02
10,150,3,12.1,40163941.56
10,150,3,12.2,36975072.19
10,150,3,12.3,36816946.43
10,150,3,12.4,36711529.26
10,150,3,12.5,38714455.48
10,150,3,12.6,36316214.88
10,150,3,12.7,39742272.89
10,150,3,12.8,38556329.73
10,150,3,12.9,36368923.46
10,150,3,13,38609038.32
10,150,3,13.1,37792055.25
10,150,3,13.2,39294249.92
10,150,3,13.3,36922363.6
10,150,3,13.4,37581220.91
10,150,3,13.5,38635392.61
10,150,3,13.6,37581220.91
10,150,3,13.7,38846226.95
10,150,3,13.8,36421632.05
10,150,3,13.9,38898935.53
10,150,3,14,36527049.22
10,150,3,14.1,37712992.37
10,150,3,14.2,39399667.09
10,150,3,14.3,37027780.77
10,150,3,14.4,37212260.82
10,150,3,14.5,39215187.04
10,150,3,14.6,36790592.14
10,150,3,14.7,37001426.48
10,150,3,14.8,38055598.18
10,150,3,14.9,38345495.39
10,150,3,15,37871118.13
10,150,3,15.1,37449449.45
10,150,3,15.2,38161015.35
10,150,3,15.3,37185906.53
10,150,3,15.4,36158089.13
10,150,3,15.5,37818409.54
10,150,3,15.6,36447986.34
10,150,3,15.7,37027780.77
10,150,3,15.8,37291323.7
10,150,3,15.9,36737883.56
10,150,3,16,36263506.29
10,150,3,16.1,35393814.65
10,150,3,16.2,36948717.9
10,150,3,16.3,35551940.4
10,150,3,16.4,37185906.53
10,150,3,16.5,36685174.97
10,150,3,16.6,36263506.29
10,150,3,16.7,35604648.99
10,150,3,16.8,35525586.11
10,150,3,16.9,36579757.8
10,150,3,17,35631003.28
10,150,3,17.1,36210797.71
10,150,3,17.2,37423095.16
10,150,3,17.3,37370386.57
10,150,3,17.4,34260580.07
10,150,3,17.5,33021928.33
10,150,3,17.6,35288397.48
10,150,3,17.7,34866728.8
10,150,3,17.8,37264969.4
10,150,3,17.9,34313288.66
10,150,3,18,33496305.6
10,150,3,18.1,34418705.83
10,150,3,18.2,34945791.68
10,150,3,18.3,33944328.57
10,150,3,18.4,34023391.44
10,150,3,18.5,33891619.98
10,150,3,18.6,33944328.57
10,150,3,18.7,34260580.07
10,150,3,18.8,34365997.24
10,150,3,18.9,34102454.32
10,150,3,19,33549014.18
10,150,3,19.1,33259116.97
10,150,3,19.2,34734957.34
10,150,3,19.3,33390888.43
10,150,3,19.4,32547551.07
10,150,3,19.5,32705676.83
10,150,3,19.6,33917974.27
10,150,3,19.7,33970682.86
10,150,3,19.8,31546087.96
10,150,3,19.9,32969219.75
10,150,3,20,31994110.93
10,150,3,20.1,31625150.84
10,150,3,20.2,33021928.33
10,150,3,20.3,33048282.63
10,150,3,20.4,31282545.04
10,150,3,20.5,31045356.41
10,150,3,20.6,32363071.02
10,150,3,20.7,31941402.35
10,150,3,20.8,31124419.28
10,150,3,20.9,29411390.28
10,150,3,21,31967756.64
10,150,3,21.1,30939939.24
10,150,3,21.2,29174201.65
10,150,3,21.3,31493379.38
10,150,3,21.4,30860876.36
10,150,3,21.5,33021928.33
10,150,3,21.6,32890156.87
10,150,3,21.7,30518270.56
10,150,3,21.8,29279618.82
10,150,3,21.9,30808167.78
10,150,3,22,31150773.58
10,150,3,22.1,31677859.42
10,150,3,22.2,29833058.96
10,150,3,22.3,30149310.47
10,150,3,22.4,30281081.93
10,150,3,22.5,30202019.05
10,150,3,22.6,29332327.4
10,150,3,22.7,29859413.25
10,150,3,22.8,29964830.42
10,150,3,22.9,28172738.54
10,150,3,23,27935549.91
10,150,3,23.1,28884304.43
10,150,3,23.2,27672006.98
10,150,3,23.3,28726178.68
10,150,3,23.4,29042430.19
10,150,3,23.5,28541698.63
10,150,3,23.6,28805241.56
10,150,3,23.7,28357218.59
10,150,3,23.8,27118566.84
10,150,3,23.9,26986795.38
10,150,3,24,24404074.73
10,150,3,24.1,28541698.63
10,150,3,24.2,28620761.51
10,150,3,24.3,28040967.08
10,150,3,24.4,25616372.18
10,150,3,24.5,25484600.72
10,150,3,24.6,28093675.66
10,150,3,24.7,27013149.67
10,150,3,24.8,26327938.07
10,150,3,24.9,28357218.59
10,150,3,25,26459709.53
10,150,3,25.1,25958977.98
10,150,3,25.2,27065858.26
10,150,3,25.3,27039503.97
10,150,3,25.4,26380646.66
10,150,3,25.5,26459709.53
10,150,3,25.6,25300120.67
10,150,3,25.7,25932623.69
10,150,3,25.8,26749606.75
10,150,3,25.9,27118566.84
10,150,3,26,25273766.38
10,150,3,26.1,25827206.52
10,150,3,26.2,25537309.3
10,150,3,26.3,25062932.04
10,150,3,26.4,24904806.29
10,150,3,26.5,25300120.67
10,150,3,26.6,26169812.32
10,150,3,26.7,24325011.85
10,150,3,26.8,25352829.26
10,150,3,26.9,24852097.7
10,150,3,27,24456783.32
10,150,3,27.1,25563663.59
10,150,3,27.2,23218131.57
10,150,3,27.3,25062932.04
10,150,3,27.4,24693971.95
10,150,3,27.5,23560737.37
10,150,3,27.6,23244485.87
10,150,3,27.7,25010223.45
10,150,3,27.8,23718863.13
10,150,3,27.9,24325011.85
10,150,3,28,26486063.83
10,150,3,28.1,23797926.01
10,150,3,28.2,24140531.81
10,150,3,28.3,25010223.45
10,150,3,28.4,23560737.37
10,150,3,28.5,21478748.28
10,150,3,28.6,24219594.68
10,150,3,28.7,23745217.42
10,150,3,28.8,23033651.53
10,150,3,28.9,22295731.34
10,150,3,29,21320622.52
10,150,3,29.1,22796462.9
10,150,3,29.2,23903343.18
10,150,3,29.3,22111251.29
10,150,3,29.4,22506565.68
10,150,3,29.5,22901880.07
10,150,3,29.6,22374794.22
10,150,3,29.7,21505102.57
10,150,3,29.8,21109788.18
10,150,3,29.9,23112714.4
10,150,3,30,22611982.85
10,150,3,30.1,21900416.96
10,150,3,30.2,22243022.76
10,150,3,30.3,23508028.79
10,150,3,30.4,21663228.32
10,150,3,30.5,21926771.25
10,150,3,30.6,21557811.15
10,150,3,30.7,20793536.68
10,150,3,30.8,20819890.97
10,150,3,30.9,21452393.99
10,150,3,31,21584165.45
10,150,3,31.1,21768645.49
10,150,3,31.2,22058542.71
10,150,3,31.3,21874062.66
10,150,3,31.4,20134679.37
10,150,3,31.5,18922381.92
10,150,3,31.6,20002907.91
10,150,3,31.7,21874062.66
10,150,3,31.8,20609056.63
10,150,3,31.9,20609056.63
10,150,3,32,21636874.03
10,150,3,32.1,19844782.15
10,150,3,32.2,21979479.83
10,150,3,32.3,20161033.66
10,150,3,32.4,20161033.66
10,150,3,32.5,21030725.31
10,150,3,32.6,19950199.32
10,150,3,32.7,19739364.98
10,150,3,32.8,20609056.63
10,150,3,32.9,19713010.69
10,150,3,33,19528530.64
10,150,3,33.1,19739364.98
10,150,3,33.2,18869673.33
10,150,3,33.3,20398222.29
10,150,3,33.4,19291342.01
10,150,3,33.5,19923845.03
10,150,3,33.6,19396759.18
10,150,3,33.7,18896027.63
10,150,3,33.8,19317696.3
10,150,3,33.9,19713010.69
10,150,3,34,19264987.72
10,150,3,34.1,19633947.81
10,150,3,34.2,18764256.16
10,150,3,34.3,19264987.72
10,150,3,34.4,18632484.7
10,150,3,34.5,17789147.35
10,150,3,34.6,19660302.1
10,150,3,34.7,18105398.85
10,150,3,34.8,18289878.9
10,150,3,34.9,18975090.5
10,150,3,35,18500713.24
10,150,3,35.1,18737901.87
10,150,3,35.2,18975090.5
10,150,3,35.3,18474358.95
10,150,3,35.4,17604667.3
10,150,3,35.5,17841855.93
10,150,3,35.6,17367478.67
10,150,3,35.7,19133216.26
10,150,3,35.8,18711547.58
10,150,3,35.9,18421650.36
10,150,3,36,17367478.67
10,150,3,36.1,16392369.85
10,150,3,36.2,17683730.18
10,150,3,36.3,16576849.9
10,150,3,36.4,16761329.94
10,150,3,36.5,17051227.16
10,150,3,36.6,18474358.95
10,150,3,36.7,17367478.67
10,150,3,36.8,17235707.21
10,150,3,36.9,17920918.81
10,150,3,37,17472895.84
10,150,3,37.1,16787684.24
10,150,3,37.2,17262061.5
10,150,3,37.3,16840392.82
10,150,3,37.4,17499250.13
10,150,3,37.5,17736438.76
10,150,3,37.6,17710084.47
10,150,3,37.7,15759866.83
10,150,3,37.8,17209352.91
10,150,3,37.9,16392369.85
10,150,3,38,16207889.8
10,150,3,38.1,16814038.53
10,150,3,38.2,16102472.64
10,150,3,38.3,16181535.51
10,150,3,38.4,17657375.88
10,150,3,38.5,16286952.68
10,150,3,38.6,18026335.98
10,150,3,38.7,15812575.42
10,150,3,38.8,17051227.16
10,150,3,38.9,16576849.9
10,150,3,39,16366015.56
10,150,3,39.1,17182998.62
10,150,3,39.2,15285489.57
10,150,3,39.3,17182998.62
10,150,3,39.4,16550495.61
10,150,3,39.5,16181535.51
10,150,3,39.6,15127363.82
10,150,3,39.7,16576849.9
10,150,3,39.8,15628095.37
10,150,3,39.9,16814038.53
10,150,3,40,16339661.27
10,150,3,40.1,14837466.6
10,150,3,40.2,15865284
10,150,3,40.3,16313306.97
10,150,3,40.4,15601741.08
10,150,3,40.5,16181535.51
10,150,3,40.6,14784758.02
10,150,3,40.7,15390906.74
10,150,3,40.8,15101009.53
10,150,3,40.9,14336735.05
10,150,3,41,15680803.96
10,150,3,41.1,14837466.6
10,150,3,41.2,15101009.53
10,150,3,41.3,14257672.17
10,150,3,41.4,13967774.95
10,150,3,41.5,15575386.79
10,150,3,41.6,14942883.77
10,150,3,41.7,15838929.71
10,150,3,41.8,15417261.03
10,150,3,41.9,14837466.6
10,150,3,42,15048300.94
10,150,3,42.1,14231317.88
10,150,3,42.2,15074655.23
10,150,3,42.3,14178609.29
10,150,3,42.4,14521215.09
10,150,3,42.5,15759866.83
10,150,3,42.6,14415797.92
10,150,3,42.7,14442152.22
10,150,3,42.8,14652986.56
10,150,3,42.9,14310380.75
10,150,3,43,14521215.09
10,150,3,43.1,13124437.6
10,150,3,43.2,13651523.45
10,150,3,43.3,14257672.17
10,150,3,43.4,14099546.42
10,150,3,43.5,13730586.32
10,150,3,43.6,14152255
10,150,3,43.7,13019020.43
10,150,3,43.8,13783294.91
10,150,3,43.9,14521215.09
10,150,3,44,13546106.28
10,150,3,44.1,14310380.75
10,150,3,44.2,14073192.12
10,150,3,44.3,13308917.64
10,150,3,44.4,13387980.52
10,150,3,44.5,12913603.26
10,150,3,44.6,12676414.63
10,150,3,44.7,14073192.12
10,150,3,44.8,12887248.97
10,150,3,44.9,13493397.69
10,150,3,45,14257672.17
10,150,3,45.1,14310380.75
10,150,3,45.2,13756940.61
10,150,3,45.3,13045374.72
10,150,3,45.4,13150791.89
10,150,3,45.5,13730586.32
10,150,3,45.6,13387980.52
10,150,3,45.7,13150791.89
10,150,3,45.8,12939957.55
10,150,3,45.9,13440689.11
10,150,3,46,12623706.04
10,150,3,46.1,13809649.2
10,150,3,46.2,12228391.66
10,150,3,46.3,13045374.72
10,150,3,46.4,12333808.83
10,150,3,46.5,12702768.92
10,150,3,46.6,13941420.66
10,150,3,46.7,12518288.87
10,150,3,46.8,13598814.86
10,150,3,46.9,13915066.37
10,150,3,47,12913603.26
10,150,3,47.1,12913603.26
10,150,3,47.2,12254745.95
10,150,3,47.3,11806722.98
10,150,3,47.4,12491934.58
10,150,3,47.5,12570997.46
10,150,3,47.6,11411408.59
10,150,3,47.7,12518288.87
10,150,3,47.8,12202037.37
10,150,3,47.9,13203500.48
10,150,3,48,11806722.98
10,150,3,48.1,11595888.64
10,150,3,48.2,12834540.38
10,150,3,48.3,12729123.21
10,150,3,48.4,12070265.9
10,150,3,48.5,12149328.78
10,150,3,48.6,12043911.61
10,150,3,48.7,11464117.18
10,150,3,48.8,11859431.56
10,150,3,48.9,11622242.93
10,150,3,49,12623706.04
10,150,3,49.1,11754014.39
10,150,3,49.2,12202037.37
10,150,3,49.3,11859431.56
10,150,3,49.4,12043911.61
10,150,3,49.5,11964848.73
10,150,3,49.6,12096620.2
10,150,3,49.7,13335271.94
10,150,3,49.8,11490471.47
10,150,3,49.9,11095157.09
10,150,3,50,11068802.79
10,150,3,50.1,11332345.72
10,150,3,50.2,12439226
10,150,3,50.3,12122974.49
10,150,3,50.4,11833077.27
10,150,3,50.5,11648597.23
10,150,3,50.6,10568071.24
10,150,3,50.7,11174219.96
10,150,3,50.8,12597351.75
10,150,3,50.9,11622242.93
10,150,3,51,11569534.35
10,150,3,51.1,12992666.14
10,150,3,51.2,11305991.42
10,150,3,51.3,11595888.64
10,150,3,51.4,10752551.29
10,150,3,51.5,10831614.16
10,150,3,51.6,11042448.5
10,150,3,51.7,10884322.75
10,150,3,51.8,11042448.5
10,150,3,51.9,11622242.93
10,150,3,52,10726196.99
10,150,3,52.1,10225465.44
10,150,3,52.2,10014631.1
10,150,3,52.3,11121511.38
10,150,3,52.4,10673488.41
10,150,3,52.5,10568071.24
10,150,3,52.6,11595888.64
10,150,3,52.7,12281100.24
10,150,3,52.8,9751088.175
10,150,3,52.9,10673488.41
10,150,3,53,10778905.58
10,150,3,53.1,9961922.514
10,150,3,53.2,9513899.544
10,150,3,53.3,11068802.79
10,150,3,53.4,9408482.374
10,150,3,53.5,10699842.7
10,150,3,53.6,10620779.82
10,150,3,53.7,10541716.95
10,150,3,53.8,10910677.04
10,150,3,53.9,11095157.09
10,150,3,54,11595888.64
10,150,3,54.1,10752551.29
10,150,3,54.2,10620779.82
10,150,3,54.3,11068802.79
10,150,3,54.4,9645671.006
10,150,3,54.5,10673488.41
10,150,3,54.6,10489008.36
10,150,3,54.7,9909213.929
10,150,3,54.8,10647134.12
10,150,3,54.9,10857968.45
10,150,3,55,9803796.76
10,150,3,55.1,9935568.222
10,150,3,55.2,10594425.53
10,150,3,55.3,10831614.16
10,150,3,55.4,10251819.73
10,150,3,55.5,10357236.9
10,150,3,55.6,9698379.59
10,150,3,55.7,10594425.53
10,150,3,55.8,10515362.65
10,150,3,55.9,9961922.514
10,150,3,56,9513899.544
10,150,3,56.1,10278174.02
10,150,3,56.2,10172756.85
10,150,3,56.3,9724733.883
10,150,3,56.4,9961922.514
10,150,3,56.5,10199111.15
10,150,3,56.6,10172756.85
10,150,3,56.7,9619316.713
10,150,3,56.8,9672025.298
10,150,3,56.9,9935568.222
10,150,3,57,9065876.574
10,150,3,57.1,10172756.85
10,150,3,57.2,10357236.9
10,150,3,57.3,10278174.02
10,150,3,57.4,9092230.866
10,150,3,57.5,8802333.65
10,150,3,57.6,10383591.19
10,150,3,57.7,9645671.006
10,150,3,57.8,10489008.36
10,150,3,57.9,9355773.79
10,150,3,58,10093693.98
10,150,3,58.1,90131679.89
10,150,3,58.2,9751088.175
10,150,3,58.3,9250356.62
10,150,3,58.4,10040985.39
10,150,3,58.5,9434836.667
10,150,3,58.6,9197648.036
10,150,3,58.7,9619316.713
10,150,3,58.8,8696916.481
10,150,3,58.9,9171293.743
10,150,3,59,9118585.158
10,150,3,59.1,9065876.574
10,150,3,59.2,8960459.404
10,150,3,59.3,8855042.235
10,150,3,59.4,9355773.79
10,150,3,59.5,144526939.3
10,150,3,59.6,9013167.989
10,150,3,59.7,8696916.481
10,150,3,59.8,9513899.544
10,150,3,59.9,9434836.667
10,150,3,60,8934105.112
10,150,3,60.1,8960459.404
10,150,3,60.2,8512436.434
10,150,3,60.3,8380664.972
10,150,3,60.4,9619316.713
10,150,3,60.5,9645671.006
10,150,3,60.6,9092230.866
10,150,3,60.7,8934105.112
10,150,3,60.8,9013167.989
10,150,3,60.9,8275247.803
10,150,3,61,8354310.68
10,150,3,61.1,9013167.989
10,150,3,61.2,8038059.171
10,150,3,61.3,8723270.773
10,150,3,61.4,8486082.142
10,150,3,61.5,8407019.265
10,150,3,61.6,8327956.387
10,150,3,61.7,9092230.866
10,150,3,61.8,9355773.79
10,150,3,61.9,8670562.188
10,150,3,62,8512436.434
10,150,3,62.1,8512436.434
10,150,3,62.2,9303065.205
10,150,3,62.3,8538790.726
10,150,3,62.4,9303065.205
10,150,3,62.5,8407019.265
10,150,3,62.6,8907750.819
10,150,3,62.7,8855042.235
10,150,3,62.8,7958996.294
10,150,3,62.9,9118585.158
10,150,3,63,8301602.095
10,150,3,63.1,9065876.574
10,150,3,63.2,7853579.125
10,150,3,63.3,8222539.218
10,150,3,63.4,8064413.464
10,150,3,63.5,8196184.926
10,150,3,63.6,8275247.803
10,150,3,63.7,8143476.341
10,150,3,63.8,8486082.142
10,150,3,63.9,8380664.972
10,150,3,64,8934105.112
10,150,3,64.1,8354310.68
10,150,3,64.2,6773053.138
10,150,3,64.3,8855042.235
10,150,3,64.4,8828687.942
10,150,3,64.5,8222539.218
10,150,3,64.6,8038059.171
10,150,3,64.7,7827224.833
10,150,3,64.8,8407019.265
10,150,3,64.9,7958996.294
10,150,3,65,7748161.955
10,150,3,65.1,7695453.371
10,150,3,65.2,8011704.879
10,150,3,65.3,8617853.603
10,150,3,65.4,7721807.663
10,150,3,65.5,8090767.756
10,150,3,65.6,8407019.265
10,150,3,65.7,7853579.125
10,150,3,65.8,7827224.833
10,150,3,65.9,7879933.417
10,150,3,66,8275247.803
10,150,3,66.1,7800870.54
10,150,3,66.2,7642744.786
10,150,3,66.3,8275247.803
10,150,3,66.4,7300138.985
10,150,3,66.5,7853579.125
10,150,3,66.6,7721807.663
10,150,3,66.7,7906287.71
10,150,3,66.8,7036596.062
10,150,3,66.9,7326493.278
10,150,3,67,7800870.54
10,150,3,67.1,22322085.63
10,150,3,67.2,7326493.278
10,150,3,67.3,7300138.985
10,150,3,67.4,38134661.05
10,150,3,67.5,7590036.201
10,150,3,67.6,8354310.68
10,150,3,67.7,7089304.646
10,150,3,67.8,7616390.494
10,150,3,67.9,7590036.201
10,150,3,68,7484619.032
10,150,3,68.1,7695453.371
10,150,3,68.2,7221076.108
10,150,3,68.3,7379201.862
10,150,3,68.4,6878470.307
10,150,3,68.5,8038059.171
10,150,3,68.6,7405556.155
10,150,3,68.7,6614927.384
10,150,3,68.8,6957533.184
10,150,3,68.9,7405556.155
10,150,3,69,6825761.723
10,150,3,69.1,7273784.693
10,150,3,69.2,11226928.55
10,150,3,69.3,13519751.98
10,150,3,69.4,7800870.54
10,150,3,69.5,8038059.171
10,150,3,69.6,8459727.849
10,150,3,69.7,7062950.354
10,150,3,69.8,6693990.261
10,150,3,69.9,7590036.201
10,150,3,70,7800870.54
10,150,3,70.1,6825761.723
10,150,3,70.2,7405556.155
10,150,3,70.3,7115658.939
10,150,3,70.4,6957533.184
10,150,3,70.5,6430447.337
10,150,3,70.6,6166904.413
10,150,3,70.7,7247430.4
10,150,3,70.8,6272321.583
10,150,3,70.9,6641281.676
10,150,3,71,6904824.6
10,150,3,71.1,7800870.54
10,150,3,71.2,6878470.307
10,150,3,71.3,6799407.43
10,150,3,71.4,6720344.553
10,150,3,71.5,6219612.998
10,150,3,71.6,6430447.337
10,150,3,71.7,6693990.261
10,150,3,71.8,7010241.769
10,150,3,71.9,7062950.354
10,150,3,72,6272321.583
10,150,3,72.1,7273784.693
10,150,3,72.2,6983887.477
10,150,3,72.3,7062950.354
10,150,3,72.4,6799407.43
10,150,3,72.5,6219612.998
10,150,3,72.6,6720344.553
10,150,3,72.7,5639818.566
10,150,3,72.8,6430447.337
10,150,3,72.9,6983887.477
10,150,3,73,6614927.384
10,150,3,73.1,7431910.447
10,150,3,73.2,7168367.523
10,150,3,73.3,7431910.447
10,150,3,73.4,6351384.46
10,150,3,73.5,6693990.261
10,150,3,73.6,6904824.6
10,150,3,73.7,6614927.384
10,150,3,73.8,6430447.337
10,150,3,73.9,6799407.43
10,150,3,74,5929715.782
10,150,3,74.1,6140550.121
10,150,3,74.2,5218149.888
10,150,3,74.3,6852116.015
10,150,3,74.4,6904824.6
10,150,3,74.5,6983887.477
10,150,3,74.6,6325030.168
10,150,3,74.7,6325030.168
10,150,3,74.8,6614927.384
10,150,3,74.9,6614927.384
10,150,3,75,6931178.892
10,150,3,75.1,7089304.646
10,150,3,75.2,6562218.799
10,150,3,75.3,5481692.812
10,150,3,75.4,6193258.706
10,150,3,75.5,6377738.752
10,150,3,75.6,6720344.553
10,150,3,75.7,6614927.384
10,150,3,75.8,6667635.968
10,150,3,75.9,6325030.168
10,150,3,76,6061487.244
10,150,3,76.1,6562218.799
10,150,3,76.2,5982424.367
10,150,3,76.3,6087841.536
10,150,3,76.4,6245967.291
10,150,3,76.5,6456801.63
10,150,3,76.6,6272321.583
10,150,3,76.7,6483155.922
10,150,3,76.8,5956070.075
10,150,3,76.9,5982424.367
10,150,3,77,6852116.015
10,150,3,77.1,6614927.384
10,150,3,77.2,6087841.536
10,150,3,77.3,6404093.045
10,150,3,77.4,6114195.829
10,150,3,77.5,5797944.32
10,150,3,77.6,6614927.384
10,150,3,77.7,6931178.892
10,150,3,77.8,5560755.689
10,150,3,77.9,6588573.091
10,150,3,78,6983887.477
10,150,3,78.1,6377738.752
10,150,3,78.2,5745235.736
10,150,3,78.3,5560755.689
10,150,3,78.4,6825761.723
10,150,3,78.5,5428984.227
10,150,3,78.6,6193258.706
10,150,3,78.7,6035132.952
10,150,3,78.8,6245967.291
10,150,3,78.9,6825761.723
10,150,3,79,5797944.32
10,150,3,79.1,6272321.583
10,150,3,79.2,5428984.227
10,150,3,79.3,6166904.413
10,150,3,79.4,6272321.583
10,150,3,79.5,5666172.859
10,150,3,79.6,6351384.46
10,150,3,79.7,5982424.367
10,150,3,79.8,5718881.443
10,150,3,79.9,6245967.291
10,150,3,80,6483155.922
10,150,3,80.1,5191795.596
10,150,3,80.2,5692527.151
10,150,3,80.3,6166904.413
10,150,3,80.4,5771590.028
10,150,3,80.5,6114195.829
10,150,3,80.6,4928252.672
10,150,3,80.7,6298675.875
10,150,3,80.8,5218149.888
10,150,3,80.9,5428984.227
10,150,3,81,5481692.812
10,150,3,81.1,5534401.397
10,150,3,81.2,5771590.028
10,150,3,81.3,5824298.613
10,150,3,81.4,5797944.32
10,150,3,81.5,5956070.075
10,150,3,81.6,6193258.706
10,150,3,81.7,6298675.875
10,150,3,81.8,5877007.197
10,150,3,81.9,5956070.075
10,150,3,82,6008778.659
10,150,3,82.1,5982424.367
10,150,3,82.2,5666172.859
10,150,3,82.3,5402629.935
10,150,3,82.4,5086378.427
10,150,3,82.5,6245967.291
10,150,3,82.6,5613464.274
10,150,3,82.7,6008778.659
10,150,3,82.8,5508047.104
10,150,3,82.9,5534401.397
10,150,3,83,5982424.367
10,150,3,83.1,5666172.859
10,150,3,83.2,4691064.041
10,150,3,83.3,5666172.859
10,150,3,83.4,5428984.227
10,150,3,83.5,5191795.596
10,150,3,83.6,4822835.503
10,150,3,83.7,5666172.859
10,150,3,83.8,5244504.181
10,150,3,83.9,5613464.274
10,150,3,84,4743772.626
10,150,3,84.1,5639818.566
10,150,3,84.2,5534401.397
10,150,3,84.3,5903361.49
10,150,3,84.4,4427521.117
10,150,3,84.5,4901898.38
10,150,3,84.6,5007315.549
10,150,3,84.7,5692527.151
10,150,3,84.8,5376275.643
10,150,3,84.9,4717418.333
10,150,3,85,5270858.473
10,150,3,85.1,5297212.765
10,150,3,85.2,5376275.643
10,150,3,85.3,5060024.134
10,150,3,85.4,5428984.227
10,150,3,85.5,4980961.257
10,150,3,85.6,4954606.965
10,150,3,85.7,5112732.719
10,150,3,85.8,5165441.304
10,150,3,85.9,5797944.32
10,150,3,86,4770126.918
10,150,3,86.1,4980961.257
10,150,3,86.2,5349921.35
10,150,3,86.3,5033669.842
10,150,3,86.4,4822835.503
10,150,3,86.5,5613464.274
10,150,3,86.6,5428984.227
10,150,3,86.7,5428984.227
10,150,3,86.8,4954606.965
10,150,3,86.9,5218149.888
10,150,3,87,5112732.719
10,150,3,87.1,5139087.011
10,150,3,87.2,4928252.672
10,150,3,87.3,4928252.672
10,150,3,87.4,4901898.38
10,150,3,87.5,4901898.38
10,150,3,87.6,4954606.965
10,150,3,87.7,5112732.719
10,150,3,87.8,5323567.058
10,150,3,87.9,4822835.503
10,150,3,88,5191795.596
10,150,3,88.1,5508047.104
10,150,3,88.2,5033669.842
10,150,3,88.3,4559292.579
10,150,3,88.4,4954606.965
10,150,3,88.5,4849189.795
10,150,3,88.6,5481692.812
10,150,3,88.7,5060024.134
10,150,3,88.8,5033669.842
10,150,3,88.9,5508047.104
10,150,3,89,5349921.35
10,150,3,89.1,5666172.859
10,150,3,89.2,4348458.24
10,150,3,89.3,4796481.21
10,150,3,89.4,5112732.719
10,150,3,89.5,4532938.287
10,150,3,89.6,5218149.888
10,150,3,89.7,5455338.52
10,150,3,89.8,4901898.38
10,150,3,89.9,5560755.689
10,150,3,90,5112732.719
10,150,3,90.1,4691064.041
10,150,3,90.2,4453875.41
10,150,3,90.3,4980961.257
10,150,3,90.4,5323567.058
10,150,3,90.5,5139087.011
10,150,3,90.6,4585646.872
10,150,3,90.7,4638355.456
10,150,3,90.8,4612001.164
10,150,3,90.9,4849189.795
10,150,3,91,4980961.257
10,150,3,91.1,4190332.486
10,150,3,91.2,5244504.181
10,150,3,91.3,4532938.287
10,150,3,91.4,4058561.024
10,150,3,91.5,4822835.503
10,150,3,91.6,4427521.117
10,150,3,91.7,5297212.765
10,150,3,91.8,3689600.931
10,150,3,91.9,4638355.456
10,150,3,92,4691064.041
10,150,3,92.1,4190332.486
10,150,3,92.2,5007315.549
10,150,3,92.3,4111269.609
10,150,3,92.4,4743772.626
10,150,3,92.5,4269395.363
10,150,3,92.6,5007315.549
10,150,3,92.7,5639818.566
10,150,3,92.8,4612001.164
10,150,3,92.9,4717418.333
10,150,3,93,4032206.732
10,150,3,93.1,3874080.978
10,150,3,93.2,4322103.948
10,150,3,93.3,3821372.393
10,150,3,93.4,4216686.778
10,150,3,93.5,4427521.117
10,150,3,93.6,4453875.41
10,150,3,93.7,4111269.609
10,150,3,93.8,4058561.024
10,150,3,93.9,4980961.257
10,150,3,94,5033669.842
10,150,3,94.1,4664709.749
10,150,3,94.2,4058561.024
10,150,3,94.3,4532938.287
10,150,3,94.4,4559292.579
10,150,3,94.5,4322103.948
10,150,3,94.6,4585646.872
10,150,3,94.7,4559292.579
10,150,3,94.8,4427521.117
10,150,3,94.9,4190332.486
10,150,3,95,4058561.024
10,150,3,95.1,3926789.562
10,150,3,95.2,4612001.164
10,150,3,95.3,4691064.041
10,150,3,95.4,4190332.486
10,150,3,95.5,4269395.363
10,150,3,95.6,4559292.579
10,150,3,95.7,4032206.732
10,150,3,95.8,3926789.562
10,150,3,95.9,4559292.579
10,150,3,96,4585646.872
10,150,3,96.1,4295749.656
10,150,3,96.2,4084915.317
10,150,3,96.3,4216686.778
10,150,3,96.4,3426058.007
10,150,3,96.5,3426058.007
10,150,3,96.6,3979498.147
10,150,3,96.7,4005852.44
10,150,3,96.8,4084915.317
10,150,3,96.9,4691064.041
10,150,3,97,4243041.071
10,150,3,97.1,4532938.287
10,150,3,97.2,4453875.41
10,150,3,97.3,4374812.533
10,150,3,97.4,4849189.795
10,150,3,97.5,4875544.088
10,150,3,97.6,4480229.702
10,150,3,97.7,4216686.778
10,150,3,97.8,4612001.164
10,150,3,97.9,3373349.423
10,150,3,98,3874080.978
10,150,3,98.1,4453875.41
10,150,3,98.2,4163978.194
10,150,3,98.3,4322103.948
10,150,3,98.4,4849189.795
10,150,3,98.5,4190332.486
10,150,3,98.6,4532938.287
10,150,3,98.7,4532938.287
10,150,3,98.8,3715955.224
10,150,3,98.9,3795018.101
10,150,3,99,2872617.868
10,150,3,99.1,4322103.948
10,150,3,99.2,4638355.456
10,150,3,99.3,4190332.486
10,150,3,99.4,4322103.948
10,150,3,99.5,4243041.071
10,150,3,99.6,4243041.071
10,150,3,99.7,4111269.609
10,150,3,99.8,3979498.147
10,150,3,99.9,4269395.363
10,150,3,100,3715955.224
10,150,3,100.1,3874080.978
10,150,3,100.2,4163978.194
10,150,3,100.3,3847726.685
10,150,3,100.4,3663246.639
10,150,3,100.5,4111269.609
10,150,3,100.6,4084915.317
10,150,3,100.7,4216686.778
10,150,3,100.8,4559292.579
10,150,3,100.9,3452412.3
10,150,3,101,4111269.609
10,150,3,101.1,3926789.562
10,150,3,101.2,3663246.639
10,150,3,101.3,3531475.177
10,150,3,101.4,3874080.978
10,150,3,101.5,3768663.808
10,150,3,101.6,4163978.194
10,150,3,101.7,3795018.101
10,150,3,101.8,3979498.147
10,150,3,101.9,4216686.778
10,150,3,102,4243041.071
10,150,3,102.1,3346995.13
10,150,3,102.2,4453875.41
10,150,3,102.3,4480229.702
10,150,3,102.4,4374812.533
10,150,3,102.5,4005852.44
10,150,3,102.6,3505120.885
10,150,3,102.7,3399703.715
10,150,3,102.8,4322103.948
10,150,3,102.9,4269395.363
10,150,3,103,4295749.656
10,150,3,103.1,4427521.117
10,150,3,103.2,3795018.101
10,150,3,103.3,4401166.825
10,150,3,103.4,4216686.778
10,150,3,103.5,4295749.656
10,150,3,103.6,4084915.317
10,150,3,103.7,4005852.44
10,150,3,103.8,3452412.3
10,150,3,103.9,4111269.609
10,150,3,104,3557829.469
10,150,3,104.1,3768663.808
10,150,3,104.2,3874080.978
10,150,3,104.3,3847726.685
10,150,3,104.4,4058561.024
10,150,3,104.5,3715955.224
10,150,3,104.6,3610538.054
10,150,3,104.7,3505120.885
10,150,3,104.8,3663246.639
10,150,3,104.9,3610538.054
10,150,3,105,3821372.393
10,150,3,105.1,3979498.147
10,150,3,105.2,3610538.054
10,150,3,105.3,4058561.024
10,150,3,105.4,3795018.101
10,150,3,105.5,3557829.469
10,150,3,105.6,4269395.363
10,150,3,105.7,3109806.499
10,150,3,105.8,3715955.224
10,150,3,105.9,3821372.393
10,150,3,106,4111269.609
10,150,3,106.1,3505120.885
10,150,3,106.2,3399703.715
10,150,3,106.3,2951680.745
10,150,3,106.4,3768663.808
10,150,3,106.5,3373349.423
10,150,3,106.6,3215223.669
10,150,3,106.7,4032206.732
10,150,3,106.8,3689600.931
10,150,3,106.9,3979498.147
10,150,3,107,3267932.253
10,150,3,107.1,3505120.885
10,150,3,107.2,3874080.978
10,150,3,107.3,3663246.639
10,150,3,107.4,3478766.592
10,150,3,107.5,4559292.579
10,150,3,107.6,3505120.885
10,150,3,107.7,4190332.486
10,150,3,107.8,3162515.084
10,150,3,107.9,3346995.13
10,150,3,108,3346995.13
10,150,3,108.1,3452412.3
10,150,3,108.2,3663246.639
10,150,3,108.3,3478766.592
10,150,3,108.4,3426058.007
10,150,3,108.5,3742309.516
10,150,3,108.6,3715955.224
10,150,3,108.7,4216686.778
10,150,3,108.8,3136160.791
10,150,3,108.9,3346995.13
10,150,3,109,3610538.054
10,150,3,109.1,3136160.791
10,150,3,109.2,3610538.054
10,150,3,109.3,3663246.639
10,150,3,109.4,3452412.3
10,150,3,109.5,3241577.961
10,150,3,109.6,3346995.13
10,150,3,109.7,3847726.685
10,150,3,109.8,3768663.808
10,150,3,109.9,3294286.546
10,150,3,110,3188869.376
10,150,3,110.1,3452412.3
10,150,3,110.2,3584183.762
10,150,3,110.3,3373349.423
10,150,3,110.4,2951680.745
10,150,3,110.5,3715955.224
10,150,3,110.6,2951680.745
10,150,3,110.7,3399703.715
10,150,3,110.8,3584183.762
10,150,3,110.9,2530012.067
10,150,3,111,3188869.376
10,150,3,111.1,2951680.745
10,150,3,111.2,3452412.3
10,150,3,111.3,3136160.791
10,150,3,111.4,3030743.622
10,150,3,111.5,3399703.715
10,150,3,111.6,3188869.376
10,150,3,111.7,3136160.791
10,150,3,111.8,3505120.885
10,150,3,111.9,3505120.885
10,150,3,112,3136160.791
10,150,3,112.1,3795018.101
10,150,3,112.2,3399703.715
10,150,3,112.3,3241577.961
10,150,3,112.4,3215223.669
10,150,3,112.5,3215223.669
10,150,3,112.6,3162515.084
10,150,3,112.7,3109806.499
10,150,3,112.8,3346995.13
10,150,3,112.9,3083452.207
10,150,3,113,2714492.114
10,150,3,113.1,3004389.33
10,150,3,113.2,3531475.177
10,150,3,113.3,3346995.13
10,150,3,113.4,3162515.084
10,150,3,113.5,3188869.376
10,150,3,113.6,2714492.114
10,150,3,113.7,3373349.423
10,150,3,113.8,2978035.037
10,150,3,113.9,2582720.652
10,150,3,114,3057097.914
10,150,3,114.1,3030743.622
10,150,3,114.2,3057097.914
10,150,3,114.3,3057097.914
10,150,3,114.4,3610538.054
10,150,3,114.5,3399703.715
10,150,3,114.6,2925326.453
10,150,3,114.7,3505120.885
10,150,3,114.8,3057097.914
10,150,3,114.9,3663246.639
10,150,3,115,3136160.791
10,150,3,115.1,2688137.821
10,150,3,115.2,2978035.037
10,150,3,115.3,3057097.914
10,150,3,115.4,2635429.237
10,150,3,115.5,3215223.669
10,150,3,115.6,2898972.16
10,150,3,115.7,3030743.622
10,150,3,115.8,3188869.376
10,150,3,115.9,3083452.207
10,150,3,116,2609074.944
10,150,3,116.1,3188869.376
10,150,3,116.2,2767200.698
10,150,3,116.3,3399703.715
10,150,3,116.4,3346995.13
10,150,3,116.5,3162515.084
10,150,3,116.6,2503657.775
10,150,3,116.7,3346995.13
10,150,3,116.8,2951680.745
10,150,3,116.9,2424594.898
10,150,3,117,3557829.469
10,150,3,117.1,3030743.622
10,150,3,117.2,3188869.376
10,150,3,117.3,3689600.931
10,150,3,117.4,3294286.546
10,150,3,117.5,3426058.007
10,150,3,117.6,2635429.237
10,150,3,117.7,3557829.469
10,150,3,117.8,2872617.868
10,150,3,117.9,2819909.283
10,150,3,118,2872617.868
10,150,3,118.1,2714492.114
10,150,3,118.2,2740846.406
10,150,3,118.3,3215223.669
10,150,3,118.4,2740846.406
10,150,3,118.5,2556366.359
10,150,3,118.6,2740846.406
10,150,3,118.7,3004389.33
10,150,3,118.8,2767200.698
10,150,3,118.9,3030743.622
10,150,3,119,3057097.914
10,150,3,119.1,2635429.237
10,150,3,119.2,3188869.376
10,150,3,119.3,3241577.961
10,150,3,119.4,2767200.698
10,150,3,119.5,2846263.575
10,150,3,119.6,2767200.698
10,150,3,119.7,2846263.575
10,150,3,119.8,2846263.575
10,150,3,119.9,3346995.13
10,150,3,120,2503657.775
10,150,3,120.1,2898972.16
10,150,3,120.2,2556366.359
10,150,3,120.3,2767200.698
10,150,3,120.4,2398240.605
10,150,3,120.5,2661783.529
10,150,3,120.6,2925326.453
10,150,3,120.7,3030743.622
10,150,3,120.8,2846263.575
10,150,3,120.9,2767200.698
10,150,3,121,2450949.19
10,150,3,121.1,2978035.037
10,150,3,121.2,2951680.745
10,150,3,121.3,2740846.406
10,150,3,121.4,2714492.114
10,150,3,121.5,3346995.13
10,150,3,121.6,2530012.067
10,150,3,121.7,2556366.359
10,150,3,121.8,2450949.19
10,150,3,121.9,2846263.575
10,150,3,122,2767200.698
10,150,3,122.1,2477303.482
10,150,3,122.2,2477303.482
10,150,3,122.3,2450949.19
10,150,3,122.4,2477303.482
10,150,3,122.5,2661783.529
10,150,3,122.6,2872617.868
10,150,3,122.7,2240114.851
10,150,3,122.8,2767200.698
10,150,3,122.9,2609074.944
10,150,3,123,3162515.084
10,150,3,123.1,2767200.698
10,150,3,123.2,3136160.791
10,150,3,123.3,2872617.868
10,150,3,123.4,2240114.851
10,150,3,123.5,2240114.851
10,150,3,123.6,2635429.237
10,150,3,123.7,2450949.19
10,150,3,123.8,2503657.775
10,150,3,123.9,2609074.944
10,150,3,124,2978035.037
10,150,3,124.1,2477303.482
10,150,3,124.2,2740846.406
10,150,3,124.3,2398240.605
10,150,3,124.4,3057097.914
10,150,3,124.5,2424594.898
10,150,3,124.6,2951680.745
10,150,3,124.7,2371886.313
10,150,3,124.8,2424594.898
10,150,3,124.9,2635429.237
10,150,3,125,2108343.389
10,150,3,125.1,2503657.775
10,150,3,125.2,2556366.359
10,150,3,125.3,2398240.605
10,150,3,125.4,3030743.622
10,150,3,125.5,2477303.482
10,150,3,125.6,2978035.037
10,150,3,125.7,2477303.482
10,150,3,125.8,2556366.359
10,150,3,125.9,2503657.775
10,150,3,126,2767200.698
10,150,3,126.1,2371886.313
10,150,3,126.2,2819909.283
10,150,3,126.3,2292823.436
10,150,3,126.4,2292823.436
10,150,3,126.5,2556366.359
10,150,3,126.6,2714492.114
10,150,3,126.7,2292823.436
10,150,3,126.8,2450949.19
10,150,3,126.9,2345532.021
10,150,3,127,2345532.021
10,150,3,127.1,2503657.775
10,150,3,127.2,2292823.436
10,150,3,127.3,2819909.283
10,150,3,127.4,2582720.652
10,150,3,127.5,2345532.021
10,150,3,127.6,2266469.143
10,150,3,127.7,2398240.605
10,150,3,127.8,2503657.775
10,150,3,127.9,2345532.021
10,150,3,128,2292823.436
10,150,3,128.1,2424594.898
10,150,3,128.2,2292823.436
10,150,3,128.3,2450949.19
10,150,3,128.4,2187406.266
10,150,3,128.5,2688137.821
10,150,3,128.6,2266469.143
10,150,3,128.7,2398240.605
10,150,3,128.8,2240114.851
10,150,3,128.9,2319177.728
10,150,3,129,2424594.898
10,150,3,129.1,2530012.067
10,150,3,129.2,2161051.974
10,150,3,129.3,2424594.898
10,150,3,129.4,2477303.482
10,150,3,129.5,2345532.021
10,150,3,129.6,2477303.482
10,150,3,129.7,2161051.974
10,150,3,129.8,2556366.359
10,150,3,129.9,2398240.605
10,150,3,130,2398240.605
10,150,3,130.1,2345532.021
10,150,3,130.2,2450949.19
10,150,3,130.3,2134697.682
10,150,3,130.4,2292823.436
10,150,3,130.5,2530012.067
10,150,3,130.6,2714492.114
10,150,3,130.7,2266469.143
10,150,3,130.8,2424594.898
10,150,3,130.9,2292823.436
10,150,3,131,2530012.067
10,150,3,131.1,2213760.559
10,150,3,131.2,2161051.974
10,150,3,131.3,2108343.389
10,150,3,131.4,2319177.728
10,150,3,131.5,2503657.775
10,150,3,131.6,2609074.944
10,150,3,131.7,2371886.313
10,150,3,131.8,1897509.05
10,150,3,131.9,2398240.605
10,150,3,132,2187406.266
10,150,3,132.1,2029280.512
10,150,3,132.2,2187406.266
10,150,3,132.3,2292823.436
10,150,3,132.4,2161051.974
10,150,3,132.5,2635429.237
10,150,3,132.6,1950217.635
10,150,3,132.7,2108343.389
10,150,3,132.8,2292823.436
10,150,3,132.9,2292823.436
10,150,3,133,1765737.588
10,150,3,133.1,2688137.821
10,150,3,133.2,2530012.067
10,150,3,133.3,2161051.974
10,150,3,133.4,2029280.512
10,150,3,133.5,2292823.436
10,150,3,133.6,2029280.512
10,150,3,133.7,2134697.682
10,150,3,133.8,2530012.067
10,150,3,133.9,2055634.804
10,150,3,134,2240114.851
10,150,3,134.1,1633966.127
10,150,3,134.2,2055634.804
10,150,3,134.3,1976571.927
10,150,3,134.4,1897509.05
10,150,3,134.5,2292823.436
10,150,3,134.6,2134697.682
10,150,3,134.7,2424594.898
10,150,3,134.8,2108343.389
10,150,3,134.9,2187406.266
10,150,3,135,2055634.804
10,150,3,135.1,2319177.728
10,150,3,135.2,1844800.466
10,150,3,135.3,1739383.296
10,150,3,135.4,2029280.512
10,150,3,135.5,2108343.389
10,150,3,135.6,1765737.588
10,150,3,135.7,1923863.343
10,150,3,135.8,1950217.635
10,150,3,135.9,1660320.419
10,150,3,136,1818446.173
10,150,3,136.1,2134697.682
10,150,3,136.2,1765737.588
10,150,3,136.3,2213760.559
10,150,3,136.4,2266469.143
10,150,3,136.5,1844800.466
10,150,3,136.6,2240114.851
10,150,3,136.7,2134697.682
10,150,3,136.8,1844800.466
10,150,3,136.9,2029280.512
10,150,3,137,1792091.881
10,150,3,137.1,2081989.097
10,150,3,137.2,1976571.927
10,150,3,137.3,1792091.881
10,150,3,137.4,2108343.389
10,150,3,137.5,1502194.665
10,150,3,137.6,1950217.635
10,150,3,137.7,1713029.004
10,150,3,137.8,2398240.605
10,150,3,137.9,1818446.173
10,150,3,138,2081989.097
10,150,3,138.1,1713029.004
10,150,3,138.2,1871154.758
10,150,3,138.3,1554903.25
10,150,3,138.4,1818446.173
10,150,3,138.5,2161051.974
10,150,3,138.6,1792091.881
10,150,3,138.7,1581257.542
10,150,3,138.8,1554903.25
10,150,3,138.9,1607611.834
10,150,3,139,1686674.711
10,150,3,139.1,1660320.419
10,150,3,139.2,2055634.804
10,150,3,139.3,1317714.618
10,150,3,139.4,2055634.804
10,150,3,139.5,1475840.372
10,150,3,139.6,1739383.296
10,150,3,139.7,1765737.588
10,150,3,139.8,1950217.635
10,150,3,139.9,1581257.542
10,150,3,140,1370423.203
10,150,3,140.1,1317714.618
10,150,3,140.2,1449486.08
10,150,3,140.3,1792091.881
10,150,3,140.4,1607611.834
10,150,3,140.5,1792091.881
10,150,3,140.6,1950217.635
10,150,3,140.7,1607611.834
10,150,3,140.8,1449486.08
10,150,3,140.9,1106880.279
10,150,3,141,1686674.711
10,150,3,141.1,1554903.25
10,150,3,141.2,1370423.203
10,150,3,141.3,1818446.173
10,150,3,141.4,1502194.665
10,150,3,141.5,1370423.203
10,150,3,141.6,1423131.788
10,150,3,141.7,1844800.466
10,150,3,141.8,1686674.711
10,150,3,141.9,1607611.834
10,150,3,142,1080525.987
10,150,3,142.1,1370423.203
10,150,3,142.2,1633966.127
10,150,3,142.3,975108.8175
10,150,3,142.4,1238651.741
10,150,3,142.5,1449486.08
10,150,3,142.6,975108.8175
10,150,3,142.7,1739383.296
10,150,3,142.8,1370423.203
10,150,3,142.9,1581257.542
10,150,3,143,1607611.834
10,150,3,143.1,1554903.25
10,150,3,143.2,1344068.911
10,150,3,143.3,1317714.618
10,150,3,143.4,1080525.987
10,150,3,143.5,1238651.741
10,150,3,143.6,1159588.864
10,150,3,143.7,1370423.203
10,150,3,143.8,1080525.987
10,150,3,143.9,1159588.864
10,150,3,144,1344068.911
10,150,3,144.1,1423131.788
10,150,3,144.2,1001463.11
10,150,3,144.3,1554903.25
10,150,3,144.4,1106880.279
10,150,3,144.5,1370423.203
10,150,3,144.6,1159588.864
10,150,3,144.7,975108.8175
10,150,3,144.8,1238651.741
10,150,3,144.9,1396777.495
10,150,3,145,1238651.741
10,150,3,145.1,1212297.449
10,150,3,145.2,1317714.618
10,150,3,145.3,1159588.864
10,150,3,145.4,896045.9404
10,150,3,145.5,975108.8175
10,150,3,145.6,948754.5252
10,150,3,145.7,1001463.11
10,150,3,145.8,1212297.449
10,150,3,145.9,1027817.402
10,150,3,146,1080525.987
10,150,3,146.1,975108.8175
10,150,3,146.2,1106880.279
10,150,3,146.3,685211.6015
10,150,3,146.4,843337.3557
10,150,3,146.5,1054171.695
10,150,3,146.6,948754.5252
10,150,3,146.7,896045.9404
10,150,3,146.8,975108.8175
10,150,3,146.9,948754.5252
10,150,3,147,579794.432
10,150,3,147.1,790628.771
10,150,3,147.2,816983.0633
10,150,3,147.3,948754.5252
10,150,3,147.4,1080525.987
10,150,3,147.5,632503.0168
10,150,3,147.6,711565.8939
10,150,3,147.7,1106880.279
10,150,3,147.8,553440.1397
10,150,3,147.9,553440.1397
10,150,3,148,395314.3855
10,150,3,148.1,764274.4786
10,150,3,148.2,421668.6778
10,150,3,148.3,658857.3091
10,150,3,148.4,553440.1397
10,150,3,148.5,421668.6778
10,150,3,148.6,579794.432
10,150,3,148.7,368960.0931
10,150,3,148.8,342605.8007
10,150,3,148.9,368960.0931
10,150,3,149,474377.2626
10,150,3,149.1,421668.6778
10,150,3,149.2,342605.8007
10,150,3,149.3,342605.8007
10,150,3,149.4,316251.5084
10,150,3,149.5,395314.3855
10,150,3,149.6,210834.3389
10,150,3,149.7,342605.8007
10,150,3,149.8,105417.1695
10,150,3,149.9,210834.3389
10,150,3,150,26354.29237
10,40,5,4.4,17437.75678
10,40,5,4.5,17437.75678
10,40,5,4.6,34875.51356
10,40,5,4.7,52313.27035
10,40,5,4.8,69751.02713
10,40,5,4.9,87188.78391
10,40,5,5,139502.0543
10,40,5,5.1,331317.3789
10,40,5,5.2,209253.0814
10,40,5,5.3,156939.811
10,40,5,5.4,261566.3517
10,40,5,5.5,575445.9738
10,40,5,5.6,714948.0281
10,40,5,5.7,697510.2713
10,40,5,5.8,1046265.407
10,40,5,5.9,1220642.975
10,40,5,6,1395020.543
10,40,5,6.1,1586835.867
10,40,5,6.2,1935591.003
10,40,5,6.3,1865839.976
10,40,5,6.4,2702852.301
10,40,5,6.5,2755165.572
10,40,5,6.6,3348049.302
10,40,5,6.7,3138796.221
10,40,5,6.8,3731679.951
10,40,5,6.9,4045559.573
10,40,5,7,4708194.331
10,40,5,7.1,4969760.683
10,40,5,7.2,5196451.521
10,40,5,7.3,5283640.305
10,40,5,7.4,13305008.42
10,40,5,7.5,6818162.902
10,40,5,7.6,6800725.145
10,40,5,7.7,7009978.226
10,40,5,7.8,7445922.146
10,40,5,7.9,8561938.58
10,40,5,8,8387561.012
10,40,5,8.1,8631689.607
10,40,5,8.2,8492187.553
10,40,5,8.3,34561633.94
10,40,5,8.4,238897267.9
10,40,5,8.5,10514967.34
10,40,5,8.6,10253400.99
10,40,5,8.7,11753048.07
10,40,5,8.8,14403587.1
10,40,5,8.9,11700734.8
10,40,5,9,11317104.15
10,40,5,9.1,11997176.67
10,40,5,9.2,12642373.67
10,40,5,9.3,12520309.37
10,40,5,9.4,12555184.88
10,40,5,9.5,21413565.33
10,40,5,9.6,17943451.73
10,40,5,9.7,174116001.5
10,40,5,9.8,27586531.23
10,40,5,9.9,22965525.68
10,40,5,10,86003016.45
10,40,5,10.1,15571916.81
10,40,5,10.2,12886502.26
10,40,5,10.3,5004636.196
10,40,5,10.4,4533816.763
10,40,5,10.5,5213889.278
10,40,5,10.6,5144138.251
10,40,5,10.7,5824210.765
10,40,5,10.8,5423142.359
10,40,5,10.9,5614957.684
10,40,5,11,6382218.982
10,40,5,11.1,5963712.819
10,40,5,11.2,6521721.036
10,40,5,11.3,23261967.55
10,40,5,11.4,6207841.414
10,40,5,11.5,7027415.983
10,40,5,11.6,5614957.684
10,40,5,11.7,5353391.332
10,40,5,11.8,4429190.223
10,40,5,11.9,4900009.656
10,40,5,12,4882571.899
10,40,5,12.1,4551254.52
10,40,5,12.2,3749117.708
10,40,5,12.3,4097872.844
10,40,5,12.4,4359439.195
10,40,5,12.5,3627053.411
10,40,5,12.6,4254812.655
10,40,5,12.7,4115310.6
10,40,5,12.8,4638443.304
10,40,5,12.9,4777945.358
10,40,5,13,4603567.79
10,40,5,13.1,4132748.357
10,40,5,13.2,4777945.358
10,40,5,13.3,4847696.385
10,40,5,13.4,4987198.44
10,40,5,13.5,5004636.196
10,40,5,13.6,4952322.926
10,40,5,13.7,5248764.791
10,40,5,13.8,5388266.846
10,40,5,13.9,5597519.927
10,40,5,14,5597519.927
10,40,5,14.1,5510331.143
10,40,5,14.2,6103214.874
10,40,5,14.3,5737021.981
10,40,5,14.4,5458017.873
10,40,5,14.5,6347343.469
10,40,5,14.6,6225279.171
10,40,5,14.7,6312467.955
10,40,5,14.8,6155528.144
10,40,5,14.9,7009978.226
10,40,5,15,6242716.928
10,40,5,15.1,6399656.739
10,40,5,15.2,6486845.523
10,40,5,15.3,6870476.172
10,40,5,15.4,7062291.497
10,40,5,15.5,6957664.956
10,40,5,15.6,7411046.632
10,40,5,15.7,6626347.577
10,40,5,15.8,6835600.658
10,40,5,15.9,7149480.281
10,40,5,16,7114604.767
10,40,5,16.1,7358733.362
10,40,5,16.2,7515673.173
10,40,5,16.3,6730974.118
10,40,5,16.4,7254106.821
10,40,5,16.5,7585424.2
10,40,5,16.6,7585424.2
10,40,5,16.7,7219231.308
10,40,5,16.8,7323857.848
10,40,5,16.9,7602861.957
10,40,5,17,7323857.848
10,40,5,17.1,7602861.957
10,40,5,17.2,7690050.741
10,40,5,17.3,8038805.876
10,40,5,17.4,8596814.093
10,40,5,17.5,8492187.553
10,40,5,17.6,7184355.794
10,40,5,17.7,8352685.498
10,40,5,17.8,8230621.201
10,40,5,17.9,7288982.335
10,40,5,18,8404998.769
10,40,5,18.1,8335247.742
10,40,5,18.2,7498235.416
10,40,5,18.3,8038805.876
10,40,5,18.4,7707488.498
10,40,5,18.5,7951617.092
10,40,5,18.6,8003930.363
10,40,5,18.7,7236669.064
10,40,5,18.8,7480797.659
10,40,5,18.9,7899303.822
10,40,5,19,8038805.876
10,40,5,19.1,8404998.769
10,40,5,19.2,8317809.985
10,40,5,19.3,8265496.715
10,40,5,19.4,7864428.309
10,40,5,19.5,8404998.769
10,40,5,19.6,7533110.93
10,40,5,19.7,7934179.336
10,40,5,19.8,7463359.903
10,40,5,19.9,8265496.715
10,40,5,20,7480797.659
10,40,5,20.1,8596814.093
10,40,5,20.2,7271544.578
10,40,5,20.3,7480797.659
10,40,5,20.4,8003930.363
10,40,5,20.5,7288982.335
10,40,5,20.6,7480797.659
10,40,5,20.7,8108556.904
10,40,5,20.8,7742364.011
10,40,5,20.9,7602861.957
10,40,5,21,8300372.228
10,40,5,21.1,7794677.281
10,40,5,21.2,7567986.443
10,40,5,21.3,7445922.146
10,40,5,21.4,7201793.551
10,40,5,21.5,7846990.552
10,40,5,21.6,7184355.794
10,40,5,21.7,7846990.552
10,40,5,21.8,7951617.092
10,40,5,21.9,6713536.361
10,40,5,22,7376171.119
10,40,5,22.1,7463359.903
10,40,5,22.2,6992540.469
10,40,5,22.3,7341295.605
10,40,5,22.4,7777239.525
10,40,5,22.5,7794677.281
10,40,5,22.6,7724926.254
10,40,5,22.7,7829552.795
10,40,5,22.8,7062291.497
10,40,5,22.9,7149480.281
10,40,5,23,7323857.848
10,40,5,23.1,6870476.172
10,40,5,23.2,7062291.497
10,40,5,23.3,7498235.416
10,40,5,23.4,7271544.578
10,40,5,23.5,7271544.578
10,40,5,23.6,7097167.01
10,40,5,23.7,7254106.821
10,40,5,23.8,7480797.659
10,40,5,23.9,7567986.443
10,40,5,24,7166918.037
10,40,5,24.1,6661223.091
10,40,5,24.2,6818162.902
10,40,5,24.3,6504283.28
10,40,5,24.4,6242716.928
10,40,5,24.5,6242716.928
10,40,5,24.6,7009978.226
10,40,5,24.7,6975102.713
10,40,5,24.8,6643785.334
10,40,5,24.9,7341295.605
10,40,5,25,6765849.631
10,40,5,25.1,6591472.063
10,40,5,25.2,6451970.009
10,40,5,25.3,7044853.74
10,40,5,25.4,6870476.172
10,40,5,25.5,7288982.335
10,40,5,25.6,6574034.307
10,40,5,25.7,6643785.334
10,40,5,25.8,6068339.36
10,40,5,25.9,6172965.901
10,40,5,26,6277592.441
10,40,5,26.1,5946275.063
10,40,5,26.2,6661223.091
10,40,5,26.3,6574034.307
10,40,5,26.4,5719584.224
10,40,5,26.5,6085777.117
10,40,5,26.6,5859086.279
10,40,5,26.7,5806773.008
10,40,5,26.8,6678660.847
10,40,5,26.9,5702146.468
10,40,5,27,6521721.036
10,40,5,27.1,5824210.765
10,40,5,27.2,6050901.603
10,40,5,27.3,6312467.955
10,40,5,27.4,5527768.9
10,40,5,27.5,5806773.008
10,40,5,27.6,5771897.495
10,40,5,27.7,6103214.874
10,40,5,27.8,5963712.819
10,40,5,27.9,5510331.143
10,40,5,28,5318515.818
10,40,5,28.1,5405704.602
10,40,5,28.2,6242716.928
10,40,5,28.3,5719584.224
10,40,5,28.4,5580082.17
10,40,5,28.5,5719584.224
10,40,5,28.6,5719584.224
10,40,5,28.7,5370829.089
10,40,5,28.8,5318515.818
10,40,5,28.9,5144138.251
10,40,5,29,4847696.385
10,40,5,29.1,4743069.845
10,40,5,29.2,5545206.657
10,40,5,29.3,4900009.656
10,40,5,29.4,5353391.332
10,40,5,29.5,4725632.088
10,40,5,29.6,5231327.035
10,40,5,29.7,5283640.305
10,40,5,29.8,5091824.98
10,40,5,29.9,4812820.872
10,40,5,30,5423142.359
10,40,5,30.1,4516379.006
10,40,5,30.2,4621005.547
10,40,5,30.3,5056949.467
10,40,5,30.4,4690756.574
10,40,5,30.5,5022073.953
10,40,5,30.6,4289688.168
10,40,5,30.7,4586130.034
10,40,5,30.8,4533816.763
10,40,5,30.9,4464065.736
10,40,5,31,4202499.384
10,40,5,31.1,4272250.412
10,40,5,31.2,4185061.628
10,40,5,31.3,4219937.141
10,40,5,31.4,3993246.303
10,40,5,31.5,4411752.466
10,40,5,31.6,4376876.952
10,40,5,31.7,4359439.195
10,40,5,31.8,4132748.357
10,40,5,31.9,4010684.06
10,40,5,32,3592177.897
10,40,5,32.1,3871182.006
10,40,5,32.2,3801430.978
10,40,5,32.3,3696804.438
10,40,5,32.4,3679366.681
10,40,5,32.5,3731679.951
10,40,5,32.6,4219937.141
10,40,5,32.7,4028121.817
10,40,5,32.8,3714242.195
10,40,5,32.9,4254812.655
10,40,5,33,3993246.303
10,40,5,33.1,3801430.978
10,40,5,33.2,3923495.276
10,40,5,33.3,3417800.329
10,40,5,33.4,3365487.059
10,40,5,33.5,3836306.492
10,40,5,33.6,3783993.222
10,40,5,33.7,3034169.68
10,40,5,33.8,3069045.194
10,40,5,33.9,3313173.789
10,40,5,34,2842354.355
10,40,5,34.1,3348049.302
10,40,5,34.2,3330611.545
10,40,5,34.3,3138796.221
10,40,5,34.4,3382924.816
10,40,5,34.5,2981856.41
10,40,5,34.6,3086482.95
10,40,5,34.7,3278298.275
10,40,5,34.8,3069045.194
10,40,5,34.9,3086482.95
10,40,5,35,3086482.95
10,40,5,35.1,3034169.68
10,40,5,35.2,2633101.274
10,40,5,35.3,2458723.706
10,40,5,35.4,2999294.166
10,40,5,35.5,2319221.652
10,40,5,35.6,2929543.139
10,40,5,35.7,2336659.409
10,40,5,35.8,2877229.869
10,40,5,35.9,2598225.76
10,40,5,36,2214595.111
10,40,5,36.1,2371534.922
10,40,5,36.2,2284346.138
10,40,5,36.3,2162281.841
10,40,5,36.4,2545912.49
10,40,5,36.5,1987904.273
10,40,5,36.6,2057655.3
10,40,5,36.7,2232032.868
10,40,5,36.8,1953028.76
10,40,5,36.9,2511036.977
10,40,5,37,1970466.516
10,40,5,37.1,1708900.165
10,40,5,37.2,2022779.787
10,40,5,37.3,2144844.084
10,40,5,37.4,1708900.165
10,40,5,37.5,1778651.192
10,40,5,37.6,1569398.11
10,40,5,37.7,1970466.516
10,40,5,37.8,1307831.759
10,40,5,37.9,1586835.867
10,40,5,38,1621711.381
10,40,5,38.1,1499647.083
10,40,5,38.2,1656586.894
10,40,5,38.3,1464771.57
10,40,5,38.4,1429896.056
10,40,5,38.5,1238080.732
10,40,5,38.6,1272956.245
10,40,5,38.7,1116016.434
10,40,5,38.8,1081140.92
10,40,5,38.9,1098578.677
10,40,5,39,1098578.677
10,40,5,39.1,714948.0281
10,40,5,39.2,924201.1094
10,40,5,39.3,1168329.704
10,40,5,39.4,470819.4331
10,40,5,39.5,732385.7848
10,40,5,39.6,592883.7306
10,40,5,39.7,523132.7035
10,40,5,39.8,435943.9195
10,40,5,39.9,122064.2975
10,40,5,40,69751.02713
10,80,5,3.5,26156.63517
10,80,5,3.7,130783.1759
10,80,5,3.8,52313.27035
10,80,5,3.9,78469.90552
10,80,5,4,130783.1759
10,80,5,4.1,235409.7166
10,80,5,4.2,235409.7166
10,80,5,4.3,183096.4462
10,80,5,4.4,392349.5276
10,80,5,4.5,549289.3386
10,80,5,4.6,758542.42
10,80,5,4.7,1046265.407
10,80,5,4.8,1517084.84
10,80,5,4.9,1307831.759
10,80,5,5,1883277.732
10,80,5,5.1,2118687.449
10,80,5,5.2,2354097.166
10,80,5,5.3,3583459.019
10,80,5,5.4,3400362.572
10,80,5,5.5,4342001.439
10,80,5,5.6,4708194.331
10,80,5,5.7,4969760.683
10,80,5,5.8,5963712.819
10,80,5,5.9,6879195.05
10,80,5,6,7611580.835
10,80,5,6.1,8003930.363
10,80,5,6.2,8997882.499
10,80,5,6.3,10959630.14
10,80,5,6.4,11665859.29
10,80,5,6.5,12450558.34
10,80,5,6.6,13993799.82
10,80,5,6.7,14464619.25
10,80,5,6.8,15720137.74
10,80,5,6.9,15824764.28
10,80,5,7,18754307.42
10,80,5,7.1,19068187.04
10,80,5,7.2,19434379.93
10,80,5,7.3,20977621.41
10,80,5,7.4,65260804.76
10,80,5,7.5,23384031.84
10,80,5,7.6,22154669.99
10,80,5,7.7,26679767.88
10,80,5,7.8,26496671.43
10,80,5,7.9,25790442.28
10,80,5,8,27569093.47
10,80,5,8.1,28589202.24
10,80,5,8.2,29897034
10,80,5,8.3,151551544.2
10,80,5,8.4,1098212484
10,80,5,8.5,30969456.04
10,80,5,8.6,33035830.22
10,80,5,8.7,33925155.82
10,80,5,8.8,49697606.83
10,80,5,8.9,34657541.6
10,80,5,9,35913060.09
10,80,5,9.1,36985482.13
10,80,5,9.2,39365735.93
10,80,5,9.3,39784242.1
10,80,5,9.4,38450253.7
10,80,5,9.5,84721341.32
10,80,5,9.6,61468092.66
10,80,5,9.7,757757721
10,80,5,9.8,98610514.6
10,80,5,9.9,74389470.43
10,80,5,10,347124705.4
10,80,5,10.1,48572871.52
10,80,5,10.2,44387809.89
10,80,5,10.3,18100391.54
10,80,5,10.4,18440427.8
10,80,5,10.5,17969608.36
10,80,5,10.6,19382066.66
10,80,5,10.7,19722102.92
10,80,5,10.8,20376018.8
10,80,5,10.9,20271392.26
10,80,5,11,23959477.82
10,80,5,11.1,22363923.07
10,80,5,11.2,22050043.45
10,80,5,11.3,111374952.6
10,80,5,11.4,23174778.76
10,80,5,11.5,24718020.24
10,80,5,11.6,24011791.09
10,80,5,11.7,25293466.21
10,80,5,11.8,17027969.5
10,80,5,11.9,16687933.24
10,80,5,12,19172813.58
10,80,5,12.1,15641667.83
10,80,5,12.2,14961595.32
10,80,5,12.3,15249318.31
10,80,5,12.4,14752342.24
10,80,5,12.5,15484728.02
10,80,5,12.6,16504836.79
10,80,5,12.7,17995765
10,80,5,12.8,19434379.93
10,80,5,12.9,16740246.51
10,80,5,13,17394162.39
10,80,5,13.1,17368005.75
10,80,5,13.2,17655728.74
10,80,5,13.3,18545054.34
10,80,5,13.4,18858933.96
10,80,5,13.5,18257331.35
10,80,5,13.6,17943451.73
10,80,5,13.7,17681885.38
10,80,5,13.8,18361957.89
10,80,5,13.9,19722102.92
10,80,5,14,19355910.03
10,80,5,14.1,19695946.28
10,80,5,14.2,19565163.11
10,80,5,14.3,20585271.88
10,80,5,14.4,20977621.41
10,80,5,14.5,20323705.53
10,80,5,14.6,21029934.68
10,80,5,14.7,20663741.79
10,80,5,14.8,21710007.19
10,80,5,14.9,22154669.99
10,80,5,15,21788477.1
10,80,5,15.1,21186874.49
10,80,5,15.2,21710007.19
10,80,5,15.3,22102356.72
10,80,5,15.4,22887055.78
10,80,5,15.5,22520862.88
10,80,5,15.6,22076200.09
10,80,5,15.7,21553067.38
10,80,5,15.8,23488658.39
10,80,5,15.9,23488658.39
10,80,5,16,23540971.66
10,80,5,16.1,22651646.06
10,80,5,16.2,23881007.91
10,80,5,16.3,23305561.94
10,80,5,16.4,23776381.37
10,80,5,16.5,24744176.87
10,80,5,16.6,23200935.4
10,80,5,16.7,24770333.51
10,80,5,16.8,22547019.52
10,80,5,16.9,22991682.32
10,80,5,17,25738129.01
10,80,5,17.1,23305561.94
10,80,5,17.2,23828694.64
10,80,5,17.3,22860899.14
10,80,5,17.4,25790442.28
10,80,5,17.5,25058056.5
10,80,5,17.6,25711972.37
10,80,5,17.7,25816598.92
10,80,5,17.8,25398092.75
10,80,5,17.9,25345779.48
10,80,5,18,25398092.75
10,80,5,18.1,24691863.6
10,80,5,18.2,25398092.75
10,80,5,18.3,25581189.2
10,80,5,18.4,25031899.86
10,80,5,18.5,23802538.01
10,80,5,18.6,25058056.5
10,80,5,18.7,27281370.49
10,80,5,18.8,25659659.1
10,80,5,18.9,25110369.77
10,80,5,19,25816598.92
10,80,5,19.1,24534923.79
10,80,5,19.2,26993647.5
10,80,5,19.3,25005743.23
10,80,5,19.4,25947382.09
10,80,5,19.5,25581189.2
10,80,5,19.6,25136526.4
10,80,5,19.7,23881007.91
10,80,5,19.8,24404140.62
10,80,5,19.9,26052008.63
10,80,5,20,24142574.26
10,80,5,20.1,25031899.86
10,80,5,20.2,25502719.29
10,80,5,20.3,25241152.94
10,80,5,20.4,24325670.71
10,80,5,20.5,24874960.05
10,80,5,20.6,24482610.52
10,80,5,20.7,25371936.12
10,80,5,20.8,24194887.53
10,80,5,20.9,23802538.01
10,80,5,21,25005743.23
10,80,5,21.1,25110369.77
10,80,5,21.2,24874960.05
10,80,5,21.3,25555032.56
10,80,5,21.4,24168730.9
10,80,5,21.5,23462501.75
10,80,5,21.6,23357875.21
10,80,5,21.7,25345779.48
10,80,5,21.8,23357875.21
10,80,5,21.9,23305561.94
10,80,5,22,23802538.01
10,80,5,22.1,23671754.83
10,80,5,22.2,23959477.82
10,80,5,22.3,23985634.45
10,80,5,22.4,24639550.33
10,80,5,22.5,24273357.44
10,80,5,22.6,24011791.09
10,80,5,22.7,22756272.6
10,80,5,22.8,24325670.71
10,80,5,22.9,22573176.15
10,80,5,23,24404140.62
10,80,5,23.1,25005743.23
10,80,5,23.2,22887055.78
10,80,5,23.3,24456453.89
10,80,5,23.4,22442392.98
10,80,5,23.5,24691863.6
10,80,5,23.6,22625489.42
10,80,5,23.7,23200935.4
10,80,5,23.8,24116417.63
10,80,5,23.9,22834742.51
10,80,5,24,22703959.33
10,80,5,24.1,22913212.41
10,80,5,24.2,21814633.73
10,80,5,24.3,23776381.37
10,80,5,24.4,23488658.39
10,80,5,24.5,21683850.56
10,80,5,24.6,22887055.78
10,80,5,24.7,22991682.32
10,80,5,24.8,23017838.95
10,80,5,24.9,23828694.64
10,80,5,25,23148622.13
10,80,5,25.1,21474597.48
10,80,5,25.2,22154669.99
10,80,5,25.3,21291501.03
10,80,5,25.4,21500754.11
10,80,5,25.5,21108404.58
10,80,5,25.6,21814633.73
10,80,5,25.7,22285453.17
10,80,5,25.8,21317657.67
10,80,5,25.9,21160717.85
10,80,5,26,22468549.61
10,80,5,26.1,20088295.81
10,80,5,26.2,20271392.26
10,80,5,26.3,22180826.63
10,80,5,26.4,21003778.04
10,80,5,26.5,20192922.35
10,80,5,26.6,19983669.27
10,80,5,26.7,19748259.56
10,80,5,26.8,20820681.6
10,80,5,26.9,20532958.61
10,80,5,27,19852886.1
10,80,5,27.1,20532958.61
10,80,5,27.2,18701994.15
10,80,5,27.3,20532958.61
10,80,5,27.4,21082247.95
10,80,5,27.5,20219078.99
10,80,5,27.6,19774416.19
10,80,5,27.7,20951464.77
10,80,5,27.8,19826729.46
10,80,5,27.9,21056091.31
10,80,5,28,19408223.3
10,80,5,28.1,22076200.09
10,80,5,28.2,20245235.62
10,80,5,28.3,19198970.22
10,80,5,28.4,19983669.27
10,80,5,28.5,20009825.91
10,80,5,28.6,19774416.19
10,80,5,28.7,20297548.89
10,80,5,28.8,19800572.83
10,80,5,28.9,19382066.66
10,80,5,29,18858933.96
10,80,5,29.1,19408223.3
10,80,5,29.2,19015873.77
10,80,5,29.3,19643633.01
10,80,5,29.4,19015873.77
10,80,5,29.5,18780464.05
10,80,5,29.6,19355910.03
10,80,5,29.7,20402175.43
10,80,5,29.8,18518897.7
10,80,5,29.9,17838825.19
10,80,5,30,19120500.31
10,80,5,30.1,17969608.36
10,80,5,30.2,17655728.74
10,80,5,30.3,18048078.27
10,80,5,30.4,17891138.46
10,80,5,30.5,18283487.99
10,80,5,30.6,19460536.57
10,80,5,30.7,18361957.89
10,80,5,30.8,18440427.8
10,80,5,30.9,18283487.99
10,80,5,31,17995765
10,80,5,31.1,19146656.95
10,80,5,31.2,17420319.02
10,80,5,31.3,17629572.11
10,80,5,31.4,18152704.81
10,80,5,31.5,17838825.19
10,80,5,31.6,16975656.23
10,80,5,31.7,18571210.97
10,80,5,31.8,18283487.99
10,80,5,31.9,16792559.78
10,80,5,32,17786511.92
10,80,5,32.1,17891138.46
10,80,5,32.2,17681885.38
10,80,5,32.3,16897186.32
10,80,5,32.4,17524945.57
10,80,5,32.5,17132596.04
10,80,5,32.6,17106439.4
10,80,5,32.7,16818716.42
10,80,5,32.8,16609463.33
10,80,5,32.9,17341849.12
10,80,5,33,17054126.13
10,80,5,33.1,16923342.96
10,80,5,33.2,16766403.15
10,80,5,33.3,17211065.94
10,80,5,33.4,17289535.85
10,80,5,33.5,16034017.36
10,80,5,33.6,16818716.42
10,80,5,33.7,14987751.95
10,80,5,33.8,14359992.71
10,80,5,33.9,16687933.24
10,80,5,34,16243270.44
10,80,5,34.1,16400210.25
10,80,5,34.2,15693981.1
10,80,5,34.3,15327788.21
10,80,5,34.4,15693981.1
10,80,5,34.5,15667824.47
10,80,5,34.6,16086330.63
10,80,5,34.7,17211065.94
10,80,5,34.8,15850920.91
10,80,5,34.9,15432414.75
10,80,5,35,15275474.94
10,80,5,35.1,15327788.21
10,80,5,35.2,14359992.71
10,80,5,35.3,14856968.78
10,80,5,35.4,15301631.58
10,80,5,35.5,16060174
10,80,5,35.6,16086330.63
10,80,5,35.7,14438462.62
10,80,5,35.8,14150739.63
10,80,5,35.9,15040065.22
10,80,5,36,13836860.01
10,80,5,36.1,15537041.29
10,80,5,36.2,15249318.31
10,80,5,36.3,14726185.6
10,80,5,36.4,14281522.8
10,80,5,36.5,14281522.8
10,80,5,36.6,13836860.01
10,80,5,36.7,15013908.59
10,80,5,36.8,13863016.64
10,80,5,36.9,14673872.33
10,80,5,37,14019956.45
10,80,5,37.1,13444510.48
10,80,5,37.2,14176896.26
10,80,5,37.3,13444510.48
10,80,5,37.4,15406258.12
10,80,5,37.5,13653763.56
10,80,5,37.6,14229209.53
10,80,5,37.7,14647715.7
10,80,5,37.8,13941486.55
10,80,5,37.9,13549137.02
10,80,5,38,12398245.07
10,80,5,38.1,12581341.52
10,80,5,38.2,14281522.8
10,80,5,38.3,12581341.52
10,80,5,38.4,13549137.02
10,80,5,38.5,13156787.49
10,80,5,38.6,13679920.2
10,80,5,38.7,14804655.51
10,80,5,38.8,14909282.05
10,80,5,38.9,12555184.88
10,80,5,39,13313727.3
10,80,5,39.1,13156787.49
10,80,5,39.2,12319775.17
10,80,5,39.3,12869064.5
10,80,5,39.4,13601450.29
10,80,5,39.5,12215148.63
10,80,5,39.6,13130630.86
10,80,5,39.7,13026004.32
10,80,5,39.8,12215148.63
10,80,5,39.9,11430449.57
10,80,5,40,12529028.25
10,80,5,40.1,12398245.07
10,80,5,40.2,12738281.33
10,80,5,40.3,12241305.26
10,80,5,40.4,11482762.84
10,80,5,40.5,12084365.45
10,80,5,40.6,12345931.8
10,80,5,40.7,11822799.1
10,80,5,40.8,11351979.66
10,80,5,40.9,12424401.71
10,80,5,41,11953582.27
10,80,5,41.1,12058208.81
10,80,5,41.2,11351979.66
10,80,5,41.3,12450558.34
10,80,5,41.4,11718172.56
10,80,5,41.5,11692015.92
10,80,5,41.6,10855003.6
10,80,5,41.7,11038100.04
10,80,5,41.8,11508919.48
10,80,5,41.9,11718172.56
10,80,5,42,12816751.23
10,80,5,42.1,11299666.39
10,80,5,42.2,11718172.56
10,80,5,42.3,10645750.52
10,80,5,42.4,12345931.8
10,80,5,42.5,10384184.16
10,80,5,42.6,12162835.36
10,80,5,42.7,10750377.06
10,80,5,42.8,11142726.58
10,80,5,42.9,11273509.76
10,80,5,43,11535076.11
10,80,5,43.1,11168883.22
10,80,5,43.2,11247353.12
10,80,5,43.3,11508919.48
10,80,5,43.4,11195039.85
10,80,5,43.5,10776533.69
10,80,5,43.6,11613546.02
10,80,5,43.7,10671907.15
10,80,5,43.8,10698063.79
10,80,5,43.9,10881160.23
10,80,5,44,10358027.53
10,80,5,44.1,10410340.8
10,80,5,44.2,11116569.95
10,80,5,44.3,10907316.87
10,80,5,44.4,11953582.27
10,80,5,44.5,9704111.649
10,80,5,44.6,10698063.79
10,80,5,44.7,9651798.379
10,80,5,44.8,10462654.07
10,80,5,44.9,10514967.34
10,80,5,45,11351979.66
10,80,5,45.1,9521015.203
10,80,5,45.2,10044147.91
10,80,5,45.3,10044147.91
10,80,5,45.4,10148774.45
10,80,5,45.5,10096461.18
10,80,5,45.6,10645750.52
10,80,5,45.7,9494858.568
10,80,5,45.8,10017991.27
10,80,5,45.9,8840942.688
10,80,5,46,9599485.108
10,80,5,46.1,10358027.53
10,80,5,46.2,9939521.366
10,80,5,46.3,10514967.34
10,80,5,46.4,8814786.053
10,80,5,46.5,9233292.216
10,80,5,46.6,9311762.121
10,80,5,46.7,8867099.324
10,80,5,46.8,9259448.851
10,80,5,46.9,9599485.108
10,80,5,47,9285605.486
10,80,5,47.1,9154822.31
10,80,5,47.2,9965678.001
10,80,5,47.3,8840942.688
10,80,5,47.4,9704111.649
10,80,5,47.5,9547171.838
10,80,5,47.6,9704111.649
10,80,5,47.7,10436497.43
10,80,5,47.8,9233292.216
10,80,5,47.9,8919412.594
10,80,5,48,8500906.431
10,80,5,48.1,8500906.431
10,80,5,48.2,9024039.135
10,80,5,48.3,8239340.079
10,80,5,48.4,9416388.662
10,80,5,48.5,8840942.688
10,80,5,48.6,8710159.512
10,80,5,48.7,9547171.838
10,80,5,48.8,8605532.972
10,80,5,48.9,8579376.337
10,80,5,49,9416388.662
10,80,5,49.1,8919412.594
10,80,5,49.2,8840942.688
10,80,5,49.3,8736316.148
10,80,5,49.4,8474749.796
10,80,5,49.5,8605532.972
10,80,5,49.6,8971725.864
10,80,5,49.7,8239340.079
10,80,5,49.8,7506954.295
10,80,5,49.9,9808738.19
10,80,5,50,7899303.822
10,80,5,50.1,8474749.796
10,80,5,50.2,8030086.998
10,80,5,50.3,8605532.972
10,80,5,50.4,8317809.985
10,80,5,50.5,8265496.715
10,80,5,50.6,8788629.418
10,80,5,50.7,8527063.066
10,80,5,50.8,8317809.985
10,80,5,50.9,7611580.835
10,80,5,51,8239340.079
10,80,5,51.1,8213183.444
10,80,5,51.2,7899303.822
10,80,5,51.3,8030086.998
10,80,5,51.4,7559267.565
10,80,5,51.5,7454641.024
10,80,5,51.6,7219231.308
10,80,5,51.7,8291653.35
10,80,5,51.8,7506954.295
10,80,5,51.9,7480797.659
10,80,5,52,7925460.457
10,80,5,52.1,7480797.659
10,80,5,52.2,6983821.591
10,80,5,52.3,7271544.578
10,80,5,52.4,7428484.389
10,80,5,52.5,7690050.741
10,80,5,52.6,6983821.591
10,80,5,52.7,7166918.037
10,80,5,52.8,7376171.119
10,80,5,52.9,7350014.484
10,80,5,53,7114604.767
10,80,5,53.1,7062291.497
10,80,5,53.2,7323857.848
10,80,5,53.3,7663894.106
10,80,5,53.4,7925460.457
10,80,5,53.5,7350014.484
10,80,5,53.6,6905351.686
10,80,5,53.7,6382218.982
10,80,5,53.8,6800725.145
10,80,5,53.9,7166918.037
10,80,5,54,7245387.943
10,80,5,54.1,7088448.132
10,80,5,54.2,6669941.969
10,80,5,54.3,7088448.132
10,80,5,54.4,6774568.51
10,80,5,54.5,7376171.119
10,80,5,54.6,6120652.63
10,80,5,54.7,6931508.321
10,80,5,54.8,5780616.373
10,80,5,54.9,6957664.956
10,80,5,55,7166918.037
10,80,5,55.1,6225279.171
10,80,5,55.2,6565315.428
10,80,5,55.3,6826881.78
10,80,5,55.4,6277592.441
10,80,5,55.5,7245387.943
10,80,5,55.6,6853038.415
10,80,5,55.7,5859086.279
10,80,5,55.8,6643785.334
10,80,5,55.9,7271544.578
10,80,5,56,6669941.969
10,80,5,56.1,6408375.617
10,80,5,56.2,6434532.252
10,80,5,56.3,6251435.806
10,80,5,56.4,5859086.279
10,80,5,56.5,6591472.063
10,80,5,56.6,6748411.875
10,80,5,56.7,6513002.158
10,80,5,56.8,6774568.51
10,80,5,56.9,6356062.347
10,80,5,57,5754459.738
10,80,5,57.1,6329905.712
10,80,5,57.2,5440580.116
10,80,5,57.3,6329905.712
10,80,5,57.4,6277592.441
10,80,5,57.5,5963712.819
10,80,5,57.6,6434532.252
10,80,5,57.7,5675989.832
10,80,5,57.8,5649833.197
10,80,5,57.9,6329905.712
10,80,5,58,6565315.428
10,80,5,58.1,11482762.84
10,80,5,58.2,6068339.36
10,80,5,58.3,5780616.373
10,80,5,58.4,6356062.347
10,80,5,58.5,6146809.266
10,80,5,58.6,5675989.832
10,80,5,58.7,5649833.197
10,80,5,58.8,5388266.846
10,80,5,58.9,5571363.292
10,80,5,59,5257483.67
10,80,5,59.1,6120652.63
10,80,5,59.2,5989869.455
10,80,5,59.3,5388266.846
10,80,5,59.4,5048230.588
10,80,5,59.5,17080282.77
10,80,5,59.6,5205170.399
10,80,5,59.7,5806773.008
10,80,5,59.8,5780616.373
10,80,5,59.9,4917447.412
10,80,5,60,5362110.21
10,80,5,60.1,4394314.709
10,80,5,60.2,4655881.061
10,80,5,60.3,5179013.764
10,80,5,60.4,5179013.764
10,80,5,60.5,4760507.601
10,80,5,60.6,5545206.657
10,80,5,60.7,5283640.305
10,80,5,60.8,5466736.751
10,80,5,60.9,5519050.021
10,80,5,61,5231327.035
10,80,5,61.1,5283640.305
10,80,5,61.2,5231327.035
10,80,5,61.3,5257483.67
10,80,5,61.4,4838977.507
10,80,5,61.5,5623676.562
10,80,5,61.6,5100543.859
10,80,5,61.7,4969760.683
10,80,5,61.8,5492893.386
10,80,5,61.9,5283640.305
10,80,5,62,4525097.885
10,80,5,62.1,5335953.575
10,80,5,62.2,4943604.048
10,80,5,62.3,5466736.751
10,80,5,62.4,4211218.263
10,80,5,62.5,4812820.872
10,80,5,62.6,4760507.601
10,80,5,62.7,5074387.223
10,80,5,62.8,4786664.237
10,80,5,62.9,4315844.803
10,80,5,63,4812820.872
10,80,5,63.1,5179013.764
10,80,5,63.2,4028121.817
10,80,5,63.3,4263531.533
10,80,5,63.4,4786664.237
10,80,5,63.5,3818868.735
10,80,5,63.6,4838977.507
10,80,5,63.7,4289688.168
10,80,5,63.8,3897338.641
10,80,5,63.9,4420471.344
10,80,5,64,4917447.412
10,80,5,64.1,4420471.344
10,80,5,64.2,4525097.885
10,80,5,64.3,4551254.52
10,80,5,64.4,4969760.683
10,80,5,64.5,4315844.803
10,80,5,64.6,4054278.452
10,80,5,64.7,4028121.817
10,80,5,64.8,4289688.168
10,80,5,64.9,3975808.546
10,80,5,65,4342001.439
10,80,5,65.1,4028121.817
10,80,5,65.2,3818868.735
10,80,5,65.3,3635772.289
10,80,5,65.4,4420471.344
10,80,5,65.5,3975808.546
10,80,5,65.6,4132748.357
10,80,5,65.7,3661928.924
10,80,5,65.8,4394314.709
10,80,5,65.9,4263531.533
10,80,5,66,3792712.1
10,80,5,66.1,3845025.37
10,80,5,66.2,4263531.533
10,80,5,66.3,4001965.181
10,80,5,66.4,3635772.289
10,80,5,66.5,3949651.911
10,80,5,66.6,3609615.654
10,80,5,66.7,3452675.843
10,80,5,66.8,3557302.383
10,80,5,66.9,4237374.898
10,80,5,67,3714242.195
10,80,5,67.1,4342001.439
10,80,5,67.2,3688085.559
10,80,5,67.3,3034169.68
10,80,5,67.4,6016026.09
10,80,5,67.5,4028121.817
10,80,5,67.6,3557302.383
10,80,5,67.7,3818868.735
10,80,5,67.8,3478832.478
10,80,5,67.9,3400362.572
10,80,5,68,4132748.357
10,80,5,68.1,3923495.276
10,80,5,68.2,3949651.911
10,80,5,68.3,3348049.302
10,80,5,68.4,3086482.95
10,80,5,68.5,2929543.139
10,80,5,68.6,3008013.045
10,80,5,68.7,3478832.478
10,80,5,68.8,3897338.641
10,80,5,68.9,3400362.572
10,80,5,69,3661928.924
10,80,5,69.1,3635772.289
10,80,5,69.2,3792712.1
10,80,5,69.3,3295736.032
10,80,5,69.4,3609615.654
10,80,5,69.5,3583459.019
10,80,5,69.6,3060326.315
10,80,5,69.7,2720290.058
10,80,5,69.8,2615663.517
10,80,5,69.9,2824916.599
10,80,5,70,3008013.045
10,80,5,70.1,2981856.41
10,80,5,70.2,2484880.341
10,80,5,70.3,2798759.963
10,80,5,70.4,2851073.234
10,80,5,70.5,2667976.788
10,80,5,70.6,3112639.586
10,80,5,70.7,2955699.775
10,80,5,70.8,3295736.032
10,80,5,70.9,2851073.234
10,80,5,71,2406410.436
10,80,5,71.1,2824916.599
10,80,5,71.2,2118687.449
10,80,5,71.3,2406410.436
10,80,5,71.4,2746446.693
10,80,5,71.5,2458723.706
10,80,5,71.6,2615663.517
10,80,5,71.7,2380253.801
10,80,5,71.8,2275627.26
10,80,5,71.9,2511036.977
10,80,5,72,2432567.071
10,80,5,72.1,2354097.166
10,80,5,72.2,2615663.517
10,80,5,72.3,2223313.99
10,80,5,72.4,2720290.058
10,80,5,72.5,2458723.706
10,80,5,72.6,2380253.801
10,80,5,72.7,1752494.557
10,80,5,72.8,1935591.003
10,80,5,72.9,2223313.99
10,80,5,73,1961747.638
10,80,5,73.1,2458723.706
10,80,5,73.2,2249470.625
10,80,5,73.3,2092530.814
10,80,5,73.4,1987904.273
10,80,5,73.5,2458723.706
10,80,5,73.6,2040217.543
10,80,5,73.7,2144844.084
10,80,5,73.8,2406410.436
10,80,5,73.9,2327940.53
10,80,5,74,1595554.746
10,80,5,74.1,1752494.557
10,80,5,74.2,1883277.732
10,80,5,74.3,2171000.719
10,80,5,74.4,1961747.638
10,80,5,74.5,1804807.827
10,80,5,74.6,1752494.557
10,80,5,74.7,1857121.097
10,80,5,74.8,2171000.719
10,80,5,74.9,2171000.719
10,80,5,75,1517084.84
10,80,5,75.1,1778651.192
10,80,5,75.2,1517084.84
10,80,5,75.3,1830964.462
10,80,5,75.4,1621711.381
10,80,5,75.5,1621711.381
10,80,5,75.6,1595554.746
10,80,5,75.7,1569398.11
10,80,5,75.8,1674024.651
10,80,5,75.9,1229361.853
10,80,5,76,1438614.934
10,80,5,76.1,1020108.772
10,80,5,76.2,1412458.299
10,80,5,76.3,1464771.57
10,80,5,76.4,1307831.759
10,80,5,76.5,1203205.218
10,80,5,76.6,1517084.84
10,80,5,76.7,1412458.299
10,80,5,76.8,1412458.299
10,80,5,76.9,1674024.651
10,80,5,77,1229361.853
10,80,5,77.1,1438614.934
10,80,5,77.2,1438614.934
10,80,5,77.3,1150891.948
10,80,5,77.4,1150891.948
10,80,5,77.5,810855.6904
10,80,5,77.6,1046265.407
10,80,5,77.7,941638.8662
10,80,5,77.8,1177048.583
10,80,5,77.9,1098578.677
10,80,5,78,732385.7848
10,80,5,78.1,837012.3255
10,80,5,78.2,784699.0552
10,80,5,78.3,837012.3255
10,80,5,78.4,1098578.677
10,80,5,78.5,1177048.583
10,80,5,78.6,653915.8793
10,80,5,78.7,706229.1497
10,80,5,78.8,549289.3386
10,80,5,78.9,706229.1497
10,80,5,79,732385.7848
10,80,5,79.1,549289.3386
10,80,5,79.2,601602.609
10,80,5,79.3,392349.5276
10,80,5,79.4,575445.9738
10,80,5,79.5,601602.609
10,80,5,79.6,444662.7979
10,80,5,79.7,209253.0814
10,80,5,79.8,209253.0814
10,80,5,79.9,235409.7166
10,150,5,3.1,52053.00532
10,150,5,3.2,156159.016
10,150,5,3.3,208212.0213
10,150,5,3.4,364371.0372
10,150,5,3.5,624636.0638
10,150,5,3.6,468477.0479
10,150,5,3.7,676689.0691
10,150,5,3.8,884901.0904
10,150,5,3.9,1717749.176
10,150,5,4,1405431.144
10,150,5,4.1,2290332.234
10,150,5,4.2,3175233.324
10,150,5,4.3,3643710.372
10,150,5,4.4,5153247.527
10,150,5,4.5,5413512.553
10,150,5,4.6,6350466.649
10,150,5,4.7,7339473.75
10,150,5,4.8,6975102.713
10,150,5,4.9,8744904.894
10,150,5,5,10670866.09
10,150,5,5.1,10879078.11
10,150,5,5.2,13429675.37
10,150,5,5.3,13741993.4
10,150,5,5.4,16084378.64
10,150,5,5.5,18114445.85
10,150,5,5.6,19363717.98
10,150,5,5.7,19051399.95
10,150,5,5.8,23267693.38
10,150,5,5.9,24256700.48
10,150,5,6,25297760.58
10,150,5,6.1,25037495.56
10,150,5,6.2,29774319.04
10,150,5,6.3,28785311.94
10,150,5,6.4,31856439.25
10,150,5,6.5,33522135.43
10,150,5,6.6,35604255.64
10,150,5,6.7,33105711.38
10,150,5,6.8,36437103.72
10,150,5,6.9,38519223.94
10,150,5,7,38779488.96
10,150,5,7.1,41017768.19
10,150,5,7.2,42683464.36
10,150,5,7.3,43672471.46
10,150,5,7.4,144603248.8
10,150,5,7.5,48461347.95
10,150,5,7.6,50127044.12
10,150,5,7.7,51532475.27
10,150,5,7.8,52365323.35
10,150,5,7.9,56425457.77
10,150,5,8,55280291.65
10,150,5,8.1,56789828.8
10,150,5,8.2,59600691.09
10,150,5,8.3,306644254.3
10,150,5,8.4,2273935537
10,150,5,8.5,60069168.14
10,150,5,8.6,63244401.46
10,150,5,8.7,64962150.64
10,150,5,8.8,96818589.89
10,150,5,8.9,63921090.53
10,150,5,9,64858044.63
10,150,5,9.1,69490762.1
10,150,5,9.2,67096323.86
10,150,5,9.3,67096323.86
10,150,5,9.4,68970232.05
10,150,5,9.5,162925906.6
10,150,5,9.6,105563494.8
10,150,5,9.7,1485957143
10,150,5,9.8,188952409.3
10,150,5,9.9,135181654.8
10,150,5,10,640199912.4
10,150,5,10.1,77767189.95
10,150,5,10.2,83701232.55
10,150,5,10.3,42579358.35
10,150,5,10.4,40132867.1
10,150,5,10.5,40028761.09
10,150,5,10.6,45338167.63
10,150,5,10.7,43099888.4
10,150,5,10.8,45025849.6
10,150,5,10.9,43099888.4
10,150,5,11,51532475.27
10,150,5,11.1,43256047.42
10,150,5,11.2,45650485.66
10,150,5,11.3,250374955.6
10,150,5,11.4,47212075.82
10,150,5,11.5,48253135.93
10,150,5,11.6,53094065.42
10,150,5,11.7,56581616.78
10,150,5,11.8,39143860
10,150,5,11.9,37686375.85
10,150,5,12,46587439.76
10,150,5,12.1,36853527.77
10,150,5,12.2,34979619.57
10,150,5,12.3,36801474.76
10,150,5,12.4,35031672.58
10,150,5,12.5,36853527.77
10,150,5,12.6,36801474.76
10,150,5,12.7,37530216.83
10,150,5,12.8,38154852.9
10,150,5,12.9,36801474.76
10,150,5,13,39039753.99
10,150,5,13.1,38206905.9
10,150,5,13.2,42058828.3
10,150,5,13.3,38467170.93
10,150,5,13.4,39247966.01
10,150,5,13.5,40236973.11
10,150,5,13.6,40965715.19
10,150,5,13.7,40445185.13
10,150,5,13.8,39560284.04
10,150,5,13.9,40809556.17
10,150,5,14,41382139.23
10,150,5,14.1,40497238.14
10,150,5,14.2,40705450.16
10,150,5,14.3,39300019.02
10,150,5,14.4,43568365.45
10,150,5,14.5,42943729.39
10,150,5,14.6,39976708.08
10,150,5,14.7,41746510.27
10,150,5,14.8,41850616.28
10,150,5,14.9,41278033.22
10,150,5,15,39872602.07
10,150,5,15.1,42631411.36
10,150,5,15.2,43672471.46
10,150,5,15.3,39143860
10,150,5,15.4,41590351.25
10,150,5,15.5,40913662.18
10,150,5,15.6,43932736.49
10,150,5,15.7,43620418.46
10,150,5,15.8,42683464.36
10,150,5,15.9,43412206.44
10,150,5,16,39768496.06
10,150,5,16.1,42995782.39
10,150,5,16.2,42006775.29
10,150,5,16.3,40601344.15
10,150,5,16.4,42787570.37
10,150,5,16.5,42475252.34
10,150,5,16.6,42631411.36
10,150,5,16.7,41173927.21
10,150,5,16.8,41746510.27
10,150,5,16.9,43620418.46
10,150,5,17,43464259.44
10,150,5,17.1,41798563.27
10,150,5,17.2,42267040.32
10,150,5,17.3,44297107.53
10,150,5,17.4,43308100.43
10,150,5,17.5,45650485.66
10,150,5,17.6,42267040.32
10,150,5,17.7,44609425.56
10,150,5,17.8,42058828.3
10,150,5,17.9,40445185.13
10,150,5,18,42839623.38
10,150,5,18.1,42371146.33
10,150,5,18.2,45234061.62
10,150,5,18.3,42006775.29
10,150,5,18.4,43203994.41
10,150,5,18.5,42214987.31
10,150,5,18.6,44505319.55
10,150,5,18.7,43620418.46
10,150,5,18.8,43099888.4
10,150,5,18.9,41538298.24
10,150,5,19,43620418.46
10,150,5,19.1,43880683.48
10,150,5,19.2,41017768.19
10,150,5,19.3,44140948.51
10,150,5,19.4,42110881.3
10,150,5,19.5,41434192.23
10,150,5,19.6,41954722.29
10,150,5,19.7,40549291.14
10,150,5,19.8,44140948.51
10,150,5,19.9,40757503.16
10,150,5,20,43828630.48
10,150,5,20.1,43672471.46
10,150,5,20.2,42787570.37
10,150,5,20.3,42527305.35
10,150,5,20.4,43308100.43
10,150,5,20.5,43724524.47
10,150,5,20.6,44036842.5
10,150,5,20.7,41538298.24
10,150,5,20.8,43412206.44
10,150,5,20.9,40132867.1
10,150,5,21,41017768.19
10,150,5,21.1,42475252.34
10,150,5,21.2,42110881.3
10,150,5,21.3,40705450.16
10,150,5,21.4,38519223.94
10,150,5,21.5,42683464.36
10,150,5,21.6,39039753.99
10,150,5,21.7,39664390.05
10,150,5,21.8,40653397.15
10,150,5,21.9,40289026.12
10,150,5,22,41225980.21
10,150,5,22.1,36905580.77
10,150,5,22.2,40809556.17
10,150,5,22.3,40861609.18
10,150,5,22.4,39716443.06
10,150,5,22.5,40965715.19
10,150,5,22.6,38363064.92
10,150,5,22.7,41954722.29
10,150,5,22.8,40861609.18
10,150,5,22.9,39716443.06
10,150,5,23,38727435.96
10,150,5,23.1,40393132.13
10,150,5,23.2,39091806.99
10,150,5,23.3,36801474.76
10,150,5,23.4,36541209.73
10,150,5,23.5,39560284.04
10,150,5,23.6,37322004.81
10,150,5,23.7,39404125.03
10,150,5,23.8,37374057.82
10,150,5,23.9,38415117.93
10,150,5,24,38415117.93
10,150,5,24.1,38363064.92
10,150,5,24.2,38987700.98
10,150,5,24.3,38154852.9
10,150,5,24.4,36176838.7
10,150,5,24.5,39091806.99
10,150,5,24.6,35812467.66
10,150,5,24.7,35604255.64
10,150,5,24.8,37894587.87
10,150,5,24.9,35812467.66
10,150,5,25,34667301.54
10,150,5,25.1,37634322.85
10,150,5,25.2,38206905.9
10,150,5,25.3,38050746.89
10,150,5,25.4,38363064.92
10,150,5,25.5,37322004.81
10,150,5,25.6,34719354.55
10,150,5,25.7,36697368.75
10,150,5,25.8,37217898.8
10,150,5,25.9,36176838.7
10,150,5,26,39195913
10,150,5,26.1,38206905.9
10,150,5,26.2,35604255.64
10,150,5,26.3,33834453.46
10,150,5,26.4,35500149.63
10,150,5,26.5,37426110.82
10,150,5,26.6,33834453.46
10,150,5,26.7,36176838.7
10,150,5,26.8,35343990.61
10,150,5,26.9,33626241.44
10,150,5,27,34563195.53
10,150,5,27.1,35135778.59
10,150,5,27.2,35343990.61
10,150,5,27.3,33886506.46
10,150,5,27.4,36020679.68
10,150,5,27.5,34094718.48
10,150,5,27.6,33886506.46
10,150,5,27.7,31752333.24
10,150,5,27.8,32793393.35
10,150,5,27.9,32533128.32
10,150,5,28,31127697.18
10,150,5,28.1,34563195.53
10,150,5,28.2,32064651.28
10,150,5,28.3,32637234.33
10,150,5,28.4,34875513.56
10,150,5,28.5,34823460.56
10,150,5,28.6,35291937.61
10,150,5,28.7,33365976.41
10,150,5,28.8,33782400.45
10,150,5,28.9,33001605.37
10,150,5,29,33938559.47
10,150,5,29.1,32637234.33
10,150,5,29.2,32637234.33
10,150,5,29.3,33782400.45
10,150,5,29.4,30711273.14
10,150,5,29.5,32585181.33
10,150,5,29.6,31127697.18
10,150,5,29.7,32897499.36
10,150,5,29.8,30659220.13
10,150,5,29.9,33990612.47
10,150,5,30,29462001.01
10,150,5,30.1,33157764.39
10,150,5,30.2,32376969.31
10,150,5,30.3,30971538.16
10,150,5,30.4,29357895
10,150,5,30.5,30555114.12
10,150,5,30.6,32585181.33
10,150,5,30.7,30451008.11
10,150,5,30.8,30503061.12
10,150,5,30.9,29878425.05
10,150,5,31,30190743.08
10,150,5,31.1,30086637.07
10,150,5,31.2,30711273.14
10,150,5,31.3,30346902.1
10,150,5,31.4,29878425.05
10,150,5,31.5,29930478.06
10,150,5,31.6,28316834.89
10,150,5,31.7,32324916.3
10,150,5,31.8,27640145.82
10,150,5,31.9,29149682.98
10,150,5,32,31179750.19
10,150,5,32.1,30503061.12
10,150,5,32.2,29982531.06
10,150,5,32.3,29930478.06
10,150,5,32.4,28160675.88
10,150,5,32.5,27640145.82
10,150,5,32.6,29566107.02
10,150,5,32.7,25974449.65
10,150,5,32.8,28160675.88
10,150,5,32.9,29982531.06
10,150,5,33,28837364.95
10,150,5,33.1,27640145.82
10,150,5,33.2,30138690.08
10,150,5,33.3,28993523.96
10,150,5,33.4,28368887.9
10,150,5,33.5,27588092.82
10,150,5,33.6,27796304.84
10,150,5,33.7,30919485.16
10,150,5,33.8,28420940.9
10,150,5,33.9,28264781.89
10,150,5,34,29462001.01
10,150,5,34.1,28941470.96
10,150,5,34.2,26963456.76
10,150,5,34.3,28889417.95
10,150,5,34.4,28056569.87
10,150,5,34.5,27744251.83
10,150,5,34.6,27223721.78
10,150,5,34.7,25974449.65
10,150,5,34.8,23996435.45
10,150,5,34.9,25349813.59
10,150,5,35,26807297.74
10,150,5,35.1,25089548.56
10,150,5,35.2,26338820.69
10,150,5,35.3,25974449.65
10,150,5,35.4,26338820.69
10,150,5,35.5,26911403.75
10,150,5,35.6,27379880.8
10,150,5,35.7,25037495.56
10,150,5,35.8,24048488.46
10,150,5,35.9,26547032.71
10,150,5,36,28316834.89
10,150,5,36.1,25766237.63
10,150,5,36.2,27431933.8
10,150,5,36.3,25401866.6
10,150,5,36.4,29566107.02
10,150,5,36.5,26234714.68
10,150,5,36.6,24829283.54
10,150,5,36.7,26026502.66
10,150,5,36.8,24360806.49
10,150,5,36.9,24933389.55
10,150,5,37,27640145.82
10,150,5,37.1,25505972.61
10,150,5,37.2,24308753.48
10,150,5,37.3,25401866.6
10,150,5,37.4,25245707.58
10,150,5,37.5,24621071.52
10,150,5,37.6,23267693.38
10,150,5,37.7,25922396.65
10,150,5,37.8,26547032.71
10,150,5,37.9,22278686.28
10,150,5,38,23059481.36
10,150,5,38.1,24308753.48
10,150,5,38.2,23840276.44
10,150,5,38.3,24100541.46
10,150,5,38.4,23944382.45
10,150,5,38.5,24048488.46
10,150,5,38.6,25193654.57
10,150,5,38.7,26026502.66
10,150,5,38.8,24933389.55
10,150,5,38.9,23475905.4
10,150,5,39,22122527.26
10,150,5,39.1,23996435.45
10,150,5,39.2,23059481.36
10,150,5,39.3,24464912.5
10,150,5,39.4,22330739.28
10,150,5,39.5,21654050.21
10,150,5,39.6,22643057.31
10,150,5,39.7,21966368.24
10,150,5,39.8,22799216.33
10,150,5,39.9,23423852.39
10,150,5,40,24621071.52
10,150,5,40.1,23111534.36
10,150,5,40.2,23163587.37
10,150,5,40.3,21654050.21
10,150,5,40.4,22747163.32
10,150,5,40.5,22434845.29
10,150,5,40.6,22174580.27
10,150,5,40.7,22434845.29
10,150,5,40.8,21601997.21
10,150,5,40.9,23371799.39
10,150,5,41,23059481.36
10,150,5,41.1,22434845.29
10,150,5,41.2,21237626.17
10,150,5,41.3,21654050.21
10,150,5,41.4,24777230.53
10,150,5,41.5,23371799.39
10,150,5,41.6,21081467.15
10,150,5,41.7,22018421.25
10,150,5,41.8,22070474.26
10,150,5,41.9,23163587.37
10,150,5,42,21654050.21
10,150,5,42.1,21393785.19
10,150,5,42.2,19363717.98
10,150,5,42.3,20404778.08
10,150,5,42.4,19467823.99
10,150,5,42.5,19519876.99
10,150,5,42.6,20560937.1
10,150,5,42.7,21185573.16
10,150,5,42.8,21393785.19
10,150,5,42.9,21185573.16
10,150,5,43,17854180.82
10,150,5,43.1,19832195.03
10,150,5,43.2,21706103.22
10,150,5,43.3,19988354.04
10,150,5,43.4,19415770.98
10,150,5,43.5,19467823.99
10,150,5,43.6,20404778.08
10,150,5,43.7,21654050.21
10,150,5,43.8,20404778.08
10,150,5,43.9,20248619.07
10,150,5,44,19676036.01
10,150,5,44.1,20560937.1
10,150,5,44.2,19259611.97
10,150,5,44.3,19936301.04
10,150,5,44.4,20717096.12
10,150,5,44.5,20612990.11
10,150,5,44.6,21289679.18
10,150,5,44.7,19103452.95
10,150,5,44.8,20352725.08
10,150,5,44.9,20560937.1
10,150,5,45,20456831.09
10,150,5,45.1,19832195.03
10,150,5,45.2,20769149.12
10,150,5,45.3,18010339.84
10,150,5,45.4,20508884.1
10,150,5,45.5,19259611.97
10,150,5,45.6,20092460.05
10,150,5,45.7,21029414.15
10,150,5,45.8,19884248.03
10,150,5,45.9,19988354.04
10,150,5,46,20769149.12
10,150,5,46.1,20144513.06
10,150,5,46.2,19259611.97
10,150,5,46.3,19155505.96
10,150,5,46.4,19311664.97
10,150,5,46.5,21081467.15
10,150,5,46.6,18010339.84
10,150,5,46.7,18426763.88
10,150,5,46.8,19832195.03
10,150,5,46.9,19207558.96
10,150,5,47,17802127.82
10,150,5,47.1,18374710.88
10,150,5,47.2,18843187.93
10,150,5,47.3,18999346.94
10,150,5,47.4,18999346.94
10,150,5,47.5,17750074.81
10,150,5,47.6,18687028.91
10,150,5,47.7,18270604.87
10,150,5,47.8,18895240.93
10,150,5,47.9,19988354.04
10,150,5,48,19051399.95
10,150,5,48.1,19571930
10,150,5,48.2,16761067.71
10,150,5,48.3,17802127.82
10,150,5,48.4,18530869.89
10,150,5,48.5,17073385.74
10,150,5,48.6,18010339.84
10,150,5,48.7,17437756.78
10,150,5,48.8,19936301.04
10,150,5,48.9,17541862.79
10,150,5,49,18530869.89
10,150,5,49.1,18843187.93
10,150,5,49.2,17125438.75
10,150,5,49.3,18114445.85
10,150,5,49.4,16292590.66
10,150,5,49.5,17437756.78
10,150,5,49.6,18218551.86
10,150,5,49.7,18687028.91
10,150,5,49.8,19884248.03
10,150,5,49.9,18322657.87
10,150,5,50,17489809.79
10,150,5,50.1,15511795.58
10,150,5,50.2,18739081.91
10,150,5,50.3,17281597.77
10,150,5,50.4,16552855.69
10,150,5,50.5,17437756.78
10,150,5,50.6,15667954.6
10,150,5,50.7,18895240.93
10,150,5,50.8,15667954.6
10,150,5,50.9,16136431.65
10,150,5,51,17698021.81
10,150,5,51.1,18426763.88
10,150,5,51.2,17177491.76
10,150,5,51.3,16344643.67
10,150,5,51.4,17229544.76
10,150,5,51.5,16552855.69
10,150,5,51.6,16761067.71
10,150,5,51.7,16136431.65
10,150,5,51.8,17593915.8
10,150,5,51.9,17177491.76
10,150,5,52,17593915.8
10,150,5,52.1,16396696.68
10,150,5,52.2,14314576.46
10,150,5,52.3,15980272.63
10,150,5,52.4,16396696.68
10,150,5,52.5,16136431.65
10,150,5,52.6,14939212.53
10,150,5,52.7,15563848.59
10,150,5,52.8,15199477.55
10,150,5,52.9,15720007.61
10,150,5,53,17698021.81
10,150,5,53.1,14418682.47
10,150,5,53.2,15720007.61
10,150,5,53.3,14991265.53
10,150,5,53.4,15407689.57
10,150,5,53.5,15667954.6
10,150,5,53.6,16813120.72
10,150,5,53.7,15876166.62
10,150,5,53.8,15928219.63
10,150,5,53.9,15772060.61
10,150,5,54,14939212.53
10,150,5,54.1,15355636.57
10,150,5,54.2,13481728.38
10,150,5,54.3,13950205.43
10,150,5,54.4,14470735.48
10,150,5,54.5,14678947.5
10,150,5,54.6,15563848.59
10,150,5,54.7,15876166.62
10,150,5,54.8,15251530.56
10,150,5,54.9,15095371.54
10,150,5,55,14522788.48
10,150,5,55.1,15772060.61
10,150,5,55.2,14054311.44
10,150,5,55.3,14783053.51
10,150,5,55.4,14210470.45
10,150,5,55.5,15667954.6
10,150,5,55.6,14470735.48
10,150,5,55.7,14783053.51
10,150,5,55.8,16292590.66
10,150,5,55.9,15303583.56
10,150,5,56,12388615.27
10,150,5,56.1,15928219.63
10,150,5,56.2,15720007.61
10,150,5,56.3,16656961.7
10,150,5,56.4,16448749.68
10,150,5,56.5,14262523.46
10,150,5,56.6,15615901.6
10,150,5,56.7,14783053.51
10,150,5,56.8,14158417.45
10,150,5,56.9,13429675.37
10,150,5,57,13221463.35
10,150,5,57.1,14418682.47
10,150,5,57.2,14210470.45
10,150,5,57.3,13273516.36
10,150,5,57.4,14470735.48
10,150,5,57.5,13481728.38
10,150,5,57.6,14158417.45
10,150,5,57.7,13950205.43
10,150,5,57.8,14210470.45
10,150,5,57.9,13481728.38
10,150,5,58,15563848.59
10,150,5,58.1,154128948.7
10,150,5,58.2,12700933.3
10,150,5,58.3,13950205.43
10,150,5,58.4,13846099.41
10,150,5,58.5,13325569.36
10,150,5,58.6,13950205.43
10,150,5,58.7,16032325.64
10,150,5,58.8,13637887.39
10,150,5,58.9,13117357.34
10,150,5,59,13898152.42
10,150,5,59.1,12544774.28
10,150,5,59.2,14262523.46
10,150,5,59.3,13481728.38
10,150,5,59.4,13429675.37
10,150,5,59.5,250635220.6
10,150,5,59.6,14158417.45
10,150,5,59.7,13221463.35
10,150,5,59.8,12492721.28
10,150,5,59.9,14678947.5
10,150,5,60,12752986.3
10,150,5,60.1,14158417.45
10,150,5,60.2,12648880.29
10,150,5,60.3,13169410.35
10,150,5,60.4,12648880.29
10,150,5,60.5,14210470.45
10,150,5,60.6,14418682.47
10,150,5,60.7,13013251.33
10,150,5,60.8,14470735.48
10,150,5,60.9,11191396.14
10,150,5,61,14106364.44
10,150,5,61.1,12752986.3
10,150,5,61.2,13741993.4
10,150,5,61.3,13794046.41
10,150,5,61.4,11659873.19
10,150,5,61.5,13689940.4
10,150,5,61.6,12805039.31
10,150,5,61.7,11972191.22
10,150,5,61.8,11920138.22
10,150,5,61.9,12128350.24
10,150,5,62,12700933.3
10,150,5,62.1,12700933.3
10,150,5,62.2,13846099.41
10,150,5,62.3,11816032.21
10,150,5,62.4,13533781.38
10,150,5,62.5,11139343.14
10,150,5,62.6,12440668.27
10,150,5,62.7,12232456.25
10,150,5,62.8,12388615.27
10,150,5,62.9,12128350.24
10,150,5,63,14470735.48
10,150,5,63.1,12024244.23
10,150,5,63.2,12544774.28
10,150,5,63.3,13065304.33
10,150,5,63.4,11816032.21
10,150,5,63.5,13585834.39
10,150,5,63.6,11868085.21
10,150,5,63.7,13533781.38
10,150,5,63.8,11503714.18
10,150,5,63.9,11503714.18
10,150,5,64,10618813.08
10,150,5,64.1,11763979.2
10,150,5,64.2,13481728.38
10,150,5,64.3,12024244.23
10,150,5,64.4,11347555.16
10,150,5,64.5,12180403.24
10,150,5,64.6,13273516.36
10,150,5,64.7,12388615.27
10,150,5,64.8,12492721.28
10,150,5,64.9,12700933.3
10,150,5,65,13065304.33
10,150,5,65.1,11035237.13
10,150,5,65.2,11659873.19
10,150,5,65.3,12805039.31
10,150,5,65.4,10514707.07
10,150,5,65.5,11659873.19
10,150,5,65.6,11295502.15
10,150,5,65.7,11868085.21
10,150,5,65.8,10931131.12
10,150,5,65.9,11816032.21
10,150,5,66,12180403.24
10,150,5,66.1,9942124.016
10,150,5,66.2,10150336.04
10,150,5,66.3,11451661.17
10,150,5,66.4,10983184.12
10,150,5,66.5,12128350.24
10,150,5,66.6,11087290.13
10,150,5,66.7,10670866.09
10,150,5,66.8,10618813.08
10,150,5,66.9,12128350.24
10,150,5,67,10670866.09
10,150,5,67.1,36957633.78
10,150,5,67.2,10306495.05
10,150,5,67.3,10670866.09
10,150,5,67.4,63712878.51
10,150,5,67.5,12752986.3
10,150,5,67.6,11347555.16
10,150,5,67.7,11399608.16
10,150,5,67.8,11972191.22
10,150,5,67.9,12128350.24
10,150,5,68,11763979.2
10,150,5,68.1,11399608.16
10,150,5,68.2,11555767.18
10,150,5,68.3,10670866.09
10,150,5,68.4,11191396.14
10,150,5,68.5,10306495.05
10,150,5,68.6,9109275.931
10,150,5,68.7,9317487.952
10,150,5,68.8,9525699.973
10,150,5,68.9,11555767.18
10,150,5,69,10410601.06
10,150,5,69.1,9733911.995
10,150,5,69.2,17489809.79
10,150,5,69.3,22278686.28
10,150,5,69.4,12284509.26
10,150,5,69.5,12961198.32
10,150,5,69.6,11711926.2
10,150,5,69.7,9629805.984
10,150,5,69.8,10983184.12
10,150,5,69.9,11243449.15
10,150,5,70,10462654.07
10,150,5,70.1,9109275.931
10,150,5,70.2,11035237.13
10,150,5,70.3,10202389.04
10,150,5,70.4,10462654.07
10,150,5,70.5,9109275.931
10,150,5,70.6,10722919.1
10,150,5,70.7,9838018.005
10,150,5,70.8,10098283.03
10,150,5,70.9,9942124.016
10,150,5,71,9785965
10,150,5,71.1,8796957.899
10,150,5,71.2,11087290.13
10,150,5,71.3,9733911.995
10,150,5,71.4,11295502.15
10,150,5,71.5,9629805.984
10,150,5,71.6,10046230.03
10,150,5,71.7,9369540.957
10,150,5,71.8,9577752.979
10,150,5,71.9,10410601.06
10,150,5,72,9213381.941
10,150,5,72.1,9890071.011
10,150,5,72.2,9005169.92
10,150,5,72.3,9994177.021
10,150,5,72.4,10254442.05
10,150,5,72.5,8380533.856
10,150,5,72.6,10566760.08
10,150,5,72.7,9525699.973
10,150,5,72.8,10098283.03
10,150,5,72.9,8588745.878
10,150,5,73,8536692.872
10,150,5,73.1,9890071.011
10,150,5,73.2,9057222.925
10,150,5,73.3,9213381.941
10,150,5,73.4,10931131.12
10,150,5,73.5,9890071.011
10,150,5,73.6,10410601.06
10,150,5,73.7,8692851.888
10,150,5,73.8,8744904.894
10,150,5,73.9,9369540.957
10,150,5,74,10150336.04
10,150,5,74.1,10254442.05
10,150,5,74.2,9057222.925
10,150,5,74.3,9838018.005
10,150,5,74.4,9942124.016
10,150,5,74.5,9890071.011
10,150,5,74.6,8536692.872
10,150,5,74.7,9421593.963
10,150,5,74.8,8849010.904
10,150,5,74.9,7912056.808
10,150,5,75,9577752.979
10,150,5,75.1,8380533.856
10,150,5,75.2,7807950.798
10,150,5,75.3,9629805.984
10,150,5,75.4,9369540.957
10,150,5,75.5,9213381.941
10,150,5,75.6,8901063.909
10,150,5,75.7,8536692.872
10,150,5,75.8,7755897.792
10,150,5,75.9,9473646.968
10,150,5,76,9317487.952
10,150,5,76.1,7964109.814
10,150,5,76.2,8796957.899
10,150,5,76.3,9525699.973
10,150,5,76.4,8640798.883
10,150,5,76.5,9005169.92
10,150,5,76.6,8172321.835
10,150,5,76.7,8953116.915
10,150,5,76.8,8692851.888
10,150,5,76.9,8744904.894
10,150,5,77,8744904.894
10,150,5,77.1,9057222.925
10,150,5,77.2,9577752.979
10,150,5,77.3,8380533.856
10,150,5,77.4,9109275.931
10,150,5,77.5,8328480.851
10,150,5,77.6,8692851.888
10,150,5,77.7,9577752.979
10,150,5,77.8,9161328.936
10,150,5,77.9,8068215.824
10,150,5,78,9629805.984
10,150,5,78.1,7599738.777
10,150,5,78.2,8588745.878
10,150,5,78.3,9369540.957
10,150,5,78.4,8536692.872
10,150,5,78.5,8276427.846
10,150,5,78.6,8953116.915
10,150,5,78.7,8536692.872
10,150,5,78.8,9317487.952
10,150,5,78.9,8328480.851
10,150,5,79,7703844.787
10,150,5,79.1,8068215.824
10,150,5,79.2,8588745.878
10,150,5,79.3,8172321.835
10,150,5,79.4,8120268.83
10,150,5,79.5,8849010.904
10,150,5,79.6,7912056.808
10,150,5,79.7,6870996.702
10,150,5,79.8,7547685.771
10,150,5,79.9,8068215.824
10,150,5,80,7339473.75
10,150,5,80.1,8224374.84
10,150,5,80.2,8432586.862
10,150,5,80.3,8953116.915
10,150,5,80.4,8953116.915
10,150,5,80.5,8640798.883
10,150,5,80.6,8276427.846
10,150,5,80.7,7807950.798
10,150,5,80.8,9057222.925
10,150,5,80.9,8016162.819
10,150,5,81,9213381.941
10,150,5,81.1,8224374.84
10,150,5,81.2,7079208.723
10,150,5,81.3,8484639.867
10,150,5,81.4,7027155.718
10,150,5,81.5,9057222.925
10,150,5,81.6,8484639.867
10,150,5,81.7,7599738.777
10,150,5,81.8,7755897.792
10,150,5,81.9,7807950.798
10,150,5,82,8640798.883
10,150,5,82.1,7443579.761
10,150,5,82.2,8016162.819
10,150,5,82.3,8172321.835
10,150,5,82.4,6923049.707
10,150,5,82.5,7807950.798
10,150,5,82.6,8016162.819
10,150,5,82.7,7391526.755
10,150,5,82.8,7807950.798
10,150,5,82.9,7183314.734
10,150,5,83,7495632.766
10,150,5,83.1,9525699.973
10,150,5,83.2,7547685.771
10,150,5,83.3,7547685.771
10,150,5,83.4,7079208.723
10,150,5,83.5,7912056.808
10,150,5,83.6,8484639.867
10,150,5,83.7,6506625.665
10,150,5,83.8,7547685.771
10,150,5,83.9,6506625.665
10,150,5,84,8588745.878
10,150,5,84.1,6870996.702
10,150,5,84.2,6870996.702
10,150,5,84.3,8484639.867
10,150,5,84.4,7339473.75
10,150,5,84.5,6350466.649
10,150,5,84.6,6923049.707
10,150,5,84.7,7027155.718
10,150,5,84.8,8016162.819
10,150,5,84.9,7495632.766
10,150,5,85,7860003.803
10,150,5,85.1,8953116.915
10,150,5,85.2,6923049.707
10,150,5,85.3,5986095.612
10,150,5,85.4,8744904.894
10,150,5,85.5,7860003.803
10,150,5,85.6,7912056.808
10,150,5,85.7,5934042.606
10,150,5,85.8,6662784.681
10,150,5,85.9,8172321.835
10,150,5,86,6975102.713
10,150,5,86.1,8380533.856
10,150,5,86.2,7755897.792
10,150,5,86.3,6714837.686
10,150,5,86.4,6923049.707
10,150,5,86.5,7391526.755
10,150,5,86.6,6038148.617
10,150,5,86.7,7287420.745
10,150,5,86.8,7339473.75
10,150,5,86.9,7495632.766
10,150,5,87,7131261.729
10,150,5,87.1,6923049.707
10,150,5,87.2,7912056.808
10,150,5,87.3,6662784.681
10,150,5,87.4,7183314.734
10,150,5,87.5,8120268.83
10,150,5,87.6,6975102.713
10,150,5,87.7,7703844.787
10,150,5,87.8,6923049.707
10,150,5,87.9,7391526.755
10,150,5,88,7287420.745
10,150,5,88.1,6506625.665
10,150,5,88.2,8016162.819
10,150,5,88.3,7131261.729
10,150,5,88.4,7027155.718
10,150,5,88.5,6142254.628
10,150,5,88.6,6923049.707
10,150,5,88.7,7912056.808
10,150,5,88.8,6090201.622
10,150,5,88.9,7339473.75
10,150,5,89,5881989.601
10,150,5,89.1,6923049.707
10,150,5,89.2,6870996.702
10,150,5,89.3,6975102.713
10,150,5,89.4,6298413.644
10,150,5,89.5,7027155.718
10,150,5,89.6,6090201.622
10,150,5,89.7,5986095.612
10,150,5,89.8,6714837.686
10,150,5,89.9,6662784.681
10,150,5,90,7235367.739
10,150,5,90.1,7339473.75
10,150,5,90.2,5829936.596
10,150,5,90.3,6610731.675
10,150,5,90.4,6818943.697
10,150,5,90.5,6558678.67
10,150,5,90.6,6194307.633
10,150,5,90.7,6454572.66
10,150,5,90.8,7235367.739
10,150,5,90.9,6506625.665
10,150,5,91,5517618.564
10,150,5,91.1,6142254.628
10,150,5,91.2,7131261.729
10,150,5,91.3,6818943.697
10,150,5,91.4,5881989.601
10,150,5,91.5,6454572.66
10,150,5,91.6,6818943.697
10,150,5,91.7,6402519.654
10,150,5,91.8,6558678.67
10,150,5,91.9,5673777.58
10,150,5,92,5621724.574
10,150,5,92.1,7027155.718
10,150,5,92.2,6402519.654
10,150,5,92.3,6454572.66
10,150,5,92.4,6142254.628
10,150,5,92.5,6506625.665
10,150,5,92.6,6923049.707
10,150,5,92.7,6194307.633
10,150,5,92.8,7131261.729
10,150,5,92.9,6194307.633
10,150,5,93,5881989.601
10,150,5,93.1,6246360.638
10,150,5,93.2,6402519.654
10,150,5,93.3,6662784.681
10,150,5,93.4,5777883.59
10,150,5,93.5,6766890.691
10,150,5,93.6,5934042.606
10,150,5,93.7,5517618.564
10,150,5,93.8,7079208.723
10,150,5,93.9,6142254.628
10,150,5,94,6714837.686
10,150,5,94.1,5569671.569
10,150,5,94.2,5986095.612
10,150,5,94.3,4945035.505
10,150,5,94.4,8536692.872
10,150,5,94.5,6246360.638
10,150,5,94.6,7235367.739
10,150,5,94.7,6975102.713
10,150,5,94.8,5777883.59
10,150,5,94.9,6662784.681
10,150,5,95,6975102.713
10,150,5,95.1,4736823.484
10,150,5,95.2,7183314.734
10,150,5,95.3,5725830.585
10,150,5,95.4,6975102.713
10,150,5,95.5,6818943.697
10,150,5,95.6,6558678.67
10,150,5,95.7,5829936.596
10,150,5,95.8,5465565.558
10,150,5,95.9,6454572.66
10,150,5,96,6714837.686
10,150,5,96.1,4684770.479
10,150,5,96.2,5517618.564
10,150,5,96.3,6090201.622
10,150,5,96.4,5986095.612
10,150,5,96.5,5725830.585
10,150,5,96.6,6454572.66
10,150,5,96.7,5829936.596
10,150,5,96.8,6402519.654
10,150,5,96.9,5413512.553
10,150,5,97,5725830.585
10,150,5,97.1,7027155.718
10,150,5,97.2,6454572.66
10,150,5,97.3,6662784.681
10,150,5,97.4,5569671.569
10,150,5,97.5,5881989.601
10,150,5,97.6,5673777.58
10,150,5,97.7,6142254.628
10,150,5,97.8,6454572.66
10,150,5,97.9,5517618.564
10,150,5,98,6402519.654
10,150,5,98.1,5517618.564
10,150,5,98.2,5205300.532
10,150,5,98.3,6506625.665
10,150,5,98.4,6298413.644
10,150,5,98.5,4892982.5
10,150,5,98.6,6402519.654
10,150,5,98.7,5673777.58
10,150,5,98.8,5257353.537
10,150,5,98.9,6142254.628
10,150,5,99,5569671.569
10,150,5,99.1,5517618.564
10,150,5,99.2,7027155.718
10,150,5,99.3,6454572.66
10,150,5,99.4,5986095.612
10,150,5,99.5,5517618.564
10,150,5,99.6,5725830.585
10,150,5,99.7,5361459.548
10,150,5,99.8,5621724.574
10,150,5,99.9,4945035.505
10,150,5,100,6662784.681
10,150,5,100.1,5934042.606
10,150,5,100.2,4476558.457
10,150,5,100.3,5673777.58
10,150,5,100.4,5153247.527
10,150,5,100.5,5777883.59
10,150,5,100.6,5465565.558
10,150,5,100.7,5205300.532
10,150,5,100.8,5725830.585
10,150,5,100.9,5205300.532
10,150,5,101,6142254.628
10,150,5,101.1,5986095.612
10,150,5,101.2,5881989.601
10,150,5,101.3,5309406.542
10,150,5,101.4,6298413.644
10,150,5,101.5,5725830.585
10,150,5,101.6,5569671.569
10,150,5,101.7,5725830.585
10,150,5,101.8,5673777.58
10,150,5,101.9,5986095.612
10,150,5,102,4476558.457
10,150,5,102.1,6038148.617
10,150,5,102.2,4840929.495
10,150,5,102.3,5309406.542
10,150,5,102.4,5309406.542
10,150,5,102.5,4216293.431
10,150,5,102.6,4528611.463
10,150,5,102.7,5517618.564
10,150,5,102.8,5673777.58
10,150,5,102.9,5621724.574
10,150,5,103,6766890.691
10,150,5,103.1,5309406.542
10,150,5,103.2,4840929.495
10,150,5,103.3,4945035.505
10,150,5,103.4,5569671.569
10,150,5,103.5,4788876.489
10,150,5,103.6,6038148.617
10,150,5,103.7,5309406.542
10,150,5,103.8,6246360.638
10,150,5,103.9,4684770.479
10,150,5,104,5361459.548
10,150,5,104.1,5986095.612
10,150,5,104.2,5725830.585
10,150,5,104.3,5205300.532
10,150,5,104.4,5881989.601
10,150,5,104.5,4788876.489
10,150,5,104.6,5777883.59
10,150,5,104.7,5361459.548
10,150,5,104.8,4892982.5
10,150,5,104.9,4632717.473
10,150,5,105,5153247.527
10,150,5,105.1,5361459.548
10,150,5,105.2,4216293.431
10,150,5,105.3,4164240.425
10,150,5,105.4,5569671.569
10,150,5,105.5,4840929.495
10,150,5,105.6,4945035.505
10,150,5,105.7,4528611.463
10,150,5,105.8,4997088.511
10,150,5,105.9,4997088.511
10,150,5,106,4268346.436
10,150,5,106.1,4788876.489
10,150,5,106.2,5257353.537
10,150,5,106.3,4892982.5
10,150,5,106.4,5465565.558
10,150,5,106.5,3956028.404
10,150,5,106.6,5465565.558
10,150,5,106.7,5257353.537
10,150,5,106.8,4580664.468
10,150,5,106.9,5465565.558
10,150,5,107,4164240.425
10,150,5,107.1,5725830.585
10,150,5,107.2,4216293.431
10,150,5,107.3,5361459.548
10,150,5,107.4,5257353.537
10,150,5,107.5,4684770.479
10,150,5,107.6,4788876.489
10,150,5,107.7,5153247.527
10,150,5,107.8,4580664.468
10,150,5,107.9,5049141.516
10,150,5,108,4632717.473
10,150,5,108.1,5153247.527
10,150,5,108.2,5829936.596
10,150,5,108.3,4424505.452
10,150,5,108.4,4476558.457
10,150,5,108.5,5569671.569
10,150,5,108.6,4580664.468
10,150,5,108.7,3799869.388
10,150,5,108.8,4997088.511
10,150,5,108.9,4320399.441
10,150,5,109,5621724.574
10,150,5,109.1,4164240.425
10,150,5,109.2,4788876.489
10,150,5,109.3,4684770.479
10,150,5,109.4,4268346.436
10,150,5,109.5,4476558.457
10,150,5,109.6,4216293.431
10,150,5,109.7,3956028.404
10,150,5,109.8,4372452.447
10,150,5,109.9,5569671.569
10,150,5,110,3383445.346
10,150,5,110.1,4164240.425
10,150,5,110.2,4945035.505
10,150,5,110.3,4997088.511
10,150,5,110.4,4268346.436
10,150,5,110.5,3695763.378
10,150,5,110.6,4424505.452
10,150,5,110.7,3956028.404
10,150,5,110.8,4684770.479
10,150,5,110.9,4060134.415
10,150,5,111,4736823.484
10,150,5,111.1,4164240.425
10,150,5,111.2,4736823.484
10,150,5,111.3,5101194.521
10,150,5,111.4,4268346.436
10,150,5,111.5,5621724.574
10,150,5,111.6,4840929.495
10,150,5,111.7,4216293.431
10,150,5,111.8,4580664.468
10,150,5,111.9,4320399.441
10,150,5,112,4528611.463
10,150,5,112.1,4476558.457
10,150,5,112.2,4424505.452
10,150,5,112.3,4164240.425
10,150,5,112.4,3123180.319
10,150,5,112.5,4320399.441
10,150,5,112.6,3747816.383
10,150,5,112.7,4060134.415
10,150,5,112.8,3956028.404
10,150,5,112.9,4216293.431
10,150,5,113,5153247.527
10,150,5,113.1,4008081.41
10,150,5,113.2,4372452.447
10,150,5,113.3,4268346.436
10,150,5,113.4,4060134.415
10,150,5,113.5,4060134.415
10,150,5,113.6,4008081.41
10,150,5,113.7,4528611.463
10,150,5,113.8,4476558.457
10,150,5,113.9,4164240.425
10,150,5,114,3799869.388
10,150,5,114.1,4320399.441
10,150,5,114.2,4216293.431
10,150,5,114.3,5309406.542
10,150,5,114.4,3851922.394
10,150,5,114.5,4008081.41
10,150,5,114.6,4320399.441
10,150,5,114.7,3903975.399
10,150,5,114.8,3279339.335
10,150,5,114.9,4268346.436
10,150,5,115,3071127.314
10,150,5,115.1,4684770.479
10,150,5,115.2,4268346.436
10,150,5,115.3,3279339.335
10,150,5,115.4,3903975.399
10,150,5,115.5,3695763.378
10,150,5,115.6,4424505.452
10,150,5,115.7,3851922.394
10,150,5,115.8,3227286.33
10,150,5,115.9,3903975.399
10,150,5,116,3591657.367
10,150,5,116.1,3956028.404
10,150,5,116.2,4060134.415
10,150,5,116.3,2914968.298
10,150,5,116.4,4528611.463
10,150,5,116.5,3435498.351
10,150,5,116.6,3591657.367
10,150,5,116.7,4320399.441
10,150,5,116.8,4008081.41
10,150,5,116.9,3383445.346
10,150,5,117,3539604.362
10,150,5,117.1,3227286.33
10,150,5,117.2,4580664.468
10,150,5,117.3,3643710.372
10,150,5,117.4,3956028.404
10,150,5,117.5,3851922.394
10,150,5,117.6,3747816.383
10,150,5,117.7,3383445.346
10,150,5,117.8,4060134.415
10,150,5,117.9,4008081.41
10,150,5,118,4164240.425
10,150,5,118.1,3383445.346
10,150,5,118.2,4008081.41
10,150,5,118.3,3643710.372
10,150,5,118.4,3747816.383
10,150,5,118.5,3123180.319
10,150,5,118.6,3799869.388
10,150,5,118.7,3695763.378
10,150,5,118.8,4008081.41
10,150,5,118.9,3799869.388
10,150,5,119,3747816.383
10,150,5,119.1,4424505.452
10,150,5,119.2,4424505.452
10,150,5,119.3,3123180.319
10,150,5,119.4,3695763.378
10,150,5,119.5,3643710.372
10,150,5,119.6,3956028.404
10,150,5,119.7,3383445.346
10,150,5,119.8,4476558.457
10,150,5,119.9,3695763.378
10,150,5,120,3956028.404
10,150,5,120.1,3539604.362
10,150,5,120.2,3956028.404
10,150,5,120.3,3539604.362
10,150,5,120.4,3956028.404
10,150,5,120.5,3747816.383
10,150,5,120.6,3747816.383
10,150,5,120.7,2758809.282
10,150,5,120.8,3591657.367
10,150,5,120.9,3695763.378
10,150,5,121,3071127.314
10,150,5,121.1,3591657.367
10,150,5,121.2,3383445.346
10,150,5,121.3,3799869.388
10,150,5,121.4,3383445.346
10,150,5,121.5,3383445.346
10,150,5,121.6,3539604.362
10,150,5,121.7,2862915.293
10,150,5,121.8,3956028.404
10,150,5,121.9,3331392.34
10,150,5,122,2862915.293
10,150,5,122.1,2914968.298
10,150,5,122.2,2914968.298
10,150,5,122.3,3539604.362
10,150,5,122.4,3019074.308
10,150,5,122.5,3695763.378
10,150,5,122.6,2862915.293
10,150,5,122.7,2810862.287
10,150,5,122.8,2967021.303
10,150,5,122.9,3331392.34
10,150,5,123,3227286.33
10,150,5,123.1,3591657.367
10,150,5,123.2,3331392.34
10,150,5,123.3,3695763.378
10,150,5,123.4,2654703.271
10,150,5,123.5,3851922.394
10,150,5,123.6,3331392.34
10,150,5,123.7,3331392.34
10,150,5,123.8,2862915.293
10,150,5,123.9,2550597.261
10,150,5,124,3331392.34
10,150,5,124.1,3175233.324
10,150,5,124.2,3227286.33
10,150,5,124.3,3383445.346
10,150,5,124.4,3487551.356
10,150,5,124.5,3331392.34
10,150,5,124.6,3123180.319
10,150,5,124.7,3435498.351
10,150,5,124.8,2498544.255
10,150,5,124.9,2914968.298
10,150,5,125,2967021.303
10,150,5,125.1,2862915.293
10,150,5,125.2,3383445.346
10,150,5,125.3,3019074.308
10,150,5,125.4,2550597.261
10,150,5,125.5,2498544.255
10,150,5,125.6,2550597.261
10,150,5,125.7,2967021.303
10,150,5,125.8,3331392.34
10,150,5,125.9,3019074.308
10,150,5,126,3591657.367
10,150,5,126.1,2394438.245
10,150,5,126.2,3227286.33
10,150,5,126.3,3227286.33
10,150,5,126.4,3695763.378
10,150,5,126.5,2967021.303
10,150,5,126.6,3747816.383
10,150,5,126.7,2914968.298
10,150,5,126.8,2967021.303
10,150,5,126.9,3123180.319
10,150,5,127,2967021.303
10,150,5,127.1,2758809.282
10,150,5,127.2,3279339.335
10,150,5,127.3,2446491.25
10,150,5,127.4,3435498.351
10,150,5,127.5,3487551.356
10,150,5,127.6,2810862.287
10,150,5,127.7,2550597.261
10,150,5,127.8,2758809.282
10,150,5,127.9,3071127.314
10,150,5,128,2914968.298
10,150,5,128.1,3019074.308
10,150,5,128.2,3851922.394
10,150,5,128.3,3799869.388
10,150,5,128.4,2810862.287
10,150,5,128.5,3435498.351
10,150,5,128.6,2862915.293
10,150,5,128.7,2914968.298
10,150,5,128.8,2186226.223
10,150,5,128.9,2238279.229
10,150,5,129,2967021.303
10,150,5,129.1,3279339.335
10,150,5,129.2,2602650.266
10,150,5,129.3,2758809.282
10,150,5,129.4,2914968.298
10,150,5,129.5,2758809.282
10,150,5,129.6,3019074.308
10,150,5,129.7,3019074.308
10,150,5,129.8,2810862.287
10,150,5,129.9,2238279.229
10,150,5,130,2602650.266
10,150,5,130.1,2394438.245
10,150,5,130.2,2602650.266
10,150,5,130.3,3279339.335
10,150,5,130.4,2654703.271
10,150,5,130.5,2238279.229
10,150,5,130.6,1978014.202
10,150,5,130.7,2862915.293
10,150,5,130.8,2602650.266
10,150,5,130.9,2446491.25
10,150,5,131,2862915.293
10,150,5,131.1,2967021.303
10,150,5,131.2,2290332.234
10,150,5,131.3,2758809.282
10,150,5,131.4,2290332.234
10,150,5,131.5,1925961.197
10,150,5,131.6,2967021.303
10,150,5,131.7,3019074.308
10,150,5,131.8,2082120.213
10,150,5,131.9,2706756.277
10,150,5,132,3331392.34
10,150,5,132.1,2342385.239
10,150,5,132.2,3019074.308
10,150,5,132.3,3123180.319
10,150,5,132.4,2498544.255
10,150,5,132.5,2654703.271
10,150,5,132.6,2914968.298
10,150,5,132.7,2186226.223
10,150,5,132.8,2446491.25
10,150,5,132.9,2602650.266
10,150,5,133,2238279.229
10,150,5,133.1,2186226.223
10,150,5,133.2,2394438.245
10,150,5,133.3,2394438.245
10,150,5,133.4,2654703.271
10,150,5,133.5,1978014.202
10,150,5,133.6,3019074.308
10,150,5,133.7,2706756.277
10,150,5,133.8,2238279.229
10,150,5,133.9,2758809.282
10,150,5,134,2446491.25
10,150,5,134.1,2602650.266
10,150,5,134.2,2654703.271
10,150,5,134.3,2706756.277
10,150,5,134.4,2550597.261
10,150,5,134.5,2290332.234
10,150,5,134.6,2082120.213
10,150,5,134.7,1925961.197
10,150,5,134.8,2758809.282
10,150,5,134.9,2758809.282
10,150,5,135,2446491.25
10,150,5,135.1,1873908.191
10,150,5,135.2,2602650.266
10,150,5,135.3,2030067.207
10,150,5,135.4,2030067.207
10,150,5,135.5,2810862.287
10,150,5,135.6,1665696.17
10,150,5,135.7,2602650.266
10,150,5,135.8,2394438.245
10,150,5,135.9,1665696.17
10,150,5,136,2186226.223
10,150,5,136.1,2134173.218
10,150,5,136.2,2186226.223
10,150,5,136.3,3279339.335
10,150,5,136.4,2238279.229
10,150,5,136.5,1925961.197
10,150,5,136.6,1717749.176
10,150,5,136.7,1769802.181
10,150,5,136.8,2706756.277
10,150,5,136.9,1769802.181
10,150,5,137,2030067.207
10,150,5,137.1,2498544.255
10,150,5,137.2,2342385.239
10,150,5,137.3,1769802.181
10,150,5,137.4,2186226.223
10,150,5,137.5,2082120.213
10,150,5,137.6,1769802.181
10,150,5,137.7,2134173.218
10,150,5,137.8,2186226.223
10,150,5,137.9,1769802.181
10,150,5,138,1613643.165
10,150,5,138.1,1821855.186
10,150,5,138.2,1978014.202
10,150,5,138.3,2082120.213
10,150,5,138.4,2134173.218
10,150,5,138.5,2186226.223
10,150,5,138.6,1561590.16
10,150,5,138.7,1925961.197
10,150,5,138.8,1613643.165
10,150,5,138.9,1665696.17
10,150,5,139,1613643.165
10,150,5,139.1,1665696.17
10,150,5,139.2,1561590.16
10,150,5,139.3,1717749.176
10,150,5,139.4,1665696.17
10,150,5,139.5,2082120.213
10,150,5,139.6,1717749.176
10,150,5,139.7,1873908.191
10,150,5,139.8,1717749.176
10,150,5,139.9,1769802.181
10,150,5,140,2342385.239
10,150,5,140.1,1613643.165
10,150,5,140.2,2082120.213
10,150,5,140.3,1405431.144
10,150,5,140.4,1509537.154
10,150,5,140.5,1301325.133
10,150,5,140.6,1561590.16
10,150,5,140.7,1561590.16
10,150,5,140.8,1769802.181
10,150,5,140.9,1769802.181
10,150,5,141,2082120.213
10,150,5,141.1,2602650.266
10,150,5,141.2,1509537.154
10,150,5,141.3,2082120.213
10,150,5,141.4,1613643.165
10,150,5,141.5,1457484.149
10,150,5,141.6,1353378.138
10,150,5,141.7,1873908.191
10,150,5,141.8,1613643.165
10,150,5,141.9,1249272.128
10,150,5,142,1405431.144
10,150,5,142.1,1405431.144
10,150,5,142.2,1769802.181
10,150,5,142.3,1561590.16
10,150,5,142.4,1665696.17
10,150,5,142.5,1353378.138
10,150,5,142.6,1353378.138
10,150,5,142.7,1353378.138
10,150,5,142.8,1457484.149
10,150,5,142.9,1249272.128
10,150,5,143,1041060.106
10,150,5,143.1,1717749.176
10,150,5,143.2,1249272.128
10,150,5,143.3,1041060.106
10,150,5,143.4,1353378.138
10,150,5,143.5,1457484.149
10,150,5,143.6,1301325.133
10,150,5,143.7,1509537.154
10,150,5,143.8,1197219.122
10,150,5,143.9,1457484.149
10,150,5,144,989007.1011
10,150,5,144.1,1145166.117
10,150,5,144.2,1145166.117
10,150,5,144.3,1197219.122
10,150,5,144.4,1145166.117
10,150,5,144.5,1145166.117
10,150,5,144.6,1041060.106
10,150,5,144.7,1301325.133
10,150,5,144.8,1041060.106
10,150,5,144.9,1197219.122
10,150,5,145,1301325.133
10,150,5,145.1,989007.1011
10,150,5,145.2,1561590.16
10,150,5,145.3,1145166.117
10,150,5,145.4,1197219.122
10,150,5,145.5,989007.1011
10,150,5,145.6,989007.1011
10,150,5,145.7,1353378.138
10,150,5,145.8,1561590.16
10,150,5,145.9,832848.0851
10,150,5,146,676689.0691
10,150,5,146.1,1145166.117
10,150,5,146.2,1197219.122
10,150,5,146.3,884901.0904
10,150,5,146.4,676689.0691
10,150,5,146.5,1093113.112
10,150,5,146.6,1093113.112
10,150,5,146.7,780795.0798
10,150,5,146.8,832848.0851
10,150,5,146.9,936954.0957
10,150,5,147,884901.0904
10,150,5,147.1,884901.0904
10,150,5,147.2,416424.0425
10,150,5,147.3,1041060.106
10,150,5,147.4,624636.0638
10,150,5,147.5,468477.0479
10,150,5,147.6,728742.0745
10,150,5,147.7,572583.0585
10,150,5,147.8,572583.0585
10,150,5,147.9,624636.0638
10,150,5,148,364371.0372
10,150,5,148.1,624636.0638
10,150,5,148.2,312318.0319
10,150,5,148.3,884901.0904
10,150,5,148.4,676689.0691
10,150,5,148.5,676689.0691
10,150,5,148.6,624636.0638
10,150,5,148.7,520530.0532
10,150,5,148.8,520530.0532
10,150,5,148.9,624636.0638
10,150,5,149,520530.0532
10,150,5,149.1,260265.0266
10,150,5,149.2,208212.0213
10,150,5,149.3,312318.0319
10,150,5,149.4,468477.0479
10,150,5,149.5,260265.0266
10,150,5,149.6,416424.0425
10,150,5,149.7,104106.0106
10,150,5,149.8,208212.0213
10,150,5,149.9,208212.0213
10,40,7,4.6,17437.75678
10,40,7,4.8,17437.75678
10,40,7,4.9,17437.75678
10,40,7,5,17437.75678
10,40,7,5.1,17437.75678
10,40,7,5.3,17437.75678
10,40,7,5.4,34875.51356
10,40,7,5.5,122064.2975
10,40,7,5.6,174377.5678
10,40,7,5.7,139502.0543
10,40,7,5.8,261566.3517
10,40,7,5.9,313879.6221
10,40,7,6,348755.1356
10,40,7,6.1,540570.4602
10,40,7,6.2,488257.1899
10,40,7,6.3,714948.0281
10,40,7,6.4,767261.2984
10,40,7,6.5,837012.3255
10,40,7,6.6,889325.5959
10,40,7,6.7,1342707.272
10,40,7,6.8,1464771.57
10,40,7,6.9,1586835.867
10,40,7,7,1726337.921
10,40,7,7.1,1935591.003
10,40,7,7.2,2057655.3
10,40,7,7.3,2493599.22
10,40,7,7.4,6556596.55
10,40,7,7.5,3016731.923
10,40,7,7.6,3260860.518
10,40,7,7.7,3417800.329
10,40,7,7.8,3766555.465
10,40,7,7.9,4185061.628
10,40,7,8,4324563.682
10,40,7,8.1,4638443.304
10,40,7,8.2,5231327.035
10,40,7,8.3,19477974.33
10,40,7,8.4,137095643.8
10,40,7,8.5,5423142.359
10,40,7,8.6,6800725.145
10,40,7,8.7,6870476.172
10,40,7,8.8,8509625.309
10,40,7,8.9,6853038.415
10,40,7,9,7393608.875
10,40,7,9.1,7341295.605
10,40,7,9.2,8160870.174
10,40,7,9.3,8945569.229
10,40,7,9.4,8474749.796
10,40,7,9.5,14996470.83
10,40,7,9.6,12642373.67
10,40,7,9.7,120773903.5
10,40,7,9.8,18361957.89
10,40,7,9.9,16809997.54
10,40,7,10,61171650.79
10,40,7,10.1,10846284.72
10,40,7,10.2,9242011.094
10,40,7,10.3,1865839.976
10,40,7,10.4,2179719.598
10,40,7,10.5,2075093.057
10,40,7,10.6,2354097.166
10,40,7,10.7,2563350.247
10,40,7,10.8,2563350.247
10,40,7,10.9,2388972.679
10,40,7,11,3627053.411
10,40,7,11.1,2667976.788
10,40,7,11.2,3034169.68
10,40,7,11.3,12694686.94
10,40,7,11.4,3522426.87
10,40,7,11.5,3574740.14
10,40,7,11.6,2022779.787
10,40,7,11.7,2162281.841
10,40,7,11.8,2022779.787
10,40,7,11.9,2179719.598
10,40,7,12,1900715.489
10,40,7,12.1,1778651.192
10,40,7,12.2,1412458.299
10,40,7,12.3,1639149.137
10,40,7,12.4,1621711.381
10,40,7,12.5,1708900.165
10,40,7,12.6,1621711.381
10,40,7,12.7,1935591.003
10,40,7,12.8,2197157.354
10,40,7,12.9,2301783.895
10,40,7,13,2109968.571
10,40,7,13.1,2232032.868
10,40,7,13.2,2807478.842
10,40,7,13.3,2476161.463
10,40,7,13.4,2354097.166
10,40,7,13.5,2598225.76
10,40,7,13.6,2964418.653
10,40,7,13.7,2476161.463
10,40,7,13.8,3243422.761
10,40,7,13.9,2824916.599
10,40,7,14,2563350.247
10,40,7,14.1,2929543.139
10,40,7,14.2,3173671.734
10,40,7,14.3,3295736.032
10,40,7,14.4,3051607.437
10,40,7,14.5,2772603.328
10,40,7,14.6,3609615.654
10,40,7,14.7,3191109.491
10,40,7,14.8,3888619.762
10,40,7,14.9,3644491.167
10,40,7,15,3504989.113
10,40,7,15.1,4115310.6
10,40,7,15.2,3940933.033
10,40,7,15.3,4394314.709
10,40,7,15.4,4324563.682
10,40,7,15.5,4115310.6
10,40,7,15.6,4394314.709
10,40,7,15.7,4551254.52
10,40,7,15.8,4446627.979
10,40,7,15.9,4376876.952
10,40,7,16,4376876.952
10,40,7,16.1,4638443.304
10,40,7,16.2,4725632.088
10,40,7,16.3,4481503.493
10,40,7,16.4,4917447.412
10,40,7,16.5,5196451.521
10,40,7,16.6,4342001.439
10,40,7,16.7,5580082.17
10,40,7,16.8,5109262.737
10,40,7,16.9,5283640.305
10,40,7,17,5492893.386
10,40,7,17.1,5179013.764
10,40,7,17.2,5632395.441
10,40,7,17.3,5458017.873
10,40,7,17.4,5876524.035
10,40,7,17.5,5649833.197
10,40,7,17.6,5859086.279
10,40,7,17.7,5893961.792
10,40,7,17.8,5545206.657
10,40,7,17.9,5144138.251
10,40,7,18,5597519.927
10,40,7,18.1,5806773.008
10,40,7,18.2,5632395.441
10,40,7,18.3,5841648.522
10,40,7,18.4,5876524.035
10,40,7,18.5,6050901.603
10,40,7,18.6,5824210.765
10,40,7,18.7,6050901.603
10,40,7,18.8,6016026.09
10,40,7,18.9,6608909.82
10,40,7,19,6783287.388
10,40,7,19.1,5719584.224
10,40,7,19.2,6608909.82
10,40,7,19.3,5963712.819
10,40,7,19.4,6295030.198
10,40,7,19.5,5737021.981
10,40,7,19.6,5580082.17
10,40,7,19.7,6521721.036
10,40,7,19.8,5667270.954
10,40,7,19.9,5719584.224
10,40,7,20,5824210.765
10,40,7,20.1,6853038.415
10,40,7,20.2,6068339.36
10,40,7,20.3,5998588.333
10,40,7,20.4,6190403.658
10,40,7,20.5,6486845.523
10,40,7,20.6,6591472.063
10,40,7,20.7,6033463.846
10,40,7,20.8,5859086.279
10,40,7,20.9,5789335.252
10,40,7,21,6539158.793
10,40,7,21.1,6591472.063
10,40,7,21.2,6172965.901
10,40,7,21.3,6539158.793
10,40,7,21.4,6382218.982
10,40,7,21.5,6364781.225
10,40,7,21.6,6277592.441
10,40,7,21.7,5806773.008
10,40,7,21.8,6295030.198
10,40,7,21.9,6643785.334
10,40,7,22,6504283.28
10,40,7,22.1,6556596.55
10,40,7,22.2,6260154.685
10,40,7,22.3,5737021.981
10,40,7,22.4,6678660.847
10,40,7,22.5,6643785.334
10,40,7,22.6,6399656.739
10,40,7,22.7,6417094.496
10,40,7,22.8,5841648.522
10,40,7,22.9,6295030.198
10,40,7,23,6260154.685
10,40,7,23.1,6277592.441
10,40,7,23.2,6887913.929
10,40,7,23.3,6347343.469
10,40,7,23.4,5737021.981
10,40,7,23.5,6329905.712
10,40,7,23.6,6574034.307
10,40,7,23.7,6085777.117
10,40,7,23.8,6138090.387
10,40,7,23.9,6661223.091
10,40,7,24,6172965.901
10,40,7,24.1,5963712.819
10,40,7,24.2,5824210.765
10,40,7,24.3,6172965.901
10,40,7,24.4,5771897.495
10,40,7,24.5,5946275.063
10,40,7,24.6,5963712.819
10,40,7,24.7,6260154.685
10,40,7,24.8,5754459.738
10,40,7,24.9,6155528.144
10,40,7,25,6103214.874
10,40,7,25.1,5754459.738
10,40,7,25.2,5911399.549
10,40,7,25.3,5632395.441
10,40,7,25.4,5859086.279
10,40,7,25.5,5614957.684
10,40,7,25.6,6207841.414
10,40,7,25.7,5754459.738
10,40,7,25.8,5405704.602
10,40,7,25.9,5667270.954
10,40,7,26,5510331.143
10,40,7,26.1,5440580.116
10,40,7,26.2,5911399.549
10,40,7,26.3,5876524.035
10,40,7,26.4,6242716.928
10,40,7,26.5,5388266.846
10,40,7,26.6,5545206.657
10,40,7,26.7,5335953.575
10,40,7,26.8,5056949.467
10,40,7,26.9,5841648.522
10,40,7,27,5510331.143
10,40,7,27.1,5144138.251
10,40,7,27.2,4882571.899
10,40,7,27.3,5492893.386
10,40,7,27.4,5458017.873
10,40,7,27.5,5248764.791
10,40,7,27.6,5179013.764
10,40,7,27.7,5004636.196
10,40,7,27.8,5056949.467
10,40,7,27.9,4917447.412
10,40,7,28,4882571.899
10,40,7,28.1,4725632.088
10,40,7,28.2,4900009.656
10,40,7,28.3,4777945.358
10,40,7,28.4,5283640.305
10,40,7,28.5,5370829.089
10,40,7,28.6,5022073.953
10,40,7,28.7,5231327.035
10,40,7,28.8,4516379.006
10,40,7,28.9,5109262.737
10,40,7,29,5161576.007
10,40,7,29.1,4795383.115
10,40,7,29.2,4952322.926
10,40,7,29.3,4882571.899
10,40,7,29.4,4969760.683
10,40,7,29.5,5179013.764
10,40,7,29.6,4533816.763
10,40,7,29.7,4342001.439
10,40,7,29.8,4673318.818
10,40,7,29.9,4673318.818
10,40,7,30,4603567.79
10,40,7,30.1,4342001.439
10,40,7,30.2,4429190.223
10,40,7,30.3,4830258.629
10,40,7,30.4,4429190.223
10,40,7,30.5,4132748.357
10,40,7,30.6,4551254.52
10,40,7,30.7,4498941.25
10,40,7,30.8,4429190.223
10,40,7,30.9,4167623.871
10,40,7,31,3644491.167
10,40,7,31.1,4028121.817
10,40,7,31.2,3696804.438
10,40,7,31.3,3783993.222
10,40,7,31.4,3888619.762
10,40,7,31.5,4062997.33
10,40,7,31.6,4411752.466
10,40,7,31.7,3661928.924
10,40,7,31.8,4097872.844
10,40,7,31.9,3661928.924
10,40,7,32,3940933.033
10,40,7,32.1,3609615.654
10,40,7,32.2,4062997.33
10,40,7,32.3,4237374.898
10,40,7,32.4,3452675.843
10,40,7,32.5,3749117.708
10,40,7,32.6,3574740.14
10,40,7,32.7,3766555.465
10,40,7,32.8,3173671.734
10,40,7,32.9,3348049.302
10,40,7,33,3592177.897
10,40,7,33.1,3278298.275
10,40,7,33.2,3208547.248
10,40,7,33.3,3225985.005
10,40,7,33.4,3836306.492
10,40,7,33.5,3853744.249
10,40,7,33.6,2842354.355
10,40,7,33.7,3348049.302
10,40,7,33.8,3103920.707
10,40,7,33.9,2790041.085
10,40,7,34,3103920.707
10,40,7,34.1,2737727.815
10,40,7,34.2,2981856.41
10,40,7,34.3,2737727.815
10,40,7,34.4,3208547.248
10,40,7,34.5,2493599.22
10,40,7,34.6,2720290.058
10,40,7,34.7,3260860.518
10,40,7,34.8,2720290.058
10,40,7,34.9,3069045.194
10,40,7,35,2999294.166
10,40,7,35.1,2528474.733
10,40,7,35.2,2702852.301
10,40,7,35.3,2737727.815
10,40,7,35.4,2598225.76
10,40,7,35.5,2441285.949
10,40,7,35.6,2667976.788
10,40,7,35.7,2214595.111
10,40,7,35.8,2476161.463
10,40,7,35.9,2336659.409
10,40,7,36,2040217.543
10,40,7,36.1,2232032.868
10,40,7,36.2,1987904.273
10,40,7,36.3,2301783.895
10,40,7,36.4,2615663.517
10,40,7,36.5,2162281.841
10,40,7,36.6,2057655.3
10,40,7,36.7,1970466.516
10,40,7,36.8,2179719.598
10,40,7,36.9,2127406.327
10,40,7,37,1953028.76
10,40,7,37.1,1918153.246
10,40,7,37.2,2197157.354
10,40,7,37.3,1656586.894
10,40,7,37.4,1865839.976
10,40,7,37.5,1830964.462
10,40,7,37.6,1482209.326
10,40,7,37.7,1708900.165
10,40,7,37.8,1743775.678
10,40,7,37.9,1307831.759
10,40,7,38,1656586.894
10,40,7,38.1,1429896.056
10,40,7,38.2,1429896.056
10,40,7,38.3,1325269.515
10,40,7,38.4,1150891.948
10,40,7,38.5,1429896.056
10,40,7,38.6,1220642.975
10,40,7,38.7,1238080.732
10,40,7,38.8,854450.0823
10,40,7,38.9,1011389.893
10,40,7,39,1133454.191
10,40,7,39.1,749823.5416
10,40,7,39.2,784699.0552
10,40,7,39.3,1011389.893
10,40,7,39.4,837012.3255
10,40,7,39.5,767261.2984
10,40,7,39.6,523132.7035
10,40,7,39.7,662634.7577
10,40,7,39.8,418506.1628
10,40,7,39.9,279004.1085
10,40,7,40,139502.0543
10,80,7,3.9,27105.32142
10,80,7,4.5,54210.64284
10,80,7,4.6,135526.6071
10,80,7,4.7,27105.32142
10,80,7,4.8,162631.9285
10,80,7,4.9,162631.9285
10,80,7,5,298158.5356
10,80,7,5.1,298158.5356
10,80,7,5.2,298158.5356
10,80,7,5.3,569211.7499
10,80,7,5.4,758948.9998
10,80,7,5.5,975791.5712
10,80,7,5.6,894475.6069
10,80,7,5.7,1517898
10,80,7,5.8,1572108.642
10,80,7,5.9,1599213.964
10,80,7,6,1599213.964
10,80,7,6.1,3062901.321
10,80,7,6.2,2276846.999
10,80,7,6.3,3496586.463
10,80,7,6.4,3659218.392
10,80,7,6.5,4499483.356
10,80,7,6.6,5041589.785
10,80,7,6.7,5475274.927
10,80,7,6.8,5963170.713
10,80,7,6.9,7210015.498
10,80,7,7,7020278.248
10,80,7,7.1,7725016.605
10,80,7,7.2,8998966.712
10,80,7,7.3,9053177.355
10,80,7,7.4,30357959.99
10,80,7,7.5,10923444.53
10,80,7,7.6,12766606.39
10,80,7,7.7,12305815.93
10,80,7,7.8,14772400.18
10,80,7,7.9,14420031
10,80,7,8,15097664.03
10,80,7,8.1,14880821.46
10,80,7,8.2,15504243.85
10,80,7,8.3,88200715.91
10,80,7,8.4,648250867.1
10,80,7,8.5,19082146.28
10,80,7,8.6,19597147.39
10,80,7,8.7,19190567.57
10,80,7,8.8,31686120.74
10,80,7,8.9,20871097.5
10,80,7,9,24205052.03
10,80,7,9.1,22145047.6
10,80,7,9.2,23473208.35
10,80,7,9.3,25506107.46
10,80,7,9.4,24530315.89
10,80,7,9.5,56758543.06
10,80,7,9.6,44805096.31
10,80,7,9.7,537010628
10,80,7,9.8,70744888.91
10,80,7,9.9,52638534.2
10,80,7,10,251076592.3
10,80,7,10.1,32580596.35
10,80,7,10.2,29192431.17
10,80,7,10.3,8646597.534
10,80,7,10.4,8375544.32
10,80,7,10.5,8592386.891
10,80,7,10.6,9026072.034
10,80,7,10.7,8565281.569
10,80,7,10.8,8890545.427
10,80,7,10.9,9839231.676
10,80,7,11,11817920.14
10,80,7,11.1,10760812.6
10,80,7,11.2,11357129.68
10,80,7,11.3,59984076.31
10,80,7,11.4,12576869.14
10,80,7,11.5,12414237.21
10,80,7,11.6,9866336.998
10,80,7,11.7,12061868.03
10,80,7,11.8,6613698.427
10,80,7,11.9,7074488.891
10,80,7,12,9053177.355
10,80,7,12.1,6857646.32
10,80,7,12.2,6234223.927
10,80,7,12.3,6478171.82
10,80,7,12.4,6776330.356
10,80,7,12.5,7562384.677
10,80,7,12.6,7643700.641
10,80,7,12.7,7860543.212
10,80,7,12.8,7020278.248
10,80,7,12.9,8565281.569
10,80,7,13,8077385.784
10,80,7,13.1,8511070.927
10,80,7,13.2,8917650.748
10,80,7,13.3,8863440.105
10,80,7,13.4,9649494.426
10,80,7,13.5,8456860.284
10,80,7,13.6,9513967.819
10,80,7,13.7,9351335.891
10,80,7,13.8,9757915.712
10,80,7,13.9,9839231.676
10,80,7,14,10408443.43
10,80,7,14.1,11330024.35
10,80,7,14.2,11302919.03
10,80,7,14.3,11736604.18
10,80,7,14.4,11384235
10,80,7,14.5,12983448.96
10,80,7,14.6,11736604.18
10,80,7,14.7,11601077.57
10,80,7,14.8,12956343.64
10,80,7,14.9,13444239.43
10,80,7,15,12658185.1
10,80,7,15.1,12224499.96
10,80,7,15.2,13932135.21
10,80,7,15.3,13796608.6
10,80,7,15.4,13796608.6
10,80,7,15.5,13688187.32
10,80,7,15.6,14176083.1
10,80,7,15.7,15206085.32
10,80,7,15.8,14772400.18
10,80,7,15.9,14853716.14
10,80,7,16,15504243.85
10,80,7,16.1,14501346.96
10,80,7,16.2,14528452.28
10,80,7,16.3,15910823.67
10,80,7,16.4,15314506.6
10,80,7,16.5,16832404.6
10,80,7,16.6,15233190.64
10,80,7,16.7,15206085.32
10,80,7,16.8,15585559.82
10,80,7,16.9,16507140.75
10,80,7,17,15802402.39
10,80,7,17.1,18133460.03
10,80,7,17.2,17347405.71
10,80,7,17.3,17510037.64
10,80,7,17.4,17238984.42
10,80,7,17.5,16859509.92
10,80,7,17.6,17591353.6
10,80,7,17.7,17428721.67
10,80,7,17.8,16967931.21
10,80,7,17.9,17347405.71
10,80,7,18,18106354.71
10,80,7,18.1,18919514.35
10,80,7,18.2,17808196.17
10,80,7,18.3,17997933.42
10,80,7,18.4,20735570.89
10,80,7,18.5,19136356.92
10,80,7,18.6,18106354.71
10,80,7,18.7,19190567.57
10,80,7,18.8,18621355.82
10,80,7,18.9,19163462.25
10,80,7,19,20220569.78
10,80,7,19.1,18512934.53
10,80,7,19.2,19190567.57
10,80,7,19.3,19326094.17
10,80,7,19.4,19651358.03
10,80,7,19.5,20112148.5
10,80,7,19.6,18621355.82
10,80,7,19.7,19624252.71
10,80,7,19.8,19190567.57
10,80,7,19.9,20139253.82
10,80,7,20,18919514.35
10,80,7,20.1,19651358.03
10,80,7,20.2,19678463.35
10,80,7,20.3,19895305.92
10,80,7,20.4,21169256.03
10,80,7,20.5,19895305.92
10,80,7,20.6,19326094.17
10,80,7,20.7,18621355.82
10,80,7,20.8,18512934.53
10,80,7,20.9,19298988.85
10,80,7,21,20328991.07
10,80,7,21.1,18594250.5
10,80,7,21.2,20600044.28
10,80,7,21.3,20518728.32
10,80,7,21.4,18811093.07
10,80,7,21.5,20030832.53
10,80,7,21.6,18919514.35
10,80,7,21.7,19542936.75
10,80,7,21.8,21115045.39
10,80,7,21.9,20518728.32
10,80,7,22,19109251.6
10,80,7,22.1,20383201.71
10,80,7,22.2,18729777.1
10,80,7,22.3,19841095.28
10,80,7,22.4,20816886.85
10,80,7,22.5,19542936.75
10,80,7,22.6,19678463.35
10,80,7,22.7,20789781.53
10,80,7,22.8,19190567.57
10,80,7,22.9,20085043.17
10,80,7,23,20356096.39
10,80,7,23.1,18160565.35
10,80,7,23.2,20139253.82
10,80,7,23.3,21521625.21
10,80,7,23.4,19570042.07
10,80,7,23.5,19407410.14
10,80,7,23.6,18811093.07
10,80,7,23.7,20274780.42
10,80,7,23.8,19082146.28
10,80,7,23.9,20112148.5
10,80,7,24,18783987.75
10,80,7,24.1,19868200.6
10,80,7,24.2,20085043.17
10,80,7,24.3,19597147.39
10,80,7,24.4,18729777.1
10,80,7,24.5,18756882.42
10,80,7,24.6,20410307.03
10,80,7,24.7,19407410.14
10,80,7,24.8,20410307.03
10,80,7,24.9,21006624.1
10,80,7,25,20301885.75
10,80,7,25.1,19732674
10,80,7,25.2,19597147.39
10,80,7,25.3,19868200.6
10,80,7,25.4,18025038.75
10,80,7,25.5,18268986.64
10,80,7,25.6,17672669.57
10,80,7,25.7,19217672.89
10,80,7,25.8,18973725
10,80,7,25.9,19786884.64
10,80,7,26,19380304.82
10,80,7,26.1,19678463.35
10,80,7,26.2,18973725
10,80,7,26.3,19326094.17
10,80,7,26.4,17428721.67
10,80,7,26.5,20166359.14
10,80,7,26.6,19082146.28
10,80,7,26.7,18838198.39
10,80,7,26.8,18973725
10,80,7,26.9,19434515.46
10,80,7,27,18241881.32
10,80,7,27.1,17753985.53
10,80,7,27.2,18919514.35
10,80,7,27.3,17889512.14
10,80,7,27.4,18892409.03
10,80,7,27.5,18729777.1
10,80,7,27.6,18512934.53
10,80,7,27.7,18702671.78
10,80,7,27.8,19353199.5
10,80,7,27.9,20057937.85
10,80,7,28,18946619.67
10,80,7,28.1,18268986.64
10,80,7,28.2,18106354.71
10,80,7,28.3,17808196.17
10,80,7,28.4,18052144.07
10,80,7,28.5,18106354.71
10,80,7,28.6,18241881.32
10,80,7,28.7,19353199.5
10,80,7,28.8,18052144.07
10,80,7,28.9,18431618.57
10,80,7,29,18241881.32
10,80,7,29.1,18214776
10,80,7,29.2,18377407.92
10,80,7,29.3,17374511.03
10,80,7,29.4,18106354.71
10,80,7,29.5,19082146.28
10,80,7,29.6,15883718.35
10,80,7,29.7,16561351.39
10,80,7,29.8,18079249.39
10,80,7,29.9,17889512.14
10,80,7,30,16751088.64
10,80,7,30.1,17699774.89
10,80,7,30.2,16181876.89
10,80,7,30.3,15314506.6
10,80,7,30.4,18323197.28
10,80,7,30.5,17618458.92
10,80,7,30.6,15260295.96
10,80,7,30.7,17997933.42
10,80,7,30.8,17076352.5
10,80,7,30.9,16859509.92
10,80,7,31,16832404.6
10,80,7,31.1,16127666.25
10,80,7,31.2,17157668.46
10,80,7,31.3,16778193.96
10,80,7,31.4,17103457.82
10,80,7,31.5,16480035.42
10,80,7,31.6,17618458.92
10,80,7,31.7,16344508.82
10,80,7,31.8,16805299.28
10,80,7,31.9,15883718.35
10,80,7,32,17049247.17
10,80,7,32.1,15368717.25
10,80,7,32.2,17049247.17
10,80,7,32.3,16263192.85
10,80,7,32.4,16642667.35
10,80,7,32.5,15693981.1
10,80,7,32.6,15585559.82
10,80,7,32.7,15585559.82
10,80,7,32.8,16046350.28
10,80,7,32.9,16561351.39
10,80,7,33,14745294.85
10,80,7,33.1,15395822.57
10,80,7,33.2,15802402.39
10,80,7,33.3,15314506.6
10,80,7,33.4,16615562.03
10,80,7,33.5,16344508.82
10,80,7,33.6,15341611.93
10,80,7,33.7,15531349.18
10,80,7,33.8,16100560.92
10,80,7,33.9,15178980
10,80,7,34,15043453.39
10,80,7,34.1,15883718.35
10,80,7,34.2,14691084.21
10,80,7,34.3,15422927.89
10,80,7,34.4,15992139.64
10,80,7,34.5,15151874.68
10,80,7,34.6,14880821.46
10,80,7,34.7,14230293.75
10,80,7,34.8,15233190.64
10,80,7,34.9,14474241.64
10,80,7,35,14176083.1
10,80,7,35.1,14447136.32
10,80,7,35.2,13688187.32
10,80,7,35.3,14013451.18
10,80,7,35.4,14962137.43
10,80,7,35.5,15016348.07
10,80,7,35.6,13986345.85
10,80,7,35.7,13579766.03
10,80,7,35.8,14880821.46
10,80,7,35.9,15206085.32
10,80,7,36,14121872.46
10,80,7,36.1,13932135.21
10,80,7,36.2,12902133
10,80,7,36.3,13173186.21
10,80,7,36.4,13796608.6
10,80,7,36.5,14907926.78
10,80,7,36.6,14474241.64
10,80,7,36.7,14392925.68
10,80,7,36.8,14663978.89
10,80,7,36.9,14176083.1
10,80,7,37,14067661.82
10,80,7,37.1,14013451.18
10,80,7,37.2,13254502.18
10,80,7,37.3,14392925.68
10,80,7,37.4,14420031
10,80,7,37.5,13173186.21
10,80,7,37.6,13417134.1
10,80,7,37.7,12495553.18
10,80,7,37.8,12441342.53
10,80,7,37.9,12658185.1
10,80,7,38,12956343.64
10,80,7,38.1,13037659.6
10,80,7,38.2,13932135.21
10,80,7,38.3,13010554.28
10,80,7,38.4,13118975.57
10,80,7,38.5,13471344.75
10,80,7,38.6,13850819.25
10,80,7,38.7,12929238.32
10,80,7,38.8,12143184
10,80,7,38.9,12712395.75
10,80,7,39,12658185.1
10,80,7,39.1,11763709.5
10,80,7,39.2,12007657.39
10,80,7,39.3,12387131.89
10,80,7,39.4,11302919.03
10,80,7,39.5,12820817.03
10,80,7,39.6,13877924.57
10,80,7,39.7,12685290.43
10,80,7,39.8,12251605.28
10,80,7,39.9,11709498.85
10,80,7,40,12224499.96
10,80,7,40.1,12847922.35
10,80,7,40.2,11926341.43
10,80,7,40.3,12387131.89
10,80,7,40.4,12414237.21
10,80,7,40.5,11086076.46
10,80,7,40.6,10787917.93
10,80,7,40.7,12143184
10,80,7,40.8,12468447.85
10,80,7,40.9,12305815.93
10,80,7,41,10923444.53
10,80,7,41.1,12143184
10,80,7,41.2,11926341.43
10,80,7,41.3,11845025.46
10,80,7,41.4,12007657.39
10,80,7,41.5,12685290.43
10,80,7,41.6,11709498.85
10,80,7,41.7,11573972.25
10,80,7,41.8,11601077.57
10,80,7,41.9,11221603.07
10,80,7,42,10950549.85
10,80,7,42.1,11302919.03
10,80,7,42.2,10381338.1
10,80,7,42.3,10950549.85
10,80,7,42.4,11492656.28
10,80,7,42.5,11438445.64
10,80,7,42.6,11926341.43
10,80,7,42.7,10516864.71
10,80,7,42.8,11194497.75
10,80,7,42.9,11086076.46
10,80,7,43,10543970.03
10,80,7,43.1,10435548.75
10,80,7,43.2,10489759.39
10,80,7,43.3,10950549.85
10,80,7,43.4,10733707.28
10,80,7,43.5,10787917.93
10,80,7,43.6,10056074.25
10,80,7,43.7,10760812.6
10,80,7,43.8,10896339.21
10,80,7,43.9,10245811.5
10,80,7,44,10327127.46
10,80,7,44.1,9812126.355
10,80,7,44.2,9812126.355
10,80,7,44.3,9595283.784
10,80,7,44.4,10300022.14
10,80,7,44.5,10977655.18
10,80,7,44.6,10300022.14
10,80,7,44.7,10598180.68
10,80,7,44.8,11004760.5
10,80,7,44.9,11004760.5
10,80,7,45,9812126.355
10,80,7,45.1,9757915.712
10,80,7,45.2,9812126.355
10,80,7,45.3,9459757.176
10,80,7,45.4,9730810.391
10,80,7,45.5,9513967.819
10,80,7,45.6,9703705.069
10,80,7,45.7,9541073.141
10,80,7,45.8,9459757.176
10,80,7,45.9,10083179.57
10,80,7,46,9757915.712
10,80,7,46.1,9974758.283
10,80,7,46.2,10028968.93
10,80,7,46.3,8700808.177
10,80,7,46.4,7914753.855
10,80,7,46.5,10489759.39
10,80,7,46.6,9622389.105
10,80,7,46.7,9107387.998
10,80,7,46.8,8971861.391
10,80,7,46.9,9703705.069
10,80,7,47,8971861.391
10,80,7,47.1,9730810.391
10,80,7,47.2,9432651.855
10,80,7,47.3,9324230.569
10,80,7,47.4,10110284.89
10,80,7,47.5,8917650.748
10,80,7,47.6,8890545.427
10,80,7,47.7,8727913.498
10,80,7,47.8,8565281.569
10,80,7,47.9,8023175.141
10,80,7,48,9080282.677
10,80,7,48.1,9405546.534
10,80,7,48.2,7833437.891
10,80,7,48.3,9622389.105
10,80,7,48.4,9378441.212
10,80,7,48.5,8863440.105
10,80,7,48.6,8483965.605
10,80,7,48.7,8700808.177
10,80,7,48.8,8971861.391
10,80,7,48.9,8212912.391
10,80,7,49,8755018.819
10,80,7,49.1,8565281.569
10,80,7,49.2,8321333.677
10,80,7,49.3,8212912.391
10,80,7,49.4,8592386.891
10,80,7,49.5,8240017.712
10,80,7,49.6,7399752.748
10,80,7,49.7,8185807.07
10,80,7,49.8,8348438.998
10,80,7,49.9,7941859.177
10,80,7,50,7345542.105
10,80,7,50.1,7345542.105
10,80,7,50.2,7941859.177
10,80,7,50.3,8565281.569
10,80,7,50.4,8809229.462
10,80,7,50.5,8402649.641
10,80,7,50.6,8240017.712
10,80,7,50.7,8565281.569
10,80,7,50.8,8131596.427
10,80,7,50.9,9107387.998
10,80,7,51,7697911.284
10,80,7,51.1,8375544.32
10,80,7,51.2,7291331.463
10,80,7,51.3,9053177.355
10,80,7,51.4,8158701.748
10,80,7,51.5,6938962.284
10,80,7,51.6,8267123.034
10,80,7,51.7,7562384.677
10,80,7,51.8,7752121.927
10,80,7,51.9,7833437.891
10,80,7,52,7833437.891
10,80,7,52.1,7481068.713
10,80,7,52.2,8890545.427
10,80,7,52.3,6803435.677
10,80,7,52.4,6803435.677
10,80,7,52.5,8158701.748
10,80,7,52.6,7318436.784
10,80,7,52.7,7562384.677
10,80,7,52.8,8077385.784
10,80,7,52.9,8023175.141
10,80,7,53,6884751.641
10,80,7,53.1,7426858.07
10,80,7,53.2,7426858.07
10,80,7,53.3,7318436.784
10,80,7,53.4,6722119.713
10,80,7,53.5,6396855.856
10,80,7,53.6,6478171.82
10,80,7,53.7,7237120.82
10,80,7,53.8,7155804.856
10,80,7,53.9,6505277.141
10,80,7,54,7074488.891
10,80,7,54.1,6640803.748
10,80,7,54.2,6884751.641
10,80,7,54.3,6234223.927
10,80,7,54.4,6938962.284
10,80,7,54.5,6695014.391
10,80,7,54.6,7562384.677
10,80,7,54.7,7182910.177
10,80,7,54.8,7047383.57
10,80,7,54.9,6667909.07
10,80,7,55,6830540.998
10,80,7,55.1,6423961.177
10,80,7,55.2,6071591.999
10,80,7,55.3,6857646.32
10,80,7,55.4,6505277.141
10,80,7,55.5,6071591.999
10,80,7,55.6,5936065.392
10,80,7,55.7,7345542.105
10,80,7,55.8,5746328.142
10,80,7,55.9,6884751.641
10,80,7,56,6640803.748
10,80,7,56.1,6667909.07
10,80,7,56.2,6017381.356
10,80,7,56.3,6938962.284
10,80,7,56.4,6098697.32
10,80,7,56.5,6532382.463
10,80,7,56.6,6369750.534
10,80,7,56.7,6180013.284
10,80,7,56.8,6695014.391
10,80,7,56.9,6369750.534
10,80,7,57,6315539.891
10,80,7,57.1,5746328.142
10,80,7,57.2,6478171.82
10,80,7,57.3,6451066.499
10,80,7,57.4,5637906.856
10,80,7,57.5,5556590.892
10,80,7,57.6,6044486.677
10,80,7,57.7,5502380.249
10,80,7,57.8,5963170.713
10,80,7,57.9,6071591.999
10,80,7,58,5637906.856
10,80,7,58.1,12875027.68
10,80,7,58.2,5800538.784
10,80,7,58.3,5556590.892
10,80,7,58.4,5800538.784
10,80,7,58.5,6478171.82
10,80,7,58.6,5963170.713
10,80,7,58.7,5746328.142
10,80,7,58.8,5746328.142
10,80,7,58.9,5393958.963
10,80,7,59,6098697.32
10,80,7,59.1,6288434.57
10,80,7,59.2,5637906.856
10,80,7,59.3,5800538.784
10,80,7,59.4,5150011.07
10,80,7,59.5,18214776
10,80,7,59.6,5719222.82
10,80,7,59.7,5583696.213
10,80,7,59.8,5556590.892
10,80,7,59.9,5719222.82
10,80,7,60,6125802.641
10,80,7,60.1,5095800.427
10,80,7,60.2,4743431.249
10,80,7,60.3,5908960.07
10,80,7,60.4,5258432.356
10,80,7,60.5,4878957.856
10,80,7,60.6,5285537.677
10,80,7,60.7,5177116.392
10,80,7,60.8,5475274.927
10,80,7,60.9,5448169.606
10,80,7,61,5068695.106
10,80,7,61.1,4824747.213
10,80,7,61.2,5312642.999
10,80,7,61.3,5231327.035
10,80,7,61.4,4933168.499
10,80,7,61.5,4987379.142
10,80,7,61.6,4797641.892
10,80,7,61.7,4987379.142
10,80,7,61.8,4635009.963
10,80,7,61.9,4553693.999
10,80,7,62,4391062.07
10,80,7,62.1,5231327.035
10,80,7,62.2,5393958.963
10,80,7,62.3,4878957.856
10,80,7,62.4,4906063.177
10,80,7,62.5,4147114.178
10,80,7,62.6,4662115.285
10,80,7,62.7,3930271.606
10,80,7,62.8,4743431.249
10,80,7,62.9,4635009.963
10,80,7,63,4282640.785
10,80,7,63.1,4445272.713
10,80,7,63.2,4065798.213
10,80,7,63.3,4418167.392
10,80,7,63.4,4553693.999
10,80,7,63.5,4391062.07
10,80,7,63.6,4336851.428
10,80,7,63.7,4743431.249
10,80,7,63.8,4851852.535
10,80,7,63.9,4147114.178
10,80,7,64,4174219.499
10,80,7,64.1,4038692.892
10,80,7,64.2,4282640.785
10,80,7,64.3,3903166.285
10,80,7,64.4,4120008.856
10,80,7,64.5,4580799.32
10,80,7,64.6,4445272.713
10,80,7,64.7,4011587.571
10,80,7,64.8,3632113.071
10,80,7,64.9,3577902.428
10,80,7,65,4363956.749
10,80,7,65.1,3876060.963
10,80,7,65.2,4038692.892
10,80,7,65.3,3632113.071
10,80,7,65.4,3225533.249
10,80,7,65.5,3930271.606
10,80,7,65.6,3848955.642
10,80,7,65.7,4228430.142
10,80,7,65.8,3767639.678
10,80,7,65.9,4499483.356
10,80,7,66,3686323.713
10,80,7,66.1,4201324.82
10,80,7,66.2,3632113.071
10,80,7,66.3,4065798.213
10,80,7,66.4,3496586.463
10,80,7,66.5,4065798.213
10,80,7,66.6,3550797.106
10,80,7,66.7,3659218.392
10,80,7,66.8,3713429.035
10,80,7,66.9,4228430.142
10,80,7,67,3550797.106
10,80,7,67.1,4716325.927
10,80,7,67.2,4309746.106
10,80,7,67.3,3306849.214
10,80,7,67.4,6261329.249
10,80,7,67.5,3415270.499
10,80,7,67.6,3144217.285
10,80,7,67.7,3740534.356
10,80,7,67.8,3550797.106
10,80,7,67.9,3388165.178
10,80,7,68,3686323.713
10,80,7,68.1,3035795.999
10,80,7,68.2,3821850.321
10,80,7,68.3,3415270.499
10,80,7,68.4,3306849.214
10,80,7,68.5,3333954.535
10,80,7,68.6,3333954.535
10,80,7,68.7,3957376.928
10,80,7,68.8,3198427.928
10,80,7,68.9,3171322.606
10,80,7,69,3035795.999
10,80,7,69.1,2737637.464
10,80,7,69.2,3198427.928
10,80,7,69.3,4065798.213
10,80,7,69.4,3306849.214
10,80,7,69.5,3550797.106
10,80,7,69.6,2303952.321
10,80,7,69.7,2412373.607
10,80,7,69.8,3252638.571
10,80,7,69.9,2439478.928
10,80,7,70,2873164.071
10,80,7,70.1,2981585.356
10,80,7,70.2,2683426.821
10,80,7,70.3,2466584.249
10,80,7,70.4,2520794.892
10,80,7,70.5,2846058.749
10,80,7,70.6,2873164.071
10,80,7,70.7,2737637.464
10,80,7,70.8,2466584.249
10,80,7,70.9,2439478.928
10,80,7,71,3198427.928
10,80,7,71.1,2710532.142
10,80,7,71.2,2520794.892
10,80,7,71.3,2737637.464
10,80,7,71.4,2629216.178
10,80,7,71.5,2412373.607
10,80,7,71.6,2710532.142
10,80,7,71.7,2412373.607
10,80,7,71.8,3198427.928
10,80,7,71.9,2331057.642
10,80,7,72,2520794.892
10,80,7,72.1,2114215.071
10,80,7,72.2,2818953.428
10,80,7,72.3,2412373.607
10,80,7,72.4,1951583.142
10,80,7,72.5,2358162.964
10,80,7,72.6,2276846.999
10,80,7,72.7,2385268.285
10,80,7,72.8,2087109.75
10,80,7,72.9,2141320.392
10,80,7,73,2222636.357
10,80,7,73.1,1897372.5
10,80,7,73.2,2276846.999
10,80,7,73.3,2331057.642
10,80,7,73.4,1653424.607
10,80,7,73.5,2358162.964
10,80,7,73.6,1734740.571
10,80,7,73.7,1951583.142
10,80,7,73.8,1572108.642
10,80,7,73.9,1951583.142
10,80,7,74,1788951.214
10,80,7,74.1,1409476.714
10,80,7,74.2,1599213.964
10,80,7,74.3,1734740.571
10,80,7,74.4,1626319.285
10,80,7,74.5,1897372.5
10,80,7,74.6,1734740.571
10,80,7,74.7,1599213.964
10,80,7,74.8,1897372.5
10,80,7,74.9,1924477.821
10,80,7,75,1355266.071
10,80,7,75.1,1626319.285
10,80,7,75.2,1599213.964
10,80,7,75.3,1572108.642
10,80,7,75.4,1355266.071
10,80,7,75.5,1653424.607
10,80,7,75.6,1490792.678
10,80,7,75.7,1436582.035
10,80,7,75.8,1246844.785
10,80,7,75.9,1436582.035
10,80,7,76,1897372.5
10,80,7,76.1,1165528.821
10,80,7,76.2,1436582.035
10,80,7,76.3,1111318.178
10,80,7,76.4,1436582.035
10,80,7,76.5,1436582.035
10,80,7,76.6,1328160.75
10,80,7,76.7,1734740.571
10,80,7,76.8,1463687.357
10,80,7,76.9,1246844.785
10,80,7,77,1030002.214
10,80,7,77.1,1301055.428
10,80,7,77.2,1490792.678
10,80,7,77.3,1030002.214
10,80,7,77.4,975791.5712
10,80,7,77.5,867370.2855
10,80,7,77.6,1138423.5
10,80,7,77.7,1030002.214
10,80,7,77.8,840264.9641
10,80,7,77.9,1030002.214
10,80,7,78,840264.9641
10,80,7,78.1,623422.3927
10,80,7,78.2,1246844.785
10,80,7,78.3,894475.6069
10,80,7,78.4,704738.357
10,80,7,78.5,650527.7141
10,80,7,78.6,894475.6069
10,80,7,78.7,542106.4284
10,80,7,78.8,813159.6427
10,80,7,78.9,623422.3927
10,80,7,79,677633.0356
10,80,7,79.1,325263.8571
10,80,7,79.2,487895.7856
10,80,7,79.3,569211.7499
10,80,7,79.4,948686.2498
10,80,7,79.5,352369.1785
10,80,7,79.6,406579.8213
10,80,7,79.7,216842.5714
10,80,7,79.8,271053.2142
10,80,7,79.9,243947.8928
10,80,7,80,54210.64284
10,150,7,3,39333.28597
10,150,7,3.1,39333.28597
10,150,7,3.2,78666.57195
10,150,7,3.3,157333.1439
10,150,7,3.4,196666.4299
10,150,7,3.5,157333.1439
10,150,7,3.6,275333.0018
10,150,7,3.7,471999.4317
10,150,7,3.8,393332.8597
10,150,7,3.9,589999.2896
10,150,7,4,983332.1493
10,150,7,4.1,1455331.581
10,150,7,4.2,1533998.153
10,150,7,4.3,1927331.013
10,150,7,4.4,2359997.158
10,150,7,4.5,2949996.448
10,150,7,4.6,3972661.883
10,150,7,4.7,4562661.173
10,150,7,4.8,4719994.317
10,150,7,4.9,4719994.317
10,150,7,5,6017992.754
10,150,7,5.1,7237324.619
10,150,7,5.2,8023990.339
10,150,7,5.3,8338656.626
10,150,7,5.4,10226654.35
10,150,7,5.5,10698653.78
10,150,7,5.6,12979984.37
10,150,7,5.7,12704651.37
10,150,7,5.8,15143315.1
10,150,7,5.9,15103981.81
10,150,7,6,17267312.54
10,150,7,6.1,18171978.12
10,150,7,6.2,19194643.56
10,150,7,6.3,20177975.7
10,150,7,6.4,22144640
10,150,7,6.5,24543970.45
10,150,7,6.6,26195968.46
10,150,7,6.7,28005299.61
10,150,7,6.8,27493966.9
10,150,7,6.9,31269962.35
10,150,7,7,30601296.49
10,150,7,7.1,34927957.94
10,150,7,7.2,36147289.81
10,150,7,7.3,36973288.82
10,150,7,7.4,123152518.4
10,150,7,7.5,43974613.72
10,150,7,7.6,41063950.56
10,150,7,7.7,41221283.7
10,150,7,7.8,44918612.58
10,150,7,7.9,49835273.33
10,150,7,8,49599273.61
10,150,7,8.1,50582605.76
10,150,7,8.2,51487271.34
10,150,7,8.3,294370312.2
10,150,7,8.4,2206912009
10,150,7,8.5,55695932.94
10,150,7,8.6,55381266.65
10,150,7,8.7,58291929.81
10,150,7,8.8,91528556.46
10,150,7,8.9,61359926.12
10,150,7,9,62028591.98
10,150,7,9.1,62343258.27
10,150,7,9.2,65647254.29
10,150,7,9.3,64742588.71
10,150,7,9.4,64978588.43
10,150,7,9.5,161463138.9
10,150,7,9.6,111509865.7
10,150,7,9.7,1577736767
10,150,7,9.8,196155097.2
10,150,7,9.9,140065831.4
10,150,7,10,699778490.8
10,150,7,10.1,79767903.95
10,150,7,10.2,80829902.68
10,150,7,10.3,32410627.64
10,150,7,10.4,33944625.8
10,150,7,10.5,33354626.51
10,150,7,10.6,35045957.8
10,150,7,10.7,34141292.23
10,150,7,10.8,38428620.4
10,150,7,10.9,38585953.54
10,150,7,11,43935280.43
10,150,7,11.1,37012622.1
10,150,7,11.2,39411952.55
10,150,7,11.3,235370383.3
10,150,7,11.4,39726618.83
10,150,7,11.5,42125949.28
10,150,7,11.6,45862611.45
10,150,7,11.7,47239276.45
10,150,7,11.8,31781295.07
10,150,7,11.9,30247296.91
10,150,7,12,38074620.82
10,150,7,12.1,31191295.78
10,150,7,12.2,28909965.19
10,150,7,12.3,28280632.62
10,150,7,12.4,29657297.62
10,150,7,12.5,29814630.77
10,150,7,12.6,30561963.2
10,150,7,12.7,32921960.36
10,150,7,12.8,31151962.49
10,150,7,12.9,30011297.2
10,150,7,13,30797962.92
10,150,7,13.1,31505962.07
10,150,7,13.2,32331961.07
10,150,7,13.3,32685960.64
10,150,7,13.4,33236626.65
10,150,7,13.5,34101958.94
10,150,7,13.6,35242624.23
10,150,7,13.7,33669292.79
10,150,7,13.8,35635957.09
10,150,7,13.9,35360624.09
10,150,7,14,34691958.23
10,150,7,14.1,36461956.1
10,150,7,14.2,37995954.25
10,150,7,14.3,36579955.96
10,150,7,14.4,34416625.23
10,150,7,14.5,34613291.66
10,150,7,14.6,37799287.82
10,150,7,14.7,37091288.67
10,150,7,14.8,35635957.09
10,150,7,14.9,39018619.69
10,150,7,15,37720621.25
10,150,7,15.1,38703953.4
10,150,7,15.2,40788617.55
10,150,7,15.3,40749284.27
10,150,7,15.4,40788617.55
10,150,7,15.5,41260616.99
10,150,7,15.6,40159284.98
10,150,7,15.7,43659947.43
10,150,7,15.8,42833948.43
10,150,7,15.9,43738614
10,150,7,16,41457283.42
10,150,7,16.1,41260616.99
10,150,7,16.2,41024617.27
10,150,7,16.3,41024617.27
10,150,7,16.4,41260616.99
10,150,7,16.5,41457283.42
10,150,7,16.6,40945950.7
10,150,7,16.7,39923285.26
10,150,7,16.8,42833948.43
10,150,7,16.9,41968616.13
10,150,7,17,43620614.14
10,150,7,17.1,40945950.7
10,150,7,17.2,41732616.42
10,150,7,17.3,43935280.43
10,150,7,17.4,47317943.03
10,150,7,17.5,43227281.29
10,150,7,17.6,43423947.72
10,150,7,17.7,46255944.31
10,150,7,17.8,42755281.85
10,150,7,17.9,43817280.57
10,150,7,18,44957945.87
10,150,7,18.1,45233278.87
10,150,7,18.2,45036612.44
10,150,7,18.3,45272612.16
10,150,7,18.4,43856613.86
10,150,7,18.5,46019944.59
10,150,7,18.6,45823278.16
10,150,7,18.7,45193945.58
10,150,7,18.8,44407279.86
10,150,7,18.9,44013947
10,150,7,19,42597948.71
10,150,7,19.1,45862611.45
10,150,7,19.2,44721946.15
10,150,7,19.3,44249946.72
10,150,7,19.4,44643279.58
10,150,7,19.5,45665945.02
10,150,7,19.6,44289280.01
10,150,7,19.7,44289280.01
10,150,7,19.8,45075945.73
10,150,7,19.9,47317943.03
10,150,7,20,43777947.29
10,150,7,20.1,46806610.31
10,150,7,20.2,42125949.28
10,150,7,20.3,46531277.31
10,150,7,20.4,46491944.02
10,150,7,20.5,46413277.45
10,150,7,20.6,43974613.72
10,150,7,20.7,44328613.29
10,150,7,20.8,46885276.88
10,150,7,20.9,45311945.44
10,150,7,21,47711275.89
10,150,7,21.1,43935280.43
10,150,7,21.2,45626611.73
10,150,7,21.3,46413277.45
10,150,7,21.4,42794615.14
10,150,7,21.5,45862611.45
10,150,7,21.6,44525279.72
10,150,7,21.7,47003276.74
10,150,7,21.8,43423947.72
10,150,7,21.9,46885276.88
10,150,7,22,44171280.15
10,150,7,22.1,46019944.59
10,150,7,22.2,44761279.44
10,150,7,22.3,43109281.43
10,150,7,22.4,47593276.03
10,150,7,22.5,44013947
10,150,7,22.6,44407279.86
10,150,7,22.7,42558615.42
10,150,7,22.8,44210613.43
10,150,7,22.9,44053280.29
10,150,7,23,45272612.16
10,150,7,23.1,41850616.28
10,150,7,23.2,45980611.3
10,150,7,23.3,42715948.57
10,150,7,23.4,44367946.58
10,150,7,23.5,43895947.15
10,150,7,23.6,42676615.28
10,150,7,23.7,44407279.86
10,150,7,23.8,41575283.27
10,150,7,23.9,42912615
10,150,7,24,42951948.28
10,150,7,24.1,41024617.27
10,150,7,24.2,43187948
10,150,7,24.3,43305947.86
10,150,7,24.4,43345281.14
10,150,7,24.5,43935280.43
10,150,7,24.6,43974613.72
10,150,7,24.7,46216611.02
10,150,7,24.8,42361948.99
10,150,7,24.9,39805285.41
10,150,7,25,42637282
10,150,7,25.1,40159284.98
10,150,7,25.2,42676615.28
10,150,7,25.3,39215286.12
10,150,7,25.4,43541947.57
10,150,7,25.5,42007949.42
10,150,7,25.6,43069948.14
10,150,7,25.7,42873281.71
10,150,7,25.8,39254619.4
10,150,7,25.9,41299950.27
10,150,7,26,42322615.71
10,150,7,26.1,38664620.11
10,150,7,26.2,41575283.27
10,150,7,26.3,42637282
10,150,7,26.4,42283282.42
10,150,7,26.5,43148614.71
10,150,7,26.6,39765952.12
10,150,7,26.7,40591951.13
10,150,7,26.8,40709950.98
10,150,7,26.9,38861286.54
10,150,7,27,42479948.85
10,150,7,27.1,40395284.7
10,150,7,27.2,43109281.43
10,150,7,27.3,38310620.54
10,150,7,27.4,40473951.27
10,150,7,27.5,42243949.14
10,150,7,27.6,38467953.68
10,150,7,27.7,39962618.55
10,150,7,27.8,38900619.83
10,150,7,27.9,42204615.85
10,150,7,28,39490619.12
10,150,7,28.1,39608618.98
10,150,7,28.2,40237951.55
10,150,7,28.3,39254619.4
10,150,7,28.4,41811282.99
10,150,7,28.5,40434617.98
10,150,7,28.6,38231953.97
10,150,7,28.7,40159284.98
10,150,7,28.8,37956620.96
10,150,7,28.9,37012622.1
10,150,7,29,37956620.96
10,150,7,29.1,36225956.38
10,150,7,29.2,34888624.66
10,150,7,29.3,38153287.39
10,150,7,29.4,38625286.83
10,150,7,29.5,37051955.39
10,150,7,29.6,38625286.83
10,150,7,29.7,40237951.55
10,150,7,29.8,37287955.1
10,150,7,29.9,37169955.25
10,150,7,30,37051955.39
10,150,7,30.1,38035287.54
10,150,7,30.2,37445288.25
10,150,7,30.3,34849291.37
10,150,7,30.4,34652624.94
10,150,7,30.5,37130621.96
10,150,7,30.6,33551292.94
10,150,7,30.7,37563288.11
10,150,7,30.8,36737289.1
10,150,7,30.9,36894622.24
10,150,7,31,36304622.95
10,150,7,31.1,36343956.24
10,150,7,31.2,34731291.51
10,150,7,31.3,36619289.24
10,150,7,31.4,34809958.09
10,150,7,31.5,36894622.24
10,150,7,31.6,36697955.81
10,150,7,31.7,35517957.23
10,150,7,31.8,34967291.23
10,150,7,31.9,35557290.52
10,150,7,32,36619289.24
10,150,7,32.1,34298625.37
10,150,7,32.2,34416625.23
10,150,7,32.3,33511959.65
10,150,7,32.4,36068623.24
10,150,7,32.5,33983959.08
10,150,7,32.6,33472626.36
10,150,7,32.7,34023292.37
10,150,7,32.8,35753956.95
10,150,7,32.9,37641954.68
10,150,7,33,36501289.38
10,150,7,33.1,35557290.52
10,150,7,33.2,34219958.8
10,150,7,33.3,33393959.79
10,150,7,33.4,34967291.23
10,150,7,33.5,33315293.22
10,150,7,33.6,34023292.37
10,150,7,33.7,34691958.23
10,150,7,33.8,34455958.51
10,150,7,33.9,32882627.07
10,150,7,34,34377291.94
10,150,7,34.1,32803960.5
10,150,7,34.2,34377291.94
10,150,7,34.3,32174627.93
10,150,7,34.4,31899294.92
10,150,7,34.5,32056628.07
10,150,7,34.6,33433293.08
10,150,7,34.7,31663295.21
10,150,7,34.8,32253294.5
10,150,7,34.9,30915962.78
10,150,7,35,32764627.22
10,150,7,35.1,32371294.36
10,150,7,35.2,31741961.78
10,150,7,35.3,30522629.92
10,150,7,35.4,33118626.79
10,150,7,35.5,30011297.2
10,150,7,35.6,31741961.78
10,150,7,35.7,31033962.63
10,150,7,35.8,33629959.51
10,150,7,35.9,30797962.92
10,150,7,36,29657297.62
10,150,7,36.1,32607294.07
10,150,7,36.2,32410627.64
10,150,7,36.3,30443963.34
10,150,7,36.4,31387962.21
10,150,7,36.5,32764627.22
10,150,7,36.6,30640629.77
10,150,7,36.7,31702628.49
10,150,7,36.8,31505962.07
10,150,7,36.9,29342631.34
10,150,7,37,31466628.78
10,150,7,37.1,28437965.76
10,150,7,37.2,30247296.91
10,150,7,37.3,28831298.62
10,150,7,37.4,31702628.49
10,150,7,37.5,29224631.48
10,150,7,37.6,33039960.22
10,150,7,37.7,32135294.64
10,150,7,37.8,29578631.05
10,150,7,37.9,29696630.91
10,150,7,38,28909965.19
10,150,7,38.1,30955296.06
10,150,7,38.2,29106631.62
10,150,7,38.3,27887299.76
10,150,7,38.4,29263964.76
10,150,7,38.5,27611966.75
10,150,7,38.6,30286630.2
10,150,7,38.7,27769299.9
10,150,7,38.8,30561963.2
10,150,7,38.9,28477299.05
10,150,7,39,28398632.47
10,150,7,39.1,28241299.33
10,150,7,39.2,29185298.19
10,150,7,39.3,28555965.62
10,150,7,39.4,27926633.04
10,150,7,39.5,29067298.33
10,150,7,39.6,27808633.18
10,150,7,39.7,29853964.05
10,150,7,39.8,26589301.32
10,150,7,39.9,29499964.48
10,150,7,40,27100634.04
10,150,7,40.1,25920635.46
10,150,7,40.2,24543970.45
10,150,7,40.3,28123299.47
10,150,7,40.4,29224631.48
10,150,7,40.5,26943300.89
10,150,7,40.6,27375967.04
10,150,7,40.7,26903967.61
10,150,7,40.8,26943300.89
10,150,7,40.9,25015969.88
10,150,7,41,29657297.62
10,150,7,41.1,26982634.18
10,150,7,41.2,25999302.03
10,150,7,41.3,26943300.89
10,150,7,41.4,25999302.03
10,150,7,41.5,25959968.74
10,150,7,41.6,28477299.05
10,150,7,41.7,25173303.02
10,150,7,41.8,25763302.31
10,150,7,41.9,27297300.47
10,150,7,42,25881302.17
10,150,7,42.1,25881302.17
10,150,7,42.2,26038635.31
10,150,7,42.3,25763302.31
10,150,7,42.4,27533300.18
10,150,7,42.5,26353301.6
10,150,7,42.6,26077968.6
10,150,7,42.7,25684635.74
10,150,7,42.8,25566635.88
10,150,7,42.9,25448636.03
10,150,7,43,26471301.46
10,150,7,43.1,26195968.46
10,150,7,43.2,25055303.17
10,150,7,43.3,25055303.17
10,150,7,43.4,24819303.45
10,150,7,43.5,24976636.59
10,150,7,43.6,25959968.74
10,150,7,43.7,25015969.88
10,150,7,43.8,24740636.88
10,150,7,43.9,23717971.44
10,150,7,44,25645302.45
10,150,7,44.1,25645302.45
10,150,7,44.2,25527302.6
10,150,7,44.3,26667967.89
10,150,7,44.4,25448636.03
10,150,7,44.5,24661970.31
10,150,7,44.6,24937303.31
10,150,7,44.7,24229304.16
10,150,7,44.8,23914637.87
10,150,7,44.9,22695306.01
10,150,7,45,24701303.59
10,150,7,45.1,23875304.59
10,150,7,45.2,22577306.15
10,150,7,45.3,23127972.15
10,150,7,45.4,23206638.72
10,150,7,45.5,25999302.03
10,150,7,45.6,22341306.43
10,150,7,45.7,24032637.73
10,150,7,45.8,25173303.02
10,150,7,45.9,23442638.44
10,150,7,46,22380639.72
10,150,7,46.1,22655972.72
10,150,7,46.2,22498639.58
10,150,7,46.3,23717971.44
10,150,7,46.4,23009972.29
10,150,7,46.5,22498639.58
10,150,7,46.6,23914637.87
10,150,7,46.7,22065973.43
10,150,7,46.8,22341306.43
10,150,7,46.9,21790640.43
10,150,7,47,23953971.16
10,150,7,47.1,23560638.3
10,150,7,47.2,23363971.87
10,150,7,47.3,21121974.57
10,150,7,47.4,22616639.43
10,150,7,47.5,23167305.44
10,150,7,47.6,23953971.16
10,150,7,47.7,21751307.14
10,150,7,47.8,23285305.3
10,150,7,47.9,21711973.86
10,150,7,48,23757304.73
10,150,7,48.1,20610641.85
10,150,7,48.2,22144640
10,150,7,48.3,21829973.72
10,150,7,48.4,21279307.71
10,150,7,48.5,20964641.42
10,150,7,48.6,21082641.28
10,150,7,48.7,21751307.14
10,150,7,48.8,22695306.01
10,150,7,48.9,20885974.85
10,150,7,49,22144640
10,150,7,49.1,22341306.43
10,150,7,49.2,21633307.29
10,150,7,49.3,23009972.29
10,150,7,49.4,21633307.29
10,150,7,49.5,20767974.99
10,150,7,49.6,22419973.01
10,150,7,49.7,21790640.43
10,150,7,49.8,21593974
10,150,7,49.9,21161307.85
10,150,7,50,21751307.14
10,150,7,50.1,21318641
10,150,7,50.2,20767974.99
10,150,7,50.3,20453308.71
10,150,7,50.4,20728641.71
10,150,7,50.5,19784642.84
10,150,7,50.6,20453308.71
10,150,7,50.7,20413975.42
10,150,7,50.8,20374642.13
10,150,7,50.9,20295975.56
10,150,7,51,20728641.71
10,150,7,51.1,21003974.71
10,150,7,51.2,19981309.27
10,150,7,51.3,19823976.13
10,150,7,51.4,18801310.7
10,150,7,51.5,17896645.12
10,150,7,51.6,20689308.42
10,150,7,51.7,19627309.7
10,150,7,51.8,20335308.85
10,150,7,51.9,20610641.85
10,150,7,52,19627309.7
10,150,7,52.1,19981309.27
10,150,7,52.2,19863309.42
10,150,7,52.3,20413975.42
10,150,7,52.4,20335308.85
10,150,7,52.5,18879977.27
10,150,7,52.6,19273310.13
10,150,7,52.7,18683310.84
10,150,7,52.8,19312643.41
10,150,7,52.9,18014644.98
10,150,7,53,21279307.71
10,150,7,53.1,20256642.28
10,150,7,53.2,19941975.99
10,150,7,53.3,18958643.84
10,150,7,53.4,17935978.4
10,150,7,53.5,20295975.56
10,150,7,53.6,18879977.27
10,150,7,53.7,19705976.27
10,150,7,53.8,19587976.41
10,150,7,53.9,19351976.7
10,150,7,54,19863309.42
10,150,7,54.1,18329311.26
10,150,7,54.2,19430643.27
10,150,7,54.3,18958643.84
10,150,7,54.4,17699978.69
10,150,7,54.5,19155310.27
10,150,7,54.6,18958643.84
10,150,7,54.7,19627309.7
10,150,7,54.8,17660645.4
10,150,7,54.9,18683310.84
10,150,7,55,18683310.84
10,150,7,55.1,18761977.41
10,150,7,55.2,19076643.7
10,150,7,55.3,16913312.97
10,150,7,55.4,17817978.55
10,150,7,55.5,17660645.4
10,150,7,55.6,17109979.4
10,150,7,55.7,18447311.12
10,150,7,55.8,16873979.68
10,150,7,55.9,17542645.54
10,150,7,56,18093311.55
10,150,7,56.1,17975311.69
10,150,7,56.2,17149312.68
10,150,7,56.3,17857311.83
10,150,7,56.4,19076643.7
10,150,7,56.5,19194643.56
10,150,7,56.6,18289977.98
10,150,7,56.7,17503312.26
10,150,7,56.8,17188645.97
10,150,7,56.9,17424645.69
10,150,7,57,16716646.54
10,150,7,57.1,17070646.11
10,150,7,57.2,18250644.69
10,150,7,57.3,17385312.4
10,150,7,57.4,16519980.11
10,150,7,57.5,18250644.69
10,150,7,57.6,17660645.4
10,150,7,57.7,16441313.54
10,150,7,57.8,17581978.83
10,150,7,57.9,17109979.4
10,150,7,58,16559313.39
10,150,7,58.1,202999088.9
10,150,7,58.2,15772647.68
10,150,7,58.3,16716646.54
10,150,7,58.4,16913312.97
10,150,7,58.5,17660645.4
10,150,7,58.6,15261314.96
10,150,7,58.7,16834646.4
10,150,7,58.8,16480646.82
10,150,7,58.9,16244647.11
10,150,7,59,16795313.11
10,150,7,59.1,16047980.68
10,150,7,59.2,16519980.11
10,150,7,59.3,15064648.53
10,150,7,59.4,16244647.11
10,150,7,59.5,335316262.9
10,150,7,59.6,15575981.25
10,150,7,59.7,15733314.39
10,150,7,59.8,16480646.82
10,150,7,59.9,16126647.25
10,150,7,60,15457981.39
10,150,7,60.1,15969314.11
10,150,7,60.2,16087313.96
10,150,7,60.3,14671315.67
10,150,7,60.4,15300648.24
10,150,7,60.5,16598646.68
10,150,7,60.6,14671315.67
10,150,7,60.7,16952646.25
10,150,7,60.8,17227979.26
10,150,7,60.9,14710648.95
10,150,7,61,15025315.24
10,150,7,61.1,16362646.97
10,150,7,61.2,16480646.82
10,150,7,61.3,15339981.53
10,150,7,61.4,15143315.1
10,150,7,61.5,15497314.67
10,150,7,61.6,15693981.1
10,150,7,61.7,15575981.25
10,150,7,61.8,15064648.53
10,150,7,61.9,15457981.39
10,150,7,62,15851314.25
10,150,7,62.1,14671315.67
10,150,7,62.2,16637979.97
10,150,7,62.3,15733314.39
10,150,7,62.4,13923983.23
10,150,7,62.5,14395982.67
10,150,7,62.6,15890647.53
10,150,7,62.7,15182648.39
10,150,7,62.8,14513982.52
10,150,7,62.9,15064648.53
10,150,7,63,16205313.82
10,150,7,63.1,14828648.81
10,150,7,63.2,13766650.09
10,150,7,63.3,15221981.67
10,150,7,63.4,15379314.82
10,150,7,63.5,14867982.1
10,150,7,63.6,14671315.67
10,150,7,63.7,14238649.52
10,150,7,63.8,13845316.66
10,150,7,63.9,15457981.39
10,150,7,64,15497314.67
10,150,7,64.1,14199316.24
10,150,7,64.2,13963316.52
10,150,7,64.3,15811980.96
10,150,7,64.4,16165980.54
10,150,7,64.5,14277982.81
10,150,7,64.6,13412650.52
10,150,7,64.7,14749982.24
10,150,7,64.8,14199316.24
10,150,7,64.9,14553315.81
10,150,7,65,13412650.52
10,150,7,65.1,14159982.95
10,150,7,65.2,14002649.81
10,150,7,65.3,13923983.23
10,150,7,65.4,14277982.81
10,150,7,65.5,13727316.8
10,150,7,65.6,13491317.09
10,150,7,65.7,14159982.95
10,150,7,65.8,14749982.24
10,150,7,65.9,13412650.52
10,150,7,66,13609316.95
10,150,7,66.1,13727316.8
10,150,7,66.2,13530650.38
10,150,7,66.3,13727316.8
10,150,7,66.4,13019317.66
10,150,7,66.5,13727316.8
10,150,7,66.6,14435315.95
10,150,7,66.7,13766650.09
10,150,7,66.8,12153985.37
10,150,7,66.9,13294650.66
10,150,7,67,14395982.67
10,150,7,67.1,47239276.45
10,150,7,67.2,13137317.52
10,150,7,67.3,12940651.09
10,150,7,67.4,82481900.69
10,150,7,67.5,13333983.95
10,150,7,67.6,13766650.09
10,150,7,67.7,13373317.23
10,150,7,67.8,13373317.23
10,150,7,67.9,14435315.95
10,150,7,68,13137317.52
10,150,7,68.1,12783317.94
10,150,7,68.2,14435315.95
10,150,7,68.3,13255317.37
10,150,7,68.4,11249319.79
10,150,7,68.5,12979984.37
10,150,7,68.6,13451983.8
10,150,7,68.7,13412650.52
10,150,7,68.8,12389985.08
10,150,7,68.9,12389985.08
10,150,7,69,12940651.09
10,150,7,69.1,12625984.8
10,150,7,69.2,21003974.71
10,150,7,69.3,27611966.75
10,150,7,69.4,13137317.52
10,150,7,69.5,15300648.24
10,150,7,69.6,14395982.67
10,150,7,69.7,11603319.36
10,150,7,69.8,11485319.5
10,150,7,69.9,11485319.5
10,150,7,70,11878652.36
10,150,7,70.1,11131319.93
10,150,7,70.2,11681985.93
10,150,7,70.3,11917985.65
10,150,7,70.4,12075318.79
10,150,7,70.5,11367319.65
10,150,7,70.6,12389985.08
10,150,7,70.7,11563986.08
10,150,7,70.8,12075318.79
10,150,7,70.9,11406652.93
10,150,7,71,12114652.08
10,150,7,71.1,12822651.23
10,150,7,71.2,11642652.65
10,150,7,71.3,10187321.07
10,150,7,71.4,10383987.5
10,150,7,71.5,12035985.51
10,150,7,71.6,12783317.94
10,150,7,71.7,11249319.79
10,150,7,71.8,11996652.22
10,150,7,71.9,11878652.36
10,150,7,72,12075318.79
10,150,7,72.1,11170653.22
10,150,7,72.2,10698653.78
10,150,7,72.3,11957318.94
10,150,7,72.4,11170653.22
10,150,7,72.5,11839319.08
10,150,7,72.6,11249319.79
10,150,7,72.7,10698653.78
10,150,7,72.8,10895320.21
10,150,7,72.9,10855986.93
10,150,7,73,11406652.93
10,150,7,73.1,9085989.06
10,150,7,73.2,11052653.36
10,150,7,73.3,11170653.22
10,150,7,73.4,10501987.36
10,150,7,73.5,9164655.632
10,150,7,73.6,10659320.5
10,150,7,73.7,10737987.07
10,150,7,73.8,11563986.08
10,150,7,73.9,10541320.64
10,150,7,74,10226654.35
10,150,7,74.1,9990654.637
10,150,7,74.2,10108654.5
10,150,7,74.3,11249319.79
10,150,7,74.4,9479321.92
10,150,7,74.5,11406652.93
10,150,7,74.6,10344654.21
10,150,7,74.7,10698653.78
10,150,7,74.8,10973986.79
10,150,7,74.9,10305320.93
10,150,7,75,10069321.21
10,150,7,75.1,10895320.21
10,150,7,75.2,10580653.93
10,150,7,75.3,10265987.64
10,150,7,75.4,11406652.93
10,150,7,75.5,10108654.5
10,150,7,75.6,10501987.36
10,150,7,75.7,10855986.93
10,150,7,75.8,10462654.07
10,150,7,75.9,9911988.065
10,150,7,76,10462654.07
10,150,7,76.1,10305320.93
10,150,7,76.2,10423320.78
10,150,7,76.3,10069321.21
10,150,7,76.4,9715321.636
10,150,7,76.5,8771322.772
10,150,7,76.6,10383987.5
10,150,7,76.7,9833321.493
10,150,7,76.8,9754654.922
10,150,7,76.9,9833321.493
10,150,7,77,10462654.07
10,150,7,77.1,10737987.07
10,150,7,77.2,9872654.779
10,150,7,77.3,9872654.779
10,150,7,77.4,10265987.64
10,150,7,77.5,10069321.21
10,150,7,77.6,9518655.206
10,150,7,77.7,9715321.636
10,150,7,77.8,8535323.056
10,150,7,77.9,10029987.92
10,150,7,78,8967989.202
10,150,7,78.1,9282655.49
10,150,7,78.2,10659320.5
10,150,7,78.3,10069321.21
10,150,7,78.4,10777320.36
10,150,7,78.5,9557988.492
10,150,7,78.6,9675988.35
10,150,7,78.7,10265987.64
10,150,7,78.8,10737987.07
10,150,7,78.9,9125322.346
10,150,7,79,9793988.207
10,150,7,79.1,9793988.207
10,150,7,79.2,10147987.78
10,150,7,79.3,10659320.5
10,150,7,79.4,10029987.92
10,150,7,79.5,9400655.348
10,150,7,79.6,10383987.5
10,150,7,79.7,9125322.346
10,150,7,79.8,9479321.92
10,150,7,79.9,10462654.07
10,150,7,80,11013320.07
10,150,7,80.1,9557988.492
10,150,7,80.2,9518655.206
10,150,7,80.3,9282655.49
10,150,7,80.4,9164655.632
10,150,7,80.5,9361322.062
10,150,7,80.6,9085989.06
10,150,7,80.7,9479321.92
10,150,7,80.8,8849989.344
10,150,7,80.9,9321988.776
10,150,7,81,8102656.911
10,150,7,81.1,9046655.774
10,150,7,81.2,9990654.637
10,150,7,81.3,8810656.058
10,150,7,81.4,9046655.774
10,150,7,81.5,9085989.06
10,150,7,81.6,9203988.918
10,150,7,81.7,9557988.492
10,150,7,81.8,8849989.344
10,150,7,81.9,10423320.78
10,150,7,82,8810656.058
10,150,7,82.1,8967989.202
10,150,7,82.2,9675988.35
10,150,7,82.3,9754654.922
10,150,7,82.4,9125322.346
10,150,7,82.5,9282655.49
10,150,7,82.6,8889322.63
10,150,7,82.7,8928655.916
10,150,7,82.8,8928655.916
10,150,7,82.9,9125322.346
10,150,7,83,8692656.2
10,150,7,83.1,9203988.918
10,150,7,83.2,10226654.35
10,150,7,83.3,9793988.207
10,150,7,83.4,8377989.912
10,150,7,83.5,7945323.767
10,150,7,83.6,8653322.914
10,150,7,83.7,8535323.056
10,150,7,83.8,8377989.912
10,150,7,83.9,9557988.492
10,150,7,84,8220656.769
10,150,7,84.1,9479321.92
10,150,7,84.2,9125322.346
10,150,7,84.3,8338656.626
10,150,7,84.4,8731989.486
10,150,7,84.5,8889322.63
10,150,7,84.6,9243322.204
10,150,7,84.7,8141990.197
10,150,7,84.8,8299323.34
10,150,7,84.9,8102656.911
10,150,7,85,9085989.06
10,150,7,85.1,8967989.202
10,150,7,85.2,8731989.486
10,150,7,85.3,7945323.767
10,150,7,85.4,9007322.488
10,150,7,85.5,8574656.342
10,150,7,85.6,8023990.339
10,150,7,85.7,7787990.623
10,150,7,85.8,8259990.055
10,150,7,85.9,7709324.051
10,150,7,86,7315991.191
10,150,7,86.1,8141990.197
10,150,7,86.2,8967989.202
10,150,7,86.3,7709324.051
10,150,7,86.4,7709324.051
10,150,7,86.5,7709324.051
10,150,7,86.6,9046655.774
10,150,7,86.7,8102656.911
10,150,7,86.8,9636655.064
10,150,7,86.9,8141990.197
10,150,7,87,8102656.911
10,150,7,87.1,8928655.916
10,150,7,87.2,8023990.339
10,150,7,87.3,8653322.914
10,150,7,87.4,7984657.053
10,150,7,87.5,8613989.628
10,150,7,87.6,8023990.339
10,150,7,87.7,8849989.344
10,150,7,87.8,7119324.761
10,150,7,87.9,8653322.914
10,150,7,88,7984657.053
10,150,7,88.1,7669990.765
10,150,7,88.2,7827323.909
10,150,7,88.3,7787990.623
10,150,7,88.4,7630657.479
10,150,7,88.5,7433991.049
10,150,7,88.6,7551990.907
10,150,7,88.7,8023990.339
10,150,7,88.8,7433991.049
10,150,7,88.9,7709324.051
10,150,7,89,8220656.769
10,150,7,89.1,7984657.053
10,150,7,89.2,7905990.481
10,150,7,89.3,7905990.481
10,150,7,89.4,8928655.916
10,150,7,89.5,6804658.473
10,150,7,89.6,7669990.765
10,150,7,89.7,7827323.909
10,150,7,89.8,8456656.484
10,150,7,89.9,7512657.621
10,150,7,90,8259990.055
10,150,7,90.1,7630657.479
10,150,7,90.2,6961991.617
10,150,7,90.3,8692656.2
10,150,7,90.4,6922658.331
10,150,7,90.5,6607992.044
10,150,7,90.6,7119324.761
10,150,7,90.7,7709324.051
10,150,7,90.8,7394657.763
10,150,7,90.9,7630657.479
10,150,7,91,7787990.623
10,150,7,91.1,6607992.044
10,150,7,91.2,7709324.051
10,150,7,91.3,7237324.619
10,150,7,91.4,6961991.617
10,150,7,91.5,7591324.193
10,150,7,91.6,7119324.761
10,150,7,91.7,6961991.617
10,150,7,91.8,6529325.472
10,150,7,91.9,7630657.479
10,150,7,92,7315991.191
10,150,7,92.1,7630657.479
10,150,7,92.2,7945323.767
10,150,7,92.3,7237324.619
10,150,7,92.4,7630657.479
10,150,7,92.5,6411325.614
10,150,7,92.6,7630657.479
10,150,7,92.7,6489992.186
10,150,7,92.8,6371992.328
10,150,7,92.9,7119324.761
10,150,7,93,7276657.905
10,150,7,93.1,6883325.045
10,150,7,93.2,7040658.189
10,150,7,93.3,7158658.047
10,150,7,93.4,6961991.617
10,150,7,93.5,7276657.905
10,150,7,93.6,7001324.903
10,150,7,93.7,7945323.767
10,150,7,93.8,6843991.759
10,150,7,93.9,7551990.907
10,150,7,94,7355324.477
10,150,7,94.1,6961991.617
10,150,7,94.2,7276657.905
10,150,7,94.3,8259990.055
10,150,7,94.4,7315991.191
10,150,7,94.5,6293325.756
10,150,7,94.6,7079991.475
10,150,7,94.7,7433991.049
10,150,7,94.8,6017992.754
10,150,7,94.9,6843991.759
10,150,7,95,6922658.331
10,150,7,95.1,7079991.475
10,150,7,95.2,6568658.758
10,150,7,95.3,7158658.047
10,150,7,95.4,6922658.331
10,150,7,95.5,6961991.617
10,150,7,95.6,6411325.614
10,150,7,95.7,7669990.765
10,150,7,95.8,6725991.902
10,150,7,95.9,6450658.9
10,150,7,96,6607992.044
10,150,7,96.1,6489992.186
10,150,7,96.2,7237324.619
10,150,7,96.3,7001324.903
10,150,7,96.4,6096659.326
10,150,7,96.5,6253992.47
10,150,7,96.6,6135992.612
10,150,7,96.7,6883325.045
10,150,7,96.8,6057326.04
10,150,7,96.9,6725991.902
10,150,7,97,6135992.612
10,150,7,97.1,7001324.903
10,150,7,97.2,7158658.047
10,150,7,97.3,6568658.758
10,150,7,97.4,5939326.182
10,150,7,97.5,6332659.042
10,150,7,97.6,7669990.765
10,150,7,97.7,6725991.902
10,150,7,97.8,6096659.326
10,150,7,97.9,6253992.47
10,150,7,98,6017992.754
10,150,7,98.1,6804658.473
10,150,7,98.2,6371992.328
10,150,7,98.3,6961991.617
10,150,7,98.4,6489992.186
10,150,7,98.5,6489992.186
10,150,7,98.6,6843991.759
10,150,7,98.7,6804658.473
10,150,7,98.8,5860659.61
10,150,7,98.9,7158658.047
10,150,7,99,6371992.328
10,150,7,99.1,6332659.042
10,150,7,99.2,7158658.047
10,150,7,99.3,6450658.9
10,150,7,99.4,6057326.04
10,150,7,99.5,6096659.326
10,150,7,99.6,6725991.902
10,150,7,99.7,6096659.326
10,150,7,99.8,5388660.178
10,150,7,99.9,6961991.617
10,150,7,100,6883325.045
10,150,7,100.1,6529325.472
10,150,7,100.2,6686658.616
10,150,7,100.3,4523327.887
10,150,7,100.4,5742659.752
10,150,7,100.5,5742659.752
10,150,7,100.6,6293325.756
10,150,7,100.7,6450658.9
10,150,7,100.8,5781993.038
10,150,7,100.9,5624659.894
10,150,7,101,6450658.9
10,150,7,101.1,5624659.894
10,150,7,101.2,6293325.756
10,150,7,101.3,5506660.036
10,150,7,101.4,6253992.47
10,150,7,101.5,5427993.464
10,150,7,101.6,6450658.9
10,150,7,101.7,6371992.328
10,150,7,101.8,5545993.322
10,150,7,101.9,6293325.756
10,150,7,102,6214659.184
10,150,7,102.1,6135992.612
10,150,7,102.2,6765325.188
10,150,7,102.3,6253992.47
10,150,7,102.4,5388660.178
10,150,7,102.5,5939326.182
10,150,7,102.6,6017992.754
10,150,7,102.7,5467326.75
10,150,7,102.8,5585326.608
10,150,7,102.9,5939326.182
10,150,7,103,4995327.319
10,150,7,103.1,5939326.182
10,150,7,103.2,5506660.036
10,150,7,103.3,5939326.182
10,150,7,103.4,5506660.036
10,150,7,103.5,5152660.463
10,150,7,103.6,4995327.319
10,150,7,103.7,5860659.61
10,150,7,103.8,5860659.61
10,150,7,103.9,5506660.036
10,150,7,104,5899992.896
10,150,7,104.1,5113327.177
10,150,7,104.2,5034660.605
10,150,7,104.3,5191993.749
10,150,7,104.4,6096659.326
10,150,7,104.5,6450658.9
10,150,7,104.6,5821326.324
10,150,7,104.7,5703326.466
10,150,7,104.8,5427993.464
10,150,7,104.9,5624659.894
10,150,7,105,4916660.747
10,150,7,105.1,6371992.328
10,150,7,105.2,5388660.178
10,150,7,105.3,5270660.32
10,150,7,105.4,5781993.038
10,150,7,105.5,5309993.606
10,150,7,105.6,4877327.461
10,150,7,105.7,6057326.04
10,150,7,105.8,5270660.32
10,150,7,105.9,5467326.75
10,150,7,106,5899992.896
10,150,7,106.1,5781993.038
10,150,7,106.2,5073993.891
10,150,7,106.3,4955994.033
10,150,7,106.4,6135992.612
10,150,7,106.5,5231327.035
10,150,7,106.6,5309993.606
10,150,7,106.7,5624659.894
10,150,7,106.8,5191993.749
10,150,7,106.9,5427993.464
10,150,7,107,5309993.606
10,150,7,107.1,5073993.891
10,150,7,107.2,5467326.75
10,150,7,107.3,5624659.894
10,150,7,107.4,5545993.322
10,150,7,107.5,5545993.322
10,150,7,107.6,6175325.898
10,150,7,107.7,4877327.461
10,150,7,107.8,5231327.035
10,150,7,107.9,4365994.743
10,150,7,108,4601994.459
10,150,7,108.1,5152660.463
10,150,7,108.2,4798660.889
10,150,7,108.3,4995327.319
10,150,7,108.4,5073993.891
10,150,7,108.5,4129995.027
10,150,7,108.6,5270660.32
10,150,7,108.7,4365994.743
10,150,7,108.8,5427993.464
10,150,7,108.9,5427993.464
10,150,7,109,5506660.036
10,150,7,109.1,4995327.319
10,150,7,109.2,4995327.319
10,150,7,109.3,5349326.892
10,150,7,109.4,5624659.894
10,150,7,109.5,4877327.461
10,150,7,109.6,4798660.889
10,150,7,109.7,4916660.747
10,150,7,109.8,5388660.178
10,150,7,109.9,5860659.61
10,150,7,110,4877327.461
10,150,7,110.1,4995327.319
10,150,7,110.2,5781993.038
10,150,7,110.3,5388660.178
10,150,7,110.4,4680661.031
10,150,7,110.5,4562661.173
10,150,7,110.6,5821326.324
10,150,7,110.7,5467326.75
10,150,7,110.8,4759327.603
10,150,7,110.9,4759327.603
10,150,7,111,5113327.177
10,150,7,111.1,5152660.463
10,150,7,111.2,5231327.035
10,150,7,111.3,5349326.892
10,150,7,111.4,5073993.891
10,150,7,111.5,4523327.887
10,150,7,111.6,4837994.175
10,150,7,111.7,4601994.459
10,150,7,111.8,4798660.889
10,150,7,111.9,4916660.747
10,150,7,112,4169328.313
10,150,7,112.1,4601994.459
10,150,7,112.2,4562661.173
10,150,7,112.3,4365994.743
10,150,7,112.4,4523327.887
10,150,7,112.5,4955994.033
10,150,7,112.6,4287328.171
10,150,7,112.7,4523327.887
10,150,7,112.8,4444661.315
10,150,7,112.9,4090661.741
10,150,7,113,4208661.599
10,150,7,113.1,4719994.317
10,150,7,113.2,4719994.317
10,150,7,113.3,3775995.453
10,150,7,113.4,4405328.029
10,150,7,113.5,4326661.457
10,150,7,113.6,5585326.608
10,150,7,113.7,4759327.603
10,150,7,113.8,5506660.036
10,150,7,113.9,4405328.029
10,150,7,114,5467326.75
10,150,7,114.1,4208661.599
10,150,7,114.2,4601994.459
10,150,7,114.3,3815328.739
10,150,7,114.4,4641327.745
10,150,7,114.5,4169328.313
10,150,7,114.6,4011995.169
10,150,7,114.7,4601994.459
10,150,7,114.8,4680661.031
10,150,7,114.9,4719994.317
10,150,7,115,4090661.741
10,150,7,115.1,4798660.889
10,150,7,115.2,4719994.317
10,150,7,115.3,4955994.033
10,150,7,115.4,4326661.457
10,150,7,115.5,3933328.597
10,150,7,115.6,3736662.168
10,150,7,115.7,4208661.599
10,150,7,115.8,3972661.883
10,150,7,115.9,4090661.741
10,150,7,116,4129995.027
10,150,7,116.1,3500662.452
10,150,7,116.2,3854662.025
10,150,7,116.3,3343329.308
10,150,7,116.4,4208661.599
10,150,7,116.5,4090661.741
10,150,7,116.6,4090661.741
10,150,7,116.7,3854662.025
10,150,7,116.8,4444661.315
10,150,7,116.9,4051328.455
10,150,7,117,3854662.025
10,150,7,117.1,3775995.453
10,150,7,117.2,3382662.594
10,150,7,117.3,3657995.596
10,150,7,117.4,4601994.459
10,150,7,117.5,3539995.738
10,150,7,117.6,4247994.885
10,150,7,117.7,3893995.311
10,150,7,117.8,4877327.461
10,150,7,117.9,4523327.887
10,150,7,118,4208661.599
10,150,7,118.1,4011995.169
10,150,7,118.2,4129995.027
10,150,7,118.3,3500662.452
10,150,7,118.4,3146662.878
10,150,7,118.5,3972661.883
10,150,7,118.6,3736662.168
10,150,7,118.7,3854662.025
10,150,7,118.8,3775995.453
10,150,7,118.9,3775995.453
10,150,7,119,3539995.738
10,150,7,119.1,4051328.455
10,150,7,119.2,3933328.597
10,150,7,119.3,3146662.878
10,150,7,119.4,4523327.887
10,150,7,119.5,3618662.31
10,150,7,119.6,3303996.022
10,150,7,119.7,3461329.166
10,150,7,119.8,3539995.738
10,150,7,119.9,3933328.597
10,150,7,120,4287328.171
10,150,7,120.1,3067996.306
10,150,7,120.2,4129995.027
10,150,7,120.3,4208661.599
10,150,7,120.4,3618662.31
10,150,7,120.5,3736662.168
10,150,7,120.6,3461329.166
10,150,7,120.7,3657995.596
10,150,7,120.8,3775995.453
10,150,7,120.9,3618662.31
10,150,7,121,3657995.596
10,150,7,121.1,4326661.457
10,150,7,121.2,4208661.599
10,150,7,121.3,3579329.024
10,150,7,121.4,4247994.885
10,150,7,121.5,3225329.45
10,150,7,121.6,3579329.024
10,150,7,121.7,3697328.882
10,150,7,121.8,4405328.029
10,150,7,121.9,4051328.455
10,150,7,122,3028663.02
10,150,7,122.1,3854662.025
10,150,7,122.2,3067996.306
10,150,7,122.3,3815328.739
10,150,7,122.4,2792663.304
10,150,7,122.5,3579329.024
10,150,7,122.6,3815328.739
10,150,7,122.7,3618662.31
10,150,7,122.8,3775995.453
10,150,7,122.9,4051328.455
10,150,7,123,2831996.59
10,150,7,123.1,4129995.027
10,150,7,123.2,3343329.308
10,150,7,123.3,3854662.025
10,150,7,123.4,3264662.736
10,150,7,123.5,2320663.872
10,150,7,123.6,3893995.311
10,150,7,123.7,3382662.594
10,150,7,123.8,3775995.453
10,150,7,123.9,3461329.166
10,150,7,124,3107329.592
10,150,7,124.1,3775995.453
10,150,7,124.2,3303996.022
10,150,7,124.3,3893995.311
10,150,7,124.4,3854662.025
10,150,7,124.5,3225329.45
10,150,7,124.6,4523327.887
10,150,7,124.7,3933328.597
10,150,7,124.8,2556663.588
10,150,7,124.9,3107329.592
10,150,7,125,2989329.734
10,150,7,125.1,2831996.59
10,150,7,125.2,3736662.168
10,150,7,125.3,3264662.736
10,150,7,125.4,2831996.59
10,150,7,125.5,3421995.88
10,150,7,125.6,3225329.45
10,150,7,125.7,2949996.448
10,150,7,125.8,3421995.88
10,150,7,125.9,2241997.301
10,150,7,126,3579329.024
10,150,7,126.1,3736662.168
10,150,7,126.2,2949996.448
10,150,7,126.3,2871329.876
10,150,7,126.4,3500662.452
10,150,7,126.5,3500662.452
10,150,7,126.6,3107329.592
10,150,7,126.7,3107329.592
10,150,7,126.8,3225329.45
10,150,7,126.9,2910663.162
10,150,7,127,3303996.022
10,150,7,127.1,2989329.734
10,150,7,127.2,2713996.732
10,150,7,127.3,3225329.45
10,150,7,127.4,3343329.308
10,150,7,127.5,3107329.592
10,150,7,127.6,3028663.02
10,150,7,127.7,3185996.164
10,150,7,127.8,2635330.16
10,150,7,127.9,3382662.594
10,150,7,128,2753330.018
10,150,7,128.1,3461329.166
10,150,7,128.2,3303996.022
10,150,7,128.3,2674663.446
10,150,7,128.4,2910663.162
10,150,7,128.5,2753330.018
10,150,7,128.6,2753330.018
10,150,7,128.7,3539995.738
10,150,7,128.8,3500662.452
10,150,7,128.9,2713996.732
10,150,7,129,1927331.013
10,150,7,129.1,3736662.168
10,150,7,129.2,3146662.878
10,150,7,129.3,2831996.59
10,150,7,129.4,3382662.594
10,150,7,129.5,2005997.585
10,150,7,129.6,2517330.302
10,150,7,129.7,2831996.59
10,150,7,129.8,3264662.736
10,150,7,129.9,2753330.018
10,150,7,130,3303996.022
10,150,7,130.1,3185996.164
10,150,7,130.2,2399330.444
10,150,7,130.3,2399330.444
10,150,7,130.4,2320663.872
10,150,7,130.5,2831996.59
10,150,7,130.6,2910663.162
10,150,7,130.7,2713996.732
10,150,7,130.8,2910663.162
10,150,7,130.9,2989329.734
10,150,7,131,2517330.302
10,150,7,131.1,2241997.301
10,150,7,131.2,2399330.444
10,150,7,131.3,2871329.876
10,150,7,131.4,2477997.016
10,150,7,131.5,2792663.304
10,150,7,131.6,2989329.734
10,150,7,131.7,1966664.299
10,150,7,131.8,2595996.874
10,150,7,131.9,2792663.304
10,150,7,132,2753330.018
10,150,7,132.1,2949996.448
10,150,7,132.2,2556663.588
10,150,7,132.3,3185996.164
10,150,7,132.4,2674663.446
10,150,7,132.5,2359997.158
10,150,7,132.6,2045330.871
10,150,7,132.7,2910663.162
10,150,7,132.8,2753330.018
10,150,7,132.9,2556663.588
10,150,7,133,2163330.729
10,150,7,133.1,1927331.013
10,150,7,133.2,2871329.876
10,150,7,133.3,2359997.158
10,150,7,133.4,2438663.73
10,150,7,133.5,2241997.301
10,150,7,133.6,2871329.876
10,150,7,133.7,2477997.016
10,150,7,133.8,2241997.301
10,150,7,133.9,2359997.158
10,150,7,134,2045330.871
10,150,7,134.1,2399330.444
10,150,7,134.2,2359997.158
10,150,7,134.3,2713996.732
10,150,7,134.4,2241997.301
10,150,7,134.5,2438663.73
10,150,7,134.6,2084664.157
10,150,7,134.7,1966664.299
10,150,7,134.8,2320663.872
10,150,7,134.9,2281330.586
10,150,7,135,2005997.585
10,150,7,135.1,2399330.444
10,150,7,135.2,2359997.158
10,150,7,135.3,2320663.872
10,150,7,135.4,1730664.583
10,150,7,135.5,2281330.586
10,150,7,135.6,2556663.588
10,150,7,135.7,2123997.443
10,150,7,135.8,2202664.015
10,150,7,135.9,2320663.872
10,150,7,136,2438663.73
10,150,7,136.1,1769997.869
10,150,7,136.2,2005997.585
10,150,7,136.3,1494664.867
10,150,7,136.4,2084664.157
10,150,7,136.5,1730664.583
10,150,7,136.6,2045330.871
10,150,7,136.7,2163330.729
10,150,7,136.8,2123997.443
10,150,7,136.9,1809331.155
10,150,7,137,1809331.155
10,150,7,137.1,2163330.729
10,150,7,137.2,1415998.295
10,150,7,137.3,2005997.585
10,150,7,137.4,2123997.443
10,150,7,137.5,1573331.439
10,150,7,137.6,2359997.158
10,150,7,137.7,1651998.011
10,150,7,137.8,2674663.446
10,150,7,137.9,1730664.583
10,150,7,138,2281330.586
10,150,7,138.1,2084664.157
10,150,7,138.2,2123997.443
10,150,7,138.3,2163330.729
10,150,7,138.4,1730664.583
10,150,7,138.5,1573331.439
10,150,7,138.6,2202664.015
10,150,7,138.7,1730664.583
10,150,7,138.8,2084664.157
10,150,7,138.9,1769997.869
10,150,7,139,2084664.157
10,150,7,139.1,1573331.439
10,150,7,139.2,2241997.301
10,150,7,139.3,1691331.297
10,150,7,139.4,2084664.157
10,150,7,139.5,1848664.441
10,150,7,139.6,1966664.299
10,150,7,139.7,1887997.727
10,150,7,139.8,1809331.155
10,150,7,139.9,1612664.725
10,150,7,140,1769997.869
10,150,7,140.1,1769997.869
10,150,7,140.2,1730664.583
10,150,7,140.3,1927331.013
10,150,7,140.4,1691331.297
10,150,7,140.5,2399330.444
10,150,7,140.6,1455331.581
10,150,7,140.7,1848664.441
10,150,7,140.8,2005997.585
10,150,7,140.9,1573331.439
10,150,7,141,1730664.583
10,150,7,141.1,1376665.009
10,150,7,141.2,1297998.437
10,150,7,141.3,1376665.009
10,150,7,141.4,1651998.011
10,150,7,141.5,1533998.153
10,150,7,141.6,1730664.583
10,150,7,141.7,1691331.297
10,150,7,141.8,1258665.151
10,150,7,141.9,1297998.437
10,150,7,142,1691331.297
10,150,7,142.1,1376665.009
10,150,7,142.2,1297998.437
10,150,7,142.3,1494664.867
10,150,7,142.4,1258665.151
10,150,7,142.5,1455331.581
10,150,7,142.6,1691331.297
10,150,7,142.7,1258665.151
10,150,7,142.8,1533998.153
10,150,7,142.9,1337331.723
10,150,7,143,1101332.007
10,150,7,143.1,1415998.295
10,150,7,143.2,1140665.293
10,150,7,143.3,1101332.007
10,150,7,143.4,1337331.723
10,150,7,143.5,1179998.579
10,150,7,143.6,1337331.723
10,150,7,143.7,1140665.293
10,150,7,143.8,1691331.297
10,150,7,143.9,1612664.725
10,150,7,144,1297998.437
10,150,7,144.1,1455331.581
10,150,7,144.2,1494664.867
10,150,7,144.3,1219331.865
10,150,7,144.4,1337331.723
10,150,7,144.5,1061998.721
10,150,7,144.6,983332.1493
10,150,7,144.7,1258665.151
10,150,7,144.8,1337331.723
10,150,7,144.9,1494664.867
10,150,7,145,1376665.009
10,150,7,145.1,943998.8634
10,150,7,145.2,1179998.579
10,150,7,145.3,865332.2914
10,150,7,145.4,1376665.009
10,150,7,145.5,1258665.151
10,150,7,145.6,1022665.435
10,150,7,145.7,1219331.865
10,150,7,145.8,983332.1493
10,150,7,145.9,1455331.581
10,150,7,146,786665.7195
10,150,7,146.1,1258665.151
10,150,7,146.2,865332.2914
10,150,7,146.3,786665.7195
10,150,7,146.4,511332.7177
10,150,7,146.5,707999.1475
10,150,7,146.6,668665.8616
10,150,7,146.7,943998.8634
10,150,7,146.8,983332.1493
10,150,7,146.9,707999.1475
10,150,7,147,865332.2914
10,150,7,147.1,629332.5756
10,150,7,147.2,943998.8634
10,150,7,147.3,825999.0055
10,150,7,147.4,550666.0036
10,150,7,147.5,589999.2896
10,150,7,147.6,786665.7195
10,150,7,147.7,904665.5774
10,150,7,147.8,589999.2896
10,150,7,147.9,589999.2896
10,150,7,148,471999.4317
10,150,7,148.1,550666.0036
10,150,7,148.2,550666.0036
10,150,7,148.3,550666.0036
10,150,7,148.4,471999.4317
10,150,7,148.5,353999.5738
10,150,7,148.6,471999.4317
10,150,7,148.7,550666.0036
10,150,7,148.8,589999.2896
10,150,7,148.9,314666.2878
10,150,7,149,393332.8597
10,150,7,149.1,353999.5738
10,150,7,149.2,353999.5738
10,150,7,149.3,196666.4299
10,150,7,149.4,314666.2878
10,150,7,149.5,196666.4299
10,150,7,149.6,196666.4299
10,150,7,149.7,275333.0018
10,150,7,149.8,235999.7158
10,150,7,149.9,117999.8579
10,150,7,150,39333.28597
