# Transmission tube source spectra, Geant4 physics model G4EmStandardPhysics-option4.
# Tungsten target on a 250 um diamond substrate; simulated for the XCal paper (Optics Express 2025).
# apex_angle_deg: anode apex angle; voltage_kV: tube voltage; target_thickness_um: tungsten thickness;
# energy_keV: bin center; photons: relative photon count per 0.1 keV bin (absolute scale not used).
apex_angle_deg,voltage_kV,target_thickness_um,energy_keV,photons
1.7,40,1,3.4,269908.7997
1.7,40,1,3.6,809726.3991
1.7,40,1,3.7,809726.3991
1.7,40,1,3.8,269908.7997
1.7,40,1,3.9,269908.7997
1.7,40,1,4,809726.3991
1.7,40,1,4.1,1349543.999
1.7,40,1,4.2,2159270.398
1.7,40,1,4.3,4858358.395
1.7,40,1,4.4,3778723.196
1.7,40,1,4.5,6747719.993
1.7,40,1,4.6,6477811.193
1.7,40,1,4.7,6747719.993
1.7,40,1,4.8,7827355.191
1.7,40,1,4.9,8367172.791
1.7,40,1,5,8367172.791
1.7,40,1,5.1,10796351.99
1.7,40,1,5.2,7827355.191
1.7,40,1,5.3,11066260.79
1.7,40,1,5.4,12685713.59
1.7,40,1,5.5,12415804.79
1.7,40,1,5.6,14575075.18
1.7,40,1,5.7,13765348.78
1.7,40,1,5.8,15114892.78
1.7,40,1,5.9,15114892.78
1.7,40,1,6,14305166.38
1.7,40,1,6.1,18893615.98
1.7,40,1,6.2,17544071.98
1.7,40,1,6.3,17544071.98
1.7,40,1,6.4,21862612.78
1.7,40,1,6.5,25911244.77
1.7,40,1,6.6,21322795.18
1.7,40,1,6.7,21052886.38
1.7,40,1,6.8,20513068.78
1.7,40,1,6.9,24831609.57
1.7,40,1,7,23482065.57
1.7,40,1,7.1,24561700.77
1.7,40,1,7.2,25371427.17
1.7,40,1,7.3,21592703.98
1.7,40,1,7.4,52092398.34
1.7,40,1,7.5,27800606.37
1.7,40,1,7.6,25911244.77
1.7,40,1,7.7,25641335.97
1.7,40,1,7.8,19703342.38
1.7,40,1,7.9,27530697.57
1.7,40,1,8,26451062.37
1.7,40,1,8.1,29420059.17
1.7,40,1,8.2,24831609.57
1.7,40,1,8.3,84481454.31
1.7,40,1,8.4,552233404.2
1.7,40,1,8.5,31039511.97
1.7,40,1,8.6,29959876.77
1.7,40,1,8.7,29150150.37
1.7,40,1,8.8,31849238.37
1.7,40,1,8.9,24021883.17
1.7,40,1,9,29150150.37
1.7,40,1,9.1,24561700.77
1.7,40,1,9.2,25101518.37
1.7,40,1,9.3,31849238.37
1.7,40,1,9.4,28070515.17
1.7,40,1,9.5,45614587.15
1.7,40,1,9.6,40486319.96
1.7,40,1,9.7,287452871.7
1.7,40,1,9.8,50472945.54
1.7,40,1,9.9,38866867.16
1.7,40,1,10,139542849.4
1.7,40,1,10.1,23212156.77
1.7,40,1,10.2,26720971.17
1.7,40,1,10.3,25101518.37
1.7,40,1,10.4,21592703.98
1.7,40,1,10.5,25371427.17
1.7,40,1,10.6,18893615.98
1.7,40,1,10.7,25101518.37
1.7,40,1,10.8,21052886.38
1.7,40,1,10.9,22402430.38
1.7,40,1,11,25371427.17
1.7,40,1,11.1,20243159.98
1.7,40,1,11.2,21322795.18
1.7,40,1,11.3,66937382.33
1.7,40,1,11.4,20243159.98
1.7,40,1,11.5,23482065.57
1.7,40,1,11.6,24561700.77
1.7,40,1,11.7,24831609.57
1.7,40,1,11.8,17274163.18
1.7,40,1,11.9,17544071.98
1.7,40,1,12,22942247.97
1.7,40,1,12.1,19433433.58
1.7,40,1,12.2,15924619.18
1.7,40,1,12.3,18353798.38
1.7,40,1,12.4,17544071.98
1.7,40,1,12.5,16464436.78
1.7,40,1,12.6,14575075.18
1.7,40,1,12.7,18083889.58
1.7,40,1,12.8,18083889.58
1.7,40,1,12.9,19703342.38
1.7,40,1,13,17813980.78
1.7,40,1,13.1,18083889.58
1.7,40,1,13.2,16194527.98
1.7,40,1,13.3,19703342.38
1.7,40,1,13.4,16464436.78
1.7,40,1,13.5,18893615.98
1.7,40,1,13.6,17274163.18
1.7,40,1,13.7,16734345.58
1.7,40,1,13.8,19163524.78
1.7,40,1,13.9,18623707.18
1.7,40,1,14,21322795.18
1.7,40,1,14.1,19163524.78
1.7,40,1,14.2,20782977.58
1.7,40,1,14.3,15924619.18
1.7,40,1,14.4,20513068.78
1.7,40,1,14.5,17544071.98
1.7,40,1,14.6,15654710.38
1.7,40,1,14.7,16464436.78
1.7,40,1,14.8,16194527.98
1.7,40,1,14.9,19703342.38
1.7,40,1,15,16194527.98
1.7,40,1,15.1,16734345.58
1.7,40,1,15.2,17274163.18
1.7,40,1,15.3,20782977.58
1.7,40,1,15.4,14844983.98
1.7,40,1,15.5,16194527.98
1.7,40,1,15.6,13495439.99
1.7,40,1,15.7,13495439.99
1.7,40,1,15.8,13495439.99
1.7,40,1,15.9,14844983.98
1.7,40,1,16,16464436.78
1.7,40,1,16.1,17274163.18
1.7,40,1,16.2,16194527.98
1.7,40,1,16.3,18623707.18
1.7,40,1,16.4,18623707.18
1.7,40,1,16.5,15114892.78
1.7,40,1,16.6,13765348.78
1.7,40,1,16.7,16464436.78
1.7,40,1,16.8,11875987.19
1.7,40,1,16.9,16194527.98
1.7,40,1,17,11606078.39
1.7,40,1,17.1,15114892.78
1.7,40,1,17.2,12415804.79
1.7,40,1,17.3,14305166.38
1.7,40,1,17.4,14844983.98
1.7,40,1,17.5,15114892.78
1.7,40,1,17.6,16194527.98
1.7,40,1,17.7,14305166.38
1.7,40,1,17.8,13225531.19
1.7,40,1,17.9,14844983.98
1.7,40,1,18,13495439.99
1.7,40,1,18.1,12955622.39
1.7,40,1,18.2,17544071.98
1.7,40,1,18.3,11606078.39
1.7,40,1,18.4,16734345.58
1.7,40,1,18.5,16194527.98
1.7,40,1,18.6,13225531.19
1.7,40,1,18.7,13765348.78
1.7,40,1,18.8,17274163.18
1.7,40,1,18.9,11066260.79
1.7,40,1,19,16734345.58
1.7,40,1,19.1,13495439.99
1.7,40,1,19.2,15114892.78
1.7,40,1,19.3,10796351.99
1.7,40,1,19.4,8906990.39
1.7,40,1,19.5,10526443.19
1.7,40,1,19.6,12145895.99
1.7,40,1,19.7,11336169.59
1.7,40,1,19.8,10796351.99
1.7,40,1,19.9,12685713.59
1.7,40,1,20,12685713.59
1.7,40,1,20.1,11875987.19
1.7,40,1,20.2,11606078.39
1.7,40,1,20.3,13225531.19
1.7,40,1,20.4,12685713.59
1.7,40,1,20.5,11336169.59
1.7,40,1,20.6,11875987.19
1.7,40,1,20.7,13765348.78
1.7,40,1,20.8,12145895.99
1.7,40,1,20.9,12415804.79
1.7,40,1,21,13225531.19
1.7,40,1,21.1,9446807.99
1.7,40,1,21.2,14035257.58
1.7,40,1,21.3,10526443.19
1.7,40,1,21.4,11066260.79
1.7,40,1,21.5,13225531.19
1.7,40,1,21.6,9446807.99
1.7,40,1,21.7,12955622.39
1.7,40,1,21.8,11066260.79
1.7,40,1,21.9,8367172.791
1.7,40,1,22,9986625.589
1.7,40,1,22.1,11066260.79
1.7,40,1,22.2,10256534.39
1.7,40,1,22.3,9986625.589
1.7,40,1,22.4,9986625.589
1.7,40,1,22.5,9176899.19
1.7,40,1,22.6,10526443.19
1.7,40,1,22.7,10796351.99
1.7,40,1,22.8,9986625.589
1.7,40,1,22.9,10526443.19
1.7,40,1,23,10256534.39
1.7,40,1,23.1,8906990.39
1.7,40,1,23.2,11875987.19
1.7,40,1,23.3,11336169.59
1.7,40,1,23.4,10526443.19
1.7,40,1,23.5,12685713.59
1.7,40,1,23.6,10256534.39
1.7,40,1,23.7,6747719.993
1.7,40,1,23.8,11066260.79
1.7,40,1,23.9,10796351.99
1.7,40,1,24,8906990.39
1.7,40,1,24.1,5128267.194
1.7,40,1,24.2,8906990.39
1.7,40,1,24.3,11336169.59
1.7,40,1,24.4,8367172.791
1.7,40,1,24.5,8097263.991
1.7,40,1,24.6,10256534.39
1.7,40,1,24.7,8906990.39
1.7,40,1,24.8,9176899.19
1.7,40,1,24.9,7287537.592
1.7,40,1,25,7017628.792
1.7,40,1,25.1,8906990.39
1.7,40,1,25.2,8637081.591
1.7,40,1,25.3,11606078.39
1.7,40,1,25.4,8097263.991
1.7,40,1,25.5,6207902.393
1.7,40,1,25.6,7017628.792
1.7,40,1,25.7,7827355.191
1.7,40,1,25.8,12145895.99
1.7,40,1,25.9,7557446.392
1.7,40,1,26,10796351.99
1.7,40,1,26.1,6747719.993
1.7,40,1,26.2,7557446.392
1.7,40,1,26.3,6747719.993
1.7,40,1,26.4,6477811.193
1.7,40,1,26.5,10796351.99
1.7,40,1,26.6,7017628.792
1.7,40,1,26.7,7557446.392
1.7,40,1,26.8,9176899.19
1.7,40,1,26.9,8097263.991
1.7,40,1,27,8097263.991
1.7,40,1,27.1,6477811.193
1.7,40,1,27.2,7017628.792
1.7,40,1,27.3,5937993.594
1.7,40,1,27.4,7017628.792
1.7,40,1,27.5,5937993.594
1.7,40,1,27.6,8097263.991
1.7,40,1,27.7,7287537.592
1.7,40,1,27.8,8637081.591
1.7,40,1,27.9,4048631.996
1.7,40,1,28,5937993.594
1.7,40,1,28.1,6747719.993
1.7,40,1,28.2,7287537.592
1.7,40,1,28.3,5398175.994
1.7,40,1,28.4,7557446.392
1.7,40,1,28.5,5937993.594
1.7,40,1,28.6,4858358.395
1.7,40,1,28.7,8906990.39
1.7,40,1,28.8,7827355.191
1.7,40,1,28.9,4588449.595
1.7,40,1,29,3508814.396
1.7,40,1,29.1,5937993.594
1.7,40,1,29.2,6477811.193
1.7,40,1,29.3,5937993.594
1.7,40,1,29.4,7287537.592
1.7,40,1,29.5,7017628.792
1.7,40,1,29.6,6207902.393
1.7,40,1,29.7,6477811.193
1.7,40,1,29.8,5668084.794
1.7,40,1,29.9,3778723.196
1.7,40,1,30,6207902.393
1.7,40,1,30.1,4048631.996
1.7,40,1,30.2,8097263.991
1.7,40,1,30.3,5128267.194
1.7,40,1,30.4,5398175.994
1.7,40,1,30.5,7287537.592
1.7,40,1,30.6,4858358.395
1.7,40,1,30.7,4588449.595
1.7,40,1,30.8,5937993.594
1.7,40,1,30.9,5668084.794
1.7,40,1,31,4048631.996
1.7,40,1,31.1,7287537.592
1.7,40,1,31.2,5668084.794
1.7,40,1,31.3,5937993.594
1.7,40,1,31.4,4858358.395
1.7,40,1,31.5,4588449.595
1.7,40,1,31.6,3238905.596
1.7,40,1,31.7,4048631.996
1.7,40,1,31.8,6207902.393
1.7,40,1,31.9,4858358.395
1.7,40,1,32,5937993.594
1.7,40,1,32.1,4048631.996
1.7,40,1,32.2,4858358.395
1.7,40,1,32.3,4318540.795
1.7,40,1,32.4,5128267.194
1.7,40,1,32.5,5398175.994
1.7,40,1,32.6,2699087.997
1.7,40,1,32.7,3778723.196
1.7,40,1,32.8,5128267.194
1.7,40,1,32.9,4588449.595
1.7,40,1,33,4318540.795
1.7,40,1,33.1,3508814.396
1.7,40,1,33.2,3508814.396
1.7,40,1,33.3,2699087.997
1.7,40,1,33.4,3238905.596
1.7,40,1,33.5,4858358.395
1.7,40,1,33.6,4588449.595
1.7,40,1,33.7,5937993.594
1.7,40,1,33.8,3778723.196
1.7,40,1,33.9,4858358.395
1.7,40,1,34,3778723.196
1.7,40,1,34.1,4588449.595
1.7,40,1,34.2,5398175.994
1.7,40,1,34.3,4318540.795
1.7,40,1,34.4,2699087.997
1.7,40,1,34.5,1889361.598
1.7,40,1,34.6,3778723.196
1.7,40,1,34.7,2159270.398
1.7,40,1,34.8,2429179.197
1.7,40,1,34.9,4588449.595
1.7,40,1,35,4858358.395
1.7,40,1,35.1,2968996.797
1.7,40,1,35.2,4048631.996
1.7,40,1,35.3,4048631.996
1.7,40,1,35.4,2429179.197
1.7,40,1,35.5,2968996.797
1.7,40,1,35.6,2968996.797
1.7,40,1,35.7,4048631.996
1.7,40,1,35.8,3508814.396
1.7,40,1,35.9,2699087.997
1.7,40,1,36,2429179.197
1.7,40,1,36.1,2429179.197
1.7,40,1,36.2,2159270.398
1.7,40,1,36.3,2429179.197
1.7,40,1,36.4,2429179.197
1.7,40,1,36.5,2699087.997
1.7,40,1,36.6,2699087.997
1.7,40,1,36.7,3238905.596
1.7,40,1,36.8,1349543.999
1.7,40,1,36.9,1619452.798
1.7,40,1,37,1079635.199
1.7,40,1,37.1,1349543.999
1.7,40,1,37.2,1889361.598
1.7,40,1,37.3,2699087.997
1.7,40,1,37.4,1619452.798
1.7,40,1,37.5,1889361.598
1.7,40,1,37.6,2429179.197
1.7,40,1,37.7,1349543.999
1.7,40,1,37.8,809726.3991
1.7,40,1,37.9,2429179.197
1.7,40,1,38,1079635.199
1.7,40,1,38.1,1079635.199
1.7,40,1,38.2,1889361.598
1.7,40,1,38.3,4318540.795
1.7,40,1,38.4,1349543.999
1.7,40,1,38.5,539817.5994
1.7,40,1,38.6,1889361.598
1.7,40,1,38.7,809726.3991
1.7,40,1,38.8,2429179.197
1.7,40,1,38.9,1349543.999
1.7,40,1,39,539817.5994
1.7,40,1,39.1,1079635.199
1.7,40,1,39.2,1349543.999
1.7,40,1,39.3,809726.3991
1.7,40,1,39.4,1619452.798
1.7,40,1,39.5,1079635.199
1.7,40,1,39.6,809726.3991
1.7,40,1,39.7,539817.5994
1.7,40,1,39.8,269908.7997
1.7,40,1,39.9,269908.7997
1.7,80,1,3,285484.5644
1.7,80,1,3.3,285484.5644
1.7,80,1,3.4,285484.5644
1.7,80,1,3.5,570969.1289
1.7,80,1,3.6,285484.5644
1.7,80,1,3.7,1427422.822
1.7,80,1,3.8,1998391.951
1.7,80,1,3.9,2283876.515
1.7,80,1,4,2569361.08
1.7,80,1,4.1,3711299.338
1.7,80,1,4.2,3425814.773
1.7,80,1,4.3,2283876.515
1.7,80,1,4.4,5995175.853
1.7,80,1,4.5,6566144.982
1.7,80,1,4.6,8279052.369
1.7,80,1,4.7,8564536.933
1.7,80,1,4.8,7993567.804
1.7,80,1,4.9,7422598.675
1.7,80,1,5,11133898.01
1.7,80,1,5.1,12846805.4
1.7,80,1,5.2,14274228.22
1.7,80,1,5.3,11990351.71
1.7,80,1,5.4,13988743.66
1.7,80,1,5.5,15416166.48
1.7,80,1,5.6,16272620.17
1.7,80,1,5.7,17129073.87
1.7,80,1,5.8,18841981.25
1.7,80,1,5.9,17985527.56
1.7,80,1,6,21125857.77
1.7,80,1,6.1,21411342.33
1.7,80,1,6.2,16558104.74
1.7,80,1,6.3,18556496.69
1.7,80,1,6.4,23124249.72
1.7,80,1,6.5,28262971.88
1.7,80,1,6.6,22553280.59
1.7,80,1,6.7,22553280.59
1.7,80,1,6.8,27692002.75
1.7,80,1,6.9,29404910.14
1.7,80,1,7,26264579.93
1.7,80,1,7.1,26550064.49
1.7,80,1,7.2,23695218.85
1.7,80,1,7.3,27977487.31
1.7,80,1,7.4,60237243.1
1.7,80,1,7.5,28262971.88
1.7,80,1,7.6,27406518.19
1.7,80,1,7.7,33116209.47
1.7,80,1,7.8,31688786.65
1.7,80,1,7.9,28262971.88
1.7,80,1,8,25979095.36
1.7,80,1,8.1,29404910.14
1.7,80,1,8.2,28548456.44
1.7,80,1,8.3,113622856.6
1.7,80,1,8.4,755392157.5
1.7,80,1,8.5,27406518.19
1.7,80,1,8.6,31117817.52
1.7,80,1,8.7,28262971.88
1.7,80,1,8.8,38254931.63
1.7,80,1,8.9,30261363.83
1.7,80,1,9,27121033.62
1.7,80,1,9.1,29119425.57
1.7,80,1,9.2,27406518.19
1.7,80,1,9.3,28548456.44
1.7,80,1,9.4,30546848.39
1.7,80,1,9.5,47675922.26
1.7,80,1,9.6,44250107.49
1.7,80,1,9.7,375697686.8
1.7,80,1,9.8,58524335.71
1.7,80,1,9.9,45677530.31
1.7,80,1,10,190418204.5
1.7,80,1,10.1,29975879.27
1.7,80,1,10.2,34258147.73
1.7,80,1,10.3,24837157.11
1.7,80,1,10.4,21125857.77
1.7,80,1,10.5,23980703.41
1.7,80,1,10.6,24551672.54
1.7,80,1,10.7,24837157.11
1.7,80,1,10.8,23409734.28
1.7,80,1,10.9,24266187.98
1.7,80,1,11,28833941.01
1.7,80,1,11.1,20554888.64
1.7,80,1,11.2,24266187.98
1.7,80,1,11.3,97350236.47
1.7,80,1,11.4,23980703.41
1.7,80,1,11.5,19698434.95
1.7,80,1,11.6,31974271.22
1.7,80,1,11.7,29690394.7
1.7,80,1,11.8,23695218.85
1.7,80,1,11.9,22553280.59
1.7,80,1,12,24551672.54
1.7,80,1,12.1,23980703.41
1.7,80,1,12.2,25122641.67
1.7,80,1,12.3,18556496.69
1.7,80,1,12.4,24551672.54
1.7,80,1,12.5,21411342.33
1.7,80,1,12.6,25122641.67
1.7,80,1,12.7,24266187.98
1.7,80,1,12.8,21411342.33
1.7,80,1,12.9,23980703.41
1.7,80,1,13,23124249.72
1.7,80,1,13.1,20554888.64
1.7,80,1,13.2,21125857.77
1.7,80,1,13.3,22553280.59
1.7,80,1,13.4,20554888.64
1.7,80,1,13.5,20554888.64
1.7,80,1,13.6,19127465.82
1.7,80,1,13.7,23695218.85
1.7,80,1,13.8,23124249.72
1.7,80,1,13.9,18841981.25
1.7,80,1,14,15701651.04
1.7,80,1,14.1,21125857.77
1.7,80,1,14.2,22553280.59
1.7,80,1,14.3,18556496.69
1.7,80,1,14.4,21411342.33
1.7,80,1,14.5,16558104.74
1.7,80,1,14.6,26264579.93
1.7,80,1,14.7,19412950.38
1.7,80,1,14.8,14274228.22
1.7,80,1,14.9,17129073.87
1.7,80,1,15,17985527.56
1.7,80,1,15.1,18556496.69
1.7,80,1,15.2,19983919.51
1.7,80,1,15.3,19412950.38
1.7,80,1,15.4,19698434.95
1.7,80,1,15.5,17129073.87
1.7,80,1,15.6,19698434.95
1.7,80,1,15.7,18271012.12
1.7,80,1,15.8,21125857.77
1.7,80,1,15.9,21982311.46
1.7,80,1,16,18841981.25
1.7,80,1,16.1,17414558.43
1.7,80,1,16.2,17129073.87
1.7,80,1,16.3,18271012.12
1.7,80,1,16.4,16843589.3
1.7,80,1,16.5,19412950.38
1.7,80,1,16.6,14845197.35
1.7,80,1,16.7,13703259.09
1.7,80,1,16.8,17700042.99
1.7,80,1,16.9,16843589.3
1.7,80,1,17,19983919.51
1.7,80,1,17.1,18841981.25
1.7,80,1,17.2,17414558.43
1.7,80,1,17.3,18556496.69
1.7,80,1,17.4,15987135.61
1.7,80,1,17.5,17129073.87
1.7,80,1,17.6,19698434.95
1.7,80,1,17.7,13988743.66
1.7,80,1,17.8,14559712.79
1.7,80,1,17.9,16558104.74
1.7,80,1,18,15987135.61
1.7,80,1,18.1,15130681.91
1.7,80,1,18.2,13988743.66
1.7,80,1,18.3,13703259.09
1.7,80,1,18.4,14845197.35
1.7,80,1,18.5,18841981.25
1.7,80,1,18.6,14274228.22
1.7,80,1,18.7,17700042.99
1.7,80,1,18.8,15701651.04
1.7,80,1,18.9,15416166.48
1.7,80,1,19,14274228.22
1.7,80,1,19.1,16558104.74
1.7,80,1,19.2,17129073.87
1.7,80,1,19.3,12561320.83
1.7,80,1,19.4,14274228.22
1.7,80,1,19.5,15416166.48
1.7,80,1,19.6,13703259.09
1.7,80,1,19.7,17414558.43
1.7,80,1,19.8,11419382.58
1.7,80,1,19.9,19698434.95
1.7,80,1,20,16272620.17
1.7,80,1,20.1,15701651.04
1.7,80,1,20.2,15130681.91
1.7,80,1,20.3,13417774.53
1.7,80,1,20.4,13703259.09
1.7,80,1,20.5,15416166.48
1.7,80,1,20.6,15130681.91
1.7,80,1,20.7,15701651.04
1.7,80,1,20.8,15416166.48
1.7,80,1,20.9,12846805.4
1.7,80,1,21,12561320.83
1.7,80,1,21.1,15130681.91
1.7,80,1,21.2,15701651.04
1.7,80,1,21.3,15130681.91
1.7,80,1,21.4,11704867.14
1.7,80,1,21.5,15416166.48
1.7,80,1,21.6,10277444.32
1.7,80,1,21.7,14559712.79
1.7,80,1,21.8,13132289.96
1.7,80,1,21.9,11133898.01
1.7,80,1,22,12846805.4
1.7,80,1,22.1,10848413.45
1.7,80,1,22.2,9991959.755
1.7,80,1,22.3,14559712.79
1.7,80,1,22.4,13988743.66
1.7,80,1,22.5,13417774.53
1.7,80,1,22.6,10277444.32
1.7,80,1,22.7,15130681.91
1.7,80,1,22.8,10562928.88
1.7,80,1,22.9,11419382.58
1.7,80,1,23,12561320.83
1.7,80,1,23.1,15130681.91
1.7,80,1,23.2,13988743.66
1.7,80,1,23.3,11133898.01
1.7,80,1,23.4,10848413.45
1.7,80,1,23.5,10562928.88
1.7,80,1,23.6,13132289.96
1.7,80,1,23.7,10848413.45
1.7,80,1,23.8,8850021.497
1.7,80,1,23.9,11704867.14
1.7,80,1,24,10562928.88
1.7,80,1,24.1,9135506.062
1.7,80,1,24.2,9991959.755
1.7,80,1,24.3,8850021.497
1.7,80,1,24.4,13703259.09
1.7,80,1,24.5,9135506.062
1.7,80,1,24.6,14559712.79
1.7,80,1,24.7,14845197.35
1.7,80,1,24.8,8564536.933
1.7,80,1,24.9,12275836.27
1.7,80,1,25,11990351.71
1.7,80,1,25.1,11704867.14
1.7,80,1,25.2,11990351.71
1.7,80,1,25.3,9135506.062
1.7,80,1,25.4,10848413.45
1.7,80,1,25.5,10562928.88
1.7,80,1,25.6,12275836.27
1.7,80,1,25.7,13417774.53
1.7,80,1,25.8,11133898.01
1.7,80,1,25.9,9706475.191
1.7,80,1,26,11133898.01
1.7,80,1,26.1,11704867.14
1.7,80,1,26.2,10277444.32
1.7,80,1,26.3,9135506.062
1.7,80,1,26.4,8850021.497
1.7,80,1,26.5,13132289.96
1.7,80,1,26.6,11133898.01
1.7,80,1,26.7,7422598.675
1.7,80,1,26.8,5995175.853
1.7,80,1,26.9,12846805.4
1.7,80,1,27,9706475.191
1.7,80,1,27.1,9135506.062
1.7,80,1,27.2,13417774.53
1.7,80,1,27.3,6566144.982
1.7,80,1,27.4,11704867.14
1.7,80,1,27.5,8564536.933
1.7,80,1,27.6,10562928.88
1.7,80,1,27.7,11133898.01
1.7,80,1,27.8,12275836.27
1.7,80,1,27.9,8850021.497
1.7,80,1,28,9420990.626
1.7,80,1,28.1,11704867.14
1.7,80,1,28.2,10848413.45
1.7,80,1,28.3,8279052.369
1.7,80,1,28.4,9706475.191
1.7,80,1,28.5,10277444.32
1.7,80,1,28.6,6851629.546
1.7,80,1,28.7,8564536.933
1.7,80,1,28.8,11133898.01
1.7,80,1,28.9,9420990.626
1.7,80,1,29,11419382.58
1.7,80,1,29.1,7137114.111
1.7,80,1,29.2,12846805.4
1.7,80,1,29.3,7708083.24
1.7,80,1,29.4,10848413.45
1.7,80,1,29.5,7422598.675
1.7,80,1,29.6,7137114.111
1.7,80,1,29.7,5995175.853
1.7,80,1,29.8,7422598.675
1.7,80,1,29.9,11419382.58
1.7,80,1,30,10277444.32
1.7,80,1,30.1,12561320.83
1.7,80,1,30.2,9420990.626
1.7,80,1,30.3,11990351.71
1.7,80,1,30.4,7137114.111
1.7,80,1,30.5,11133898.01
1.7,80,1,30.6,9420990.626
1.7,80,1,30.7,5138722.16
1.7,80,1,30.8,9420990.626
1.7,80,1,30.9,9135506.062
1.7,80,1,31,7137114.111
1.7,80,1,31.1,9420990.626
1.7,80,1,31.2,5995175.853
1.7,80,1,31.3,9135506.062
1.7,80,1,31.4,8564536.933
1.7,80,1,31.5,7708083.24
1.7,80,1,31.6,9135506.062
1.7,80,1,31.7,8279052.369
1.7,80,1,31.8,5709691.289
1.7,80,1,31.9,8564536.933
1.7,80,1,32,9706475.191
1.7,80,1,32.1,9706475.191
1.7,80,1,32.2,9991959.755
1.7,80,1,32.3,7422598.675
1.7,80,1,32.4,7422598.675
1.7,80,1,32.5,8564536.933
1.7,80,1,32.6,7708083.24
1.7,80,1,32.7,8850021.497
1.7,80,1,32.8,8279052.369
1.7,80,1,32.9,7422598.675
1.7,80,1,33,11133898.01
1.7,80,1,33.1,11133898.01
1.7,80,1,33.2,11133898.01
1.7,80,1,33.3,8850021.497
1.7,80,1,33.4,5424206.724
1.7,80,1,33.5,8279052.369
1.7,80,1,33.6,7993567.804
1.7,80,1,33.7,10277444.32
1.7,80,1,33.8,8279052.369
1.7,80,1,33.9,6851629.546
1.7,80,1,34,10277444.32
1.7,80,1,34.1,9706475.191
1.7,80,1,34.2,5424206.724
1.7,80,1,34.3,8279052.369
1.7,80,1,34.4,7993567.804
1.7,80,1,34.5,7137114.111
1.7,80,1,34.6,5709691.289
1.7,80,1,34.7,7422598.675
1.7,80,1,34.8,7422598.675
1.7,80,1,34.9,7993567.804
1.7,80,1,35,9991959.755
1.7,80,1,35.1,9135506.062
1.7,80,1,35.2,7422598.675
1.7,80,1,35.3,5424206.724
1.7,80,1,35.4,8279052.369
1.7,80,1,35.5,5709691.289
1.7,80,1,35.6,7422598.675
1.7,80,1,35.7,6851629.546
1.7,80,1,35.8,3425814.773
1.7,80,1,35.9,7993567.804
1.7,80,1,36,6851629.546
1.7,80,1,36.1,7137114.111
1.7,80,1,36.2,8564536.933
1.7,80,1,36.3,7708083.24
1.7,80,1,36.4,3996783.902
1.7,80,1,36.5,6851629.546
1.7,80,1,36.6,6280660.417
1.7,80,1,36.7,5709691.289
1.7,80,1,36.8,6280660.417
1.7,80,1,36.9,9706475.191
1.7,80,1,37,7422598.675
1.7,80,1,37.1,3996783.902
1.7,80,1,37.2,6280660.417
1.7,80,1,37.3,9135506.062
1.7,80,1,37.4,6280660.417
1.7,80,1,37.5,7708083.24
1.7,80,1,37.6,5995175.853
1.7,80,1,37.7,7422598.675
1.7,80,1,37.8,7422598.675
1.7,80,1,37.9,7708083.24
1.7,80,1,38,5424206.724
1.7,80,1,38.1,7422598.675
1.7,80,1,38.2,7708083.24
1.7,80,1,38.3,8850021.497
1.7,80,1,38.4,7137114.111
1.7,80,1,38.5,7993567.804
1.7,80,1,38.6,9135506.062
1.7,80,1,38.7,5995175.853
1.7,80,1,38.8,6280660.417
1.7,80,1,38.9,6566144.982
1.7,80,1,39,4282268.466
1.7,80,1,39.1,7993567.804
1.7,80,1,39.2,8279052.369
1.7,80,1,39.3,6566144.982
1.7,80,1,39.4,7422598.675
1.7,80,1,39.5,7993567.804
1.7,80,1,39.6,5995175.853
1.7,80,1,39.7,8279052.369
1.7,80,1,39.8,6280660.417
1.7,80,1,39.9,7137114.111
1.7,80,1,40,3996783.902
1.7,80,1,40.1,2283876.515
1.7,80,1,40.2,2854845.644
1.7,80,1,40.3,3996783.902
1.7,80,1,40.4,4567753.031
1.7,80,1,40.5,6851629.546
1.7,80,1,40.6,5138722.16
1.7,80,1,40.7,7422598.675
1.7,80,1,40.8,5424206.724
1.7,80,1,40.9,4853237.595
1.7,80,1,41,4853237.595
1.7,80,1,41.1,8564536.933
1.7,80,1,41.2,5138722.16
1.7,80,1,41.3,3996783.902
1.7,80,1,41.4,7137114.111
1.7,80,1,41.5,4567753.031
1.7,80,1,41.6,7137114.111
1.7,80,1,41.7,3996783.902
1.7,80,1,41.8,4282268.466
1.7,80,1,41.9,4567753.031
1.7,80,1,42,7422598.675
1.7,80,1,42.1,5709691.289
1.7,80,1,42.2,5138722.16
1.7,80,1,42.3,5995175.853
1.7,80,1,42.4,6280660.417
1.7,80,1,42.5,4853237.595
1.7,80,1,42.6,2854845.644
1.7,80,1,42.7,5138722.16
1.7,80,1,42.8,5424206.724
1.7,80,1,42.9,5138722.16
1.7,80,1,43,7708083.24
1.7,80,1,43.1,5424206.724
1.7,80,1,43.2,4853237.595
1.7,80,1,43.3,7708083.24
1.7,80,1,43.4,3996783.902
1.7,80,1,43.5,6566144.982
1.7,80,1,43.6,4853237.595
1.7,80,1,43.7,3996783.902
1.7,80,1,43.8,6851629.546
1.7,80,1,43.9,5995175.853
1.7,80,1,44,3711299.338
1.7,80,1,44.1,3425814.773
1.7,80,1,44.2,5138722.16
1.7,80,1,44.3,4853237.595
1.7,80,1,44.4,5995175.853
1.7,80,1,44.5,7137114.111
1.7,80,1,44.6,4567753.031
1.7,80,1,44.7,5424206.724
1.7,80,1,44.8,4282268.466
1.7,80,1,44.9,2283876.515
1.7,80,1,45,5709691.289
1.7,80,1,45.1,6851629.546
1.7,80,1,45.2,5709691.289
1.7,80,1,45.3,5424206.724
1.7,80,1,45.4,5138722.16
1.7,80,1,45.5,6280660.417
1.7,80,1,45.6,2854845.644
1.7,80,1,45.7,5995175.853
1.7,80,1,45.8,3140330.209
1.7,80,1,45.9,3711299.338
1.7,80,1,46,4282268.466
1.7,80,1,46.1,5138722.16
1.7,80,1,46.2,4282268.466
1.7,80,1,46.3,5138722.16
1.7,80,1,46.4,4853237.595
1.7,80,1,46.5,4282268.466
1.7,80,1,46.6,5138722.16
1.7,80,1,46.7,5424206.724
1.7,80,1,46.8,3711299.338
1.7,80,1,46.9,4567753.031
1.7,80,1,47,5424206.724
1.7,80,1,47.1,4567753.031
1.7,80,1,47.2,4567753.031
1.7,80,1,47.3,4282268.466
1.7,80,1,47.4,7422598.675
1.7,80,1,47.5,3711299.338
1.7,80,1,47.6,5424206.724
1.7,80,1,47.7,3140330.209
1.7,80,1,47.8,5138722.16
1.7,80,1,47.9,5138722.16
1.7,80,1,48,5138722.16
1.7,80,1,48.1,4567753.031
1.7,80,1,48.2,3140330.209
1.7,80,1,48.3,2854845.644
1.7,80,1,48.4,3425814.773
1.7,80,1,48.5,4282268.466
1.7,80,1,48.6,5709691.289
1.7,80,1,48.7,4282268.466
1.7,80,1,48.8,6280660.417
1.7,80,1,48.9,5424206.724
1.7,80,1,49,4853237.595
1.7,80,1,49.1,3140330.209
1.7,80,1,49.2,2283876.515
1.7,80,1,49.3,3711299.338
1.7,80,1,49.4,5424206.724
1.7,80,1,49.5,3140330.209
1.7,80,1,49.6,4853237.595
1.7,80,1,49.7,4853237.595
1.7,80,1,49.8,5138722.16
1.7,80,1,49.9,5138722.16
1.7,80,1,50,6280660.417
1.7,80,1,50.1,5709691.289
1.7,80,1,50.2,2283876.515
1.7,80,1,50.3,4567753.031
1.7,80,1,50.4,4282268.466
1.7,80,1,50.5,3711299.338
1.7,80,1,50.6,3711299.338
1.7,80,1,50.7,2569361.08
1.7,80,1,50.8,3425814.773
1.7,80,1,50.9,4567753.031
1.7,80,1,51,5424206.724
1.7,80,1,51.1,4567753.031
1.7,80,1,51.2,5138722.16
1.7,80,1,51.3,4567753.031
1.7,80,1,51.4,5138722.16
1.7,80,1,51.5,3996783.902
1.7,80,1,51.6,3996783.902
1.7,80,1,51.7,4567753.031
1.7,80,1,51.8,5995175.853
1.7,80,1,51.9,4567753.031
1.7,80,1,52,3140330.209
1.7,80,1,52.1,5424206.724
1.7,80,1,52.2,4282268.466
1.7,80,1,52.3,1998391.951
1.7,80,1,52.4,3425814.773
1.7,80,1,52.5,5709691.289
1.7,80,1,52.6,5424206.724
1.7,80,1,52.7,4282268.466
1.7,80,1,52.8,4853237.595
1.7,80,1,52.9,3996783.902
1.7,80,1,53,3711299.338
1.7,80,1,53.1,2569361.08
1.7,80,1,53.2,4567753.031
1.7,80,1,53.3,4567753.031
1.7,80,1,53.4,2569361.08
1.7,80,1,53.5,4282268.466
1.7,80,1,53.6,1712907.387
1.7,80,1,53.7,3996783.902
1.7,80,1,53.8,2854845.644
1.7,80,1,53.9,4567753.031
1.7,80,1,54,3996783.902
1.7,80,1,54.1,3140330.209
1.7,80,1,54.2,7137114.111
1.7,80,1,54.3,3140330.209
1.7,80,1,54.4,3711299.338
1.7,80,1,54.5,3140330.209
1.7,80,1,54.6,2854845.644
1.7,80,1,54.7,3996783.902
1.7,80,1,54.8,3711299.338
1.7,80,1,54.9,2569361.08
1.7,80,1,55,4853237.595
1.7,80,1,55.1,5138722.16
1.7,80,1,55.2,3140330.209
1.7,80,1,55.3,3996783.902
1.7,80,1,55.4,3996783.902
1.7,80,1,55.5,2854845.644
1.7,80,1,55.6,5424206.724
1.7,80,1,55.7,4282268.466
1.7,80,1,55.8,3425814.773
1.7,80,1,55.9,3140330.209
1.7,80,1,56,4567753.031
1.7,80,1,56.1,2283876.515
1.7,80,1,56.2,3425814.773
1.7,80,1,56.3,2569361.08
1.7,80,1,56.4,4853237.595
1.7,80,1,56.5,2854845.644
1.7,80,1,56.6,3711299.338
1.7,80,1,56.7,2854845.644
1.7,80,1,56.8,2569361.08
1.7,80,1,56.9,5138722.16
1.7,80,1,57,2283876.515
1.7,80,1,57.1,2283876.515
1.7,80,1,57.2,3425814.773
1.7,80,1,57.3,3996783.902
1.7,80,1,57.4,3711299.338
1.7,80,1,57.5,3425814.773
1.7,80,1,57.6,2854845.644
1.7,80,1,57.7,2283876.515
1.7,80,1,57.8,2854845.644
1.7,80,1,57.9,2283876.515
1.7,80,1,58,4853237.595
1.7,80,1,58.1,5709691.289
1.7,80,1,58.2,2854845.644
1.7,80,1,58.3,5424206.724
1.7,80,1,58.4,3140330.209
1.7,80,1,58.5,2283876.515
1.7,80,1,58.6,3425814.773
1.7,80,1,58.7,2283876.515
1.7,80,1,58.8,1712907.387
1.7,80,1,58.9,2569361.08
1.7,80,1,59,1998391.951
1.7,80,1,59.1,3711299.338
1.7,80,1,59.2,4282268.466
1.7,80,1,59.3,4282268.466
1.7,80,1,59.4,3996783.902
1.7,80,1,59.5,7422598.675
1.7,80,1,59.6,4567753.031
1.7,80,1,59.7,3711299.338
1.7,80,1,59.8,2854845.644
1.7,80,1,59.9,3996783.902
1.7,80,1,60,4282268.466
1.7,80,1,60.1,2854845.644
1.7,80,1,60.2,3425814.773
1.7,80,1,60.3,4282268.466
1.7,80,1,60.4,3996783.902
1.7,80,1,60.5,3711299.338
1.7,80,1,60.6,2854845.644
1.7,80,1,60.7,4282268.466
1.7,80,1,60.8,3711299.338
1.7,80,1,60.9,4282268.466
1.7,80,1,61,3996783.902
1.7,80,1,61.1,1427422.822
1.7,80,1,61.2,2569361.08
1.7,80,1,61.3,3140330.209
1.7,80,1,61.4,2854845.644
1.7,80,1,61.5,1427422.822
1.7,80,1,61.6,1998391.951
1.7,80,1,61.7,1712907.387
1.7,80,1,61.8,3425814.773
1.7,80,1,61.9,3140330.209
1.7,80,1,62,1998391.951
1.7,80,1,62.1,2854845.644
1.7,80,1,62.2,2854845.644
1.7,80,1,62.3,1712907.387
1.7,80,1,62.4,3996783.902
1.7,80,1,62.5,1998391.951
1.7,80,1,62.6,4853237.595
1.7,80,1,62.7,3140330.209
1.7,80,1,62.8,3425814.773
1.7,80,1,62.9,1712907.387
1.7,80,1,63,2569361.08
1.7,80,1,63.1,3711299.338
1.7,80,1,63.2,1998391.951
1.7,80,1,63.3,5995175.853
1.7,80,1,63.4,2854845.644
1.7,80,1,63.5,2854845.644
1.7,80,1,63.6,2283876.515
1.7,80,1,63.7,5138722.16
1.7,80,1,63.8,2283876.515
1.7,80,1,63.9,2283876.515
1.7,80,1,64,3996783.902
1.7,80,1,64.1,2283876.515
1.7,80,1,64.2,4853237.595
1.7,80,1,64.3,3140330.209
1.7,80,1,64.4,1998391.951
1.7,80,1,64.5,3996783.902
1.7,80,1,64.6,3711299.338
1.7,80,1,64.7,2854845.644
1.7,80,1,64.8,3711299.338
1.7,80,1,64.9,1141938.258
1.7,80,1,65,3425814.773
1.7,80,1,65.1,3140330.209
1.7,80,1,65.2,3996783.902
1.7,80,1,65.3,2569361.08
1.7,80,1,65.4,1141938.258
1.7,80,1,65.5,4853237.595
1.7,80,1,65.6,2283876.515
1.7,80,1,65.7,1427422.822
1.7,80,1,65.8,2283876.515
1.7,80,1,65.9,3140330.209
1.7,80,1,66,3711299.338
1.7,80,1,66.1,2283876.515
1.7,80,1,66.2,3711299.338
1.7,80,1,66.3,3425814.773
1.7,80,1,66.4,2569361.08
1.7,80,1,66.5,1141938.258
1.7,80,1,66.6,1712907.387
1.7,80,1,66.7,2854845.644
1.7,80,1,66.8,1712907.387
1.7,80,1,66.9,2283876.515
1.7,80,1,67,1712907.387
1.7,80,1,67.1,1998391.951
1.7,80,1,67.2,1427422.822
1.7,80,1,67.3,1712907.387
1.7,80,1,67.4,3711299.338
1.7,80,1,67.5,1712907.387
1.7,80,1,67.6,1998391.951
1.7,80,1,67.7,3140330.209
1.7,80,1,67.8,2283876.515
1.7,80,1,67.9,2569361.08
1.7,80,1,68,3140330.209
1.7,80,1,68.1,3140330.209
1.7,80,1,68.2,2569361.08
1.7,80,1,68.3,3711299.338
1.7,80,1,68.4,2283876.515
1.7,80,1,68.5,1998391.951
1.7,80,1,68.6,2283876.515
1.7,80,1,68.7,3425814.773
1.7,80,1,68.8,2283876.515
1.7,80,1,68.9,3425814.773
1.7,80,1,69,5138722.16
1.7,80,1,69.1,1427422.822
1.7,80,1,69.2,3140330.209
1.7,80,1,69.3,1712907.387
1.7,80,1,69.4,2569361.08
1.7,80,1,69.5,1141938.258
1.7,80,1,69.6,1427422.822
1.7,80,1,69.7,1427422.822
1.7,80,1,69.8,2569361.08
1.7,80,1,69.9,3711299.338
1.7,80,1,70,1712907.387
1.7,80,1,70.1,3140330.209
1.7,80,1,70.2,1712907.387
1.7,80,1,70.3,856453.6933
1.7,80,1,70.4,856453.6933
1.7,80,1,70.5,1998391.951
1.7,80,1,70.6,4853237.595
1.7,80,1,70.7,2569361.08
1.7,80,1,70.8,2569361.08
1.7,80,1,70.9,3425814.773
1.7,80,1,71,3425814.773
1.7,80,1,71.1,2854845.644
1.7,80,1,71.2,3996783.902
1.7,80,1,71.3,1998391.951
1.7,80,1,71.4,1712907.387
1.7,80,1,71.5,2283876.515
1.7,80,1,71.6,3140330.209
1.7,80,1,71.7,2283876.515
1.7,80,1,71.8,3711299.338
1.7,80,1,71.9,2283876.515
1.7,80,1,72,570969.1289
1.7,80,1,72.1,1712907.387
1.7,80,1,72.2,570969.1289
1.7,80,1,72.3,3140330.209
1.7,80,1,72.4,2854845.644
1.7,80,1,72.5,1998391.951
1.7,80,1,72.6,2569361.08
1.7,80,1,72.7,1427422.822
1.7,80,1,72.8,1427422.822
1.7,80,1,72.9,1141938.258
1.7,80,1,73,856453.6933
1.7,80,1,73.1,570969.1289
1.7,80,1,73.2,856453.6933
1.7,80,1,73.3,2854845.644
1.7,80,1,73.4,1998391.951
1.7,80,1,73.5,1712907.387
1.7,80,1,73.6,2569361.08
1.7,80,1,73.7,2569361.08
1.7,80,1,73.8,1712907.387
1.7,80,1,73.9,1141938.258
1.7,80,1,74,1998391.951
1.7,80,1,74.1,856453.6933
1.7,80,1,74.2,1712907.387
1.7,80,1,74.3,1712907.387
1.7,80,1,74.4,1427422.822
1.7,80,1,74.5,1712907.387
1.7,80,1,74.6,856453.6933
1.7,80,1,74.7,1998391.951
1.7,80,1,74.8,1998391.951
1.7,80,1,74.9,1141938.258
1.7,80,1,75,2283876.515
1.7,80,1,75.1,2854845.644
1.7,80,1,75.2,3425814.773
1.7,80,1,75.3,856453.6933
1.7,80,1,75.4,856453.6933
1.7,80,1,75.5,1712907.387
1.7,80,1,75.6,2569361.08
1.7,80,1,75.7,1712907.387
1.7,80,1,75.8,856453.6933
1.7,80,1,75.9,1712907.387
1.7,80,1,76,1998391.951
1.7,80,1,76.1,1427422.822
1.7,80,1,76.2,1141938.258
1.7,80,1,76.3,1712907.387
1.7,80,1,76.4,1712907.387
1.7,80,1,76.5,570969.1289
1.7,80,1,76.6,1427422.822
1.7,80,1,76.7,1427422.822
1.7,80,1,76.8,2283876.515
1.7,80,1,76.9,1141938.258
1.7,80,1,77,1141938.258
1.7,80,1,77.1,856453.6933
1.7,80,1,77.2,2569361.08
1.7,80,1,77.3,1998391.951
1.7,80,1,77.4,1141938.258
1.7,80,1,77.5,856453.6933
1.7,80,1,77.6,3711299.338
1.7,80,1,77.7,285484.5644
1.7,80,1,77.8,1427422.822
1.7,80,1,77.9,1427422.822
1.7,80,1,78,570969.1289
1.7,80,1,78.1,570969.1289
1.7,80,1,78.2,1141938.258
1.7,80,1,78.3,1141938.258
1.7,80,1,78.4,285484.5644
1.7,80,1,78.5,1141938.258
1.7,80,1,78.6,285484.5644
1.7,80,1,78.7,1141938.258
1.7,80,1,78.8,1141938.258
1.7,80,1,78.9,285484.5644
1.7,80,1,79,1141938.258
1.7,80,1,79.1,856453.6933
1.7,80,1,79.5,285484.5644
1.7,80,1,79.6,570969.1289
1.7,150,1,3.1,343613.6765
1.7,150,1,3.2,687227.353
1.7,150,1,3.4,1030841.03
1.7,150,1,3.5,1718068.383
1.7,150,1,3.6,1374454.706
1.7,150,1,3.7,3092523.089
1.7,150,1,3.8,2405295.736
1.7,150,1,3.9,3092523.089
1.7,150,1,4,5841432.501
1.7,150,1,4.1,5497818.824
1.7,150,1,4.2,6185046.177
1.7,150,1,4.3,7559500.883
1.7,150,1,4.4,11682865
1.7,150,1,4.5,6872273.53
1.7,150,1,4.6,10995637.65
1.7,150,1,4.7,14775388.09
1.7,150,1,4.8,12026478.68
1.7,150,1,4.9,17867911.18
1.7,150,1,5,19929593.24
1.7,150,1,5.1,19929593.24
1.7,150,1,5.2,17867911.18
1.7,150,1,5.3,19585979.56
1.7,150,1,5.4,25083798.38
1.7,150,1,5.5,25771025.74
1.7,150,1,5.6,25427412.06
1.7,150,1,5.7,21991275.3
1.7,150,1,5.8,30238003.53
1.7,150,1,5.9,27489094.12
1.7,150,1,6,31956071.91
1.7,150,1,6.1,31956071.91
1.7,150,1,6.2,32986912.94
1.7,150,1,6.3,25427412.06
1.7,150,1,6.4,34361367.65
1.7,150,1,6.5,37110277.06
1.7,150,1,6.6,42264482.21
1.7,150,1,6.7,36079436.03
1.7,150,1,6.8,41233641.18
1.7,150,1,6.9,27489094.12
1.7,150,1,7,45357005.3
1.7,150,1,7.1,34704981.33
1.7,150,1,7.2,36079436.03
1.7,150,1,7.3,42951709.56
1.7,150,1,7.4,73189713.1
1.7,150,1,7.5,41233641.18
1.7,150,1,7.6,39515572.8
1.7,150,1,7.7,42608095.89
1.7,150,1,7.8,42951709.56
1.7,150,1,7.9,37110277.06
1.7,150,1,8,40202800.15
1.7,150,1,8.1,38828345.44
1.7,150,1,8.2,46387846.33
1.7,150,1,8.3,106520239.7
1.7,150,1,8.4,559059451.7
1.7,150,1,8.5,40890027.5
1.7,150,1,8.6,42264482.21
1.7,150,1,8.7,40890027.5
1.7,150,1,8.8,42951709.56
1.7,150,1,8.9,41577254.86
1.7,150,1,9,44326164.27
1.7,150,1,9.1,41577254.86
1.7,150,1,9.2,38484731.77
1.7,150,1,9.3,38484731.77
1.7,150,1,9.4,40202800.15
1.7,150,1,9.5,55665415.59
1.7,150,1,9.6,49136755.74
1.7,150,1,9.7,325745765.3
1.7,150,1,9.8,68379121.62
1.7,150,1,9.9,58070711.33
1.7,150,1,10,167683474.1
1.7,150,1,10.1,39515572.8
1.7,150,1,10.2,42951709.56
1.7,150,1,10.3,32986912.94
1.7,150,1,10.4,42951709.56
1.7,150,1,10.5,41233641.18
1.7,150,1,10.6,35048595
1.7,150,1,10.7,37110277.06
1.7,150,1,10.8,41920868.53
1.7,150,1,10.9,42264482.21
1.7,150,1,11,29550776.18
1.7,150,1,11.1,37797504.42
1.7,150,1,11.2,27832707.8
1.7,150,1,11.3,88652328.54
1.7,150,1,11.4,32299685.59
1.7,150,1,11.5,31956071.91
1.7,150,1,11.6,34017753.97
1.7,150,1,11.7,40890027.5
1.7,150,1,11.8,35735822.36
1.7,150,1,11.9,27145480.44
1.7,150,1,12,29550776.18
1.7,150,1,12.1,36079436.03
1.7,150,1,12.2,32299685.59
1.7,150,1,12.3,32299685.59
1.7,150,1,12.4,30925230.89
1.7,150,1,12.5,34017753.97
1.7,150,1,12.6,32643299.27
1.7,150,1,12.7,28176321.47
1.7,150,1,12.8,38141118.09
1.7,150,1,12.9,26458253.09
1.7,150,1,13,32299685.59
1.7,150,1,13.1,26114639.41
1.7,150,1,13.2,24740184.71
1.7,150,1,13.3,31956071.91
1.7,150,1,13.4,28176321.47
1.7,150,1,13.5,27145480.44
1.7,150,1,13.6,35048595
1.7,150,1,13.7,28519935.15
1.7,150,1,13.8,32643299.27
1.7,150,1,13.9,31612458.24
1.7,150,1,14,30581617.21
1.7,150,1,14.1,30238003.53
1.7,150,1,14.2,28176321.47
1.7,150,1,14.3,27145480.44
1.7,150,1,14.4,29894389.86
1.7,150,1,14.5,25083798.38
1.7,150,1,14.6,28863548.83
1.7,150,1,14.7,27489094.12
1.7,150,1,14.8,32986912.94
1.7,150,1,14.9,26801866.77
1.7,150,1,15,32299685.59
1.7,150,1,15.1,23365730
1.7,150,1,15.2,24052957.36
1.7,150,1,15.3,27145480.44
1.7,150,1,15.4,26801866.77
1.7,150,1,15.5,19242365.88
1.7,150,1,15.6,27832707.8
1.7,150,1,15.7,26114639.41
1.7,150,1,15.8,24396571.03
1.7,150,1,15.9,25427412.06
1.7,150,1,16,26458253.09
1.7,150,1,16.1,31268844.56
1.7,150,1,16.2,19585979.56
1.7,150,1,16.3,24740184.71
1.7,150,1,16.4,29207162.5
1.7,150,1,16.5,25083798.38
1.7,150,1,16.6,21647661.62
1.7,150,1,16.7,21647661.62
1.7,150,1,16.8,19929593.24
1.7,150,1,16.9,22334888.97
1.7,150,1,17,22334888.97
1.7,150,1,17.1,26114639.41
1.7,150,1,17.2,24052957.36
1.7,150,1,17.3,23365730
1.7,150,1,17.4,19242365.88
1.7,150,1,17.5,32643299.27
1.7,150,1,17.6,22334888.97
1.7,150,1,17.7,28863548.83
1.7,150,1,17.8,18898752.21
1.7,150,1,17.9,25083798.38
1.7,150,1,18,20616820.59
1.7,150,1,18.1,26114639.41
1.7,150,1,18.2,24396571.03
1.7,150,1,18.3,21304047.94
1.7,150,1,18.4,23365730
1.7,150,1,18.5,21304047.94
1.7,150,1,18.6,22334888.97
1.7,150,1,18.7,21647661.62
1.7,150,1,18.8,21647661.62
1.7,150,1,18.9,23709343.68
1.7,150,1,19,22678502.65
1.7,150,1,19.1,21991275.3
1.7,150,1,19.2,21304047.94
1.7,150,1,19.3,20273206.91
1.7,150,1,19.4,17867911.18
1.7,150,1,19.5,17180683.83
1.7,150,1,19.6,22334888.97
1.7,150,1,19.7,18555138.53
1.7,150,1,19.8,20273206.91
1.7,150,1,19.9,18898752.21
1.7,150,1,20,21304047.94
1.7,150,1,20.1,18555138.53
1.7,150,1,20.2,19929593.24
1.7,150,1,20.3,18555138.53
1.7,150,1,20.4,18211524.85
1.7,150,1,20.5,21647661.62
1.7,150,1,20.6,21647661.62
1.7,150,1,20.7,19929593.24
1.7,150,1,20.8,16493456.47
1.7,150,1,20.9,21647661.62
1.7,150,1,21,17180683.83
1.7,150,1,21.1,23709343.68
1.7,150,1,21.2,15119001.77
1.7,150,1,21.3,17524297.5
1.7,150,1,21.4,19585979.56
1.7,150,1,21.5,20616820.59
1.7,150,1,21.6,18211524.85
1.7,150,1,21.7,14775388.09
1.7,150,1,21.8,19242365.88
1.7,150,1,21.9,16837070.15
1.7,150,1,22,18898752.21
1.7,150,1,22.1,15806229.12
1.7,150,1,22.2,19929593.24
1.7,150,1,22.3,16837070.15
1.7,150,1,22.4,21304047.94
1.7,150,1,22.5,14775388.09
1.7,150,1,22.6,17524297.5
1.7,150,1,22.7,13057319.71
1.7,150,1,22.8,13057319.71
1.7,150,1,22.9,15806229.12
1.7,150,1,23,21647661.62
1.7,150,1,23.1,15806229.12
1.7,150,1,23.2,17524297.5
1.7,150,1,23.3,17867911.18
1.7,150,1,23.4,14431774.41
1.7,150,1,23.5,17867911.18
1.7,150,1,23.6,17867911.18
1.7,150,1,23.7,15806229.12
1.7,150,1,23.8,14775388.09
1.7,150,1,23.9,21647661.62
1.7,150,1,24,15462615.44
1.7,150,1,24.1,14775388.09
1.7,150,1,24.2,13057319.71
1.7,150,1,24.3,11682865
1.7,150,1,24.4,14431774.41
1.7,150,1,24.5,12713706.03
1.7,150,1,24.6,13400933.38
1.7,150,1,24.7,14088160.74
1.7,150,1,24.8,12713706.03
1.7,150,1,24.9,16493456.47
1.7,150,1,25,19585979.56
1.7,150,1,25.1,13744547.06
1.7,150,1,25.2,14088160.74
1.7,150,1,25.3,17867911.18
1.7,150,1,25.4,16149842.8
1.7,150,1,25.5,10995637.65
1.7,150,1,25.6,14088160.74
1.7,150,1,25.7,15119001.77
1.7,150,1,25.8,17180683.83
1.7,150,1,25.9,15462615.44
1.7,150,1,26,15119001.77
1.7,150,1,26.1,14088160.74
1.7,150,1,26.2,13744547.06
1.7,150,1,26.3,14775388.09
1.7,150,1,26.4,15806229.12
1.7,150,1,26.5,13744547.06
1.7,150,1,26.6,17180683.83
1.7,150,1,26.7,13400933.38
1.7,150,1,26.8,11682865
1.7,150,1,26.9,13744547.06
1.7,150,1,27,14431774.41
1.7,150,1,27.1,15806229.12
1.7,150,1,27.2,13057319.71
1.7,150,1,27.3,11682865
1.7,150,1,27.4,10652023.97
1.7,150,1,27.5,16493456.47
1.7,150,1,27.6,13057319.71
1.7,150,1,27.7,13057319.71
1.7,150,1,27.8,10995637.65
1.7,150,1,27.9,11339251.32
1.7,150,1,28,14431774.41
1.7,150,1,28.1,12713706.03
1.7,150,1,28.2,13400933.38
1.7,150,1,28.3,14431774.41
1.7,150,1,28.4,14088160.74
1.7,150,1,28.5,13400933.38
1.7,150,1,28.6,13400933.38
1.7,150,1,28.7,12370092.35
1.7,150,1,28.8,14431774.41
1.7,150,1,28.9,15119001.77
1.7,150,1,29,9621182.942
1.7,150,1,29.1,13400933.38
1.7,150,1,29.2,13744547.06
1.7,150,1,29.3,16837070.15
1.7,150,1,29.4,10995637.65
1.7,150,1,29.5,15119001.77
1.7,150,1,29.6,10308410.3
1.7,150,1,29.7,15119001.77
1.7,150,1,29.8,13057319.71
1.7,150,1,29.9,13744547.06
1.7,150,1,30,15462615.44
1.7,150,1,30.1,10308410.3
1.7,150,1,30.2,10308410.3
1.7,150,1,30.3,15806229.12
1.7,150,1,30.4,11682865
1.7,150,1,30.5,13057319.71
1.7,150,1,30.6,12370092.35
1.7,150,1,30.7,9277569.266
1.7,150,1,30.8,12026478.68
1.7,150,1,30.9,13400933.38
1.7,150,1,31,11682865
1.7,150,1,31.1,10652023.97
1.7,150,1,31.2,15119001.77
1.7,150,1,31.3,9277569.266
1.7,150,1,31.4,13400933.38
1.7,150,1,31.5,11682865
1.7,150,1,31.6,9621182.942
1.7,150,1,31.7,9277569.266
1.7,150,1,31.8,10308410.3
1.7,150,1,31.9,12713706.03
1.7,150,1,32,14088160.74
1.7,150,1,32.1,10995637.65
1.7,150,1,32.2,10652023.97
1.7,150,1,32.3,11339251.32
1.7,150,1,32.4,10995637.65
1.7,150,1,32.5,11682865
1.7,150,1,32.6,13057319.71
1.7,150,1,32.7,12370092.35
1.7,150,1,32.8,6872273.53
1.7,150,1,32.9,9277569.266
1.7,150,1,33,9964796.619
1.7,150,1,33.1,7903114.56
1.7,150,1,33.2,10995637.65
1.7,150,1,33.3,10652023.97
1.7,150,1,33.4,13400933.38
1.7,150,1,33.5,10652023.97
1.7,150,1,33.6,11339251.32
1.7,150,1,33.7,9964796.619
1.7,150,1,33.8,11339251.32
1.7,150,1,33.9,10652023.97
1.7,150,1,34,8590341.913
1.7,150,1,34.1,10995637.65
1.7,150,1,34.2,7559500.883
1.7,150,1,34.3,10652023.97
1.7,150,1,34.4,9964796.619
1.7,150,1,34.5,8590341.913
1.7,150,1,34.6,10995637.65
1.7,150,1,34.7,13744547.06
1.7,150,1,34.8,10995637.65
1.7,150,1,34.9,8590341.913
1.7,150,1,35,9277569.266
1.7,150,1,35.1,7215887.207
1.7,150,1,35.2,6528659.854
1.7,150,1,35.3,8590341.913
1.7,150,1,35.4,11339251.32
1.7,150,1,35.5,7215887.207
1.7,150,1,35.6,9964796.619
1.7,150,1,35.7,10995637.65
1.7,150,1,35.8,8246728.236
1.7,150,1,35.9,9964796.619
1.7,150,1,36,8246728.236
1.7,150,1,36.1,11339251.32
1.7,150,1,36.2,10652023.97
1.7,150,1,36.3,9277569.266
1.7,150,1,36.4,12370092.35
1.7,150,1,36.5,10308410.3
1.7,150,1,36.6,9277569.266
1.7,150,1,36.7,9964796.619
1.7,150,1,36.8,9621182.942
1.7,150,1,36.9,10995637.65
1.7,150,1,37,11682865
1.7,150,1,37.1,11339251.32
1.7,150,1,37.2,8590341.913
1.7,150,1,37.3,7215887.207
1.7,150,1,37.4,11682865
1.7,150,1,37.5,7215887.207
1.7,150,1,37.6,12713706.03
1.7,150,1,37.7,9621182.942
1.7,150,1,37.8,7903114.56
1.7,150,1,37.9,7559500.883
1.7,150,1,38,6185046.177
1.7,150,1,38.1,8590341.913
1.7,150,1,38.2,10652023.97
1.7,150,1,38.3,8590341.913
1.7,150,1,38.4,9964796.619
1.7,150,1,38.5,9277569.266
1.7,150,1,38.6,9964796.619
1.7,150,1,38.7,6528659.854
1.7,150,1,38.8,7559500.883
1.7,150,1,38.9,7903114.56
1.7,150,1,39,11682865
1.7,150,1,39.1,7559500.883
1.7,150,1,39.2,8933955.589
1.7,150,1,39.3,7215887.207
1.7,150,1,39.4,7559500.883
1.7,150,1,39.5,6872273.53
1.7,150,1,39.6,7559500.883
1.7,150,1,39.7,9621182.942
1.7,150,1,39.8,7215887.207
1.7,150,1,39.9,10995637.65
1.7,150,1,40,9621182.942
1.7,150,1,40.1,7559500.883
1.7,150,1,40.2,8590341.913
1.7,150,1,40.3,7215887.207
1.7,150,1,40.4,12713706.03
1.7,150,1,40.5,10652023.97
1.7,150,1,40.6,6528659.854
1.7,150,1,40.7,8246728.236
1.7,150,1,40.8,5154205.148
1.7,150,1,40.9,6185046.177
1.7,150,1,41,6185046.177
1.7,150,1,41.1,9277569.266
1.7,150,1,41.2,7215887.207
1.7,150,1,41.3,9621182.942
1.7,150,1,41.4,6872273.53
1.7,150,1,41.5,9621182.942
1.7,150,1,41.6,7559500.883
1.7,150,1,41.7,9277569.266
1.7,150,1,41.8,6872273.53
1.7,150,1,41.9,8246728.236
1.7,150,1,42,8246728.236
1.7,150,1,42.1,5154205.148
1.7,150,1,42.2,8590341.913
1.7,150,1,42.3,7215887.207
1.7,150,1,42.4,3779750.442
1.7,150,1,42.5,9277569.266
1.7,150,1,42.6,7903114.56
1.7,150,1,42.7,9964796.619
1.7,150,1,42.8,6185046.177
1.7,150,1,42.9,4810591.471
1.7,150,1,43,7215887.207
1.7,150,1,43.1,6528659.854
1.7,150,1,43.2,7215887.207
1.7,150,1,43.3,5841432.501
1.7,150,1,43.4,9621182.942
1.7,150,1,43.5,6872273.53
1.7,150,1,43.6,7215887.207
1.7,150,1,43.7,9277569.266
1.7,150,1,43.8,8246728.236
1.7,150,1,43.9,4466977.795
1.7,150,1,44,9621182.942
1.7,150,1,44.1,7215887.207
1.7,150,1,44.2,5497818.824
1.7,150,1,44.3,7215887.207
1.7,150,1,44.4,5154205.148
1.7,150,1,44.5,9621182.942
1.7,150,1,44.6,8246728.236
1.7,150,1,44.7,7215887.207
1.7,150,1,44.8,7559500.883
1.7,150,1,44.9,4466977.795
1.7,150,1,45,14431774.41
1.7,150,1,45.1,4466977.795
1.7,150,1,45.2,4466977.795
1.7,150,1,45.3,6528659.854
1.7,150,1,45.4,6528659.854
1.7,150,1,45.5,4466977.795
1.7,150,1,45.6,7559500.883
1.7,150,1,45.7,7903114.56
1.7,150,1,45.8,8246728.236
1.7,150,1,45.9,8933955.589
1.7,150,1,46,7215887.207
1.7,150,1,46.1,9621182.942
1.7,150,1,46.2,6185046.177
1.7,150,1,46.3,6528659.854
1.7,150,1,46.4,5841432.501
1.7,150,1,46.5,5841432.501
1.7,150,1,46.6,5497818.824
1.7,150,1,46.7,5154205.148
1.7,150,1,46.8,5841432.501
1.7,150,1,46.9,7559500.883
1.7,150,1,47,7903114.56
1.7,150,1,47.1,5497818.824
1.7,150,1,47.2,6528659.854
1.7,150,1,47.3,4123364.118
1.7,150,1,47.4,11339251.32
1.7,150,1,47.5,4123364.118
1.7,150,1,47.6,5154205.148
1.7,150,1,47.7,6185046.177
1.7,150,1,47.8,6185046.177
1.7,150,1,47.9,7215887.207
1.7,150,1,48,5841432.501
1.7,150,1,48.1,4466977.795
1.7,150,1,48.2,4466977.795
1.7,150,1,48.3,6528659.854
1.7,150,1,48.4,5841432.501
1.7,150,1,48.5,7559500.883
1.7,150,1,48.6,5497818.824
1.7,150,1,48.7,6528659.854
1.7,150,1,48.8,6872273.53
1.7,150,1,48.9,6872273.53
1.7,150,1,49,5154205.148
1.7,150,1,49.1,8590341.913
1.7,150,1,49.2,7903114.56
1.7,150,1,49.3,3779750.442
1.7,150,1,49.4,7903114.56
1.7,150,1,49.5,5497818.824
1.7,150,1,49.6,6872273.53
1.7,150,1,49.7,6185046.177
1.7,150,1,49.8,3779750.442
1.7,150,1,49.9,6185046.177
1.7,150,1,50,5154205.148
1.7,150,1,50.1,8246728.236
1.7,150,1,50.2,4466977.795
1.7,150,1,50.3,6872273.53
1.7,150,1,50.4,6185046.177
1.7,150,1,50.5,8590341.913
1.7,150,1,50.6,4466977.795
1.7,150,1,50.7,7215887.207
1.7,150,1,50.8,6528659.854
1.7,150,1,50.9,4810591.471
1.7,150,1,51,6872273.53
1.7,150,1,51.1,6185046.177
1.7,150,1,51.2,4810591.471
1.7,150,1,51.3,4810591.471
1.7,150,1,51.4,4810591.471
1.7,150,1,51.5,5841432.501
1.7,150,1,51.6,6185046.177
1.7,150,1,51.7,5154205.148
1.7,150,1,51.8,4810591.471
1.7,150,1,51.9,3436136.765
1.7,150,1,52,7559500.883
1.7,150,1,52.1,7559500.883
1.7,150,1,52.2,3436136.765
1.7,150,1,52.3,6185046.177
1.7,150,1,52.4,5154205.148
1.7,150,1,52.5,8933955.589
1.7,150,1,52.6,5841432.501
1.7,150,1,52.7,6528659.854
1.7,150,1,52.8,7559500.883
1.7,150,1,52.9,4810591.471
1.7,150,1,53,5841432.501
1.7,150,1,53.1,3436136.765
1.7,150,1,53.2,4810591.471
1.7,150,1,53.3,6185046.177
1.7,150,1,53.4,4810591.471
1.7,150,1,53.5,5841432.501
1.7,150,1,53.6,3779750.442
1.7,150,1,53.7,6872273.53
1.7,150,1,53.8,4466977.795
1.7,150,1,53.9,3436136.765
1.7,150,1,54,4810591.471
1.7,150,1,54.1,3779750.442
1.7,150,1,54.2,2405295.736
1.7,150,1,54.3,5154205.148
1.7,150,1,54.4,7215887.207
1.7,150,1,54.5,3436136.765
1.7,150,1,54.6,3092523.089
1.7,150,1,54.7,5497818.824
1.7,150,1,54.8,4810591.471
1.7,150,1,54.9,4466977.795
1.7,150,1,55,6185046.177
1.7,150,1,55.1,4810591.471
1.7,150,1,55.2,6872273.53
1.7,150,1,55.3,4123364.118
1.7,150,1,55.4,6528659.854
1.7,150,1,55.5,5841432.501
1.7,150,1,55.6,6872273.53
1.7,150,1,55.7,4810591.471
1.7,150,1,55.8,4466977.795
1.7,150,1,55.9,3779750.442
1.7,150,1,56,4466977.795
1.7,150,1,56.1,4123364.118
1.7,150,1,56.2,4123364.118
1.7,150,1,56.3,5841432.501
1.7,150,1,56.4,6185046.177
1.7,150,1,56.5,4810591.471
1.7,150,1,56.6,5154205.148
1.7,150,1,56.7,4123364.118
1.7,150,1,56.8,4123364.118
1.7,150,1,56.9,5154205.148
1.7,150,1,57,3779750.442
1.7,150,1,57.1,4810591.471
1.7,150,1,57.2,3436136.765
1.7,150,1,57.3,5841432.501
1.7,150,1,57.4,4123364.118
1.7,150,1,57.5,4810591.471
1.7,150,1,57.6,5841432.501
1.7,150,1,57.7,3436136.765
1.7,150,1,57.8,6185046.177
1.7,150,1,57.9,4466977.795
1.7,150,1,58,4466977.795
1.7,150,1,58.1,20273206.91
1.7,150,1,58.2,2748909.412
1.7,150,1,58.3,4466977.795
1.7,150,1,58.4,5497818.824
1.7,150,1,58.5,4123364.118
1.7,150,1,58.6,3779750.442
1.7,150,1,58.7,3779750.442
1.7,150,1,58.8,3092523.089
1.7,150,1,58.9,6185046.177
1.7,150,1,59,4466977.795
1.7,150,1,59.1,1718068.383
1.7,150,1,59.2,1374454.706
1.7,150,1,59.3,6185046.177
1.7,150,1,59.4,5154205.148
1.7,150,1,59.5,35392208.68
1.7,150,1,59.6,3779750.442
1.7,150,1,59.7,3092523.089
1.7,150,1,59.8,3779750.442
1.7,150,1,59.9,5841432.501
1.7,150,1,60,5154205.148
1.7,150,1,60.1,6872273.53
1.7,150,1,60.2,5841432.501
1.7,150,1,60.3,6185046.177
1.7,150,1,60.4,4123364.118
1.7,150,1,60.5,4810591.471
1.7,150,1,60.6,2748909.412
1.7,150,1,60.7,4466977.795
1.7,150,1,60.8,4123364.118
1.7,150,1,60.9,4123364.118
1.7,150,1,61,2405295.736
1.7,150,1,61.1,2748909.412
1.7,150,1,61.2,7215887.207
1.7,150,1,61.3,4810591.471
1.7,150,1,61.4,2748909.412
1.7,150,1,61.5,3092523.089
1.7,150,1,61.6,5841432.501
1.7,150,1,61.7,4466977.795
1.7,150,1,61.8,4123364.118
1.7,150,1,61.9,4810591.471
1.7,150,1,62,5841432.501
1.7,150,1,62.1,3092523.089
1.7,150,1,62.2,3092523.089
1.7,150,1,62.3,3092523.089
1.7,150,1,62.4,4123364.118
1.7,150,1,62.5,3436136.765
1.7,150,1,62.6,2405295.736
1.7,150,1,62.7,2405295.736
1.7,150,1,62.8,4123364.118
1.7,150,1,62.9,3436136.765
1.7,150,1,63,5154205.148
1.7,150,1,63.1,5154205.148
1.7,150,1,63.2,4466977.795
1.7,150,1,63.3,5154205.148
1.7,150,1,63.4,2405295.736
1.7,150,1,63.5,2748909.412
1.7,150,1,63.6,3092523.089
1.7,150,1,63.7,4466977.795
1.7,150,1,63.8,5497818.824
1.7,150,1,63.9,4123364.118
1.7,150,1,64,4810591.471
1.7,150,1,64.1,5841432.501
1.7,150,1,64.2,5497818.824
1.7,150,1,64.3,4466977.795
1.7,150,1,64.4,2061682.059
1.7,150,1,64.5,4810591.471
1.7,150,1,64.6,3436136.765
1.7,150,1,64.7,4123364.118
1.7,150,1,64.8,4123364.118
1.7,150,1,64.9,4123364.118
1.7,150,1,65,2748909.412
1.7,150,1,65.1,2748909.412
1.7,150,1,65.2,2405295.736
1.7,150,1,65.3,4123364.118
1.7,150,1,65.4,3436136.765
1.7,150,1,65.5,3092523.089
1.7,150,1,65.6,2405295.736
1.7,150,1,65.7,2405295.736
1.7,150,1,65.8,5841432.501
1.7,150,1,65.9,5154205.148
1.7,150,1,66,343613.6765
1.7,150,1,66.1,5154205.148
1.7,150,1,66.2,2405295.736
1.7,150,1,66.3,5154205.148
1.7,150,1,66.4,4466977.795
1.7,150,1,66.5,4123364.118
1.7,150,1,66.6,5154205.148
1.7,150,1,66.7,2405295.736
1.7,150,1,66.8,5497818.824
1.7,150,1,66.9,4466977.795
1.7,150,1,67,3092523.089
1.7,150,1,67.1,8590341.913
1.7,150,1,67.2,4466977.795
1.7,150,1,67.3,3092523.089
1.7,150,1,67.4,8590341.913
1.7,150,1,67.5,1718068.383
1.7,150,1,67.6,6528659.854
1.7,150,1,67.7,3779750.442
1.7,150,1,67.8,5497818.824
1.7,150,1,67.9,2405295.736
1.7,150,1,68,3092523.089
1.7,150,1,68.1,4123364.118
1.7,150,1,68.2,4466977.795
1.7,150,1,68.3,4123364.118
1.7,150,1,68.4,2405295.736
1.7,150,1,68.5,4123364.118
1.7,150,1,68.6,1374454.706
1.7,150,1,68.7,1374454.706
1.7,150,1,68.8,3779750.442
1.7,150,1,68.9,2061682.059
1.7,150,1,69,2405295.736
1.7,150,1,69.1,3092523.089
1.7,150,1,69.2,3436136.765
1.7,150,1,69.3,2405295.736
1.7,150,1,69.4,2405295.736
1.7,150,1,69.5,4810591.471
1.7,150,1,69.6,4466977.795
1.7,150,1,69.7,3092523.089
1.7,150,1,69.8,4466977.795
1.7,150,1,69.9,3436136.765
1.7,150,1,70,2405295.736
1.7,150,1,70.1,2748909.412
1.7,150,1,70.2,1374454.706
1.7,150,1,70.3,5154205.148
1.7,150,1,70.4,3436136.765
1.7,150,1,70.5,2748909.412
1.7,150,1,70.6,5497818.824
1.7,150,1,70.7,3436136.765
1.7,150,1,70.8,1718068.383
1.7,150,1,70.9,3092523.089
1.7,150,1,71,3436136.765
1.7,150,1,71.1,2061682.059
1.7,150,1,71.2,3092523.089
1.7,150,1,71.3,4123364.118
1.7,150,1,71.4,2061682.059
1.7,150,1,71.5,1718068.383
1.7,150,1,71.6,3092523.089
1.7,150,1,71.7,3436136.765
1.7,150,1,71.8,1374454.706
1.7,150,1,71.9,4123364.118
1.7,150,1,72,4810591.471
1.7,150,1,72.1,2061682.059
1.7,150,1,72.2,4123364.118
1.7,150,1,72.3,3092523.089
1.7,150,1,72.4,2748909.412
1.7,150,1,72.5,3436136.765
1.7,150,1,72.6,3092523.089
1.7,150,1,72.7,4466977.795
1.7,150,1,72.8,4123364.118
1.7,150,1,72.9,1374454.706
1.7,150,1,73,2748909.412
1.7,150,1,73.1,2061682.059
1.7,150,1,73.2,2405295.736
1.7,150,1,73.3,1030841.03
1.7,150,1,73.4,4123364.118
1.7,150,1,73.5,3092523.089
1.7,150,1,73.6,4123364.118
1.7,150,1,73.7,3436136.765
1.7,150,1,73.8,3779750.442
1.7,150,1,73.9,4123364.118
1.7,150,1,74,1374454.706
1.7,150,1,74.1,4466977.795
1.7,150,1,74.2,3092523.089
1.7,150,1,74.3,2748909.412
1.7,150,1,74.4,3436136.765
1.7,150,1,74.5,3092523.089
1.7,150,1,74.6,4123364.118
1.7,150,1,74.7,2748909.412
1.7,150,1,74.8,2061682.059
1.7,150,1,74.9,2405295.736
1.7,150,1,75,4466977.795
1.7,150,1,75.1,1374454.706
1.7,150,1,75.2,2748909.412
1.7,150,1,75.3,4123364.118
1.7,150,1,75.4,2748909.412
1.7,150,1,75.5,3779750.442
1.7,150,1,75.6,1718068.383
1.7,150,1,75.7,2748909.412
1.7,150,1,75.8,3779750.442
1.7,150,1,75.9,1374454.706
1.7,150,1,76,3436136.765
1.7,150,1,76.1,3436136.765
1.7,150,1,76.2,3092523.089
1.7,150,1,76.3,3092523.089
1.7,150,1,76.4,4123364.118
1.7,150,1,76.5,4466977.795
1.7,150,1,76.6,2061682.059
1.7,150,1,76.7,1374454.706
1.7,150,1,76.8,2061682.059
1.7,150,1,76.9,1030841.03
1.7,150,1,77,3779750.442
1.7,150,1,77.1,3779750.442
1.7,150,1,77.2,2405295.736
1.7,150,1,77.3,2405295.736
1.7,150,1,77.4,2748909.412
1.7,150,1,77.5,2748909.412
1.7,150,1,77.6,2748909.412
1.7,150,1,77.7,2748909.412
1.7,150,1,77.8,2061682.059
1.7,150,1,77.9,3092523.089
1.7,150,1,78,3436136.765
1.7,150,1,78.1,3779750.442
1.7,150,1,78.2,3779750.442
1.7,150,1,78.3,3092523.089
1.7,150,1,78.4,2405295.736
1.7,150,1,78.5,2405295.736
1.7,150,1,78.6,1718068.383
1.7,150,1,78.7,1374454.706
1.7,150,1,78.8,4466977.795
1.7,150,1,78.9,2405295.736
1.7,150,1,79,2748909.412
1.7,150,1,79.1,2405295.736
1.7,150,1,79.2,4810591.471
1.7,150,1,79.3,4466977.795
1.7,150,1,79.4,3436136.765
1.7,150,1,79.5,3092523.089
1.7,150,1,79.6,4810591.471
1.7,150,1,79.7,1718068.383
1.7,150,1,79.8,1718068.383
1.7,150,1,79.9,2748909.412
1.7,150,1,80,2061682.059
1.7,150,1,80.1,4123364.118
1.7,150,1,80.2,2405295.736
1.7,150,1,80.3,2748909.412
1.7,150,1,80.4,3092523.089
1.7,150,1,80.5,2748909.412
1.7,150,1,80.6,3436136.765
1.7,150,1,80.7,2748909.412
1.7,150,1,80.8,1030841.03
1.7,150,1,80.9,1718068.383
1.7,150,1,81,3092523.089
1.7,150,1,81.1,2061682.059
1.7,150,1,81.2,2748909.412
1.7,150,1,81.3,2405295.736
1.7,150,1,81.4,2748909.412
1.7,150,1,81.5,1030841.03
1.7,150,1,81.6,2748909.412
1.7,150,1,81.7,2748909.412
1.7,150,1,81.8,2748909.412
1.7,150,1,81.9,1718068.383
1.7,150,1,82,1374454.706
1.7,150,1,82.1,3436136.765
1.7,150,1,82.2,3092523.089
1.7,150,1,82.3,687227.353
1.7,150,1,82.4,2061682.059
1.7,150,1,82.5,1718068.383
1.7,150,1,82.6,2748909.412
1.7,150,1,82.7,3779750.442
1.7,150,1,82.8,1030841.03
1.7,150,1,82.9,3092523.089
1.7,150,1,83,5154205.148
1.7,150,1,83.1,3092523.089
1.7,150,1,83.2,2061682.059
1.7,150,1,83.3,1718068.383
1.7,150,1,83.4,1030841.03
1.7,150,1,83.5,2061682.059
1.7,150,1,83.6,3436136.765
1.7,150,1,83.7,1030841.03
1.7,150,1,83.8,3092523.089
1.7,150,1,83.9,1374454.706
1.7,150,1,84,2061682.059
1.7,150,1,84.1,3779750.442
1.7,150,1,84.2,3092523.089
1.7,150,1,84.3,1030841.03
1.7,150,1,84.4,1718068.383
1.7,150,1,84.5,4123364.118
1.7,150,1,84.6,3092523.089
1.7,150,1,84.7,2405295.736
1.7,150,1,84.8,1718068.383
1.7,150,1,84.9,3436136.765
1.7,150,1,85,3436136.765
1.7,150,1,85.1,3779750.442
1.7,150,1,85.2,3092523.089
1.7,150,1,85.3,1030841.03
1.7,150,1,85.4,1374454.706
1.7,150,1,85.5,2748909.412
1.7,150,1,85.6,2405295.736
1.7,150,1,85.7,1718068.383
1.7,150,1,85.8,3779750.442
1.7,150,1,85.9,687227.353
1.7,150,1,86,1030841.03
1.7,150,1,86.1,2748909.412
1.7,150,1,86.2,2061682.059
1.7,150,1,86.3,3092523.089
1.7,150,1,86.4,3436136.765
1.7,150,1,86.5,2061682.059
1.7,150,1,86.6,2748909.412
1.7,150,1,86.7,2748909.412
1.7,150,1,86.8,3779750.442
1.7,150,1,86.9,3092523.089
1.7,150,1,87,1718068.383
1.7,150,1,87.1,2405295.736
1.7,150,1,87.2,2061682.059
1.7,150,1,87.3,2748909.412
1.7,150,1,87.4,2061682.059
1.7,150,1,87.5,2061682.059
1.7,150,1,87.6,1718068.383
1.7,150,1,87.7,1718068.383
1.7,150,1,87.8,2061682.059
1.7,150,1,87.9,2061682.059
1.7,150,1,88,1030841.03
1.7,150,1,88.1,2405295.736
1.7,150,1,88.2,2405295.736
1.7,150,1,88.3,1718068.383
1.7,150,1,88.4,1030841.03
1.7,150,1,88.5,1374454.706
1.7,150,1,88.6,1718068.383
1.7,150,1,88.7,1374454.706
1.7,150,1,88.8,2748909.412
1.7,150,1,88.9,2061682.059
1.7,150,1,89,3436136.765
1.7,150,1,89.1,2405295.736
1.7,150,1,89.2,3092523.089
1.7,150,1,89.3,3092523.089
1.7,150,1,89.4,687227.353
1.7,150,1,89.5,1030841.03
1.7,150,1,89.6,2748909.412
1.7,150,1,89.7,1374454.706
1.7,150,1,89.8,1374454.706
1.7,150,1,89.9,1030841.03
1.7,150,1,90,1030841.03
1.7,150,1,90.1,2405295.736
1.7,150,1,90.2,2405295.736
1.7,150,1,90.3,3779750.442
1.7,150,1,90.4,3092523.089
1.7,150,1,90.5,2748909.412
1.7,150,1,90.6,1374454.706
1.7,150,1,90.7,1030841.03
1.7,150,1,90.8,2405295.736
1.7,150,1,90.9,1718068.383
1.7,150,1,91,2405295.736
1.7,150,1,91.1,2405295.736
1.7,150,1,91.2,1718068.383
1.7,150,1,91.3,687227.353
1.7,150,1,91.4,1030841.03
1.7,150,1,91.5,2405295.736
1.7,150,1,91.6,1718068.383
1.7,150,1,91.7,343613.6765
1.7,150,1,91.8,2748909.412
1.7,150,1,91.9,1374454.706
1.7,150,1,92,4466977.795
1.7,150,1,92.1,1374454.706
1.7,150,1,92.2,2748909.412
1.7,150,1,92.3,1030841.03
1.7,150,1,92.4,3779750.442
1.7,150,1,92.5,2405295.736
1.7,150,1,92.6,1374454.706
1.7,150,1,92.7,1030841.03
1.7,150,1,92.8,1374454.706
1.7,150,1,92.9,2748909.412
1.7,150,1,93,1718068.383
1.7,150,1,93.1,2405295.736
1.7,150,1,93.2,1718068.383
1.7,150,1,93.3,1374454.706
1.7,150,1,93.4,2061682.059
1.7,150,1,93.5,1718068.383
1.7,150,1,93.6,2061682.059
1.7,150,1,93.7,2405295.736
1.7,150,1,93.8,1030841.03
1.7,150,1,93.9,2061682.059
1.7,150,1,94,1030841.03
1.7,150,1,94.1,2061682.059
1.7,150,1,94.2,3092523.089
1.7,150,1,94.3,4466977.795
1.7,150,1,94.4,2061682.059
1.7,150,1,94.5,2405295.736
1.7,150,1,94.6,3092523.089
1.7,150,1,94.7,1718068.383
1.7,150,1,94.8,1718068.383
1.7,150,1,94.9,3092523.089
1.7,150,1,95,3436136.765
1.7,150,1,95.1,2061682.059
1.7,150,1,95.2,1718068.383
1.7,150,1,95.3,3436136.765
1.7,150,1,95.4,2748909.412
1.7,150,1,95.5,2061682.059
1.7,150,1,95.6,1718068.383
1.7,150,1,95.7,3436136.765
1.7,150,1,95.8,1374454.706
1.7,150,1,95.9,1030841.03
1.7,150,1,96,3092523.089
1.7,150,1,96.1,1030841.03
1.7,150,1,96.2,1718068.383
1.7,150,1,96.3,2405295.736
1.7,150,1,96.4,2748909.412
1.7,150,1,96.5,1718068.383
1.7,150,1,96.6,1374454.706
1.7,150,1,96.7,3436136.765
1.7,150,1,96.8,4123364.118
1.7,150,1,96.9,687227.353
1.7,150,1,97,1030841.03
1.7,150,1,97.1,1030841.03
1.7,150,1,97.2,1374454.706
1.7,150,1,97.3,687227.353
1.7,150,1,97.4,1374454.706
1.7,150,1,97.5,1718068.383
1.7,150,1,97.6,1030841.03
1.7,150,1,97.7,1374454.706
1.7,150,1,97.8,3092523.089
1.7,150,1,97.9,1030841.03
1.7,150,1,98,1030841.03
1.7,150,1,98.1,2405295.736
1.7,150,1,98.2,3092523.089
1.7,150,1,98.3,343613.6765
1.7,150,1,98.4,2061682.059
1.7,150,1,98.5,1374454.706
1.7,150,1,98.6,2061682.059
1.7,150,1,98.7,2748909.412
1.7,150,1,98.8,1718068.383
1.7,150,1,98.9,4466977.795
1.7,150,1,99,687227.353
1.7,150,1,99.1,1030841.03
1.7,150,1,99.2,2405295.736
1.7,150,1,99.3,2061682.059
1.7,150,1,99.4,1374454.706
1.7,150,1,99.5,1718068.383
1.7,150,1,99.6,343613.6765
1.7,150,1,99.7,2061682.059
1.7,150,1,99.8,2405295.736
1.7,150,1,99.9,2061682.059
1.7,150,1,100,687227.353
1.7,150,1,100.1,2061682.059
1.7,150,1,100.2,1374454.706
1.7,150,1,100.3,2405295.736
1.7,150,1,100.4,2061682.059
1.7,150,1,100.5,2748909.412
1.7,150,1,100.6,3436136.765
1.7,150,1,100.7,2061682.059
1.7,150,1,100.8,2405295.736
1.7,150,1,100.9,1374454.706
1.7,150,1,101,2748909.412
1.7,150,1,101.1,1374454.706
1.7,150,1,101.2,687227.353
1.7,150,1,101.3,1718068.383
1.7,150,1,101.4,1030841.03
1.7,150,1,101.5,2405295.736
1.7,150,1,101.6,2748909.412
1.7,150,1,101.7,2405295.736
1.7,150,1,101.8,3092523.089
1.7,150,1,101.9,1374454.706
1.7,150,1,102,2061682.059
1.7,150,1,102.1,1718068.383
1.7,150,1,102.2,1030841.03
1.7,150,1,102.3,2061682.059
1.7,150,1,102.4,2061682.059
1.7,150,1,102.5,1374454.706
1.7,150,1,102.6,1374454.706
1.7,150,1,102.7,1718068.383
1.7,150,1,102.8,1374454.706
1.7,150,1,102.9,1718068.383
1.7,150,1,103,1374454.706
1.7,150,1,103.1,2061682.059
1.7,150,1,103.2,687227.353
1.7,150,1,103.3,2061682.059
1.7,150,1,103.4,2061682.059
1.7,150,1,103.5,1718068.383
1.7,150,1,103.6,1718068.383
1.7,150,1,103.7,2061682.059
1.7,150,1,103.8,687227.353
1.7,150,1,103.9,1374454.706
1.7,150,1,104,1374454.706
1.7,150,1,104.1,1374454.706
1.7,150,1,104.2,2405295.736
1.7,150,1,104.3,1374454.706
1.7,150,1,104.4,1718068.383
1.7,150,1,104.5,1030841.03
1.7,150,1,104.6,2061682.059
1.7,150,1,104.7,2061682.059
1.7,150,1,104.8,3092523.089
1.7,150,1,104.9,2061682.059
1.7,150,1,105,1718068.383
1.7,150,1,105.1,2405295.736
1.7,150,1,105.2,4123364.118
1.7,150,1,105.3,4123364.118
1.7,150,1,105.4,1374454.706
1.7,150,1,105.5,2061682.059
1.7,150,1,105.6,1374454.706
1.7,150,1,105.7,687227.353
1.7,150,1,105.8,3436136.765
1.7,150,1,105.9,2061682.059
1.7,150,1,106,1030841.03
1.7,150,1,106.1,687227.353
1.7,150,1,106.2,1374454.706
1.7,150,1,106.3,1030841.03
1.7,150,1,106.4,687227.353
1.7,150,1,106.5,343613.6765
1.7,150,1,106.6,2061682.059
1.7,150,1,106.7,1718068.383
1.7,150,1,106.8,687227.353
1.7,150,1,106.9,1374454.706
1.7,150,1,107,1718068.383
1.7,150,1,107.1,1718068.383
1.7,150,1,107.2,1718068.383
1.7,150,1,107.3,1030841.03
1.7,150,1,107.4,1374454.706
1.7,150,1,107.5,2405295.736
1.7,150,1,107.6,1718068.383
1.7,150,1,107.7,1718068.383
1.7,150,1,107.8,687227.353
1.7,150,1,107.9,1374454.706
1.7,150,1,108,1718068.383
1.7,150,1,108.1,1718068.383
1.7,150,1,108.2,2061682.059
1.7,150,1,108.3,1030841.03
1.7,150,1,108.4,1374454.706
1.7,150,1,108.5,1374454.706
1.7,150,1,108.6,687227.353
1.7,150,1,108.7,687227.353
1.7,150,1,108.8,1030841.03
1.7,150,1,108.9,1374454.706
1.7,150,1,109,687227.353
1.7,150,1,109.1,1718068.383
1.7,150,1,109.2,1718068.383
1.7,150,1,109.3,2405295.736
1.7,150,1,109.4,1718068.383
1.7,150,1,109.5,1718068.383
1.7,150,1,109.6,2061682.059
1.7,150,1,109.7,1374454.706
1.7,150,1,109.8,2748909.412
1.7,150,1,109.9,1030841.03
1.7,150,1,110.1,687227.353
1.7,150,1,110.2,687227.353
1.7,150,1,110.3,2061682.059
1.7,150,1,110.4,1718068.383
1.7,150,1,110.5,1030841.03
1.7,150,1,110.6,2748909.412
1.7,150,1,110.7,687227.353
1.7,150,1,110.8,1718068.383
1.7,150,1,110.9,343613.6765
1.7,150,1,111,1718068.383
1.7,150,1,111.1,343613.6765
1.7,150,1,111.2,2061682.059
1.7,150,1,111.3,687227.353
1.7,150,1,111.4,2748909.412
1.7,150,1,111.5,1374454.706
1.7,150,1,111.6,343613.6765
1.7,150,1,111.7,2748909.412
1.7,150,1,111.8,1718068.383
1.7,150,1,111.9,1718068.383
1.7,150,1,112,2061682.059
1.7,150,1,112.1,1030841.03
1.7,150,1,112.2,1718068.383
1.7,150,1,112.3,1718068.383
1.7,150,1,112.4,1718068.383
1.7,150,1,112.5,1718068.383
1.7,150,1,112.6,1030841.03
1.7,150,1,112.7,1030841.03
1.7,150,1,112.8,1718068.383
1.7,150,1,112.9,1718068.383
1.7,150,1,113,1030841.03
1.7,150,1,113.1,2405295.736
1.7,150,1,113.2,2061682.059
1.7,150,1,113.3,1718068.383
1.7,150,1,113.4,687227.353
1.7,150,1,113.5,1030841.03
1.7,150,1,113.6,2061682.059
1.7,150,1,113.7,687227.353
1.7,150,1,113.8,2061682.059
1.7,150,1,113.9,1030841.03
1.7,150,1,114,3092523.089
1.7,150,1,114.1,2405295.736
1.7,150,1,114.2,343613.6765
1.7,150,1,114.3,1374454.706
1.7,150,1,114.4,1718068.383
1.7,150,1,114.5,1374454.706
1.7,150,1,114.6,1374454.706
1.7,150,1,114.7,687227.353
1.7,150,1,114.8,1030841.03
1.7,150,1,114.9,1718068.383
1.7,150,1,115,687227.353
1.7,150,1,115.1,1374454.706
1.7,150,1,115.2,2405295.736
1.7,150,1,115.3,1718068.383
1.7,150,1,115.4,687227.353
1.7,150,1,115.5,1030841.03
1.7,150,1,115.6,1718068.383
1.7,150,1,115.7,1374454.706
1.7,150,1,115.8,343613.6765
1.7,150,1,115.9,687227.353
1.7,150,1,116.1,687227.353
1.7,150,1,116.2,343613.6765
1.7,150,1,116.3,1718068.383
1.7,150,1,116.4,1030841.03
1.7,150,1,116.5,687227.353
1.7,150,1,116.6,2748909.412
1.7,150,1,116.7,687227.353
1.7,150,1,116.8,1030841.03
1.7,150,1,116.9,1374454.706
1.7,150,1,117,343613.6765
1.7,150,1,117.1,2061682.059
1.7,150,1,117.2,687227.353
1.7,150,1,117.3,687227.353
1.7,150,1,117.4,1030841.03
1.7,150,1,117.5,687227.353
1.7,150,1,117.6,1030841.03
1.7,150,1,117.7,1374454.706
1.7,150,1,117.8,1718068.383
1.7,150,1,117.9,2405295.736
1.7,150,1,118,343613.6765
1.7,150,1,118.1,1718068.383
1.7,150,1,118.2,1374454.706
1.7,150,1,118.3,2061682.059
1.7,150,1,118.4,2061682.059
1.7,150,1,118.5,1030841.03
1.7,150,1,118.6,687227.353
1.7,150,1,118.7,1030841.03
1.7,150,1,118.8,2061682.059
1.7,150,1,118.9,1030841.03
1.7,150,1,119,1374454.706
1.7,150,1,119.1,687227.353
1.7,150,1,119.2,687227.353
1.7,150,1,119.3,2748909.412
1.7,150,1,119.4,1374454.706
1.7,150,1,119.5,343613.6765
1.7,150,1,119.6,2748909.412
1.7,150,1,119.7,1374454.706
1.7,150,1,119.8,687227.353
1.7,150,1,119.9,1374454.706
1.7,150,1,120,2061682.059
1.7,150,1,120.1,687227.353
1.7,150,1,120.2,1374454.706
1.7,150,1,120.3,343613.6765
1.7,150,1,120.4,343613.6765
1.7,150,1,120.5,687227.353
1.7,150,1,120.6,687227.353
1.7,150,1,120.7,1718068.383
1.7,150,1,120.8,1718068.383
1.7,150,1,120.9,2748909.412
1.7,150,1,121,1030841.03
1.7,150,1,121.1,2061682.059
1.7,150,1,121.2,2061682.059
1.7,150,1,121.4,1030841.03
1.7,150,1,121.5,687227.353
1.7,150,1,121.6,2061682.059
1.7,150,1,121.7,687227.353
1.7,150,1,121.8,1374454.706
1.7,150,1,121.9,1374454.706
1.7,150,1,122,1374454.706
1.7,150,1,122.1,1718068.383
1.7,150,1,122.2,343613.6765
1.7,150,1,122.3,687227.353
1.7,150,1,122.4,687227.353
1.7,150,1,122.5,687227.353
1.7,150,1,122.7,1030841.03
1.7,150,1,122.8,1374454.706
1.7,150,1,122.9,1718068.383
1.7,150,1,123,1374454.706
1.7,150,1,123.1,1718068.383
1.7,150,1,123.2,687227.353
1.7,150,1,123.3,1374454.706
1.7,150,1,123.4,1030841.03
1.7,150,1,123.5,1030841.03
1.7,150,1,123.6,343613.6765
1.7,150,1,123.8,687227.353
1.7,150,1,123.9,343613.6765
1.7,150,1,124,1718068.383
1.7,150,1,124.1,2405295.736
1.7,150,1,124.2,687227.353
1.7,150,1,124.3,2748909.412
1.7,150,1,124.4,1718068.383
1.7,150,1,124.5,2061682.059
1.7,150,1,124.6,2061682.059
1.7,150,1,124.7,2405295.736
1.7,150,1,124.9,2405295.736
1.7,150,1,125,1030841.03
1.7,150,1,125.1,3436136.765
1.7,150,1,125.2,687227.353
1.7,150,1,125.3,343613.6765
1.7,150,1,125.4,1374454.706
1.7,150,1,125.5,1030841.03
1.7,150,1,125.6,343613.6765
1.7,150,1,125.7,1030841.03
1.7,150,1,125.8,1030841.03
1.7,150,1,125.9,1030841.03
1.7,150,1,126,343613.6765
1.7,150,1,126.1,2748909.412
1.7,150,1,126.2,687227.353
1.7,150,1,126.3,1374454.706
1.7,150,1,126.4,1374454.706
1.7,150,1,126.5,1030841.03
1.7,150,1,126.6,687227.353
1.7,150,1,126.7,1374454.706
1.7,150,1,126.8,687227.353
1.7,150,1,126.9,1030841.03
1.7,150,1,127,1374454.706
1.7,150,1,127.1,687227.353
1.7,150,1,127.2,1030841.03
1.7,150,1,127.3,2061682.059
1.7,150,1,127.4,343613.6765
1.7,150,1,127.5,1374454.706
1.7,150,1,127.6,687227.353
1.7,150,1,127.7,1030841.03
1.7,150,1,127.8,687227.353
1.7,150,1,127.9,343613.6765
1.7,150,1,128,2748909.412
1.7,150,1,128.1,1374454.706
1.7,150,1,128.4,1030841.03
1.7,150,1,128.5,1374454.706
1.7,150,1,128.6,1030841.03
1.7,150,1,128.7,2061682.059
1.7,150,1,128.8,1718068.383
1.7,150,1,128.9,1030841.03
1.7,150,1,129,1030841.03
1.7,150,1,129.1,2061682.059
1.7,150,1,129.2,1030841.03
1.7,150,1,129.3,1374454.706
1.7,150,1,129.4,343613.6765
1.7,150,1,129.5,687227.353
1.7,150,1,129.6,343613.6765
1.7,150,1,129.7,1030841.03
1.7,150,1,129.8,1030841.03
1.7,150,1,130,1030841.03
1.7,150,1,130.1,343613.6765
1.7,150,1,130.2,687227.353
1.7,150,1,130.3,687227.353
1.7,150,1,130.4,2061682.059
1.7,150,1,130.5,343613.6765
1.7,150,1,130.6,1374454.706
1.7,150,1,130.7,2405295.736
1.7,150,1,130.8,687227.353
1.7,150,1,130.9,1030841.03
1.7,150,1,131,1030841.03
1.7,150,1,131.1,1374454.706
1.7,150,1,131.2,1718068.383
1.7,150,1,131.3,343613.6765
1.7,150,1,131.4,687227.353
1.7,150,1,131.5,1718068.383
1.7,150,1,131.6,1718068.383
1.7,150,1,131.7,343613.6765
1.7,150,1,131.8,687227.353
1.7,150,1,131.9,343613.6765
1.7,150,1,132,1374454.706
1.7,150,1,132.1,1718068.383
1.7,150,1,132.2,343613.6765
1.7,150,1,132.3,687227.353
1.7,150,1,132.4,687227.353
1.7,150,1,132.5,1374454.706
1.7,150,1,132.6,1030841.03
1.7,150,1,132.7,687227.353
1.7,150,1,132.8,687227.353
1.7,150,1,132.9,687227.353
1.7,150,1,133,2405295.736
1.7,150,1,133.1,1374454.706
1.7,150,1,133.2,1030841.03
1.7,150,1,133.3,687227.353
1.7,150,1,133.5,687227.353
1.7,150,1,133.7,687227.353
1.7,150,1,133.8,1718068.383
1.7,150,1,133.9,1718068.383
1.7,150,1,134,687227.353
1.7,150,1,134.1,1374454.706
1.7,150,1,134.2,1030841.03
1.7,150,1,134.3,1374454.706
1.7,150,1,134.4,687227.353
1.7,150,1,134.5,1030841.03
1.7,150,1,134.6,687227.353
1.7,150,1,134.7,1030841.03
1.7,150,1,134.9,1030841.03
1.7,150,1,135,2061682.059
1.7,150,1,135.1,687227.353
1.7,150,1,135.2,687227.353
1.7,150,1,135.3,687227.353
1.7,150,1,135.4,687227.353
1.7,150,1,135.5,1374454.706
1.7,150,1,135.6,1030841.03
1.7,150,1,135.7,687227.353
1.7,150,1,135.8,1374454.706
1.7,150,1,135.9,1030841.03
1.7,150,1,136,343613.6765
1.7,150,1,136.1,2061682.059
1.7,150,1,136.2,687227.353
1.7,150,1,136.3,1030841.03
1.7,150,1,136.4,687227.353
1.7,150,1,136.5,1030841.03
1.7,150,1,136.6,1030841.03
1.7,150,1,136.7,687227.353
1.7,150,1,136.9,687227.353
1.7,150,1,137,2748909.412
1.7,150,1,137.1,687227.353
1.7,150,1,137.2,1030841.03
1.7,150,1,137.3,2061682.059
1.7,150,1,137.4,2061682.059
1.7,150,1,137.5,1030841.03
1.7,150,1,137.7,1718068.383
1.7,150,1,137.8,687227.353
1.7,150,1,137.9,2061682.059
1.7,150,1,138,1030841.03
1.7,150,1,138.1,343613.6765
1.7,150,1,138.2,687227.353
1.7,150,1,138.3,1030841.03
1.7,150,1,138.4,1374454.706
1.7,150,1,138.5,1030841.03
1.7,150,1,138.6,1030841.03
1.7,150,1,138.7,343613.6765
1.7,150,1,138.8,687227.353
1.7,150,1,138.9,687227.353
1.7,150,1,139,343613.6765
1.7,150,1,139.1,1030841.03
1.7,150,1,139.2,687227.353
1.7,150,1,139.4,1374454.706
1.7,150,1,139.5,1374454.706
1.7,150,1,139.6,1030841.03
1.7,150,1,139.7,687227.353
1.7,150,1,139.8,1030841.03
1.7,150,1,139.9,687227.353
1.7,150,1,140,1374454.706
1.7,150,1,140.1,343613.6765
1.7,150,1,140.2,1374454.706
1.7,150,1,140.3,1030841.03
1.7,150,1,140.4,343613.6765
1.7,150,1,140.5,343613.6765
1.7,150,1,140.6,343613.6765
1.7,150,1,140.8,1374454.706
1.7,150,1,140.9,1374454.706
1.7,150,1,141,343613.6765
1.7,150,1,141.1,1718068.383
1.7,150,1,141.2,687227.353
1.7,150,1,141.3,687227.353
1.7,150,1,141.4,687227.353
1.7,150,1,141.5,687227.353
1.7,150,1,141.6,2405295.736
1.7,150,1,141.7,1374454.706
1.7,150,1,141.8,1030841.03
1.7,150,1,142.1,1374454.706
1.7,150,1,142.2,687227.353
1.7,150,1,142.3,1030841.03
1.7,150,1,142.5,343613.6765
1.7,150,1,142.6,687227.353
1.7,150,1,142.7,687227.353
1.7,150,1,142.9,687227.353
1.7,150,1,143,343613.6765
1.7,150,1,143.2,687227.353
1.7,150,1,143.3,687227.353
1.7,150,1,143.5,1030841.03
1.7,150,1,143.7,687227.353
1.7,150,1,143.8,343613.6765
1.7,150,1,143.9,1718068.383
1.7,150,1,144,687227.353
1.7,150,1,144.1,1718068.383
1.7,150,1,144.2,687227.353
1.7,150,1,144.3,687227.353
1.7,150,1,144.4,343613.6765
1.7,150,1,144.5,343613.6765
1.7,150,1,144.6,343613.6765
1.7,150,1,144.8,343613.6765
1.7,150,1,144.9,687227.353
1.7,150,1,145,2061682.059
1.7,150,1,145.1,1374454.706
1.7,150,1,145.2,687227.353
1.7,150,1,145.3,343613.6765
1.7,150,1,145.4,343613.6765
1.7,150,1,145.5,1030841.03
1.7,150,1,145.6,687227.353
1.7,150,1,145.7,343613.6765
1.7,150,1,145.8,1718068.383
1.7,150,1,145.9,1030841.03
1.7,150,1,146,343613.6765
1.7,150,1,146.2,1374454.706
1.7,150,1,146.3,687227.353
1.7,150,1,146.4,687227.353
1.7,150,1,146.5,343613.6765
1.7,150,1,146.6,687227.353
1.7,150,1,146.7,343613.6765
1.7,150,1,146.8,687227.353
1.7,150,1,146.9,343613.6765
1.7,150,1,147,1030841.03
1.7,150,1,147.1,687227.353
1.7,150,1,147.4,687227.353
1.7,150,1,147.5,343613.6765
1.7,150,1,147.6,1374454.706
1.7,150,1,147.7,343613.6765
1.7,150,1,147.8,687227.353
1.7,150,1,148,687227.353
1.7,150,1,148.1,687227.353
1.7,150,1,148.2,343613.6765
1.7,150,1,148.3,687227.353
1.7,150,1,148.5,343613.6765
1.7,150,1,148.6,1374454.706
1.7,150,1,148.7,1374454.706
1.7,150,1,148.8,343613.6765
1.7,150,1,149,1030841.03
1.7,150,1,149.2,343613.6765
1.7,150,1,149.3,343613.6765
1.7,150,1,149.5,687227.353
1.7,150,1,149.7,687227.353
1.7,150,1,150,343613.6765
1.7,40,3,3.5,237122.7669
1.7,40,3,4.1,237122.7669
1.7,40,3,4.2,237122.7669
1.7,40,3,4.3,237122.7669
1.7,40,3,4.4,474245.5338
1.7,40,3,4.5,237122.7669
1.7,40,3,4.6,474245.5338
1.7,40,3,4.7,474245.5338
1.7,40,3,4.8,474245.5338
1.7,40,3,4.9,237122.7669
1.7,40,3,5,474245.5338
1.7,40,3,5.1,2134104.902
1.7,40,3,5.2,1185613.835
1.7,40,3,5.3,3319718.737
1.7,40,3,5.4,3319718.737
1.7,40,3,5.5,3082595.97
1.7,40,3,5.6,2608350.436
1.7,40,3,5.7,5928069.173
1.7,40,3,5.8,5216700.872
1.7,40,3,5.9,2845473.203
1.7,40,3,6,5216700.872
1.7,40,3,6.1,5216700.872
1.7,40,3,6.2,8773542.376
1.7,40,3,6.3,7587928.541
1.7,40,3,6.4,8536419.609
1.7,40,3,6.5,5928069.173
1.7,40,3,6.6,9722033.443
1.7,40,3,6.7,9247787.91
1.7,40,3,6.8,10907647.28
1.7,40,3,6.9,9010665.143
1.7,40,3,7,11619015.58
1.7,40,3,7.1,10907647.28
1.7,40,3,7.2,11856138.35
1.7,40,3,7.3,11619015.58
1.7,40,3,7.4,27743363.73
1.7,40,3,7.5,12093261.11
1.7,40,3,7.6,12804629.41
1.7,40,3,7.7,15650102.62
1.7,40,3,7.8,12330383.88
1.7,40,3,7.9,19444066.89
1.7,40,3,8,13278874.95
1.7,40,3,8.1,17072839.22
1.7,40,3,8.2,15650102.62
1.7,40,3,8.3,63074656
1.7,40,3,8.4,380819163.7
1.7,40,3,8.5,14938734.32
1.7,40,3,8.6,15412979.85
1.7,40,3,8.7,21103926.26
1.7,40,3,8.8,24186522.22
1.7,40,3,8.9,21341049.02
1.7,40,3,9,21341049.02
1.7,40,3,9.1,17784207.52
1.7,40,3,9.2,23949399.46
1.7,40,3,9.3,20629680.72
1.7,40,3,9.4,17784207.52
1.7,40,3,9.5,32960064.6
1.7,40,3,9.6,30114591.4
1.7,40,3,9.7,228586347.3
1.7,40,3,9.8,40547993.14
1.7,40,3,9.9,34857046.74
1.7,40,3,10,112396191.5
1.7,40,3,10.1,23949399.46
1.7,40,3,10.2,21341049.02
1.7,40,3,10.3,9959156.21
1.7,40,3,10.4,12093261.11
1.7,40,3,10.5,8536419.609
1.7,40,3,10.6,9722033.443
1.7,40,3,10.7,9010665.143
1.7,40,3,10.8,12804629.41
1.7,40,3,10.9,10196278.98
1.7,40,3,11,14464488.78
1.7,40,3,11.1,14701611.55
1.7,40,3,11.2,13041752.18
1.7,40,3,11.3,40073747.61
1.7,40,3,11.4,11619015.58
1.7,40,3,11.5,13041752.18
1.7,40,3,11.6,8773542.376
1.7,40,3,11.7,13515997.71
1.7,40,3,11.8,7825051.308
1.7,40,3,11.9,9484910.676
1.7,40,3,12,10433401.74
1.7,40,3,12.1,10433401.74
1.7,40,3,12.2,8062174.075
1.7,40,3,12.3,5928069.173
1.7,40,3,12.4,6876560.24
1.7,40,3,12.5,12330383.88
1.7,40,3,12.6,11381892.81
1.7,40,3,12.7,11619015.58
1.7,40,3,12.8,11381892.81
1.7,40,3,12.9,8773542.376
1.7,40,3,13,11856138.35
1.7,40,3,13.1,9484910.676
1.7,40,3,13.2,9959156.21
1.7,40,3,13.3,8062174.075
1.7,40,3,13.4,11856138.35
1.7,40,3,13.5,11144770.04
1.7,40,3,13.6,9247787.91
1.7,40,3,13.7,8299296.842
1.7,40,3,13.8,11619015.58
1.7,40,3,13.9,8062174.075
1.7,40,3,14,12567506.65
1.7,40,3,14.1,9010665.143
1.7,40,3,14.2,9484910.676
1.7,40,3,14.3,7825051.308
1.7,40,3,14.4,8536419.609
1.7,40,3,14.5,9247787.91
1.7,40,3,14.6,13041752.18
1.7,40,3,14.7,13515997.71
1.7,40,3,14.8,8536419.609
1.7,40,3,14.9,10433401.74
1.7,40,3,15,11619015.58
1.7,40,3,15.1,12093261.11
1.7,40,3,15.2,12330383.88
1.7,40,3,15.3,12567506.65
1.7,40,3,15.4,8773542.376
1.7,40,3,15.5,12093261.11
1.7,40,3,15.6,10196278.98
1.7,40,3,15.7,12330383.88
1.7,40,3,15.8,12093261.11
1.7,40,3,15.9,13515997.71
1.7,40,3,16,9010665.143
1.7,40,3,16.1,10670524.51
1.7,40,3,16.2,11144770.04
1.7,40,3,16.3,13515997.71
1.7,40,3,16.4,13753120.48
1.7,40,3,16.5,11144770.04
1.7,40,3,16.6,9959156.21
1.7,40,3,16.7,9722033.443
1.7,40,3,16.8,13753120.48
1.7,40,3,16.9,11619015.58
1.7,40,3,17,10907647.28
1.7,40,3,17.1,9959156.21
1.7,40,3,17.2,9959156.21
1.7,40,3,17.3,9959156.21
1.7,40,3,17.4,9959156.21
1.7,40,3,17.5,10670524.51
1.7,40,3,17.6,12330383.88
1.7,40,3,17.7,8062174.075
1.7,40,3,17.8,8062174.075
1.7,40,3,17.9,10433401.74
1.7,40,3,18,11381892.81
1.7,40,3,18.1,9010665.143
1.7,40,3,18.2,9484910.676
1.7,40,3,18.3,9722033.443
1.7,40,3,18.4,9247787.91
1.7,40,3,18.5,11856138.35
1.7,40,3,18.6,11619015.58
1.7,40,3,18.7,10670524.51
1.7,40,3,18.8,11381892.81
1.7,40,3,18.9,10907647.28
1.7,40,3,19,6876560.24
1.7,40,3,19.1,9484910.676
1.7,40,3,19.2,9959156.21
1.7,40,3,19.3,6876560.24
1.7,40,3,19.4,9247787.91
1.7,40,3,19.5,11856138.35
1.7,40,3,19.6,8773542.376
1.7,40,3,19.7,12804629.41
1.7,40,3,19.8,9722033.443
1.7,40,3,19.9,9484910.676
1.7,40,3,20,9722033.443
1.7,40,3,20.1,8536419.609
1.7,40,3,20.2,9959156.21
1.7,40,3,20.3,10433401.74
1.7,40,3,20.4,9959156.21
1.7,40,3,20.5,11381892.81
1.7,40,3,20.6,10433401.74
1.7,40,3,20.7,10433401.74
1.7,40,3,20.8,9247787.91
1.7,40,3,20.9,7350805.774
1.7,40,3,21,9722033.443
1.7,40,3,21.1,8299296.842
1.7,40,3,21.2,10907647.28
1.7,40,3,21.3,8299296.842
1.7,40,3,21.4,8299296.842
1.7,40,3,21.5,11144770.04
1.7,40,3,21.6,9010665.143
1.7,40,3,21.7,7587928.541
1.7,40,3,21.8,10196278.98
1.7,40,3,21.9,7825051.308
1.7,40,3,22,9247787.91
1.7,40,3,22.1,8299296.842
1.7,40,3,22.2,9484910.676
1.7,40,3,22.3,10196278.98
1.7,40,3,22.4,10907647.28
1.7,40,3,22.5,9247787.91
1.7,40,3,22.6,5453823.639
1.7,40,3,22.7,10670524.51
1.7,40,3,22.8,9484910.676
1.7,40,3,22.9,7587928.541
1.7,40,3,23,7113683.007
1.7,40,3,23.1,10196278.98
1.7,40,3,23.2,7350805.774
1.7,40,3,23.3,7825051.308
1.7,40,3,23.4,11144770.04
1.7,40,3,23.5,7350805.774
1.7,40,3,23.6,8536419.609
1.7,40,3,23.7,8299296.842
1.7,40,3,23.8,8299296.842
1.7,40,3,23.9,7825051.308
1.7,40,3,24,7113683.007
1.7,40,3,24.1,10670524.51
1.7,40,3,24.2,7587928.541
1.7,40,3,24.3,9247787.91
1.7,40,3,24.4,7587928.541
1.7,40,3,24.5,9010665.143
1.7,40,3,24.6,9959156.21
1.7,40,3,24.7,9010665.143
1.7,40,3,24.8,7113683.007
1.7,40,3,24.9,6165191.94
1.7,40,3,25,9484910.676
1.7,40,3,25.1,6402314.707
1.7,40,3,25.2,9247787.91
1.7,40,3,25.3,8062174.075
1.7,40,3,25.4,7350805.774
1.7,40,3,25.5,7825051.308
1.7,40,3,25.6,10907647.28
1.7,40,3,25.7,7825051.308
1.7,40,3,25.8,9247787.91
1.7,40,3,25.9,7113683.007
1.7,40,3,26,5216700.872
1.7,40,3,26.1,6876560.24
1.7,40,3,26.2,6165191.94
1.7,40,3,26.3,6639437.474
1.7,40,3,26.4,7587928.541
1.7,40,3,26.5,7350805.774
1.7,40,3,26.6,6165191.94
1.7,40,3,26.7,7825051.308
1.7,40,3,26.8,5928069.173
1.7,40,3,26.9,5216700.872
1.7,40,3,27,5453823.639
1.7,40,3,27.1,8062174.075
1.7,40,3,27.2,6165191.94
1.7,40,3,27.3,4979578.105
1.7,40,3,27.4,9247787.91
1.7,40,3,27.5,6876560.24
1.7,40,3,27.6,6402314.707
1.7,40,3,27.7,5453823.639
1.7,40,3,27.8,3793964.271
1.7,40,3,27.9,6402314.707
1.7,40,3,28,4742455.338
1.7,40,3,28.1,7825051.308
1.7,40,3,28.2,7113683.007
1.7,40,3,28.3,5216700.872
1.7,40,3,28.4,5928069.173
1.7,40,3,28.5,4505332.571
1.7,40,3,28.6,5216700.872
1.7,40,3,28.7,7825051.308
1.7,40,3,28.8,5216700.872
1.7,40,3,28.9,4505332.571
1.7,40,3,29,3319718.737
1.7,40,3,29.1,4742455.338
1.7,40,3,29.2,6402314.707
1.7,40,3,29.3,6402314.707
1.7,40,3,29.4,7587928.541
1.7,40,3,29.5,6402314.707
1.7,40,3,29.6,6876560.24
1.7,40,3,29.7,7350805.774
1.7,40,3,29.8,5690946.406
1.7,40,3,29.9,4268209.804
1.7,40,3,30,4505332.571
1.7,40,3,30.1,6165191.94
1.7,40,3,30.2,6165191.94
1.7,40,3,30.3,6165191.94
1.7,40,3,30.4,2845473.203
1.7,40,3,30.5,3793964.271
1.7,40,3,30.6,5216700.872
1.7,40,3,30.7,7825051.308
1.7,40,3,30.8,5453823.639
1.7,40,3,30.9,3793964.271
1.7,40,3,31,6402314.707
1.7,40,3,31.1,5216700.872
1.7,40,3,31.2,6165191.94
1.7,40,3,31.3,4979578.105
1.7,40,3,31.4,5216700.872
1.7,40,3,31.5,3793964.271
1.7,40,3,31.6,3556841.504
1.7,40,3,31.7,3556841.504
1.7,40,3,31.8,4031087.037
1.7,40,3,31.9,4505332.571
1.7,40,3,32,5690946.406
1.7,40,3,32.1,3082595.97
1.7,40,3,32.2,5216700.872
1.7,40,3,32.3,3793964.271
1.7,40,3,32.4,2371227.669
1.7,40,3,32.5,3793964.271
1.7,40,3,32.6,3319718.737
1.7,40,3,32.7,3793964.271
1.7,40,3,32.8,4031087.037
1.7,40,3,32.9,7587928.541
1.7,40,3,33,3793964.271
1.7,40,3,33.1,2608350.436
1.7,40,3,33.2,5216700.872
1.7,40,3,33.3,5928069.173
1.7,40,3,33.4,4979578.105
1.7,40,3,33.5,3556841.504
1.7,40,3,33.6,4031087.037
1.7,40,3,33.7,3319718.737
1.7,40,3,33.8,2371227.669
1.7,40,3,33.9,4742455.338
1.7,40,3,34,3556841.504
1.7,40,3,34.1,4742455.338
1.7,40,3,34.2,4505332.571
1.7,40,3,34.3,2845473.203
1.7,40,3,34.4,1422736.601
1.7,40,3,34.5,3793964.271
1.7,40,3,34.6,2608350.436
1.7,40,3,34.7,2134104.902
1.7,40,3,34.8,2608350.436
1.7,40,3,34.9,1896982.135
1.7,40,3,35,2371227.669
1.7,40,3,35.1,3082595.97
1.7,40,3,35.2,1896982.135
1.7,40,3,35.3,1896982.135
1.7,40,3,35.4,2845473.203
1.7,40,3,35.5,2371227.669
1.7,40,3,35.6,3556841.504
1.7,40,3,35.7,2371227.669
1.7,40,3,35.8,2371227.669
1.7,40,3,35.9,2134104.902
1.7,40,3,36,2134104.902
1.7,40,3,36.1,2134104.902
1.7,40,3,36.2,2845473.203
1.7,40,3,36.3,1896982.135
1.7,40,3,36.4,3082595.97
1.7,40,3,36.5,2608350.436
1.7,40,3,36.6,1659859.368
1.7,40,3,36.7,2134104.902
1.7,40,3,36.8,1659859.368
1.7,40,3,36.9,1896982.135
1.7,40,3,37,2134104.902
1.7,40,3,37.1,2371227.669
1.7,40,3,37.2,1185613.835
1.7,40,3,37.3,2134104.902
1.7,40,3,37.4,1659859.368
1.7,40,3,37.5,2134104.902
1.7,40,3,37.6,2845473.203
1.7,40,3,37.7,1185613.835
1.7,40,3,37.8,2371227.669
1.7,40,3,37.9,2371227.669
1.7,40,3,38,2608350.436
1.7,40,3,38.1,948491.0676
1.7,40,3,38.2,711368.3007
1.7,40,3,38.3,948491.0676
1.7,40,3,38.4,1659859.368
1.7,40,3,38.5,711368.3007
1.7,40,3,38.6,1659859.368
1.7,40,3,38.7,2134104.902
1.7,40,3,38.8,711368.3007
1.7,40,3,38.9,474245.5338
1.7,40,3,39,1422736.601
1.7,40,3,39.1,474245.5338
1.7,40,3,39.2,711368.3007
1.7,40,3,39.3,474245.5338
1.7,40,3,39.4,711368.3007
1.7,40,3,39.5,711368.3007
1.7,40,3,39.6,1422736.601
1.7,40,3,39.7,474245.5338
1.7,40,3,39.8,474245.5338
1.7,40,3,39.9,474245.5338
1.7,80,3,3.6,734020.2724
1.7,80,3,3.8,367010.1362
1.7,80,3,3.9,1101030.409
1.7,80,3,4,1468040.545
1.7,80,3,4.1,1101030.409
1.7,80,3,4.2,2202060.817
1.7,80,3,4.3,2202060.817
1.7,80,3,4.4,3303091.226
1.7,80,3,4.5,3670101.362
1.7,80,3,4.6,1835050.681
1.7,80,3,4.7,2569070.953
1.7,80,3,4.8,5138141.907
1.7,80,3,4.9,4037111.498
1.7,80,3,5,6606182.451
1.7,80,3,5.1,7340202.724
1.7,80,3,5.2,8074222.996
1.7,80,3,5.3,15047415.58
1.7,80,3,5.4,12478344.63
1.7,80,3,5.5,11377314.22
1.7,80,3,5.6,13212364.9
1.7,80,3,5.7,18350506.81
1.7,80,3,5.8,15414425.72
1.7,80,3,5.9,20552567.63
1.7,80,3,6,22387618.31
1.7,80,3,6.1,17616486.54
1.7,80,3,6.2,26057719.67
1.7,80,3,6.3,22754628.44
1.7,80,3,6.4,24956689.26
1.7,80,3,6.5,26057719.67
1.7,80,3,6.6,30094831.17
1.7,80,3,6.7,30828851.44
1.7,80,3,6.8,28259780.49
1.7,80,3,6.9,38169054.16
1.7,80,3,7,34131942.67
1.7,80,3,7.1,42206165.66
1.7,80,3,7.2,37802044.03
1.7,80,3,7.3,30461841.3
1.7,80,3,7.4,117076233.4
1.7,80,3,7.5,38536064.3
1.7,80,3,7.6,33030912.26
1.7,80,3,7.7,42940185.93
1.7,80,3,7.8,47711317.7
1.7,80,3,7.9,42573175.8
1.7,80,3,8,44775236.61
1.7,80,3,8.1,37435033.89
1.7,80,3,8.2,50280388.66
1.7,80,3,8.3,194148362
1.7,80,3,8.4,1487492082
1.7,80,3,8.5,43307196.07
1.7,80,3,8.6,43674206.21
1.7,80,3,8.7,42940185.93
1.7,80,3,8.8,69364915.74
1.7,80,3,8.9,48812348.11
1.7,80,3,9,54317500.16
1.7,80,3,9.1,52482449.47
1.7,80,3,9.2,51748429.2
1.7,80,3,9.3,47711317.7
1.7,80,3,9.4,50280388.66
1.7,80,3,9.5,106065929.4
1.7,80,3,9.6,78540169.14
1.7,80,3,9.7,907616066.8
1.7,80,3,9.8,112305101.7
1.7,80,3,9.9,85146351.59
1.7,80,3,10,408482281.6
1.7,80,3,10.1,56886571.11
1.7,80,3,10.2,61657702.88
1.7,80,3,10.3,37435033.89
1.7,80,3,10.4,33397922.39
1.7,80,3,10.5,28993800.76
1.7,80,3,10.6,28993800.76
1.7,80,3,10.7,30094831.17
1.7,80,3,10.8,31929881.85
1.7,80,3,10.9,37435033.89
1.7,80,3,11,34865962.94
1.7,80,3,11.1,39270084.57
1.7,80,3,11.2,41105135.25
1.7,80,3,11.3,166989612
1.7,80,3,11.4,32663902.12
1.7,80,3,11.5,35599983.21
1.7,80,3,11.6,45876267.02
1.7,80,3,11.7,43307196.07
1.7,80,3,11.8,30094831.17
1.7,80,3,11.9,34131942.67
1.7,80,3,12,38169054.16
1.7,80,3,12.1,29727821.03
1.7,80,3,12.2,28626790.62
1.7,80,3,12.3,23855658.85
1.7,80,3,12.4,34131942.67
1.7,80,3,12.5,25323699.4
1.7,80,3,12.6,29360810.89
1.7,80,3,12.7,28993800.76
1.7,80,3,12.8,32296891.98
1.7,80,3,12.9,34498952.8
1.7,80,3,13,26057719.67
1.7,80,3,13.1,31195861.58
1.7,80,3,13.2,31929881.85
1.7,80,3,13.3,30461841.3
1.7,80,3,13.4,27158750.08
1.7,80,3,13.5,30461841.3
1.7,80,3,13.6,31562871.71
1.7,80,3,13.7,31562871.71
1.7,80,3,13.8,30094831.17
1.7,80,3,13.9,24956689.26
1.7,80,3,14,32663902.12
1.7,80,3,14.1,34131942.67
1.7,80,3,14.2,27525760.21
1.7,80,3,14.3,31195861.58
1.7,80,3,14.4,33397922.39
1.7,80,3,14.5,30828851.44
1.7,80,3,14.6,27158750.08
1.7,80,3,14.7,30461841.3
1.7,80,3,14.8,30461841.3
1.7,80,3,14.9,30828851.44
1.7,80,3,15,25690709.53
1.7,80,3,15.1,33764932.53
1.7,80,3,15.2,33030912.26
1.7,80,3,15.3,25323699.4
1.7,80,3,15.4,29727821.03
1.7,80,3,15.5,34131942.67
1.7,80,3,15.6,28259780.49
1.7,80,3,15.7,35232973.07
1.7,80,3,15.8,30094831.17
1.7,80,3,15.9,26791739.94
1.7,80,3,16,29727821.03
1.7,80,3,16.1,30461841.3
1.7,80,3,16.2,29360810.89
1.7,80,3,16.3,27892770.35
1.7,80,3,16.4,34498952.8
1.7,80,3,16.5,28993800.76
1.7,80,3,16.6,26791739.94
1.7,80,3,16.7,32663902.12
1.7,80,3,16.8,33397922.39
1.7,80,3,16.9,31195861.58
1.7,80,3,17,29360810.89
1.7,80,3,17.1,30094831.17
1.7,80,3,17.2,30461841.3
1.7,80,3,17.3,27892770.35
1.7,80,3,17.4,32663902.12
1.7,80,3,17.5,26791739.94
1.7,80,3,17.6,28626790.62
1.7,80,3,17.7,39270084.57
1.7,80,3,17.8,27525760.21
1.7,80,3,17.9,30828851.44
1.7,80,3,18,29727821.03
1.7,80,3,18.1,27158750.08
1.7,80,3,18.2,29727821.03
1.7,80,3,18.3,27892770.35
1.7,80,3,18.4,24589679.12
1.7,80,3,18.5,24956689.26
1.7,80,3,18.6,26424729.81
1.7,80,3,18.7,35232973.07
1.7,80,3,18.8,27892770.35
1.7,80,3,18.9,26057719.67
1.7,80,3,19,26424729.81
1.7,80,3,19.1,25323699.4
1.7,80,3,19.2,28993800.76
1.7,80,3,19.3,26057719.67
1.7,80,3,19.4,31562871.71
1.7,80,3,19.5,28993800.76
1.7,80,3,19.6,25323699.4
1.7,80,3,19.7,31562871.71
1.7,80,3,19.8,26057719.67
1.7,80,3,19.9,32663902.12
1.7,80,3,20,27525760.21
1.7,80,3,20.1,27892770.35
1.7,80,3,20.2,26057719.67
1.7,80,3,20.3,28993800.76
1.7,80,3,20.4,30461841.3
1.7,80,3,20.5,23121638.58
1.7,80,3,20.6,33397922.39
1.7,80,3,20.7,27158750.08
1.7,80,3,20.8,22754628.44
1.7,80,3,20.9,25690709.53
1.7,80,3,21,26057719.67
1.7,80,3,21.1,25323699.4
1.7,80,3,21.2,23488648.72
1.7,80,3,21.3,25690709.53
1.7,80,3,21.4,22387618.31
1.7,80,3,21.5,28626790.62
1.7,80,3,21.6,26057719.67
1.7,80,3,21.7,26057719.67
1.7,80,3,21.8,28259780.49
1.7,80,3,21.9,29360810.89
1.7,80,3,22,21653598.03
1.7,80,3,22.1,25690709.53
1.7,80,3,22.2,27158750.08
1.7,80,3,22.3,24589679.12
1.7,80,3,22.4,27892770.35
1.7,80,3,22.5,24222668.99
1.7,80,3,22.6,24222668.99
1.7,80,3,22.7,27525760.21
1.7,80,3,22.8,22387618.31
1.7,80,3,22.9,21653598.03
1.7,80,3,23,22754628.44
1.7,80,3,23.1,23121638.58
1.7,80,3,23.2,26424729.81
1.7,80,3,23.3,15047415.58
1.7,80,3,23.4,22754628.44
1.7,80,3,23.5,24956689.26
1.7,80,3,23.6,28259780.49
1.7,80,3,23.7,27892770.35
1.7,80,3,23.8,22754628.44
1.7,80,3,23.9,24956689.26
1.7,80,3,24,20185557.49
1.7,80,3,24.1,24222668.99
1.7,80,3,24.2,26424729.81
1.7,80,3,24.3,28993800.76
1.7,80,3,24.4,22387618.31
1.7,80,3,24.5,21286587.9
1.7,80,3,24.6,21286587.9
1.7,80,3,24.7,25690709.53
1.7,80,3,24.8,24589679.12
1.7,80,3,24.9,25690709.53
1.7,80,3,25,23488648.72
1.7,80,3,25.1,31562871.71
1.7,80,3,25.2,23121638.58
1.7,80,3,25.3,23488648.72
1.7,80,3,25.4,23855658.85
1.7,80,3,25.5,18717516.95
1.7,80,3,25.6,18350506.81
1.7,80,3,25.7,23121638.58
1.7,80,3,25.8,18717516.95
1.7,80,3,25.9,24222668.99
1.7,80,3,26,20919577.76
1.7,80,3,26.1,22754628.44
1.7,80,3,26.2,24956689.26
1.7,80,3,26.3,28626790.62
1.7,80,3,26.4,22020608.17
1.7,80,3,26.5,22387618.31
1.7,80,3,26.6,21286587.9
1.7,80,3,26.7,17616486.54
1.7,80,3,26.8,16148445.99
1.7,80,3,26.9,25690709.53
1.7,80,3,27,20552567.63
1.7,80,3,27.1,20919577.76
1.7,80,3,27.2,23488648.72
1.7,80,3,27.3,23121638.58
1.7,80,3,27.4,17983496.67
1.7,80,3,27.5,16882466.26
1.7,80,3,27.6,22387618.31
1.7,80,3,27.7,22020608.17
1.7,80,3,27.8,18350506.81
1.7,80,3,27.9,27158750.08
1.7,80,3,28,20185557.49
1.7,80,3,28.1,26791739.94
1.7,80,3,28.2,22020608.17
1.7,80,3,28.3,21653598.03
1.7,80,3,28.4,14313395.31
1.7,80,3,28.5,23855658.85
1.7,80,3,28.6,17616486.54
1.7,80,3,28.7,20919577.76
1.7,80,3,28.8,18350506.81
1.7,80,3,28.9,17983496.67
1.7,80,3,29,22387618.31
1.7,80,3,29.1,17616486.54
1.7,80,3,29.2,19818547.35
1.7,80,3,29.3,17983496.67
1.7,80,3,29.4,19818547.35
1.7,80,3,29.5,16515456.13
1.7,80,3,29.6,16515456.13
1.7,80,3,29.7,19818547.35
1.7,80,3,29.8,16148445.99
1.7,80,3,29.9,19084527.08
1.7,80,3,30,19084527.08
1.7,80,3,30.1,19451537.22
1.7,80,3,30.2,16882466.26
1.7,80,3,30.3,22020608.17
1.7,80,3,30.4,17983496.67
1.7,80,3,30.5,14680405.45
1.7,80,3,30.6,20919577.76
1.7,80,3,30.7,17616486.54
1.7,80,3,30.8,13579375.04
1.7,80,3,30.9,12845354.77
1.7,80,3,31,17616486.54
1.7,80,3,31.1,17249476.4
1.7,80,3,31.2,18717516.95
1.7,80,3,31.3,15781435.86
1.7,80,3,31.4,19084527.08
1.7,80,3,31.5,15047415.58
1.7,80,3,31.6,14680405.45
1.7,80,3,31.7,9909273.677
1.7,80,3,31.8,15047415.58
1.7,80,3,31.9,21653598.03
1.7,80,3,32,19084527.08
1.7,80,3,32.1,12845354.77
1.7,80,3,32.2,14313395.31
1.7,80,3,32.3,17249476.4
1.7,80,3,32.4,17249476.4
1.7,80,3,32.5,20185557.49
1.7,80,3,32.6,16882466.26
1.7,80,3,32.7,16148445.99
1.7,80,3,32.8,13212364.9
1.7,80,3,32.9,17616486.54
1.7,80,3,33,15047415.58
1.7,80,3,33.1,18717516.95
1.7,80,3,33.2,13946385.18
1.7,80,3,33.3,15781435.86
1.7,80,3,33.4,15414425.72
1.7,80,3,33.5,19084527.08
1.7,80,3,33.6,15047415.58
1.7,80,3,33.7,17249476.4
1.7,80,3,33.8,12845354.77
1.7,80,3,33.9,18717516.95
1.7,80,3,34,12111334.49
1.7,80,3,34.1,15047415.58
1.7,80,3,34.2,15781435.86
1.7,80,3,34.3,13212364.9
1.7,80,3,34.4,15414425.72
1.7,80,3,34.5,14313395.31
1.7,80,3,34.6,14313395.31
1.7,80,3,34.7,19451537.22
1.7,80,3,34.8,12845354.77
1.7,80,3,34.9,18717516.95
1.7,80,3,35,16515456.13
1.7,80,3,35.1,16148445.99
1.7,80,3,35.2,13946385.18
1.7,80,3,35.3,14680405.45
1.7,80,3,35.4,15414425.72
1.7,80,3,35.5,13579375.04
1.7,80,3,35.6,16148445.99
1.7,80,3,35.7,17983496.67
1.7,80,3,35.8,16882466.26
1.7,80,3,35.9,16515456.13
1.7,80,3,36,15414425.72
1.7,80,3,36.1,16148445.99
1.7,80,3,36.2,12478344.63
1.7,80,3,36.3,15047415.58
1.7,80,3,36.4,11010304.09
1.7,80,3,36.5,12478344.63
1.7,80,3,36.6,17616486.54
1.7,80,3,36.7,11010304.09
1.7,80,3,36.8,11744324.36
1.7,80,3,36.9,10276283.81
1.7,80,3,37,12111334.49
1.7,80,3,37.1,15781435.86
1.7,80,3,37.2,16882466.26
1.7,80,3,37.3,11744324.36
1.7,80,3,37.4,13579375.04
1.7,80,3,37.5,12111334.49
1.7,80,3,37.6,11744324.36
1.7,80,3,37.7,11010304.09
1.7,80,3,37.8,11377314.22
1.7,80,3,37.9,13946385.18
1.7,80,3,38,12845354.77
1.7,80,3,38.1,11010304.09
1.7,80,3,38.2,13212364.9
1.7,80,3,38.3,13579375.04
1.7,80,3,38.4,16515456.13
1.7,80,3,38.5,10643293.95
1.7,80,3,38.6,13212364.9
1.7,80,3,38.7,16148445.99
1.7,80,3,38.8,9175253.405
1.7,80,3,38.9,11010304.09
1.7,80,3,39,9909273.677
1.7,80,3,39.1,13212364.9
1.7,80,3,39.2,12845354.77
1.7,80,3,39.3,9542263.541
1.7,80,3,39.4,13212364.9
1.7,80,3,39.5,8808243.268
1.7,80,3,39.6,11744324.36
1.7,80,3,39.7,7340202.724
1.7,80,3,39.8,13946385.18
1.7,80,3,39.9,13212364.9
1.7,80,3,40,8808243.268
1.7,80,3,40.1,16148445.99
1.7,80,3,40.2,10276283.81
1.7,80,3,40.3,13212364.9
1.7,80,3,40.4,11744324.36
1.7,80,3,40.5,10643293.95
1.7,80,3,40.6,15047415.58
1.7,80,3,40.7,9175253.405
1.7,80,3,40.8,6973192.588
1.7,80,3,40.9,11744324.36
1.7,80,3,41,11744324.36
1.7,80,3,41.1,9909273.677
1.7,80,3,41.2,9175253.405
1.7,80,3,41.3,8808243.268
1.7,80,3,41.4,15047415.58
1.7,80,3,41.5,12111334.49
1.7,80,3,41.6,11744324.36
1.7,80,3,41.7,11010304.09
1.7,80,3,41.8,13212364.9
1.7,80,3,41.9,8808243.268
1.7,80,3,42,13212364.9
1.7,80,3,42.1,11010304.09
1.7,80,3,42.2,9542263.541
1.7,80,3,42.3,11744324.36
1.7,80,3,42.4,9909273.677
1.7,80,3,42.5,8074222.996
1.7,80,3,42.6,15414425.72
1.7,80,3,42.7,12845354.77
1.7,80,3,42.8,11744324.36
1.7,80,3,42.9,12111334.49
1.7,80,3,43,10643293.95
1.7,80,3,43.1,9175253.405
1.7,80,3,43.2,15047415.58
1.7,80,3,43.3,10643293.95
1.7,80,3,43.4,5872162.179
1.7,80,3,43.5,13212364.9
1.7,80,3,43.6,8808243.268
1.7,80,3,43.7,11744324.36
1.7,80,3,43.8,9175253.405
1.7,80,3,43.9,6606182.451
1.7,80,3,44,7707212.86
1.7,80,3,44.1,11377314.22
1.7,80,3,44.2,11377314.22
1.7,80,3,44.3,9175253.405
1.7,80,3,44.4,7340202.724
1.7,80,3,44.5,9909273.677
1.7,80,3,44.6,12478344.63
1.7,80,3,44.7,8808243.268
1.7,80,3,44.8,9175253.405
1.7,80,3,44.9,8441233.132
1.7,80,3,45,6239172.315
1.7,80,3,45.1,8808243.268
1.7,80,3,45.2,10643293.95
1.7,80,3,45.3,11377314.22
1.7,80,3,45.4,10276283.81
1.7,80,3,45.5,9542263.541
1.7,80,3,45.6,7707212.86
1.7,80,3,45.7,8808243.268
1.7,80,3,45.8,8808243.268
1.7,80,3,45.9,7340202.724
1.7,80,3,46,9909273.677
1.7,80,3,46.1,7707212.86
1.7,80,3,46.2,10276283.81
1.7,80,3,46.3,9542263.541
1.7,80,3,46.4,7340202.724
1.7,80,3,46.5,12111334.49
1.7,80,3,46.6,11377314.22
1.7,80,3,46.7,8441233.132
1.7,80,3,46.8,9175253.405
1.7,80,3,46.9,6239172.315
1.7,80,3,47,15047415.58
1.7,80,3,47.1,7340202.724
1.7,80,3,47.2,11010304.09
1.7,80,3,47.3,6973192.588
1.7,80,3,47.4,11010304.09
1.7,80,3,47.5,7707212.86
1.7,80,3,47.6,8808243.268
1.7,80,3,47.7,7340202.724
1.7,80,3,47.8,13212364.9
1.7,80,3,47.9,7707212.86
1.7,80,3,48,11010304.09
1.7,80,3,48.1,8074222.996
1.7,80,3,48.2,5138141.907
1.7,80,3,48.3,9175253.405
1.7,80,3,48.4,11744324.36
1.7,80,3,48.5,8808243.268
1.7,80,3,48.6,9542263.541
1.7,80,3,48.7,6973192.588
1.7,80,3,48.8,4771131.77
1.7,80,3,48.9,10276283.81
1.7,80,3,49,6606182.451
1.7,80,3,49.1,9542263.541
1.7,80,3,49.2,12478344.63
1.7,80,3,49.3,7340202.724
1.7,80,3,49.4,11377314.22
1.7,80,3,49.5,7707212.86
1.7,80,3,49.6,9909273.677
1.7,80,3,49.7,6973192.588
1.7,80,3,49.8,9175253.405
1.7,80,3,49.9,10276283.81
1.7,80,3,50,8441233.132
1.7,80,3,50.1,5872162.179
1.7,80,3,50.2,4037111.498
1.7,80,3,50.3,5138141.907
1.7,80,3,50.4,8074222.996
1.7,80,3,50.5,12478344.63
1.7,80,3,50.6,11744324.36
1.7,80,3,50.7,7707212.86
1.7,80,3,50.8,10276283.81
1.7,80,3,50.9,4404121.634
1.7,80,3,51,6973192.588
1.7,80,3,51.1,5872162.179
1.7,80,3,51.2,7707212.86
1.7,80,3,51.3,9909273.677
1.7,80,3,51.4,5505152.043
1.7,80,3,51.5,8074222.996
1.7,80,3,51.6,7340202.724
1.7,80,3,51.7,6239172.315
1.7,80,3,51.8,8808243.268
1.7,80,3,51.9,6239172.315
1.7,80,3,52,6606182.451
1.7,80,3,52.1,7340202.724
1.7,80,3,52.2,4771131.77
1.7,80,3,52.3,7707212.86
1.7,80,3,52.4,8441233.132
1.7,80,3,52.5,9542263.541
1.7,80,3,52.6,5138141.907
1.7,80,3,52.7,4771131.77
1.7,80,3,52.8,4771131.77
1.7,80,3,52.9,7707212.86
1.7,80,3,53,7707212.86
1.7,80,3,53.1,9175253.405
1.7,80,3,53.2,6239172.315
1.7,80,3,53.3,9909273.677
1.7,80,3,53.4,5872162.179
1.7,80,3,53.5,9542263.541
1.7,80,3,53.6,5872162.179
1.7,80,3,53.7,6606182.451
1.7,80,3,53.8,7340202.724
1.7,80,3,53.9,6973192.588
1.7,80,3,54,5872162.179
1.7,80,3,54.1,6973192.588
1.7,80,3,54.2,4771131.77
1.7,80,3,54.3,3670101.362
1.7,80,3,54.4,7340202.724
1.7,80,3,54.5,5138141.907
1.7,80,3,54.6,5505152.043
1.7,80,3,54.7,6973192.588
1.7,80,3,54.8,5138141.907
1.7,80,3,54.9,6239172.315
1.7,80,3,55,6973192.588
1.7,80,3,55.1,7707212.86
1.7,80,3,55.2,9542263.541
1.7,80,3,55.3,5872162.179
1.7,80,3,55.4,6606182.451
1.7,80,3,55.5,7340202.724
1.7,80,3,55.6,5505152.043
1.7,80,3,55.7,6973192.588
1.7,80,3,55.8,6606182.451
1.7,80,3,55.9,4771131.77
1.7,80,3,56,4404121.634
1.7,80,3,56.1,6606182.451
1.7,80,3,56.2,7340202.724
1.7,80,3,56.3,8808243.268
1.7,80,3,56.4,5505152.043
1.7,80,3,56.5,4771131.77
1.7,80,3,56.6,6239172.315
1.7,80,3,56.7,4404121.634
1.7,80,3,56.8,5505152.043
1.7,80,3,56.9,7340202.724
1.7,80,3,57,4404121.634
1.7,80,3,57.1,8074222.996
1.7,80,3,57.2,6606182.451
1.7,80,3,57.3,4404121.634
1.7,80,3,57.4,7707212.86
1.7,80,3,57.5,4771131.77
1.7,80,3,57.6,7707212.86
1.7,80,3,57.7,4771131.77
1.7,80,3,57.8,4771131.77
1.7,80,3,57.9,6239172.315
1.7,80,3,58,5138141.907
1.7,80,3,58.1,15047415.58
1.7,80,3,58.2,3670101.362
1.7,80,3,58.3,5505152.043
1.7,80,3,58.4,5138141.907
1.7,80,3,58.5,8441233.132
1.7,80,3,58.6,5138141.907
1.7,80,3,58.7,5505152.043
1.7,80,3,58.8,6239172.315
1.7,80,3,58.9,4037111.498
1.7,80,3,59,6239172.315
1.7,80,3,59.1,6606182.451
1.7,80,3,59.2,2936081.089
1.7,80,3,59.3,7340202.724
1.7,80,3,59.4,6606182.451
1.7,80,3,59.5,18717516.95
1.7,80,3,59.6,4404121.634
1.7,80,3,59.7,6239172.315
1.7,80,3,59.8,3670101.362
1.7,80,3,59.9,5505152.043
1.7,80,3,60,3670101.362
1.7,80,3,60.1,6239172.315
1.7,80,3,60.2,6973192.588
1.7,80,3,60.3,4771131.77
1.7,80,3,60.4,4771131.77
1.7,80,3,60.5,5138141.907
1.7,80,3,60.6,3670101.362
1.7,80,3,60.7,5505152.043
1.7,80,3,60.8,4771131.77
1.7,80,3,60.9,3670101.362
1.7,80,3,61,5505152.043
1.7,80,3,61.1,7340202.724
1.7,80,3,61.2,7340202.724
1.7,80,3,61.3,4404121.634
1.7,80,3,61.4,3303091.226
1.7,80,3,61.5,6606182.451
1.7,80,3,61.6,5138141.907
1.7,80,3,61.7,5138141.907
1.7,80,3,61.8,4404121.634
1.7,80,3,61.9,4404121.634
1.7,80,3,62,4037111.498
1.7,80,3,62.1,6973192.588
1.7,80,3,62.2,3303091.226
1.7,80,3,62.3,4771131.77
1.7,80,3,62.4,5505152.043
1.7,80,3,62.5,5138141.907
1.7,80,3,62.6,4771131.77
1.7,80,3,62.7,4771131.77
1.7,80,3,62.8,3670101.362
1.7,80,3,62.9,4404121.634
1.7,80,3,63,5872162.179
1.7,80,3,63.1,5505152.043
1.7,80,3,63.2,5505152.043
1.7,80,3,63.3,4404121.634
1.7,80,3,63.4,3303091.226
1.7,80,3,63.5,3303091.226
1.7,80,3,63.6,6606182.451
1.7,80,3,63.7,2936081.089
1.7,80,3,63.8,7707212.86
1.7,80,3,63.9,4037111.498
1.7,80,3,64,2202060.817
1.7,80,3,64.1,3303091.226
1.7,80,3,64.2,5872162.179
1.7,80,3,64.3,4404121.634
1.7,80,3,64.4,3303091.226
1.7,80,3,64.5,2202060.817
1.7,80,3,64.6,6973192.588
1.7,80,3,64.7,2936081.089
1.7,80,3,64.8,6973192.588
1.7,80,3,64.9,6973192.588
1.7,80,3,65,2936081.089
1.7,80,3,65.1,5505152.043
1.7,80,3,65.2,6239172.315
1.7,80,3,65.3,4037111.498
1.7,80,3,65.4,5872162.179
1.7,80,3,65.5,4037111.498
1.7,80,3,65.6,2936081.089
1.7,80,3,65.7,4037111.498
1.7,80,3,65.8,3303091.226
1.7,80,3,65.9,2569070.953
1.7,80,3,66,5505152.043
1.7,80,3,66.1,2202060.817
1.7,80,3,66.2,5138141.907
1.7,80,3,66.3,3303091.226
1.7,80,3,66.4,2569070.953
1.7,80,3,66.5,2569070.953
1.7,80,3,66.6,4037111.498
1.7,80,3,66.7,4037111.498
1.7,80,3,66.8,1835050.681
1.7,80,3,66.9,3670101.362
1.7,80,3,67,4037111.498
1.7,80,3,67.1,3670101.362
1.7,80,3,67.2,2202060.817
1.7,80,3,67.3,1468040.545
1.7,80,3,67.4,4404121.634
1.7,80,3,67.5,3670101.362
1.7,80,3,67.6,7340202.724
1.7,80,3,67.7,3670101.362
1.7,80,3,67.8,3303091.226
1.7,80,3,67.9,5138141.907
1.7,80,3,68,2936081.089
1.7,80,3,68.1,3303091.226
1.7,80,3,68.2,3303091.226
1.7,80,3,68.3,1468040.545
1.7,80,3,68.4,3303091.226
1.7,80,3,68.5,4037111.498
1.7,80,3,68.6,1468040.545
1.7,80,3,68.7,1468040.545
1.7,80,3,68.8,4771131.77
1.7,80,3,68.9,3670101.362
1.7,80,3,69,4771131.77
1.7,80,3,69.1,1835050.681
1.7,80,3,69.2,3670101.362
1.7,80,3,69.3,3670101.362
1.7,80,3,69.4,4771131.77
1.7,80,3,69.5,4037111.498
1.7,80,3,69.6,1835050.681
1.7,80,3,69.7,1835050.681
1.7,80,3,69.8,3303091.226
1.7,80,3,69.9,1835050.681
1.7,80,3,70,2569070.953
1.7,80,3,70.1,3303091.226
1.7,80,3,70.2,1468040.545
1.7,80,3,70.3,2202060.817
1.7,80,3,70.4,2936081.089
1.7,80,3,70.5,1835050.681
1.7,80,3,70.6,4404121.634
1.7,80,3,70.7,4037111.498
1.7,80,3,70.8,1835050.681
1.7,80,3,70.9,3670101.362
1.7,80,3,71,4037111.498
1.7,80,3,71.1,3670101.362
1.7,80,3,71.2,2936081.089
1.7,80,3,71.3,2202060.817
1.7,80,3,71.4,2202060.817
1.7,80,3,71.5,2569070.953
1.7,80,3,71.6,2936081.089
1.7,80,3,71.7,1101030.409
1.7,80,3,71.8,367010.1362
1.7,80,3,71.9,2202060.817
1.7,80,3,72,3670101.362
1.7,80,3,72.1,1835050.681
1.7,80,3,72.2,2202060.817
1.7,80,3,72.3,1835050.681
1.7,80,3,72.4,2202060.817
1.7,80,3,72.5,1101030.409
1.7,80,3,72.6,2936081.089
1.7,80,3,72.7,2569070.953
1.7,80,3,72.8,1468040.545
1.7,80,3,72.9,734020.2724
1.7,80,3,73,1468040.545
1.7,80,3,73.1,3303091.226
1.7,80,3,73.2,2569070.953
1.7,80,3,73.3,4404121.634
1.7,80,3,73.4,1468040.545
1.7,80,3,73.5,2202060.817
1.7,80,3,73.6,2569070.953
1.7,80,3,73.7,734020.2724
1.7,80,3,73.8,734020.2724
1.7,80,3,73.9,2936081.089
1.7,80,3,74,2936081.089
1.7,80,3,74.1,1468040.545
1.7,80,3,74.2,1835050.681
1.7,80,3,74.3,2202060.817
1.7,80,3,74.4,734020.2724
1.7,80,3,74.5,1101030.409
1.7,80,3,74.6,2202060.817
1.7,80,3,74.7,1101030.409
1.7,80,3,74.8,734020.2724
1.7,80,3,74.9,1101030.409
1.7,80,3,75,734020.2724
1.7,80,3,75.1,1835050.681
1.7,80,3,75.2,2202060.817
1.7,80,3,75.3,1468040.545
1.7,80,3,75.4,1468040.545
1.7,80,3,75.5,1101030.409
1.7,80,3,75.6,2202060.817
1.7,80,3,75.7,1835050.681
1.7,80,3,75.8,2202060.817
1.7,80,3,75.9,367010.1362
1.7,80,3,76,1101030.409
1.7,80,3,76.1,1468040.545
1.7,80,3,76.2,1468040.545
1.7,80,3,76.3,1468040.545
1.7,80,3,76.5,2569070.953
1.7,80,3,76.6,1468040.545
1.7,80,3,76.7,1835050.681
1.7,80,3,76.8,2202060.817
1.7,80,3,76.9,1835050.681
1.7,80,3,77,1835050.681
1.7,80,3,77.1,734020.2724
1.7,80,3,77.2,1101030.409
1.7,80,3,77.3,2202060.817
1.7,80,3,77.4,1101030.409
1.7,80,3,77.6,367010.1362
1.7,80,3,77.7,1468040.545
1.7,80,3,77.8,367010.1362
1.7,80,3,77.9,1468040.545
1.7,80,3,78,1468040.545
1.7,80,3,78.2,1101030.409
1.7,80,3,78.3,734020.2724
1.7,80,3,78.4,367010.1362
1.7,80,3,78.5,367010.1362
1.7,80,3,78.6,367010.1362
1.7,80,3,78.7,367010.1362
1.7,80,3,78.9,1101030.409
1.7,80,3,79,2202060.817
1.7,80,3,79.1,367010.1362
1.7,80,3,79.2,734020.2724
1.7,80,3,79.3,367010.1362
1.7,80,3,79.4,367010.1362
1.7,80,3,79.7,734020.2724
1.7,80,3,79.8,1468040.545
1.7,80,3,79.9,367010.1362
1.7,150,3,3.1,437742.9988
1.7,150,3,3.3,437742.9988
1.7,150,3,3.4,437742.9988
1.7,150,3,3.6,875485.9976
1.7,150,3,3.7,2188714.994
1.7,150,3,3.8,1313228.996
1.7,150,3,3.9,2188714.994
1.7,150,3,4,1313228.996
1.7,150,3,4.1,4815172.987
1.7,150,3,4.2,7441630.98
1.7,150,3,4.3,2188714.994
1.7,150,3,4.4,6566144.982
1.7,150,3,4.5,9630345.973
1.7,150,3,4.6,7441630.98
1.7,150,3,4.7,10068088.97
1.7,150,3,4.8,12694546.97
1.7,150,3,4.9,11819060.97
1.7,150,3,5,12694546.97
1.7,150,3,5.1,12256803.97
1.7,150,3,5.2,18822948.95
1.7,150,3,5.3,18385205.95
1.7,150,3,5.4,21449406.94
1.7,150,3,5.5,23200378.94
1.7,150,3,5.6,20136177.94
1.7,150,3,5.7,23638121.93
1.7,150,3,5.8,24951350.93
1.7,150,3,5.9,31079752.91
1.7,150,3,6,33268467.91
1.7,150,3,6.1,31955238.91
1.7,150,3,6.2,37645897.9
1.7,150,3,6.3,32830724.91
1.7,150,3,6.4,32392981.91
1.7,150,3,6.5,35894925.9
1.7,150,3,6.6,42461070.88
1.7,150,3,6.7,47713986.87
1.7,150,3,6.8,44212042.88
1.7,150,3,6.9,40710098.89
1.7,150,3,7,43336556.88
1.7,150,3,7.1,42023327.88
1.7,150,3,7.2,51653673.86
1.7,150,3,7.3,46838500.87
1.7,150,3,7.4,138764530.6
1.7,150,3,7.5,45087528.88
1.7,150,3,7.6,58219818.84
1.7,150,3,7.7,52529159.86
1.7,150,3,7.8,57344332.84
1.7,150,3,7.9,55593360.85
1.7,150,3,8,52529159.86
1.7,150,3,8.1,53404645.85
1.7,150,3,8.2,67412421.81
1.7,150,3,8.3,262208056.3
1.7,150,3,8.4,1698880578
1.7,150,3,8.5,54717874.85
1.7,150,3,8.6,57344332.84
1.7,150,3,8.7,48589472.87
1.7,150,3,8.8,77480510.79
1.7,150,3,8.9,46400757.87
1.7,150,3,9,52091416.86
1.7,150,3,9.1,64348220.82
1.7,150,3,9.2,54280131.85
1.7,150,3,9.3,54717874.85
1.7,150,3,9.4,68287907.81
1.7,150,3,9.5,112062207.7
1.7,150,3,9.6,91050543.75
1.7,150,3,9.7,1008122126
1.7,150,3,9.8,140953245.6
1.7,150,3,9.9,103307347.7
1.7,150,3,10,460505634.7
1.7,150,3,10.1,66536935.82
1.7,150,3,10.2,68287907.81
1.7,150,3,10.3,43336556.88
1.7,150,3,10.4,44212042.88
1.7,150,3,10.5,39834612.89
1.7,150,3,10.6,54717874.85
1.7,150,3,10.7,50340444.86
1.7,150,3,10.8,45525271.87
1.7,150,3,10.9,50778187.86
1.7,150,3,11,49902701.86
1.7,150,3,11.1,45963014.87
1.7,150,3,11.2,45525271.87
1.7,150,3,11.3,200486293.4
1.7,150,3,11.4,45963014.87
1.7,150,3,11.5,45525271.87
1.7,150,3,11.6,56906589.84
1.7,150,3,11.7,56031103.85
1.7,150,3,11.8,35019439.9
1.7,150,3,11.9,38959126.89
1.7,150,3,12,42898813.88
1.7,150,3,12.1,39396869.89
1.7,150,3,12.2,35019439.9
1.7,150,3,12.3,36332668.9
1.7,150,3,12.4,40710098.89
1.7,150,3,12.5,34581696.9
1.7,150,3,12.6,38083640.9
1.7,150,3,12.7,40272355.89
1.7,150,3,12.8,38083640.9
1.7,150,3,12.9,36770411.9
1.7,150,3,13,38083640.9
1.7,150,3,13.1,38959126.89
1.7,150,3,13.2,44212042.88
1.7,150,3,13.3,35457182.9
1.7,150,3,13.4,33268467.91
1.7,150,3,13.5,31517495.91
1.7,150,3,13.6,38521383.89
1.7,150,3,13.7,35019439.9
1.7,150,3,13.8,45963014.87
1.7,150,3,13.9,32392981.91
1.7,150,3,14,39396869.89
1.7,150,3,14.1,40272355.89
1.7,150,3,14.2,33706210.91
1.7,150,3,14.3,40272355.89
1.7,150,3,14.4,39834612.89
1.7,150,3,14.5,41147841.89
1.7,150,3,14.6,34581696.9
1.7,150,3,14.7,32392981.91
1.7,150,3,14.8,45525271.87
1.7,150,3,14.9,35019439.9
1.7,150,3,15,40710098.89
1.7,150,3,15.1,34581696.9
1.7,150,3,15.2,45525271.87
1.7,150,3,15.3,45087528.88
1.7,150,3,15.4,36770411.9
1.7,150,3,15.5,39396869.89
1.7,150,3,15.6,40272355.89
1.7,150,3,15.7,31517495.91
1.7,150,3,15.8,32830724.91
1.7,150,3,15.9,39834612.89
1.7,150,3,16,45525271.87
1.7,150,3,16.1,37208154.9
1.7,150,3,16.2,42461070.88
1.7,150,3,16.3,31517495.91
1.7,150,3,16.4,42023327.88
1.7,150,3,16.5,34581696.9
1.7,150,3,16.6,35894925.9
1.7,150,3,16.7,34143953.91
1.7,150,3,16.8,31955238.91
1.7,150,3,16.9,37645897.9
1.7,150,3,17,35457182.9
1.7,150,3,17.1,40272355.89
1.7,150,3,17.2,34143953.91
1.7,150,3,17.3,40272355.89
1.7,150,3,17.4,42023327.88
1.7,150,3,17.5,40272355.89
1.7,150,3,17.6,34581696.9
1.7,150,3,17.7,40272355.89
1.7,150,3,17.8,31955238.91
1.7,150,3,17.9,37645897.9
1.7,150,3,18,42023327.88
1.7,150,3,18.1,31955238.91
1.7,150,3,18.2,32830724.91
1.7,150,3,18.3,36332668.9
1.7,150,3,18.4,39834612.89
1.7,150,3,18.5,34581696.9
1.7,150,3,18.6,36770411.9
1.7,150,3,18.7,30642009.92
1.7,150,3,18.8,29328780.92
1.7,150,3,18.9,29766523.92
1.7,150,3,19,36332668.9
1.7,150,3,19.1,32392981.91
1.7,150,3,19.2,36770411.9
1.7,150,3,19.3,34581696.9
1.7,150,3,19.4,33706210.91
1.7,150,3,19.5,37645897.9
1.7,150,3,19.6,30642009.92
1.7,150,3,19.7,34581696.9
1.7,150,3,19.8,29328780.92
1.7,150,3,19.9,26702322.93
1.7,150,3,20,33706210.91
1.7,150,3,20.1,30204266.92
1.7,150,3,20.2,31079752.91
1.7,150,3,20.3,28891037.92
1.7,150,3,20.4,27140065.93
1.7,150,3,20.5,38083640.9
1.7,150,3,20.6,29328780.92
1.7,150,3,20.7,29766523.92
1.7,150,3,20.8,39834612.89
1.7,150,3,20.9,31955238.91
1.7,150,3,21,37645897.9
1.7,150,3,21.1,32392981.91
1.7,150,3,21.2,24075864.93
1.7,150,3,21.3,31955238.91
1.7,150,3,21.4,28015551.92
1.7,150,3,21.5,30642009.92
1.7,150,3,21.6,25389093.93
1.7,150,3,21.7,31955238.91
1.7,150,3,21.8,24951350.93
1.7,150,3,21.9,28891037.92
1.7,150,3,22,34581696.9
1.7,150,3,22.1,30642009.92
1.7,150,3,22.2,28453294.92
1.7,150,3,22.3,36770411.9
1.7,150,3,22.4,26702322.93
1.7,150,3,22.5,29328780.92
1.7,150,3,22.6,37208154.9
1.7,150,3,22.7,30204266.92
1.7,150,3,22.8,31955238.91
1.7,150,3,22.9,27140065.93
1.7,150,3,23,29328780.92
1.7,150,3,23.1,28015551.92
1.7,150,3,23.2,24951350.93
1.7,150,3,23.3,31517495.91
1.7,150,3,23.4,32830724.91
1.7,150,3,23.5,24513607.93
1.7,150,3,23.6,29766523.92
1.7,150,3,23.7,25389093.93
1.7,150,3,23.8,29766523.92
1.7,150,3,23.9,27577808.92
1.7,150,3,24,26702322.93
1.7,150,3,24.1,21449406.94
1.7,150,3,24.2,24513607.93
1.7,150,3,24.3,32392981.91
1.7,150,3,24.4,25389093.93
1.7,150,3,24.5,29766523.92
1.7,150,3,24.6,19698434.95
1.7,150,3,24.7,25389093.93
1.7,150,3,24.8,26702322.93
1.7,150,3,24.9,22324892.94
1.7,150,3,25,25389093.93
1.7,150,3,25.1,31079752.91
1.7,150,3,25.2,32392981.91
1.7,150,3,25.3,30204266.92
1.7,150,3,25.4,23638121.93
1.7,150,3,25.5,19260691.95
1.7,150,3,25.6,28891037.92
1.7,150,3,25.7,24075864.93
1.7,150,3,25.8,28891037.92
1.7,150,3,25.9,35457182.9
1.7,150,3,26,24951350.93
1.7,150,3,26.1,28015551.92
1.7,150,3,26.2,22324892.94
1.7,150,3,26.3,30204266.92
1.7,150,3,26.4,29766523.92
1.7,150,3,26.5,25826836.93
1.7,150,3,26.6,23638121.93
1.7,150,3,26.7,31955238.91
1.7,150,3,26.8,28453294.92
1.7,150,3,26.9,21887149.94
1.7,150,3,27,24513607.93
1.7,150,3,27.1,21449406.94
1.7,150,3,27.2,26264579.93
1.7,150,3,27.3,25389093.93
1.7,150,3,27.4,25389093.93
1.7,150,3,27.5,21011663.94
1.7,150,3,27.6,26264579.93
1.7,150,3,27.7,26702322.93
1.7,150,3,27.8,29328780.92
1.7,150,3,27.9,26702322.93
1.7,150,3,28,25389093.93
1.7,150,3,28.1,26702322.93
1.7,150,3,28.2,20136177.94
1.7,150,3,28.3,28891037.92
1.7,150,3,28.4,28891037.92
1.7,150,3,28.5,28015551.92
1.7,150,3,28.6,26264579.93
1.7,150,3,28.7,24951350.93
1.7,150,3,28.8,24513607.93
1.7,150,3,28.9,17947462.95
1.7,150,3,29,23200378.94
1.7,150,3,29.1,21887149.94
1.7,150,3,29.2,28015551.92
1.7,150,3,29.3,18385205.95
1.7,150,3,29.4,26264579.93
1.7,150,3,29.5,25389093.93
1.7,150,3,29.6,19260691.95
1.7,150,3,29.7,21449406.94
1.7,150,3,29.8,23638121.93
1.7,150,3,29.9,22762635.94
1.7,150,3,30,23200378.94
1.7,150,3,30.1,25389093.93
1.7,150,3,30.2,21887149.94
1.7,150,3,30.3,23638121.93
1.7,150,3,30.4,22324892.94
1.7,150,3,30.5,20136177.94
1.7,150,3,30.6,22324892.94
1.7,150,3,30.7,21449406.94
1.7,150,3,30.8,13132289.96
1.7,150,3,30.9,27140065.93
1.7,150,3,31,23200378.94
1.7,150,3,31.1,26702322.93
1.7,150,3,31.2,28891037.92
1.7,150,3,31.3,16634233.95
1.7,150,3,31.4,27140065.93
1.7,150,3,31.5,20573920.94
1.7,150,3,31.6,22324892.94
1.7,150,3,31.7,21449406.94
1.7,150,3,31.8,19698434.95
1.7,150,3,31.9,19260691.95
1.7,150,3,32,21449406.94
1.7,150,3,32.1,24951350.93
1.7,150,3,32.2,22324892.94
1.7,150,3,32.3,21011663.94
1.7,150,3,32.4,17509719.95
1.7,150,3,32.5,21449406.94
1.7,150,3,32.6,17509719.95
1.7,150,3,32.7,20136177.94
1.7,150,3,32.8,15758747.96
1.7,150,3,32.9,20136177.94
1.7,150,3,33,28453294.92
1.7,150,3,33.1,17509719.95
1.7,150,3,33.2,16634233.95
1.7,150,3,33.3,20573920.94
1.7,150,3,33.4,23200378.94
1.7,150,3,33.5,15758747.96
1.7,150,3,33.6,27140065.93
1.7,150,3,33.7,20573920.94
1.7,150,3,33.8,25389093.93
1.7,150,3,33.9,20136177.94
1.7,150,3,34,18822948.95
1.7,150,3,34.1,16634233.95
1.7,150,3,34.2,14007775.96
1.7,150,3,34.3,16634233.95
1.7,150,3,34.4,17509719.95
1.7,150,3,34.5,19260691.95
1.7,150,3,34.6,18385205.95
1.7,150,3,34.7,16634233.95
1.7,150,3,34.8,23200378.94
1.7,150,3,34.9,20573920.94
1.7,150,3,35,20136177.94
1.7,150,3,35.1,16634233.95
1.7,150,3,35.2,18385205.95
1.7,150,3,35.3,16634233.95
1.7,150,3,35.4,18385205.95
1.7,150,3,35.5,16634233.95
1.7,150,3,35.6,19698434.95
1.7,150,3,35.7,24075864.93
1.7,150,3,35.8,16196490.96
1.7,150,3,35.9,21011663.94
1.7,150,3,36,19698434.95
1.7,150,3,36.1,14883261.96
1.7,150,3,36.2,17071976.95
1.7,150,3,36.3,21887149.94
1.7,150,3,36.4,15321004.96
1.7,150,3,36.5,16196490.96
1.7,150,3,36.6,16634233.95
1.7,150,3,36.7,17071976.95
1.7,150,3,36.8,13132289.96
1.7,150,3,36.9,16196490.96
1.7,150,3,37,16634233.95
1.7,150,3,37.1,23638121.93
1.7,150,3,37.2,16196490.96
1.7,150,3,37.3,13570032.96
1.7,150,3,37.4,13132289.96
1.7,150,3,37.5,11819060.97
1.7,150,3,37.6,15321004.96
1.7,150,3,37.7,18385205.95
1.7,150,3,37.8,18385205.95
1.7,150,3,37.9,16634233.95
1.7,150,3,38,16634233.95
1.7,150,3,38.1,14883261.96
1.7,150,3,38.2,22324892.94
1.7,150,3,38.3,14445518.96
1.7,150,3,38.4,16196490.96
1.7,150,3,38.5,17071976.95
1.7,150,3,38.6,12256803.97
1.7,150,3,38.7,16634233.95
1.7,150,3,38.8,16634233.95
1.7,150,3,38.9,15758747.96
1.7,150,3,39,15758747.96
1.7,150,3,39.1,16196490.96
1.7,150,3,39.2,17947462.95
1.7,150,3,39.3,21011663.94
1.7,150,3,39.4,13570032.96
1.7,150,3,39.5,17509719.95
1.7,150,3,39.6,19698434.95
1.7,150,3,39.7,17947462.95
1.7,150,3,39.8,13132289.96
1.7,150,3,39.9,11819060.97
1.7,150,3,40,19698434.95
1.7,150,3,40.1,12694546.97
1.7,150,3,40.2,18822948.95
1.7,150,3,40.3,15321004.96
1.7,150,3,40.4,15758747.96
1.7,150,3,40.5,19260691.95
1.7,150,3,40.6,18822948.95
1.7,150,3,40.7,16196490.96
1.7,150,3,40.8,17509719.95
1.7,150,3,40.9,20136177.94
1.7,150,3,41,15321004.96
1.7,150,3,41.1,14883261.96
1.7,150,3,41.2,15321004.96
1.7,150,3,41.3,15321004.96
1.7,150,3,41.4,15758747.96
1.7,150,3,41.5,14445518.96
1.7,150,3,41.6,15321004.96
1.7,150,3,41.7,17509719.95
1.7,150,3,41.8,13132289.96
1.7,150,3,41.9,12694546.97
1.7,150,3,42,17947462.95
1.7,150,3,42.1,10505831.97
1.7,150,3,42.2,14007775.96
1.7,150,3,42.3,17947462.95
1.7,150,3,42.4,15321004.96
1.7,150,3,42.5,10943574.97
1.7,150,3,42.6,12694546.97
1.7,150,3,42.7,8754859.976
1.7,150,3,42.8,21449406.94
1.7,150,3,42.9,17509719.95
1.7,150,3,43,17509719.95
1.7,150,3,43.1,13132289.96
1.7,150,3,43.2,8317116.977
1.7,150,3,43.3,12256803.97
1.7,150,3,43.4,13132289.96
1.7,150,3,43.5,14883261.96
1.7,150,3,43.6,13570032.96
1.7,150,3,43.7,13132289.96
1.7,150,3,43.8,12256803.97
1.7,150,3,43.9,13570032.96
1.7,150,3,44,13132289.96
1.7,150,3,44.1,13132289.96
1.7,150,3,44.2,15321004.96
1.7,150,3,44.3,15758747.96
1.7,150,3,44.4,13570032.96
1.7,150,3,44.5,17071976.95
1.7,150,3,44.6,13132289.96
1.7,150,3,44.7,15758747.96
1.7,150,3,44.8,17947462.95
1.7,150,3,44.9,16196490.96
1.7,150,3,45,11819060.97
1.7,150,3,45.1,13132289.96
1.7,150,3,45.2,12256803.97
1.7,150,3,45.3,16196490.96
1.7,150,3,45.4,12256803.97
1.7,150,3,45.5,17071976.95
1.7,150,3,45.6,16634233.95
1.7,150,3,45.7,16634233.95
1.7,150,3,45.8,15758747.96
1.7,150,3,45.9,14445518.96
1.7,150,3,46,13570032.96
1.7,150,3,46.1,7879373.978
1.7,150,3,46.2,11819060.97
1.7,150,3,46.3,12694546.97
1.7,150,3,46.4,10943574.97
1.7,150,3,46.5,9630345.973
1.7,150,3,46.6,14445518.96
1.7,150,3,46.7,10943574.97
1.7,150,3,46.8,17509719.95
1.7,150,3,46.9,14007775.96
1.7,150,3,47,11819060.97
1.7,150,3,47.1,14445518.96
1.7,150,3,47.2,8754859.976
1.7,150,3,47.3,15758747.96
1.7,150,3,47.4,15321004.96
1.7,150,3,47.5,14007775.96
1.7,150,3,47.6,9192602.975
1.7,150,3,47.7,10943574.97
1.7,150,3,47.8,9630345.973
1.7,150,3,47.9,14445518.96
1.7,150,3,48,13570032.96
1.7,150,3,48.1,11381317.97
1.7,150,3,48.2,11819060.97
1.7,150,3,48.3,11381317.97
1.7,150,3,48.4,11819060.97
1.7,150,3,48.5,15321004.96
1.7,150,3,48.6,15758747.96
1.7,150,3,48.7,13570032.96
1.7,150,3,48.8,9192602.975
1.7,150,3,48.9,10068088.97
1.7,150,3,49,13570032.96
1.7,150,3,49.1,7003887.981
1.7,150,3,49.2,11381317.97
1.7,150,3,49.3,12694546.97
1.7,150,3,49.4,10943574.97
1.7,150,3,49.5,9192602.975
1.7,150,3,49.6,16634233.95
1.7,150,3,49.7,6128401.983
1.7,150,3,49.8,11381317.97
1.7,150,3,49.9,7003887.981
1.7,150,3,50,11381317.97
1.7,150,3,50.1,10505831.97
1.7,150,3,50.2,10505831.97
1.7,150,3,50.3,14445518.96
1.7,150,3,50.4,13570032.96
1.7,150,3,50.5,14007775.96
1.7,150,3,50.6,11381317.97
1.7,150,3,50.7,14445518.96
1.7,150,3,50.8,9192602.975
1.7,150,3,50.9,9630345.973
1.7,150,3,51,14007775.96
1.7,150,3,51.1,11381317.97
1.7,150,3,51.2,17947462.95
1.7,150,3,51.3,9192602.975
1.7,150,3,51.4,16634233.95
1.7,150,3,51.5,15758747.96
1.7,150,3,51.6,12694546.97
1.7,150,3,51.7,10505831.97
1.7,150,3,51.8,8317116.977
1.7,150,3,51.9,11381317.97
1.7,150,3,52,10505831.97
1.7,150,3,52.1,14445518.96
1.7,150,3,52.2,10068088.97
1.7,150,3,52.3,12694546.97
1.7,150,3,52.4,13570032.96
1.7,150,3,52.5,12694546.97
1.7,150,3,52.6,9630345.973
1.7,150,3,52.7,9630345.973
1.7,150,3,52.8,11381317.97
1.7,150,3,52.9,10505831.97
1.7,150,3,53,12256803.97
1.7,150,3,53.1,12256803.97
1.7,150,3,53.2,8754859.976
1.7,150,3,53.3,12694546.97
1.7,150,3,53.4,11819060.97
1.7,150,3,53.5,7879373.978
1.7,150,3,53.6,10068088.97
1.7,150,3,53.7,8317116.977
1.7,150,3,53.8,7441630.98
1.7,150,3,53.9,6566144.982
1.7,150,3,54,9192602.975
1.7,150,3,54.1,12256803.97
1.7,150,3,54.2,11819060.97
1.7,150,3,54.3,11381317.97
1.7,150,3,54.4,10505831.97
1.7,150,3,54.5,10943574.97
1.7,150,3,54.6,10068088.97
1.7,150,3,54.7,12256803.97
1.7,150,3,54.8,8754859.976
1.7,150,3,54.9,10943574.97
1.7,150,3,55,13132289.96
1.7,150,3,55.1,10943574.97
1.7,150,3,55.2,10505831.97
1.7,150,3,55.3,14445518.96
1.7,150,3,55.4,7003887.981
1.7,150,3,55.5,6128401.983
1.7,150,3,55.6,10943574.97
1.7,150,3,55.7,10505831.97
1.7,150,3,55.8,12694546.97
1.7,150,3,55.9,10943574.97
1.7,150,3,56,10068088.97
1.7,150,3,56.1,11381317.97
1.7,150,3,56.2,11819060.97
1.7,150,3,56.3,10943574.97
1.7,150,3,56.4,10943574.97
1.7,150,3,56.5,12256803.97
1.7,150,3,56.6,8317116.977
1.7,150,3,56.7,10068088.97
1.7,150,3,56.8,8754859.976
1.7,150,3,56.9,8754859.976
1.7,150,3,57,7879373.978
1.7,150,3,57.1,11381317.97
1.7,150,3,57.2,9192602.975
1.7,150,3,57.3,10943574.97
1.7,150,3,57.4,10943574.97
1.7,150,3,57.5,8317116.977
1.7,150,3,57.6,10505831.97
1.7,150,3,57.7,11381317.97
1.7,150,3,57.8,10943574.97
1.7,150,3,57.9,13132289.96
1.7,150,3,58,10943574.97
1.7,150,3,58.1,85359884.76
1.7,150,3,58.2,10068088.97
1.7,150,3,58.3,5252915.986
1.7,150,3,58.4,9192602.975
1.7,150,3,58.5,7441630.98
1.7,150,3,58.6,8754859.976
1.7,150,3,58.7,7003887.981
1.7,150,3,58.8,11381317.97
1.7,150,3,58.9,13570032.96
1.7,150,3,59,11819060.97
1.7,150,3,59.1,8754859.976
1.7,150,3,59.2,12694546.97
1.7,150,3,59.3,8317116.977
1.7,150,3,59.4,10505831.97
1.7,150,3,59.5,139640016.6
1.7,150,3,59.6,11381317.97
1.7,150,3,59.7,14883261.96
1.7,150,3,59.8,7879373.978
1.7,150,3,59.9,9630345.973
1.7,150,3,60,12256803.97
1.7,150,3,60.1,7441630.98
1.7,150,3,60.2,9192602.975
1.7,150,3,60.3,10505831.97
1.7,150,3,60.4,14007775.96
1.7,150,3,60.5,9192602.975
1.7,150,3,60.6,9630345.973
1.7,150,3,60.7,6566144.982
1.7,150,3,60.8,7441630.98
1.7,150,3,60.9,10068088.97
1.7,150,3,61,12256803.97
1.7,150,3,61.1,9192602.975
1.7,150,3,61.2,7879373.978
1.7,150,3,61.3,13570032.96
1.7,150,3,61.4,8754859.976
1.7,150,3,61.5,9192602.975
1.7,150,3,61.6,10068088.97
1.7,150,3,61.7,7441630.98
1.7,150,3,61.8,6128401.983
1.7,150,3,61.9,5690658.984
1.7,150,3,62,10943574.97
1.7,150,3,62.1,12694546.97
1.7,150,3,62.2,7441630.98
1.7,150,3,62.3,10068088.97
1.7,150,3,62.4,8754859.976
1.7,150,3,62.5,9192602.975
1.7,150,3,62.6,9192602.975
1.7,150,3,62.7,8317116.977
1.7,150,3,62.8,10943574.97
1.7,150,3,62.9,9192602.975
1.7,150,3,63,5252915.986
1.7,150,3,63.1,9630345.973
1.7,150,3,63.2,10068088.97
1.7,150,3,63.3,7441630.98
1.7,150,3,63.4,10068088.97
1.7,150,3,63.5,8317116.977
1.7,150,3,63.6,8754859.976
1.7,150,3,63.7,8317116.977
1.7,150,3,63.8,7879373.978
1.7,150,3,63.9,12694546.97
1.7,150,3,64,8317116.977
1.7,150,3,64.1,9630345.973
1.7,150,3,64.2,10068088.97
1.7,150,3,64.3,7441630.98
1.7,150,3,64.4,7441630.98
1.7,150,3,64.5,9192602.975
1.7,150,3,64.6,8754859.976
1.7,150,3,64.7,8754859.976
1.7,150,3,64.8,11819060.97
1.7,150,3,64.9,5252915.986
1.7,150,3,65,8754859.976
1.7,150,3,65.1,8317116.977
1.7,150,3,65.2,10943574.97
1.7,150,3,65.3,7003887.981
1.7,150,3,65.4,8317116.977
1.7,150,3,65.5,6128401.983
1.7,150,3,65.6,7441630.98
1.7,150,3,65.7,4377429.988
1.7,150,3,65.8,8754859.976
1.7,150,3,65.9,7441630.98
1.7,150,3,66,7441630.98
1.7,150,3,66.1,7879373.978
1.7,150,3,66.2,8754859.976
1.7,150,3,66.3,10068088.97
1.7,150,3,66.4,6566144.982
1.7,150,3,66.5,10068088.97
1.7,150,3,66.6,7441630.98
1.7,150,3,66.7,9192602.975
1.7,150,3,66.8,7441630.98
1.7,150,3,66.9,9192602.975
1.7,150,3,67,8317116.977
1.7,150,3,67.1,19260691.95
1.7,150,3,67.2,4815172.987
1.7,150,3,67.3,6566144.982
1.7,150,3,67.4,29328780.92
1.7,150,3,67.5,5690658.984
1.7,150,3,67.6,8754859.976
1.7,150,3,67.7,9192602.975
1.7,150,3,67.8,12256803.97
1.7,150,3,67.9,7879373.978
1.7,150,3,68,7441630.98
1.7,150,3,68.1,7879373.978
1.7,150,3,68.2,8317116.977
1.7,150,3,68.3,7879373.978
1.7,150,3,68.4,7441630.98
1.7,150,3,68.5,9192602.975
1.7,150,3,68.6,8754859.976
1.7,150,3,68.7,6566144.982
1.7,150,3,68.8,7879373.978
1.7,150,3,68.9,9192602.975
1.7,150,3,69,6128401.983
1.7,150,3,69.1,5690658.984
1.7,150,3,69.2,8317116.977
1.7,150,3,69.3,14007775.96
1.7,150,3,69.4,6566144.982
1.7,150,3,69.5,10505831.97
1.7,150,3,69.6,6128401.983
1.7,150,3,69.7,8754859.976
1.7,150,3,69.8,9630345.973
1.7,150,3,69.9,7441630.98
1.7,150,3,70,5690658.984
1.7,150,3,70.1,4815172.987
1.7,150,3,70.2,5690658.984
1.7,150,3,70.3,3501943.99
1.7,150,3,70.4,9192602.975
1.7,150,3,70.5,8754859.976
1.7,150,3,70.6,10943574.97
1.7,150,3,70.7,5252915.986
1.7,150,3,70.8,5252915.986
1.7,150,3,70.9,9630345.973
1.7,150,3,71,5252915.986
1.7,150,3,71.1,8317116.977
1.7,150,3,71.2,6566144.982
1.7,150,3,71.3,7003887.981
1.7,150,3,71.4,9192602.975
1.7,150,3,71.5,7441630.98
1.7,150,3,71.6,8317116.977
1.7,150,3,71.7,6128401.983
1.7,150,3,71.8,6128401.983
1.7,150,3,71.9,5690658.984
1.7,150,3,72,8754859.976
1.7,150,3,72.1,3501943.99
1.7,150,3,72.2,6566144.982
1.7,150,3,72.3,5252915.986
1.7,150,3,72.4,5690658.984
1.7,150,3,72.5,11381317.97
1.7,150,3,72.6,7441630.98
1.7,150,3,72.7,4377429.988
1.7,150,3,72.8,5252915.986
1.7,150,3,72.9,8754859.976
1.7,150,3,73,7441630.98
1.7,150,3,73.1,8317116.977
1.7,150,3,73.2,5690658.984
1.7,150,3,73.3,5252915.986
1.7,150,3,73.4,9192602.975
1.7,150,3,73.5,6566144.982
1.7,150,3,73.6,7003887.981
1.7,150,3,73.7,5252915.986
1.7,150,3,73.8,8754859.976
1.7,150,3,73.9,7441630.98
1.7,150,3,74,3501943.99
1.7,150,3,74.1,6128401.983
1.7,150,3,74.2,9192602.975
1.7,150,3,74.3,3939686.989
1.7,150,3,74.4,9630345.973
1.7,150,3,74.5,7879373.978
1.7,150,3,74.6,8754859.976
1.7,150,3,74.7,6566144.982
1.7,150,3,74.8,6566144.982
1.7,150,3,74.9,5690658.984
1.7,150,3,75,5252915.986
1.7,150,3,75.1,8317116.977
1.7,150,3,75.2,4377429.988
1.7,150,3,75.3,3064200.992
1.7,150,3,75.4,7879373.978
1.7,150,3,75.5,7879373.978
1.7,150,3,75.6,6128401.983
1.7,150,3,75.7,5690658.984
1.7,150,3,75.8,5252915.986
1.7,150,3,75.9,7003887.981
1.7,150,3,76,4377429.988
1.7,150,3,76.1,8317116.977
1.7,150,3,76.2,7003887.981
1.7,150,3,76.3,3939686.989
1.7,150,3,76.4,6566144.982
1.7,150,3,76.5,8754859.976
1.7,150,3,76.6,5690658.984
1.7,150,3,76.7,4377429.988
1.7,150,3,76.8,4815172.987
1.7,150,3,76.9,6128401.983
1.7,150,3,77,7879373.978
1.7,150,3,77.1,8754859.976
1.7,150,3,77.2,4815172.987
1.7,150,3,77.3,7441630.98
1.7,150,3,77.4,5690658.984
1.7,150,3,77.5,8754859.976
1.7,150,3,77.6,5252915.986
1.7,150,3,77.7,9630345.973
1.7,150,3,77.8,6128401.983
1.7,150,3,77.9,7003887.981
1.7,150,3,78,6566144.982
1.7,150,3,78.1,6128401.983
1.7,150,3,78.2,7441630.98
1.7,150,3,78.3,3939686.989
1.7,150,3,78.4,4377429.988
1.7,150,3,78.5,3501943.99
1.7,150,3,78.6,3939686.989
1.7,150,3,78.7,7003887.981
1.7,150,3,78.8,9630345.973
1.7,150,3,78.9,7441630.98
1.7,150,3,79,4377429.988
1.7,150,3,79.1,6566144.982
1.7,150,3,79.2,6128401.983
1.7,150,3,79.3,5252915.986
1.7,150,3,79.4,8317116.977
1.7,150,3,79.5,7441630.98
1.7,150,3,79.6,6128401.983
1.7,150,3,79.7,4815172.987
1.7,150,3,79.8,5690658.984
1.7,150,3,79.9,4377429.988
1.7,150,3,80,4815172.987
1.7,150,3,80.1,5690658.984
1.7,150,3,80.2,7003887.981
1.7,150,3,80.3,3939686.989
1.7,150,3,80.4,2626457.993
1.7,150,3,80.5,3939686.989
1.7,150,3,80.6,6566144.982
1.7,150,3,80.7,7879373.978
1.7,150,3,80.8,6128401.983
1.7,150,3,80.9,5690658.984
1.7,150,3,81,4815172.987
1.7,150,3,81.1,3939686.989
1.7,150,3,81.2,4815172.987
1.7,150,3,81.3,4815172.987
1.7,150,3,81.4,3501943.99
1.7,150,3,81.5,7003887.981
1.7,150,3,81.6,6128401.983
1.7,150,3,81.7,5252915.986
1.7,150,3,81.8,6128401.983
1.7,150,3,81.9,4815172.987
1.7,150,3,82,6566144.982
1.7,150,3,82.1,6128401.983
1.7,150,3,82.2,5252915.986
1.7,150,3,82.3,6128401.983
1.7,150,3,82.4,3939686.989
1.7,150,3,82.5,8754859.976
1.7,150,3,82.6,3939686.989
1.7,150,3,82.7,6566144.982
1.7,150,3,82.8,6128401.983
1.7,150,3,82.9,6566144.982
1.7,150,3,83,8754859.976
1.7,150,3,83.1,6128401.983
1.7,150,3,83.2,6566144.982
1.7,150,3,83.3,7879373.978
1.7,150,3,83.4,4815172.987
1.7,150,3,83.5,6566144.982
1.7,150,3,83.6,7879373.978
1.7,150,3,83.7,4377429.988
1.7,150,3,83.8,5252915.986
1.7,150,3,83.9,7003887.981
1.7,150,3,84,8317116.977
1.7,150,3,84.1,3939686.989
1.7,150,3,84.2,7003887.981
1.7,150,3,84.3,5690658.984
1.7,150,3,84.4,5690658.984
1.7,150,3,84.5,6128401.983
1.7,150,3,84.6,5690658.984
1.7,150,3,84.7,7003887.981
1.7,150,3,84.8,4377429.988
1.7,150,3,84.9,6566144.982
1.7,150,3,85,5252915.986
1.7,150,3,85.1,3939686.989
1.7,150,3,85.2,7003887.981
1.7,150,3,85.3,5252915.986
1.7,150,3,85.4,6128401.983
1.7,150,3,85.5,11381317.97
1.7,150,3,85.6,3501943.99
1.7,150,3,85.7,6566144.982
1.7,150,3,85.8,3939686.989
1.7,150,3,85.9,4377429.988
1.7,150,3,86,3939686.989
1.7,150,3,86.1,8317116.977
1.7,150,3,86.2,3939686.989
1.7,150,3,86.3,3939686.989
1.7,150,3,86.4,5690658.984
1.7,150,3,86.5,4815172.987
1.7,150,3,86.6,5690658.984
1.7,150,3,86.7,4377429.988
1.7,150,3,86.8,6566144.982
1.7,150,3,86.9,5690658.984
1.7,150,3,87,3939686.989
1.7,150,3,87.1,3939686.989
1.7,150,3,87.2,6128401.983
1.7,150,3,87.3,3501943.99
1.7,150,3,87.4,6566144.982
1.7,150,3,87.5,4377429.988
1.7,150,3,87.6,3501943.99
1.7,150,3,87.7,2626457.993
1.7,150,3,87.8,3064200.992
1.7,150,3,87.9,5252915.986
1.7,150,3,88,4815172.987
1.7,150,3,88.1,3501943.99
1.7,150,3,88.2,5252915.986
1.7,150,3,88.3,4377429.988
1.7,150,3,88.4,4377429.988
1.7,150,3,88.5,3501943.99
1.7,150,3,88.6,3501943.99
1.7,150,3,88.7,7879373.978
1.7,150,3,88.8,2188714.994
1.7,150,3,88.9,5690658.984
1.7,150,3,89,3939686.989
1.7,150,3,89.1,7879373.978
1.7,150,3,89.2,7441630.98
1.7,150,3,89.3,5252915.986
1.7,150,3,89.4,6128401.983
1.7,150,3,89.5,3939686.989
1.7,150,3,89.6,3939686.989
1.7,150,3,89.7,6566144.982
1.7,150,3,89.8,4815172.987
1.7,150,3,89.9,4377429.988
1.7,150,3,90,2626457.993
1.7,150,3,90.1,5690658.984
1.7,150,3,90.2,2188714.994
1.7,150,3,90.3,4377429.988
1.7,150,3,90.4,3064200.992
1.7,150,3,90.5,5690658.984
1.7,150,3,90.6,3064200.992
1.7,150,3,90.7,5252915.986
1.7,150,3,90.8,3064200.992
1.7,150,3,90.9,6566144.982
1.7,150,3,91,5252915.986
1.7,150,3,91.1,3939686.989
1.7,150,3,91.2,4815172.987
1.7,150,3,91.3,4377429.988
1.7,150,3,91.4,3501943.99
1.7,150,3,91.5,5252915.986
1.7,150,3,91.6,3064200.992
1.7,150,3,91.7,6128401.983
1.7,150,3,91.8,4377429.988
1.7,150,3,91.9,3939686.989
1.7,150,3,92,8317116.977
1.7,150,3,92.1,5690658.984
1.7,150,3,92.2,3501943.99
1.7,150,3,92.3,4815172.987
1.7,150,3,92.4,3501943.99
1.7,150,3,92.5,2188714.994
1.7,150,3,92.6,3501943.99
1.7,150,3,92.7,6128401.983
1.7,150,3,92.8,4377429.988
1.7,150,3,92.9,2626457.993
1.7,150,3,93,3939686.989
1.7,150,3,93.1,2626457.993
1.7,150,3,93.2,3501943.99
1.7,150,3,93.3,3501943.99
1.7,150,3,93.4,4377429.988
1.7,150,3,93.5,3501943.99
1.7,150,3,93.6,4815172.987
1.7,150,3,93.7,3939686.989
1.7,150,3,93.8,5252915.986
1.7,150,3,93.9,3939686.989
1.7,150,3,94,4377429.988
1.7,150,3,94.1,2626457.993
1.7,150,3,94.2,4815172.987
1.7,150,3,94.3,3939686.989
1.7,150,3,94.4,2188714.994
1.7,150,3,94.5,5690658.984
1.7,150,3,94.6,7441630.98
1.7,150,3,94.7,2626457.993
1.7,150,3,94.8,4377429.988
1.7,150,3,94.9,4377429.988
1.7,150,3,95,3064200.992
1.7,150,3,95.1,4815172.987
1.7,150,3,95.2,4815172.987
1.7,150,3,95.3,3501943.99
1.7,150,3,95.4,2188714.994
1.7,150,3,95.5,3501943.99
1.7,150,3,95.6,4815172.987
1.7,150,3,95.7,3064200.992
1.7,150,3,95.8,3939686.989
1.7,150,3,95.9,3939686.989
1.7,150,3,96,4815172.987
1.7,150,3,96.1,4815172.987
1.7,150,3,96.2,3501943.99
1.7,150,3,96.3,3501943.99
1.7,150,3,96.4,3939686.989
1.7,150,3,96.5,5690658.984
1.7,150,3,96.6,5252915.986
1.7,150,3,96.7,6128401.983
1.7,150,3,96.8,3939686.989
1.7,150,3,96.9,2626457.993
1.7,150,3,97,3939686.989
1.7,150,3,97.1,2626457.993
1.7,150,3,97.2,5252915.986
1.7,150,3,97.3,5690658.984
1.7,150,3,97.4,5252915.986
1.7,150,3,97.5,2626457.993
1.7,150,3,97.6,2626457.993
1.7,150,3,97.7,4815172.987
1.7,150,3,97.8,3501943.99
1.7,150,3,97.9,4377429.988
1.7,150,3,98,3939686.989
1.7,150,3,98.1,6566144.982
1.7,150,3,98.2,3939686.989
1.7,150,3,98.3,7003887.981
1.7,150,3,98.4,3501943.99
1.7,150,3,98.5,5690658.984
1.7,150,3,98.6,2626457.993
1.7,150,3,98.7,4815172.987
1.7,150,3,98.8,2626457.993
1.7,150,3,98.9,3939686.989
1.7,150,3,99,4815172.987
1.7,150,3,99.1,5252915.986
1.7,150,3,99.2,5252915.986
1.7,150,3,99.3,2626457.993
1.7,150,3,99.4,3501943.99
1.7,150,3,99.5,4377429.988
1.7,150,3,99.6,3939686.989
1.7,150,3,99.7,3501943.99
1.7,150,3,99.8,2626457.993
1.7,150,3,99.9,4377429.988
1.7,150,3,100,7441630.98
1.7,150,3,100.1,4377429.988
1.7,150,3,100.2,1750971.995
1.7,150,3,100.3,6128401.983
1.7,150,3,100.4,3939686.989
1.7,150,3,100.5,3939686.989
1.7,150,3,100.6,4815172.987
1.7,150,3,100.7,7003887.981
1.7,150,3,100.8,4377429.988
1.7,150,3,100.9,4377429.988
1.7,150,3,101,1313228.996
1.7,150,3,101.1,6566144.982
1.7,150,3,101.2,4815172.987
1.7,150,3,101.3,4377429.988
1.7,150,3,101.4,1750971.995
1.7,150,3,101.5,4815172.987
1.7,150,3,101.6,3064200.992
1.7,150,3,101.7,3501943.99
1.7,150,3,101.8,3939686.989
1.7,150,3,101.9,6566144.982
1.7,150,3,102,1750971.995
1.7,150,3,102.1,5252915.986
1.7,150,3,102.2,3939686.989
1.7,150,3,102.3,4815172.987
1.7,150,3,102.4,4815172.987
1.7,150,3,102.5,4815172.987
1.7,150,3,102.6,7441630.98
1.7,150,3,102.7,5252915.986
1.7,150,3,102.8,5252915.986
1.7,150,3,102.9,2626457.993
1.7,150,3,103,3064200.992
1.7,150,3,103.1,5690658.984
1.7,150,3,103.2,3501943.99
1.7,150,3,103.3,5252915.986
1.7,150,3,103.4,4377429.988
1.7,150,3,103.5,1750971.995
1.7,150,3,103.6,4815172.987
1.7,150,3,103.7,3064200.992
1.7,150,3,103.8,4377429.988
1.7,150,3,103.9,4377429.988
1.7,150,3,104,2626457.993
1.7,150,3,104.1,2626457.993
1.7,150,3,104.2,2188714.994
1.7,150,3,104.3,2626457.993
1.7,150,3,104.4,3939686.989
1.7,150,3,104.5,4815172.987
1.7,150,3,104.6,3939686.989
1.7,150,3,104.7,2626457.993
1.7,150,3,104.8,1750971.995
1.7,150,3,104.9,5690658.984
1.7,150,3,105,3939686.989
1.7,150,3,105.1,3501943.99
1.7,150,3,105.2,1750971.995
1.7,150,3,105.3,4377429.988
1.7,150,3,105.4,3939686.989
1.7,150,3,105.5,2188714.994
1.7,150,3,105.6,5690658.984
1.7,150,3,105.7,1750971.995
1.7,150,3,105.8,4377429.988
1.7,150,3,105.9,3939686.989
1.7,150,3,106,4377429.988
1.7,150,3,106.1,1750971.995
1.7,150,3,106.2,1750971.995
1.7,150,3,106.3,4377429.988
1.7,150,3,106.4,4815172.987
1.7,150,3,106.5,3501943.99
1.7,150,3,106.6,2626457.993
1.7,150,3,106.7,3064200.992
1.7,150,3,106.8,2188714.994
1.7,150,3,106.9,4815172.987
1.7,150,3,107,3501943.99
1.7,150,3,107.1,3501943.99
1.7,150,3,107.2,5252915.986
1.7,150,3,107.3,3939686.989
1.7,150,3,107.4,4377429.988
1.7,150,3,107.5,3064200.992
1.7,150,3,107.6,3939686.989
1.7,150,3,107.7,3064200.992
1.7,150,3,107.8,2188714.994
1.7,150,3,107.9,2188714.994
1.7,150,3,108,1750971.995
1.7,150,3,108.1,3501943.99
1.7,150,3,108.2,1750971.995
1.7,150,3,108.3,5690658.984
1.7,150,3,108.4,3064200.992
1.7,150,3,108.5,4815172.987
1.7,150,3,108.6,3501943.99
1.7,150,3,108.7,4815172.987
1.7,150,3,108.8,2626457.993
1.7,150,3,108.9,3064200.992
1.7,150,3,109,3501943.99
1.7,150,3,109.1,3939686.989
1.7,150,3,109.2,3501943.99
1.7,150,3,109.3,3501943.99
1.7,150,3,109.4,3064200.992
1.7,150,3,109.5,4377429.988
1.7,150,3,109.6,4815172.987
1.7,150,3,109.7,4815172.987
1.7,150,3,109.8,3501943.99
1.7,150,3,109.9,3501943.99
1.7,150,3,110,4815172.987
1.7,150,3,110.1,2626457.993
1.7,150,3,110.2,2188714.994
1.7,150,3,110.3,3064200.992
1.7,150,3,110.4,1313228.996
1.7,150,3,110.5,5690658.984
1.7,150,3,110.6,1750971.995
1.7,150,3,110.7,3064200.992
1.7,150,3,110.8,3064200.992
1.7,150,3,110.9,5252915.986
1.7,150,3,111,1750971.995
1.7,150,3,111.1,4377429.988
1.7,150,3,111.2,1750971.995
1.7,150,3,111.3,3064200.992
1.7,150,3,111.4,2188714.994
1.7,150,3,111.5,5252915.986
1.7,150,3,111.6,4377429.988
1.7,150,3,111.7,2188714.994
1.7,150,3,111.8,6128401.983
1.7,150,3,111.9,3501943.99
1.7,150,3,112,3501943.99
1.7,150,3,112.1,2188714.994
1.7,150,3,112.2,3501943.99
1.7,150,3,112.3,875485.9976
1.7,150,3,112.4,2626457.993
1.7,150,3,112.5,2626457.993
1.7,150,3,112.6,2188714.994
1.7,150,3,112.7,1750971.995
1.7,150,3,112.8,3501943.99
1.7,150,3,112.9,4377429.988
1.7,150,3,113,4377429.988
1.7,150,3,113.1,3939686.989
1.7,150,3,113.2,3501943.99
1.7,150,3,113.3,3939686.989
1.7,150,3,113.4,4377429.988
1.7,150,3,113.5,3501943.99
1.7,150,3,113.6,3939686.989
1.7,150,3,113.7,4377429.988
1.7,150,3,113.8,4377429.988
1.7,150,3,113.9,2188714.994
1.7,150,3,114,3501943.99
1.7,150,3,114.1,3501943.99
1.7,150,3,114.2,2626457.993
1.7,150,3,114.3,4815172.987
1.7,150,3,114.4,2188714.994
1.7,150,3,114.5,2188714.994
1.7,150,3,114.6,3064200.992
1.7,150,3,114.7,2188714.994
1.7,150,3,114.8,1750971.995
1.7,150,3,114.9,3501943.99
1.7,150,3,115,4377429.988
1.7,150,3,115.1,3939686.989
1.7,150,3,115.2,3939686.989
1.7,150,3,115.3,2626457.993
1.7,150,3,115.4,2626457.993
1.7,150,3,115.5,3501943.99
1.7,150,3,115.6,4815172.987
1.7,150,3,115.7,3064200.992
1.7,150,3,115.8,2626457.993
1.7,150,3,115.9,1313228.996
1.7,150,3,116,3939686.989
1.7,150,3,116.1,4377429.988
1.7,150,3,116.2,2626457.993
1.7,150,3,116.3,3939686.989
1.7,150,3,116.4,4377429.988
1.7,150,3,116.5,2626457.993
1.7,150,3,116.6,2626457.993
1.7,150,3,116.7,3064200.992
1.7,150,3,116.8,3501943.99
1.7,150,3,116.9,4377429.988
1.7,150,3,117,1750971.995
1.7,150,3,117.1,4377429.988
1.7,150,3,117.2,2188714.994
1.7,150,3,117.3,2626457.993
1.7,150,3,117.4,3064200.992
1.7,150,3,117.5,1750971.995
1.7,150,3,117.6,2188714.994
1.7,150,3,117.7,2626457.993
1.7,150,3,117.8,1750971.995
1.7,150,3,117.9,3939686.989
1.7,150,3,118,3939686.989
1.7,150,3,118.1,1313228.996
1.7,150,3,118.2,1750971.995
1.7,150,3,118.3,3064200.992
1.7,150,3,118.4,4815172.987
1.7,150,3,118.5,3064200.992
1.7,150,3,118.6,4377429.988
1.7,150,3,118.7,4377429.988
1.7,150,3,118.8,3064200.992
1.7,150,3,118.9,3501943.99
1.7,150,3,119,3064200.992
1.7,150,3,119.1,1313228.996
1.7,150,3,119.2,4377429.988
1.7,150,3,119.3,1750971.995
1.7,150,3,119.4,2626457.993
1.7,150,3,119.5,2626457.993
1.7,150,3,119.6,1750971.995
1.7,150,3,119.7,3064200.992
1.7,150,3,119.8,2626457.993
1.7,150,3,119.9,2188714.994
1.7,150,3,120,2188714.994
1.7,150,3,120.1,3501943.99
1.7,150,3,120.2,3064200.992
1.7,150,3,120.3,3064200.992
1.7,150,3,120.4,3501943.99
1.7,150,3,120.5,2188714.994
1.7,150,3,120.6,3064200.992
1.7,150,3,120.7,3939686.989
1.7,150,3,120.8,2188714.994
1.7,150,3,120.9,1313228.996
1.7,150,3,121,1750971.995
1.7,150,3,121.1,1750971.995
1.7,150,3,121.2,1750971.995
1.7,150,3,121.3,3064200.992
1.7,150,3,121.4,2626457.993
1.7,150,3,121.5,3501943.99
1.7,150,3,121.6,3064200.992
1.7,150,3,121.7,4377429.988
1.7,150,3,121.8,4377429.988
1.7,150,3,121.9,1750971.995
1.7,150,3,122,3064200.992
1.7,150,3,122.1,2188714.994
1.7,150,3,122.2,3501943.99
1.7,150,3,122.3,3064200.992
1.7,150,3,122.4,875485.9976
1.7,150,3,122.5,5690658.984
1.7,150,3,122.6,1750971.995
1.7,150,3,122.7,2626457.993
1.7,150,3,122.8,3501943.99
1.7,150,3,122.9,1750971.995
1.7,150,3,123,3501943.99
1.7,150,3,123.1,3064200.992
1.7,150,3,123.2,3064200.992
1.7,150,3,123.3,2626457.993
1.7,150,3,123.4,1750971.995
1.7,150,3,123.5,2626457.993
1.7,150,3,123.6,1750971.995
1.7,150,3,123.7,3501943.99
1.7,150,3,123.8,1750971.995
1.7,150,3,123.9,4377429.988
1.7,150,3,124,4815172.987
1.7,150,3,124.1,1313228.996
1.7,150,3,124.2,1313228.996
1.7,150,3,124.3,3501943.99
1.7,150,3,124.4,3064200.992
1.7,150,3,124.5,3064200.992
1.7,150,3,124.6,2188714.994
1.7,150,3,124.7,3501943.99
1.7,150,3,124.8,2188714.994
1.7,150,3,124.9,3939686.989
1.7,150,3,125,3064200.992
1.7,150,3,125.1,1750971.995
1.7,150,3,125.2,2188714.994
1.7,150,3,125.3,3064200.992
1.7,150,3,125.4,1750971.995
1.7,150,3,125.5,3064200.992
1.7,150,3,125.6,3064200.992
1.7,150,3,125.7,2626457.993
1.7,150,3,125.8,2188714.994
1.7,150,3,125.9,2188714.994
1.7,150,3,126,3064200.992
1.7,150,3,126.1,2188714.994
1.7,150,3,126.2,1313228.996
1.7,150,3,126.3,3064200.992
1.7,150,3,126.4,3501943.99
1.7,150,3,126.5,3064200.992
1.7,150,3,126.6,2626457.993
1.7,150,3,126.7,2626457.993
1.7,150,3,126.8,3064200.992
1.7,150,3,126.9,2626457.993
1.7,150,3,127,1750971.995
1.7,150,3,127.1,2626457.993
1.7,150,3,127.2,1750971.995
1.7,150,3,127.3,875485.9976
1.7,150,3,127.4,2626457.993
1.7,150,3,127.6,2626457.993
1.7,150,3,127.7,1750971.995
1.7,150,3,127.8,1750971.995
1.7,150,3,127.9,1313228.996
1.7,150,3,128,3939686.989
1.7,150,3,128.1,2188714.994
1.7,150,3,128.2,2626457.993
1.7,150,3,128.3,1313228.996
1.7,150,3,128.4,3064200.992
1.7,150,3,128.5,2188714.994
1.7,150,3,128.6,4815172.987
1.7,150,3,128.7,4377429.988
1.7,150,3,128.8,1750971.995
1.7,150,3,128.9,2626457.993
1.7,150,3,129,2626457.993
1.7,150,3,129.1,2188714.994
1.7,150,3,129.2,875485.9976
1.7,150,3,129.3,2188714.994
1.7,150,3,129.4,1313228.996
1.7,150,3,129.5,1750971.995
1.7,150,3,129.6,3064200.992
1.7,150,3,129.7,1313228.996
1.7,150,3,129.8,1750971.995
1.7,150,3,129.9,3064200.992
1.7,150,3,130,437742.9988
1.7,150,3,130.1,3939686.989
1.7,150,3,130.2,3064200.992
1.7,150,3,130.3,2188714.994
1.7,150,3,130.4,2626457.993
1.7,150,3,130.5,1313228.996
1.7,150,3,130.6,1750971.995
1.7,150,3,130.7,3501943.99
1.7,150,3,130.8,1750971.995
1.7,150,3,130.9,1313228.996
1.7,150,3,131,2188714.994
1.7,150,3,131.1,2188714.994
1.7,150,3,131.2,2188714.994
1.7,150,3,131.3,1750971.995
1.7,150,3,131.4,2626457.993
1.7,150,3,131.5,3939686.989
1.7,150,3,131.6,3501943.99
1.7,150,3,131.7,1313228.996
1.7,150,3,131.8,875485.9976
1.7,150,3,131.9,2626457.993
1.7,150,3,132,2188714.994
1.7,150,3,132.1,3064200.992
1.7,150,3,132.2,875485.9976
1.7,150,3,132.3,2626457.993
1.7,150,3,132.4,1313228.996
1.7,150,3,132.5,2626457.993
1.7,150,3,132.6,875485.9976
1.7,150,3,132.7,2188714.994
1.7,150,3,132.8,2626457.993
1.7,150,3,132.9,3501943.99
1.7,150,3,133,4815172.987
1.7,150,3,133.1,3501943.99
1.7,150,3,133.2,1313228.996
1.7,150,3,133.3,1750971.995
1.7,150,3,133.4,1750971.995
1.7,150,3,133.5,4377429.988
1.7,150,3,133.6,437742.9988
1.7,150,3,133.7,2626457.993
1.7,150,3,133.8,3501943.99
1.7,150,3,133.9,875485.9976
1.7,150,3,134,1750971.995
1.7,150,3,134.1,1313228.996
1.7,150,3,134.2,2626457.993
1.7,150,3,134.3,1750971.995
1.7,150,3,134.4,2626457.993
1.7,150,3,134.5,3501943.99
1.7,150,3,134.6,3501943.99
1.7,150,3,134.7,2626457.993
1.7,150,3,134.8,1313228.996
1.7,150,3,134.9,1313228.996
1.7,150,3,135,2626457.993
1.7,150,3,135.1,3939686.989
1.7,150,3,135.2,2626457.993
1.7,150,3,135.3,3939686.989
1.7,150,3,135.4,3064200.992
1.7,150,3,135.5,1750971.995
1.7,150,3,135.6,2188714.994
1.7,150,3,135.7,1313228.996
1.7,150,3,135.8,3939686.989
1.7,150,3,135.9,3064200.992
1.7,150,3,136,437742.9988
1.7,150,3,136.1,875485.9976
1.7,150,3,136.2,1750971.995
1.7,150,3,136.3,1313228.996
1.7,150,3,136.4,2188714.994
1.7,150,3,136.5,2626457.993
1.7,150,3,136.6,2188714.994
1.7,150,3,136.7,3064200.992
1.7,150,3,136.8,1313228.996
1.7,150,3,136.9,875485.9976
1.7,150,3,137,2188714.994
1.7,150,3,137.1,2188714.994
1.7,150,3,137.2,1313228.996
1.7,150,3,137.3,875485.9976
1.7,150,3,137.4,3064200.992
1.7,150,3,137.5,1313228.996
1.7,150,3,137.6,2188714.994
1.7,150,3,137.7,1750971.995
1.7,150,3,137.8,1313228.996
1.7,150,3,137.9,1313228.996
1.7,150,3,138,1750971.995
1.7,150,3,138.1,1750971.995
1.7,150,3,138.2,1750971.995
1.7,150,3,138.3,1750971.995
1.7,150,3,138.4,1313228.996
1.7,150,3,138.5,2188714.994
1.7,150,3,138.6,1313228.996
1.7,150,3,138.7,1313228.996
1.7,150,3,138.8,3064200.992
1.7,150,3,138.9,875485.9976
1.7,150,3,139,1750971.995
1.7,150,3,139.1,1750971.995
1.7,150,3,139.2,1750971.995
1.7,150,3,139.3,1750971.995
1.7,150,3,139.4,2188714.994
1.7,150,3,139.5,1750971.995
1.7,150,3,139.6,1750971.995
1.7,150,3,139.7,2626457.993
1.7,150,3,139.8,1313228.996
1.7,150,3,139.9,1313228.996
1.7,150,3,140,1750971.995
1.7,150,3,140.1,2188714.994
1.7,150,3,140.2,1313228.996
1.7,150,3,140.3,2626457.993
1.7,150,3,140.4,1313228.996
1.7,150,3,140.5,1750971.995
1.7,150,3,140.6,1750971.995
1.7,150,3,140.7,875485.9976
1.7,150,3,140.8,1313228.996
1.7,150,3,140.9,1313228.996
1.7,150,3,141,437742.9988
1.7,150,3,141.1,875485.9976
1.7,150,3,141.2,3064200.992
1.7,150,3,141.3,2626457.993
1.7,150,3,141.4,437742.9988
1.7,150,3,141.5,1313228.996
1.7,150,3,141.6,1313228.996
1.7,150,3,141.8,2626457.993
1.7,150,3,141.9,1750971.995
1.7,150,3,142,1313228.996
1.7,150,3,142.1,875485.9976
1.7,150,3,142.2,437742.9988
1.7,150,3,142.3,1750971.995
1.7,150,3,142.4,1313228.996
1.7,150,3,142.5,1750971.995
1.7,150,3,142.6,875485.9976
1.7,150,3,142.7,1313228.996
1.7,150,3,142.9,875485.9976
1.7,150,3,143,2188714.994
1.7,150,3,143.1,437742.9988
1.7,150,3,143.2,875485.9976
1.7,150,3,143.3,437742.9988
1.7,150,3,143.4,2188714.994
1.7,150,3,143.5,1750971.995
1.7,150,3,143.6,1313228.996
1.7,150,3,143.7,1313228.996
1.7,150,3,143.8,1750971.995
1.7,150,3,144,1750971.995
1.7,150,3,144.1,875485.9976
1.7,150,3,144.2,875485.9976
1.7,150,3,144.3,1750971.995
1.7,150,3,144.4,2626457.993
1.7,150,3,144.6,437742.9988
1.7,150,3,144.7,1313228.996
1.7,150,3,144.8,875485.9976
1.7,150,3,144.9,2188714.994
1.7,150,3,145,875485.9976
1.7,150,3,145.1,1313228.996
1.7,150,3,145.2,2626457.993
1.7,150,3,145.3,875485.9976
1.7,150,3,145.4,1750971.995
1.7,150,3,145.5,437742.9988
1.7,150,3,145.6,437742.9988
1.7,150,3,145.7,437742.9988
1.7,150,3,145.8,2188714.994
1.7,150,3,145.9,875485.9976
1.7,150,3,146,1313228.996
1.7,150,3,146.1,1313228.996
1.7,150,3,146.2,875485.9976
1.7,150,3,146.3,1313228.996
1.7,150,3,146.6,437742.9988
1.7,150,3,146.7,875485.9976
1.7,150,3,146.8,875485.9976
1.7,150,3,146.9,437742.9988
1.7,150,3,147,437742.9988
1.7,150,3,147.1,437742.9988
1.7,150,3,147.2,1313228.996
1.7,150,3,147.3,875485.9976
1.7,150,3,147.4,1313228.996
1.7,150,3,147.5,1750971.995
1.7,150,3,147.6,437742.9988
1.7,150,3,147.8,437742.9988
1.7,150,3,148,437742.9988
1.7,150,3,148.1,437742.9988
1.7,150,3,148.6,1313228.996
1.7,150,3,148.8,875485.9976
1.7,150,3,148.9,875485.9976
1.7,150,3,149,437742.9988
1.7,150,3,149.1,437742.9988
1.7,150,3,149.2,1750971.995
1.7,150,3,149.3,437742.9988
1.7,40,5,5.2,945387.3665
1.7,40,5,5.3,236346.8416
1.7,40,5,5.4,236346.8416
1.7,40,5,5.5,472693.6833
1.7,40,5,5.6,472693.6833
1.7,40,5,5.7,709040.5249
1.7,40,5,5.8,1181734.208
1.7,40,5,5.9,709040.5249
1.7,40,5,6,945387.3665
1.7,40,5,6.1,1418081.05
1.7,40,5,6.2,709040.5249
1.7,40,5,6.3,1654427.891
1.7,40,5,6.4,1418081.05
1.7,40,5,6.5,2836162.1
1.7,40,5,6.6,4254243.149
1.7,40,5,6.7,1654427.891
1.7,40,5,6.8,3308855.783
1.7,40,5,6.9,2363468.416
1.7,40,5,7,3545202.624
1.7,40,5,7.1,2836162.1
1.7,40,5,7.2,4963283.674
1.7,40,5,7.3,5435977.357
1.7,40,5,7.4,12290035.76
1.7,40,5,7.5,6381364.724
1.7,40,5,7.6,6617711.566
1.7,40,5,7.7,9453873.665
1.7,40,5,7.8,5908671.041
1.7,40,5,7.9,8272139.457
1.7,40,5,8,5908671.041
1.7,40,5,8.1,8272139.457
1.7,40,5,8.2,8508486.299
1.7,40,5,8.3,37342800.98
1.7,40,5,8.4,231619904.8
1.7,40,5,8.5,9453873.665
1.7,40,5,8.6,10162914.19
1.7,40,5,8.7,9926567.348
1.7,40,5,8.8,16544278.91
1.7,40,5,8.9,10162914.19
1.7,40,5,9,9690220.507
1.7,40,5,9.1,13235423.13
1.7,40,5,9.2,11108301.56
1.7,40,5,9.3,11344648.4
1.7,40,5,9.4,14180810.5
1.7,40,5,9.5,22452949.95
1.7,40,5,9.6,17253319.44
1.7,40,5,9.7,176078397
1.7,40,5,9.8,29543355.2
1.7,40,5,9.9,19144094.17
1.7,40,5,10,85793903.51
1.7,40,5,10.1,16071585.23
1.7,40,5,10.2,14653504.18
1.7,40,5,10.3,2363468.416
1.7,40,5,10.4,4963283.674
1.7,40,5,10.5,5908671.041
1.7,40,5,10.6,5435977.357
1.7,40,5,10.7,4254243.149
1.7,40,5,10.8,7563098.932
1.7,40,5,10.9,5672324.199
1.7,40,5,11,8744833.14
1.7,40,5,11.1,7563098.932
1.7,40,5,11.2,3308855.783
1.7,40,5,11.3,22452949.95
1.7,40,5,11.4,5199630.516
1.7,40,5,11.5,8272139.457
1.7,40,5,11.6,4963283.674
1.7,40,5,11.7,4017896.308
1.7,40,5,11.8,6381364.724
1.7,40,5,11.9,4017896.308
1.7,40,5,12,4963283.674
1.7,40,5,12.1,4254243.149
1.7,40,5,12.2,3781549.466
1.7,40,5,12.3,3072508.941
1.7,40,5,12.4,5672324.199
1.7,40,5,12.5,2836162.1
1.7,40,5,12.6,4726936.833
1.7,40,5,12.7,5435977.357
1.7,40,5,12.8,3545202.624
1.7,40,5,12.9,3545202.624
1.7,40,5,13,4490589.991
1.7,40,5,13.1,3545202.624
1.7,40,5,13.2,4726936.833
1.7,40,5,13.3,4726936.833
1.7,40,5,13.4,3308855.783
1.7,40,5,13.5,5435977.357
1.7,40,5,13.6,4490589.991
1.7,40,5,13.7,4963283.674
1.7,40,5,13.8,5199630.516
1.7,40,5,13.9,5672324.199
1.7,40,5,14,5908671.041
1.7,40,5,14.1,7090405.249
1.7,40,5,14.2,5672324.199
1.7,40,5,14.3,5672324.199
1.7,40,5,14.4,3545202.624
1.7,40,5,14.5,5199630.516
1.7,40,5,14.6,6617711.566
1.7,40,5,14.7,4254243.149
1.7,40,5,14.8,5672324.199
1.7,40,5,14.9,7563098.932
1.7,40,5,15,7090405.249
1.7,40,5,15.1,8035792.615
1.7,40,5,15.2,8035792.615
1.7,40,5,15.3,8035792.615
1.7,40,5,15.4,6381364.724
1.7,40,5,15.5,7090405.249
1.7,40,5,15.6,4726936.833
1.7,40,5,15.7,7799445.774
1.7,40,5,15.8,5435977.357
1.7,40,5,15.9,10399261.03
1.7,40,5,16,7563098.932
1.7,40,5,16.1,6617711.566
1.7,40,5,16.2,5199630.516
1.7,40,5,16.3,8035792.615
1.7,40,5,16.4,6854058.407
1.7,40,5,16.5,6617711.566
1.7,40,5,16.6,7326752.09
1.7,40,5,16.7,8744833.14
1.7,40,5,16.8,6854058.407
1.7,40,5,16.9,6854058.407
1.7,40,5,17,8508486.299
1.7,40,5,17.1,7799445.774
1.7,40,5,17.2,6381364.724
1.7,40,5,17.3,9690220.507
1.7,40,5,17.4,7563098.932
1.7,40,5,17.5,7090405.249
1.7,40,5,17.6,8272139.457
1.7,40,5,17.7,8744833.14
1.7,40,5,17.8,9926567.348
1.7,40,5,17.9,8744833.14
1.7,40,5,18,7326752.09
1.7,40,5,18.1,6854058.407
1.7,40,5,18.2,5435977.357
1.7,40,5,18.3,6617711.566
1.7,40,5,18.4,11580995.24
1.7,40,5,18.5,6381364.724
1.7,40,5,18.6,5199630.516
1.7,40,5,18.7,7090405.249
1.7,40,5,18.8,7799445.774
1.7,40,5,18.9,7799445.774
1.7,40,5,19,8272139.457
1.7,40,5,19.1,7090405.249
1.7,40,5,19.2,10399261.03
1.7,40,5,19.3,13235423.13
1.7,40,5,19.4,8981179.982
1.7,40,5,19.5,6854058.407
1.7,40,5,19.6,9453873.665
1.7,40,5,19.7,6381364.724
1.7,40,5,19.8,5435977.357
1.7,40,5,19.9,7799445.774
1.7,40,5,20,8272139.457
1.7,40,5,20.1,6145017.882
1.7,40,5,20.2,8508486.299
1.7,40,5,20.3,6617711.566
1.7,40,5,20.4,9926567.348
1.7,40,5,20.5,10399261.03
1.7,40,5,20.6,6854058.407
1.7,40,5,20.7,6145017.882
1.7,40,5,20.8,7799445.774
1.7,40,5,20.9,6617711.566
1.7,40,5,21,7326752.09
1.7,40,5,21.1,9926567.348
1.7,40,5,21.2,4254243.149
1.7,40,5,21.3,7326752.09
1.7,40,5,21.4,8035792.615
1.7,40,5,21.5,5199630.516
1.7,40,5,21.6,7563098.932
1.7,40,5,21.7,8508486.299
1.7,40,5,21.8,6617711.566
1.7,40,5,21.9,7799445.774
1.7,40,5,22,10399261.03
1.7,40,5,22.1,4726936.833
1.7,40,5,22.2,6145017.882
1.7,40,5,22.3,6145017.882
1.7,40,5,22.4,8035792.615
1.7,40,5,22.5,6617711.566
1.7,40,5,22.6,8744833.14
1.7,40,5,22.7,8981179.982
1.7,40,5,22.8,6617711.566
1.7,40,5,22.9,6617711.566
1.7,40,5,23,8035792.615
1.7,40,5,23.1,6854058.407
1.7,40,5,23.2,8035792.615
1.7,40,5,23.3,6145017.882
1.7,40,5,23.4,5199630.516
1.7,40,5,23.5,6617711.566
1.7,40,5,23.6,7799445.774
1.7,40,5,23.7,6145017.882
1.7,40,5,23.8,6145017.882
1.7,40,5,23.9,7799445.774
1.7,40,5,24,7799445.774
1.7,40,5,24.1,6617711.566
1.7,40,5,24.2,8035792.615
1.7,40,5,24.3,7563098.932
1.7,40,5,24.4,8744833.14
1.7,40,5,24.5,6617711.566
1.7,40,5,24.6,9453873.665
1.7,40,5,24.7,5199630.516
1.7,40,5,24.8,5435977.357
1.7,40,5,24.9,6381364.724
1.7,40,5,25,4490589.991
1.7,40,5,25.1,6617711.566
1.7,40,5,25.2,7563098.932
1.7,40,5,25.3,4963283.674
1.7,40,5,25.4,6854058.407
1.7,40,5,25.5,5908671.041
1.7,40,5,25.6,6381364.724
1.7,40,5,25.7,5908671.041
1.7,40,5,25.8,9217526.823
1.7,40,5,25.9,5672324.199
1.7,40,5,26,6617711.566
1.7,40,5,26.1,6617711.566
1.7,40,5,26.2,6381364.724
1.7,40,5,26.3,3308855.783
1.7,40,5,26.4,6854058.407
1.7,40,5,26.5,5435977.357
1.7,40,5,26.6,4963283.674
1.7,40,5,26.7,8035792.615
1.7,40,5,26.8,5435977.357
1.7,40,5,26.9,4726936.833
1.7,40,5,27,4490589.991
1.7,40,5,27.1,5199630.516
1.7,40,5,27.2,5435977.357
1.7,40,5,27.3,6854058.407
1.7,40,5,27.4,5199630.516
1.7,40,5,27.5,3545202.624
1.7,40,5,27.6,4254243.149
1.7,40,5,27.7,6617711.566
1.7,40,5,27.8,3308855.783
1.7,40,5,27.9,5435977.357
1.7,40,5,28,2836162.1
1.7,40,5,28.1,4726936.833
1.7,40,5,28.2,5672324.199
1.7,40,5,28.3,5908671.041
1.7,40,5,28.4,5199630.516
1.7,40,5,28.5,6617711.566
1.7,40,5,28.6,5199630.516
1.7,40,5,28.7,5908671.041
1.7,40,5,28.8,5199630.516
1.7,40,5,28.9,5672324.199
1.7,40,5,29,6381364.724
1.7,40,5,29.1,8035792.615
1.7,40,5,29.2,4726936.833
1.7,40,5,29.3,3072508.941
1.7,40,5,29.4,4726936.833
1.7,40,5,29.5,7326752.09
1.7,40,5,29.6,4963283.674
1.7,40,5,29.7,6381364.724
1.7,40,5,29.8,4254243.149
1.7,40,5,29.9,5435977.357
1.7,40,5,30,5908671.041
1.7,40,5,30.1,5435977.357
1.7,40,5,30.2,5435977.357
1.7,40,5,30.3,6145017.882
1.7,40,5,30.4,5435977.357
1.7,40,5,30.5,4726936.833
1.7,40,5,30.6,4963283.674
1.7,40,5,30.7,5199630.516
1.7,40,5,30.8,4254243.149
1.7,40,5,30.9,4254243.149
1.7,40,5,31,3308855.783
1.7,40,5,31.1,3308855.783
1.7,40,5,31.2,4726936.833
1.7,40,5,31.3,5435977.357
1.7,40,5,31.4,5908671.041
1.7,40,5,31.5,4963283.674
1.7,40,5,31.6,3545202.624
1.7,40,5,31.7,1654427.891
1.7,40,5,31.8,3308855.783
1.7,40,5,31.9,3781549.466
1.7,40,5,32,3781549.466
1.7,40,5,32.1,3308855.783
1.7,40,5,32.2,5908671.041
1.7,40,5,32.3,4490589.991
1.7,40,5,32.4,4254243.149
1.7,40,5,32.5,2363468.416
1.7,40,5,32.6,5908671.041
1.7,40,5,32.7,3781549.466
1.7,40,5,32.8,3545202.624
1.7,40,5,32.9,5435977.357
1.7,40,5,33,3308855.783
1.7,40,5,33.1,1654427.891
1.7,40,5,33.2,2599815.258
1.7,40,5,33.3,4726936.833
1.7,40,5,33.4,3072508.941
1.7,40,5,33.5,2363468.416
1.7,40,5,33.6,4254243.149
1.7,40,5,33.7,3781549.466
1.7,40,5,33.8,3308855.783
1.7,40,5,33.9,2836162.1
1.7,40,5,34,3308855.783
1.7,40,5,34.1,2363468.416
1.7,40,5,34.2,4017896.308
1.7,40,5,34.3,4490589.991
1.7,40,5,34.4,3308855.783
1.7,40,5,34.5,2599815.258
1.7,40,5,34.6,1654427.891
1.7,40,5,34.7,2363468.416
1.7,40,5,34.8,4017896.308
1.7,40,5,34.9,2363468.416
1.7,40,5,35,3545202.624
1.7,40,5,35.1,2599815.258
1.7,40,5,35.2,4017896.308
1.7,40,5,35.3,2363468.416
1.7,40,5,35.4,2599815.258
1.7,40,5,35.5,3072508.941
1.7,40,5,35.6,2127121.575
1.7,40,5,35.7,2836162.1
1.7,40,5,35.8,2127121.575
1.7,40,5,35.9,1890774.733
1.7,40,5,36,1418081.05
1.7,40,5,36.1,2836162.1
1.7,40,5,36.2,2127121.575
1.7,40,5,36.3,1418081.05
1.7,40,5,36.4,2599815.258
1.7,40,5,36.5,2127121.575
1.7,40,5,36.6,3781549.466
1.7,40,5,36.7,1654427.891
1.7,40,5,36.8,2127121.575
1.7,40,5,36.9,1181734.208
1.7,40,5,37,2363468.416
1.7,40,5,37.1,1418081.05
1.7,40,5,37.2,1890774.733
1.7,40,5,37.3,2127121.575
1.7,40,5,37.4,2127121.575
1.7,40,5,37.5,1890774.733
1.7,40,5,37.6,1181734.208
1.7,40,5,37.7,1890774.733
1.7,40,5,37.8,709040.5249
1.7,40,5,37.9,1654427.891
1.7,40,5,38,2836162.1
1.7,40,5,38.1,1181734.208
1.7,40,5,38.2,1654427.891
1.7,40,5,38.3,1181734.208
1.7,40,5,38.4,945387.3665
1.7,40,5,38.5,1890774.733
1.7,40,5,38.6,1654427.891
1.7,40,5,38.7,709040.5249
1.7,40,5,38.8,1890774.733
1.7,40,5,38.9,1654427.891
1.7,40,5,39,1181734.208
1.7,40,5,39.1,1418081.05
1.7,40,5,39.2,2127121.575
1.7,40,5,39.3,472693.6833
1.7,40,5,39.4,236346.8416
1.7,40,5,39.5,945387.3665
1.7,40,5,39.6,472693.6833
1.7,40,5,39.7,472693.6833
1.7,40,5,39.8,472693.6833
1.7,40,5,39.9,709040.5249
1.7,80,5,3.8,361137.974
1.7,80,5,4.2,722275.948
1.7,80,5,4.4,361137.974
1.7,80,5,4.5,361137.974
1.7,80,5,4.6,722275.948
1.7,80,5,4.7,1444551.896
1.7,80,5,4.8,1444551.896
1.7,80,5,4.9,1444551.896
1.7,80,5,5,2166827.844
1.7,80,5,5.1,1805689.87
1.7,80,5,5.2,1083413.922
1.7,80,5,5.3,3250241.766
1.7,80,5,5.4,2889103.792
1.7,80,5,5.5,2889103.792
1.7,80,5,5.6,3611379.74
1.7,80,5,5.7,6139345.558
1.7,80,5,5.8,7583897.454
1.7,80,5,5.9,6500483.532
1.7,80,5,6,4333655.688
1.7,80,5,6.1,8306173.402
1.7,80,5,6.2,8667311.376
1.7,80,5,6.3,7222759.48
1.7,80,5,6.4,8306173.402
1.7,80,5,6.5,12278691.12
1.7,80,5,6.6,14084380.99
1.7,80,5,6.7,14084380.99
1.7,80,5,6.8,11917553.14
1.7,80,5,6.9,18056898.7
1.7,80,5,7,15167794.91
1.7,80,5,7.1,22390554.39
1.7,80,5,7.2,14806656.93
1.7,80,5,7.3,21307140.47
1.7,80,5,7.4,52726144.2
1.7,80,5,7.5,20223726.54
1.7,80,5,7.6,18056898.7
1.7,80,5,7.7,23835106.28
1.7,80,5,7.8,31057865.76
1.7,80,5,7.9,21668278.44
1.7,80,5,8,27085348.05
1.7,80,5,8.1,24918520.21
1.7,80,5,8.2,30335589.82
1.7,80,5,8.3,138315844
1.7,80,5,8.4,1081969370
1.7,80,5,8.5,36474935.37
1.7,80,5,8.6,31419003.74
1.7,80,5,8.7,31419003.74
1.7,80,5,8.8,55254110.02
1.7,80,5,8.9,39364039.17
1.7,80,5,9,36474935.37
1.7,80,5,9.1,36836073.35
1.7,80,5,9.2,33585831.58
1.7,80,5,9.3,41169729.04
1.7,80,5,9.4,38641763.22
1.7,80,5,9.5,71866456.83
1.7,80,5,9.6,54892972.05
1.7,80,5,9.7,703857911.3
1.7,80,5,9.8,97146115.01
1.7,80,5,9.9,64643697.35
1.7,80,5,10,332608074.1
1.7,80,5,10.1,46586798.65
1.7,80,5,10.2,41169729.04
1.7,80,5,10.3,20946002.49
1.7,80,5,10.4,19140312.62
1.7,80,5,10.5,16251208.83
1.7,80,5,10.6,17695760.73
1.7,80,5,10.7,21307140.47
1.7,80,5,10.8,20584864.52
1.7,80,5,10.9,18779174.65
1.7,80,5,11,21307140.47
1.7,80,5,11.1,19501450.6
1.7,80,5,11.2,20223726.54
1.7,80,5,11.3,100396356.8
1.7,80,5,11.4,20584864.52
1.7,80,5,11.5,21668278.44
1.7,80,5,11.6,23835106.28
1.7,80,5,11.7,26001934.13
1.7,80,5,11.8,15167794.91
1.7,80,5,11.9,15167794.91
1.7,80,5,12,19501450.6
1.7,80,5,12.1,18418036.67
1.7,80,5,12.2,17695760.73
1.7,80,5,12.3,16612346.8
1.7,80,5,12.4,21307140.47
1.7,80,5,12.5,15167794.91
1.7,80,5,12.6,17334622.75
1.7,80,5,12.7,15890070.86
1.7,80,5,12.8,17334622.75
1.7,80,5,12.9,15890070.86
1.7,80,5,13,13362105.04
1.7,80,5,13.1,18779174.65
1.7,80,5,13.2,13723243.01
1.7,80,5,13.3,18056898.7
1.7,80,5,13.4,20946002.49
1.7,80,5,13.5,16612346.8
1.7,80,5,13.6,19501450.6
1.7,80,5,13.7,19501450.6
1.7,80,5,13.8,14445518.96
1.7,80,5,13.9,17695760.73
1.7,80,5,14,22751692.36
1.7,80,5,14.1,19140312.62
1.7,80,5,14.2,19862588.57
1.7,80,5,14.3,20584864.52
1.7,80,5,14.4,22751692.36
1.7,80,5,14.5,21307140.47
1.7,80,5,14.6,21668278.44
1.7,80,5,14.7,19862588.57
1.7,80,5,14.8,25279658.18
1.7,80,5,14.9,21307140.47
1.7,80,5,15,22029416.41
1.7,80,5,15.1,15890070.86
1.7,80,5,15.2,21668278.44
1.7,80,5,15.3,24196244.26
1.7,80,5,15.4,19140312.62
1.7,80,5,15.5,19501450.6
1.7,80,5,15.6,16612346.8
1.7,80,5,15.7,22390554.39
1.7,80,5,15.8,24196244.26
1.7,80,5,15.9,20584864.52
1.7,80,5,16,24918520.21
1.7,80,5,16.1,19140312.62
1.7,80,5,16.2,22029416.41
1.7,80,5,16.3,23473968.31
1.7,80,5,16.4,22029416.41
1.7,80,5,16.5,22751692.36
1.7,80,5,16.6,20946002.49
1.7,80,5,16.7,22751692.36
1.7,80,5,16.8,20946002.49
1.7,80,5,16.9,22029416.41
1.7,80,5,17,21307140.47
1.7,80,5,17.1,23112830.34
1.7,80,5,17.2,20584864.52
1.7,80,5,17.3,23835106.28
1.7,80,5,17.4,20223726.54
1.7,80,5,17.5,27085348.05
1.7,80,5,17.6,25640796.15
1.7,80,5,17.7,22751692.36
1.7,80,5,17.8,22029416.41
1.7,80,5,17.9,23835106.28
1.7,80,5,18,23112830.34
1.7,80,5,18.1,26724210.08
1.7,80,5,18.2,24918520.21
1.7,80,5,18.3,24196244.26
1.7,80,5,18.4,26363072.1
1.7,80,5,18.5,22029416.41
1.7,80,5,18.6,21668278.44
1.7,80,5,18.7,26001934.13
1.7,80,5,18.8,20946002.49
1.7,80,5,18.9,25640796.15
1.7,80,5,19,23835106.28
1.7,80,5,19.1,26001934.13
1.7,80,5,19.2,23112830.34
1.7,80,5,19.3,20223726.54
1.7,80,5,19.4,22390554.39
1.7,80,5,19.5,25279658.18
1.7,80,5,19.6,25640796.15
1.7,80,5,19.7,28168761.97
1.7,80,5,19.8,28529899.95
1.7,80,5,19.9,25640796.15
1.7,80,5,20,24557382.23
1.7,80,5,20.1,21668278.44
1.7,80,5,20.2,25640796.15
1.7,80,5,20.3,26001934.13
1.7,80,5,20.4,22390554.39
1.7,80,5,20.5,23112830.34
1.7,80,5,20.6,20223726.54
1.7,80,5,20.7,28529899.95
1.7,80,5,20.8,17334622.75
1.7,80,5,20.9,27085348.05
1.7,80,5,21,21668278.44
1.7,80,5,21.1,23835106.28
1.7,80,5,21.2,22029416.41
1.7,80,5,21.3,29974451.84
1.7,80,5,21.4,24196244.26
1.7,80,5,21.5,21307140.47
1.7,80,5,21.6,24196244.26
1.7,80,5,21.7,25640796.15
1.7,80,5,21.8,26363072.1
1.7,80,5,21.9,20946002.49
1.7,80,5,22,23112830.34
1.7,80,5,22.1,23473968.31
1.7,80,5,22.2,27085348.05
1.7,80,5,22.3,22751692.36
1.7,80,5,22.4,22029416.41
1.7,80,5,22.5,18056898.7
1.7,80,5,22.6,20223726.54
1.7,80,5,22.7,20584864.52
1.7,80,5,22.8,19862588.57
1.7,80,5,22.9,23112830.34
1.7,80,5,23,23112830.34
1.7,80,5,23.1,18418036.67
1.7,80,5,23.2,22390554.39
1.7,80,5,23.3,26363072.1
1.7,80,5,23.4,22029416.41
1.7,80,5,23.5,21307140.47
1.7,80,5,23.6,22390554.39
1.7,80,5,23.7,23473968.31
1.7,80,5,23.8,20584864.52
1.7,80,5,23.9,18418036.67
1.7,80,5,24,26363072.1
1.7,80,5,24.1,19862588.57
1.7,80,5,24.2,18779174.65
1.7,80,5,24.3,19140312.62
1.7,80,5,24.4,20223726.54
1.7,80,5,24.5,21668278.44
1.7,80,5,24.6,19862588.57
1.7,80,5,24.7,22029416.41
1.7,80,5,24.8,27807624
1.7,80,5,24.9,18779174.65
1.7,80,5,25,25640796.15
1.7,80,5,25.1,22390554.39
1.7,80,5,25.2,23835106.28
1.7,80,5,25.3,20584864.52
1.7,80,5,25.4,25279658.18
1.7,80,5,25.5,21307140.47
1.7,80,5,25.6,18779174.65
1.7,80,5,25.7,24196244.26
1.7,80,5,25.8,20946002.49
1.7,80,5,25.9,19862588.57
1.7,80,5,26,25640796.15
1.7,80,5,26.1,19501450.6
1.7,80,5,26.2,21668278.44
1.7,80,5,26.3,24918520.21
1.7,80,5,26.4,24918520.21
1.7,80,5,26.5,18779174.65
1.7,80,5,26.6,18056898.7
1.7,80,5,26.7,22029416.41
1.7,80,5,26.8,19501450.6
1.7,80,5,26.9,18418036.67
1.7,80,5,27,19501450.6
1.7,80,5,27.1,17695760.73
1.7,80,5,27.2,22029416.41
1.7,80,5,27.3,17334622.75
1.7,80,5,27.4,20223726.54
1.7,80,5,27.5,20223726.54
1.7,80,5,27.6,21668278.44
1.7,80,5,27.7,15528932.88
1.7,80,5,27.8,20946002.49
1.7,80,5,27.9,20584864.52
1.7,80,5,28,23473968.31
1.7,80,5,28.1,23473968.31
1.7,80,5,28.2,20946002.49
1.7,80,5,28.3,17334622.75
1.7,80,5,28.4,19140312.62
1.7,80,5,28.5,20946002.49
1.7,80,5,28.6,19140312.62
1.7,80,5,28.7,22751692.36
1.7,80,5,28.8,22751692.36
1.7,80,5,28.9,23473968.31
1.7,80,5,29,16973484.78
1.7,80,5,29.1,19501450.6
1.7,80,5,29.2,20946002.49
1.7,80,5,29.3,19140312.62
1.7,80,5,29.4,18418036.67
1.7,80,5,29.5,20223726.54
1.7,80,5,29.6,18418036.67
1.7,80,5,29.7,18779174.65
1.7,80,5,29.8,19862588.57
1.7,80,5,29.9,18779174.65
1.7,80,5,30,17334622.75
1.7,80,5,30.1,19501450.6
1.7,80,5,30.2,23473968.31
1.7,80,5,30.3,20223726.54
1.7,80,5,30.4,17695760.73
1.7,80,5,30.5,15528932.88
1.7,80,5,30.6,16251208.83
1.7,80,5,30.7,18418036.67
1.7,80,5,30.8,21668278.44
1.7,80,5,30.9,19140312.62
1.7,80,5,31,19862588.57
1.7,80,5,31.1,18418036.67
1.7,80,5,31.2,15890070.86
1.7,80,5,31.3,20946002.49
1.7,80,5,31.4,16973484.78
1.7,80,5,31.5,19140312.62
1.7,80,5,31.6,14084380.99
1.7,80,5,31.7,16973484.78
1.7,80,5,31.8,15528932.88
1.7,80,5,31.9,14445518.96
1.7,80,5,32,13362105.04
1.7,80,5,32.1,15890070.86
1.7,80,5,32.2,19501450.6
1.7,80,5,32.3,17334622.75
1.7,80,5,32.4,15890070.86
1.7,80,5,32.5,14806656.93
1.7,80,5,32.6,19501450.6
1.7,80,5,32.7,14445518.96
1.7,80,5,32.8,18418036.67
1.7,80,5,32.9,18418036.67
1.7,80,5,33,13000967.06
1.7,80,5,33.1,14084380.99
1.7,80,5,33.2,19140312.62
1.7,80,5,33.3,18056898.7
1.7,80,5,33.4,14445518.96
1.7,80,5,33.5,15528932.88
1.7,80,5,33.6,14806656.93
1.7,80,5,33.7,17695760.73
1.7,80,5,33.8,14806656.93
1.7,80,5,33.9,18056898.7
1.7,80,5,34,18056898.7
1.7,80,5,34.1,17334622.75
1.7,80,5,34.2,19862588.57
1.7,80,5,34.3,15890070.86
1.7,80,5,34.4,7945035.428
1.7,80,5,34.5,16251208.83
1.7,80,5,34.6,14445518.96
1.7,80,5,34.7,16612346.8
1.7,80,5,34.8,11556415.17
1.7,80,5,34.9,18056898.7
1.7,80,5,35,15890070.86
1.7,80,5,35.1,14445518.96
1.7,80,5,35.2,19862588.57
1.7,80,5,35.3,16251208.83
1.7,80,5,35.4,12278691.12
1.7,80,5,35.5,19501450.6
1.7,80,5,35.6,15890070.86
1.7,80,5,35.7,12639829.09
1.7,80,5,35.8,18418036.67
1.7,80,5,35.9,15890070.86
1.7,80,5,36,12278691.12
1.7,80,5,36.1,14806656.93
1.7,80,5,36.2,15167794.91
1.7,80,5,36.3,15167794.91
1.7,80,5,36.4,14806656.93
1.7,80,5,36.5,10834139.22
1.7,80,5,36.6,15167794.91
1.7,80,5,36.7,14084380.99
1.7,80,5,36.8,12639829.09
1.7,80,5,36.9,15167794.91
1.7,80,5,37,13723243.01
1.7,80,5,37.1,16973484.78
1.7,80,5,37.2,11195277.19
1.7,80,5,37.3,15167794.91
1.7,80,5,37.4,16612346.8
1.7,80,5,37.5,14806656.93
1.7,80,5,37.6,14084380.99
1.7,80,5,37.7,13000967.06
1.7,80,5,37.8,11195277.19
1.7,80,5,37.9,12639829.09
1.7,80,5,38,12278691.12
1.7,80,5,38.1,14806656.93
1.7,80,5,38.2,12639829.09
1.7,80,5,38.3,9750725.298
1.7,80,5,38.4,11195277.19
1.7,80,5,38.5,15167794.91
1.7,80,5,38.6,14084380.99
1.7,80,5,38.7,9028449.35
1.7,80,5,38.8,13000967.06
1.7,80,5,38.9,13723243.01
1.7,80,5,39,15528932.88
1.7,80,5,39.1,16612346.8
1.7,80,5,39.2,16973484.78
1.7,80,5,39.3,11556415.17
1.7,80,5,39.4,16973484.78
1.7,80,5,39.5,14806656.93
1.7,80,5,39.6,15528932.88
1.7,80,5,39.7,13000967.06
1.7,80,5,39.8,11917553.14
1.7,80,5,39.9,7583897.454
1.7,80,5,40,11556415.17
1.7,80,5,40.1,11195277.19
1.7,80,5,40.2,13000967.06
1.7,80,5,40.3,12639829.09
1.7,80,5,40.4,17334622.75
1.7,80,5,40.5,10473001.25
1.7,80,5,40.6,10473001.25
1.7,80,5,40.7,11917553.14
1.7,80,5,40.8,9389587.324
1.7,80,5,40.9,8306173.402
1.7,80,5,41,9389587.324
1.7,80,5,41.1,10111863.27
1.7,80,5,41.2,9750725.298
1.7,80,5,41.3,13362105.04
1.7,80,5,41.4,12639829.09
1.7,80,5,41.5,9750725.298
1.7,80,5,41.6,11195277.19
1.7,80,5,41.7,11556415.17
1.7,80,5,41.8,10834139.22
1.7,80,5,41.9,14084380.99
1.7,80,5,42,11195277.19
1.7,80,5,42.1,10111863.27
1.7,80,5,42.2,10473001.25
1.7,80,5,42.3,10473001.25
1.7,80,5,42.4,10111863.27
1.7,80,5,42.5,9750725.298
1.7,80,5,42.6,13000967.06
1.7,80,5,42.7,9389587.324
1.7,80,5,42.8,13000967.06
1.7,80,5,42.9,13362105.04
1.7,80,5,43,10834139.22
1.7,80,5,43.1,12639829.09
1.7,80,5,43.2,10834139.22
1.7,80,5,43.3,10111863.27
1.7,80,5,43.4,9028449.35
1.7,80,5,43.5,10834139.22
1.7,80,5,43.6,10834139.22
1.7,80,5,43.7,9028449.35
1.7,80,5,43.8,8667311.376
1.7,80,5,43.9,10111863.27
1.7,80,5,44,13723243.01
1.7,80,5,44.1,12278691.12
1.7,80,5,44.2,10473001.25
1.7,80,5,44.3,10834139.22
1.7,80,5,44.4,8667311.376
1.7,80,5,44.5,12278691.12
1.7,80,5,44.6,9389587.324
1.7,80,5,44.7,10473001.25
1.7,80,5,44.8,11917553.14
1.7,80,5,44.9,10834139.22
1.7,80,5,45,10111863.27
1.7,80,5,45.1,9028449.35
1.7,80,5,45.2,13000967.06
1.7,80,5,45.3,11195277.19
1.7,80,5,45.4,9028449.35
1.7,80,5,45.5,8667311.376
1.7,80,5,45.6,12278691.12
1.7,80,5,45.7,10834139.22
1.7,80,5,45.8,12639829.09
1.7,80,5,45.9,11556415.17
1.7,80,5,46,9750725.298
1.7,80,5,46.1,8306173.402
1.7,80,5,46.2,10473001.25
1.7,80,5,46.3,8306173.402
1.7,80,5,46.4,13000967.06
1.7,80,5,46.5,9389587.324
1.7,80,5,46.6,11556415.17
1.7,80,5,46.7,9389587.324
1.7,80,5,46.8,7945035.428
1.7,80,5,46.9,10111863.27
1.7,80,5,47,9389587.324
1.7,80,5,47.1,9389587.324
1.7,80,5,47.2,13362105.04
1.7,80,5,47.3,6500483.532
1.7,80,5,47.4,9028449.35
1.7,80,5,47.5,8306173.402
1.7,80,5,47.6,9389587.324
1.7,80,5,47.7,10834139.22
1.7,80,5,47.8,7583897.454
1.7,80,5,47.9,9389587.324
1.7,80,5,48,9389587.324
1.7,80,5,48.1,5417069.61
1.7,80,5,48.2,7222759.48
1.7,80,5,48.3,11195277.19
1.7,80,5,48.4,5778207.584
1.7,80,5,48.5,9028449.35
1.7,80,5,48.6,6139345.558
1.7,80,5,48.7,6861621.506
1.7,80,5,48.8,6139345.558
1.7,80,5,48.9,7583897.454
1.7,80,5,49,7222759.48
1.7,80,5,49.1,6500483.532
1.7,80,5,49.2,6139345.558
1.7,80,5,49.3,9750725.298
1.7,80,5,49.4,8667311.376
1.7,80,5,49.5,7945035.428
1.7,80,5,49.6,10111863.27
1.7,80,5,49.7,10834139.22
1.7,80,5,49.8,9389587.324
1.7,80,5,49.9,7222759.48
1.7,80,5,50,5778207.584
1.7,80,5,50.1,8306173.402
1.7,80,5,50.2,11556415.17
1.7,80,5,50.3,8667311.376
1.7,80,5,50.4,7583897.454
1.7,80,5,50.5,8667311.376
1.7,80,5,50.6,5778207.584
1.7,80,5,50.7,7945035.428
1.7,80,5,50.8,5055931.636
1.7,80,5,50.9,9750725.298
1.7,80,5,51,8667311.376
1.7,80,5,51.1,8306173.402
1.7,80,5,51.2,6500483.532
1.7,80,5,51.3,8667311.376
1.7,80,5,51.4,7583897.454
1.7,80,5,51.5,8306173.402
1.7,80,5,51.6,6500483.532
1.7,80,5,51.7,5778207.584
1.7,80,5,51.8,6861621.506
1.7,80,5,51.9,5417069.61
1.7,80,5,52,6500483.532
1.7,80,5,52.1,8306173.402
1.7,80,5,52.2,7583897.454
1.7,80,5,52.3,3250241.766
1.7,80,5,52.4,9750725.298
1.7,80,5,52.5,7583897.454
1.7,80,5,52.6,6861621.506
1.7,80,5,52.7,10111863.27
1.7,80,5,52.8,4694793.662
1.7,80,5,52.9,9028449.35
1.7,80,5,53,5778207.584
1.7,80,5,53.1,7583897.454
1.7,80,5,53.2,6139345.558
1.7,80,5,53.3,6139345.558
1.7,80,5,53.4,7583897.454
1.7,80,5,53.5,7583897.454
1.7,80,5,53.6,7583897.454
1.7,80,5,53.7,7222759.48
1.7,80,5,53.8,7222759.48
1.7,80,5,53.9,7945035.428
1.7,80,5,54,4694793.662
1.7,80,5,54.1,7945035.428
1.7,80,5,54.2,8667311.376
1.7,80,5,54.3,5055931.636
1.7,80,5,54.4,7945035.428
1.7,80,5,54.5,10473001.25
1.7,80,5,54.6,5778207.584
1.7,80,5,54.7,5778207.584
1.7,80,5,54.8,5778207.584
1.7,80,5,54.9,5778207.584
1.7,80,5,55,9028449.35
1.7,80,5,55.1,7583897.454
1.7,80,5,55.2,5055931.636
1.7,80,5,55.3,5778207.584
1.7,80,5,55.4,6139345.558
1.7,80,5,55.5,7222759.48
1.7,80,5,55.6,6500483.532
1.7,80,5,55.7,3972517.714
1.7,80,5,55.8,4694793.662
1.7,80,5,55.9,5055931.636
1.7,80,5,56,9389587.324
1.7,80,5,56.1,7583897.454
1.7,80,5,56.2,5778207.584
1.7,80,5,56.3,6500483.532
1.7,80,5,56.4,8306173.402
1.7,80,5,56.5,6139345.558
1.7,80,5,56.6,5417069.61
1.7,80,5,56.7,3972517.714
1.7,80,5,56.8,5778207.584
1.7,80,5,56.9,8306173.402
1.7,80,5,57,6861621.506
1.7,80,5,57.1,5417069.61
1.7,80,5,57.2,3250241.766
1.7,80,5,57.3,5778207.584
1.7,80,5,57.4,5417069.61
1.7,80,5,57.5,5417069.61
1.7,80,5,57.6,4694793.662
1.7,80,5,57.7,5055931.636
1.7,80,5,57.8,5055931.636
1.7,80,5,57.9,5778207.584
1.7,80,5,58,6500483.532
1.7,80,5,58.1,10473001.25
1.7,80,5,58.2,4333655.688
1.7,80,5,58.3,4694793.662
1.7,80,5,58.4,5778207.584
1.7,80,5,58.5,5417069.61
1.7,80,5,58.6,5778207.584
1.7,80,5,58.7,4333655.688
1.7,80,5,58.8,6861621.506
1.7,80,5,58.9,6500483.532
1.7,80,5,59,4333655.688
1.7,80,5,59.1,4333655.688
1.7,80,5,59.2,3611379.74
1.7,80,5,59.3,7945035.428
1.7,80,5,59.4,6500483.532
1.7,80,5,59.5,13362105.04
1.7,80,5,59.6,3972517.714
1.7,80,5,59.7,6500483.532
1.7,80,5,59.8,3250241.766
1.7,80,5,59.9,5417069.61
1.7,80,5,60,6500483.532
1.7,80,5,60.1,6500483.532
1.7,80,5,60.2,3972517.714
1.7,80,5,60.3,3611379.74
1.7,80,5,60.4,7583897.454
1.7,80,5,60.5,4333655.688
1.7,80,5,60.6,3250241.766
1.7,80,5,60.7,3611379.74
1.7,80,5,60.8,4333655.688
1.7,80,5,60.9,7583897.454
1.7,80,5,61,4333655.688
1.7,80,5,61.1,2889103.792
1.7,80,5,61.2,5417069.61
1.7,80,5,61.3,5417069.61
1.7,80,5,61.4,3611379.74
1.7,80,5,61.5,6500483.532
1.7,80,5,61.6,5417069.61
1.7,80,5,61.7,7222759.48
1.7,80,5,61.8,3250241.766
1.7,80,5,61.9,6500483.532
1.7,80,5,62,4333655.688
1.7,80,5,62.1,4694793.662
1.7,80,5,62.2,2889103.792
1.7,80,5,62.3,3250241.766
1.7,80,5,62.4,5778207.584
1.7,80,5,62.5,6139345.558
1.7,80,5,62.6,7583897.454
1.7,80,5,62.7,5055931.636
1.7,80,5,62.8,4694793.662
1.7,80,5,62.9,3611379.74
1.7,80,5,63,1805689.87
1.7,80,5,63.1,2889103.792
1.7,80,5,63.2,2889103.792
1.7,80,5,63.3,3611379.74
1.7,80,5,63.4,3250241.766
1.7,80,5,63.5,2166827.844
1.7,80,5,63.6,5417069.61
1.7,80,5,63.7,4333655.688
1.7,80,5,63.8,4694793.662
1.7,80,5,63.9,6139345.558
1.7,80,5,64,3611379.74
1.7,80,5,64.1,5055931.636
1.7,80,5,64.2,3250241.766
1.7,80,5,64.3,2166827.844
1.7,80,5,64.4,3611379.74
1.7,80,5,64.5,6861621.506
1.7,80,5,64.6,2889103.792
1.7,80,5,64.7,3250241.766
1.7,80,5,64.8,3972517.714
1.7,80,5,64.9,4333655.688
1.7,80,5,65,6139345.558
1.7,80,5,65.1,3611379.74
1.7,80,5,65.2,4694793.662
1.7,80,5,65.3,3250241.766
1.7,80,5,65.4,3972517.714
1.7,80,5,65.5,1805689.87
1.7,80,5,65.6,3611379.74
1.7,80,5,65.7,3250241.766
1.7,80,5,65.8,4694793.662
1.7,80,5,65.9,2889103.792
1.7,80,5,66,5055931.636
1.7,80,5,66.1,1805689.87
1.7,80,5,66.2,2527965.818
1.7,80,5,66.3,5055931.636
1.7,80,5,66.4,2527965.818
1.7,80,5,66.5,4333655.688
1.7,80,5,66.6,3611379.74
1.7,80,5,66.7,3972517.714
1.7,80,5,66.8,3972517.714
1.7,80,5,66.9,4333655.688
1.7,80,5,67,3611379.74
1.7,80,5,67.1,7222759.48
1.7,80,5,67.2,4333655.688
1.7,80,5,67.3,3972517.714
1.7,80,5,67.4,7583897.454
1.7,80,5,67.5,4333655.688
1.7,80,5,67.6,3250241.766
1.7,80,5,67.7,3250241.766
1.7,80,5,67.8,2166827.844
1.7,80,5,67.9,3611379.74
1.7,80,5,68,2889103.792
1.7,80,5,68.1,4333655.688
1.7,80,5,68.2,3972517.714
1.7,80,5,68.3,2889103.792
1.7,80,5,68.4,2527965.818
1.7,80,5,68.5,2889103.792
1.7,80,5,68.6,4333655.688
1.7,80,5,68.7,2889103.792
1.7,80,5,68.8,5778207.584
1.7,80,5,68.9,3972517.714
1.7,80,5,69,3250241.766
1.7,80,5,69.1,2889103.792
1.7,80,5,69.2,2889103.792
1.7,80,5,69.3,2889103.792
1.7,80,5,69.4,2527965.818
1.7,80,5,69.5,5417069.61
1.7,80,5,69.6,3250241.766
1.7,80,5,69.7,3972517.714
1.7,80,5,69.8,3972517.714
1.7,80,5,69.9,1805689.87
1.7,80,5,70,1444551.896
1.7,80,5,70.1,2889103.792
1.7,80,5,70.2,3611379.74
1.7,80,5,70.3,2166827.844
1.7,80,5,70.4,2527965.818
1.7,80,5,70.5,2889103.792
1.7,80,5,70.6,2889103.792
1.7,80,5,70.7,2889103.792
1.7,80,5,70.8,3250241.766
1.7,80,5,70.9,1805689.87
1.7,80,5,71,2166827.844
1.7,80,5,71.1,2166827.844
1.7,80,5,71.2,1444551.896
1.7,80,5,71.3,2889103.792
1.7,80,5,71.4,2527965.818
1.7,80,5,71.5,2527965.818
1.7,80,5,71.6,1444551.896
1.7,80,5,71.7,2889103.792
1.7,80,5,71.8,4694793.662
1.7,80,5,71.9,3250241.766
1.7,80,5,72,1805689.87
1.7,80,5,72.1,2527965.818
1.7,80,5,72.2,1444551.896
1.7,80,5,72.3,3250241.766
1.7,80,5,72.4,2166827.844
1.7,80,5,72.5,1444551.896
1.7,80,5,72.6,2889103.792
1.7,80,5,72.7,2889103.792
1.7,80,5,72.8,2166827.844
1.7,80,5,72.9,1805689.87
1.7,80,5,73,2527965.818
1.7,80,5,73.1,2527965.818
1.7,80,5,73.2,3972517.714
1.7,80,5,73.3,722275.948
1.7,80,5,73.4,1805689.87
1.7,80,5,73.5,1083413.922
1.7,80,5,73.6,1083413.922
1.7,80,5,73.8,2527965.818
1.7,80,5,73.9,2527965.818
1.7,80,5,74,1444551.896
1.7,80,5,74.1,1805689.87
1.7,80,5,74.2,2527965.818
1.7,80,5,74.3,2166827.844
1.7,80,5,74.4,2166827.844
1.7,80,5,74.5,1444551.896
1.7,80,5,74.6,2166827.844
1.7,80,5,74.7,1805689.87
1.7,80,5,74.8,2527965.818
1.7,80,5,74.9,2889103.792
1.7,80,5,75,722275.948
1.7,80,5,75.1,2166827.844
1.7,80,5,75.2,2166827.844
1.7,80,5,75.3,1805689.87
1.7,80,5,75.4,1083413.922
1.7,80,5,75.5,1083413.922
1.7,80,5,75.6,1444551.896
1.7,80,5,75.7,2527965.818
1.7,80,5,75.8,2166827.844
1.7,80,5,75.9,1083413.922
1.7,80,5,76,1444551.896
1.7,80,5,76.1,1805689.87
1.7,80,5,76.2,2527965.818
1.7,80,5,76.3,361137.974
1.7,80,5,76.4,1444551.896
1.7,80,5,76.5,1083413.922
1.7,80,5,76.6,1805689.87
1.7,80,5,76.7,1083413.922
1.7,80,5,76.8,1444551.896
1.7,80,5,76.9,1083413.922
1.7,80,5,77,1444551.896
1.7,80,5,77.1,2889103.792
1.7,80,5,77.2,3250241.766
1.7,80,5,77.3,361137.974
1.7,80,5,77.4,1083413.922
1.7,80,5,77.5,361137.974
1.7,80,5,77.6,722275.948
1.7,80,5,77.8,1444551.896
1.7,80,5,77.9,1083413.922
1.7,80,5,78,361137.974
1.7,80,5,78.1,1083413.922
1.7,80,5,78.2,1444551.896
1.7,80,5,78.3,361137.974
1.7,80,5,78.4,361137.974
1.7,80,5,78.5,1805689.87
1.7,80,5,78.7,1444551.896
1.7,80,5,78.8,722275.948
1.7,80,5,78.9,361137.974
1.7,80,5,79,1444551.896
1.7,80,5,79.1,361137.974
1.7,80,5,79.2,722275.948
1.7,80,5,79.3,361137.974
1.7,80,5,79.4,361137.974
1.7,80,5,79.7,361137.974
1.7,150,5,3.4,970801.0054
1.7,150,5,3.5,485400.5027
1.7,150,5,3.7,970801.0054
1.7,150,5,3.8,485400.5027
1.7,150,5,3.9,3397803.519
1.7,150,5,4,1941602.011
1.7,150,5,4.1,1456201.508
1.7,150,5,4.2,3397803.519
1.7,150,5,4.3,3883204.022
1.7,150,5,4.4,3397803.519
1.7,150,5,4.5,5824806.032
1.7,150,5,4.6,6310206.535
1.7,150,5,4.7,2427002.513
1.7,150,5,4.8,7766408.043
1.7,150,5,4.9,8251808.546
1.7,150,5,5,11164211.56
1.7,150,5,5.1,10193410.56
1.7,150,5,5.2,14562015.08
1.7,150,5,5.3,16018216.59
1.7,150,5,5.4,11164211.56
1.7,150,5,5.5,20386821.11
1.7,150,5,5.6,19416020.11
1.7,150,5,5.7,18445219.1
1.7,150,5,5.8,18930619.61
1.7,150,5,5.9,31551032.68
1.7,150,5,6,26211627.15
1.7,150,5,6.1,25240826.14
1.7,150,5,6.2,33492634.69
1.7,150,5,6.3,35434236.7
1.7,150,5,6.4,31065632.17
1.7,150,5,6.5,41259042.73
1.7,150,5,6.6,39802841.22
1.7,150,5,6.7,35434236.7
1.7,150,5,6.8,34948836.19
1.7,150,5,6.9,34948836.19
1.7,150,5,7,40773642.23
1.7,150,5,7.1,42229843.73
1.7,150,5,7.2,37861239.21
1.7,150,5,7.3,36890438.2
1.7,150,5,7.4,156784362.4
1.7,150,5,7.5,44656846.25
1.7,150,5,7.6,58248060.32
1.7,150,5,7.7,54364856.3
1.7,150,5,7.8,50481652.28
1.7,150,5,7.9,58248060.32
1.7,150,5,8,49510851.27
1.7,150,5,8.1,64072866.36
1.7,150,5,8.2,52908654.79
1.7,150,5,8.3,295123505.6
1.7,150,5,8.4,2302254584
1.7,150,5,8.5,53879455.8
1.7,150,5,8.6,62616664.85
1.7,150,5,8.7,68441470.88
1.7,150,5,8.8,89313692.5
1.7,150,5,8.9,70383072.89
1.7,150,5,9,70868473.39
1.7,150,5,9.1,69412271.89
1.7,150,5,9.2,66499868.87
1.7,150,5,9.3,65043667.36
1.7,150,5,9.4,59218861.33
1.7,150,5,9.5,144163949.3
1.7,150,5,9.6,108244312.1
1.7,150,5,9.7,1504741558
1.7,150,5,9.8,190276997.1
1.7,150,5,9.9,120864725.2
1.7,150,5,10,618400240.4
1.7,150,5,10.1,75722478.42
1.7,150,5,10.2,78149480.93
1.7,150,5,10.3,49510851.27
1.7,150,5,10.4,40773642.23
1.7,150,5,10.5,40773642.23
1.7,150,5,10.6,36890438.2
1.7,150,5,10.7,42229843.73
1.7,150,5,10.8,46113047.76
1.7,150,5,10.9,47083848.76
1.7,150,5,11,44171445.75
1.7,150,5,11.1,49510851.27
1.7,150,5,11.2,50967052.78
1.7,150,5,11.3,234933843.3
1.7,150,5,11.4,51452453.29
1.7,150,5,11.5,47083848.76
1.7,150,5,11.6,54850256.8
1.7,150,5,11.7,55335657.31
1.7,150,5,11.8,40288241.72
1.7,150,5,11.9,41259042.73
1.7,150,5,12,45142246.75
1.7,150,5,12.1,35919637.2
1.7,150,5,12.2,32036433.18
1.7,150,5,12.3,35434236.7
1.7,150,5,12.4,29124030.16
1.7,150,5,12.5,33007234.18
1.7,150,5,12.6,36890438.2
1.7,150,5,12.7,37375838.71
1.7,150,5,12.8,36405037.7
1.7,150,5,12.9,40288241.72
1.7,150,5,13,36890438.2
1.7,150,5,13.1,36405037.7
1.7,150,5,13.2,35434236.7
1.7,150,5,13.3,40288241.72
1.7,150,5,13.4,34463435.69
1.7,150,5,13.5,41744443.23
1.7,150,5,13.6,35919637.2
1.7,150,5,13.7,36890438.2
1.7,150,5,13.8,38346639.71
1.7,150,5,13.9,34463435.69
1.7,150,5,14,39802841.22
1.7,150,5,14.1,37375838.71
1.7,150,5,14.2,38832040.22
1.7,150,5,14.3,37861239.21
1.7,150,5,14.4,43200644.74
1.7,150,5,14.5,38832040.22
1.7,150,5,14.6,33978035.19
1.7,150,5,14.7,44171445.75
1.7,150,5,14.8,45142246.75
1.7,150,5,14.9,48054649.77
1.7,150,5,15,50967052.78
1.7,150,5,15.1,36890438.2
1.7,150,5,15.2,38832040.22
1.7,150,5,15.3,49025450.77
1.7,150,5,15.4,44656846.25
1.7,150,5,15.5,40288241.72
1.7,150,5,15.6,41744443.23
1.7,150,5,15.7,41259042.73
1.7,150,5,15.8,40773642.23
1.7,150,5,15.9,44656846.25
1.7,150,5,16,44656846.25
1.7,150,5,16.1,43686045.24
1.7,150,5,16.2,46113047.76
1.7,150,5,16.3,42229843.73
1.7,150,5,16.4,38832040.22
1.7,150,5,16.5,44656846.25
1.7,150,5,16.6,46113047.76
1.7,150,5,16.7,39802841.22
1.7,150,5,16.8,42715244.24
1.7,150,5,16.9,43686045.24
1.7,150,5,17,40773642.23
1.7,150,5,17.1,49996251.78
1.7,150,5,17.2,43200644.74
1.7,150,5,17.3,44171445.75
1.7,150,5,17.4,38832040.22
1.7,150,5,17.5,46113047.76
1.7,150,5,17.6,48540050.27
1.7,150,5,17.7,42715244.24
1.7,150,5,17.8,40773642.23
1.7,150,5,17.9,37861239.21
1.7,150,5,18,38832040.22
1.7,150,5,18.1,43686045.24
1.7,150,5,18.2,33007234.18
1.7,150,5,18.3,43200644.74
1.7,150,5,18.4,44171445.75
1.7,150,5,18.5,29609430.66
1.7,150,5,18.6,43686045.24
1.7,150,5,18.7,40288241.72
1.7,150,5,18.8,40773642.23
1.7,150,5,18.9,44171445.75
1.7,150,5,19,49510851.27
1.7,150,5,19.1,36405037.7
1.7,150,5,19.2,44656846.25
1.7,150,5,19.3,40773642.23
1.7,150,5,19.4,34463435.69
1.7,150,5,19.5,42715244.24
1.7,150,5,19.6,40288241.72
1.7,150,5,19.7,49996251.78
1.7,150,5,19.8,36405037.7
1.7,150,5,19.9,41259042.73
1.7,150,5,20,41259042.73
1.7,150,5,20.1,38346639.71
1.7,150,5,20.2,48054649.77
1.7,150,5,20.3,46113047.76
1.7,150,5,20.4,45627647.25
1.7,150,5,20.5,43200644.74
1.7,150,5,20.6,43200644.74
1.7,150,5,20.7,42715244.24
1.7,150,5,20.8,34463435.69
1.7,150,5,20.9,42715244.24
1.7,150,5,21,43686045.24
1.7,150,5,21.1,47083848.76
1.7,150,5,21.2,42715244.24
1.7,150,5,21.3,46113047.76
1.7,150,5,21.4,37861239.21
1.7,150,5,21.5,43686045.24
1.7,150,5,21.6,43686045.24
1.7,150,5,21.7,44656846.25
1.7,150,5,21.8,52423254.29
1.7,150,5,21.9,39802841.22
1.7,150,5,22,37861239.21
1.7,150,5,22.1,45142246.75
1.7,150,5,22.2,38346639.71
1.7,150,5,22.3,38346639.71
1.7,150,5,22.4,38832040.22
1.7,150,5,22.5,36405037.7
1.7,150,5,22.6,37375838.71
1.7,150,5,22.7,39317440.72
1.7,150,5,22.8,45142246.75
1.7,150,5,22.9,48540050.27
1.7,150,5,23,33978035.19
1.7,150,5,23.1,34463435.69
1.7,150,5,23.2,42715244.24
1.7,150,5,23.3,37861239.21
1.7,150,5,23.4,33492634.69
1.7,150,5,23.5,35434236.7
1.7,150,5,23.6,39317440.72
1.7,150,5,23.7,35434236.7
1.7,150,5,23.8,38832040.22
1.7,150,5,23.9,44656846.25
1.7,150,5,24,36405037.7
1.7,150,5,24.1,46598448.26
1.7,150,5,24.2,32036433.18
1.7,150,5,24.3,35434236.7
1.7,150,5,24.4,34948836.19
1.7,150,5,24.5,35434236.7
1.7,150,5,24.6,36405037.7
1.7,150,5,24.7,42715244.24
1.7,150,5,24.8,39802841.22
1.7,150,5,24.9,42715244.24
1.7,150,5,25,46113047.76
1.7,150,5,25.1,36890438.2
1.7,150,5,25.2,35919637.2
1.7,150,5,25.3,34948836.19
1.7,150,5,25.4,42229843.73
1.7,150,5,25.5,42715244.24
1.7,150,5,25.6,45142246.75
1.7,150,5,25.7,39317440.72
1.7,150,5,25.8,36890438.2
1.7,150,5,25.9,34463435.69
1.7,150,5,26,33492634.69
1.7,150,5,26.1,41259042.73
1.7,150,5,26.2,36890438.2
1.7,150,5,26.3,34463435.69
1.7,150,5,26.4,33492634.69
1.7,150,5,26.5,33007234.18
1.7,150,5,26.6,31065632.17
1.7,150,5,26.7,32036433.18
1.7,150,5,26.8,33007234.18
1.7,150,5,26.9,26697027.65
1.7,150,5,27,34463435.69
1.7,150,5,27.1,31065632.17
1.7,150,5,27.2,32036433.18
1.7,150,5,27.3,39317440.72
1.7,150,5,27.4,24270025.13
1.7,150,5,27.5,33978035.19
1.7,150,5,27.6,44171445.75
1.7,150,5,27.7,34463435.69
1.7,150,5,27.8,32036433.18
1.7,150,5,27.9,31065632.17
1.7,150,5,28,31551032.68
1.7,150,5,28.1,28153229.16
1.7,150,5,28.2,37861239.21
1.7,150,5,28.3,33007234.18
1.7,150,5,28.4,33492634.69
1.7,150,5,28.5,35434236.7
1.7,150,5,28.6,37375838.71
1.7,150,5,28.7,34948836.19
1.7,150,5,28.8,30580231.67
1.7,150,5,28.9,36890438.2
1.7,150,5,29,36890438.2
1.7,150,5,29.1,36405037.7
1.7,150,5,29.2,34463435.69
1.7,150,5,29.3,30094831.17
1.7,150,5,29.4,37861239.21
1.7,150,5,29.5,30094831.17
1.7,150,5,29.6,30580231.67
1.7,150,5,29.7,29124030.16
1.7,150,5,29.8,30094831.17
1.7,150,5,29.9,33978035.19
1.7,150,5,30,26211627.15
1.7,150,5,30.1,32521833.68
1.7,150,5,30.2,31065632.17
1.7,150,5,30.3,31065632.17
1.7,150,5,30.4,32036433.18
1.7,150,5,30.5,26211627.15
1.7,150,5,30.6,33492634.69
1.7,150,5,30.7,33978035.19
1.7,150,5,30.8,32521833.68
1.7,150,5,30.9,35919637.2
1.7,150,5,31,33492634.69
1.7,150,5,31.1,39802841.22
1.7,150,5,31.2,36405037.7
1.7,150,5,31.3,21843022.62
1.7,150,5,31.4,28638629.66
1.7,150,5,31.5,30580231.67
1.7,150,5,31.6,26697027.65
1.7,150,5,31.7,36405037.7
1.7,150,5,31.8,29609430.66
1.7,150,5,31.9,23299224.13
1.7,150,5,32,27667828.65
1.7,150,5,32.1,28153229.16
1.7,150,5,32.2,26697027.65
1.7,150,5,32.3,28638629.66
1.7,150,5,32.4,25726226.64
1.7,150,5,32.5,28153229.16
1.7,150,5,32.6,35919637.2
1.7,150,5,32.7,29124030.16
1.7,150,5,32.8,33978035.19
1.7,150,5,32.9,30094831.17
1.7,150,5,33,23784624.63
1.7,150,5,33.1,28153229.16
1.7,150,5,33.2,33492634.69
1.7,150,5,33.3,25726226.64
1.7,150,5,33.4,22328423.12
1.7,150,5,33.5,30580231.67
1.7,150,5,33.6,31065632.17
1.7,150,5,33.7,24755425.64
1.7,150,5,33.8,24270025.13
1.7,150,5,33.9,34948836.19
1.7,150,5,34,26697027.65
1.7,150,5,34.1,26211627.15
1.7,150,5,34.2,29124030.16
1.7,150,5,34.3,26697027.65
1.7,150,5,34.4,24755425.64
1.7,150,5,34.5,30094831.17
1.7,150,5,34.6,27667828.65
1.7,150,5,34.7,31065632.17
1.7,150,5,34.8,26697027.65
1.7,150,5,34.9,28638629.66
1.7,150,5,35,31065632.17
1.7,150,5,35.1,31065632.17
1.7,150,5,35.2,27182428.15
1.7,150,5,35.3,27182428.15
1.7,150,5,35.4,28638629.66
1.7,150,5,35.5,28638629.66
1.7,150,5,35.6,25240826.14
1.7,150,5,35.7,24755425.64
1.7,150,5,35.8,29609430.66
1.7,150,5,35.9,25240826.14
1.7,150,5,36,22813823.63
1.7,150,5,36.1,25726226.64
1.7,150,5,36.2,31065632.17
1.7,150,5,36.3,21357622.12
1.7,150,5,36.4,20872221.62
1.7,150,5,36.5,36890438.2
1.7,150,5,36.6,23784624.63
1.7,150,5,36.7,24270025.13
1.7,150,5,36.8,23299224.13
1.7,150,5,36.9,34463435.69
1.7,150,5,37,28638629.66
1.7,150,5,37.1,21357622.12
1.7,150,5,37.2,19901420.61
1.7,150,5,37.3,29609430.66
1.7,150,5,37.4,18445219.1
1.7,150,5,37.5,27182428.15
1.7,150,5,37.6,22328423.12
1.7,150,5,37.7,22328423.12
1.7,150,5,37.8,28153229.16
1.7,150,5,37.9,26697027.65
1.7,150,5,38,26211627.15
1.7,150,5,38.1,18930619.61
1.7,150,5,38.2,23299224.13
1.7,150,5,38.3,30580231.67
1.7,150,5,38.4,23784624.63
1.7,150,5,38.5,28153229.16
1.7,150,5,38.6,24755425.64
1.7,150,5,38.7,28153229.16
1.7,150,5,38.8,23784624.63
1.7,150,5,38.9,27667828.65
1.7,150,5,39,27182428.15
1.7,150,5,39.1,26697027.65
1.7,150,5,39.2,22813823.63
1.7,150,5,39.3,28153229.16
1.7,150,5,39.4,23784624.63
1.7,150,5,39.5,23299224.13
1.7,150,5,39.6,31551032.68
1.7,150,5,39.7,22813823.63
1.7,150,5,39.8,23299224.13
1.7,150,5,39.9,20386821.11
1.7,150,5,40,27182428.15
1.7,150,5,40.1,24755425.64
1.7,150,5,40.2,24755425.64
1.7,150,5,40.3,21843022.62
1.7,150,5,40.4,13591214.08
1.7,150,5,40.5,21357622.12
1.7,150,5,40.6,18930619.61
1.7,150,5,40.7,22813823.63
1.7,150,5,40.8,19416020.11
1.7,150,5,40.9,21357622.12
1.7,150,5,41,25726226.64
1.7,150,5,41.1,23299224.13
1.7,150,5,41.2,24270025.13
1.7,150,5,41.3,25726226.64
1.7,150,5,41.4,19901420.61
1.7,150,5,41.5,19416020.11
1.7,150,5,41.6,18445219.1
1.7,150,5,41.7,18445219.1
1.7,150,5,41.8,20872221.62
1.7,150,5,41.9,23299224.13
1.7,150,5,42,23784624.63
1.7,150,5,42.1,17474418.1
1.7,150,5,42.2,26211627.15
1.7,150,5,42.3,20872221.62
1.7,150,5,42.4,16989017.59
1.7,150,5,42.5,27667828.65
1.7,150,5,42.6,24755425.64
1.7,150,5,42.7,19416020.11
1.7,150,5,42.8,24755425.64
1.7,150,5,42.9,23784624.63
1.7,150,5,43,29609430.66
1.7,150,5,43.1,21843022.62
1.7,150,5,43.2,19901420.61
1.7,150,5,43.3,17959818.6
1.7,150,5,43.4,16503617.09
1.7,150,5,43.5,29124030.16
1.7,150,5,43.6,19901420.61
1.7,150,5,43.7,17959818.6
1.7,150,5,43.8,21357622.12
1.7,150,5,43.9,19901420.61
1.7,150,5,44,16989017.59
1.7,150,5,44.1,18930619.61
1.7,150,5,44.2,24270025.13
1.7,150,5,44.3,19901420.61
1.7,150,5,44.4,15532816.09
1.7,150,5,44.5,17959818.6
1.7,150,5,44.6,23784624.63
1.7,150,5,44.7,18445219.1
1.7,150,5,44.8,15047415.58
1.7,150,5,44.9,17474418.1
1.7,150,5,45,16503617.09
1.7,150,5,45.1,16503617.09
1.7,150,5,45.2,19901420.61
1.7,150,5,45.3,19901420.61
1.7,150,5,45.4,16018216.59
1.7,150,5,45.5,24270025.13
1.7,150,5,45.6,17959818.6
1.7,150,5,45.7,19901420.61
1.7,150,5,45.8,17474418.1
1.7,150,5,45.9,20872221.62
1.7,150,5,46,23299224.13
1.7,150,5,46.1,20386821.11
1.7,150,5,46.2,13591214.08
1.7,150,5,46.3,16989017.59
1.7,150,5,46.4,14562015.08
1.7,150,5,46.5,22813823.63
1.7,150,5,46.6,14562015.08
1.7,150,5,46.7,18930619.61
1.7,150,5,46.8,13591214.08
1.7,150,5,46.9,13105813.57
1.7,150,5,47,25726226.64
1.7,150,5,47.1,20872221.62
1.7,150,5,47.2,20386821.11
1.7,150,5,47.3,22813823.63
1.7,150,5,47.4,17959818.6
1.7,150,5,47.5,22813823.63
1.7,150,5,47.6,20872221.62
1.7,150,5,47.7,18930619.61
1.7,150,5,47.8,15047415.58
1.7,150,5,47.9,19416020.11
1.7,150,5,48,19901420.61
1.7,150,5,48.1,15532816.09
1.7,150,5,48.2,20386821.11
1.7,150,5,48.3,18930619.61
1.7,150,5,48.4,19416020.11
1.7,150,5,48.5,22328423.12
1.7,150,5,48.6,22328423.12
1.7,150,5,48.7,13591214.08
1.7,150,5,48.8,11649612.06
1.7,150,5,48.9,16989017.59
1.7,150,5,49,15047415.58
1.7,150,5,49.1,16989017.59
1.7,150,5,49.2,16503617.09
1.7,150,5,49.3,19416020.11
1.7,150,5,49.4,16503617.09
1.7,150,5,49.5,21843022.62
1.7,150,5,49.6,16018216.59
1.7,150,5,49.7,15532816.09
1.7,150,5,49.8,16989017.59
1.7,150,5,49.9,21843022.62
1.7,150,5,50,16018216.59
1.7,150,5,50.1,21357622.12
1.7,150,5,50.2,17474418.1
1.7,150,5,50.3,16503617.09
1.7,150,5,50.4,14562015.08
1.7,150,5,50.5,16503617.09
1.7,150,5,50.6,16503617.09
1.7,150,5,50.7,18445219.1
1.7,150,5,50.8,14562015.08
1.7,150,5,50.9,17474418.1
1.7,150,5,51,15532816.09
1.7,150,5,51.1,14562015.08
1.7,150,5,51.2,10678811.06
1.7,150,5,51.3,16018216.59
1.7,150,5,51.4,11649612.06
1.7,150,5,51.5,14562015.08
1.7,150,5,51.6,14562015.08
1.7,150,5,51.7,14562015.08
1.7,150,5,51.8,16018216.59
1.7,150,5,51.9,16989017.59
1.7,150,5,52,18930619.61
1.7,150,5,52.1,15532816.09
1.7,150,5,52.2,16989017.59
1.7,150,5,52.3,15047415.58
1.7,150,5,52.4,15532816.09
1.7,150,5,52.5,18445219.1
1.7,150,5,52.6,16989017.59
1.7,150,5,52.7,15047415.58
1.7,150,5,52.8,14562015.08
1.7,150,5,52.9,19416020.11
1.7,150,5,53,20872221.62
1.7,150,5,53.1,14076614.58
1.7,150,5,53.2,11164211.56
1.7,150,5,53.3,14562015.08
1.7,150,5,53.4,15047415.58
1.7,150,5,53.5,15532816.09
1.7,150,5,53.6,16018216.59
1.7,150,5,53.7,15047415.58
1.7,150,5,53.8,17474418.1
1.7,150,5,53.9,21357622.12
1.7,150,5,54,18930619.61
1.7,150,5,54.1,14562015.08
1.7,150,5,54.2,19901420.61
1.7,150,5,54.3,14562015.08
1.7,150,5,54.4,13591214.08
1.7,150,5,54.5,14076614.58
1.7,150,5,54.6,13591214.08
1.7,150,5,54.7,20386821.11
1.7,150,5,54.8,13591214.08
1.7,150,5,54.9,14076614.58
1.7,150,5,55,15532816.09
1.7,150,5,55.1,17474418.1
1.7,150,5,55.2,17474418.1
1.7,150,5,55.3,14562015.08
1.7,150,5,55.4,14076614.58
1.7,150,5,55.5,11649612.06
1.7,150,5,55.6,18445219.1
1.7,150,5,55.7,17474418.1
1.7,150,5,55.8,15047415.58
1.7,150,5,55.9,14562015.08
1.7,150,5,56,16503617.09
1.7,150,5,56.1,17474418.1
1.7,150,5,56.2,16989017.59
1.7,150,5,56.3,13591214.08
1.7,150,5,56.4,20386821.11
1.7,150,5,56.5,15532816.09
1.7,150,5,56.6,12620413.07
1.7,150,5,56.7,22328423.12
1.7,150,5,56.8,15532816.09
1.7,150,5,56.9,18930619.61
1.7,150,5,57,11649612.06
1.7,150,5,57.1,16503617.09
1.7,150,5,57.2,15532816.09
1.7,150,5,57.3,19416020.11
1.7,150,5,57.4,10678811.06
1.7,150,5,57.5,14562015.08
1.7,150,5,57.6,13105813.57
1.7,150,5,57.7,10678811.06
1.7,150,5,57.8,14076614.58
1.7,150,5,57.9,13591214.08
1.7,150,5,58,14076614.58
1.7,150,5,58.1,163094568.9
1.7,150,5,58.2,19416020.11
1.7,150,5,58.3,11649612.06
1.7,150,5,58.4,8251808.546
1.7,150,5,58.5,16503617.09
1.7,150,5,58.6,15047415.58
1.7,150,5,58.7,10193410.56
1.7,150,5,58.8,11164211.56
1.7,150,5,58.9,11164211.56
1.7,150,5,59,13105813.57
1.7,150,5,59.1,15047415.58
1.7,150,5,59.2,14076614.58
1.7,150,5,59.3,19416020.11
1.7,150,5,59.4,15047415.58
1.7,150,5,59.5,265514075
1.7,150,5,59.6,16989017.59
1.7,150,5,59.7,13105813.57
1.7,150,5,59.8,17959818.6
1.7,150,5,59.9,8251808.546
1.7,150,5,60,14076614.58
1.7,150,5,60.1,15532816.09
1.7,150,5,60.2,13591214.08
1.7,150,5,60.3,12135012.57
1.7,150,5,60.4,13105813.57
1.7,150,5,60.5,13105813.57
1.7,150,5,60.6,17474418.1
1.7,150,5,60.7,12135012.57
1.7,150,5,60.8,13105813.57
1.7,150,5,60.9,11649612.06
1.7,150,5,61,11649612.06
1.7,150,5,61.1,14076614.58
1.7,150,5,61.2,12135012.57
1.7,150,5,61.3,15047415.58
1.7,150,5,61.4,12135012.57
1.7,150,5,61.5,11164211.56
1.7,150,5,61.6,9708010.054
1.7,150,5,61.7,16018216.59
1.7,150,5,61.8,10193410.56
1.7,150,5,61.9,15047415.58
1.7,150,5,62,12620413.07
1.7,150,5,62.1,12620413.07
1.7,150,5,62.2,11649612.06
1.7,150,5,62.3,16503617.09
1.7,150,5,62.4,17474418.1
1.7,150,5,62.5,14076614.58
1.7,150,5,62.6,9708010.054
1.7,150,5,62.7,10193410.56
1.7,150,5,62.8,11164211.56
1.7,150,5,62.9,12135012.57
1.7,150,5,63,13105813.57
1.7,150,5,63.1,12620413.07
1.7,150,5,63.2,10193410.56
1.7,150,5,63.3,13105813.57
1.7,150,5,63.4,8737209.049
1.7,150,5,63.5,18445219.1
1.7,150,5,63.6,11649612.06
1.7,150,5,63.7,11649612.06
1.7,150,5,63.8,16018216.59
1.7,150,5,63.9,9222609.551
1.7,150,5,64,13105813.57
1.7,150,5,64.1,17959818.6
1.7,150,5,64.2,12135012.57
1.7,150,5,64.3,11649612.06
1.7,150,5,64.4,14076614.58
1.7,150,5,64.5,16018216.59
1.7,150,5,64.6,7766408.043
1.7,150,5,64.7,11164211.56
1.7,150,5,64.8,13105813.57
1.7,150,5,64.9,12135012.57
1.7,150,5,65,8737209.049
1.7,150,5,65.1,11164211.56
1.7,150,5,65.2,16989017.59
1.7,150,5,65.3,10678811.06
1.7,150,5,65.4,15047415.58
1.7,150,5,65.5,10678811.06
1.7,150,5,65.6,14076614.58
1.7,150,5,65.7,13591214.08
1.7,150,5,65.8,12620413.07
1.7,150,5,65.9,11164211.56
1.7,150,5,66,10193410.56
1.7,150,5,66.1,10193410.56
1.7,150,5,66.2,15532816.09
1.7,150,5,66.3,11164211.56
1.7,150,5,66.4,9222609.551
1.7,150,5,66.5,10678811.06
1.7,150,5,66.6,12620413.07
1.7,150,5,66.7,10678811.06
1.7,150,5,66.8,10678811.06
1.7,150,5,66.9,10678811.06
1.7,150,5,67,10678811.06
1.7,150,5,67.1,42229843.73
1.7,150,5,67.2,8737209.049
1.7,150,5,67.3,9222609.551
1.7,150,5,67.4,64558266.86
1.7,150,5,67.5,8737209.049
1.7,150,5,67.6,9222609.551
1.7,150,5,67.7,14562015.08
1.7,150,5,67.8,11649612.06
1.7,150,5,67.9,11649612.06
1.7,150,5,68,12620413.07
1.7,150,5,68.1,12135012.57
1.7,150,5,68.2,11649612.06
1.7,150,5,68.3,7766408.043
1.7,150,5,68.4,10678811.06
1.7,150,5,68.5,11649612.06
1.7,150,5,68.6,7766408.043
1.7,150,5,68.7,8251808.546
1.7,150,5,68.8,9222609.551
1.7,150,5,68.9,7281007.54
1.7,150,5,69,10678811.06
1.7,150,5,69.1,9222609.551
1.7,150,5,69.2,12135012.57
1.7,150,5,69.3,16989017.59
1.7,150,5,69.4,9222609.551
1.7,150,5,69.5,12135012.57
1.7,150,5,69.6,15532816.09
1.7,150,5,69.7,9222609.551
1.7,150,5,69.8,6795607.038
1.7,150,5,69.9,11649612.06
1.7,150,5,70,11649612.06
1.7,150,5,70.1,5339405.53
1.7,150,5,70.2,9708010.054
1.7,150,5,70.3,9222609.551
1.7,150,5,70.4,11164211.56
1.7,150,5,70.5,8737209.049
1.7,150,5,70.6,12135012.57
1.7,150,5,70.7,7281007.54
1.7,150,5,70.8,11164211.56
1.7,150,5,70.9,7281007.54
1.7,150,5,71,10193410.56
1.7,150,5,71.1,13591214.08
1.7,150,5,71.2,7766408.043
1.7,150,5,71.3,12620413.07
1.7,150,5,71.4,9222609.551
1.7,150,5,71.5,10678811.06
1.7,150,5,71.6,15532816.09
1.7,150,5,71.7,9708010.054
1.7,150,5,71.8,9222609.551
1.7,150,5,71.9,9222609.551
1.7,150,5,72,11164211.56
1.7,150,5,72.1,9222609.551
1.7,150,5,72.2,10193410.56
1.7,150,5,72.3,4368604.524
1.7,150,5,72.4,5339405.53
1.7,150,5,72.5,10193410.56
1.7,150,5,72.6,8251808.546
1.7,150,5,72.7,10193410.56
1.7,150,5,72.8,8737209.049
1.7,150,5,72.9,13105813.57
1.7,150,5,73,12620413.07
1.7,150,5,73.1,13105813.57
1.7,150,5,73.2,10193410.56
1.7,150,5,73.3,13591214.08
1.7,150,5,73.4,9708010.054
1.7,150,5,73.5,9222609.551
1.7,150,5,73.6,9708010.054
1.7,150,5,73.7,11649612.06
1.7,150,5,73.8,7281007.54
1.7,150,5,73.9,13105813.57
1.7,150,5,74,8737209.049
1.7,150,5,74.1,6795607.038
1.7,150,5,74.2,11164211.56
1.7,150,5,74.3,7766408.043
1.7,150,5,74.4,6310206.535
1.7,150,5,74.5,7281007.54
1.7,150,5,74.6,7766408.043
1.7,150,5,74.7,9708010.054
1.7,150,5,74.8,13591214.08
1.7,150,5,74.9,6310206.535
1.7,150,5,75,8737209.049
1.7,150,5,75.1,4854005.027
1.7,150,5,75.2,10678811.06
1.7,150,5,75.3,7766408.043
1.7,150,5,75.4,11164211.56
1.7,150,5,75.5,8737209.049
1.7,150,5,75.6,4854005.027
1.7,150,5,75.7,9222609.551
1.7,150,5,75.8,7281007.54
1.7,150,5,75.9,11649612.06
1.7,150,5,76,12620413.07
1.7,150,5,76.1,6310206.535
1.7,150,5,76.2,10193410.56
1.7,150,5,76.3,9222609.551
1.7,150,5,76.4,12620413.07
1.7,150,5,76.5,3397803.519
1.7,150,5,76.6,7766408.043
1.7,150,5,76.7,9222609.551
1.7,150,5,76.8,7281007.54
1.7,150,5,76.9,5824806.032
1.7,150,5,77,6795607.038
1.7,150,5,77.1,6795607.038
1.7,150,5,77.2,5339405.53
1.7,150,5,77.3,9222609.551
1.7,150,5,77.4,9708010.054
1.7,150,5,77.5,9222609.551
1.7,150,5,77.6,9708010.054
1.7,150,5,77.7,10678811.06
1.7,150,5,77.8,8737209.049
1.7,150,5,77.9,4854005.027
1.7,150,5,78,6310206.535
1.7,150,5,78.1,7766408.043
1.7,150,5,78.2,9708010.054
1.7,150,5,78.3,8737209.049
1.7,150,5,78.4,9708010.054
1.7,150,5,78.5,6795607.038
1.7,150,5,78.6,5339405.53
1.7,150,5,78.7,9222609.551
1.7,150,5,78.8,8737209.049
1.7,150,5,78.9,12135012.57
1.7,150,5,79,6795607.038
1.7,150,5,79.1,10678811.06
1.7,150,5,79.2,8251808.546
1.7,150,5,79.3,6795607.038
1.7,150,5,79.4,8251808.546
1.7,150,5,79.5,6310206.535
1.7,150,5,79.6,6310206.535
1.7,150,5,79.7,10678811.06
1.7,150,5,79.8,9222609.551
1.7,150,5,79.9,10193410.56
1.7,150,5,80,7766408.043
1.7,150,5,80.1,15047415.58
1.7,150,5,80.2,6310206.535
1.7,150,5,80.3,7281007.54
1.7,150,5,80.4,8737209.049
1.7,150,5,80.5,6310206.535
1.7,150,5,80.6,5824806.032
1.7,150,5,80.7,8737209.049
1.7,150,5,80.8,7281007.54
1.7,150,5,80.9,7766408.043
1.7,150,5,81,7766408.043
1.7,150,5,81.1,8251808.546
1.7,150,5,81.2,8737209.049
1.7,150,5,81.3,7766408.043
1.7,150,5,81.4,10678811.06
1.7,150,5,81.5,8251808.546
1.7,150,5,81.6,10678811.06
1.7,150,5,81.7,8251808.546
1.7,150,5,81.8,14076614.58
1.7,150,5,81.9,7766408.043
1.7,150,5,82,6795607.038
1.7,150,5,82.1,8251808.546
1.7,150,5,82.2,8251808.546
1.7,150,5,82.3,4854005.027
1.7,150,5,82.4,10678811.06
1.7,150,5,82.5,7281007.54
1.7,150,5,82.6,10193410.56
1.7,150,5,82.7,8251808.546
1.7,150,5,82.8,11164211.56
1.7,150,5,82.9,7281007.54
1.7,150,5,83,8251808.546
1.7,150,5,83.1,5339405.53
1.7,150,5,83.2,7281007.54
1.7,150,5,83.3,4854005.027
1.7,150,5,83.4,10193410.56
1.7,150,5,83.5,8737209.049
1.7,150,5,83.6,3883204.022
1.7,150,5,83.7,5824806.032
1.7,150,5,83.8,5339405.53
1.7,150,5,83.9,9222609.551
1.7,150,5,84,7281007.54
1.7,150,5,84.1,8737209.049
1.7,150,5,84.2,10678811.06
1.7,150,5,84.3,5824806.032
1.7,150,5,84.4,6795607.038
1.7,150,5,84.5,6310206.535
1.7,150,5,84.6,7281007.54
1.7,150,5,84.7,8251808.546
1.7,150,5,84.8,6310206.535
1.7,150,5,84.9,3397803.519
1.7,150,5,85,7281007.54
1.7,150,5,85.1,10193410.56
1.7,150,5,85.2,10193410.56
1.7,150,5,85.3,6310206.535
1.7,150,5,85.4,7281007.54
1.7,150,5,85.5,8737209.049
1.7,150,5,85.6,11164211.56
1.7,150,5,85.7,9708010.054
1.7,150,5,85.8,9222609.551
1.7,150,5,85.9,7281007.54
1.7,150,5,86,3397803.519
1.7,150,5,86.1,13591214.08
1.7,150,5,86.2,7766408.043
1.7,150,5,86.3,9708010.054
1.7,150,5,86.4,7281007.54
1.7,150,5,86.5,6795607.038
1.7,150,5,86.6,3397803.519
1.7,150,5,86.7,7281007.54
1.7,150,5,86.8,5339405.53
1.7,150,5,86.9,8737209.049
1.7,150,5,87,8251808.546
1.7,150,5,87.1,7281007.54
1.7,150,5,87.2,9708010.054
1.7,150,5,87.3,6310206.535
1.7,150,5,87.4,8251808.546
1.7,150,5,87.5,3397803.519
1.7,150,5,87.6,6795607.038
1.7,150,5,87.7,10678811.06
1.7,150,5,87.8,5339405.53
1.7,150,5,87.9,5824806.032
1.7,150,5,88,7281007.54
1.7,150,5,88.1,7766408.043
1.7,150,5,88.2,7281007.54
1.7,150,5,88.3,6310206.535
1.7,150,5,88.4,7281007.54
1.7,150,5,88.5,9222609.551
1.7,150,5,88.6,4854005.027
1.7,150,5,88.7,10678811.06
1.7,150,5,88.8,6795607.038
1.7,150,5,88.9,8251808.546
1.7,150,5,89,7281007.54
1.7,150,5,89.1,7766408.043
1.7,150,5,89.2,6795607.038
1.7,150,5,89.3,3883204.022
1.7,150,5,89.4,3883204.022
1.7,150,5,89.5,9708010.054
1.7,150,5,89.6,7281007.54
1.7,150,5,89.7,3883204.022
1.7,150,5,89.8,5824806.032
1.7,150,5,89.9,6795607.038
1.7,150,5,90,2912403.016
1.7,150,5,90.1,7766408.043
1.7,150,5,90.2,7281007.54
1.7,150,5,90.3,5824806.032
1.7,150,5,90.4,5824806.032
1.7,150,5,90.5,5339405.53
1.7,150,5,90.6,6310206.535
1.7,150,5,90.7,6795607.038
1.7,150,5,90.8,6310206.535
1.7,150,5,90.9,5824806.032
1.7,150,5,91,12620413.07
1.7,150,5,91.1,9708010.054
1.7,150,5,91.2,4854005.027
1.7,150,5,91.3,5824806.032
1.7,150,5,91.4,6795607.038
1.7,150,5,91.5,4368604.524
1.7,150,5,91.6,6310206.535
1.7,150,5,91.7,5824806.032
1.7,150,5,91.8,4368604.524
1.7,150,5,91.9,9222609.551
1.7,150,5,92,11649612.06
1.7,150,5,92.1,7281007.54
1.7,150,5,92.2,5824806.032
1.7,150,5,92.3,11164211.56
1.7,150,5,92.4,5339405.53
1.7,150,5,92.5,5824806.032
1.7,150,5,92.6,8251808.546
1.7,150,5,92.7,10193410.56
1.7,150,5,92.8,7766408.043
1.7,150,5,92.9,4854005.027
1.7,150,5,93,3397803.519
1.7,150,5,93.1,3883204.022
1.7,150,5,93.2,6795607.038
1.7,150,5,93.3,9708010.054
1.7,150,5,93.4,7766408.043
1.7,150,5,93.5,5339405.53
1.7,150,5,93.6,7766408.043
1.7,150,5,93.7,3883204.022
1.7,150,5,93.8,6310206.535
1.7,150,5,93.9,5824806.032
1.7,150,5,94,6795607.038
1.7,150,5,94.1,6795607.038
1.7,150,5,94.2,3883204.022
1.7,150,5,94.3,3883204.022
1.7,150,5,94.4,6310206.535
1.7,150,5,94.5,6310206.535
1.7,150,5,94.6,8737209.049
1.7,150,5,94.7,7766408.043
1.7,150,5,94.8,3883204.022
1.7,150,5,94.9,6795607.038
1.7,150,5,95,5339405.53
1.7,150,5,95.1,9222609.551
1.7,150,5,95.2,7281007.54
1.7,150,5,95.3,3883204.022
1.7,150,5,95.4,8737209.049
1.7,150,5,95.5,5824806.032
1.7,150,5,95.6,7766408.043
1.7,150,5,95.7,6795607.038
1.7,150,5,95.8,7281007.54
1.7,150,5,95.9,5824806.032
1.7,150,5,96,5339405.53
1.7,150,5,96.1,6310206.535
1.7,150,5,96.2,5824806.032
1.7,150,5,96.3,11164211.56
1.7,150,5,96.4,4854005.027
1.7,150,5,96.5,7766408.043
1.7,150,5,96.6,3397803.519
1.7,150,5,96.7,3883204.022
1.7,150,5,96.8,6310206.535
1.7,150,5,96.9,5824806.032
1.7,150,5,97,3883204.022
1.7,150,5,97.1,5824806.032
1.7,150,5,97.2,5824806.032
1.7,150,5,97.3,7766408.043
1.7,150,5,97.4,4368604.524
1.7,150,5,97.5,8251808.546
1.7,150,5,97.6,5339405.53
1.7,150,5,97.7,2912403.016
1.7,150,5,97.8,8737209.049
1.7,150,5,97.9,4368604.524
1.7,150,5,98,4854005.027
1.7,150,5,98.1,3883204.022
1.7,150,5,98.2,4854005.027
1.7,150,5,98.3,7766408.043
1.7,150,5,98.4,4854005.027
1.7,150,5,98.5,6795607.038
1.7,150,5,98.6,7281007.54
1.7,150,5,98.7,3883204.022
1.7,150,5,98.8,3883204.022
1.7,150,5,98.9,6795607.038
1.7,150,5,99,9708010.054
1.7,150,5,99.1,4368604.524
1.7,150,5,99.2,7281007.54
1.7,150,5,99.3,6795607.038
1.7,150,5,99.4,5824806.032
1.7,150,5,99.5,5339405.53
1.7,150,5,99.6,5339405.53
1.7,150,5,99.7,7281007.54
1.7,150,5,99.8,3883204.022
1.7,150,5,99.9,8737209.049
1.7,150,5,100,9222609.551
1.7,150,5,100.1,8251808.546
1.7,150,5,100.2,4368604.524
1.7,150,5,100.3,5824806.032
1.7,150,5,100.4,2912403.016
1.7,150,5,100.5,6795607.038
1.7,150,5,100.6,8251808.546
1.7,150,5,100.7,2912403.016
1.7,150,5,100.8,6795607.038
1.7,150,5,100.9,6310206.535
1.7,150,5,101,6795607.038
1.7,150,5,101.1,8251808.546
1.7,150,5,101.2,4854005.027
1.7,150,5,101.3,4368604.524
1.7,150,5,101.4,3397803.519
1.7,150,5,101.5,2912403.016
1.7,150,5,101.6,6310206.535
1.7,150,5,101.7,3883204.022
1.7,150,5,101.8,8251808.546
1.7,150,5,101.9,4854005.027
1.7,150,5,102,7281007.54
1.7,150,5,102.1,5824806.032
1.7,150,5,102.2,7281007.54
1.7,150,5,102.3,4368604.524
1.7,150,5,102.4,4854005.027
1.7,150,5,102.5,4854005.027
1.7,150,5,102.6,5824806.032
1.7,150,5,102.7,5824806.032
1.7,150,5,102.8,5824806.032
1.7,150,5,102.9,4368604.524
1.7,150,5,103,5824806.032
1.7,150,5,103.1,5339405.53
1.7,150,5,103.2,3883204.022
1.7,150,5,103.3,3397803.519
1.7,150,5,103.4,7766408.043
1.7,150,5,103.5,3397803.519
1.7,150,5,103.6,6310206.535
1.7,150,5,103.7,3397803.519
1.7,150,5,103.8,5339405.53
1.7,150,5,103.9,7281007.54
1.7,150,5,104,4854005.027
1.7,150,5,104.1,6795607.038
1.7,150,5,104.2,3883204.022
1.7,150,5,104.3,3397803.519
1.7,150,5,104.4,5339405.53
1.7,150,5,104.5,6795607.038
1.7,150,5,104.6,6795607.038
1.7,150,5,104.7,6795607.038
1.7,150,5,104.8,5824806.032
1.7,150,5,104.9,3397803.519
1.7,150,5,105,5824806.032
1.7,150,5,105.1,4368604.524
1.7,150,5,105.2,5339405.53
1.7,150,5,105.3,5824806.032
1.7,150,5,105.4,6310206.535
1.7,150,5,105.5,7281007.54
1.7,150,5,105.6,5339405.53
1.7,150,5,105.7,4854005.027
1.7,150,5,105.8,3883204.022
1.7,150,5,105.9,4368604.524
1.7,150,5,106,3883204.022
1.7,150,5,106.1,5339405.53
1.7,150,5,106.2,2912403.016
1.7,150,5,106.3,5824806.032
1.7,150,5,106.4,5824806.032
1.7,150,5,106.5,4854005.027
1.7,150,5,106.6,4368604.524
1.7,150,5,106.7,3397803.519
1.7,150,5,106.8,4854005.027
1.7,150,5,106.9,7766408.043
1.7,150,5,107,4854005.027
1.7,150,5,107.1,1941602.011
1.7,150,5,107.2,5824806.032
1.7,150,5,107.3,8251808.546
1.7,150,5,107.4,4854005.027
1.7,150,5,107.5,4368604.524
1.7,150,5,107.6,2912403.016
1.7,150,5,107.7,5339405.53
1.7,150,5,107.8,3883204.022
1.7,150,5,107.9,5824806.032
1.7,150,5,108,5339405.53
1.7,150,5,108.1,2912403.016
1.7,150,5,108.2,7281007.54
1.7,150,5,108.3,7281007.54
1.7,150,5,108.4,4854005.027
1.7,150,5,108.5,6795607.038
1.7,150,5,108.6,2427002.513
1.7,150,5,108.7,4854005.027
1.7,150,5,108.8,6795607.038
1.7,150,5,108.9,5824806.032
1.7,150,5,109,8251808.546
1.7,150,5,109.1,4854005.027
1.7,150,5,109.2,4854005.027
1.7,150,5,109.3,6795607.038
1.7,150,5,109.4,4854005.027
1.7,150,5,109.5,3883204.022
1.7,150,5,109.6,10193410.56
1.7,150,5,109.7,6795607.038
1.7,150,5,109.8,1941602.011
1.7,150,5,109.9,4854005.027
1.7,150,5,110,2427002.513
1.7,150,5,110.1,3397803.519
1.7,150,5,110.2,2912403.016
1.7,150,5,110.3,2912403.016
1.7,150,5,110.4,6310206.535
1.7,150,5,110.5,3397803.519
1.7,150,5,110.6,4854005.027
1.7,150,5,110.7,3397803.519
1.7,150,5,110.8,1941602.011
1.7,150,5,110.9,4854005.027
1.7,150,5,111,2427002.513
1.7,150,5,111.1,4854005.027
1.7,150,5,111.2,3883204.022
1.7,150,5,111.3,4854005.027
1.7,150,5,111.4,5824806.032
1.7,150,5,111.5,3397803.519
1.7,150,5,111.6,3883204.022
1.7,150,5,111.7,6795607.038
1.7,150,5,111.8,3397803.519
1.7,150,5,111.9,6310206.535
1.7,150,5,112,5339405.53
1.7,150,5,112.1,1941602.011
1.7,150,5,112.2,5824806.032
1.7,150,5,112.3,2427002.513
1.7,150,5,112.4,4368604.524
1.7,150,5,112.5,2427002.513
1.7,150,5,112.6,6310206.535
1.7,150,5,112.7,3397803.519
1.7,150,5,112.8,3397803.519
1.7,150,5,112.9,3397803.519
1.7,150,5,113,2427002.513
1.7,150,5,113.1,6795607.038
1.7,150,5,113.2,2427002.513
1.7,150,5,113.3,4368604.524
1.7,150,5,113.4,3397803.519
1.7,150,5,113.5,4854005.027
1.7,150,5,113.6,7281007.54
1.7,150,5,113.7,3883204.022
1.7,150,5,113.8,3397803.519
1.7,150,5,113.9,5339405.53
1.7,150,5,114,3883204.022
1.7,150,5,114.1,5339405.53
1.7,150,5,114.2,1941602.011
1.7,150,5,114.3,4854005.027
1.7,150,5,114.4,3883204.022
1.7,150,5,114.5,6310206.535
1.7,150,5,114.6,6310206.535
1.7,150,5,114.7,4368604.524
1.7,150,5,114.8,2912403.016
1.7,150,5,114.9,2427002.513
1.7,150,5,115,6310206.535
1.7,150,5,115.1,6310206.535
1.7,150,5,115.2,4368604.524
1.7,150,5,115.3,4368604.524
1.7,150,5,115.4,7281007.54
1.7,150,5,115.5,4854005.027
1.7,150,5,115.6,1941602.011
1.7,150,5,115.7,2912403.016
1.7,150,5,115.8,2912403.016
1.7,150,5,115.9,2912403.016
1.7,150,5,116,3883204.022
1.7,150,5,116.1,5824806.032
1.7,150,5,116.2,2427002.513
1.7,150,5,116.3,3397803.519
1.7,150,5,116.4,2912403.016
1.7,150,5,116.5,4368604.524
1.7,150,5,116.6,3397803.519
1.7,150,5,116.7,4854005.027
1.7,150,5,116.8,1941602.011
1.7,150,5,116.9,4368604.524
1.7,150,5,117,4368604.524
1.7,150,5,117.1,4368604.524
1.7,150,5,117.2,3397803.519
1.7,150,5,117.3,3883204.022
1.7,150,5,117.4,4854005.027
1.7,150,5,117.5,4854005.027
1.7,150,5,117.6,4854005.027
1.7,150,5,117.7,5339405.53
1.7,150,5,117.8,4854005.027
1.7,150,5,117.9,5339405.53
1.7,150,5,118,2427002.513
1.7,150,5,118.1,3883204.022
1.7,150,5,118.2,4854005.027
1.7,150,5,118.3,4854005.027
1.7,150,5,118.4,2427002.513
1.7,150,5,118.5,3883204.022
1.7,150,5,118.6,4368604.524
1.7,150,5,118.7,3397803.519
1.7,150,5,118.8,4854005.027
1.7,150,5,118.9,5339405.53
1.7,150,5,119,3397803.519
1.7,150,5,119.1,4368604.524
1.7,150,5,119.2,3883204.022
1.7,150,5,119.3,3397803.519
1.7,150,5,119.4,1456201.508
1.7,150,5,119.5,6310206.535
1.7,150,5,119.6,1941602.011
1.7,150,5,119.7,3883204.022
1.7,150,5,119.8,5824806.032
1.7,150,5,119.9,4854005.027
1.7,150,5,120,3397803.519
1.7,150,5,120.1,3397803.519
1.7,150,5,120.2,5339405.53
1.7,150,5,120.3,2427002.513
1.7,150,5,120.4,3883204.022
1.7,150,5,120.5,2912403.016
1.7,150,5,120.6,4368604.524
1.7,150,5,120.7,4368604.524
1.7,150,5,120.8,2912403.016
1.7,150,5,120.9,3397803.519
1.7,150,5,121,3883204.022
1.7,150,5,121.1,3397803.519
1.7,150,5,121.2,3883204.022
1.7,150,5,121.3,2912403.016
1.7,150,5,121.4,1456201.508
1.7,150,5,121.5,2912403.016
1.7,150,5,121.6,2912403.016
1.7,150,5,121.7,1941602.011
1.7,150,5,121.8,4368604.524
1.7,150,5,121.9,3883204.022
1.7,150,5,122,1456201.508
1.7,150,5,122.1,4368604.524
1.7,150,5,122.2,3397803.519
1.7,150,5,122.3,970801.0054
1.7,150,5,122.4,6310206.535
1.7,150,5,122.5,3397803.519
1.7,150,5,122.6,2427002.513
1.7,150,5,122.7,6310206.535
1.7,150,5,122.8,2912403.016
1.7,150,5,122.9,4368604.524
1.7,150,5,123,5339405.53
1.7,150,5,123.1,2427002.513
1.7,150,5,123.2,3397803.519
1.7,150,5,123.3,2912403.016
1.7,150,5,123.4,2427002.513
1.7,150,5,123.5,3397803.519
1.7,150,5,123.6,970801.0054
1.7,150,5,123.7,2427002.513
1.7,150,5,123.8,3397803.519
1.7,150,5,123.9,2912403.016
1.7,150,5,124,3883204.022
1.7,150,5,124.1,970801.0054
1.7,150,5,124.2,3397803.519
1.7,150,5,124.3,2912403.016
1.7,150,5,124.4,4854005.027
1.7,150,5,124.5,1456201.508
1.7,150,5,124.6,3883204.022
1.7,150,5,124.7,1941602.011
1.7,150,5,124.8,2427002.513
1.7,150,5,124.9,2912403.016
1.7,150,5,125,2912403.016
1.7,150,5,125.1,2912403.016
1.7,150,5,125.2,2427002.513
1.7,150,5,125.3,2427002.513
1.7,150,5,125.4,4854005.027
1.7,150,5,125.5,2427002.513
1.7,150,5,125.6,2912403.016
1.7,150,5,125.7,2427002.513
1.7,150,5,125.8,2912403.016
1.7,150,5,125.9,3397803.519
1.7,150,5,126,970801.0054
1.7,150,5,126.1,1941602.011
1.7,150,5,126.2,970801.0054
1.7,150,5,126.3,3883204.022
1.7,150,5,126.4,3883204.022
1.7,150,5,126.5,2912403.016
1.7,150,5,126.6,2912403.016
1.7,150,5,126.7,4854005.027
1.7,150,5,126.8,2427002.513
1.7,150,5,126.9,3883204.022
1.7,150,5,127,3397803.519
1.7,150,5,127.1,4854005.027
1.7,150,5,127.2,1941602.011
1.7,150,5,127.3,3397803.519
1.7,150,5,127.4,970801.0054
1.7,150,5,127.5,2427002.513
1.7,150,5,127.6,4368604.524
1.7,150,5,127.7,5339405.53
1.7,150,5,127.8,3397803.519
1.7,150,5,127.9,3883204.022
1.7,150,5,128,1456201.508
1.7,150,5,128.1,2427002.513
1.7,150,5,128.2,2427002.513
1.7,150,5,128.3,1941602.011
1.7,150,5,128.4,3397803.519
1.7,150,5,128.5,3883204.022
1.7,150,5,128.6,2427002.513
1.7,150,5,128.7,4368604.524
1.7,150,5,128.8,1456201.508
1.7,150,5,128.9,2427002.513
1.7,150,5,129,970801.0054
1.7,150,5,129.1,1941602.011
1.7,150,5,129.2,5824806.032
1.7,150,5,129.3,2427002.513
1.7,150,5,129.4,6310206.535
1.7,150,5,129.5,2912403.016
1.7,150,5,129.6,1941602.011
1.7,150,5,129.8,4368604.524
1.7,150,5,129.9,3397803.519
1.7,150,5,130,3883204.022
1.7,150,5,130.1,2427002.513
1.7,150,5,130.2,1941602.011
1.7,150,5,130.3,970801.0054
1.7,150,5,130.4,2427002.513
1.7,150,5,130.5,4368604.524
1.7,150,5,130.6,2912403.016
1.7,150,5,130.7,2912403.016
1.7,150,5,130.8,1456201.508
1.7,150,5,130.9,3397803.519
1.7,150,5,131,3397803.519
1.7,150,5,131.2,1941602.011
1.7,150,5,131.3,2427002.513
1.7,150,5,131.4,1941602.011
1.7,150,5,131.5,3883204.022
1.7,150,5,131.6,2912403.016
1.7,150,5,131.7,3883204.022
1.7,150,5,131.8,1941602.011
1.7,150,5,131.9,3397803.519
1.7,150,5,132,3883204.022
1.7,150,5,132.1,4368604.524
1.7,150,5,132.2,2427002.513
1.7,150,5,132.3,1941602.011
1.7,150,5,132.4,2427002.513
1.7,150,5,132.5,2427002.513
1.7,150,5,132.6,1456201.508
1.7,150,5,132.7,485400.5027
1.7,150,5,132.8,2427002.513
1.7,150,5,132.9,3883204.022
1.7,150,5,133,3883204.022
1.7,150,5,133.1,1456201.508
1.7,150,5,133.2,970801.0054
1.7,150,5,133.3,1941602.011
1.7,150,5,133.4,2912403.016
1.7,150,5,133.5,3397803.519
1.7,150,5,133.6,1941602.011
1.7,150,5,133.7,2427002.513
1.7,150,5,133.8,2427002.513
1.7,150,5,133.9,2427002.513
1.7,150,5,134,2912403.016
1.7,150,5,134.1,2912403.016
1.7,150,5,134.2,3883204.022
1.7,150,5,134.3,3397803.519
1.7,150,5,134.4,485400.5027
1.7,150,5,134.6,3397803.519
1.7,150,5,134.7,1456201.508
1.7,150,5,134.8,2912403.016
1.7,150,5,134.9,4368604.524
1.7,150,5,135,1941602.011
1.7,150,5,135.1,1456201.508
1.7,150,5,135.2,485400.5027
1.7,150,5,135.3,2912403.016
1.7,150,5,135.4,2427002.513
1.7,150,5,135.6,2427002.513
1.7,150,5,135.7,2427002.513
1.7,150,5,135.8,485400.5027
1.7,150,5,135.9,970801.0054
1.7,150,5,136,2912403.016
1.7,150,5,136.1,1456201.508
1.7,150,5,136.2,1941602.011
1.7,150,5,136.3,2912403.016
1.7,150,5,136.4,1456201.508
1.7,150,5,136.5,970801.0054
1.7,150,5,136.6,1941602.011
1.7,150,5,136.7,1456201.508
1.7,150,5,136.8,970801.0054
1.7,150,5,136.9,2427002.513
1.7,150,5,137,970801.0054
1.7,150,5,137.1,2427002.513
1.7,150,5,137.3,1941602.011
1.7,150,5,137.4,485400.5027
1.7,150,5,137.5,3883204.022
1.7,150,5,137.6,485400.5027
1.7,150,5,137.7,1456201.508
1.7,150,5,137.8,2427002.513
1.7,150,5,137.9,4368604.524
1.7,150,5,138,2427002.513
1.7,150,5,138.1,2427002.513
1.7,150,5,138.2,485400.5027
1.7,150,5,138.3,970801.0054
1.7,150,5,138.4,2427002.513
1.7,150,5,138.5,970801.0054
1.7,150,5,138.6,1941602.011
1.7,150,5,138.7,2912403.016
1.7,150,5,138.8,1456201.508
1.7,150,5,138.9,1456201.508
1.7,150,5,139,970801.0054
1.7,150,5,139.1,485400.5027
1.7,150,5,139.2,970801.0054
1.7,150,5,139.3,2427002.513
1.7,150,5,139.4,1456201.508
1.7,150,5,139.5,485400.5027
1.7,150,5,139.6,1456201.508
1.7,150,5,139.7,970801.0054
1.7,150,5,139.8,1456201.508
1.7,150,5,139.9,1941602.011
1.7,150,5,140,3883204.022
1.7,150,5,140.1,2427002.513
1.7,150,5,140.2,1456201.508
1.7,150,5,140.3,970801.0054
1.7,150,5,140.4,1456201.508
1.7,150,5,140.5,1941602.011
1.7,150,5,140.6,1456201.508
1.7,150,5,140.7,1941602.011
1.7,150,5,140.8,1941602.011
1.7,150,5,141,3397803.519
1.7,150,5,141.1,2427002.513
1.7,150,5,141.2,485400.5027
1.7,150,5,141.3,2427002.513
1.7,150,5,141.4,3397803.519
1.7,150,5,141.5,1456201.508
1.7,150,5,141.7,1456201.508
1.7,150,5,141.9,970801.0054
1.7,150,5,142,1941602.011
1.7,150,5,142.1,2427002.513
1.7,150,5,142.2,2427002.513
1.7,150,5,142.3,1456201.508
1.7,150,5,142.4,2912403.016
1.7,150,5,142.5,1456201.508
1.7,150,5,142.6,1456201.508
1.7,150,5,142.7,970801.0054
1.7,150,5,142.9,970801.0054
1.7,150,5,143,2427002.513
1.7,150,5,143.1,485400.5027
1.7,150,5,143.2,1941602.011
1.7,150,5,143.3,1941602.011
1.7,150,5,143.4,1456201.508
1.7,150,5,143.5,970801.0054
1.7,150,5,143.6,1941602.011
1.7,150,5,143.7,485400.5027
1.7,150,5,143.8,485400.5027
1.7,150,5,143.9,1941602.011
1.7,150,5,144,970801.0054
1.7,150,5,144.1,970801.0054
1.7,150,5,144.2,1456201.508
1.7,150,5,144.3,1456201.508
1.7,150,5,144.4,485400.5027
1.7,150,5,144.5,1941602.011
1.7,150,5,144.6,2912403.016
1.7,150,5,144.7,970801.0054
1.7,150,5,144.8,2427002.513
1.7,150,5,144.9,1456201.508
1.7,150,5,145.1,1456201.508
1.7,150,5,145.2,485400.5027
1.7,150,5,145.3,970801.0054
1.7,150,5,145.4,970801.0054
1.7,150,5,145.5,2427002.513
1.7,150,5,145.6,2912403.016
1.7,150,5,145.7,2427002.513
1.7,150,5,145.9,1456201.508
1.7,150,5,146,485400.5027
1.7,150,5,146.1,485400.5027
1.7,150,5,146.3,485400.5027
1.7,150,5,146.4,2427002.513
1.7,150,5,146.5,485400.5027
1.7,150,5,146.7,485400.5027
1.7,150,5,146.9,970801.0054
1.7,150,5,147.1,970801.0054
1.7,150,5,147.2,485400.5027
1.7,150,5,147.3,1456201.508
1.7,150,5,147.5,485400.5027
1.7,150,5,147.6,485400.5027
1.7,150,5,147.8,485400.5027
1.7,150,5,147.9,1456201.508
1.7,150,5,148,970801.0054
1.7,150,5,148.2,2912403.016
1.7,150,5,148.3,970801.0054
1.7,150,5,148.5,485400.5027
1.7,150,5,148.6,970801.0054
1.7,150,5,148.7,485400.5027
1.7,150,5,148.8,485400.5027
1.7,150,5,149,970801.0054
1.7,150,5,149.1,485400.5027
1.7,150,5,149.2,485400.5027
1.7,150,5,149.7,485400.5027
1.7,40,7,4.7,227703.6406
1.7,40,7,5.2,227703.6406
1.7,40,7,5.5,227703.6406
1.7,40,7,5.7,227703.6406
1.7,40,7,5.8,227703.6406
1.7,40,7,5.9,227703.6406
1.7,40,7,6,227703.6406
1.7,40,7,6.1,910814.5624
1.7,40,7,6.2,455407.2812
1.7,40,7,6.3,683110.9218
1.7,40,7,6.4,455407.2812
1.7,40,7,6.5,910814.5624
1.7,40,7,6.6,1138518.203
1.7,40,7,6.7,1138518.203
1.7,40,7,6.8,1821629.125
1.7,40,7,6.9,1593925.484
1.7,40,7,7,1593925.484
1.7,40,7,7.1,2504740.047
1.7,40,7,7.2,2277036.406
1.7,40,7,7.3,3187850.969
1.7,40,7,7.4,5920294.656
1.7,40,7,7.5,2277036.406
1.7,40,7,7.6,2960147.328
1.7,40,7,7.7,5237183.734
1.7,40,7,7.8,4326369.172
1.7,40,7,7.9,3415554.609
1.7,40,7,8,3187850.969
1.7,40,7,8.1,5009480.093
1.7,40,7,8.2,3415554.609
1.7,40,7,8.3,14573033
1.7,40,7,8.4,143453293.6
1.7,40,7,8.5,8880441.984
1.7,40,7,8.6,3643258.25
1.7,40,7,8.7,7969627.421
1.7,40,7,8.8,10246663.83
1.7,40,7,8.9,5464887.375
1.7,40,7,9,8197331.062
1.7,40,7,9.1,8652738.343
1.7,40,7,9.2,8197331.062
1.7,40,7,9.3,11385182.03
1.7,40,7,9.4,6147998.296
1.7,40,7,9.5,13662218.44
1.7,40,7,9.6,12295996.59
1.7,40,7,9.7,121138336.8
1.7,40,7,9.8,22087253.14
1.7,40,7,9.9,13206811.16
1.7,40,7,10,59886057.48
1.7,40,7,10.1,9563552.906
1.7,40,7,10.2,7969627.421
1.7,40,7,10.3,1821629.125
1.7,40,7,10.4,1366221.844
1.7,40,7,10.5,2732443.687
1.7,40,7,10.6,2277036.406
1.7,40,7,10.7,2049332.765
1.7,40,7,10.8,1366221.844
1.7,40,7,10.9,4326369.172
1.7,40,7,11,3187850.969
1.7,40,7,11.1,2277036.406
1.7,40,7,11.2,4326369.172
1.7,40,7,11.3,11840589.31
1.7,40,7,11.4,3187850.969
1.7,40,7,11.5,2732443.687
1.7,40,7,11.6,2049332.765
1.7,40,7,11.7,1593925.484
1.7,40,7,11.8,1821629.125
1.7,40,7,11.9,1138518.203
1.7,40,7,12,2732443.687
1.7,40,7,12.1,1138518.203
1.7,40,7,12.2,683110.9218
1.7,40,7,12.3,1366221.844
1.7,40,7,12.4,2732443.687
1.7,40,7,12.5,1366221.844
1.7,40,7,12.6,2049332.765
1.7,40,7,12.7,1366221.844
1.7,40,7,12.8,2504740.047
1.7,40,7,12.9,2504740.047
1.7,40,7,13,3187850.969
1.7,40,7,13.1,1366221.844
1.7,40,7,13.2,2732443.687
1.7,40,7,13.3,2732443.687
1.7,40,7,13.4,3415554.609
1.7,40,7,13.5,3187850.969
1.7,40,7,13.6,2277036.406
1.7,40,7,13.7,3187850.969
1.7,40,7,13.8,3870961.89
1.7,40,7,13.9,2960147.328
1.7,40,7,14,2277036.406
1.7,40,7,14.1,2732443.687
1.7,40,7,14.2,3870961.89
1.7,40,7,14.3,2732443.687
1.7,40,7,14.4,3643258.25
1.7,40,7,14.5,5009480.093
1.7,40,7,14.6,5009480.093
1.7,40,7,14.7,4326369.172
1.7,40,7,14.8,4098665.531
1.7,40,7,14.9,3415554.609
1.7,40,7,15,4326369.172
1.7,40,7,15.1,3643258.25
1.7,40,7,15.2,3643258.25
1.7,40,7,15.3,5464887.375
1.7,40,7,15.4,4098665.531
1.7,40,7,15.5,3643258.25
1.7,40,7,15.6,4098665.531
1.7,40,7,15.7,3187850.969
1.7,40,7,15.8,3415554.609
1.7,40,7,15.9,3415554.609
1.7,40,7,16,4781776.453
1.7,40,7,16.1,5009480.093
1.7,40,7,16.2,4554072.812
1.7,40,7,16.3,4781776.453
1.7,40,7,16.4,5237183.734
1.7,40,7,16.5,4781776.453
1.7,40,7,16.6,3643258.25
1.7,40,7,16.7,6375701.937
1.7,40,7,16.8,6375701.937
1.7,40,7,16.9,5237183.734
1.7,40,7,17,8197331.062
1.7,40,7,17.1,5920294.656
1.7,40,7,17.2,7058812.859
1.7,40,7,17.3,4098665.531
1.7,40,7,17.4,6831109.218
1.7,40,7,17.5,6603405.578
1.7,40,7,17.6,3187850.969
1.7,40,7,17.7,5237183.734
1.7,40,7,17.8,6603405.578
1.7,40,7,17.9,5237183.734
1.7,40,7,18,7058812.859
1.7,40,7,18.1,4781776.453
1.7,40,7,18.2,4781776.453
1.7,40,7,18.3,3870961.89
1.7,40,7,18.4,7058812.859
1.7,40,7,18.5,5920294.656
1.7,40,7,18.6,5464887.375
1.7,40,7,18.7,4098665.531
1.7,40,7,18.8,4781776.453
1.7,40,7,18.9,5009480.093
1.7,40,7,19,7286516.499
1.7,40,7,19.1,5920294.656
1.7,40,7,19.2,7058812.859
1.7,40,7,19.3,7286516.499
1.7,40,7,19.4,7514220.14
1.7,40,7,19.5,6147998.296
1.7,40,7,19.6,5464887.375
1.7,40,7,19.7,5920294.656
1.7,40,7,19.8,5920294.656
1.7,40,7,19.9,4781776.453
1.7,40,7,20,7286516.499
1.7,40,7,20.1,6831109.218
1.7,40,7,20.2,5920294.656
1.7,40,7,20.3,5692591.015
1.7,40,7,20.4,5237183.734
1.7,40,7,20.5,5920294.656
1.7,40,7,20.6,7058812.859
1.7,40,7,20.7,3870961.89
1.7,40,7,20.8,4326369.172
1.7,40,7,20.9,5237183.734
1.7,40,7,21,4098665.531
1.7,40,7,21.1,6375701.937
1.7,40,7,21.2,5464887.375
1.7,40,7,21.3,7058812.859
1.7,40,7,21.4,7514220.14
1.7,40,7,21.5,4781776.453
1.7,40,7,21.6,7514220.14
1.7,40,7,21.7,5237183.734
1.7,40,7,21.8,5920294.656
1.7,40,7,21.9,5464887.375
1.7,40,7,22,5692591.015
1.7,40,7,22.1,7514220.14
1.7,40,7,22.2,4781776.453
1.7,40,7,22.3,7969627.421
1.7,40,7,22.4,6147998.296
1.7,40,7,22.5,5009480.093
1.7,40,7,22.6,6831109.218
1.7,40,7,22.7,5464887.375
1.7,40,7,22.8,7058812.859
1.7,40,7,22.9,7741923.781
1.7,40,7,23,4781776.453
1.7,40,7,23.1,3643258.25
1.7,40,7,23.2,7514220.14
1.7,40,7,23.3,7969627.421
1.7,40,7,23.4,7514220.14
1.7,40,7,23.5,6147998.296
1.7,40,7,23.6,6831109.218
1.7,40,7,23.7,7286516.499
1.7,40,7,23.8,4554072.812
1.7,40,7,23.9,6375701.937
1.7,40,7,24,5464887.375
1.7,40,7,24.1,6375701.937
1.7,40,7,24.2,5237183.734
1.7,40,7,24.3,7286516.499
1.7,40,7,24.4,6147998.296
1.7,40,7,24.5,5009480.093
1.7,40,7,24.6,5237183.734
1.7,40,7,24.7,4098665.531
1.7,40,7,24.8,7058812.859
1.7,40,7,24.9,7286516.499
1.7,40,7,25,3415554.609
1.7,40,7,25.1,3870961.89
1.7,40,7,25.2,4781776.453
1.7,40,7,25.3,4554072.812
1.7,40,7,25.4,7514220.14
1.7,40,7,25.5,4326369.172
1.7,40,7,25.6,4781776.453
1.7,40,7,25.7,5009480.093
1.7,40,7,25.8,4326369.172
1.7,40,7,25.9,6147998.296
1.7,40,7,26,6375701.937
1.7,40,7,26.1,4781776.453
1.7,40,7,26.2,4554072.812
1.7,40,7,26.3,5692591.015
1.7,40,7,26.4,6603405.578
1.7,40,7,26.5,5464887.375
1.7,40,7,26.6,4781776.453
1.7,40,7,26.7,4554072.812
1.7,40,7,26.8,6831109.218
1.7,40,7,26.9,5237183.734
1.7,40,7,27,5237183.734
1.7,40,7,27.1,5464887.375
1.7,40,7,27.2,4781776.453
1.7,40,7,27.3,6375701.937
1.7,40,7,27.4,6147998.296
1.7,40,7,27.5,6375701.937
1.7,40,7,27.6,5464887.375
1.7,40,7,27.7,5920294.656
1.7,40,7,27.8,4326369.172
1.7,40,7,27.9,5009480.093
1.7,40,7,28,7058812.859
1.7,40,7,28.1,4326369.172
1.7,40,7,28.2,4554072.812
1.7,40,7,28.3,4781776.453
1.7,40,7,28.4,4781776.453
1.7,40,7,28.5,5692591.015
1.7,40,7,28.6,1366221.844
1.7,40,7,28.7,4098665.531
1.7,40,7,28.8,4781776.453
1.7,40,7,28.9,4326369.172
1.7,40,7,29,4554072.812
1.7,40,7,29.1,3415554.609
1.7,40,7,29.2,5009480.093
1.7,40,7,29.3,6831109.218
1.7,40,7,29.4,2504740.047
1.7,40,7,29.5,5920294.656
1.7,40,7,29.6,6147998.296
1.7,40,7,29.7,3643258.25
1.7,40,7,29.8,3870961.89
1.7,40,7,29.9,4554072.812
1.7,40,7,30,4781776.453
1.7,40,7,30.1,4554072.812
1.7,40,7,30.2,4554072.812
1.7,40,7,30.3,3870961.89
1.7,40,7,30.4,4554072.812
1.7,40,7,30.5,6603405.578
1.7,40,7,30.6,4781776.453
1.7,40,7,30.7,3415554.609
1.7,40,7,30.8,2960147.328
1.7,40,7,30.9,4781776.453
1.7,40,7,31,5237183.734
1.7,40,7,31.1,2960147.328
1.7,40,7,31.2,3415554.609
1.7,40,7,31.3,4781776.453
1.7,40,7,31.4,3870961.89
1.7,40,7,31.5,3187850.969
1.7,40,7,31.6,3187850.969
1.7,40,7,31.7,3870961.89
1.7,40,7,31.8,2277036.406
1.7,40,7,31.9,5237183.734
1.7,40,7,32,4554072.812
1.7,40,7,32.1,3643258.25
1.7,40,7,32.2,3415554.609
1.7,40,7,32.3,3870961.89
1.7,40,7,32.4,5464887.375
1.7,40,7,32.5,4554072.812
1.7,40,7,32.6,1821629.125
1.7,40,7,32.7,1593925.484
1.7,40,7,32.8,3870961.89
1.7,40,7,32.9,3870961.89
1.7,40,7,33,3415554.609
1.7,40,7,33.1,4098665.531
1.7,40,7,33.2,5009480.093
1.7,40,7,33.3,4098665.531
1.7,40,7,33.4,4554072.812
1.7,40,7,33.5,3870961.89
1.7,40,7,33.6,1821629.125
1.7,40,7,33.7,2504740.047
1.7,40,7,33.8,2960147.328
1.7,40,7,33.9,5009480.093
1.7,40,7,34,2277036.406
1.7,40,7,34.1,3415554.609
1.7,40,7,34.2,2960147.328
1.7,40,7,34.3,3415554.609
1.7,40,7,34.4,2277036.406
1.7,40,7,34.5,2960147.328
1.7,40,7,34.6,2960147.328
1.7,40,7,34.7,2504740.047
1.7,40,7,34.8,2960147.328
1.7,40,7,34.9,2049332.765
1.7,40,7,35,2960147.328
1.7,40,7,35.1,2049332.765
1.7,40,7,35.2,3187850.969
1.7,40,7,35.3,3415554.609
1.7,40,7,35.4,4098665.531
1.7,40,7,35.5,2960147.328
1.7,40,7,35.6,2277036.406
1.7,40,7,35.7,2504740.047
1.7,40,7,35.8,2049332.765
1.7,40,7,35.9,2732443.687
1.7,40,7,36,1593925.484
1.7,40,7,36.1,2049332.765
1.7,40,7,36.2,1138518.203
1.7,40,7,36.3,1821629.125
1.7,40,7,36.4,455407.2812
1.7,40,7,36.5,3187850.969
1.7,40,7,36.6,1366221.844
1.7,40,7,36.7,1138518.203
1.7,40,7,36.8,2049332.765
1.7,40,7,36.9,910814.5624
1.7,40,7,37,3415554.609
1.7,40,7,37.1,2049332.765
1.7,40,7,37.2,1593925.484
1.7,40,7,37.3,1138518.203
1.7,40,7,37.4,2277036.406
1.7,40,7,37.5,2049332.765
1.7,40,7,37.6,910814.5624
1.7,40,7,37.7,1593925.484
1.7,40,7,37.8,1138518.203
1.7,40,7,37.9,1366221.844
1.7,40,7,38,683110.9218
1.7,40,7,38.1,910814.5624
1.7,40,7,38.2,1593925.484
1.7,40,7,38.3,1138518.203
1.7,40,7,38.4,910814.5624
1.7,40,7,38.5,1366221.844
1.7,40,7,38.6,1821629.125
1.7,40,7,38.7,910814.5624
1.7,40,7,38.8,1138518.203
1.7,40,7,38.9,1366221.844
1.7,40,7,39,1138518.203
1.7,40,7,39.1,683110.9218
1.7,40,7,39.2,910814.5624
1.7,40,7,39.3,910814.5624
1.7,40,7,39.4,227703.6406
1.7,40,7,39.6,683110.9218
1.7,40,7,39.7,683110.9218
1.7,40,7,39.8,455407.2812
1.7,40,7,39.9,683110.9218
1.7,80,7,3.4,357208.6785
1.7,80,7,4.4,357208.6785
1.7,80,7,4.8,357208.6785
1.7,80,7,5.1,357208.6785
1.7,80,7,5.2,357208.6785
1.7,80,7,5.4,1071626.036
1.7,80,7,5.5,357208.6785
1.7,80,7,5.6,714417.3571
1.7,80,7,5.7,1428834.714
1.7,80,7,5.8,1071626.036
1.7,80,7,5.9,2857669.428
1.7,80,7,6,2500460.75
1.7,80,7,6.1,2500460.75
1.7,80,7,6.2,2500460.75
1.7,80,7,6.3,4643712.821
1.7,80,7,6.4,1428834.714
1.7,80,7,6.5,6072547.535
1.7,80,7,6.6,6072547.535
1.7,80,7,6.7,5000921.5
1.7,80,7,6.8,5000921.5
1.7,80,7,6.9,5000921.5
1.7,80,7,7,9287425.642
1.7,80,7,7.1,6072547.535
1.7,80,7,7.2,10001843
1.7,80,7,7.3,8930216.964
1.7,80,7,7.4,34292033.14
1.7,80,7,7.5,11787886.39
1.7,80,7,7.6,13931138.46
1.7,80,7,7.7,16074390.53
1.7,80,7,7.8,17146016.57
1.7,80,7,7.9,13573929.78
1.7,80,7,8,13931138.46
1.7,80,7,8.1,14288347.14
1.7,80,7,8.2,20003686
1.7,80,7,8.3,85730082.85
1.7,80,7,8.4,607611962.2
1.7,80,7,8.5,12502303.75
1.7,80,7,8.6,23575772.78
1.7,80,7,8.7,20718103.36
1.7,80,7,8.8,31791572.39
1.7,80,7,8.9,26076233.53
1.7,80,7,9,22146938.07
1.7,80,7,9.1,28219485.6
1.7,80,7,9.2,21789729.39
1.7,80,7,9.3,25719024.86
1.7,80,7,9.4,25719024.86
1.7,80,7,9.5,56438971.21
1.7,80,7,9.6,40007372
1.7,80,7,9.7,525096757.5
1.7,80,7,9.8,72156153.07
1.7,80,7,9.9,56796179.89
1.7,80,7,10,249331657.6
1.7,80,7,10.1,33220407.1
1.7,80,7,10.2,27862276.93
1.7,80,7,10.3,10359051.68
1.7,80,7,10.4,7501382.249
1.7,80,7,10.5,7858590.928
1.7,80,7,10.6,8215799.606
1.7,80,7,10.7,8573008.285
1.7,80,7,10.8,7501382.249
1.7,80,7,10.9,10359051.68
1.7,80,7,11,16074390.53
1.7,80,7,11.1,10359051.68
1.7,80,7,11.2,11430677.71
1.7,80,7,11.3,65011979.49
1.7,80,7,11.4,12859512.43
1.7,80,7,11.5,11430677.71
1.7,80,7,11.6,7858590.928
1.7,80,7,11.7,13573929.78
1.7,80,7,11.8,7501382.249
1.7,80,7,11.9,8215799.606
1.7,80,7,12,8930216.964
1.7,80,7,12.1,6786964.892
1.7,80,7,12.2,6429756.214
1.7,80,7,12.3,7501382.249
1.7,80,7,12.4,8573008.285
1.7,80,7,12.5,6429756.214
1.7,80,7,12.6,6429756.214
1.7,80,7,12.7,7144173.571
1.7,80,7,12.8,4286504.143
1.7,80,7,12.9,8573008.285
1.7,80,7,13,6072547.535
1.7,80,7,13.1,11073469.03
1.7,80,7,13.2,9644634.321
1.7,80,7,13.3,7501382.249
1.7,80,7,13.4,11073469.03
1.7,80,7,13.5,10716260.36
1.7,80,7,13.6,11430677.71
1.7,80,7,13.7,9287425.642
1.7,80,7,13.8,11430677.71
1.7,80,7,13.9,11073469.03
1.7,80,7,14,9644634.321
1.7,80,7,14.1,8930216.964
1.7,80,7,14.2,12859512.43
1.7,80,7,14.3,7858590.928
1.7,80,7,14.4,11430677.71
1.7,80,7,14.5,11787886.39
1.7,80,7,14.6,11430677.71
1.7,80,7,14.7,11073469.03
1.7,80,7,14.8,13931138.46
1.7,80,7,14.9,11430677.71
1.7,80,7,15,12502303.75
1.7,80,7,15.1,14288347.14
1.7,80,7,15.2,12502303.75
1.7,80,7,15.3,16431599.21
1.7,80,7,15.4,13931138.46
1.7,80,7,15.5,16788807.89
1.7,80,7,15.6,13931138.46
1.7,80,7,15.7,14645555.82
1.7,80,7,15.8,16788807.89
1.7,80,7,15.9,11073469.03
1.7,80,7,16,12859512.43
1.7,80,7,16.1,16431599.21
1.7,80,7,16.2,13931138.46
1.7,80,7,16.3,11430677.71
1.7,80,7,16.4,16431599.21
1.7,80,7,16.5,15002764.5
1.7,80,7,16.6,16431599.21
1.7,80,7,16.7,14288347.14
1.7,80,7,16.8,13573929.78
1.7,80,7,16.9,16431599.21
1.7,80,7,17,15359973.18
1.7,80,7,17.1,14288347.14
1.7,80,7,17.2,14645555.82
1.7,80,7,17.3,20718103.36
1.7,80,7,17.4,20360894.68
1.7,80,7,17.5,16074390.53
1.7,80,7,17.6,20003686
1.7,80,7,17.7,17503225.25
1.7,80,7,17.8,17860433.93
1.7,80,7,17.9,16074390.53
1.7,80,7,18,18574851.28
1.7,80,7,18.1,20360894.68
1.7,80,7,18.2,17503225.25
1.7,80,7,18.3,19289268.64
1.7,80,7,18.4,18932059.96
1.7,80,7,18.5,15359973.18
1.7,80,7,18.6,20718103.36
1.7,80,7,18.7,15359973.18
1.7,80,7,18.8,16788807.89
1.7,80,7,18.9,18217642.61
1.7,80,7,19,20718103.36
1.7,80,7,19.1,17860433.93
1.7,80,7,19.2,17146016.57
1.7,80,7,19.3,15717181.86
1.7,80,7,19.4,17146016.57
1.7,80,7,19.5,19646477.32
1.7,80,7,19.6,13216721.11
1.7,80,7,19.7,14645555.82
1.7,80,7,19.8,21075312.03
1.7,80,7,19.9,19289268.64
1.7,80,7,20,18217642.61
1.7,80,7,20.1,18217642.61
1.7,80,7,20.2,22504146.75
1.7,80,7,20.3,17860433.93
1.7,80,7,20.4,18932059.96
1.7,80,7,20.5,23932981.46
1.7,80,7,20.6,21432520.71
1.7,80,7,20.7,16431599.21
1.7,80,7,20.8,15717181.86
1.7,80,7,20.9,16431599.21
1.7,80,7,21,20003686
1.7,80,7,21.1,22504146.75
1.7,80,7,21.2,22861355.43
1.7,80,7,21.3,20360894.68
1.7,80,7,21.4,16074390.53
1.7,80,7,21.5,19646477.32
1.7,80,7,21.6,16431599.21
1.7,80,7,21.7,20360894.68
1.7,80,7,21.8,20003686
1.7,80,7,21.9,21432520.71
1.7,80,7,22,18574851.28
1.7,80,7,22.1,18574851.28
1.7,80,7,22.2,23932981.46
1.7,80,7,22.3,16788807.89
1.7,80,7,22.4,20718103.36
1.7,80,7,22.5,21432520.71
1.7,80,7,22.6,24647398.82
1.7,80,7,22.7,17860433.93
1.7,80,7,22.8,15717181.86
1.7,80,7,22.9,20003686
1.7,80,7,23,20718103.36
1.7,80,7,23.1,18932059.96
1.7,80,7,23.2,26076233.53
1.7,80,7,23.3,15359973.18
1.7,80,7,23.4,27147859.57
1.7,80,7,23.5,21432520.71
1.7,80,7,23.6,23932981.46
1.7,80,7,23.7,17503225.25
1.7,80,7,23.8,24290190.14
1.7,80,7,23.9,19289268.64
1.7,80,7,24,12502303.75
1.7,80,7,24.1,22146938.07
1.7,80,7,24.2,18932059.96
1.7,80,7,24.3,16431599.21
1.7,80,7,24.4,15002764.5
1.7,80,7,24.5,16431599.21
1.7,80,7,24.6,18932059.96
1.7,80,7,24.7,20718103.36
1.7,80,7,24.8,17146016.57
1.7,80,7,24.9,17146016.57
1.7,80,7,25,22504146.75
1.7,80,7,25.1,19289268.64
1.7,80,7,25.2,16074390.53
1.7,80,7,25.3,17503225.25
1.7,80,7,25.4,17503225.25
1.7,80,7,25.5,17860433.93
1.7,80,7,25.6,20003686
1.7,80,7,25.7,19289268.64
1.7,80,7,25.8,23218564.11
1.7,80,7,25.9,23575772.78
1.7,80,7,26,18932059.96
1.7,80,7,26.1,16788807.89
1.7,80,7,26.2,21075312.03
1.7,80,7,26.3,21789729.39
1.7,80,7,26.4,21075312.03
1.7,80,7,26.5,18217642.61
1.7,80,7,26.6,16074390.53
1.7,80,7,26.7,17503225.25
1.7,80,7,26.8,18217642.61
1.7,80,7,26.9,19289268.64
1.7,80,7,27,20360894.68
1.7,80,7,27.1,22146938.07
1.7,80,7,27.2,13216721.11
1.7,80,7,27.3,22504146.75
1.7,80,7,27.4,19646477.32
1.7,80,7,27.5,21432520.71
1.7,80,7,27.6,17503225.25
1.7,80,7,27.7,20360894.68
1.7,80,7,27.8,18574851.28
1.7,80,7,27.9,14288347.14
1.7,80,7,28,21789729.39
1.7,80,7,28.1,15002764.5
1.7,80,7,28.2,15717181.86
1.7,80,7,28.3,16431599.21
1.7,80,7,28.4,17503225.25
1.7,80,7,28.5,15359973.18
1.7,80,7,28.6,16074390.53
1.7,80,7,28.7,20360894.68
1.7,80,7,28.8,16788807.89
1.7,80,7,28.9,9287425.642
1.7,80,7,29,16788807.89
1.7,80,7,29.1,13573929.78
1.7,80,7,29.2,17860433.93
1.7,80,7,29.3,20003686
1.7,80,7,29.4,15002764.5
1.7,80,7,29.5,24290190.14
1.7,80,7,29.6,18574851.28
1.7,80,7,29.7,12145095.07
1.7,80,7,29.8,19646477.32
1.7,80,7,29.9,16074390.53
1.7,80,7,30,15359973.18
1.7,80,7,30.1,15359973.18
1.7,80,7,30.2,17146016.57
1.7,80,7,30.3,13931138.46
1.7,80,7,30.4,21432520.71
1.7,80,7,30.5,16074390.53
1.7,80,7,30.6,15359973.18
1.7,80,7,30.7,18217642.61
1.7,80,7,30.8,14288347.14
1.7,80,7,30.9,17146016.57
1.7,80,7,31,11430677.71
1.7,80,7,31.1,15717181.86
1.7,80,7,31.2,20360894.68
1.7,80,7,31.3,14645555.82
1.7,80,7,31.4,17860433.93
1.7,80,7,31.5,13931138.46
1.7,80,7,31.6,12502303.75
1.7,80,7,31.7,18217642.61
1.7,80,7,31.8,16788807.89
1.7,80,7,31.9,14288347.14
1.7,80,7,32,15359973.18
1.7,80,7,32.1,11787886.39
1.7,80,7,32.2,16074390.53
1.7,80,7,32.3,17860433.93
1.7,80,7,32.4,17503225.25
1.7,80,7,32.5,17146016.57
1.7,80,7,32.6,19646477.32
1.7,80,7,32.7,17860433.93
1.7,80,7,32.8,14645555.82
1.7,80,7,32.9,14645555.82
1.7,80,7,33,16788807.89
1.7,80,7,33.1,12859512.43
1.7,80,7,33.2,20003686
1.7,80,7,33.3,9644634.321
1.7,80,7,33.4,15717181.86
1.7,80,7,33.5,16431599.21
1.7,80,7,33.6,13931138.46
1.7,80,7,33.7,16788807.89
1.7,80,7,33.8,15717181.86
1.7,80,7,33.9,12859512.43
1.7,80,7,34,17146016.57
1.7,80,7,34.1,16074390.53
1.7,80,7,34.2,16431599.21
1.7,80,7,34.3,17146016.57
1.7,80,7,34.4,10001843
1.7,80,7,34.5,13573929.78
1.7,80,7,34.6,14288347.14
1.7,80,7,34.7,12502303.75
1.7,80,7,34.8,16074390.53
1.7,80,7,34.9,18217642.61
1.7,80,7,35,16074390.53
1.7,80,7,35.1,15002764.5
1.7,80,7,35.2,16788807.89
1.7,80,7,35.3,8215799.606
1.7,80,7,35.4,18217642.61
1.7,80,7,35.5,15002764.5
1.7,80,7,35.6,15717181.86
1.7,80,7,35.7,14288347.14
1.7,80,7,35.8,14288347.14
1.7,80,7,35.9,13931138.46
1.7,80,7,36,14288347.14
1.7,80,7,36.1,16431599.21
1.7,80,7,36.2,11073469.03
1.7,80,7,36.3,13216721.11
1.7,80,7,36.4,15717181.86
1.7,80,7,36.5,15717181.86
1.7,80,7,36.6,13573929.78
1.7,80,7,36.7,15359973.18
1.7,80,7,36.8,10359051.68
1.7,80,7,36.9,16074390.53
1.7,80,7,37,9644634.321
1.7,80,7,37.1,9644634.321
1.7,80,7,37.2,12502303.75
1.7,80,7,37.3,15717181.86
1.7,80,7,37.4,12502303.75
1.7,80,7,37.5,10359051.68
1.7,80,7,37.6,12145095.07
1.7,80,7,37.7,15717181.86
1.7,80,7,37.8,16431599.21
1.7,80,7,37.9,11073469.03
1.7,80,7,38,12502303.75
1.7,80,7,38.1,11787886.39
1.7,80,7,38.2,10716260.36
1.7,80,7,38.3,15717181.86
1.7,80,7,38.4,15002764.5
1.7,80,7,38.5,11787886.39
1.7,80,7,38.6,13216721.11
1.7,80,7,38.7,11787886.39
1.7,80,7,38.8,12145095.07
1.7,80,7,38.9,12145095.07
1.7,80,7,39,13931138.46
1.7,80,7,39.1,11430677.71
1.7,80,7,39.2,10716260.36
1.7,80,7,39.3,12859512.43
1.7,80,7,39.4,10716260.36
1.7,80,7,39.5,12502303.75
1.7,80,7,39.6,12502303.75
1.7,80,7,39.7,14645555.82
1.7,80,7,39.8,13931138.46
1.7,80,7,39.9,17146016.57
1.7,80,7,40,13573929.78
1.7,80,7,40.1,11073469.03
1.7,80,7,40.2,9644634.321
1.7,80,7,40.3,15002764.5
1.7,80,7,40.4,10001843
1.7,80,7,40.5,8215799.606
1.7,80,7,40.6,11073469.03
1.7,80,7,40.7,11787886.39
1.7,80,7,40.8,11430677.71
1.7,80,7,40.9,13573929.78
1.7,80,7,41,10001843
1.7,80,7,41.1,8573008.285
1.7,80,7,41.2,16431599.21
1.7,80,7,41.3,11787886.39
1.7,80,7,41.4,10359051.68
1.7,80,7,41.5,11787886.39
1.7,80,7,41.6,13216721.11
1.7,80,7,41.7,9644634.321
1.7,80,7,41.8,13931138.46
1.7,80,7,41.9,8573008.285
1.7,80,7,42,9644634.321
1.7,80,7,42.1,12859512.43
1.7,80,7,42.2,5358130.178
1.7,80,7,42.3,10359051.68
1.7,80,7,42.4,9287425.642
1.7,80,7,42.5,8930216.964
1.7,80,7,42.6,8930216.964
1.7,80,7,42.7,15002764.5
1.7,80,7,42.8,10001843
1.7,80,7,42.9,10716260.36
1.7,80,7,43,11430677.71
1.7,80,7,43.1,12145095.07
1.7,80,7,43.2,8573008.285
1.7,80,7,43.3,10359051.68
1.7,80,7,43.4,10359051.68
1.7,80,7,43.5,12145095.07
1.7,80,7,43.6,12859512.43
1.7,80,7,43.7,10001843
1.7,80,7,43.8,11073469.03
1.7,80,7,43.9,8930216.964
1.7,80,7,44,7858590.928
1.7,80,7,44.1,9287425.642
1.7,80,7,44.2,10001843
1.7,80,7,44.3,11430677.71
1.7,80,7,44.4,8573008.285
1.7,80,7,44.5,12502303.75
1.7,80,7,44.6,7858590.928
1.7,80,7,44.7,9287425.642
1.7,80,7,44.8,11430677.71
1.7,80,7,44.9,10359051.68
1.7,80,7,45,8215799.606
1.7,80,7,45.1,14288347.14
1.7,80,7,45.2,9644634.321
1.7,80,7,45.3,11430677.71
1.7,80,7,45.4,12145095.07
1.7,80,7,45.5,14288347.14
1.7,80,7,45.6,10001843
1.7,80,7,45.7,10716260.36
1.7,80,7,45.8,6072547.535
1.7,80,7,45.9,5715338.857
1.7,80,7,46,7501382.249
1.7,80,7,46.1,8215799.606
1.7,80,7,46.2,9287425.642
1.7,80,7,46.3,8215799.606
1.7,80,7,46.4,10001843
1.7,80,7,46.5,8930216.964
1.7,80,7,46.6,9287425.642
1.7,80,7,46.7,8930216.964
1.7,80,7,46.8,10359051.68
1.7,80,7,46.9,8573008.285
1.7,80,7,47,11430677.71
1.7,80,7,47.1,5358130.178
1.7,80,7,47.2,8573008.285
1.7,80,7,47.3,8930216.964
1.7,80,7,47.4,8930216.964
1.7,80,7,47.5,8215799.606
1.7,80,7,47.6,7501382.249
1.7,80,7,47.7,11073469.03
1.7,80,7,47.8,8930216.964
1.7,80,7,47.9,5358130.178
1.7,80,7,48,10001843
1.7,80,7,48.1,6072547.535
1.7,80,7,48.2,10716260.36
1.7,80,7,48.3,7501382.249
1.7,80,7,48.4,8573008.285
1.7,80,7,48.5,10359051.68
1.7,80,7,48.6,10001843
1.7,80,7,48.7,7858590.928
1.7,80,7,48.8,8573008.285
1.7,80,7,48.9,8215799.606
1.7,80,7,49,7501382.249
1.7,80,7,49.1,9287425.642
1.7,80,7,49.2,5715338.857
1.7,80,7,49.3,10716260.36
1.7,80,7,49.4,6786964.892
1.7,80,7,49.5,8573008.285
1.7,80,7,49.6,6786964.892
1.7,80,7,49.7,6786964.892
1.7,80,7,49.8,10001843
1.7,80,7,49.9,9287425.642
1.7,80,7,50,7144173.571
1.7,80,7,50.1,8573008.285
1.7,80,7,50.2,6072547.535
1.7,80,7,50.3,8573008.285
1.7,80,7,50.4,5715338.857
1.7,80,7,50.5,7144173.571
1.7,80,7,50.6,8215799.606
1.7,80,7,50.7,5358130.178
1.7,80,7,50.8,7144173.571
1.7,80,7,50.9,9644634.321
1.7,80,7,51,8215799.606
1.7,80,7,51.1,8930216.964
1.7,80,7,51.2,8215799.606
1.7,80,7,51.3,6786964.892
1.7,80,7,51.4,5358130.178
1.7,80,7,51.5,8215799.606
1.7,80,7,51.6,6429756.214
1.7,80,7,51.7,6786964.892
1.7,80,7,51.8,5358130.178
1.7,80,7,51.9,6072547.535
1.7,80,7,52,7858590.928
1.7,80,7,52.1,6429756.214
1.7,80,7,52.2,8930216.964
1.7,80,7,52.3,5715338.857
1.7,80,7,52.4,7144173.571
1.7,80,7,52.5,6429756.214
1.7,80,7,52.6,7858590.928
1.7,80,7,52.7,7858590.928
1.7,80,7,52.8,6429756.214
1.7,80,7,52.9,5715338.857
1.7,80,7,53,6072547.535
1.7,80,7,53.1,6786964.892
1.7,80,7,53.2,7501382.249
1.7,80,7,53.3,8215799.606
1.7,80,7,53.4,2857669.428
1.7,80,7,53.5,5715338.857
1.7,80,7,53.6,6072547.535
1.7,80,7,53.7,7144173.571
1.7,80,7,53.8,5358130.178
1.7,80,7,53.9,6072547.535
1.7,80,7,54,5000921.5
1.7,80,7,54.1,7858590.928
1.7,80,7,54.2,4643712.821
1.7,80,7,54.3,8573008.285
1.7,80,7,54.4,6072547.535
1.7,80,7,54.5,6429756.214
1.7,80,7,54.6,6072547.535
1.7,80,7,54.7,6786964.892
1.7,80,7,54.8,7501382.249
1.7,80,7,54.9,6072547.535
1.7,80,7,55,7501382.249
1.7,80,7,55.1,5715338.857
1.7,80,7,55.2,7858590.928
1.7,80,7,55.3,6786964.892
1.7,80,7,55.4,6429756.214
1.7,80,7,55.5,7501382.249
1.7,80,7,55.6,8930216.964
1.7,80,7,55.7,5358130.178
1.7,80,7,55.8,6429756.214
1.7,80,7,55.9,6786964.892
1.7,80,7,56,7144173.571
1.7,80,7,56.1,5358130.178
1.7,80,7,56.2,9287425.642
1.7,80,7,56.3,5000921.5
1.7,80,7,56.4,5000921.5
1.7,80,7,56.5,5358130.178
1.7,80,7,56.6,6072547.535
1.7,80,7,56.7,7858590.928
1.7,80,7,56.8,6786964.892
1.7,80,7,56.9,6072547.535
1.7,80,7,57,7501382.249
1.7,80,7,57.1,6429756.214
1.7,80,7,57.2,5715338.857
1.7,80,7,57.3,6429756.214
1.7,80,7,57.4,4286504.143
1.7,80,7,57.5,6786964.892
1.7,80,7,57.6,5358130.178
1.7,80,7,57.7,2143252.071
1.7,80,7,57.8,7144173.571
1.7,80,7,57.9,4286504.143
1.7,80,7,58,5358130.178
1.7,80,7,58.1,10716260.36
1.7,80,7,58.2,5000921.5
1.7,80,7,58.3,6786964.892
1.7,80,7,58.4,4286504.143
1.7,80,7,58.5,6429756.214
1.7,80,7,58.6,3214878.107
1.7,80,7,58.7,8215799.606
1.7,80,7,58.8,6072547.535
1.7,80,7,58.9,5715338.857
1.7,80,7,59,4286504.143
1.7,80,7,59.1,5715338.857
1.7,80,7,59.2,3929295.464
1.7,80,7,59.3,3214878.107
1.7,80,7,59.4,3214878.107
1.7,80,7,59.5,15717181.86
1.7,80,7,59.6,6786964.892
1.7,80,7,59.7,3929295.464
1.7,80,7,59.8,5000921.5
1.7,80,7,59.9,4286504.143
1.7,80,7,60,4286504.143
1.7,80,7,60.1,5000921.5
1.7,80,7,60.2,5000921.5
1.7,80,7,60.3,5715338.857
1.7,80,7,60.4,3572086.785
1.7,80,7,60.5,5000921.5
1.7,80,7,60.6,3214878.107
1.7,80,7,60.7,3572086.785
1.7,80,7,60.8,3929295.464
1.7,80,7,60.9,7501382.249
1.7,80,7,61,7144173.571
1.7,80,7,61.1,6072547.535
1.7,80,7,61.2,3929295.464
1.7,80,7,61.3,4286504.143
1.7,80,7,61.4,5000921.5
1.7,80,7,61.5,5715338.857
1.7,80,7,61.6,5000921.5
1.7,80,7,61.7,4286504.143
1.7,80,7,61.8,4643712.821
1.7,80,7,61.9,2857669.428
1.7,80,7,62,7501382.249
1.7,80,7,62.1,3214878.107
1.7,80,7,62.2,8215799.606
1.7,80,7,62.3,5358130.178
1.7,80,7,62.4,5000921.5
1.7,80,7,62.5,3214878.107
1.7,80,7,62.6,3929295.464
1.7,80,7,62.7,2857669.428
1.7,80,7,62.8,4286504.143
1.7,80,7,62.9,4643712.821
1.7,80,7,63,4643712.821
1.7,80,7,63.1,2857669.428
1.7,80,7,63.2,4286504.143
1.7,80,7,63.3,4286504.143
1.7,80,7,63.4,5358130.178
1.7,80,7,63.5,3572086.785
1.7,80,7,63.6,3929295.464
1.7,80,7,63.7,5715338.857
1.7,80,7,63.8,2143252.071
1.7,80,7,63.9,5358130.178
1.7,80,7,64,2500460.75
1.7,80,7,64.1,4286504.143
1.7,80,7,64.2,3572086.785
1.7,80,7,64.3,4643712.821
1.7,80,7,64.4,5358130.178
1.7,80,7,64.5,9287425.642
1.7,80,7,64.6,4643712.821
1.7,80,7,64.7,5000921.5
1.7,80,7,64.8,3572086.785
1.7,80,7,64.9,5715338.857
1.7,80,7,65,2857669.428
1.7,80,7,65.1,3572086.785
1.7,80,7,65.2,4286504.143
1.7,80,7,65.3,2500460.75
1.7,80,7,65.4,3929295.464
1.7,80,7,65.5,3572086.785
1.7,80,7,65.6,2143252.071
1.7,80,7,65.7,4286504.143
1.7,80,7,65.8,4643712.821
1.7,80,7,65.9,3572086.785
1.7,80,7,66,4643712.821
1.7,80,7,66.1,3572086.785
1.7,80,7,66.2,2857669.428
1.7,80,7,66.3,3929295.464
1.7,80,7,66.4,5715338.857
1.7,80,7,66.5,2857669.428
1.7,80,7,66.6,4286504.143
1.7,80,7,66.7,4643712.821
1.7,80,7,66.8,3572086.785
1.7,80,7,66.9,5000921.5
1.7,80,7,67,2857669.428
1.7,80,7,67.1,4643712.821
1.7,80,7,67.2,2143252.071
1.7,80,7,67.3,2143252.071
1.7,80,7,67.4,5000921.5
1.7,80,7,67.5,4286504.143
1.7,80,7,67.6,3214878.107
1.7,80,7,67.7,3572086.785
1.7,80,7,67.8,2500460.75
1.7,80,7,67.9,4286504.143
1.7,80,7,68,4643712.821
1.7,80,7,68.1,2857669.428
1.7,80,7,68.2,3572086.785
1.7,80,7,68.3,2857669.428
1.7,80,7,68.4,1428834.714
1.7,80,7,68.5,2500460.75
1.7,80,7,68.6,1428834.714
1.7,80,7,68.7,2500460.75
1.7,80,7,68.8,2857669.428
1.7,80,7,68.9,3572086.785
1.7,80,7,69,4643712.821
1.7,80,7,69.1,3929295.464
1.7,80,7,69.2,5715338.857
1.7,80,7,69.3,4643712.821
1.7,80,7,69.4,2143252.071
1.7,80,7,69.5,3214878.107
1.7,80,7,69.6,3214878.107
1.7,80,7,69.7,3214878.107
1.7,80,7,69.8,2500460.75
1.7,80,7,69.9,1428834.714
1.7,80,7,70,3214878.107
1.7,80,7,70.1,1786043.393
1.7,80,7,70.2,1071626.036
1.7,80,7,70.3,1786043.393
1.7,80,7,70.4,4643712.821
1.7,80,7,70.5,1071626.036
1.7,80,7,70.6,2500460.75
1.7,80,7,70.7,1786043.393
1.7,80,7,70.8,3572086.785
1.7,80,7,70.9,2857669.428
1.7,80,7,71,714417.3571
1.7,80,7,71.1,1786043.393
1.7,80,7,71.2,714417.3571
1.7,80,7,71.3,4286504.143
1.7,80,7,71.4,2857669.428
1.7,80,7,71.5,3214878.107
1.7,80,7,71.6,1428834.714
1.7,80,7,71.7,2143252.071
1.7,80,7,71.8,3214878.107
1.7,80,7,71.9,1786043.393
1.7,80,7,72,2500460.75
1.7,80,7,72.1,2500460.75
1.7,80,7,72.2,2500460.75
1.7,80,7,72.3,2500460.75
1.7,80,7,72.4,2857669.428
1.7,80,7,72.5,2143252.071
1.7,80,7,72.6,2857669.428
1.7,80,7,72.7,2500460.75
1.7,80,7,72.8,1071626.036
1.7,80,7,72.9,357208.6785
1.7,80,7,73,1071626.036
1.7,80,7,73.1,2500460.75
1.7,80,7,73.2,3214878.107
1.7,80,7,73.3,1786043.393
1.7,80,7,73.4,2143252.071
1.7,80,7,73.5,1428834.714
1.7,80,7,73.6,2857669.428
1.7,80,7,73.7,3572086.785
1.7,80,7,73.8,3572086.785
1.7,80,7,73.9,714417.3571
1.7,80,7,74,714417.3571
1.7,80,7,74.1,1786043.393
1.7,80,7,74.2,2143252.071
1.7,80,7,74.3,2857669.428
1.7,80,7,74.4,357208.6785
1.7,80,7,74.5,3929295.464
1.7,80,7,74.6,1071626.036
1.7,80,7,74.7,1071626.036
1.7,80,7,74.8,2500460.75
1.7,80,7,74.9,1071626.036
1.7,80,7,75,3572086.785
1.7,80,7,75.1,714417.3571
1.7,80,7,75.2,3929295.464
1.7,80,7,75.3,1071626.036
1.7,80,7,75.4,2143252.071
1.7,80,7,75.5,357208.6785
1.7,80,7,75.6,2500460.75
1.7,80,7,75.7,2500460.75
1.7,80,7,75.8,2500460.75
1.7,80,7,75.9,1428834.714
1.7,80,7,76,1071626.036
1.7,80,7,76.1,1786043.393
1.7,80,7,76.2,1071626.036
1.7,80,7,76.3,1071626.036
1.7,80,7,76.4,1071626.036
1.7,80,7,76.5,1786043.393
1.7,80,7,76.6,714417.3571
1.7,80,7,76.7,1071626.036
1.7,80,7,76.8,714417.3571
1.7,80,7,76.9,1428834.714
1.7,80,7,77,1071626.036
1.7,80,7,77.1,1071626.036
1.7,80,7,77.2,1428834.714
1.7,80,7,77.3,714417.3571
1.7,80,7,77.4,357208.6785
1.7,80,7,77.5,1071626.036
1.7,80,7,77.6,1071626.036
1.7,80,7,77.7,714417.3571
1.7,80,7,77.8,2500460.75
1.7,80,7,77.9,357208.6785
1.7,80,7,78,714417.3571
1.7,80,7,78.1,714417.3571
1.7,80,7,78.2,357208.6785
1.7,80,7,78.3,2500460.75
1.7,80,7,78.4,357208.6785
1.7,80,7,78.5,714417.3571
1.7,80,7,78.6,357208.6785
1.7,80,7,78.7,1428834.714
1.7,80,7,78.9,357208.6785
1.7,80,7,79,1071626.036
1.7,80,7,79.1,714417.3571
1.7,80,7,79.2,714417.3571
1.7,80,7,79.4,1071626.036
1.7,80,7,79.6,357208.6785
1.7,80,7,79.7,357208.6785
1.7,80,7,79.8,357208.6785
1.7,150,7,3.8,1070038.441
1.7,150,7,3.9,535019.2207
1.7,150,7,4,1070038.441
1.7,150,7,4.1,1070038.441
1.7,150,7,4.2,2140076.883
1.7,150,7,4.3,1605057.662
1.7,150,7,4.4,3210115.324
1.7,150,7,4.5,3210115.324
1.7,150,7,4.6,5350192.207
1.7,150,7,4.7,2140076.883
1.7,150,7,4.8,9095326.753
1.7,150,7,4.9,2675096.104
1.7,150,7,5,4815172.987
1.7,150,7,5.1,5885211.428
1.7,150,7,5.2,7490269.09
1.7,150,7,5.3,10165365.19
1.7,150,7,5.4,11235403.64
1.7,150,7,5.5,10165365.19
1.7,150,7,5.6,11235403.64
1.7,150,7,5.7,7490269.09
1.7,150,7,5.8,19795711.17
1.7,150,7,5.9,16050576.62
1.7,150,7,6,19795711.17
1.7,150,7,6.1,23005826.49
1.7,150,7,6.2,23540845.71
1.7,150,7,6.3,22470807.27
1.7,150,7,6.4,22470807.27
1.7,150,7,6.5,24610884.15
1.7,150,7,6.6,28356018.7
1.7,150,7,6.7,31031114.8
1.7,150,7,6.8,26750961.04
1.7,150,7,6.9,27285980.26
1.7,150,7,7,33171191.69
1.7,150,7,7.1,31031114.8
1.7,150,7,7.2,33706210.91
1.7,150,7,7.3,40661460.78
1.7,150,7,7.4,127869593.8
1.7,150,7,7.5,38521383.89
1.7,150,7,7.6,40126441.56
1.7,150,7,7.7,43871576.1
1.7,150,7,7.8,42801537.66
1.7,150,7,7.9,50291806.75
1.7,150,7,8,50291806.75
1.7,150,7,8.1,44406595.32
1.7,150,7,8.2,53501922.07
1.7,150,7,8.3,303355898.2
1.7,150,7,8.4,2217119651
1.7,150,7,8.5,49756787.53
1.7,150,7,8.6,62062229.61
1.7,150,7,8.7,54571960.52
1.7,150,7,8.8,97373498.18
1.7,150,7,8.9,48686749.09
1.7,150,7,9,79717863.89
1.7,150,7,9.1,62597248.83
1.7,150,7,9.2,57782075.84
1.7,150,7,9.3,56712037.4
1.7,150,7,9.4,73297633.24
1.7,150,7,9.5,162110823.9
1.7,150,7,9.6,112889055.6
1.7,150,7,9.7,1559581028
1.7,150,7,9.8,208122476.9
1.7,150,7,9.9,143920170.4
1.7,150,7,10,667168968.3
1.7,150,7,10.1,88813190.64
1.7,150,7,10.2,80787902.33
1.7,150,7,10.3,34241230.13
1.7,150,7,10.4,44406595.32
1.7,150,7,10.5,36381307.01
1.7,150,7,10.6,39056403.11
1.7,150,7,10.7,35846287.79
1.7,150,7,10.8,33706210.91
1.7,150,7,10.9,37451345.45
1.7,150,7,11,52966902.85
1.7,150,7,11.1,35311268.57
1.7,150,7,11.2,41196480
1.7,150,7,11.3,232198341.8
1.7,150,7,11.4,43871576.1
1.7,150,7,11.5,37986364.67
1.7,150,7,11.6,33706210.91
1.7,150,7,11.7,49221768.31
1.7,150,7,11.8,31566134.02
1.7,150,7,11.9,35846287.79
1.7,150,7,12,35846287.79
1.7,150,7,12.1,33171191.69
1.7,150,7,12.2,25145903.38
1.7,150,7,12.3,27285980.26
1.7,150,7,12.4,35311268.57
1.7,150,7,12.5,28356018.7
1.7,150,7,12.6,30496095.58
1.7,150,7,12.7,23540845.71
1.7,150,7,12.8,32636172.47
1.7,150,7,12.9,28891037.92
1.7,150,7,13,31566134.02
1.7,150,7,13.1,34241230.13
1.7,150,7,13.2,34241230.13
1.7,150,7,13.3,33706210.91
1.7,150,7,13.4,34776249.35
1.7,150,7,13.5,40661460.78
1.7,150,7,13.6,24610884.15
1.7,150,7,13.7,32101153.24
1.7,150,7,13.8,35311268.57
1.7,150,7,13.9,31031114.8
1.7,150,7,14,27820999.48
1.7,150,7,14.1,38521383.89
1.7,150,7,14.2,39591422.34
1.7,150,7,14.3,36916326.23
1.7,150,7,14.4,33706210.91
1.7,150,7,14.5,33171191.69
1.7,150,7,14.6,33171191.69
1.7,150,7,14.7,35846287.79
1.7,150,7,14.8,33171191.69
1.7,150,7,14.9,30496095.58
1.7,150,7,15,43336556.88
1.7,150,7,15.1,39591422.34
1.7,150,7,15.2,40661460.78
1.7,150,7,15.3,43871576.1
1.7,150,7,15.4,39591422.34
1.7,150,7,15.5,42801537.66
1.7,150,7,15.6,40126441.56
1.7,150,7,15.7,39591422.34
1.7,150,7,15.8,33171191.69
1.7,150,7,15.9,39591422.34
1.7,150,7,16,39591422.34
1.7,150,7,16.1,43336556.88
1.7,150,7,16.2,36916326.23
1.7,150,7,16.3,41731499.22
1.7,150,7,16.4,43336556.88
1.7,150,7,16.5,47616710.65
1.7,150,7,16.6,46011652.98
1.7,150,7,16.7,35311268.57
1.7,150,7,16.8,48151729.87
1.7,150,7,16.9,45476633.76
1.7,150,7,17,54571960.52
1.7,150,7,17.1,40126441.56
1.7,150,7,17.2,47081691.43
1.7,150,7,17.3,40661460.78
1.7,150,7,17.4,46546672.21
1.7,150,7,17.5,40661460.78
1.7,150,7,17.6,48151729.87
1.7,150,7,17.7,36916326.23
1.7,150,7,17.8,41196480
1.7,150,7,17.9,46011652.98
1.7,150,7,18,40126441.56
1.7,150,7,18.1,44406595.32
1.7,150,7,18.2,47081691.43
1.7,150,7,18.3,40661460.78
1.7,150,7,18.4,40661460.78
1.7,150,7,18.5,44406595.32
1.7,150,7,18.6,42266518.44
1.7,150,7,18.7,43871576.1
1.7,150,7,18.8,43336556.88
1.7,150,7,18.9,46011652.98
1.7,150,7,19,48686749.09
1.7,150,7,19.1,40661460.78
1.7,150,7,19.2,36381307.01
1.7,150,7,19.3,49756787.53
1.7,150,7,19.4,49221768.31
1.7,150,7,19.5,36916326.23
1.7,150,7,19.6,43871576.1
1.7,150,7,19.7,48686749.09
1.7,150,7,19.8,48686749.09
1.7,150,7,19.9,51361845.19
1.7,150,7,20,56712037.4
1.7,150,7,20.1,48151729.87
1.7,150,7,20.2,46011652.98
1.7,150,7,20.3,44941614.54
1.7,150,7,20.4,39591422.34
1.7,150,7,20.5,42801537.66
1.7,150,7,20.6,43871576.1
1.7,150,7,20.7,41196480
1.7,150,7,20.8,46546672.21
1.7,150,7,20.9,41731499.22
1.7,150,7,21,41196480
1.7,150,7,21.1,47081691.43
1.7,150,7,21.2,42801537.66
1.7,150,7,21.3,50826825.97
1.7,150,7,21.4,39591422.34
1.7,150,7,21.5,49756787.53
1.7,150,7,21.6,44406595.32
1.7,150,7,21.7,42801537.66
1.7,150,7,21.8,47616710.65
1.7,150,7,21.9,50291806.75
1.7,150,7,22,42801537.66
1.7,150,7,22.1,51896864.41
1.7,150,7,22.2,51896864.41
1.7,150,7,22.3,45476633.76
1.7,150,7,22.4,45476633.76
1.7,150,7,22.5,40661460.78
1.7,150,7,22.6,44406595.32
1.7,150,7,22.7,51361845.19
1.7,150,7,22.8,43871576.1
1.7,150,7,22.9,42801537.66
1.7,150,7,23,47081691.43
1.7,150,7,23.1,44941614.54
1.7,150,7,23.2,47081691.43
1.7,150,7,23.3,54571960.52
1.7,150,7,23.4,46546672.21
1.7,150,7,23.5,42266518.44
1.7,150,7,23.6,41196480
1.7,150,7,23.7,45476633.76
1.7,150,7,23.8,36916326.23
1.7,150,7,23.9,42266518.44
1.7,150,7,24,49756787.53
1.7,150,7,24.1,32636172.47
1.7,150,7,24.2,50826825.97
1.7,150,7,24.3,38521383.89
1.7,150,7,24.4,44406595.32
1.7,150,7,24.5,48686749.09
1.7,150,7,24.6,39056403.11
1.7,150,7,24.7,45476633.76
1.7,150,7,24.8,46546672.21
1.7,150,7,24.9,40661460.78
1.7,150,7,25,44941614.54
1.7,150,7,25.1,47081691.43
1.7,150,7,25.2,44941614.54
1.7,150,7,25.3,44941614.54
1.7,150,7,25.4,39056403.11
1.7,150,7,25.5,50826825.97
1.7,150,7,25.6,38521383.89
1.7,150,7,25.7,40661460.78
1.7,150,7,25.8,38521383.89
1.7,150,7,25.9,44941614.54
1.7,150,7,26,50826825.97
1.7,150,7,26.1,37986364.67
1.7,150,7,26.2,42801537.66
1.7,150,7,26.3,44406595.32
1.7,150,7,26.4,38521383.89
1.7,150,7,26.5,46011652.98
1.7,150,7,26.6,39056403.11
1.7,150,7,26.7,48686749.09
1.7,150,7,26.8,31031114.8
1.7,150,7,26.9,32636172.47
1.7,150,7,27,44406595.32
1.7,150,7,27.1,32101153.24
1.7,150,7,27.2,37986364.67
1.7,150,7,27.3,35846287.79
1.7,150,7,27.4,40126441.56
1.7,150,7,27.5,36381307.01
1.7,150,7,27.6,35311268.57
1.7,150,7,27.7,49756787.53
1.7,150,7,27.8,57782075.84
1.7,150,7,27.9,40661460.78
1.7,150,7,28,40126441.56
1.7,150,7,28.1,35311268.57
1.7,150,7,28.2,44406595.32
1.7,150,7,28.3,48151729.87
1.7,150,7,28.4,37986364.67
1.7,150,7,28.5,34241230.13
1.7,150,7,28.6,27820999.48
1.7,150,7,28.7,38521383.89
1.7,150,7,28.8,36381307.01
1.7,150,7,28.9,36381307.01
1.7,150,7,29,41196480
1.7,150,7,29.1,31566134.02
1.7,150,7,29.2,35311268.57
1.7,150,7,29.3,43336556.88
1.7,150,7,29.4,40661460.78
1.7,150,7,29.5,31031114.8
1.7,150,7,29.6,39056403.11
1.7,150,7,29.7,41196480
1.7,150,7,29.8,40661460.78
1.7,150,7,29.9,29961076.36
1.7,150,7,30,36916326.23
1.7,150,7,30.1,37986364.67
1.7,150,7,30.2,37986364.67
1.7,150,7,30.3,41731499.22
1.7,150,7,30.4,35846287.79
1.7,150,7,30.5,32101153.24
1.7,150,7,30.6,36916326.23
1.7,150,7,30.7,39056403.11
1.7,150,7,30.8,33706210.91
1.7,150,7,30.9,29426057.14
1.7,150,7,31,44406595.32
1.7,150,7,31.1,37986364.67
1.7,150,7,31.2,31031114.8
1.7,150,7,31.3,31566134.02
1.7,150,7,31.4,41196480
1.7,150,7,31.5,33171191.69
1.7,150,7,31.6,34776249.35
1.7,150,7,31.7,27820999.48
1.7,150,7,31.8,43336556.88
1.7,150,7,31.9,35846287.79
1.7,150,7,32,36916326.23
1.7,150,7,32.1,41196480
1.7,150,7,32.2,41196480
1.7,150,7,32.3,36916326.23
1.7,150,7,32.4,34241230.13
1.7,150,7,32.5,24610884.15
1.7,150,7,32.6,39056403.11
1.7,150,7,32.7,37986364.67
1.7,150,7,32.8,27820999.48
1.7,150,7,32.9,29426057.14
1.7,150,7,33,32101153.24
1.7,150,7,33.1,32636172.47
1.7,150,7,33.2,34776249.35
1.7,150,7,33.3,34776249.35
1.7,150,7,33.4,35311268.57
1.7,150,7,33.5,31566134.02
1.7,150,7,33.6,29426057.14
1.7,150,7,33.7,28891037.92
1.7,150,7,33.8,34776249.35
1.7,150,7,33.9,33171191.69
1.7,150,7,34,34241230.13
1.7,150,7,34.1,34776249.35
1.7,150,7,34.2,35311268.57
1.7,150,7,34.3,30496095.58
1.7,150,7,34.4,31031114.8
1.7,150,7,34.5,33706210.91
1.7,150,7,34.6,32636172.47
1.7,150,7,34.7,28356018.7
1.7,150,7,34.8,28356018.7
1.7,150,7,34.9,29426057.14
1.7,150,7,35,34776249.35
1.7,150,7,35.1,27285980.26
1.7,150,7,35.2,29426057.14
1.7,150,7,35.3,35311268.57
1.7,150,7,35.4,32636172.47
1.7,150,7,35.5,26215941.82
1.7,150,7,35.6,27820999.48
1.7,150,7,35.7,27285980.26
1.7,150,7,35.8,30496095.58
1.7,150,7,35.9,29426057.14
1.7,150,7,36,24075864.93
1.7,150,7,36.1,32101153.24
1.7,150,7,36.2,37451345.45
1.7,150,7,36.3,37986364.67
1.7,150,7,36.4,27285980.26
1.7,150,7,36.5,35846287.79
1.7,150,7,36.6,34776249.35
1.7,150,7,36.7,37451345.45
1.7,150,7,36.8,32636172.47
1.7,150,7,36.9,33706210.91
1.7,150,7,37,25680922.6
1.7,150,7,37.1,32101153.24
1.7,150,7,37.2,27285980.26
1.7,150,7,37.3,32101153.24
1.7,150,7,37.4,27820999.48
1.7,150,7,37.5,32636172.47
1.7,150,7,37.6,32636172.47
1.7,150,7,37.7,36916326.23
1.7,150,7,37.8,35846287.79
1.7,150,7,37.9,34776249.35
1.7,150,7,38,33706210.91
1.7,150,7,38.1,26750961.04
1.7,150,7,38.2,25145903.38
1.7,150,7,38.3,21400768.83
1.7,150,7,38.4,27285980.26
1.7,150,7,38.5,26215941.82
1.7,150,7,38.6,30496095.58
1.7,150,7,38.7,29426057.14
1.7,150,7,38.8,33706210.91
1.7,150,7,38.9,26215941.82
1.7,150,7,39,33706210.91
1.7,150,7,39.1,22470807.27
1.7,150,7,39.2,26750961.04
1.7,150,7,39.3,25145903.38
1.7,150,7,39.4,20330730.39
1.7,150,7,39.5,28891037.92
1.7,150,7,39.6,29426057.14
1.7,150,7,39.7,31566134.02
1.7,150,7,39.8,24075864.93
1.7,150,7,39.9,32101153.24
1.7,150,7,40,29426057.14
1.7,150,7,40.1,27285980.26
1.7,150,7,40.2,21400768.83
1.7,150,7,40.3,27285980.26
1.7,150,7,40.4,22470807.27
1.7,150,7,40.5,25145903.38
1.7,150,7,40.6,32636172.47
1.7,150,7,40.7,27820999.48
1.7,150,7,40.8,33171191.69
1.7,150,7,40.9,18190653.51
1.7,150,7,41,29961076.36
1.7,150,7,41.1,21400768.83
1.7,150,7,41.2,32636172.47
1.7,150,7,41.3,31031114.8
1.7,150,7,41.4,26215941.82
1.7,150,7,41.5,24610884.15
1.7,150,7,41.6,30496095.58
1.7,150,7,41.7,22470807.27
1.7,150,7,41.8,27820999.48
1.7,150,7,41.9,24610884.15
1.7,150,7,42,28356018.7
1.7,150,7,42.1,28891037.92
1.7,150,7,42.2,24075864.93
1.7,150,7,42.3,21935788.05
1.7,150,7,42.4,30496095.58
1.7,150,7,42.5,21935788.05
1.7,150,7,42.6,30496095.58
1.7,150,7,42.7,30496095.58
1.7,150,7,42.8,18190653.51
1.7,150,7,42.9,33706210.91
1.7,150,7,43,23005826.49
1.7,150,7,43.1,18190653.51
1.7,150,7,43.2,30496095.58
1.7,150,7,43.3,19260691.95
1.7,150,7,43.4,23540845.71
1.7,150,7,43.5,27820999.48
1.7,150,7,43.6,23540845.71
1.7,150,7,43.7,23005826.49
1.7,150,7,43.8,24075864.93
1.7,150,7,43.9,23540845.71
1.7,150,7,44,23005826.49
1.7,150,7,44.1,23005826.49
1.7,150,7,44.2,27820999.48
1.7,150,7,44.3,18725672.73
1.7,150,7,44.4,26750961.04
1.7,150,7,44.5,22470807.27
1.7,150,7,44.6,26215941.82
1.7,150,7,44.7,26215941.82
1.7,150,7,44.8,23540845.71
1.7,150,7,44.9,27285980.26
1.7,150,7,45,27820999.48
1.7,150,7,45.1,23540845.71
1.7,150,7,45.2,19260691.95
1.7,150,7,45.3,21400768.83
1.7,150,7,45.4,18190653.51
1.7,150,7,45.5,24075864.93
1.7,150,7,45.6,25145903.38
1.7,150,7,45.7,21935788.05
1.7,150,7,45.8,24075864.93
1.7,150,7,45.9,20865749.61
1.7,150,7,46,27285980.26
1.7,150,7,46.1,21400768.83
1.7,150,7,46.2,22470807.27
1.7,150,7,46.3,23005826.49
1.7,150,7,46.4,16050576.62
1.7,150,7,46.5,24075864.93
1.7,150,7,46.6,23005826.49
1.7,150,7,46.7,25145903.38
1.7,150,7,46.8,22470807.27
1.7,150,7,46.9,21935788.05
1.7,150,7,47,24610884.15
1.7,150,7,47.1,20865749.61
1.7,150,7,47.2,19795711.17
1.7,150,7,47.3,24610884.15
1.7,150,7,47.4,20865749.61
1.7,150,7,47.5,23540845.71
1.7,150,7,47.6,25680922.6
1.7,150,7,47.7,20330730.39
1.7,150,7,47.8,22470807.27
1.7,150,7,47.9,16585595.84
1.7,150,7,48,22470807.27
1.7,150,7,48.1,20865749.61
1.7,150,7,48.2,21935788.05
1.7,150,7,48.3,23005826.49
1.7,150,7,48.4,18725672.73
1.7,150,7,48.5,17120615.06
1.7,150,7,48.6,23005826.49
1.7,150,7,48.7,21935788.05
1.7,150,7,48.8,18725672.73
1.7,150,7,48.9,19795711.17
1.7,150,7,49,29961076.36
1.7,150,7,49.1,22470807.27
1.7,150,7,49.2,27285980.26
1.7,150,7,49.3,20330730.39
1.7,150,7,49.4,18725672.73
1.7,150,7,49.5,22470807.27
1.7,150,7,49.6,21400768.83
1.7,150,7,49.7,21935788.05
1.7,150,7,49.8,17655634.28
1.7,150,7,49.9,19795711.17
1.7,150,7,50,20865749.61
1.7,150,7,50.1,18190653.51
1.7,150,7,50.2,13910499.74
1.7,150,7,50.3,22470807.27
1.7,150,7,50.4,25680922.6
1.7,150,7,50.5,21400768.83
1.7,150,7,50.6,21400768.83
1.7,150,7,50.7,30496095.58
1.7,150,7,50.8,18725672.73
1.7,150,7,50.9,19795711.17
1.7,150,7,51,19260691.95
1.7,150,7,51.1,23540845.71
1.7,150,7,51.2,22470807.27
1.7,150,7,51.3,24075864.93
1.7,150,7,51.4,15515557.4
1.7,150,7,51.5,16585595.84
1.7,150,7,51.6,21400768.83
1.7,150,7,51.7,21935788.05
1.7,150,7,51.8,17120615.06
1.7,150,7,51.9,21935788.05
1.7,150,7,52,26750961.04
1.7,150,7,52.1,16585595.84
1.7,150,7,52.2,20330730.39
1.7,150,7,52.3,18725672.73
1.7,150,7,52.4,17120615.06
1.7,150,7,52.5,18725672.73
1.7,150,7,52.6,16585595.84
1.7,150,7,52.7,19260691.95
1.7,150,7,52.8,16585595.84
1.7,150,7,52.9,26750961.04
1.7,150,7,53,22470807.27
1.7,150,7,53.1,17655634.28
1.7,150,7,53.2,19260691.95
1.7,150,7,53.3,20865749.61
1.7,150,7,53.4,19795711.17
1.7,150,7,53.5,21400768.83
1.7,150,7,53.6,21400768.83
1.7,150,7,53.7,18725672.73
1.7,150,7,53.8,24075864.93
1.7,150,7,53.9,19260691.95
1.7,150,7,54,21400768.83
1.7,150,7,54.1,24610884.15
1.7,150,7,54.2,19260691.95
1.7,150,7,54.3,16585595.84
1.7,150,7,54.4,16585595.84
1.7,150,7,54.5,16050576.62
1.7,150,7,54.6,18725672.73
1.7,150,7,54.7,19260691.95
1.7,150,7,54.8,16050576.62
1.7,150,7,54.9,18725672.73
1.7,150,7,55,22470807.27
1.7,150,7,55.1,14445518.96
1.7,150,7,55.2,26215941.82
1.7,150,7,55.3,13375480.52
1.7,150,7,55.4,22470807.27
1.7,150,7,55.5,21935788.05
1.7,150,7,55.6,14445518.96
1.7,150,7,55.7,16585595.84
1.7,150,7,55.8,19795711.17
1.7,150,7,55.9,20330730.39
1.7,150,7,56,16585595.84
1.7,150,7,56.1,19260691.95
1.7,150,7,56.2,16050576.62
1.7,150,7,56.3,17655634.28
1.7,150,7,56.4,22470807.27
1.7,150,7,56.5,13910499.74
1.7,150,7,56.6,20330730.39
1.7,150,7,56.7,17655634.28
1.7,150,7,56.8,23540845.71
1.7,150,7,56.9,20330730.39
1.7,150,7,57,26750961.04
1.7,150,7,57.1,15515557.4
1.7,150,7,57.2,21935788.05
1.7,150,7,57.3,21935788.05
1.7,150,7,57.4,16050576.62
1.7,150,7,57.5,13375480.52
1.7,150,7,57.6,22470807.27
1.7,150,7,57.7,17120615.06
1.7,150,7,57.8,18725672.73
1.7,150,7,57.9,22470807.27
1.7,150,7,58,15515557.4
1.7,150,7,58.1,188861784.9
1.7,150,7,58.2,15515557.4
1.7,150,7,58.3,16585595.84
1.7,150,7,58.4,16050576.62
1.7,150,7,58.5,17120615.06
1.7,150,7,58.6,16585595.84
1.7,150,7,58.7,17120615.06
1.7,150,7,58.8,18725672.73
1.7,150,7,58.9,15515557.4
1.7,150,7,59,12840461.3
1.7,150,7,59.1,18190653.51
1.7,150,7,59.2,13910499.74
1.7,150,7,59.3,18190653.51
1.7,150,7,59.4,11235403.64
1.7,150,7,59.5,351507628
1.7,150,7,59.6,17655634.28
1.7,150,7,59.7,11770422.86
1.7,150,7,59.8,15515557.4
1.7,150,7,59.9,20330730.39
1.7,150,7,60,23005826.49
1.7,150,7,60.1,13375480.52
1.7,150,7,60.2,15515557.4
1.7,150,7,60.3,16585595.84
1.7,150,7,60.4,12840461.3
1.7,150,7,60.5,20330730.39
1.7,150,7,60.6,15515557.4
1.7,150,7,60.7,11770422.86
1.7,150,7,60.8,17120615.06
1.7,150,7,60.9,14980538.18
1.7,150,7,61,23005826.49
1.7,150,7,61.1,16050576.62
1.7,150,7,61.2,20330730.39
1.7,150,7,61.3,19260691.95
1.7,150,7,61.4,11235403.64
1.7,150,7,61.5,16585595.84
1.7,150,7,61.6,16050576.62
1.7,150,7,61.7,13910499.74
1.7,150,7,61.8,13910499.74
1.7,150,7,61.9,13375480.52
1.7,150,7,62,19795711.17
1.7,150,7,62.1,15515557.4
1.7,150,7,62.2,13910499.74
1.7,150,7,62.3,9630345.973
1.7,150,7,62.4,20330730.39
1.7,150,7,62.5,18190653.51
1.7,150,7,62.6,14445518.96
1.7,150,7,62.7,13910499.74
1.7,150,7,62.8,16050576.62
1.7,150,7,62.9,10700384.41
1.7,150,7,63,10165365.19
1.7,150,7,63.1,16585595.84
1.7,150,7,63.2,16585595.84
1.7,150,7,63.3,17120615.06
1.7,150,7,63.4,12305442.08
1.7,150,7,63.5,14980538.18
1.7,150,7,63.6,14980538.18
1.7,150,7,63.7,13375480.52
1.7,150,7,63.8,18190653.51
1.7,150,7,63.9,14980538.18
1.7,150,7,64,17655634.28
1.7,150,7,64.1,14445518.96
1.7,150,7,64.2,18190653.51
1.7,150,7,64.3,16050576.62
1.7,150,7,64.4,8560307.532
1.7,150,7,64.5,14445518.96
1.7,150,7,64.6,16050576.62
1.7,150,7,64.7,15515557.4
1.7,150,7,64.8,14445518.96
1.7,150,7,64.9,13375480.52
1.7,150,7,65,13375480.52
1.7,150,7,65.1,11770422.86
1.7,150,7,65.2,16585595.84
1.7,150,7,65.3,13375480.52
1.7,150,7,65.4,9630345.973
1.7,150,7,65.5,17655634.28
1.7,150,7,65.6,14980538.18
1.7,150,7,65.7,12840461.3
1.7,150,7,65.8,17655634.28
1.7,150,7,65.9,14980538.18
1.7,150,7,66,15515557.4
1.7,150,7,66.1,12305442.08
1.7,150,7,66.2,14445518.96
1.7,150,7,66.3,15515557.4
1.7,150,7,66.4,12305442.08
1.7,150,7,66.5,12840461.3
1.7,150,7,66.6,18190653.51
1.7,150,7,66.7,13910499.74
1.7,150,7,66.8,8560307.532
1.7,150,7,66.9,13375480.52
1.7,150,7,67,13375480.52
1.7,150,7,67.1,43871576.1
1.7,150,7,67.2,9095326.753
1.7,150,7,67.3,12305442.08
1.7,150,7,67.4,73297633.24
1.7,150,7,67.5,10165365.19
1.7,150,7,67.6,11770422.86
1.7,150,7,67.7,12305442.08
1.7,150,7,67.8,13375480.52
1.7,150,7,67.9,17120615.06
1.7,150,7,68,10165365.19
1.7,150,7,68.1,11770422.86
1.7,150,7,68.2,12305442.08
1.7,150,7,68.3,13910499.74
1.7,150,7,68.4,12840461.3
1.7,150,7,68.5,12840461.3
1.7,150,7,68.6,9630345.973
1.7,150,7,68.7,14980538.18
1.7,150,7,68.8,13375480.52
1.7,150,7,68.9,13375480.52
1.7,150,7,69,10700384.41
1.7,150,7,69.1,14980538.18
1.7,150,7,69.2,16050576.62
1.7,150,7,69.3,25680922.6
1.7,150,7,69.4,11235403.64
1.7,150,7,69.5,23540845.71
1.7,150,7,69.6,17120615.06
1.7,150,7,69.7,11770422.86
1.7,150,7,69.8,8025288.311
1.7,150,7,69.9,10700384.41
1.7,150,7,70,10700384.41
1.7,150,7,70.1,13910499.74
1.7,150,7,70.2,10700384.41
1.7,150,7,70.3,9630345.973
1.7,150,7,70.4,13910499.74
1.7,150,7,70.5,6955249.87
1.7,150,7,70.6,13375480.52
1.7,150,7,70.7,12840461.3
1.7,150,7,70.8,10165365.19
1.7,150,7,70.9,10700384.41
1.7,150,7,71,12840461.3
1.7,150,7,71.1,11235403.64
1.7,150,7,71.2,9630345.973
1.7,150,7,71.3,14445518.96
1.7,150,7,71.4,6420230.649
1.7,150,7,71.5,10700384.41
1.7,150,7,71.6,14980538.18
1.7,150,7,71.7,11235403.64
1.7,150,7,71.8,12840461.3
1.7,150,7,71.9,11235403.64
1.7,150,7,72,11235403.64
1.7,150,7,72.1,9630345.973
1.7,150,7,72.2,8025288.311
1.7,150,7,72.3,12840461.3
1.7,150,7,72.4,10700384.41
1.7,150,7,72.5,6420230.649
1.7,150,7,72.6,11235403.64
1.7,150,7,72.7,10165365.19
1.7,150,7,72.8,12840461.3
1.7,150,7,72.9,14445518.96
1.7,150,7,73,11235403.64
1.7,150,7,73.1,11770422.86
1.7,150,7,73.2,8560307.532
1.7,150,7,73.3,13375480.52
1.7,150,7,73.4,12305442.08
1.7,150,7,73.5,11770422.86
1.7,150,7,73.6,12840461.3
1.7,150,7,73.7,13375480.52
1.7,150,7,73.8,12840461.3
1.7,150,7,73.9,7490269.09
1.7,150,7,74,8560307.532
1.7,150,7,74.1,10165365.19
1.7,150,7,74.2,10700384.41
1.7,150,7,74.3,4280153.766
1.7,150,7,74.4,8560307.532
1.7,150,7,74.5,6420230.649
1.7,150,7,74.6,11770422.86
1.7,150,7,74.7,11770422.86
1.7,150,7,74.8,12305442.08
1.7,150,7,74.9,8560307.532
1.7,150,7,75,8025288.311
1.7,150,7,75.1,9095326.753
1.7,150,7,75.2,16050576.62
1.7,150,7,75.3,6955249.87
1.7,150,7,75.4,10165365.19
1.7,150,7,75.5,11235403.64
1.7,150,7,75.6,9095326.753
1.7,150,7,75.7,13375480.52
1.7,150,7,75.8,11770422.86
1.7,150,7,75.9,13375480.52
1.7,150,7,76,8025288.311
1.7,150,7,76.1,10165365.19
1.7,150,7,76.2,11770422.86
1.7,150,7,76.3,12305442.08
1.7,150,7,76.4,6955249.87
1.7,150,7,76.5,11235403.64
1.7,150,7,76.6,11770422.86
1.7,150,7,76.7,11770422.86
1.7,150,7,76.8,10165365.19
1.7,150,7,76.9,10165365.19
1.7,150,7,77,13375480.52
1.7,150,7,77.1,10165365.19
1.7,150,7,77.2,9630345.973
1.7,150,7,77.3,13375480.52
1.7,150,7,77.4,11770422.86
1.7,150,7,77.5,6955249.87
1.7,150,7,77.6,7490269.09
1.7,150,7,77.7,10700384.41
1.7,150,7,77.8,16585595.84
1.7,150,7,77.9,10165365.19
1.7,150,7,78,8560307.532
1.7,150,7,78.1,10700384.41
1.7,150,7,78.2,13375480.52
1.7,150,7,78.3,11770422.86
1.7,150,7,78.4,11235403.64
1.7,150,7,78.5,6420230.649
1.7,150,7,78.6,7490269.09
1.7,150,7,78.7,9630345.973
1.7,150,7,78.8,10165365.19
1.7,150,7,78.9,9630345.973
1.7,150,7,79,10700384.41
1.7,150,7,79.1,13375480.52
1.7,150,7,79.2,9095326.753
1.7,150,7,79.3,6420230.649
1.7,150,7,79.4,10165365.19
1.7,150,7,79.5,10165365.19
1.7,150,7,79.6,9630345.973
1.7,150,7,79.7,8025288.311
1.7,150,7,79.8,7490269.09
1.7,150,7,79.9,10700384.41
1.7,150,7,80,10165365.19
1.7,150,7,80.1,5885211.428
1.7,150,7,80.2,9095326.753
1.7,150,7,80.3,8560307.532
1.7,150,7,80.4,5885211.428
1.7,150,7,80.5,10700384.41
1.7,150,7,80.6,10165365.19
1.7,150,7,80.7,9630345.973
1.7,150,7,80.8,11235403.64
1.7,150,7,80.9,8025288.311
1.7,150,7,81,14445518.96
1.7,150,7,81.1,11235403.64
1.7,150,7,81.2,11235403.64
1.7,150,7,81.3,13375480.52
1.7,150,7,81.4,9095326.753
1.7,150,7,81.5,6955249.87
1.7,150,7,81.6,12305442.08
1.7,150,7,81.7,9630345.973
1.7,150,7,81.8,8025288.311
1.7,150,7,81.9,6955249.87
1.7,150,7,82,8560307.532
1.7,150,7,82.1,6420230.649
1.7,150,7,82.2,6955249.87
1.7,150,7,82.3,13910499.74
1.7,150,7,82.4,9095326.753
1.7,150,7,82.5,10165365.19
1.7,150,7,82.6,9630345.973
1.7,150,7,82.7,8025288.311
1.7,150,7,82.8,8560307.532
1.7,150,7,82.9,9095326.753
1.7,150,7,83,6955249.87
1.7,150,7,83.1,6955249.87
1.7,150,7,83.2,6955249.87
1.7,150,7,83.3,6420230.649
1.7,150,7,83.4,4815172.987
1.7,150,7,83.5,8560307.532
1.7,150,7,83.6,11770422.86
1.7,150,7,83.7,8025288.311
1.7,150,7,83.8,7490269.09
1.7,150,7,83.9,11770422.86
1.7,150,7,84,5885211.428
1.7,150,7,84.1,9095326.753
1.7,150,7,84.2,11770422.86
1.7,150,7,84.3,11770422.86
1.7,150,7,84.4,11235403.64
1.7,150,7,84.5,10700384.41
1.7,150,7,84.6,12840461.3
1.7,150,7,84.7,9630345.973
1.7,150,7,84.8,7490269.09
1.7,150,7,84.9,9095326.753
1.7,150,7,85,10700384.41
1.7,150,7,85.1,12840461.3
1.7,150,7,85.2,6955249.87
1.7,150,7,85.3,7490269.09
1.7,150,7,85.4,6955249.87
1.7,150,7,85.5,9095326.753
1.7,150,7,85.6,10165365.19
1.7,150,7,85.7,12305442.08
1.7,150,7,85.8,9095326.753
1.7,150,7,85.9,6955249.87
1.7,150,7,86,10165365.19
1.7,150,7,86.1,8025288.311
1.7,150,7,86.2,8025288.311
1.7,150,7,86.3,7490269.09
1.7,150,7,86.4,7490269.09
1.7,150,7,86.5,9095326.753
1.7,150,7,86.6,10165365.19
1.7,150,7,86.7,9630345.973
1.7,150,7,86.8,4815172.987
1.7,150,7,86.9,7490269.09
1.7,150,7,87,9095326.753
1.7,150,7,87.1,9095326.753
1.7,150,7,87.2,9630345.973
1.7,150,7,87.3,3210115.324
1.7,150,7,87.4,13910499.74
1.7,150,7,87.5,5885211.428
1.7,150,7,87.6,9630345.973
1.7,150,7,87.7,6955249.87
1.7,150,7,87.8,11770422.86
1.7,150,7,87.9,9630345.973
1.7,150,7,88,6420230.649
1.7,150,7,88.1,8025288.311
1.7,150,7,88.2,8025288.311
1.7,150,7,88.3,8025288.311
1.7,150,7,88.4,6955249.87
1.7,150,7,88.5,5885211.428
1.7,150,7,88.6,7490269.09
1.7,150,7,88.7,9095326.753
1.7,150,7,88.8,14445518.96
1.7,150,7,88.9,6955249.87
1.7,150,7,89,7490269.09
1.7,150,7,89.1,4815172.987
1.7,150,7,89.2,5350192.207
1.7,150,7,89.3,9630345.973
1.7,150,7,89.4,11770422.86
1.7,150,7,89.5,4815172.987
1.7,150,7,89.6,9095326.753
1.7,150,7,89.7,6955249.87
1.7,150,7,89.8,5350192.207
1.7,150,7,89.9,6420230.649
1.7,150,7,90,9630345.973
1.7,150,7,90.1,8025288.311
1.7,150,7,90.2,11235403.64
1.7,150,7,90.3,7490269.09
1.7,150,7,90.4,5885211.428
1.7,150,7,90.5,5885211.428
1.7,150,7,90.6,11235403.64
1.7,150,7,90.7,7490269.09
1.7,150,7,90.8,6420230.649
1.7,150,7,90.9,8025288.311
1.7,150,7,91,8025288.311
1.7,150,7,91.1,8025288.311
1.7,150,7,91.2,6420230.649
1.7,150,7,91.3,6955249.87
1.7,150,7,91.4,8025288.311
1.7,150,7,91.5,12305442.08
1.7,150,7,91.6,6420230.649
1.7,150,7,91.7,10165365.19
1.7,150,7,91.8,8025288.311
1.7,150,7,91.9,8560307.532
1.7,150,7,92,11235403.64
1.7,150,7,92.1,8025288.311
1.7,150,7,92.2,6955249.87
1.7,150,7,92.3,9095326.753
1.7,150,7,92.4,5885211.428
1.7,150,7,92.5,8025288.311
1.7,150,7,92.6,6955249.87
1.7,150,7,92.7,7490269.09
1.7,150,7,92.8,4815172.987
1.7,150,7,92.9,7490269.09
1.7,150,7,93,7490269.09
1.7,150,7,93.1,5885211.428
1.7,150,7,93.2,4280153.766
1.7,150,7,93.3,9095326.753
1.7,150,7,93.4,9095326.753
1.7,150,7,93.5,8560307.532
1.7,150,7,93.6,7490269.09
1.7,150,7,93.7,6955249.87
1.7,150,7,93.8,4280153.766
1.7,150,7,93.9,8560307.532
1.7,150,7,94,5350192.207
1.7,150,7,94.1,4815172.987
1.7,150,7,94.2,6955249.87
1.7,150,7,94.3,6420230.649
1.7,150,7,94.4,8560307.532
1.7,150,7,94.5,5885211.428
1.7,150,7,94.6,2140076.883
1.7,150,7,94.7,9095326.753
1.7,150,7,94.8,9095326.753
1.7,150,7,94.9,9630345.973
1.7,150,7,95,9630345.973
1.7,150,7,95.1,8560307.532
1.7,150,7,95.2,6420230.649
1.7,150,7,95.3,7490269.09
1.7,150,7,95.4,7490269.09
1.7,150,7,95.5,10165365.19
1.7,150,7,95.6,5885211.428
1.7,150,7,95.7,4280153.766
1.7,150,7,95.8,8025288.311
1.7,150,7,95.9,8560307.532
1.7,150,7,96,5885211.428
1.7,150,7,96.1,6420230.649
1.7,150,7,96.2,9095326.753
1.7,150,7,96.3,8025288.311
1.7,150,7,96.4,9095326.753
1.7,150,7,96.5,4280153.766
1.7,150,7,96.6,5885211.428
1.7,150,7,96.7,4815172.987
1.7,150,7,96.8,3210115.324
1.7,150,7,96.9,6955249.87
1.7,150,7,97,6420230.649
1.7,150,7,97.1,8025288.311
1.7,150,7,97.2,4280153.766
1.7,150,7,97.3,5350192.207
1.7,150,7,97.4,5885211.428
1.7,150,7,97.5,5350192.207
1.7,150,7,97.6,5350192.207
1.7,150,7,97.7,6420230.649
1.7,150,7,97.8,3745134.545
1.7,150,7,97.9,4815172.987
1.7,150,7,98,5885211.428
1.7,150,7,98.1,5885211.428
1.7,150,7,98.2,3210115.324
1.7,150,7,98.3,11235403.64
1.7,150,7,98.4,9095326.753
1.7,150,7,98.5,5350192.207
1.7,150,7,98.6,8560307.532
1.7,150,7,98.7,6420230.649
1.7,150,7,98.8,4815172.987
1.7,150,7,98.9,6955249.87
1.7,150,7,99,6420230.649
1.7,150,7,99.1,6420230.649
1.7,150,7,99.2,4815172.987
1.7,150,7,99.3,8025288.311
1.7,150,7,99.4,6955249.87
1.7,150,7,99.5,4280153.766
1.7,150,7,99.6,6955249.87
1.7,150,7,99.7,8025288.311
1.7,150,7,99.8,4815172.987
1.7,150,7,99.9,5350192.207
1.7,150,7,100,8025288.311
1.7,150,7,100.1,5350192.207
1.7,150,7,100.2,4815172.987
1.7,150,7,100.3,4280153.766
1.7,150,7,100.4,5350192.207
1.7,150,7,100.5,6420230.649
1.7,150,7,100.6,9095326.753
1.7,150,7,100.7,4280153.766
1.7,150,7,100.8,9095326.753
1.7,150,7,100.9,6420230.649
1.7,150,7,101,8025288.311
1.7,150,7,101.1,5350192.207
1.7,150,7,101.2,3745134.545
1.7,150,7,101.3,5350192.207
1.7,150,7,101.4,8025288.311
1.7,150,7,101.5,8560307.532
1.7,150,7,101.6,7490269.09
1.7,150,7,101.7,8560307.532
1.7,150,7,101.8,5885211.428
1.7,150,7,101.9,6420230.649
1.7,150,7,102,3745134.545
1.7,150,7,102.1,5885211.428
1.7,150,7,102.2,4815172.987
1.7,150,7,102.3,6955249.87
1.7,150,7,102.4,10165365.19
1.7,150,7,102.5,6955249.87
1.7,150,7,102.6,9630345.973
1.7,150,7,102.7,7490269.09
1.7,150,7,102.8,7490269.09
1.7,150,7,102.9,2140076.883
1.7,150,7,103,6955249.87
1.7,150,7,103.1,6955249.87
1.7,150,7,103.2,5885211.428
1.7,150,7,103.3,4280153.766
1.7,150,7,103.4,6420230.649
1.7,150,7,103.5,5885211.428
1.7,150,7,103.6,8025288.311
1.7,150,7,103.7,4280153.766
1.7,150,7,103.8,3745134.545
1.7,150,7,103.9,6420230.649
1.7,150,7,104,9095326.753
1.7,150,7,104.1,5885211.428
1.7,150,7,104.2,1605057.662
1.7,150,7,104.3,4815172.987
1.7,150,7,104.4,7490269.09
1.7,150,7,104.5,3745134.545
1.7,150,7,104.6,3745134.545
1.7,150,7,104.7,7490269.09
1.7,150,7,104.8,5885211.428
1.7,150,7,104.9,6420230.649
1.7,150,7,105,4280153.766
1.7,150,7,105.1,9630345.973
1.7,150,7,105.2,6955249.87
1.7,150,7,105.3,8025288.311
1.7,150,7,105.4,3745134.545
1.7,150,7,105.5,6420230.649
1.7,150,7,105.6,5885211.428
1.7,150,7,105.7,4815172.987
1.7,150,7,105.8,6420230.649
1.7,150,7,105.9,5885211.428
1.7,150,7,106,5885211.428
1.7,150,7,106.1,5350192.207
1.7,150,7,106.2,4815172.987
1.7,150,7,106.3,10165365.19
1.7,150,7,106.4,9630345.973
1.7,150,7,106.5,8025288.311
1.7,150,7,106.6,8025288.311
1.7,150,7,106.7,4815172.987
1.7,150,7,106.8,9095326.753
1.7,150,7,106.9,3745134.545
1.7,150,7,107,4280153.766
1.7,150,7,107.1,3745134.545
1.7,150,7,107.2,4280153.766
1.7,150,7,107.3,5350192.207
1.7,150,7,107.4,5885211.428
1.7,150,7,107.5,6955249.87
1.7,150,7,107.6,5885211.428
1.7,150,7,107.7,3210115.324
1.7,150,7,107.8,5885211.428
1.7,150,7,107.9,8025288.311
1.7,150,7,108,6955249.87
1.7,150,7,108.1,6420230.649
1.7,150,7,108.2,4280153.766
1.7,150,7,108.3,6420230.649
1.7,150,7,108.4,4280153.766
1.7,150,7,108.5,5350192.207
1.7,150,7,108.6,2675096.104
1.7,150,7,108.7,6955249.87
1.7,150,7,108.8,6420230.649
1.7,150,7,108.9,5885211.428
1.7,150,7,109,6420230.649
1.7,150,7,109.1,6420230.649
1.7,150,7,109.2,5350192.207
1.7,150,7,109.3,3210115.324
1.7,150,7,109.4,6955249.87
1.7,150,7,109.5,5350192.207
1.7,150,7,109.6,5350192.207
1.7,150,7,109.7,5885211.428
1.7,150,7,109.8,8025288.311
1.7,150,7,109.9,4815172.987
1.7,150,7,110,6420230.649
1.7,150,7,110.1,3210115.324
1.7,150,7,110.2,3745134.545
1.7,150,7,110.3,1070038.441
1.7,150,7,110.4,6955249.87
1.7,150,7,110.5,6420230.649
1.7,150,7,110.6,3210115.324
1.7,150,7,110.7,5350192.207
1.7,150,7,110.8,3210115.324
1.7,150,7,110.9,4280153.766
1.7,150,7,111,4280153.766
1.7,150,7,111.1,3745134.545
1.7,150,7,111.2,5350192.207
1.7,150,7,111.3,5885211.428
1.7,150,7,111.4,4815172.987
1.7,150,7,111.5,6420230.649
1.7,150,7,111.6,4280153.766
1.7,150,7,111.7,5885211.428
1.7,150,7,111.8,4815172.987
1.7,150,7,111.9,8025288.311
1.7,150,7,112,5350192.207
1.7,150,7,112.1,6955249.87
1.7,150,7,112.2,5350192.207
1.7,150,7,112.3,2140076.883
1.7,150,7,112.4,5350192.207
1.7,150,7,112.5,7490269.09
1.7,150,7,112.6,3745134.545
1.7,150,7,112.7,3745134.545
1.7,150,7,112.8,3210115.324
1.7,150,7,112.9,4815172.987
1.7,150,7,113,5350192.207
1.7,150,7,113.1,5350192.207
1.7,150,7,113.2,3210115.324
1.7,150,7,113.3,3745134.545
1.7,150,7,113.4,5350192.207
1.7,150,7,113.5,5350192.207
1.7,150,7,113.6,6955249.87
1.7,150,7,113.7,4280153.766
1.7,150,7,113.8,6955249.87
1.7,150,7,113.9,2675096.104
1.7,150,7,114,2675096.104
1.7,150,7,114.1,3210115.324
1.7,150,7,114.2,3745134.545
1.7,150,7,114.3,6420230.649
1.7,150,7,114.4,2140076.883
1.7,150,7,114.5,5885211.428
1.7,150,7,114.6,5350192.207
1.7,150,7,114.7,4815172.987
1.7,150,7,114.8,4815172.987
1.7,150,7,114.9,3745134.545
1.7,150,7,115,5350192.207
1.7,150,7,115.1,4815172.987
1.7,150,7,115.2,3745134.545
1.7,150,7,115.3,3745134.545
1.7,150,7,115.4,2675096.104
1.7,150,7,115.5,2675096.104
1.7,150,7,115.6,5885211.428
1.7,150,7,115.7,3745134.545
1.7,150,7,115.8,6420230.649
1.7,150,7,115.9,3745134.545
1.7,150,7,116,2140076.883
1.7,150,7,116.1,5350192.207
1.7,150,7,116.2,5885211.428
1.7,150,7,116.3,5350192.207
1.7,150,7,116.4,5350192.207
1.7,150,7,116.5,5885211.428
1.7,150,7,116.6,2675096.104
1.7,150,7,116.7,5885211.428
1.7,150,7,116.8,4815172.987
1.7,150,7,116.9,5885211.428
1.7,150,7,117,535019.2207
1.7,150,7,117.1,535019.2207
1.7,150,7,117.2,5885211.428
1.7,150,7,117.3,4815172.987
1.7,150,7,117.4,3745134.545
1.7,150,7,117.5,1605057.662
1.7,150,7,117.6,2675096.104
1.7,150,7,117.7,4815172.987
1.7,150,7,117.8,3745134.545
1.7,150,7,117.9,4280153.766
1.7,150,7,118,4815172.987
1.7,150,7,118.1,4815172.987
1.7,150,7,118.2,5350192.207
1.7,150,7,118.3,3745134.545
1.7,150,7,118.4,4280153.766
1.7,150,7,118.5,4280153.766
1.7,150,7,118.6,6420230.649
1.7,150,7,118.7,4815172.987
1.7,150,7,118.8,4280153.766
1.7,150,7,118.9,1070038.441
1.7,150,7,119,2140076.883
1.7,150,7,119.1,3745134.545
1.7,150,7,119.2,5885211.428
1.7,150,7,119.3,3745134.545
1.7,150,7,119.4,2675096.104
1.7,150,7,119.5,5350192.207
1.7,150,7,119.6,2675096.104
1.7,150,7,119.7,2675096.104
1.7,150,7,119.8,2140076.883
1.7,150,7,119.9,3210115.324
1.7,150,7,120,2675096.104
1.7,150,7,120.1,5885211.428
1.7,150,7,120.2,5350192.207
1.7,150,7,120.3,5885211.428
1.7,150,7,120.4,8560307.532
1.7,150,7,120.5,5885211.428
1.7,150,7,120.6,3210115.324
1.7,150,7,120.7,3210115.324
1.7,150,7,120.8,5885211.428
1.7,150,7,120.9,4815172.987
1.7,150,7,121,3745134.545
1.7,150,7,121.1,2675096.104
1.7,150,7,121.2,2675096.104
1.7,150,7,121.3,4280153.766
1.7,150,7,121.4,3210115.324
1.7,150,7,121.5,5350192.207
1.7,150,7,121.6,5350192.207
1.7,150,7,121.7,4280153.766
1.7,150,7,121.8,3210115.324
1.7,150,7,121.9,5885211.428
1.7,150,7,122,4815172.987
1.7,150,7,122.1,2140076.883
1.7,150,7,122.2,4280153.766
1.7,150,7,122.3,4280153.766
1.7,150,7,122.4,6420230.649
1.7,150,7,122.5,1605057.662
1.7,150,7,122.6,3210115.324
1.7,150,7,122.7,2675096.104
1.7,150,7,122.8,3745134.545
1.7,150,7,122.9,2675096.104
1.7,150,7,123,5350192.207
1.7,150,7,123.1,6955249.87
1.7,150,7,123.2,2675096.104
1.7,150,7,123.3,2140076.883
1.7,150,7,123.4,3210115.324
1.7,150,7,123.5,2675096.104
1.7,150,7,123.6,5885211.428
1.7,150,7,123.7,4815172.987
1.7,150,7,123.8,4280153.766
1.7,150,7,123.9,2140076.883
1.7,150,7,124,3210115.324
1.7,150,7,124.1,1605057.662
1.7,150,7,124.2,2675096.104
1.7,150,7,124.3,4815172.987
1.7,150,7,124.4,3745134.545
1.7,150,7,124.5,4280153.766
1.7,150,7,124.6,6955249.87
1.7,150,7,124.7,535019.2207
1.7,150,7,124.8,1605057.662
1.7,150,7,124.9,2675096.104
1.7,150,7,125,2140076.883
1.7,150,7,125.1,4815172.987
1.7,150,7,125.2,2675096.104
1.7,150,7,125.3,2675096.104
1.7,150,7,125.4,2675096.104
1.7,150,7,125.5,4280153.766
1.7,150,7,125.6,4280153.766
1.7,150,7,125.7,3210115.324
1.7,150,7,125.8,3210115.324
1.7,150,7,125.9,4815172.987
1.7,150,7,126,2140076.883
1.7,150,7,126.1,3210115.324
1.7,150,7,126.2,2140076.883
1.7,150,7,126.3,5350192.207
1.7,150,7,126.4,1605057.662
1.7,150,7,126.5,2140076.883
1.7,150,7,126.6,4280153.766
1.7,150,7,126.7,3210115.324
1.7,150,7,126.8,4280153.766
1.7,150,7,126.9,3210115.324
1.7,150,7,127,2675096.104
1.7,150,7,127.1,3210115.324
1.7,150,7,127.2,3210115.324
1.7,150,7,127.3,4815172.987
1.7,150,7,127.4,3745134.545
1.7,150,7,127.5,2140076.883
1.7,150,7,127.6,2675096.104
1.7,150,7,127.7,1605057.662
1.7,150,7,127.8,2675096.104
1.7,150,7,127.9,3210115.324
1.7,150,7,128,4280153.766
1.7,150,7,128.1,2675096.104
1.7,150,7,128.2,3745134.545
1.7,150,7,128.3,2675096.104
1.7,150,7,128.4,1605057.662
1.7,150,7,128.5,2675096.104
1.7,150,7,128.6,3745134.545
1.7,150,7,128.7,2675096.104
1.7,150,7,128.8,2675096.104
1.7,150,7,128.9,3210115.324
1.7,150,7,129,5350192.207
1.7,150,7,129.1,1605057.662
1.7,150,7,129.2,3745134.545
1.7,150,7,129.3,2140076.883
1.7,150,7,129.4,3745134.545
1.7,150,7,129.5,3210115.324
1.7,150,7,129.6,3210115.324
1.7,150,7,129.7,2140076.883
1.7,150,7,129.8,3745134.545
1.7,150,7,129.9,4280153.766
1.7,150,7,130,2140076.883
1.7,150,7,130.1,2675096.104
1.7,150,7,130.2,2675096.104
1.7,150,7,130.3,3745134.545
1.7,150,7,130.4,4280153.766
1.7,150,7,130.5,3210115.324
1.7,150,7,130.6,3210115.324
1.7,150,7,130.7,2140076.883
1.7,150,7,130.8,1070038.441
1.7,150,7,130.9,2675096.104
1.7,150,7,131,535019.2207
1.7,150,7,131.1,2140076.883
1.7,150,7,131.2,1605057.662
1.7,150,7,131.3,3210115.324
1.7,150,7,131.4,3745134.545
1.7,150,7,131.5,1070038.441
1.7,150,7,131.6,1070038.441
1.7,150,7,131.7,2675096.104
1.7,150,7,131.8,2675096.104
1.7,150,7,131.9,2140076.883
1.7,150,7,132,2675096.104
1.7,150,7,132.1,5350192.207
1.7,150,7,132.2,3745134.545
1.7,150,7,132.3,3210115.324
1.7,150,7,132.4,1070038.441
1.7,150,7,132.5,2140076.883
1.7,150,7,132.6,2675096.104
1.7,150,7,132.7,535019.2207
1.7,150,7,132.8,4815172.987
1.7,150,7,132.9,3210115.324
1.7,150,7,133,1070038.441
1.7,150,7,133.1,3210115.324
1.7,150,7,133.2,2675096.104
1.7,150,7,133.3,4280153.766
1.7,150,7,133.4,3210115.324
1.7,150,7,133.5,4280153.766
1.7,150,7,133.6,1605057.662
1.7,150,7,133.7,3210115.324
1.7,150,7,133.8,4280153.766
1.7,150,7,133.9,4280153.766
1.7,150,7,134,1070038.441
1.7,150,7,134.1,1605057.662
1.7,150,7,134.2,1605057.662
1.7,150,7,134.3,2140076.883
1.7,150,7,134.4,3210115.324
1.7,150,7,134.5,2675096.104
1.7,150,7,134.6,2140076.883
1.7,150,7,134.7,1605057.662
1.7,150,7,134.8,2140076.883
1.7,150,7,134.9,2675096.104
1.7,150,7,135,535019.2207
1.7,150,7,135.1,2140076.883
1.7,150,7,135.2,2675096.104
1.7,150,7,135.3,3210115.324
1.7,150,7,135.4,3210115.324
1.7,150,7,135.5,2675096.104
1.7,150,7,135.6,3745134.545
1.7,150,7,135.7,3210115.324
1.7,150,7,135.8,4280153.766
1.7,150,7,135.9,1605057.662
1.7,150,7,136,2140076.883
1.7,150,7,136.1,1605057.662
1.7,150,7,136.2,1070038.441
1.7,150,7,136.3,4280153.766
1.7,150,7,136.4,4280153.766
1.7,150,7,136.5,2140076.883
1.7,150,7,136.6,2140076.883
1.7,150,7,136.7,2675096.104
1.7,150,7,136.8,3210115.324
1.7,150,7,136.9,535019.2207
1.7,150,7,137,2140076.883
1.7,150,7,137.1,2140076.883
1.7,150,7,137.2,1070038.441
1.7,150,7,137.3,2675096.104
1.7,150,7,137.4,535019.2207
1.7,150,7,137.5,2675096.104
1.7,150,7,137.7,1070038.441
1.7,150,7,137.8,1605057.662
1.7,150,7,137.9,1605057.662
1.7,150,7,138,3210115.324
1.7,150,7,138.1,535019.2207
1.7,150,7,138.2,3210115.324
1.7,150,7,138.3,1070038.441
1.7,150,7,138.4,2675096.104
1.7,150,7,138.5,2675096.104
1.7,150,7,138.6,1070038.441
1.7,150,7,138.7,1605057.662
1.7,150,7,138.8,535019.2207
1.7,150,7,138.9,1605057.662
1.7,150,7,139,3210115.324
1.7,150,7,139.1,1605057.662
1.7,150,7,139.2,5350192.207
1.7,150,7,139.3,1070038.441
1.7,150,7,139.4,2675096.104
1.7,150,7,139.5,535019.2207
1.7,150,7,139.6,1605057.662
1.7,150,7,139.7,2675096.104
1.7,150,7,139.8,535019.2207
1.7,150,7,139.9,2675096.104
1.7,150,7,140,3745134.545
1.7,150,7,140.1,1605057.662
1.7,150,7,140.2,535019.2207
1.7,150,7,140.3,3210115.324
1.7,150,7,140.4,1605057.662
1.7,150,7,140.5,1605057.662
1.7,150,7,140.6,535019.2207
1.7,150,7,140.7,2675096.104
1.7,150,7,140.8,535019.2207
1.7,150,7,140.9,1070038.441
1.7,150,7,141,2140076.883
1.7,150,7,141.1,535019.2207
1.7,150,7,141.2,3210115.324
1.7,150,7,141.3,1605057.662
1.7,150,7,141.4,1605057.662
1.7,150,7,141.5,535019.2207
1.7,150,7,141.6,1070038.441
1.7,150,7,141.7,2140076.883
1.7,150,7,141.8,2140076.883
1.7,150,7,141.9,1605057.662
1.7,150,7,142,1605057.662
1.7,150,7,142.1,4280153.766
1.7,150,7,142.2,535019.2207
1.7,150,7,142.3,3745134.545
1.7,150,7,142.4,1605057.662
1.7,150,7,142.5,1605057.662
1.7,150,7,142.6,2140076.883
1.7,150,7,142.7,1070038.441
1.7,150,7,142.8,2140076.883
1.7,150,7,142.9,1605057.662
1.7,150,7,143,535019.2207
1.7,150,7,143.1,1070038.441
1.7,150,7,143.2,2140076.883
1.7,150,7,143.3,1070038.441
1.7,150,7,143.4,1070038.441
1.7,150,7,143.5,2675096.104
1.7,150,7,143.6,2675096.104
1.7,150,7,143.7,1070038.441
1.7,150,7,143.8,2140076.883
1.7,150,7,143.9,1070038.441
1.7,150,7,144,2675096.104
1.7,150,7,144.1,1070038.441
1.7,150,7,144.2,535019.2207
1.7,150,7,144.3,535019.2207
1.7,150,7,144.4,1605057.662
1.7,150,7,144.5,1070038.441
1.7,150,7,144.6,1605057.662
1.7,150,7,144.7,2675096.104
1.7,150,7,144.8,1070038.441
1.7,150,7,144.9,2140076.883
1.7,150,7,145.1,1070038.441
1.7,150,7,145.2,2140076.883
1.7,150,7,145.4,1070038.441
1.7,150,7,145.5,1070038.441
1.7,150,7,145.6,535019.2207
1.7,150,7,145.7,535019.2207
1.7,150,7,145.8,535019.2207
1.7,150,7,145.9,535019.2207
1.7,150,7,146,1070038.441
1.7,150,7,146.1,1070038.441
1.7,150,7,146.2,2675096.104
1.7,150,7,146.3,2140076.883
1.7,150,7,146.4,1070038.441
1.7,150,7,146.5,535019.2207
1.7,150,7,146.6,1070038.441
1.7,150,7,146.7,1605057.662
1.7,150,7,146.9,1605057.662
1.7,150,7,147,1605057.662
1.7,150,7,147.1,535019.2207
1.7,150,7,147.3,1070038.441
1.7,150,7,147.5,1070038.441
1.7,150,7,147.6,1605057.662
1.7,150,7,147.7,2140076.883
1.7,150,7,147.8,535019.2207
1.7,150,7,147.9,535019.2207
1.7,150,7,148,1605057.662
1.7,150,7,148.1,1070038.441
1.7,150,7,148.3,535019.2207
1.7,150,7,148.4,535019.2207
1.7,150,7,148.5,3210115.324
1.7,150,7,148.7,1605057.662
1.7,150,7,148.8,535019.2207
1.7,150,7,148.9,535019.2207
1.7,150,7,149,1070038.441
1.7,150,7,149.1,535019.2207
1.7,150,7,149.2,535019.2207
1.7,150,7,149.5,535019.2207
1.7,150,7,149.6,535019.2207
1.7,150,7,149.7,1070038.441
1.7,150,7,149.8,535019.2207
1.7,150,7,149.9,535019.2207
5,40,1,3.1,69851.15244
5,40,1,3.4,139702.3049
5,40,1,3.5,69851.15244
5,40,1,3.6,488958.0671
5,40,1,3.7,558809.2195
5,40,1,3.8,1047767.287
5,40,1,3.9,558809.2195
5,40,1,4,1606576.506
5,40,1,4.1,2374939.183
5,40,1,4.2,1466874.201
5,40,1,4.3,3352855.317
5,40,1,4.4,4121217.994
5,40,1,4.5,5448389.891
5,40,1,4.6,4470473.756
5,40,1,4.7,6775561.787
5,40,1,4.8,5797645.653
5,40,1,4.9,7264519.854
5,40,1,5,7613775.616
5,40,1,5.1,9429905.58
5,40,1,5.2,10826928.63
5,40,1,5.3,12084249.37
5,40,1,5.4,11315886.7
5,40,1,5.5,11525440.15
5,40,1,5.6,15437104.69
5,40,1,5.7,15227551.23
5,40,1,5.8,15995913.91
5,40,1,5.9,17532639.26
5,40,1,6,17532639.26
5,40,1,6.1,17672341.57
5,40,1,6.2,19907578.45
5,40,1,6.3,20466387.67
5,40,1,6.4,17532639.26
5,40,1,6.5,23190582.61
5,40,1,6.6,22981029.15
5,40,1,6.7,22422219.93
5,40,1,6.8,18859811.16
5,40,1,6.9,24517754.51
5,40,1,7,24447903.36
5,40,1,7.1,25635372.95
5,40,1,7.2,25286117.18
5,40,1,7.3,23469987.22
5,40,1,7.4,55182410.43
5,40,1,7.5,24657456.81
5,40,1,7.6,25775075.25
5,40,1,7.7,25076563.73
5,40,1,7.8,27870609.82
5,40,1,7.9,24657456.81
5,40,1,8,26962544.84
5,40,1,8.1,27451502.91
5,40,1,8.2,28219865.59
5,40,1,8.3,92343223.53
5,40,1,8.4,548471249
5,40,1,8.5,27730907.52
5,40,1,8.6,26473586.78
5,40,1,8.7,26962544.84
5,40,1,8.8,35624087.75
5,40,1,8.9,26264033.32
5,40,1,9,26962544.84
5,40,1,9.1,28150014.43
5,40,1,9.2,25635372.95
5,40,1,9.3,26613289.08
5,40,1,9.4,29686739.79
5,40,1,9.5,41561435.7
5,40,1,9.6,33598404.33
5,40,1,9.7,300848913.6
5,40,1,9.8,47428932.51
5,40,1,9.9,41910691.47
5,40,1,10,138444984.1
5,40,1,10.1,28708823.65
5,40,1,10.2,28918377.11
5,40,1,10.3,20606089.97
5,40,1,10.4,22492071.09
5,40,1,10.5,21584006.11
5,40,1,10.6,24378052.2
5,40,1,10.7,21514154.95
5,40,1,10.8,23679540.68
5,40,1,10.9,20047280.75
5,40,1,11,24517754.51
5,40,1,11.1,19977429.6
5,40,1,11.2,22841326.85
5,40,1,11.3,69921003.6
5,40,1,11.4,20745792.28
5,40,1,11.5,21304601.5
5,40,1,11.6,26473586.78
5,40,1,11.7,25076563.73
5,40,1,11.8,19767876.14
5,40,1,11.9,18510555.4
5,40,1,12,22212666.48
5,40,1,12.1,17951746.18
5,40,1,12.2,20117131.9
5,40,1,12.3,17113532.35
5,40,1,12.4,20606089.97
5,40,1,12.5,19278918.07
5,40,1,12.6,18580406.55
5,40,1,12.7,20117131.9
5,40,1,12.8,17881895.03
5,40,1,12.9,18370853.09
5,40,1,13,17323085.81
5,40,1,13.1,18789960.01
5,40,1,13.2,16624574.28
5,40,1,13.3,18161299.64
5,40,1,13.4,18580406.55
5,40,1,13.5,20256834.21
5,40,1,13.6,19628173.84
5,40,1,13.7,18789960.01
5,40,1,13.8,16415020.82
5,40,1,13.9,16973830.04
5,40,1,14,15926062.76
5,40,1,14.1,19558322.68
5,40,1,14.2,18510555.4
5,40,1,14.3,17602490.42
5,40,1,14.4,16834127.74
5,40,1,14.5,17742192.72
5,40,1,14.6,16903978.89
5,40,1,14.7,16764276.59
5,40,1,14.8,18510555.4
5,40,1,14.9,17532639.26
5,40,1,15,16834127.74
5,40,1,15.1,17113532.35
5,40,1,15.2,15995913.91
5,40,1,15.3,14808444.32
5,40,1,15.4,18231150.79
5,40,1,15.5,15367253.54
5,40,1,15.6,14948146.62
5,40,1,15.7,16764276.59
5,40,1,15.8,17812043.87
5,40,1,15.9,15646658.15
5,40,1,16,16694425.43
5,40,1,16.1,15437104.69
5,40,1,16.2,13551123.57
5,40,1,16.3,12014398.22
5,40,1,16.4,16135616.21
5,40,1,16.5,14598890.86
5,40,1,16.6,14389337.4
5,40,1,16.7,17672341.57
5,40,1,16.8,13201867.81
5,40,1,16.9,14598890.86
5,40,1,17,13620974.73
5,40,1,17.1,15506955.84
5,40,1,17.2,13271718.96
5,40,1,17.3,13970230.49
5,40,1,17.4,13830528.18
5,40,1,17.5,14109932.79
5,40,1,17.6,15786360.45
5,40,1,17.7,14249635.1
5,40,1,17.8,14808444.32
5,40,1,17.9,12433505.13
5,40,1,18,13900379.34
5,40,1,18.1,13411421.27
5,40,1,18.2,12992314.35
5,40,1,18.3,13690825.88
5,40,1,18.4,12992314.35
5,40,1,18.5,12852612.05
5,40,1,18.6,13481272.42
5,40,1,18.7,13341570.12
5,40,1,18.8,12223951.68
5,40,1,18.9,12992314.35
5,40,1,19,12293802.83
5,40,1,19.1,11246035.54
5,40,1,19.2,12782760.9
5,40,1,19.3,14040081.64
5,40,1,19.4,11315886.7
5,40,1,19.5,11525440.15
5,40,1,19.6,13341570.12
5,40,1,19.7,11665142.46
5,40,1,19.8,13271718.96
5,40,1,19.9,14598890.86
5,40,1,20,12433505.13
5,40,1,20.1,11665142.46
5,40,1,20.2,11804844.76
5,40,1,20.3,11734993.61
5,40,1,20.4,12433505.13
5,40,1,20.5,11176184.39
5,40,1,20.6,12782760.9
5,40,1,20.7,11385737.85
5,40,1,20.8,10826928.63
5,40,1,20.9,11874695.92
5,40,1,21,12293802.83
5,40,1,21.1,10757077.48
5,40,1,21.2,10896779.78
5,40,1,21.3,11246035.54
5,40,1,21.4,11595291.31
5,40,1,21.5,10687226.32
5,40,1,21.6,9988714.799
5,40,1,21.7,10407821.71
5,40,1,21.8,10128417.1
5,40,1,21.9,9709310.19
5,40,1,22,8940947.513
5,40,1,22.1,10407821.71
5,40,1,22.2,12014398.22
5,40,1,22.3,11944547.07
5,40,1,22.4,9918863.647
5,40,1,22.5,10198268.26
5,40,1,22.6,9569607.885
5,40,1,22.7,10477672.87
5,40,1,22.8,10128417.1
5,40,1,22.9,10128417.1
5,40,1,23,9150500.97
5,40,1,23.1,8731394.055
5,40,1,23.2,9988714.799
5,40,1,23.3,10896779.78
5,40,1,23.4,8801245.208
5,40,1,23.5,10058565.95
5,40,1,23.6,8521840.598
5,40,1,23.7,9988714.799
5,40,1,23.8,9429905.58
5,40,1,23.9,8801245.208
5,40,1,24,9639459.037
5,40,1,24.1,7753477.921
5,40,1,24.2,9849012.495
5,40,1,24.3,9010798.665
5,40,1,24.4,8940947.513
5,40,1,24.5,8172584.836
5,40,1,24.6,9010798.665
5,40,1,24.7,8801245.208
5,40,1,24.8,8172584.836
5,40,1,24.9,8731394.055
5,40,1,25,9290203.275
5,40,1,25.1,8940947.513
5,40,1,25.2,7474073.311
5,40,1,25.3,8312287.141
5,40,1,25.4,8312287.141
5,40,1,25.5,7823329.074
5,40,1,25.6,6566008.33
5,40,1,25.7,8172584.836
5,40,1,25.8,7753477.921
5,40,1,25.9,8172584.836
5,40,1,26,8382138.293
5,40,1,26.1,7683626.769
5,40,1,26.2,6216752.567
5,40,1,26.3,6216752.567
5,40,1,26.4,7264519.854
5,40,1,26.5,8102733.683
5,40,1,26.6,6845412.939
5,40,1,26.7,7474073.311
5,40,1,26.8,7543924.464
5,40,1,26.9,7054966.397
5,40,1,27,6077050.263
5,40,1,27.1,6496157.177
5,40,1,27.2,7474073.311
5,40,1,27.3,7124817.549
5,40,1,27.4,7474073.311
5,40,1,27.5,5727794.5
5,40,1,27.6,7613775.616
5,40,1,27.7,5727794.5
5,40,1,27.8,8172584.836
5,40,1,27.9,7054966.397
5,40,1,28,6985115.244
5,40,1,28.1,5099134.128
5,40,1,28.2,5727794.5
5,40,1,28.3,7334371.007
5,40,1,28.4,6426306.025
5,40,1,28.5,5867496.805
5,40,1,28.6,7613775.616
5,40,1,28.7,6356454.872
5,40,1,28.8,5099134.128
5,40,1,28.9,4959431.823
5,40,1,29,5937347.958
5,40,1,29.1,4819729.519
5,40,1,29.2,5797645.653
5,40,1,29.3,5518241.043
5,40,1,29.4,6845412.939
5,40,1,29.5,5029282.976
5,40,1,29.6,6077050.263
5,40,1,29.7,5588092.195
5,40,1,29.8,6146901.415
5,40,1,29.9,4400622.604
5,40,1,30,5378538.738
5,40,1,30.1,5588092.195
5,40,1,30.2,4470473.756
5,40,1,30.3,5588092.195
5,40,1,30.4,6007199.11
5,40,1,30.5,4051366.842
5,40,1,30.6,4959431.823
5,40,1,30.7,5797645.653
5,40,1,30.8,4610176.061
5,40,1,30.9,6286603.72
5,40,1,31,6216752.567
5,40,1,31.1,5657943.348
5,40,1,31.2,5448389.891
5,40,1,31.3,4749878.366
5,40,1,31.4,5099134.128
5,40,1,31.5,5099134.128
5,40,1,31.6,5378538.738
5,40,1,31.7,4680027.214
5,40,1,31.8,4330771.451
5,40,1,31.9,5168985.281
5,40,1,32,4610176.061
5,40,1,32.1,4121217.994
5,40,1,32.2,5448389.891
5,40,1,32.3,4260920.299
5,40,1,32.4,4680027.214
5,40,1,32.5,3771962.232
5,40,1,32.6,4400622.604
5,40,1,32.7,5029282.976
5,40,1,32.8,4749878.366
5,40,1,32.9,4540324.909
5,40,1,33,4051366.842
5,40,1,33.1,3911664.537
5,40,1,33.2,3702111.08
5,40,1,33.3,2933748.403
5,40,1,33.4,4260920.299
5,40,1,33.5,3492557.622
5,40,1,33.6,4051366.842
5,40,1,33.7,4121217.994
5,40,1,33.8,3981515.689
5,40,1,33.9,3841813.384
5,40,1,34,4121217.994
5,40,1,34.1,3213153.012
5,40,1,34.2,2794046.098
5,40,1,34.3,4121217.994
5,40,1,34.4,3632259.927
5,40,1,34.5,3562408.775
5,40,1,34.6,3143301.86
5,40,1,34.7,3562408.775
5,40,1,34.8,3562408.775
5,40,1,34.9,3562408.775
5,40,1,35,4051366.842
5,40,1,35.1,3143301.86
5,40,1,35.2,3003599.555
5,40,1,35.3,3213153.012
5,40,1,35.4,3213153.012
5,40,1,35.5,3143301.86
5,40,1,35.6,2584492.64
5,40,1,35.7,1885981.116
5,40,1,35.8,3073450.708
5,40,1,35.9,2444790.336
5,40,1,36,2444790.336
5,40,1,36.1,2305088.031
5,40,1,36.2,2654343.793
5,40,1,36.3,2654343.793
5,40,1,36.4,2025683.421
5,40,1,36.5,2724194.945
5,40,1,36.6,2165385.726
5,40,1,36.7,2444790.336
5,40,1,36.8,2305088.031
5,40,1,36.9,2374939.183
5,40,1,37,1606576.506
5,40,1,37.1,2724194.945
5,40,1,37.2,2584492.64
5,40,1,37.3,1536725.354
5,40,1,37.4,1955832.268
5,40,1,37.5,2095534.573
5,40,1,37.6,1955832.268
5,40,1,37.7,1676427.659
5,40,1,37.8,1606576.506
5,40,1,37.9,1397023.049
5,40,1,38,1327171.896
5,40,1,38.1,1676427.659
5,40,1,38.2,1466874.201
5,40,1,38.3,1327171.896
5,40,1,38.4,1327171.896
5,40,1,38.5,1466874.201
5,40,1,38.6,2165385.726
5,40,1,38.7,1536725.354
5,40,1,38.8,1536725.354
5,40,1,38.9,1397023.049
5,40,1,39,838213.8293
5,40,1,39.1,488958.0671
5,40,1,39.2,1187469.592
5,40,1,39.3,1606576.506
5,40,1,39.4,768362.6769
5,40,1,39.5,419106.9147
5,40,1,39.6,628660.372
5,40,1,39.7,1187469.592
5,40,1,39.8,488958.0671
5,40,1,39.9,279404.6098
5,80,1,3,71160.11782
5,80,1,3.2,142320.2356
5,80,1,3.4,569280.9426
5,80,1,3.5,426960.7069
5,80,1,3.6,498120.8248
5,80,1,3.7,996241.6495
5,80,1,3.8,1209722.003
5,80,1,3.9,1636682.71
5,80,1,4,2205963.652
5,80,1,4.1,1921323.181
5,80,1,4.2,2348283.888
5,80,1,4.3,3771486.245
5,80,1,4.4,4696567.776
5,80,1,4.5,6617890.957
5,80,1,4.6,6119770.133
5,80,1,4.7,7116011.782
5,80,1,4.8,7542972.489
5,80,1,4.9,8895014.728
5,80,1,5,12026059.91
5,80,1,5.1,13520422.39
5,80,1,5.2,13164621.8
5,80,1,5.3,13733902.74
5,80,1,5.4,15085944.98
5,80,1,5.5,15299425.33
5,80,1,5.6,16722627.69
5,80,1,5.7,17790029.46
5,80,1,5.8,19070911.58
5,80,1,5.9,20636434.17
5,80,1,6,18359310.4
5,80,1,6.1,20209473.46
5,80,1,6.2,24692560.88
5,80,1,6.3,22344277
5,80,1,6.4,25404162.06
5,80,1,6.5,24194440.06
5,80,1,6.6,22557757.35
5,80,1,6.7,23411678.76
5,80,1,6.8,21703835.94
5,80,1,6.9,25617642.42
5,80,1,7,27112004.89
5,80,1,7.1,25759962.65
5,80,1,7.2,26115763.24
5,80,1,7.3,29175648.31
5,80,1,7.4,66605870.28
5,80,1,7.5,27894766.19
5,80,1,7.6,30171889.96
5,80,1,7.7,29246808.42
5,80,1,7.8,28037086.42
5,80,1,7.9,28962167.95
5,80,1,8,26969684.65
5,80,1,8.1,28962167.95
5,80,1,8.2,29673769.13
5,80,1,8.3,114425469.5
5,80,1,8.4,745758034.8
5,80,1,8.5,29887249.49
5,80,1,8.6,30598850.66
5,80,1,8.7,27467805.48
5,80,1,8.8,39565025.51
5,80,1,8.9,27752445.95
5,80,1,9,30029569.72
5,80,1,9.1,25831122.77
5,80,1,9.2,30741170.9
5,80,1,9.3,30029569.72
5,80,1,9.4,26898524.54
5,80,1,9.5,54152849.66
5,80,1,9.6,42767230.81
5,80,1,9.7,412942163.7
5,80,1,9.8,59774498.97
5,80,1,9.9,46752197.41
5,80,1,10,182241061.7
5,80,1,10.1,29816089.37
5,80,1,10.2,35722379.15
5,80,1,10.3,29104488.19
5,80,1,10.4,24123279.94
5,80,1,10.5,26329243.59
5,80,1,10.6,25119521.59
5,80,1,10.7,25190681.71
5,80,1,10.8,24692560.88
5,80,1,10.9,24906041.24
5,80,1,11,26827364.42
5,80,1,11.1,27610125.71
5,80,1,11.2,24265600.18
5,80,1,11.3,93504394.82
5,80,1,11.4,21988476.41
5,80,1,11.5,24977201.36
5,80,1,11.6,28962167.95
5,80,1,11.7,33516415.49
5,80,1,11.8,23269358.53
5,80,1,11.9,21134554.99
5,80,1,12,24692560.88
5,80,1,12.1,22628917.47
5,80,1,12.2,22130796.64
5,80,1,12.3,20138313.34
5,80,1,12.4,21063394.88
5,80,1,12.5,19853672.87
5,80,1,12.6,20849914.52
5,80,1,12.7,21348035.35
5,80,1,12.8,24407920.41
5,80,1,12.9,20494113.93
5,80,1,13,22273116.88
5,80,1,13.1,20992234.76
5,80,1,13.2,22842397.82
5,80,1,13.3,19497872.28
5,80,1,13.4,20921074.64
5,80,1,13.5,24052119.82
5,80,1,13.6,22557757.35
5,80,1,13.7,21846156.17
5,80,1,13.8,20494113.93
5,80,1,13.9,19711352.64
5,80,1,14,22059636.52
5,80,1,14.1,20494113.93
5,80,1,14.2,19070911.58
5,80,1,14.3,20565274.05
5,80,1,14.4,19426712.17
5,80,1,14.5,19995993.11
5,80,1,14.6,20138313.34
5,80,1,14.7,19355552.05
5,80,1,14.8,19853672.87
5,80,1,14.9,19782512.75
5,80,1,15,18999751.46
5,80,1,15.1,20992234.76
5,80,1,15.2,20849914.52
5,80,1,15.3,18501630.63
5,80,1,15.4,19213231.81
5,80,1,15.5,20067153.23
5,80,1,15.6,18501630.63
5,80,1,15.7,18572790.75
5,80,1,15.8,18430470.52
5,80,1,15.9,19142071.69
5,80,1,16,19782512.75
5,80,1,16.1,17932349.69
5,80,1,16.2,18430470.52
5,80,1,16.3,18216990.16
5,80,1,16.4,18074669.93
5,80,1,16.5,18857431.22
5,80,1,16.6,17149588.39
5,80,1,16.7,16651467.57
5,80,1,16.8,16437987.22
5,80,1,16.9,16153346.75
5,80,1,17,18359310.4
5,80,1,17.1,17078428.28
5,80,1,17.2,18359310.4
5,80,1,17.3,15441745.57
5,80,1,17.4,16793787.81
5,80,1,17.5,15939866.39
5,80,1,17.6,15868706.27
5,80,1,17.7,14587824.15
5,80,1,17.8,16580307.45
5,80,1,17.9,16153346.75
5,80,1,18,15797546.16
5,80,1,18.1,15441745.57
5,80,1,18.2,14730144.39
5,80,1,18.3,17718869.34
5,80,1,18.4,13947383.09
5,80,1,18.5,15370585.45
5,80,1,18.6,15939866.39
5,80,1,18.7,14801304.51
5,80,1,18.8,15512905.69
5,80,1,18.9,16580307.45
5,80,1,19,17007268.16
5,80,1,19.1,13449262.27
5,80,1,19.2,16793787.81
5,80,1,19.3,16295666.98
5,80,1,19.4,16580307.45
5,80,1,19.5,13306942.03
5,80,1,19.6,18572790.75
5,80,1,19.7,15655225.92
5,80,1,19.8,13164621.8
5,80,1,19.9,16437987.22
5,80,1,20,14587824.15
5,80,1,20.1,13662742.62
5,80,1,20.2,14730144.39
5,80,1,20.3,14516664.04
5,80,1,20.4,15726386.04
5,80,1,20.5,15584065.8
5,80,1,20.6,13733902.74
5,80,1,20.7,12951141.44
5,80,1,20.8,14374343.8
5,80,1,20.9,13591582.5
5,80,1,21,13805062.86
5,80,1,21.1,13093461.68
5,80,1,21.2,13662742.62
5,80,1,21.3,14374343.8
5,80,1,21.4,13662742.62
5,80,1,21.5,13093461.68
5,80,1,21.6,13591582.5
5,80,1,21.7,15299425.33
5,80,1,21.8,11599099.2
5,80,1,21.9,14445503.92
5,80,1,22,13591582.5
5,80,1,22.1,12310700.38
5,80,1,22.2,15014784.86
5,80,1,22.3,12310700.38
5,80,1,22.4,12026059.91
5,80,1,22.5,12453020.62
5,80,1,22.6,13235781.91
5,80,1,22.7,13378102.15
5,80,1,22.8,12951141.44
5,80,1,22.9,12951141.44
5,80,1,23,12310700.38
5,80,1,23.1,11314458.73
5,80,1,23.2,10318217.08
5,80,1,23.3,10958658.14
5,80,1,23.4,12310700.38
5,80,1,23.5,12310700.38
5,80,1,23.6,11527939.09
5,80,1,23.7,12453020.62
5,80,1,23.8,12026059.91
5,80,1,23.9,12239540.27
5,80,1,24,12737661.09
5,80,1,24.1,12310700.38
5,80,1,24.2,12097220.03
5,80,1,24.3,13093461.68
5,80,1,24.4,12737661.09
5,80,1,24.5,10745177.79
5,80,1,24.6,10460537.32
5,80,1,24.7,12097220.03
5,80,1,24.8,11243298.62
5,80,1,24.9,11599099.2
5,80,1,25,11670259.32
5,80,1,25.1,11172138.5
5,80,1,25.2,11243298.62
5,80,1,25.3,12666500.97
5,80,1,25.4,10389377.2
5,80,1,25.5,11954899.79
5,80,1,25.6,10104736.73
5,80,1,25.7,11812579.56
5,80,1,25.8,10175896.85
5,80,1,25.9,11100978.38
5,80,1,26,9535455.788
5,80,1,26.1,10460537.32
5,80,1,26.2,11243298.62
5,80,1,26.3,11954899.79
5,80,1,26.4,10531697.44
5,80,1,26.5,9891256.377
5,80,1,26.6,10674017.67
5,80,1,26.7,10531697.44
5,80,1,26.8,10104736.73
5,80,1,26.9,9464295.67
5,80,1,27,9535455.788
5,80,1,27.1,9677776.024
5,80,1,27.2,9891256.377
5,80,1,27.3,10318217.08
5,80,1,27.4,10247056.97
5,80,1,27.5,8539214.139
5,80,1,27.6,9820096.259
5,80,1,27.7,10318217.08
5,80,1,27.8,11527939.09
5,80,1,27.9,9393135.552
5,80,1,28,9250815.317
5,80,1,28.1,9677776.024
5,80,1,28.2,9535455.788
5,80,1,28.3,9037334.963
5,80,1,28.4,10175896.85
5,80,1,28.5,10531697.44
5,80,1,28.6,8183413.549
5,80,1,28.7,10460537.32
5,80,1,28.8,8823854.61
5,80,1,28.9,8823854.61
5,80,1,29,10602857.56
5,80,1,29.1,9464295.67
5,80,1,29.2,10460537.32
5,80,1,29.3,9393135.552
5,80,1,29.4,9820096.259
5,80,1,29.5,7542972.489
5,80,1,29.6,9748936.142
5,80,1,29.7,9535455.788
5,80,1,29.8,9393135.552
5,80,1,29.9,9037334.963
5,80,1,30,8681534.374
5,80,1,30.1,8895014.728
5,80,1,30.2,8468054.021
5,80,1,30.3,8752694.492
5,80,1,30.4,9108495.081
5,80,1,30.5,8823854.61
5,80,1,30.6,10247056.97
5,80,1,30.7,8325733.785
5,80,1,30.8,10175896.85
5,80,1,30.9,9108495.081
5,80,1,31,8468054.021
5,80,1,31.1,7614132.607
5,80,1,31.2,7827612.96
5,80,1,31.3,8183413.549
5,80,1,31.4,8254573.667
5,80,1,31.5,7898773.078
5,80,1,31.6,9748936.142
5,80,1,31.7,9179655.199
5,80,1,31.8,9108495.081
5,80,1,31.9,8681534.374
5,80,1,32,8539214.139
5,80,1,32.1,8539214.139
5,80,1,32.2,8396893.903
5,80,1,32.3,7969933.196
5,80,1,32.4,8183413.549
5,80,1,32.5,7969933.196
5,80,1,32.6,8966174.846
5,80,1,32.7,7614132.607
5,80,1,32.8,8539214.139
5,80,1,32.9,7542972.489
5,80,1,33,7471812.371
5,80,1,33.1,6689051.075
5,80,1,33.2,8325733.785
5,80,1,33.3,8183413.549
5,80,1,33.4,8041093.314
5,80,1,33.5,7187171.9
5,80,1,33.6,7898773.078
5,80,1,33.7,6333250.486
5,80,1,33.8,7898773.078
5,80,1,33.9,6831371.311
5,80,1,34,5906289.779
5,80,1,34.1,8254573.667
5,80,1,34.2,8823854.61
5,80,1,34.3,6831371.311
5,80,1,34.4,8468054.021
5,80,1,34.5,7471812.371
5,80,1,34.6,7044851.664
5,80,1,34.7,6190930.25
5,80,1,34.8,7471812.371
5,80,1,34.9,7614132.607
5,80,1,35,8468054.021
5,80,1,35.1,6617890.957
5,80,1,35.2,7044851.664
5,80,1,35.3,7400652.253
5,80,1,35.4,7258332.018
5,80,1,35.5,7400652.253
5,80,1,35.6,7400652.253
5,80,1,35.7,6190930.25
5,80,1,35.8,7471812.371
5,80,1,35.9,6760211.193
5,80,1,36,7116011.782
5,80,1,36.1,6617890.957
5,80,1,36.2,7116011.782
5,80,1,36.3,7044851.664
5,80,1,36.4,6760211.193
5,80,1,36.5,7400652.253
5,80,1,36.6,7756452.843
5,80,1,36.7,7116011.782
5,80,1,36.8,7258332.018
5,80,1,36.9,6689051.075
5,80,1,37,7471812.371
5,80,1,37.1,6119770.133
5,80,1,37.2,6902531.429
5,80,1,37.3,7685292.725
5,80,1,37.4,6475570.722
5,80,1,37.5,6546730.84
5,80,1,37.6,7258332.018
5,80,1,37.7,7329492.136
5,80,1,37.8,6902531.429
5,80,1,37.9,6617890.957
5,80,1,38,5337008.837
5,80,1,38.1,6831371.311
5,80,1,38.2,5763969.544
5,80,1,38.3,5479329.072
5,80,1,38.4,6689051.075
5,80,1,38.5,7898773.078
5,80,1,38.6,6333250.486
5,80,1,38.7,6831371.311
5,80,1,38.8,8468054.021
5,80,1,38.9,6190930.25
5,80,1,39,6546730.84
5,80,1,39.1,6190930.25
5,80,1,39.2,6119770.133
5,80,1,39.3,5692809.426
5,80,1,39.4,6689051.075
5,80,1,39.5,6831371.311
5,80,1,39.6,5906289.779
5,80,1,39.7,6973691.547
5,80,1,39.8,5479329.072
5,80,1,39.9,5906289.779
5,80,1,40,5265848.719
5,80,1,40.1,6546730.84
5,80,1,40.2,6262090.368
5,80,1,40.3,6262090.368
5,80,1,40.4,5123528.483
5,80,1,40.5,5977449.897
5,80,1,40.6,5052368.365
5,80,1,40.7,6546730.84
5,80,1,40.8,6404410.604
5,80,1,40.9,5692809.426
5,80,1,41,5337008.837
5,80,1,41.1,6190930.25
5,80,1,41.2,7614132.607
5,80,1,41.3,6262090.368
5,80,1,41.4,5194688.601
5,80,1,41.5,6048610.015
5,80,1,41.6,4838888.012
5,80,1,41.7,5337008.837
5,80,1,41.8,5194688.601
5,80,1,41.9,6262090.368
5,80,1,42,6048610.015
5,80,1,42.1,7614132.607
5,80,1,42.2,5906289.779
5,80,1,42.3,3842646.362
5,80,1,42.4,6190930.25
5,80,1,42.5,4910048.13
5,80,1,42.6,5479329.072
5,80,1,42.7,5692809.426
5,80,1,42.8,4696567.776
5,80,1,42.9,5835129.661
5,80,1,43,4625407.658
5,80,1,43.1,5194688.601
5,80,1,43.2,6048610.015
5,80,1,43.3,5550489.19
5,80,1,43.4,6475570.722
5,80,1,43.5,4981208.248
5,80,1,43.6,5692809.426
5,80,1,43.7,5692809.426
5,80,1,43.8,6119770.133
5,80,1,43.9,5408168.954
5,80,1,44,4696567.776
5,80,1,44.1,4198446.951
5,80,1,44.2,4696567.776
5,80,1,44.3,3771486.245
5,80,1,44.4,4483087.423
5,80,1,44.5,5763969.544
5,80,1,44.6,4696567.776
5,80,1,44.7,5621649.308
5,80,1,44.8,4411927.305
5,80,1,44.9,4198446.951
5,80,1,45,4767727.894
5,80,1,45.1,6546730.84
5,80,1,45.2,4483087.423
5,80,1,45.3,5408168.954
5,80,1,45.4,5265848.719
5,80,1,45.5,5550489.19
5,80,1,45.6,5906289.779
5,80,1,45.7,4767727.894
5,80,1,45.8,4625407.658
5,80,1,45.9,4554247.541
5,80,1,46,5194688.601
5,80,1,46.1,4554247.541
5,80,1,46.2,4411927.305
5,80,1,46.3,4981208.248
5,80,1,46.4,4483087.423
5,80,1,46.5,4269607.069
5,80,1,46.6,5194688.601
5,80,1,46.7,6262090.368
5,80,1,46.8,5337008.837
5,80,1,46.9,4838888.012
5,80,1,47,4910048.13
5,80,1,47.1,5123528.483
5,80,1,47.2,4767727.894
5,80,1,47.3,4767727.894
5,80,1,47.4,4554247.541
5,80,1,47.5,5123528.483
5,80,1,47.6,4483087.423
5,80,1,47.7,4981208.248
5,80,1,47.8,4127286.834
5,80,1,47.9,5692809.426
5,80,1,48,4483087.423
5,80,1,48.1,4340767.187
5,80,1,48.2,5621649.308
5,80,1,48.3,3913806.48
5,80,1,48.4,4340767.187
5,80,1,48.5,5194688.601
5,80,1,48.6,4981208.248
5,80,1,48.7,5763969.544
5,80,1,48.8,4127286.834
5,80,1,48.9,4696567.776
5,80,1,49,4981208.248
5,80,1,49.1,5265848.719
5,80,1,49.2,4767727.894
5,80,1,49.3,4910048.13
5,80,1,49.4,3913806.48
5,80,1,49.5,4910048.13
5,80,1,49.6,3558005.891
5,80,1,49.7,4625407.658
5,80,1,49.8,4483087.423
5,80,1,49.9,5194688.601
5,80,1,50,4340767.187
5,80,1,50.1,4269607.069
5,80,1,50.2,3486845.773
5,80,1,50.3,4696567.776
5,80,1,50.4,4411927.305
5,80,1,50.5,3913806.48
5,80,1,50.6,4198446.951
5,80,1,50.7,4127286.834
5,80,1,50.8,4483087.423
5,80,1,50.9,4269607.069
5,80,1,51,4411927.305
5,80,1,51.1,4554247.541
5,80,1,51.2,4696567.776
5,80,1,51.3,4198446.951
5,80,1,51.4,4056126.716
5,80,1,51.5,4198446.951
5,80,1,51.6,4340767.187
5,80,1,51.7,4625407.658
5,80,1,51.8,4269607.069
5,80,1,51.9,4483087.423
5,80,1,52,3273365.42
5,80,1,52.1,4269607.069
5,80,1,52.2,4198446.951
5,80,1,52.3,4910048.13
5,80,1,52.4,2917564.831
5,80,1,52.5,3700326.127
5,80,1,52.6,3771486.245
5,80,1,52.7,4340767.187
5,80,1,52.8,3842646.362
5,80,1,52.9,5408168.954
5,80,1,53,4198446.951
5,80,1,53.1,3202205.302
5,80,1,53.2,3984966.598
5,80,1,53.3,4056126.716
5,80,1,53.4,4340767.187
5,80,1,53.5,3700326.127
5,80,1,53.6,4127286.834
5,80,1,53.7,4625407.658
5,80,1,53.8,4127286.834
5,80,1,53.9,2561764.242
5,80,1,54,4411927.305
5,80,1,54.1,2917564.831
5,80,1,54.2,3486845.773
5,80,1,54.3,4269607.069
5,80,1,54.4,2632924.359
5,80,1,54.5,3273365.42
5,80,1,54.6,4127286.834
5,80,1,54.7,3059885.066
5,80,1,54.8,4483087.423
5,80,1,54.9,3344525.538
5,80,1,55,4056126.716
5,80,1,55.1,3202205.302
5,80,1,55.2,2846404.713
5,80,1,55.3,3558005.891
5,80,1,55.4,3629166.009
5,80,1,55.5,3131045.184
5,80,1,55.6,3344525.538
5,80,1,55.7,3415685.655
5,80,1,55.8,3344525.538
5,80,1,55.9,2917564.831
5,80,1,56,4198446.951
5,80,1,56.1,2988724.949
5,80,1,56.2,2704084.477
5,80,1,56.3,4198446.951
5,80,1,56.4,3202205.302
5,80,1,56.5,3984966.598
5,80,1,56.6,3415685.655
5,80,1,56.7,3202205.302
5,80,1,56.8,4056126.716
5,80,1,56.9,3131045.184
5,80,1,57,3629166.009
5,80,1,57.1,3771486.245
5,80,1,57.2,3131045.184
5,80,1,57.3,3842646.362
5,80,1,57.4,3629166.009
5,80,1,57.5,3486845.773
5,80,1,57.6,3131045.184
5,80,1,57.7,3273365.42
5,80,1,57.8,3984966.598
5,80,1,57.9,3558005.891
5,80,1,58,2846404.713
5,80,1,58.1,7542972.489
5,80,1,58.2,3273365.42
5,80,1,58.3,3059885.066
5,80,1,58.4,4340767.187
5,80,1,58.5,2775244.595
5,80,1,58.6,3273365.42
5,80,1,58.7,3202205.302
5,80,1,58.8,3059885.066
5,80,1,58.9,2917564.831
5,80,1,59,2632924.359
5,80,1,59.1,2917564.831
5,80,1,59.2,2134803.535
5,80,1,59.3,3558005.891
5,80,1,59.4,3913806.48
5,80,1,59.5,9393135.552
5,80,1,59.6,3984966.598
5,80,1,59.7,3415685.655
5,80,1,59.8,2063643.417
5,80,1,59.9,3131045.184
5,80,1,60,4411927.305
5,80,1,60.1,3344525.538
5,80,1,60.2,2988724.949
5,80,1,60.3,2846404.713
5,80,1,60.4,3273365.42
5,80,1,60.5,3700326.127
5,80,1,60.6,3486845.773
5,80,1,60.7,2846404.713
5,80,1,60.8,3131045.184
5,80,1,60.9,1992483.299
5,80,1,61,3558005.891
5,80,1,61.1,2704084.477
5,80,1,61.2,3629166.009
5,80,1,61.3,4269607.069
5,80,1,61.4,2561764.242
5,80,1,61.5,3202205.302
5,80,1,61.6,2775244.595
5,80,1,61.7,2632924.359
5,80,1,61.8,3131045.184
5,80,1,61.9,2490604.124
5,80,1,62,3842646.362
5,80,1,62.1,2277123.77
5,80,1,62.2,2775244.595
5,80,1,62.3,2419444.006
5,80,1,62.4,3131045.184
5,80,1,62.5,3984966.598
5,80,1,62.6,3486845.773
5,80,1,62.7,2632924.359
5,80,1,62.8,2988724.949
5,80,1,62.9,3273365.42
5,80,1,63,3131045.184
5,80,1,63.1,2917564.831
5,80,1,63.2,3842646.362
5,80,1,63.3,2561764.242
5,80,1,63.4,3415685.655
5,80,1,63.5,3131045.184
5,80,1,63.6,2561764.242
5,80,1,63.7,2704084.477
5,80,1,63.8,1636682.71
5,80,1,63.9,2988724.949
5,80,1,64,3486845.773
5,80,1,64.1,3558005.891
5,80,1,64.2,3202205.302
5,80,1,64.3,3131045.184
5,80,1,64.4,2277123.77
5,80,1,64.5,2917564.831
5,80,1,64.6,3131045.184
5,80,1,64.7,2561764.242
5,80,1,64.8,2490604.124
5,80,1,64.9,2205963.652
5,80,1,65,2988724.949
5,80,1,65.1,3486845.773
5,80,1,65.2,2490604.124
5,80,1,65.3,2063643.417
5,80,1,65.4,3059885.066
5,80,1,65.5,2704084.477
5,80,1,65.6,2490604.124
5,80,1,65.7,2917564.831
5,80,1,65.8,2490604.124
5,80,1,65.9,2775244.595
5,80,1,66,2632924.359
5,80,1,66.1,2561764.242
5,80,1,66.2,2988724.949
5,80,1,66.3,2988724.949
5,80,1,66.4,3202205.302
5,80,1,66.5,2988724.949
5,80,1,66.6,2063643.417
5,80,1,66.7,2490604.124
5,80,1,66.8,2846404.713
5,80,1,66.9,2775244.595
5,80,1,67,2205963.652
5,80,1,67.1,2988724.949
5,80,1,67.2,2419444.006
5,80,1,67.3,3131045.184
5,80,1,67.4,4127286.834
5,80,1,67.5,2419444.006
5,80,1,67.6,3558005.891
5,80,1,67.7,1992483.299
5,80,1,67.8,2917564.831
5,80,1,67.9,2063643.417
5,80,1,68,2490604.124
5,80,1,68.1,3344525.538
5,80,1,68.2,1921323.181
5,80,1,68.3,3273365.42
5,80,1,68.4,2419444.006
5,80,1,68.5,2704084.477
5,80,1,68.6,2775244.595
5,80,1,68.7,3059885.066
5,80,1,68.8,2134803.535
5,80,1,68.9,1921323.181
5,80,1,69,2419444.006
5,80,1,69.1,2277123.77
5,80,1,69.2,2561764.242
5,80,1,69.3,2704084.477
5,80,1,69.4,2419444.006
5,80,1,69.5,2063643.417
5,80,1,69.6,2561764.242
5,80,1,69.7,2988724.949
5,80,1,69.8,2775244.595
5,80,1,69.9,2419444.006
5,80,1,70,2632924.359
5,80,1,70.1,1636682.71
5,80,1,70.2,2419444.006
5,80,1,70.3,2348283.888
5,80,1,70.4,2419444.006
5,80,1,70.5,2134803.535
5,80,1,70.6,2277123.77
5,80,1,70.7,2134803.535
5,80,1,70.8,1707842.828
5,80,1,70.9,2277123.77
5,80,1,71,2419444.006
5,80,1,71.1,2205963.652
5,80,1,71.2,2704084.477
5,80,1,71.3,3059885.066
5,80,1,71.4,2205963.652
5,80,1,71.5,1992483.299
5,80,1,71.6,2419444.006
5,80,1,71.7,2134803.535
5,80,1,71.8,1707842.828
5,80,1,71.9,1565522.592
5,80,1,72,2063643.417
5,80,1,72.1,2134803.535
5,80,1,72.2,1850163.063
5,80,1,72.3,2704084.477
5,80,1,72.4,2205963.652
5,80,1,72.5,1779002.946
5,80,1,72.6,1850163.063
5,80,1,72.7,1850163.063
5,80,1,72.8,1423202.356
5,80,1,72.9,2277123.77
5,80,1,73,2704084.477
5,80,1,73.1,1707842.828
5,80,1,73.2,1494362.474
5,80,1,73.3,2205963.652
5,80,1,73.4,1565522.592
5,80,1,73.5,1636682.71
5,80,1,73.6,1494362.474
5,80,1,73.7,1850163.063
5,80,1,73.8,1636682.71
5,80,1,73.9,1779002.946
5,80,1,74,2205963.652
5,80,1,74.1,1494362.474
5,80,1,74.2,2063643.417
5,80,1,74.3,1850163.063
5,80,1,74.4,1352042.239
5,80,1,74.5,1565522.592
5,80,1,74.6,2134803.535
5,80,1,74.7,1707842.828
5,80,1,74.8,2134803.535
5,80,1,74.9,1423202.356
5,80,1,75,2134803.535
5,80,1,75.1,1280882.121
5,80,1,75.2,1565522.592
5,80,1,75.3,1352042.239
5,80,1,75.4,2277123.77
5,80,1,75.5,1494362.474
5,80,1,75.6,1565522.592
5,80,1,75.7,1850163.063
5,80,1,75.8,1850163.063
5,80,1,75.9,2348283.888
5,80,1,76,1209722.003
5,80,1,76.1,1138561.885
5,80,1,76.2,1067401.767
5,80,1,76.3,1494362.474
5,80,1,76.4,1707842.828
5,80,1,76.5,1423202.356
5,80,1,76.6,1138561.885
5,80,1,76.7,1138561.885
5,80,1,76.8,1565522.592
5,80,1,76.9,711601.1782
5,80,1,77,1067401.767
5,80,1,77.1,1352042.239
5,80,1,77.2,1352042.239
5,80,1,77.3,1779002.946
5,80,1,77.4,1209722.003
5,80,1,77.5,1352042.239
5,80,1,77.6,1280882.121
5,80,1,77.7,1352042.239
5,80,1,77.8,996241.6495
5,80,1,77.9,996241.6495
5,80,1,78,498120.8248
5,80,1,78.1,996241.6495
5,80,1,78.2,996241.6495
5,80,1,78.3,1209722.003
5,80,1,78.4,569280.9426
5,80,1,78.5,1423202.356
5,80,1,78.6,1352042.239
5,80,1,78.7,640441.0604
5,80,1,78.8,640441.0604
5,80,1,78.9,853921.4139
5,80,1,79,711601.1782
5,80,1,79.1,782761.296
5,80,1,79.2,355800.5891
5,80,1,79.3,640441.0604
5,80,1,79.4,782761.296
5,80,1,79.5,498120.8248
5,80,1,79.6,569280.9426
5,80,1,79.7,213480.3535
5,80,1,79.8,142320.2356
5,80,1,79.9,71160.11782
5,150,1,2.7,75263.04353
5,150,1,2.9,75263.04353
5,150,1,3,301052.1741
5,150,1,3.1,301052.1741
5,150,1,3.2,225789.1306
5,150,1,3.3,526841.3047
5,150,1,3.4,903156.5224
5,150,1,3.5,978419.5659
5,150,1,3.6,1731050.001
5,150,1,3.7,3161047.828
5,150,1,3.8,3161047.828
5,150,1,3.9,2784732.611
5,150,1,4,5494202.178
5,150,1,4.1,6246832.613
5,150,1,4.2,6924200.005
5,150,1,4.3,7676830.44
5,150,1,4.4,10160510.88
5,150,1,4.5,9934721.746
5,150,1,4.6,11063667.4
5,150,1,4.7,14601030.45
5,150,1,4.8,16181554.36
5,150,1,4.9,16783658.71
5,150,1,5,20321021.75
5,150,1,5.1,18213656.54
5,150,1,5.2,22277860.89
5,150,1,5.3,21224178.28
5,150,1,5.4,23557332.63
5,150,1,5.5,23933647.84
5,150,1,5.6,26116276.11
5,150,1,5.7,25965750.02
5,150,1,5.8,29277323.93
5,150,1,5.9,28976271.76
5,150,1,6,31083636.98
5,150,1,6.1,32739423.94
5,150,1,6.2,31535215.24
5,150,1,6.3,31083636.98
5,150,1,6.4,34922052.2
5,150,1,6.5,32363108.72
5,150,1,6.6,36878891.33
5,150,1,6.7,37029417.42
5,150,1,6.8,40566780.46
5,150,1,6.9,39287308.72
5,150,1,7,37405732.64
5,150,1,7.1,40039939.16
5,150,1,7.2,40792569.6
5,150,1,7.3,38459415.25
5,150,1,7.4,68263580.49
5,150,1,7.5,38986256.55
5,150,1,7.6,40340991.33
5,150,1,7.7,40792569.6
5,150,1,7.8,41770989.16
5,150,1,7.9,40943095.68
5,150,1,8,39513097.86
5,150,1,8.1,44179406.55
5,150,1,8.2,39814150.03
5,150,1,8.3,99196691.38
5,150,1,8.4,563343880.8
5,150,1,8.5,39362571.77
5,150,1,8.6,40717306.55
5,150,1,8.7,42975197.86
5,150,1,8.8,49071504.38
5,150,1,8.9,41846252.2
5,150,1,9,42072041.34
5,150,1,9.1,39964676.12
5,150,1,9.2,43276250.03
5,150,1,9.3,39588360.9
5,150,1,9.4,40642043.51
5,150,1,9.5,57877280.48
5,150,1,9.6,49071504.38
5,150,1,9.7,327770554.6
5,150,1,9.8,68715158.75
5,150,1,9.9,53361497.87
5,150,1,10,148117669.7
5,150,1,10.1,42975197.86
5,150,1,10.2,42523619.6
5,150,1,10.3,34846789.16
5,150,1,10.4,35749945.68
5,150,1,10.5,33040476.11
5,150,1,10.6,32588897.85
5,150,1,10.7,37857310.9
5,150,1,10.8,35373630.46
5,150,1,10.9,33266265.24
5,150,1,11,38007836.98
5,150,1,11.1,35373630.46
5,150,1,11.2,36352050.03
5,150,1,11.3,86176184.85
5,150,1,11.4,34997315.24
5,150,1,11.5,37029417.42
5,150,1,11.6,38609941.33
5,150,1,11.7,39437834.81
5,150,1,11.8,34018895.68
5,150,1,11.9,32438371.76
5,150,1,12,36352050.03
5,150,1,12.1,31911530.46
5,150,1,12.2,32739423.94
5,150,1,12.3,33943632.63
5,150,1,12.4,35524156.55
5,150,1,12.5,29051534.8
5,150,1,12.6,29277323.93
5,150,1,12.7,32513634.81
5,150,1,12.8,30857847.85
5,150,1,12.9,32588897.85
5,150,1,13,32287845.68
5,150,1,13.1,32438371.76
5,150,1,13.2,31384689.15
5,150,1,13.3,27546273.93
5,150,1,13.4,30180480.46
5,150,1,13.5,30105217.41
5,150,1,13.6,30481532.63
5,150,1,13.7,29578376.11
5,150,1,13.8,27621536.98
5,150,1,13.9,29578376.11
5,150,1,14,26868906.54
5,150,1,14.1,26944169.59
5,150,1,14.2,25514171.76
5,150,1,14.3,29503113.07
5,150,1,14.4,28449430.46
5,150,1,14.5,27395747.85
5,150,1,14.6,27019432.63
5,150,1,14.7,27320484.8
5,150,1,14.8,28298904.37
5,150,1,14.9,26944169.59
5,150,1,15,26116276.11
5,150,1,15.1,29051534.8
5,150,1,15.2,26793643.5
5,150,1,15.3,26793643.5
5,150,1,15.4,27245221.76
5,150,1,15.5,27847326.11
5,150,1,15.6,27471010.89
5,150,1,15.7,26718380.45
5,150,1,15.8,28374167.41
5,150,1,15.9,24460489.15
5,150,1,16,24912067.41
5,150,1,16.1,24234700.02
5,150,1,16.2,24234700.02
5,150,1,16.3,24912067.41
5,150,1,16.4,25815223.93
5,150,1,16.5,26041013.06
5,150,1,16.6,25137856.54
5,150,1,16.7,24836804.37
5,150,1,16.8,24159436.97
5,150,1,16.9,24686278.28
5,150,1,17,24761541.32
5,150,1,17.1,24912067.41
5,150,1,17.2,26417328.28
5,150,1,17.3,24084173.93
5,150,1,17.4,23933647.84
5,150,1,17.5,25890486.98
5,150,1,17.6,22428386.97
5,150,1,17.7,21525230.45
5,150,1,17.8,23105754.36
5,150,1,17.9,21901545.67
5,150,1,18,22503650.02
5,150,1,18.1,20396284.8
5,150,1,18.2,23030491.32
5,150,1,18.3,23105754.36
5,150,1,18.4,22654176.1
5,150,1,18.5,22879965.23
5,150,1,18.6,21148915.23
5,150,1,18.7,20772600.02
5,150,1,18.8,22428386.97
5,150,1,18.9,20396284.8
5,150,1,19,22503650.02
5,150,1,19.1,21901545.67
5,150,1,19.2,21600493.49
5,150,1,19.3,21374704.36
5,150,1,19.4,20923126.1
5,150,1,19.5,22353123.93
5,150,1,19.6,19643654.36
5,150,1,19.7,20622073.93
5,150,1,19.8,21299441.32
5,150,1,19.9,18514708.71
5,150,1,20,20546810.88
5,150,1,20.1,20095232.62
5,150,1,20.2,17611552.19
5,150,1,20.3,20019969.58
5,150,1,20.4,19493128.28
5,150,1,20.5,21299441.32
5,150,1,20.6,20396284.8
5,150,1,20.7,19267339.14
5,150,1,20.8,19794180.45
5,150,1,20.9,19041550.01
5,150,1,21,19267339.14
5,150,1,21.1,18288919.58
5,150,1,21.2,18966286.97
5,150,1,21.3,17009447.84
5,150,1,21.4,15955765.23
5,150,1,21.5,19041550.01
5,150,1,21.6,18815760.88
5,150,1,21.7,17536289.14
5,150,1,21.8,18740497.84
5,150,1,21.9,19267339.14
5,150,1,22,18740497.84
5,150,1,22.1,17385763.06
5,150,1,22.2,16407343.49
5,150,1,22.3,17912604.36
5,150,1,22.4,18213656.54
5,150,1,22.5,19568391.32
5,150,1,22.6,18138393.49
5,150,1,22.7,16934184.8
5,150,1,22.8,15805239.14
5,150,1,22.9,16482606.53
5,150,1,23,18891023.93
5,150,1,23.1,19041550.01
5,150,1,23.2,16256817.4
5,150,1,23.3,16106291.32
5,150,1,23.4,17159973.93
5,150,1,23.5,17385763.06
5,150,1,23.6,15579450.01
5,150,1,23.7,18815760.88
5,150,1,23.8,16332080.45
5,150,1,23.9,15504186.97
5,150,1,24,13321558.71
5,150,1,24.1,16407343.49
5,150,1,24.2,16407343.49
5,150,1,24.3,17084710.88
5,150,1,24.4,14977345.66
5,150,1,24.5,16106291.32
5,150,1,24.6,15127871.75
5,150,1,24.7,15805239.14
5,150,1,24.8,15052608.71
5,150,1,24.9,16858921.75
5,150,1,25,15805239.14
5,150,1,25.1,16181554.36
5,150,1,25.2,15880502.19
5,150,1,25.3,14299978.27
5,150,1,25.4,16332080.45
5,150,1,25.5,14826819.58
5,150,1,25.6,14074189.14
5,150,1,25.7,15203134.79
5,150,1,25.8,13095769.57
5,150,1,25.9,15579450.01
5,150,1,26,13773136.97
5,150,1,26.1,14074189.14
5,150,1,26.2,14902082.62
5,150,1,26.3,14977345.66
5,150,1,26.4,12719454.36
5,150,1,26.5,14902082.62
5,150,1,26.6,14676293.49
5,150,1,26.7,13923663.05
5,150,1,26.8,15880502.19
5,150,1,26.9,13622610.88
5,150,1,27,13547347.84
5,150,1,27.1,13998926.1
5,150,1,27.2,15504186.97
5,150,1,27.3,11289456.53
5,150,1,27.4,12568928.27
5,150,1,27.5,13472084.79
5,150,1,27.6,12945243.49
5,150,1,27.7,14676293.49
5,150,1,27.8,13472084.79
5,150,1,27.9,14375241.31
5,150,1,28,14299978.27
5,150,1,28.1,13472084.79
5,150,1,28.2,13773136.97
5,150,1,28.3,12869980.44
5,150,1,28.4,12343139.14
5,150,1,28.5,14525767.4
5,150,1,28.6,14149452.18
5,150,1,28.7,12945243.49
5,150,1,28.8,13171032.62
5,150,1,28.9,11816297.83
5,150,1,29,13472084.79
5,150,1,29.1,12568928.27
5,150,1,29.2,12192613.05
5,150,1,29.3,11665771.75
5,150,1,29.4,11665771.75
5,150,1,29.5,12945243.49
5,150,1,29.6,12945243.49
5,150,1,29.7,13246295.66
5,150,1,29.8,11364719.57
5,150,1,29.9,11590508.7
5,150,1,30,13321558.71
5,150,1,30.1,11515245.66
5,150,1,30.2,11063667.4
5,150,1,30.3,11665771.75
5,150,1,30.4,9934721.746
5,150,1,30.5,11214193.49
5,150,1,30.6,11665771.75
5,150,1,30.7,10988404.36
5,150,1,30.8,12568928.27
5,150,1,30.9,11439982.62
5,150,1,31,11515245.66
5,150,1,31.1,13472084.79
5,150,1,31.2,11439982.62
5,150,1,31.3,10009984.79
5,150,1,31.4,10311036.96
5,150,1,31.5,11063667.4
5,150,1,31.6,11063667.4
5,150,1,31.7,11138930.44
5,150,1,31.8,10837878.27
5,150,1,31.9,10536826.09
5,150,1,32,10762615.23
5,150,1,32.1,9859458.703
5,150,1,32.2,11138930.44
5,150,1,32.3,9784195.659
5,150,1,32.4,10837878.27
5,150,1,32.5,9407880.442
5,150,1,32.6,13246295.66
5,150,1,32.7,9859458.703
5,150,1,32.8,10311036.96
5,150,1,32.9,10837878.27
5,150,1,33,9106828.268
5,150,1,33.1,10235773.92
5,150,1,33.2,10386300.01
5,150,1,33.3,11289456.53
5,150,1,33.4,9558406.529
5,150,1,33.5,9934721.746
5,150,1,33.6,9257354.355
5,150,1,33.7,10536826.09
5,150,1,33.8,10386300.01
5,150,1,33.9,10386300.01
5,150,1,34,10612089.14
5,150,1,34.1,9934721.746
5,150,1,34.2,10311036.96
5,150,1,34.3,11741034.79
5,150,1,34.4,8805776.093
5,150,1,34.5,10009984.79
5,150,1,34.6,9558406.529
5,150,1,34.7,11590508.7
5,150,1,34.8,9708932.616
5,150,1,34.9,10837878.27
5,150,1,35,9633669.572
5,150,1,35.1,8805776.093
5,150,1,35.2,10762615.23
5,150,1,35.3,8956302.181
5,150,1,35.4,9934721.746
5,150,1,35.5,8429460.876
5,150,1,35.6,8881039.137
5,150,1,35.7,9483143.485
5,150,1,35.8,8128408.702
5,150,1,35.9,9332617.398
5,150,1,36,8956302.181
5,150,1,36.1,9407880.442
5,150,1,36.2,9558406.529
5,150,1,36.3,9859458.703
5,150,1,36.4,9784195.659
5,150,1,36.5,10386300.01
5,150,1,36.6,9633669.572
5,150,1,36.7,8956302.181
5,150,1,36.8,9182091.311
5,150,1,36.9,11138930.44
5,150,1,37,8730513.05
5,150,1,37.1,9332617.398
5,150,1,37.2,8956302.181
5,150,1,37.3,8278934.789
5,150,1,37.4,9332617.398
5,150,1,37.5,8278934.789
5,150,1,37.6,8278934.789
5,150,1,37.7,9708932.616
5,150,1,37.8,10085247.83
5,150,1,37.9,8956302.181
5,150,1,38,9182091.311
5,150,1,38.1,7526304.353
5,150,1,38.2,8128408.702
5,150,1,38.3,8278934.789
5,150,1,38.4,7902619.571
5,150,1,38.5,7752093.484
5,150,1,38.6,8504723.919
5,150,1,38.7,10160510.88
5,150,1,38.8,7526304.353
5,150,1,38.9,8805776.093
5,150,1,39,7676830.44
5,150,1,39.1,8429460.876
5,150,1,39.2,8278934.789
5,150,1,39.3,9182091.311
5,150,1,39.4,8429460.876
5,150,1,39.5,6999463.049
5,150,1,39.6,9031565.224
5,150,1,39.7,7601567.397
5,150,1,39.8,8278934.789
5,150,1,39.9,7526304.353
5,150,1,40,7977882.615
5,150,1,40.1,6848936.962
5,150,1,40.2,9182091.311
5,150,1,40.3,8504723.919
5,150,1,40.4,8805776.093
5,150,1,40.5,7977882.615
5,150,1,40.6,7902619.571
5,150,1,40.7,7074726.092
5,150,1,40.8,7375778.266
5,150,1,40.9,7149989.136
5,150,1,41,7300515.223
5,150,1,41.1,6472621.744
5,150,1,41.2,9257354.355
5,150,1,41.3,7300515.223
5,150,1,41.4,8053145.658
5,150,1,41.5,7375778.266
5,150,1,41.6,8354197.832
5,150,1,41.7,6999463.049
5,150,1,41.8,6848936.962
5,150,1,41.9,8579986.963
5,150,1,42,8579986.963
5,150,1,42.1,7902619.571
5,150,1,42.2,7149989.136
5,150,1,42.3,7451041.31
5,150,1,42.4,6924200.005
5,150,1,42.5,7225252.179
5,150,1,42.6,7977882.615
5,150,1,42.7,7676830.44
5,150,1,42.8,6698410.874
5,150,1,42.9,6547884.787
5,150,1,43,6698410.874
5,150,1,43.1,8278934.789
5,150,1,43.2,6322095.657
5,150,1,43.3,6397358.7
5,150,1,43.4,7074726.092
5,150,1,43.5,8278934.789
5,150,1,43.6,5870517.396
5,150,1,43.7,7225252.179
5,150,1,43.8,8053145.658
5,150,1,43.9,7225252.179
5,150,1,44,7827356.528
5,150,1,44.1,6246832.613
5,150,1,44.2,7149989.136
5,150,1,44.3,7601567.397
5,150,1,44.4,6848936.962
5,150,1,44.5,6623147.831
5,150,1,44.6,7074726.092
5,150,1,44.7,5193150.004
5,150,1,44.8,5494202.178
5,150,1,44.9,6698410.874
5,150,1,45,8655250.006
5,150,1,45.1,7225252.179
5,150,1,45.2,7526304.353
5,150,1,45.3,6623147.831
5,150,1,45.4,7977882.615
5,150,1,45.5,5795254.352
5,150,1,45.6,6096306.526
5,150,1,45.7,7752093.484
5,150,1,45.8,5945780.439
5,150,1,45.9,6623147.831
5,150,1,46,6021043.483
5,150,1,46.1,5795254.352
5,150,1,46.2,5418939.134
5,150,1,46.3,6472621.744
5,150,1,46.4,6924200.005
5,150,1,46.5,6096306.526
5,150,1,46.6,5418939.134
5,150,1,46.7,7451041.31
5,150,1,46.8,6698410.874
5,150,1,46.9,6096306.526
5,150,1,47,5418939.134
5,150,1,47.1,6623147.831
5,150,1,47.2,6021043.483
5,150,1,47.3,5569465.221
5,150,1,47.4,5795254.352
5,150,1,47.5,7676830.44
5,150,1,47.6,5418939.134
5,150,1,47.7,6547884.787
5,150,1,47.8,6171569.57
5,150,1,47.9,6623147.831
5,150,1,48,6547884.787
5,150,1,48.1,4666308.699
5,150,1,48.2,6021043.483
5,150,1,48.3,6623147.831
5,150,1,48.4,6397358.7
5,150,1,48.5,5117886.96
5,150,1,48.6,6698410.874
5,150,1,48.7,6472621.744
5,150,1,48.8,6322095.657
5,150,1,48.9,6623147.831
5,150,1,49,7601567.397
5,150,1,49.1,5945780.439
5,150,1,49.2,6999463.049
5,150,1,49.3,6547884.787
5,150,1,49.4,5418939.134
5,150,1,49.5,6021043.483
5,150,1,49.6,4967360.873
5,150,1,49.7,5644728.265
5,150,1,49.8,5343676.091
5,150,1,49.9,5945780.439
5,150,1,50,7074726.092
5,150,1,50.1,6322095.657
5,150,1,50.2,5644728.265
5,150,1,50.3,5644728.265
5,150,1,50.4,6698410.874
5,150,1,50.5,5117886.96
5,150,1,50.6,5719991.309
5,150,1,50.7,4892097.83
5,150,1,50.8,5418939.134
5,150,1,50.9,5644728.265
5,150,1,51,6096306.526
5,150,1,51.1,6322095.657
5,150,1,51.2,5494202.178
5,150,1,51.3,5042623.917
5,150,1,51.4,6171569.57
5,150,1,51.5,6021043.483
5,150,1,51.6,4591045.656
5,150,1,51.7,5193150.004
5,150,1,51.8,6397358.7
5,150,1,51.9,5644728.265
5,150,1,52,6698410.874
5,150,1,52.1,5268413.047
5,150,1,52.2,6096306.526
5,150,1,52.3,6246832.613
5,150,1,52.4,6096306.526
5,150,1,52.5,5042623.917
5,150,1,52.6,4666308.699
5,150,1,52.7,5193150.004
5,150,1,52.8,5569465.221
5,150,1,52.9,4892097.83
5,150,1,53,6773673.918
5,150,1,53.1,4741571.743
5,150,1,53.2,3010521.741
5,150,1,53.3,4967360.873
5,150,1,53.4,5268413.047
5,150,1,53.5,5418939.134
5,150,1,53.6,5268413.047
5,150,1,53.7,5494202.178
5,150,1,53.8,4591045.656
5,150,1,53.9,4591045.656
5,150,1,54,5719991.309
5,150,1,54.1,5644728.265
5,150,1,54.2,4967360.873
5,150,1,54.3,4515782.612
5,150,1,54.4,5418939.134
5,150,1,54.5,5494202.178
5,150,1,54.6,4289993.481
5,150,1,54.7,4440519.568
5,150,1,54.8,5193150.004
5,150,1,54.9,4892097.83
5,150,1,55,5494202.178
5,150,1,55.1,5870517.396
5,150,1,55.2,4816834.786
5,150,1,55.3,5343676.091
5,150,1,55.4,5644728.265
5,150,1,55.5,4365256.525
5,150,1,55.6,4214730.438
5,150,1,55.7,4967360.873
5,150,1,55.8,6096306.526
5,150,1,55.9,4064204.351
5,150,1,56,5117886.96
5,150,1,56.1,5343676.091
5,150,1,56.2,5042623.917
5,150,1,56.3,5870517.396
5,150,1,56.4,4515782.612
5,150,1,56.5,5117886.96
5,150,1,56.6,4967360.873
5,150,1,56.7,4816834.786
5,150,1,56.8,5268413.047
5,150,1,56.9,4741571.743
5,150,1,57,4741571.743
5,150,1,57.1,5343676.091
5,150,1,57.2,5193150.004
5,150,1,57.3,5268413.047
5,150,1,57.4,4064204.351
5,150,1,57.5,4591045.656
5,150,1,57.6,4214730.438
5,150,1,57.7,5117886.96
5,150,1,57.8,4892097.83
5,150,1,57.9,4591045.656
5,150,1,58,4892097.83
5,150,1,58.1,18966286.97
5,150,1,58.2,5795254.352
5,150,1,58.3,4741571.743
5,150,1,58.4,5193150.004
5,150,1,58.5,4515782.612
5,150,1,58.6,5042623.917
5,150,1,58.7,3913678.264
5,150,1,58.8,3537363.046
5,150,1,58.9,3537363.046
5,150,1,59,4365256.525
5,150,1,59.1,5042623.917
5,150,1,59.2,3913678.264
5,150,1,59.3,4515782.612
5,150,1,59.4,4892097.83
5,150,1,59.5,35900471.77
5,150,1,59.6,4064204.351
5,150,1,59.7,4515782.612
5,150,1,59.8,5569465.221
5,150,1,59.9,4214730.438
5,150,1,60,4666308.699
5,150,1,60.1,3386836.959
5,150,1,60.2,4139467.394
5,150,1,60.3,3763152.177
5,150,1,60.4,3311573.915
5,150,1,60.5,4967360.873
5,150,1,60.6,3913678.264
5,150,1,60.7,4139467.394
5,150,1,60.8,4365256.525
5,150,1,60.9,4892097.83
5,150,1,61,3612626.09
5,150,1,61.1,3612626.09
5,150,1,61.2,3612626.09
5,150,1,61.3,3161047.828
5,150,1,61.4,5268413.047
5,150,1,61.5,4591045.656
5,150,1,61.6,4591045.656
5,150,1,61.7,4064204.351
5,150,1,61.8,4365256.525
5,150,1,61.9,3913678.264
5,150,1,62,4365256.525
5,150,1,62.1,3763152.177
5,150,1,62.2,4214730.438
5,150,1,62.3,4967360.873
5,150,1,62.4,3010521.741
5,150,1,62.5,3913678.264
5,150,1,62.6,3612626.09
5,150,1,62.7,3913678.264
5,150,1,62.8,4591045.656
5,150,1,62.9,4440519.568
5,150,1,63,4440519.568
5,150,1,63.1,4892097.83
5,150,1,63.2,3161047.828
5,150,1,63.3,4892097.83
5,150,1,63.4,3687889.133
5,150,1,63.5,4816834.786
5,150,1,63.6,4214730.438
5,150,1,63.7,4515782.612
5,150,1,63.8,3537363.046
5,150,1,63.9,4214730.438
5,150,1,64,3763152.177
5,150,1,64.1,4515782.612
5,150,1,64.2,2408417.393
5,150,1,64.3,3236310.872
5,150,1,64.4,3913678.264
5,150,1,64.5,3612626.09
5,150,1,64.6,2935258.698
5,150,1,64.7,3462100.003
5,150,1,64.8,3236310.872
5,150,1,64.9,3311573.915
5,150,1,65,4591045.656
5,150,1,65.1,3085784.785
5,150,1,65.2,3612626.09
5,150,1,65.3,4214730.438
5,150,1,65.4,2784732.611
5,150,1,65.5,3010521.741
5,150,1,65.6,3913678.264
5,150,1,65.7,3763152.177
5,150,1,65.8,4440519.568
5,150,1,65.9,3687889.133
5,150,1,66,4515782.612
5,150,1,66.1,4064204.351
5,150,1,66.2,3838415.22
5,150,1,66.3,3386836.959
5,150,1,66.4,4139467.394
5,150,1,66.5,3161047.828
5,150,1,66.6,3612626.09
5,150,1,66.7,3311573.915
5,150,1,66.8,2483680.437
5,150,1,66.9,3537363.046
5,150,1,67,3838415.22
5,150,1,67.1,6397358.7
5,150,1,67.2,3913678.264
5,150,1,67.3,4139467.394
5,150,1,67.4,8956302.181
5,150,1,67.5,4214730.438
5,150,1,67.6,3838415.22
5,150,1,67.7,4214730.438
5,150,1,67.8,3687889.133
5,150,1,67.9,2935258.698
5,150,1,68,3687889.133
5,150,1,68.1,3311573.915
5,150,1,68.2,3462100.003
5,150,1,68.3,3763152.177
5,150,1,68.4,3612626.09
5,150,1,68.5,2483680.437
5,150,1,68.6,3236310.872
5,150,1,68.7,3386836.959
5,150,1,68.8,3763152.177
5,150,1,68.9,3236310.872
5,150,1,69,3988941.307
5,150,1,69.1,2634206.524
5,150,1,69.2,4967360.873
5,150,1,69.3,4816834.786
5,150,1,69.4,3763152.177
5,150,1,69.5,4139467.394
5,150,1,69.6,3687889.133
5,150,1,69.7,4365256.525
5,150,1,69.8,3085784.785
5,150,1,69.9,3010521.741
5,150,1,70,3161047.828
5,150,1,70.1,3462100.003
5,150,1,70.2,3537363.046
5,150,1,70.3,3687889.133
5,150,1,70.4,3687889.133
5,150,1,70.5,3462100.003
5,150,1,70.6,2784732.611
5,150,1,70.7,3612626.09
5,150,1,70.8,3612626.09
5,150,1,70.9,2634206.524
5,150,1,71,3085784.785
5,150,1,71.1,3612626.09
5,150,1,71.2,3687889.133
5,150,1,71.3,2935258.698
5,150,1,71.4,3462100.003
5,150,1,71.5,3010521.741
5,150,1,71.6,2558943.48
5,150,1,71.7,3913678.264
5,150,1,71.8,3462100.003
5,150,1,71.9,3236310.872
5,150,1,72,3838415.22
5,150,1,72.1,3161047.828
5,150,1,72.2,3085784.785
5,150,1,72.3,3010521.741
5,150,1,72.4,2784732.611
5,150,1,72.5,3687889.133
5,150,1,72.6,2483680.437
5,150,1,72.7,2935258.698
5,150,1,72.8,3763152.177
5,150,1,72.9,3612626.09
5,150,1,73,2483680.437
5,150,1,73.1,3311573.915
5,150,1,73.2,2709469.567
5,150,1,73.3,4139467.394
5,150,1,73.4,3687889.133
5,150,1,73.5,3010521.741
5,150,1,73.6,2935258.698
5,150,1,73.7,2784732.611
5,150,1,73.8,3763152.177
5,150,1,73.9,2709469.567
5,150,1,74,3085784.785
5,150,1,74.1,2784732.611
5,150,1,74.2,2709469.567
5,150,1,74.3,3988941.307
5,150,1,74.4,3236310.872
5,150,1,74.5,3311573.915
5,150,1,74.6,3763152.177
5,150,1,74.7,2935258.698
5,150,1,74.8,3161047.828
5,150,1,74.9,2558943.48
5,150,1,75,3386836.959
5,150,1,75.1,3386836.959
5,150,1,75.2,3687889.133
5,150,1,75.3,3010521.741
5,150,1,75.4,3462100.003
5,150,1,75.5,1956839.132
5,150,1,75.6,3085784.785
5,150,1,75.7,2634206.524
5,150,1,75.8,2935258.698
5,150,1,75.9,2558943.48
5,150,1,76,3612626.09
5,150,1,76.1,2784732.611
5,150,1,76.2,4064204.351
5,150,1,76.3,2634206.524
5,150,1,76.4,2709469.567
5,150,1,76.5,2558943.48
5,150,1,76.6,3010521.741
5,150,1,76.7,3537363.046
5,150,1,76.8,2558943.48
5,150,1,76.9,3085784.785
5,150,1,77,2784732.611
5,150,1,77.1,2182628.262
5,150,1,77.2,3612626.09
5,150,1,77.3,3988941.307
5,150,1,77.4,3010521.741
5,150,1,77.5,2784732.611
5,150,1,77.6,2558943.48
5,150,1,77.7,3085784.785
5,150,1,77.8,4139467.394
5,150,1,77.9,3010521.741
5,150,1,78,3386836.959
5,150,1,78.1,2257891.306
5,150,1,78.2,3010521.741
5,150,1,78.3,2257891.306
5,150,1,78.4,2107365.219
5,150,1,78.5,3311573.915
5,150,1,78.6,1881576.088
5,150,1,78.7,3085784.785
5,150,1,78.8,2558943.48
5,150,1,78.9,1505260.871
5,150,1,79,2709469.567
5,150,1,79.1,3311573.915
5,150,1,79.2,2257891.306
5,150,1,79.3,2859995.654
5,150,1,79.4,1881576.088
5,150,1,79.5,2032102.175
5,150,1,79.6,2182628.262
5,150,1,79.7,2558943.48
5,150,1,79.8,2032102.175
5,150,1,79.9,2182628.262
5,150,1,80,3010521.741
5,150,1,80.1,2483680.437
5,150,1,80.2,2859995.654
5,150,1,80.3,2257891.306
5,150,1,80.4,3462100.003
5,150,1,80.5,2709469.567
5,150,1,80.6,2634206.524
5,150,1,80.7,2333154.35
5,150,1,80.8,3161047.828
5,150,1,80.9,2483680.437
5,150,1,81,1956839.132
5,150,1,81.1,2709469.567
5,150,1,81.2,2709469.567
5,150,1,81.3,2859995.654
5,150,1,81.4,2558943.48
5,150,1,81.5,3085784.785
5,150,1,81.6,2859995.654
5,150,1,81.7,3763152.177
5,150,1,81.8,2634206.524
5,150,1,81.9,2257891.306
5,150,1,82,2483680.437
5,150,1,82.1,2709469.567
5,150,1,82.2,2107365.219
5,150,1,82.3,2408417.393
5,150,1,82.4,2032102.175
5,150,1,82.5,2182628.262
5,150,1,82.6,2558943.48
5,150,1,82.7,3462100.003
5,150,1,82.8,2483680.437
5,150,1,82.9,3687889.133
5,150,1,83,2107365.219
5,150,1,83.1,3161047.828
5,150,1,83.2,3236310.872
5,150,1,83.3,2032102.175
5,150,1,83.4,2032102.175
5,150,1,83.5,3462100.003
5,150,1,83.6,2182628.262
5,150,1,83.7,1731050.001
5,150,1,83.8,2483680.437
5,150,1,83.9,2182628.262
5,150,1,84,2634206.524
5,150,1,84.1,1956839.132
5,150,1,84.2,2558943.48
5,150,1,84.3,2107365.219
5,150,1,84.4,2032102.175
5,150,1,84.5,2032102.175
5,150,1,84.6,2483680.437
5,150,1,84.7,2859995.654
5,150,1,84.8,1881576.088
5,150,1,84.9,1956839.132
5,150,1,85,2408417.393
5,150,1,85.1,2107365.219
5,150,1,85.2,2182628.262
5,150,1,85.3,2784732.611
5,150,1,85.4,1956839.132
5,150,1,85.5,1429997.827
5,150,1,85.6,2634206.524
5,150,1,85.7,2634206.524
5,150,1,85.8,2032102.175
5,150,1,85.9,2408417.393
5,150,1,86,2558943.48
5,150,1,86.1,1956839.132
5,150,1,86.2,2859995.654
5,150,1,86.3,2182628.262
5,150,1,86.4,2333154.35
5,150,1,86.5,2859995.654
5,150,1,86.6,2558943.48
5,150,1,86.7,2784732.611
5,150,1,86.8,1806313.045
5,150,1,86.9,2032102.175
5,150,1,87,2634206.524
5,150,1,87.1,3085784.785
5,150,1,87.2,2333154.35
5,150,1,87.3,1956839.132
5,150,1,87.4,2257891.306
5,150,1,87.5,2333154.35
5,150,1,87.6,2257891.306
5,150,1,87.7,2182628.262
5,150,1,87.8,2257891.306
5,150,1,87.9,2182628.262
5,150,1,88,1505260.871
5,150,1,88.1,2257891.306
5,150,1,88.2,2709469.567
5,150,1,88.3,2182628.262
5,150,1,88.4,2333154.35
5,150,1,88.5,2558943.48
5,150,1,88.6,3161047.828
5,150,1,88.7,1580523.914
5,150,1,88.8,1731050.001
5,150,1,88.9,2859995.654
5,150,1,89,2182628.262
5,150,1,89.1,1956839.132
5,150,1,89.2,2483680.437
5,150,1,89.3,1655786.958
5,150,1,89.4,2182628.262
5,150,1,89.5,1505260.871
5,150,1,89.6,1956839.132
5,150,1,89.7,2333154.35
5,150,1,89.8,2408417.393
5,150,1,89.9,2333154.35
5,150,1,90,1881576.088
5,150,1,90.1,2032102.175
5,150,1,90.2,2107365.219
5,150,1,90.3,2257891.306
5,150,1,90.4,1731050.001
5,150,1,90.5,1806313.045
5,150,1,90.6,2182628.262
5,150,1,90.7,1956839.132
5,150,1,90.8,2257891.306
5,150,1,90.9,1580523.914
5,150,1,91,2032102.175
5,150,1,91.1,1881576.088
5,150,1,91.2,1655786.958
5,150,1,91.3,2558943.48
5,150,1,91.4,2333154.35
5,150,1,91.5,1956839.132
5,150,1,91.6,1956839.132
5,150,1,91.7,1881576.088
5,150,1,91.8,2032102.175
5,150,1,91.9,2257891.306
5,150,1,92,2333154.35
5,150,1,92.1,1956839.132
5,150,1,92.2,2032102.175
5,150,1,92.3,1580523.914
5,150,1,92.4,2709469.567
5,150,1,92.5,1956839.132
5,150,1,92.6,1956839.132
5,150,1,92.7,2032102.175
5,150,1,92.8,2032102.175
5,150,1,92.9,2107365.219
5,150,1,93,2483680.437
5,150,1,93.1,1655786.958
5,150,1,93.2,1806313.045
5,150,1,93.3,1881576.088
5,150,1,93.4,1505260.871
5,150,1,93.5,2032102.175
5,150,1,93.6,1881576.088
5,150,1,93.7,2107365.219
5,150,1,93.8,2032102.175
5,150,1,93.9,2107365.219
5,150,1,94,1204208.697
5,150,1,94.1,1505260.871
5,150,1,94.2,2257891.306
5,150,1,94.3,1806313.045
5,150,1,94.4,2483680.437
5,150,1,94.5,1731050.001
5,150,1,94.6,2333154.35
5,150,1,94.7,2634206.524
5,150,1,94.8,1580523.914
5,150,1,94.9,1881576.088
5,150,1,95,2257891.306
5,150,1,95.1,2032102.175
5,150,1,95.2,1806313.045
5,150,1,95.3,1881576.088
5,150,1,95.4,2032102.175
5,150,1,95.5,1580523.914
5,150,1,95.6,2032102.175
5,150,1,95.7,1354734.784
5,150,1,95.8,2182628.262
5,150,1,95.9,1881576.088
5,150,1,96,1881576.088
5,150,1,96.1,2032102.175
5,150,1,96.2,2107365.219
5,150,1,96.3,2784732.611
5,150,1,96.4,1429997.827
5,150,1,96.5,2107365.219
5,150,1,96.6,1956839.132
5,150,1,96.7,1580523.914
5,150,1,96.8,1429997.827
5,150,1,96.9,1731050.001
5,150,1,97,1655786.958
5,150,1,97.1,2107365.219
5,150,1,97.2,1956839.132
5,150,1,97.3,1806313.045
5,150,1,97.4,2558943.48
5,150,1,97.5,2107365.219
5,150,1,97.6,1053682.609
5,150,1,97.7,2182628.262
5,150,1,97.8,1956839.132
5,150,1,97.9,2634206.524
5,150,1,98,1580523.914
5,150,1,98.1,2408417.393
5,150,1,98.2,2558943.48
5,150,1,98.3,1204208.697
5,150,1,98.4,1956839.132
5,150,1,98.5,1881576.088
5,150,1,98.6,2408417.393
5,150,1,98.7,1881576.088
5,150,1,98.8,1204208.697
5,150,1,98.9,1429997.827
5,150,1,99,903156.5224
5,150,1,99.1,1204208.697
5,150,1,99.2,1731050.001
5,150,1,99.3,1655786.958
5,150,1,99.4,1354734.784
5,150,1,99.5,1580523.914
5,150,1,99.6,2182628.262
5,150,1,99.7,1053682.609
5,150,1,99.8,2107365.219
5,150,1,99.9,1806313.045
5,150,1,100,1429997.827
5,150,1,100.1,1429997.827
5,150,1,100.2,2333154.35
5,150,1,100.3,1580523.914
5,150,1,100.4,1053682.609
5,150,1,100.5,2032102.175
5,150,1,100.6,1580523.914
5,150,1,100.7,978419.5659
5,150,1,100.8,2182628.262
5,150,1,100.9,1580523.914
5,150,1,101,1956839.132
5,150,1,101.1,1279471.74
5,150,1,101.2,1881576.088
5,150,1,101.3,1655786.958
5,150,1,101.4,1128945.653
5,150,1,101.5,1580523.914
5,150,1,101.6,1128945.653
5,150,1,101.7,1655786.958
5,150,1,101.8,2032102.175
5,150,1,101.9,2408417.393
5,150,1,102,1429997.827
5,150,1,102.1,1279471.74
5,150,1,102.2,1956839.132
5,150,1,102.3,2107365.219
5,150,1,102.4,1505260.871
5,150,1,102.5,2032102.175
5,150,1,102.6,1806313.045
5,150,1,102.7,1053682.609
5,150,1,102.8,1505260.871
5,150,1,102.9,1204208.697
5,150,1,103,2483680.437
5,150,1,103.1,1279471.74
5,150,1,103.2,1731050.001
5,150,1,103.3,2182628.262
5,150,1,103.4,1505260.871
5,150,1,103.5,827893.4789
5,150,1,103.6,2483680.437
5,150,1,103.7,1505260.871
5,150,1,103.8,1580523.914
5,150,1,103.9,1354734.784
5,150,1,104,1429997.827
5,150,1,104.1,1731050.001
5,150,1,104.2,1806313.045
5,150,1,104.3,1655786.958
5,150,1,104.4,1956839.132
5,150,1,104.5,1279471.74
5,150,1,104.6,1128945.653
5,150,1,104.7,2784732.611
5,150,1,104.8,2257891.306
5,150,1,104.9,2408417.393
5,150,1,105,1956839.132
5,150,1,105.1,1204208.697
5,150,1,105.2,2032102.175
5,150,1,105.3,1580523.914
5,150,1,105.4,1279471.74
5,150,1,105.5,1505260.871
5,150,1,105.6,1354734.784
5,150,1,105.7,1580523.914
5,150,1,105.8,1580523.914
5,150,1,105.9,1279471.74
5,150,1,106,1806313.045
5,150,1,106.1,1655786.958
5,150,1,106.2,1655786.958
5,150,1,106.3,1956839.132
5,150,1,106.4,1806313.045
5,150,1,106.5,1881576.088
5,150,1,106.6,1505260.871
5,150,1,106.7,2107365.219
5,150,1,106.8,1580523.914
5,150,1,106.9,2032102.175
5,150,1,107,1429997.827
5,150,1,107.1,1429997.827
5,150,1,107.2,978419.5659
5,150,1,107.3,1429997.827
5,150,1,107.4,1429997.827
5,150,1,107.5,1128945.653
5,150,1,107.6,978419.5659
5,150,1,107.7,1204208.697
5,150,1,107.8,1354734.784
5,150,1,107.9,1580523.914
5,150,1,108,1731050.001
5,150,1,108.1,1279471.74
5,150,1,108.2,1429997.827
5,150,1,108.3,1429997.827
5,150,1,108.4,1655786.958
5,150,1,108.5,1204208.697
5,150,1,108.6,2107365.219
5,150,1,108.7,1204208.697
5,150,1,108.8,1204208.697
5,150,1,108.9,1655786.958
5,150,1,109,1806313.045
5,150,1,109.1,1806313.045
5,150,1,109.2,2107365.219
5,150,1,109.3,1128945.653
5,150,1,109.4,2257891.306
5,150,1,109.5,978419.5659
5,150,1,109.6,1279471.74
5,150,1,109.7,1505260.871
5,150,1,109.8,1354734.784
5,150,1,109.9,1429997.827
5,150,1,110,1204208.697
5,150,1,110.1,1580523.914
5,150,1,110.2,2408417.393
5,150,1,110.3,1655786.958
5,150,1,110.4,1354734.784
5,150,1,110.5,1279471.74
5,150,1,110.6,1053682.609
5,150,1,110.7,1204208.697
5,150,1,110.8,1505260.871
5,150,1,110.9,1505260.871
5,150,1,111,451578.2612
5,150,1,111.1,1655786.958
5,150,1,111.2,1806313.045
5,150,1,111.3,1806313.045
5,150,1,111.4,1731050.001
5,150,1,111.5,1204208.697
5,150,1,111.6,1505260.871
5,150,1,111.7,1053682.609
5,150,1,111.8,2634206.524
5,150,1,111.9,1580523.914
5,150,1,112,1279471.74
5,150,1,112.1,1429997.827
5,150,1,112.2,1429997.827
5,150,1,112.3,1655786.958
5,150,1,112.4,1354734.784
5,150,1,112.5,1429997.827
5,150,1,112.6,1204208.697
5,150,1,112.7,1505260.871
5,150,1,112.8,1956839.132
5,150,1,112.9,1505260.871
5,150,1,113,1580523.914
5,150,1,113.1,1505260.871
5,150,1,113.2,1279471.74
5,150,1,113.3,1354734.784
5,150,1,113.4,1505260.871
5,150,1,113.5,1731050.001
5,150,1,113.6,1505260.871
5,150,1,113.7,1204208.697
5,150,1,113.8,1128945.653
5,150,1,113.9,1128945.653
5,150,1,114,1204208.697
5,150,1,114.1,1354734.784
5,150,1,114.2,1655786.958
5,150,1,114.3,1429997.827
5,150,1,114.4,526841.3047
5,150,1,114.5,1731050.001
5,150,1,114.6,1279471.74
5,150,1,114.7,1204208.697
5,150,1,114.8,1580523.914
5,150,1,114.9,2032102.175
5,150,1,115,1429997.827
5,150,1,115.1,752630.4353
5,150,1,115.2,1279471.74
5,150,1,115.3,1881576.088
5,150,1,115.4,827893.4789
5,150,1,115.5,1505260.871
5,150,1,115.6,903156.5224
5,150,1,115.7,1354734.784
5,150,1,115.8,1204208.697
5,150,1,115.9,1881576.088
5,150,1,116,1429997.827
5,150,1,116.1,1204208.697
5,150,1,116.2,1881576.088
5,150,1,116.3,1279471.74
5,150,1,116.4,978419.5659
5,150,1,116.5,978419.5659
5,150,1,116.6,1279471.74
5,150,1,116.7,2182628.262
5,150,1,116.8,827893.4789
5,150,1,116.9,1505260.871
5,150,1,117,1580523.914
5,150,1,117.1,1580523.914
5,150,1,117.2,1354734.784
5,150,1,117.3,827893.4789
5,150,1,117.4,978419.5659
5,150,1,117.5,1354734.784
5,150,1,117.6,1429997.827
5,150,1,117.7,1354734.784
5,150,1,117.8,1580523.914
5,150,1,117.9,1279471.74
5,150,1,118,1881576.088
5,150,1,118.1,1505260.871
5,150,1,118.2,1806313.045
5,150,1,118.3,2032102.175
5,150,1,118.4,1429997.827
5,150,1,118.5,1731050.001
5,150,1,118.6,1279471.74
5,150,1,118.7,978419.5659
5,150,1,118.8,1354734.784
5,150,1,118.9,1128945.653
5,150,1,119,1053682.609
5,150,1,119.1,1204208.697
5,150,1,119.2,1128945.653
5,150,1,119.3,1429997.827
5,150,1,119.4,1580523.914
5,150,1,119.5,1204208.697
5,150,1,119.6,752630.4353
5,150,1,119.7,1655786.958
5,150,1,119.8,752630.4353
5,150,1,119.9,1053682.609
5,150,1,120,1128945.653
5,150,1,120.1,1429997.827
5,150,1,120.2,1881576.088
5,150,1,120.3,1279471.74
5,150,1,120.4,1354734.784
5,150,1,120.5,827893.4789
5,150,1,120.6,978419.5659
5,150,1,120.7,1429997.827
5,150,1,120.8,1354734.784
5,150,1,120.9,978419.5659
5,150,1,121,827893.4789
5,150,1,121.1,1354734.784
5,150,1,121.2,1128945.653
5,150,1,121.3,1279471.74
5,150,1,121.4,1806313.045
5,150,1,121.5,1279471.74
5,150,1,121.6,1279471.74
5,150,1,121.7,1429997.827
5,150,1,121.8,1354734.784
5,150,1,121.9,1279471.74
5,150,1,122,677367.3918
5,150,1,122.1,1128945.653
5,150,1,122.2,903156.5224
5,150,1,122.3,677367.3918
5,150,1,122.4,1731050.001
5,150,1,122.5,978419.5659
5,150,1,122.6,1204208.697
5,150,1,122.7,978419.5659
5,150,1,122.8,1128945.653
5,150,1,122.9,1505260.871
5,150,1,123,752630.4353
5,150,1,123.1,978419.5659
5,150,1,123.2,1128945.653
5,150,1,123.3,1354734.784
5,150,1,123.4,1053682.609
5,150,1,123.5,752630.4353
5,150,1,123.6,1279471.74
5,150,1,123.7,1128945.653
5,150,1,123.8,752630.4353
5,150,1,123.9,1204208.697
5,150,1,124,1204208.697
5,150,1,124.1,1354734.784
5,150,1,124.2,526841.3047
5,150,1,124.3,978419.5659
5,150,1,124.4,1354734.784
5,150,1,124.5,1580523.914
5,150,1,124.6,978419.5659
5,150,1,124.7,903156.5224
5,150,1,124.8,1128945.653
5,150,1,124.9,1354734.784
5,150,1,125,1279471.74
5,150,1,125.1,1128945.653
5,150,1,125.2,1204208.697
5,150,1,125.3,1354734.784
5,150,1,125.4,1505260.871
5,150,1,125.5,677367.3918
5,150,1,125.6,978419.5659
5,150,1,125.7,1053682.609
5,150,1,125.8,1354734.784
5,150,1,125.9,1354734.784
5,150,1,126,1354734.784
5,150,1,126.1,978419.5659
5,150,1,126.2,1128945.653
5,150,1,126.3,1731050.001
5,150,1,126.4,978419.5659
5,150,1,126.5,1279471.74
5,150,1,126.6,1204208.697
5,150,1,126.7,1053682.609
5,150,1,126.8,677367.3918
5,150,1,126.9,1204208.697
5,150,1,127,526841.3047
5,150,1,127.1,1655786.958
5,150,1,127.2,1354734.784
5,150,1,127.3,1354734.784
5,150,1,127.4,1204208.697
5,150,1,127.5,1429997.827
5,150,1,127.6,903156.5224
5,150,1,127.7,978419.5659
5,150,1,127.8,1204208.697
5,150,1,127.9,903156.5224
5,150,1,128,677367.3918
5,150,1,128.1,903156.5224
5,150,1,128.2,1128945.653
5,150,1,128.3,1053682.609
5,150,1,128.4,827893.4789
5,150,1,128.5,1580523.914
5,150,1,128.6,978419.5659
5,150,1,128.7,978419.5659
5,150,1,128.8,1204208.697
5,150,1,128.9,1053682.609
5,150,1,129,1128945.653
5,150,1,129.1,1279471.74
5,150,1,129.2,1806313.045
5,150,1,129.3,1128945.653
5,150,1,129.4,903156.5224
5,150,1,129.5,1731050.001
5,150,1,129.6,1429997.827
5,150,1,129.7,978419.5659
5,150,1,129.8,1354734.784
5,150,1,129.9,903156.5224
5,150,1,130,526841.3047
5,150,1,130.1,1204208.697
5,150,1,130.2,978419.5659
5,150,1,130.3,978419.5659
5,150,1,130.4,1128945.653
5,150,1,130.5,1204208.697
5,150,1,130.6,752630.4353
5,150,1,130.7,677367.3918
5,150,1,130.8,602104.3483
5,150,1,130.9,1354734.784
5,150,1,131,1204208.697
5,150,1,131.1,1279471.74
5,150,1,131.2,1204208.697
5,150,1,131.3,1429997.827
5,150,1,131.4,1279471.74
5,150,1,131.5,1128945.653
5,150,1,131.6,1128945.653
5,150,1,131.7,1128945.653
5,150,1,131.8,1429997.827
5,150,1,131.9,978419.5659
5,150,1,132,1128945.653
5,150,1,132.1,1279471.74
5,150,1,132.2,978419.5659
5,150,1,132.3,1128945.653
5,150,1,132.4,602104.3483
5,150,1,132.5,1128945.653
5,150,1,132.6,752630.4353
5,150,1,132.7,1429997.827
5,150,1,132.8,1204208.697
5,150,1,132.9,602104.3483
5,150,1,133,752630.4353
5,150,1,133.1,1204208.697
5,150,1,133.2,752630.4353
5,150,1,133.3,1204208.697
5,150,1,133.4,1354734.784
5,150,1,133.5,1279471.74
5,150,1,133.6,752630.4353
5,150,1,133.7,752630.4353
5,150,1,133.8,1429997.827
5,150,1,133.9,1354734.784
5,150,1,134,903156.5224
5,150,1,134.1,978419.5659
5,150,1,134.2,376315.2177
5,150,1,134.3,677367.3918
5,150,1,134.4,677367.3918
5,150,1,134.5,1279471.74
5,150,1,134.6,1354734.784
5,150,1,134.7,978419.5659
5,150,1,134.8,903156.5224
5,150,1,134.9,1204208.697
5,150,1,135,1128945.653
5,150,1,135.1,677367.3918
5,150,1,135.2,1128945.653
5,150,1,135.3,903156.5224
5,150,1,135.4,1429997.827
5,150,1,135.5,827893.4789
5,150,1,135.6,903156.5224
5,150,1,135.7,827893.4789
5,150,1,135.8,1279471.74
5,150,1,135.9,827893.4789
5,150,1,136,903156.5224
5,150,1,136.1,1505260.871
5,150,1,136.2,526841.3047
5,150,1,136.3,827893.4789
5,150,1,136.4,978419.5659
5,150,1,136.5,1053682.609
5,150,1,136.6,1279471.74
5,150,1,136.7,1279471.74
5,150,1,136.8,677367.3918
5,150,1,136.9,903156.5224
5,150,1,137,978419.5659
5,150,1,137.1,978419.5659
5,150,1,137.2,827893.4789
5,150,1,137.3,1279471.74
5,150,1,137.4,1354734.784
5,150,1,137.5,1128945.653
5,150,1,137.6,1053682.609
5,150,1,137.7,451578.2612
5,150,1,137.8,602104.3483
5,150,1,137.9,1128945.653
5,150,1,138,602104.3483
5,150,1,138.1,903156.5224
5,150,1,138.2,602104.3483
5,150,1,138.3,827893.4789
5,150,1,138.4,903156.5224
5,150,1,138.5,526841.3047
5,150,1,138.6,225789.1306
5,150,1,138.7,1053682.609
5,150,1,138.8,827893.4789
5,150,1,138.9,827893.4789
5,150,1,139,451578.2612
5,150,1,139.1,1354734.784
5,150,1,139.2,1128945.653
5,150,1,139.3,752630.4353
5,150,1,139.4,752630.4353
5,150,1,139.5,1279471.74
5,150,1,139.6,677367.3918
5,150,1,139.7,451578.2612
5,150,1,139.8,677367.3918
5,150,1,139.9,827893.4789
5,150,1,140,1204208.697
5,150,1,140.1,602104.3483
5,150,1,140.2,526841.3047
5,150,1,140.3,827893.4789
5,150,1,140.4,1655786.958
5,150,1,140.5,903156.5224
5,150,1,140.6,301052.1741
5,150,1,140.7,903156.5224
5,150,1,140.8,1279471.74
5,150,1,140.9,451578.2612
5,150,1,141,752630.4353
5,150,1,141.1,526841.3047
5,150,1,141.2,451578.2612
5,150,1,141.3,1128945.653
5,150,1,141.4,677367.3918
5,150,1,141.5,526841.3047
5,150,1,141.6,1655786.958
5,150,1,141.7,1354734.784
5,150,1,141.8,1128945.653
5,150,1,141.9,677367.3918
5,150,1,142,1053682.609
5,150,1,142.1,1279471.74
5,150,1,142.2,752630.4353
5,150,1,142.3,1053682.609
5,150,1,142.4,752630.4353
5,150,1,142.5,827893.4789
5,150,1,142.6,526841.3047
5,150,1,142.7,602104.3483
5,150,1,142.8,827893.4789
5,150,1,142.9,827893.4789
5,150,1,143,827893.4789
5,150,1,143.1,903156.5224
5,150,1,143.2,752630.4353
5,150,1,143.3,1128945.653
5,150,1,143.4,602104.3483
5,150,1,143.5,1505260.871
5,150,1,143.6,1505260.871
5,150,1,143.7,602104.3483
5,150,1,143.8,376315.2177
5,150,1,143.9,903156.5224
5,150,1,144,1279471.74
5,150,1,144.1,526841.3047
5,150,1,144.2,827893.4789
5,150,1,144.3,451578.2612
5,150,1,144.4,752630.4353
5,150,1,144.5,903156.5224
5,150,1,144.6,451578.2612
5,150,1,144.7,752630.4353
5,150,1,144.8,903156.5224
5,150,1,144.9,526841.3047
5,150,1,145,677367.3918
5,150,1,145.1,827893.4789
5,150,1,145.2,752630.4353
5,150,1,145.3,301052.1741
5,150,1,145.4,301052.1741
5,150,1,145.5,526841.3047
5,150,1,145.6,752630.4353
5,150,1,145.7,451578.2612
5,150,1,145.8,827893.4789
5,150,1,145.9,526841.3047
5,150,1,146,978419.5659
5,150,1,146.1,602104.3483
5,150,1,146.2,376315.2177
5,150,1,146.3,301052.1741
5,150,1,146.4,376315.2177
5,150,1,146.5,451578.2612
5,150,1,146.6,677367.3918
5,150,1,146.7,602104.3483
5,150,1,146.8,602104.3483
5,150,1,146.9,602104.3483
5,150,1,147,1128945.653
5,150,1,147.1,376315.2177
5,150,1,147.2,526841.3047
5,150,1,147.3,526841.3047
5,150,1,147.4,451578.2612
5,150,1,147.5,526841.3047
5,150,1,147.6,827893.4789
5,150,1,147.7,978419.5659
5,150,1,147.8,526841.3047
5,150,1,147.9,677367.3918
5,150,1,148,376315.2177
5,150,1,148.1,526841.3047
5,150,1,148.2,451578.2612
5,150,1,148.3,526841.3047
5,150,1,148.4,752630.4353
5,150,1,148.5,451578.2612
5,150,1,148.6,752630.4353
5,150,1,148.7,225789.1306
5,150,1,148.8,376315.2177
5,150,1,148.9,451578.2612
5,150,1,149,602104.3483
5,150,1,149.1,451578.2612
5,150,1,149.2,677367.3918
5,150,1,149.3,225789.1306
5,150,1,149.4,225789.1306
5,150,1,149.5,526841.3047
5,150,1,149.6,225789.1306
5,150,1,149.7,376315.2177
5,150,1,149.8,376315.2177
5,150,1,149.9,75263.04353
5,40,3,4,283001.2816
5,40,3,4.1,169800.7689
5,40,3,4.2,113200.5126
5,40,3,4.3,169800.7689
5,40,3,4.4,169800.7689
5,40,3,4.5,226401.0253
5,40,3,4.6,339601.5379
5,40,3,4.7,566002.5632
5,40,3,4.8,849003.8447
5,40,3,4.9,905604.1011
5,40,3,5,1754607.946
5,40,3,5.1,1698007.689
5,40,3,5.2,2547011.534
5,40,3,5.3,1981008.971
5,40,3,5.4,2886613.072
5,40,3,5.5,2886613.072
5,40,3,5.6,2490411.278
5,40,3,5.7,2716812.303
5,40,3,5.8,4414819.993
5,40,3,5.9,4414819.993
5,40,3,6,5037422.812
5,40,3,6.1,5094023.068
5,40,3,6.2,6509029.476
5,40,3,6.3,8716439.473
5,40,3,6.4,6961831.527
5,40,3,6.5,6452429.22
5,40,3,6.6,6848631.014
5,40,3,6.7,8659839.216
5,40,3,6.8,10188046.14
5,40,3,6.9,10074845.62
5,40,3,7,10357846.91
5,40,3,7.1,12848258.18
5,40,3,7.2,14489665.62
5,40,3,7.3,12621857.16
5,40,3,7.4,30790539.44
5,40,3,7.5,11376651.52
5,40,3,7.6,13131259.47
5,40,3,7.7,14999067.92
5,40,3,7.8,14150064.08
5,40,3,7.9,15734871.26
5,40,3,8,14942467.67
5,40,3,8.1,15848071.77
5,40,3,8.2,16697075.61
5,40,3,8.3,55807852.73
5,40,3,8.4,384032739.1
5,40,3,8.5,18734684.84
5,40,3,8.6,18621484.33
5,40,3,8.7,17998881.51
5,40,3,8.8,24055108.93
5,40,3,8.9,17432878.95
5,40,3,9,18055481.76
5,40,3,9.1,20715693.81
5,40,3,9.2,19696889.2
5,40,3,9.3,21338296.63
5,40,3,9.4,19470488.17
5,40,3,9.5,32262146.1
5,40,3,9.6,27790725.85
5,40,3,9.7,236872072.7
5,40,3,9.8,36393964.81
5,40,3,9.9,29318932.77
5,40,3,10,116879529.3
5,40,3,10.1,23036304.32
5,40,3,10.2,20093090.99
5,40,3,10.3,10357846.91
5,40,3,10.4,11376651.52
5,40,3,10.5,11093650.24
5,40,3,10.6,9961645.112
5,40,3,10.7,12395456.13
5,40,3,10.8,10527647.67
5,40,3,10.9,12169055.11
5,40,3,11,12621857.16
5,40,3,11.1,12395456.13
5,40,3,11.2,11886053.83
5,40,3,11.3,45053804.03
5,40,3,11.4,12395456.13
5,40,3,11.5,12225655.36
5,40,3,11.6,12169055.11
5,40,3,11.7,12395456.13
5,40,3,11.8,10074845.62
5,40,3,11.9,9395642.548
5,40,3,12,10640848.19
5,40,3,12.1,8433438.191
5,40,3,12.2,9791844.343
5,40,3,12.3,8320237.678
5,40,3,12.4,8773039.729
5,40,3,12.5,8093836.653
5,40,3,12.6,10074845.62
5,40,3,12.7,9565443.317
5,40,3,12.8,10697448.44
5,40,3,12.9,9791844.343
5,40,3,13,10357846.91
5,40,3,13.1,9452242.805
5,40,3,13.2,9339042.292
5,40,3,13.3,9452242.805
5,40,3,13.4,9169241.523
5,40,3,13.5,10471047.42
5,40,3,13.6,11489852.03
5,40,3,13.7,9622043.574
5,40,3,13.8,9961645.112
5,40,3,13.9,10018245.37
5,40,3,14,11489852.03
5,40,3,14.1,10357846.91
5,40,3,14.2,9678643.83
5,40,3,14.3,10301246.65
5,40,3,14.4,11263451.01
5,40,3,14.5,11603052.54
5,40,3,14.6,10527647.67
5,40,3,14.7,10584247.93
5,40,3,14.8,10357846.91
5,40,3,14.9,11376651.52
5,40,3,15,8603238.96
5,40,3,15.1,10754048.7
5,40,3,15.2,11150250.49
5,40,3,15.3,10754048.7
5,40,3,15.4,11037049.98
5,40,3,15.5,11886053.83
5,40,3,15.6,11376651.52
5,40,3,15.7,10697448.44
5,40,3,15.8,10131445.88
5,40,3,15.9,11829453.57
5,40,3,16,11433251.78
5,40,3,16.1,10357846.91
5,40,3,16.2,11263451.01
5,40,3,16.3,12848258.18
5,40,3,16.4,11206850.75
5,40,3,16.5,10414447.16
5,40,3,16.6,11320051.26
5,40,3,16.7,8716439.473
5,40,3,16.8,10584247.93
5,40,3,16.9,11886053.83
5,40,3,17,11433251.78
5,40,3,17.1,10697448.44
5,40,3,17.2,10980449.73
5,40,3,17.3,9678643.83
5,40,3,17.4,10471047.42
5,40,3,17.5,9848444.599
5,40,3,17.6,11263451.01
5,40,3,17.7,9169241.523
5,40,3,17.8,12565256.9
5,40,3,17.9,9565443.317
5,40,3,18,10923849.47
5,40,3,18.1,10301246.65
5,40,3,18.2,10584247.93
5,40,3,18.3,9791844.343
5,40,3,18.4,9735244.086
5,40,3,18.5,10301246.65
5,40,3,18.6,9678643.83
5,40,3,18.7,9225841.78
5,40,3,18.8,11263451.01
5,40,3,18.9,10414447.16
5,40,3,19,10697448.44
5,40,3,19.1,10584247.93
5,40,3,19.2,10810648.96
5,40,3,19.3,10867249.21
5,40,3,19.4,10640848.19
5,40,3,19.5,10923849.47
5,40,3,19.6,11433251.78
5,40,3,19.7,11093650.24
5,40,3,19.8,10357846.91
5,40,3,19.9,9622043.574
5,40,3,20,8829639.985
5,40,3,20.1,9452242.805
5,40,3,20.2,10188046.14
5,40,3,20.3,10357846.91
5,40,3,20.4,10810648.96
5,40,3,20.5,11433251.78
5,40,3,20.6,9112641.267
5,40,3,20.7,9169241.523
5,40,3,20.8,8999440.754
5,40,3,20.9,9565443.317
5,40,3,21,9282442.036
5,40,3,21.1,9622043.574
5,40,3,21.2,8207037.166
5,40,3,21.3,9622043.574
5,40,3,21.4,9282442.036
5,40,3,21.5,9508843.061
5,40,3,21.6,9169241.523
5,40,3,21.7,9112641.267
5,40,3,21.8,9791844.343
5,40,3,21.9,9112641.267
5,40,3,22,8886240.242
5,40,3,22.1,9395642.548
5,40,3,22.2,9282442.036
5,40,3,22.3,8942840.498
5,40,3,22.4,8716439.473
5,40,3,22.5,9452242.805
5,40,3,22.6,8999440.754
5,40,3,22.7,10131445.88
5,40,3,22.8,10244646.39
5,40,3,22.9,8942840.498
5,40,3,23,8603238.96
5,40,3,23.1,8263637.422
5,40,3,23.2,7867435.628
5,40,3,23.3,7980636.141
5,40,3,23.4,7697634.859
5,40,3,23.5,9112641.267
5,40,3,23.6,8716439.473
5,40,3,23.7,8490038.447
5,40,3,23.8,7867435.628
5,40,3,23.9,8942840.498
5,40,3,24,8546638.704
5,40,3,24.1,8093836.653
5,40,3,24.2,8716439.473
5,40,3,24.3,7867435.628
5,40,3,24.4,7810835.372
5,40,3,24.5,8716439.473
5,40,3,24.6,7641034.603
5,40,3,24.7,8376837.935
5,40,3,24.8,7527834.09
5,40,3,24.9,6169427.938
5,40,3,25,7697634.859
5,40,3,25.1,7924035.884
5,40,3,25.2,6395828.964
5,40,3,25.3,7301433.065
5,40,3,25.4,7414633.577
5,40,3,25.5,7527834.09
5,40,3,25.6,7414633.577
5,40,3,25.7,7810835.372
5,40,3,25.8,7754235.115
5,40,3,25.9,7641034.603
5,40,3,26,7244832.808
5,40,3,26.1,6792030.758
5,40,3,26.2,6905231.271
5,40,3,26.3,7924035.884
5,40,3,26.4,6678830.245
5,40,3,26.5,5433624.606
5,40,3,26.6,6848631.014
5,40,3,26.7,6961831.527
5,40,3,26.8,6282628.451
5,40,3,26.9,5773226.144
5,40,3,27,6509029.476
5,40,3,27.1,6678830.245
5,40,3,27.2,7527834.09
5,40,3,27.3,6792030.758
5,40,3,27.4,6056227.426
5,40,3,27.5,6792030.758
5,40,3,27.6,6395828.964
5,40,3,27.7,5716625.888
5,40,3,27.8,4811021.787
5,40,3,27.9,6056227.426
5,40,3,28,7810835.372
5,40,3,28.1,7075032.039
5,40,3,28.2,5377024.35
5,40,3,28.3,5886426.657
5,40,3,28.4,6622229.989
5,40,3,28.5,5207223.581
5,40,3,28.6,5377024.35
5,40,3,28.7,6339228.707
5,40,3,28.8,5490224.863
5,40,3,28.9,5603425.375
5,40,3,29,5263823.837
5,40,3,29.1,5886426.657
5,40,3,29.2,5603425.375
5,40,3,29.3,6226028.195
5,40,3,29.4,6169427.938
5,40,3,29.5,5150623.325
5,40,3,29.6,5829826.401
5,40,3,29.7,6056227.426
5,40,3,29.8,5207223.581
5,40,3,29.9,5943026.913
5,40,3,30,5377024.35
5,40,3,30.1,5377024.35
5,40,3,30.2,5490224.863
5,40,3,30.3,4924222.299
5,40,3,30.4,4301619.48
5,40,3,30.5,4414819.993
5,40,3,30.6,4584620.762
5,40,3,30.7,4584620.762
5,40,3,30.8,4301619.48
5,40,3,30.9,4075218.455
5,40,3,31,4528020.505
5,40,3,31.1,5320424.094
5,40,3,31.2,4697821.274
5,40,3,31.3,4584620.762
5,40,3,31.4,3905417.686
5,40,3,31.5,5433624.606
5,40,3,31.6,5207223.581
5,40,3,31.7,4131818.711
5,40,3,31.8,4245019.224
5,40,3,31.9,5094023.068
5,40,3,32,4245019.224
5,40,3,32.1,4980822.556
5,40,3,32.2,4471420.249
5,40,3,32.3,4697821.274
5,40,3,32.4,4018618.198
5,40,3,32.5,4188418.967
5,40,3,32.6,3792217.173
5,40,3,32.7,3679016.661
5,40,3,32.8,3792217.173
5,40,3,32.9,4131818.711
5,40,3,33,3735616.917
5,40,3,33.1,3962017.942
5,40,3,33.2,3056413.841
5,40,3,33.3,3056413.841
5,40,3,33.4,3509215.892
5,40,3,33.5,3339415.123
5,40,3,33.6,3396015.379
5,40,3,33.7,3565816.148
5,40,3,33.8,4301619.48
5,40,3,33.9,3622416.404
5,40,3,34,3396015.379
5,40,3,34.1,2943213.328
5,40,3,34.2,3339415.123
5,40,3,34.3,3848817.429
5,40,3,34.4,3622416.404
5,40,3,34.5,3622416.404
5,40,3,34.6,2603611.791
5,40,3,34.7,3282814.866
5,40,3,34.8,2773412.559
5,40,3,34.9,3565816.148
5,40,3,35,2264010.253
5,40,3,35.1,2716812.303
5,40,3,35.2,2603611.791
5,40,3,35.3,2603611.791
5,40,3,35.4,2320610.509
5,40,3,35.5,2830012.816
5,40,3,35.6,2886613.072
5,40,3,35.7,2999813.585
5,40,3,35.8,2886613.072
5,40,3,35.9,2830012.816
5,40,3,36,3509215.892
5,40,3,36.1,2264010.253
5,40,3,36.2,2207409.996
5,40,3,36.3,2716812.303
5,40,3,36.4,2660212.047
5,40,3,36.5,1811208.202
5,40,3,36.6,2490411.278
5,40,3,36.7,1924408.715
5,40,3,36.8,2150809.74
5,40,3,36.9,2264010.253
5,40,3,37,2433811.022
5,40,3,37.1,1811208.202
5,40,3,37.2,2377210.765
5,40,3,37.3,1698007.689
5,40,3,37.4,2207409.996
5,40,3,37.5,1641407.433
5,40,3,37.6,2207409.996
5,40,3,37.7,1698007.689
5,40,3,37.8,1981008.971
5,40,3,37.9,1528206.921
5,40,3,38,2603611.791
5,40,3,38.1,1641407.433
5,40,3,38.2,1528206.921
5,40,3,38.3,905604.1011
5,40,3,38.4,1471606.664
5,40,3,38.5,1754607.946
5,40,3,38.6,1132005.126
5,40,3,38.7,1245205.639
5,40,3,38.8,1018804.614
5,40,3,38.9,1075404.87
5,40,3,39,962204.3574
5,40,3,39.1,905604.1011
5,40,3,39.2,735803.3321
5,40,3,39.3,792403.5884
5,40,3,39.4,1132005.126
5,40,3,39.5,792403.5884
5,40,3,39.6,566002.5632
5,40,3,39.7,509402.3068
5,40,3,39.8,566002.5632
5,40,3,39.9,396201.7942
5,40,3,40,113200.5126
5,80,3,3.5,248636.8402
5,80,3,3.6,82878.94675
5,80,3,3.7,248636.8402
5,80,3,3.8,663031.574
5,80,3,3.9,414394.7337
5,80,3,4,580152.6272
5,80,3,4.1,994547.361
5,80,3,4.2,1160305.254
5,80,3,4.3,2071973.669
5,80,3,4.4,2983642.083
5,80,3,4.5,2486368.402
5,80,3,4.6,4806978.911
5,80,3,4.7,4972736.805
5,80,3,4.8,7459105.207
5,80,3,4.9,6464557.846
5,80,3,5,6796073.633
5,80,3,5.1,7790620.994
5,80,3,5.2,10359868.34
5,80,3,5.3,11188657.81
5,80,3,5.4,10276989.4
5,80,3,5.5,13426389.37
5,80,3,5.6,14338057.79
5,80,3,5.7,16078515.67
5,80,3,5.8,18067610.39
5,80,3,5.9,17653215.66
5,80,3,6,22377315.62
5,80,3,6.1,21299889.31
5,80,3,6.2,22211557.73
5,80,3,6.3,24117773.5
5,80,3,6.4,25360957.71
5,80,3,6.5,27432931.37
5,80,3,6.6,27101415.59
5,80,3,6.7,29836420.83
5,80,3,6.8,27267173.48
5,80,3,6.9,30913847.14
5,80,3,7,29422026.1
5,80,3,7.1,30002178.72
5,80,3,7.2,35057794.47
5,80,3,7.3,37295526.04
5,80,3,7.4,109234451.8
5,80,3,7.5,37212647.09
5,80,3,7.6,40196289.17
5,80,3,7.7,40030531.28
5,80,3,7.8,43511447.04
5,80,3,7.9,42931294.42
5,80,3,8,41439473.37
5,80,3,8.1,43097052.31
5,80,3,8.2,42599778.63
5,80,3,8.3,215485261.5
5,80,3,8.4,1483367389
5,80,3,8.5,45003268.08
5,80,3,8.6,43677204.94
5,80,3,8.7,48152668.06
5,80,3,8.8,67131946.87
5,80,3,8.9,49147215.42
5,80,3,9,49230094.37
5,80,3,9.1,49810247
5,80,3,9.2,46660847.02
5,80,3,9.3,50390399.62
5,80,3,9.4,51053431.2
5,80,3,9.5,100615041.4
5,80,3,9.6,73347867.87
5,80,3,9.7,889705493.3
5,80,3,9.8,119760078.1
5,80,3,9.9,90172294.06
5,80,3,10,403040318
5,80,3,10.1,57683746.94
5,80,3,10.2,53622678.55
5,80,3,10.3,34311883.95
5,80,3,10.4,34726278.69
5,80,3,10.5,33980368.17
5,80,3,10.6,32239910.29
5,80,3,10.7,33400215.54
5,80,3,10.8,33980368.17
5,80,3,10.9,34809157.63
5,80,3,11,40113410.23
5,80,3,11.1,35969462.89
5,80,3,11.2,37627041.82
5,80,3,11.3,165426377.7
5,80,3,11.4,37212647.09
5,80,3,11.5,37295526.04
5,80,3,11.6,41190836.53
5,80,3,11.7,45169025.98
5,80,3,11.8,29504905.04
5,80,3,11.9,29753541.88
5,80,3,12,35306431.31
5,80,3,12.1,27018536.64
5,80,3,12.2,28178841.89
5,80,3,12.3,27267173.48
5,80,3,12.4,31825515.55
5,80,3,12.5,31991273.44
5,80,3,12.6,29256268.2
5,80,3,12.7,33565973.43
5,80,3,12.8,27515810.32
5,80,3,12.9,28676115.57
5,80,3,13,29919299.78
5,80,3,13.1,32157031.34
5,80,3,13.2,31079605.03
5,80,3,13.3,24946562.97
5,80,3,13.4,31162483.98
5,80,3,13.5,28095962.95
5,80,3,13.6,29753541.88
5,80,3,13.7,28095962.95
5,80,3,13.8,28676115.57
5,80,3,13.9,29422026.1
5,80,3,14,28676115.57
5,80,3,14.1,27598689.27
5,80,3,14.2,30996726.08
5,80,3,14.3,30913847.14
5,80,3,14.4,29504905.04
5,80,3,14.5,28924752.42
5,80,3,14.6,29836420.83
5,80,3,14.7,26769899.8
5,80,3,14.8,29339147.15
5,80,3,14.9,32405668.18
5,80,3,15,32654305.02
5,80,3,15.1,30996726.08
5,80,3,15.2,28095962.95
5,80,3,15.3,31659757.66
5,80,3,15.4,27515810.32
5,80,3,15.5,29587783.99
5,80,3,15.6,33897489.22
5,80,3,15.7,31493999.76
5,80,3,15.8,27432931.37
5,80,3,15.9,28841873.47
5,80,3,16,30748089.24
5,80,3,16.1,27101415.59
5,80,3,16.2,34311883.95
5,80,3,16.3,30665210.3
5,80,3,16.4,30830968.19
5,80,3,16.5,29504905.04
5,80,3,16.6,30333694.51
5,80,3,16.7,30665210.3
5,80,3,16.8,31162483.98
5,80,3,16.9,30996726.08
5,80,3,17,29753541.88
5,80,3,17.1,29422026.1
5,80,3,17.2,30665210.3
5,80,3,17.3,28427478.73
5,80,3,17.4,29587783.99
5,80,3,17.5,28841873.47
5,80,3,17.6,30250815.56
5,80,3,17.7,27930205.05
5,80,3,17.8,28013084
5,80,3,17.9,29422026.1
5,80,3,18,29753541.88
5,80,3,18.1,28344599.79
5,80,3,18.2,30333694.51
5,80,3,18.3,27184294.53
5,80,3,18.4,27598689.27
5,80,3,18.5,31162483.98
5,80,3,18.6,31908394.5
5,80,3,18.7,30748089.24
5,80,3,18.8,28427478.73
5,80,3,18.9,31493999.76
5,80,3,19,29090510.31
5,80,3,19.1,25858231.39
5,80,3,19.2,25858231.39
5,80,3,19.3,29587783.99
5,80,3,19.4,27930205.05
5,80,3,19.5,27847326.11
5,80,3,19.6,26438384.01
5,80,3,19.7,29587783.99
5,80,3,19.8,31079605.03
5,80,3,19.9,27515810.32
5,80,3,20,29422026.1
5,80,3,20.1,27184294.53
5,80,3,20.2,25360957.71
5,80,3,20.3,25941110.33
5,80,3,20.4,25775352.44
5,80,3,20.5,26687020.85
5,80,3,20.6,26852778.75
5,80,3,20.7,27267173.48
5,80,3,20.8,27598689.27
5,80,3,20.9,26023989.28
5,80,3,21,25692473.49
5,80,3,21.1,27930205.05
5,80,3,21.2,27598689.27
5,80,3,21.3,25609594.55
5,80,3,21.4,24863684.02
5,80,3,21.5,24780805.08
5,80,3,21.6,27018536.64
5,80,3,21.7,23620499.82
5,80,3,21.8,25112320.86
5,80,3,21.9,25775352.44
5,80,3,22,25029441.92
5,80,3,22.1,24532168.24
5,80,3,22.2,27681568.21
5,80,3,22.3,26438384.01
5,80,3,22.4,28095962.95
5,80,3,22.5,21714284.05
5,80,3,22.6,24532168.24
5,80,3,22.7,25360957.71
5,80,3,22.8,25941110.33
5,80,3,22.9,24366410.34
5,80,3,23,24034894.56
5,80,3,23.1,24200652.45
5,80,3,23.2,23869136.66
5,80,3,23.3,23952015.61
5,80,3,23.4,24366410.34
5,80,3,23.5,22874589.3
5,80,3,23.6,25443836.65
5,80,3,23.7,22791710.36
5,80,3,23.8,23537620.88
5,80,3,23.9,23371862.98
5,80,3,24,24697926.13
5,80,3,24.1,21797162.99
5,80,3,24.2,23123226.14
5,80,3,24.3,22957468.25
5,80,3,24.4,26355505.07
5,80,3,24.5,22708831.41
5,80,3,24.6,21631405.1
5,80,3,24.7,22957468.25
5,80,3,24.8,24532168.24
5,80,3,24.9,22543073.52
5,80,3,25,20802615.63
5,80,3,25.1,23040347.2
5,80,3,25.2,23206105.09
5,80,3,25.3,19808068.27
5,80,3,25.4,25112320.86
5,80,3,25.5,21134131.42
5,80,3,25.6,24697926.13
5,80,3,25.7,22543073.52
5,80,3,25.8,19393673.54
5,80,3,25.9,19725189.33
5,80,3,26,23620499.82
5,80,3,26.1,20802615.63
5,80,3,26.2,21382768.26
5,80,3,26.3,23206105.09
5,80,3,26.4,20885494.58
5,80,3,26.5,21299889.31
5,80,3,26.6,21217010.37
5,80,3,26.7,23371862.98
5,80,3,26.8,21217010.37
5,80,3,26.9,23371862.98
5,80,3,27,21714284.05
5,80,3,27.1,20719736.69
5,80,3,27.2,23786257.72
5,80,3,27.3,20802615.63
5,80,3,27.4,21548526.15
5,80,3,27.5,21797162.99
5,80,3,27.6,22460194.57
5,80,3,27.7,18482005.12
5,80,3,27.8,19725189.33
5,80,3,27.9,18979278.81
5,80,3,28,18979278.81
5,80,3,28.1,19725189.33
5,80,3,28.2,23206105.09
5,80,3,28.3,21051252.47
5,80,3,28.4,18233368.28
5,80,3,28.5,18896399.86
5,80,3,28.6,19145036.7
5,80,3,28.7,21880041.94
5,80,3,28.8,19393673.54
5,80,3,28.9,18896399.86
5,80,3,29,21962920.89
5,80,3,29.1,19062157.75
5,80,3,29.2,19808068.27
5,80,3,29.3,19476552.49
5,80,3,29.4,18813520.91
5,80,3,29.5,18813520.91
5,80,3,29.6,18813520.91
5,80,3,29.7,17487457.76
5,80,3,29.8,15664120.94
5,80,3,29.9,17653215.66
5,80,3,30,19393673.54
5,80,3,30.1,18316247.23
5,80,3,30.2,17984731.44
5,80,3,30.3,16244273.56
5,80,3,30.4,18233368.28
5,80,3,30.5,15995636.72
5,80,3,30.6,20056705.11
5,80,3,30.7,19725189.33
5,80,3,30.8,18564884.07
5,80,3,30.9,18067610.39
5,80,3,31,17155941.98
5,80,3,31.1,19725189.33
5,80,3,31.2,19725189.33
5,80,3,31.3,16824426.19
5,80,3,31.4,15829878.83
5,80,3,31.5,16990184.08
5,80,3,31.6,18482005.12
5,80,3,31.7,19227915.65
5,80,3,31.8,17155941.98
5,80,3,31.9,14918210.41
5,80,3,32,16658668.3
5,80,3,32.1,18979278.81
5,80,3,32.2,18067610.39
5,80,3,32.3,16907305.14
5,80,3,32.4,17901852.5
5,80,3,32.5,16410031.46
5,80,3,32.6,15995636.72
5,80,3,32.7,16327152.51
5,80,3,32.8,14503815.68
5,80,3,32.9,15332605.15
5,80,3,33,16492910.4
5,80,3,33.1,16741547.24
5,80,3,33.2,17073063.03
5,80,3,33.3,14752452.52
5,80,3,33.4,16410031.46
5,80,3,33.5,16658668.3
5,80,3,33.6,15083968.31
5,80,3,33.7,16741547.24
5,80,3,33.8,13094873.59
5,80,3,33.9,16575789.35
5,80,3,34,16741547.24
5,80,3,34.1,16575789.35
5,80,3,34.2,14503815.68
5,80,3,34.3,13426389.37
5,80,3,34.4,16327152.51
5,80,3,34.5,14752452.52
5,80,3,34.6,16824426.19
5,80,3,34.7,15415484.1
5,80,3,34.8,15581241.99
5,80,3,34.9,17487457.76
5,80,3,35,16078515.67
5,80,3,35.1,12514720.96
5,80,3,35.2,15498363.04
5,80,3,35.3,14669573.57
5,80,3,35.4,14586694.63
5,80,3,35.5,15415484.1
5,80,3,35.6,13260631.48
5,80,3,35.7,14586694.63
5,80,3,35.8,15415484.1
5,80,3,35.9,13343510.43
5,80,3,36,14586694.63
5,80,3,36.1,13592147.27
5,80,3,36.2,15415484.1
5,80,3,36.3,14172299.89
5,80,3,36.4,15746999.88
5,80,3,36.5,13592147.27
5,80,3,36.6,13757905.16
5,80,3,36.7,15912757.78
5,80,3,36.8,15001089.36
5,80,3,36.9,13923663.05
5,80,3,37,15083968.31
5,80,3,37.1,15001089.36
5,80,3,37.2,12183205.17
5,80,3,37.3,12183205.17
5,80,3,37.4,12431842.01
5,80,3,37.5,13592147.27
5,80,3,37.6,14006542
5,80,3,37.7,12514720.96
5,80,3,37.8,13177752.53
5,80,3,37.9,14835331.47
5,80,3,38,13094873.59
5,80,3,38.1,13840784.11
5,80,3,38.2,11354415.7
5,80,3,38.3,14835331.47
5,80,3,38.4,11354415.7
5,80,3,38.5,13509268.32
5,80,3,38.6,13094873.59
5,80,3,38.7,12431842.01
5,80,3,38.8,13011994.64
5,80,3,38.9,14089420.95
5,80,3,39,12680478.85
5,80,3,39.1,11851689.39
5,80,3,39.2,14006542
5,80,3,39.3,13426389.37
5,80,3,39.4,11851689.39
5,80,3,39.5,12100326.23
5,80,3,39.6,13011994.64
5,80,3,39.7,12017447.28
5,80,3,39.8,14089420.95
5,80,3,39.9,13011994.64
5,80,3,40,12680478.85
5,80,3,40.1,10359868.34
5,80,3,40.2,12183205.17
5,80,3,40.3,12846236.75
5,80,3,40.4,11603052.54
5,80,3,40.5,10691384.13
5,80,3,40.6,11520173.6
5,80,3,40.7,11603052.54
5,80,3,40.8,10774263.08
5,80,3,40.9,10028352.56
5,80,3,41,11188657.81
5,80,3,41.1,11768810.44
5,80,3,41.2,11188657.81
5,80,3,41.3,13343510.43
5,80,3,41.4,10359868.34
5,80,3,41.5,10442747.29
5,80,3,41.6,12431842.01
5,80,3,41.7,11437294.65
5,80,3,41.8,10359868.34
5,80,3,41.9,11437294.65
5,80,3,42,12017447.28
5,80,3,42.1,10028352.56
5,80,3,42.2,11603052.54
5,80,3,42.3,10608505.18
5,80,3,42.4,12100326.23
5,80,3,42.5,9448199.929
5,80,3,42.6,10691384.13
5,80,3,42.7,11851689.39
5,80,3,42.8,9696836.77
5,80,3,42.9,10691384.13
5,80,3,43,10940020.97
5,80,3,43.1,11354415.7
5,80,3,43.2,9448199.929
5,80,3,43.3,12100326.23
5,80,3,43.4,9945473.61
5,80,3,43.5,9282442.036
5,80,3,43.6,10691384.13
5,80,3,43.7,9199563.089
5,80,3,43.8,8370773.622
5,80,3,43.9,9945473.61
5,80,3,44,10359868.34
5,80,3,44.1,9531078.876
5,80,3,44.2,9199563.089
5,80,3,44.3,9116684.142
5,80,3,44.4,9696836.77
5,80,3,44.5,9365320.983
5,80,3,44.6,9696836.77
5,80,3,44.7,9696836.77
5,80,3,44.8,10359868.34
5,80,3,44.9,9779715.716
5,80,3,45,10111231.5
5,80,3,45.1,9365320.983
5,80,3,45.2,9696836.77
5,80,3,45.3,9779715.716
5,80,3,45.4,8536531.515
5,80,3,45.5,10194110.45
5,80,3,45.6,9779715.716
5,80,3,45.7,9696836.77
5,80,3,45.8,10691384.13
5,80,3,45.9,9282442.036
5,80,3,46,10940020.97
5,80,3,46.1,7459105.207
5,80,3,46.2,9531078.876
5,80,3,46.3,8287894.675
5,80,3,46.4,8205015.728
5,80,3,46.5,8370773.622
5,80,3,46.6,11520173.6
5,80,3,46.7,9613957.823
5,80,3,46.8,8702289.409
5,80,3,46.9,7956378.888
5,80,3,47,9033805.196
5,80,3,47.1,10608505.18
5,80,3,47.2,8453652.568
5,80,3,47.3,9945473.61
5,80,3,47.4,8868047.302
5,80,3,47.5,8702289.409
5,80,3,47.6,8205015.728
5,80,3,47.7,7293347.314
5,80,3,47.8,7873499.941
5,80,3,47.9,7956378.888
5,80,3,48,9365320.983
5,80,3,48.1,8287894.675
5,80,3,48.2,9365320.983
5,80,3,48.3,7956378.888
5,80,3,48.4,9531078.876
5,80,3,48.5,7956378.888
5,80,3,48.6,8619410.462
5,80,3,48.7,7873499.941
5,80,3,48.8,8868047.302
5,80,3,48.9,9613957.823
5,80,3,49,8122136.781
5,80,3,49.1,8536531.515
5,80,3,49.2,9033805.196
5,80,3,49.3,7624863.101
5,80,3,49.4,6961831.527
5,80,3,49.5,8122136.781
5,80,3,49.6,8205015.728
5,80,3,49.7,9282442.036
5,80,3,49.8,8287894.675
5,80,3,49.9,8619410.462
5,80,3,50,8950926.249
5,80,3,50.1,9116684.142
5,80,3,50.2,7624863.101
5,80,3,50.3,8122136.781
5,80,3,50.4,6878952.58
5,80,3,50.5,7044710.474
5,80,3,50.6,8205015.728
5,80,3,50.7,7293347.314
5,80,3,50.8,7293347.314
5,80,3,50.9,8868047.302
5,80,3,51,7210468.367
5,80,3,51.1,6464557.846
5,80,3,51.2,7376226.261
5,80,3,51.3,7541984.154
5,80,3,51.4,8453652.568
5,80,3,51.5,7541984.154
5,80,3,51.6,7873499.941
5,80,3,51.7,7127589.42
5,80,3,51.8,9199563.089
5,80,3,51.9,6796073.633
5,80,3,52,6961831.527
5,80,3,52.1,6464557.846
5,80,3,52.2,6796073.633
5,80,3,52.3,7210468.367
5,80,3,52.4,8453652.568
5,80,3,52.5,6961831.527
5,80,3,52.6,6547436.793
5,80,3,52.7,6878952.58
5,80,3,52.8,6215921.006
5,80,3,52.9,7127589.42
5,80,3,53,6713194.687
5,80,3,53.1,6050163.113
5,80,3,53.2,7790620.994
5,80,3,53.3,7293347.314
5,80,3,53.4,6381678.9
5,80,3,53.5,7044710.474
5,80,3,53.6,7707742.048
5,80,3,53.7,6713194.687
5,80,3,53.8,7293347.314
5,80,3,53.9,7790620.994
5,80,3,54,8122136.781
5,80,3,54.1,7293347.314
5,80,3,54.2,6464557.846
5,80,3,54.3,6713194.687
5,80,3,54.4,5801526.272
5,80,3,54.5,6630315.74
5,80,3,54.6,5387131.539
5,80,3,54.7,4889857.858
5,80,3,54.8,5718647.326
5,80,3,54.9,5635768.379
5,80,3,55,6464557.846
5,80,3,55.1,6961831.527
5,80,3,55.2,6298799.953
5,80,3,55.3,4889857.858
5,80,3,55.4,5470010.485
5,80,3,55.5,6133042.059
5,80,3,55.6,6215921.006
5,80,3,55.7,5884405.219
5,80,3,55.8,6215921.006
5,80,3,55.9,5967284.166
5,80,3,56,6630315.74
5,80,3,56.1,4558342.071
5,80,3,56.2,6298799.953
5,80,3,56.3,6050163.113
5,80,3,56.4,6630315.74
5,80,3,56.5,5967284.166
5,80,3,56.6,6796073.633
5,80,3,56.7,6381678.9
5,80,3,56.8,7210468.367
5,80,3,56.9,6050163.113
5,80,3,57,6961831.527
5,80,3,57.1,6630315.74
5,80,3,57.2,6215921.006
5,80,3,57.3,5470010.485
5,80,3,57.4,5470010.485
5,80,3,57.5,7210468.367
5,80,3,57.6,5635768.379
5,80,3,57.7,5884405.219
5,80,3,57.8,6464557.846
5,80,3,57.9,5718647.326
5,80,3,58,4889857.858
5,80,3,58.1,10525626.24
5,80,3,58.2,5552889.432
5,80,3,58.3,6050163.113
5,80,3,58.4,5138494.698
5,80,3,58.5,5304252.592
5,80,3,58.6,5055615.752
5,80,3,58.7,5304252.592
5,80,3,58.8,4641221.018
5,80,3,58.9,6961831.527
5,80,3,59,5304252.592
5,80,3,59.1,5221373.645
5,80,3,59.2,5884405.219
5,80,3,59.3,6133042.059
5,80,3,59.4,5138494.698
5,80,3,59.5,15581241.99
5,80,3,59.6,5884405.219
5,80,3,59.7,5221373.645
5,80,3,59.8,5221373.645
5,80,3,59.9,4806978.911
5,80,3,60,4641221.018
5,80,3,60.1,5967284.166
5,80,3,60.2,5221373.645
5,80,3,60.3,5304252.592
5,80,3,60.4,4475463.124
5,80,3,60.5,4641221.018
5,80,3,60.6,5138494.698
5,80,3,60.7,4972736.805
5,80,3,60.8,6050163.113
5,80,3,60.9,4475463.124
5,80,3,61,4226826.284
5,80,3,61.1,4475463.124
5,80,3,61.2,3563794.71
5,80,3,61.3,4889857.858
5,80,3,61.4,5138494.698
5,80,3,61.5,4641221.018
5,80,3,61.6,5304252.592
5,80,3,61.7,4972736.805
5,80,3,61.8,4309705.231
5,80,3,61.9,4806978.911
5,80,3,62,4806978.911
5,80,3,62.1,4061068.391
5,80,3,62.2,4806978.911
5,80,3,62.3,4309705.231
5,80,3,62.4,4889857.858
5,80,3,62.5,4724099.965
5,80,3,62.6,4972736.805
5,80,3,62.7,3646673.657
5,80,3,62.8,4558342.071
5,80,3,62.9,3895310.497
5,80,3,63,4806978.911
5,80,3,63.1,4226826.284
5,80,3,63.2,4392584.178
5,80,3,63.3,4392584.178
5,80,3,63.4,4392584.178
5,80,3,63.5,4143947.337
5,80,3,63.6,4061068.391
5,80,3,63.7,5304252.592
5,80,3,63.8,3978189.444
5,80,3,63.9,5635768.379
5,80,3,64,5552889.432
5,80,3,64.1,4475463.124
5,80,3,64.2,4475463.124
5,80,3,64.3,4475463.124
5,80,3,64.4,4558342.071
5,80,3,64.5,5138494.698
5,80,3,64.6,3398036.817
5,80,3,64.7,3895310.497
5,80,3,64.8,4724099.965
5,80,3,64.9,4309705.231
5,80,3,65,4972736.805
5,80,3,65.1,4558342.071
5,80,3,65.2,4724099.965
5,80,3,65.3,4475463.124
5,80,3,65.4,4558342.071
5,80,3,65.5,4641221.018
5,80,3,65.6,4558342.071
5,80,3,65.7,3895310.497
5,80,3,65.8,4889857.858
5,80,3,65.9,4724099.965
5,80,3,66,3729552.604
5,80,3,66.1,3066521.03
5,80,3,66.2,2817884.189
5,80,3,66.3,4226826.284
5,80,3,66.4,3315157.87
5,80,3,66.5,3812431.55
5,80,3,66.6,3563794.71
5,80,3,66.7,3398036.817
5,80,3,66.8,3729552.604
5,80,3,66.9,3978189.444
5,80,3,67,4061068.391
5,80,3,67.1,4641221.018
5,80,3,67.2,3729552.604
5,80,3,67.3,3315157.87
5,80,3,67.4,4309705.231
5,80,3,67.5,4226826.284
5,80,3,67.6,2569247.349
5,80,3,67.7,4558342.071
5,80,3,67.8,2735005.243
5,80,3,67.9,3149399.976
5,80,3,68,2983642.083
5,80,3,68.1,3895310.497
5,80,3,68.2,3232278.923
5,80,3,68.3,2569247.349
5,80,3,68.4,3315157.87
5,80,3,68.5,3812431.55
5,80,3,68.6,3729552.604
5,80,3,68.7,3895310.497
5,80,3,68.8,3563794.71
5,80,3,68.9,3480915.763
5,80,3,69,3480915.763
5,80,3,69.1,3563794.71
5,80,3,69.2,3066521.03
5,80,3,69.3,3978189.444
5,80,3,69.4,3480915.763
5,80,3,69.5,2900763.136
5,80,3,69.6,1823336.828
5,80,3,69.7,2817884.189
5,80,3,69.8,2735005.243
5,80,3,69.9,2237731.562
5,80,3,70,2486368.402
5,80,3,70.1,3480915.763
5,80,3,70.2,3398036.817
5,80,3,70.3,2983642.083
5,80,3,70.4,3232278.923
5,80,3,70.5,3232278.923
5,80,3,70.6,2735005.243
5,80,3,70.7,2320610.509
5,80,3,70.8,2569247.349
5,80,3,70.9,4226826.284
5,80,3,71,2403489.456
5,80,3,71.1,3563794.71
5,80,3,71.2,2071973.669
5,80,3,71.3,3149399.976
5,80,3,71.4,2403489.456
5,80,3,71.5,2817884.189
5,80,3,71.6,1657578.935
5,80,3,71.7,2817884.189
5,80,3,71.8,2900763.136
5,80,3,71.9,2486368.402
5,80,3,72,1657578.935
5,80,3,72.1,2237731.562
5,80,3,72.2,2983642.083
5,80,3,72.3,2071973.669
5,80,3,72.4,1989094.722
5,80,3,72.5,1989094.722
5,80,3,72.6,2983642.083
5,80,3,72.7,1657578.935
5,80,3,72.8,1989094.722
5,80,3,72.9,3729552.604
5,80,3,73,1989094.722
5,80,3,73.1,2652126.296
5,80,3,73.2,2320610.509
5,80,3,73.3,2154852.615
5,80,3,73.4,2320610.509
5,80,3,73.5,2071973.669
5,80,3,73.6,2403489.456
5,80,3,73.7,2569247.349
5,80,3,73.8,1408942.095
5,80,3,73.9,1989094.722
5,80,3,74,2569247.349
5,80,3,74.1,2320610.509
5,80,3,74.2,1823336.828
5,80,3,74.3,2320610.509
5,80,3,74.4,2403489.456
5,80,3,74.5,2569247.349
5,80,3,74.6,1491821.041
5,80,3,74.7,1574699.988
5,80,3,74.8,1823336.828
5,80,3,74.9,1823336.828
5,80,3,75,1160305.254
5,80,3,75.1,1657578.935
5,80,3,75.2,1077426.308
5,80,3,75.3,1740457.882
5,80,3,75.4,1574699.988
5,80,3,75.5,1491821.041
5,80,3,75.6,1657578.935
5,80,3,75.7,1574699.988
5,80,3,75.8,1989094.722
5,80,3,75.9,1160305.254
5,80,3,76,2071973.669
5,80,3,76.1,1077426.308
5,80,3,76.2,1408942.095
5,80,3,76.3,1326063.148
5,80,3,76.4,828789.4675
5,80,3,76.5,911668.4142
5,80,3,76.6,1906215.775
5,80,3,76.7,2320610.509
5,80,3,76.8,1408942.095
5,80,3,76.9,1491821.041
5,80,3,77,1906215.775
5,80,3,77.1,1160305.254
5,80,3,77.2,1243184.201
5,80,3,77.3,1326063.148
5,80,3,77.4,1574699.988
5,80,3,77.5,911668.4142
5,80,3,77.6,994547.361
5,80,3,77.7,1408942.095
5,80,3,77.8,1491821.041
5,80,3,77.9,994547.361
5,80,3,78,1077426.308
5,80,3,78.1,828789.4675
5,80,3,78.2,1160305.254
5,80,3,78.3,1077426.308
5,80,3,78.4,994547.361
5,80,3,78.5,1408942.095
5,80,3,78.6,497273.6805
5,80,3,78.7,331515.787
5,80,3,78.8,497273.6805
5,80,3,78.9,497273.6805
5,80,3,79,663031.574
5,80,3,79.1,331515.787
5,80,3,79.2,663031.574
5,80,3,79.3,580152.6272
5,80,3,79.4,580152.6272
5,80,3,79.5,911668.4142
5,80,3,79.6,580152.6272
5,80,3,79.7,248636.8402
5,80,3,79.8,414394.7337
5,80,3,79.9,331515.787
5,80,3,80,82878.94675
5,150,3,3.2,203265.1541
5,150,3,3.3,304897.7311
5,150,3,3.4,304897.7311
5,150,3,3.5,508162.8852
5,150,3,3.6,914693.1933
5,150,3,3.7,1321223.501
5,150,3,3.8,2134284.118
5,150,3,3.9,2134284.118
5,150,3,4,2642447.003
5,150,3,4.1,4370200.812
5,150,3,4.2,4268568.235
5,150,3,4.3,5284894.006
5,150,3,4.4,7114280.392
5,150,3,4.5,8943666.779
5,150,3,4.6,9045299.356
5,150,3,4.7,9451829.664
5,150,3,4.8,12500806.98
5,150,3,4.9,13923663.05
5,150,3,5,13923663.05
5,150,3,5.1,16464477.48
5,150,3,5.2,17684068.4
5,150,3,5.3,19919985.1
5,150,3,5.4,20936310.87
5,150,3,5.5,24493451.07
5,150,3,5.6,23782023.03
5,150,3,5.7,24595083.64
5,150,3,5.8,29371814.76
5,150,3,5.9,30184875.38
5,150,3,6,27644060.95
5,150,3,6.1,30286507.96
5,150,3,6.2,33640383
5,150,3,6.3,36892625.46
5,150,3,6.4,35571401.96
5,150,3,6.5,38315481.54
5,150,3,6.6,39636705.04
5,150,3,6.7,38417114.12
5,150,3,6.8,41364458.85
5,150,3,6.9,45633027.09
5,150,3,7,46852618.01
5,150,3,7.1,48885269.55
5,150,3,7.2,45836292.24
5,150,3,7.3,47360780.9
5,150,3,7.4,126735823.6
5,150,3,7.5,44006905.86
5,150,3,7.6,49291799.86
5,150,3,7.7,50511390.79
5,150,3,7.8,51730981.71
5,150,3,7.9,56609345.41
5,150,3,8,52137512.02
5,150,3,8.1,53763633.25
5,150,3,8.2,57625671.18
5,150,3,8.3,251134097.9
5,150,3,8.4,1678360377
5,150,3,8.5,58032201.49
5,150,3,8.6,55186489.33
5,150,3,8.7,55288121.91
5,150,3,8.8,78561982.05
5,150,3,8.9,51934246.86
5,150,3,9,58743629.53
5,150,3,9.1,56710977.99
5,150,3,9.2,60776281.07
5,150,3,9.3,59658322.72
5,150,3,9.4,61487709.11
5,150,3,9.5,117893789.4
5,150,3,9.6,88521974.6
5,150,3,9.7,1029233108
5,150,3,9.8,144318259.4
5,150,3,9.9,103461963.4
5,150,3,10,439255997.9
5,150,3,10.1,65044849.3
5,150,3,10.2,65146481.88
5,150,3,10.3,42787314.93
5,150,3,10.4,41059561.12
5,150,3,10.5,42990580.09
5,150,3,10.6,44311803.59
5,150,3,10.7,44515068.74
5,150,3,10.8,45531394.51
5,150,3,10.9,42584049.78
5,150,3,11,51832614.29
5,150,3,11.1,44108538.43
5,150,3,11.2,40957928.54
5,150,3,11.3,208550048.1
5,150,3,11.4,48783636.98
5,150,3,11.5,50206493.06
5,150,3,11.6,54170163.56
5,150,3,11.7,50511390.79
5,150,3,11.8,38722011.85
5,150,3,11.9,40653030.81
5,150,3,12,45633027.09
5,150,3,12.1,37502420.93
5,150,3,12.2,39535072.47
5,150,3,12.3,40043235.35
5,150,3,12.4,39026909.58
5,150,3,12.5,37604053.5
5,150,3,12.6,35774667.12
5,150,3,12.7,37400788.35
5,150,3,12.8,37604053.5
5,150,3,12.9,39433439.89
5,150,3,13,38213848.96
5,150,3,13.1,40246500.51
5,150,3,13.2,37502420.93
5,150,3,13.3,40754663.39
5,150,3,13.4,38112216.39
5,150,3,13.5,38417114.12
5,150,3,13.6,38925277
5,150,3,13.7,33437117.84
5,150,3,13.8,38518746.7
5,150,3,13.9,37299155.77
5,150,3,14,43295477.82
5,150,3,14.1,38315481.54
5,150,3,14.2,37299155.77
5,150,3,14.3,39230174.74
5,150,3,14.4,39331807.31
5,150,3,14.5,37604053.5
5,150,3,14.6,38620379.27
5,150,3,14.7,33538750.42
5,150,3,14.8,37095890.62
5,150,3,14.9,35876299.69
5,150,3,15,36079564.85
5,150,3,15.1,39128542.16
5,150,3,15.2,36790992.89
5,150,3,15.3,37604053.5
5,150,3,15.4,37705686.08
5,150,3,15.5,36689360.31
5,150,3,15.6,37705686.08
5,150,3,15.7,34961606.5
5,150,3,15.8,37299155.77
5,150,3,15.9,38823644.43
5,150,3,16,41059561.12
5,150,3,16.1,36079564.85
5,150,3,16.2,34859973.92
5,150,3,16.3,37502420.93
5,150,3,16.4,34046913.31
5,150,3,16.5,39026909.58
5,150,3,16.6,35571401.96
5,150,3,16.7,34656708.77
5,150,3,16.8,34758341.35
5,150,3,16.9,36689360.31
5,150,3,17,35368136.81
5,150,3,17.1,35266504.23
5,150,3,17.2,34961606.5
5,150,3,17.3,34961606.5
5,150,3,17.4,37705686.08
5,150,3,17.5,34656708.77
5,150,3,17.6,31099568.57
5,150,3,17.7,35673034.54
5,150,3,17.8,34046913.31
5,150,3,17.9,31404466.3
5,150,3,18,35266504.23
5,150,3,18.1,31810996.61
5,150,3,18.2,34961606.5
5,150,3,18.3,36181197.42
5,150,3,18.4,36079564.85
5,150,3,18.5,35266504.23
5,150,3,18.6,34859973.92
5,150,3,18.7,32928954.96
5,150,3,18.8,32420792.07
5,150,3,18.9,31607731.46
5,150,3,19,33843648.15
5,150,3,19.1,32624057.23
5,150,3,19.2,33945280.73
5,150,3,19.3,29371814.76
5,150,3,19.4,33132220.11
5,150,3,19.5,33640383
5,150,3,19.6,33030587.54
5,150,3,19.7,33538750.42
5,150,3,19.8,31302833.73
5,150,3,19.9,27948958.68
5,150,3,20,28965284.45
5,150,3,20.1,37502420.93
5,150,3,20.2,31709364.03
5,150,3,20.3,30794670.84
5,150,3,20.4,32827322.38
5,150,3,20.5,30591405.69
5,150,3,20.6,35571401.96
5,150,3,20.7,28965284.45
5,150,3,20.8,32115894.34
5,150,3,20.9,29879977.65
5,150,3,21,29981610.23
5,150,3,21.1,34758341.35
5,150,3,21.2,30896303.42
5,150,3,21.3,34656708.77
5,150,3,21.4,30693038.26
5,150,3,21.5,31810996.61
5,150,3,21.6,30286507.96
5,150,3,21.7,31709364.03
5,150,3,21.8,30896303.42
5,150,3,21.9,29676712.49
5,150,3,22,28355488.99
5,150,3,22.1,28355488.99
5,150,3,22.2,27440795.8
5,150,3,22.3,32319159.5
5,150,3,22.4,31506098.88
5,150,3,22.5,30997936
5,150,3,22.6,29676712.49
5,150,3,22.7,30896303.42
5,150,3,22.8,29066917.03
5,150,3,22.9,27034265.49
5,150,3,23,24798348.8
5,150,3,23.1,28558754.15
5,150,3,23.2,29879977.65
5,150,3,23.3,27948958.68
5,150,3,23.4,29778345.07
5,150,3,23.5,30184875.38
5,150,3,23.6,29676712.49
5,150,3,23.7,31099568.57
5,150,3,23.8,31506098.88
5,150,3,23.9,28152223.84
5,150,3,24,28558754.15
5,150,3,24.1,26221204.87
5,150,3,24.2,29270182.19
5,150,3,24.3,25713041.99
5,150,3,24.4,25204879.1
5,150,3,24.5,27135898.07
5,150,3,24.6,28253856.42
5,150,3,24.7,24391818.49
5,150,3,24.8,27034265.49
5,150,3,24.9,28152223.84
5,150,3,25,25916307.14
5,150,3,25.1,26424470.03
5,150,3,25.2,25306511.68
5,150,3,25.3,24290185.91
5,150,3,25.4,23680390.45
5,150,3,25.5,27542428.38
5,150,3,25.6,27237530.65
5,150,3,25.7,25509776.84
5,150,3,25.8,26729367.76
5,150,3,25.9,24696716.22
5,150,3,26,25408144.26
5,150,3,26.1,24188553.33
5,150,3,26.2,27644060.95
5,150,3,26.3,25916307.14
5,150,3,26.4,22562432.1
5,150,3,26.5,27339163.22
5,150,3,26.6,22765697.26
5,150,3,26.7,26322837.45
5,150,3,26.8,24696716.22
5,150,3,26.9,25408144.26
5,150,3,27,23070594.99
5,150,3,27.1,24798348.8
5,150,3,27.2,23477125.29
5,150,3,27.3,24595083.64
5,150,3,27.4,26322837.45
5,150,3,27.5,20224882.83
5,150,3,27.6,23985288.18
5,150,3,27.7,23782023.03
5,150,3,27.8,22765697.26
5,150,3,27.9,21851004.06
5,150,3,28,22257534.37
5,150,3,28.1,22054269.22
5,150,3,28.2,23477125.29
5,150,3,28.3,23375492.72
5,150,3,28.4,24086920.76
5,150,3,28.5,25204879.1
5,150,3,28.6,25306511.68
5,150,3,28.7,21647738.91
5,150,3,28.8,22867329.83
5,150,3,28.9,24595083.64
5,150,3,29,21749371.49
5,150,3,29.1,24696716.22
5,150,3,29.2,25611409.41
5,150,3,29.3,24493451.07
5,150,3,29.4,19716719.94
5,150,3,29.5,25204879.1
5,150,3,29.6,25408144.26
5,150,3,29.7,21241208.6
5,150,3,29.8,22054269.22
5,150,3,29.9,20936310.87
5,150,3,30,23578757.87
5,150,3,30.1,24188553.33
5,150,3,30.2,21952636.64
5,150,3,30.3,20021617.68
5,150,3,30.4,21444473.75
5,150,3,30.5,23477125.29
5,150,3,30.6,21851004.06
5,150,3,30.7,21444473.75
5,150,3,30.8,23273860.14
5,150,3,30.9,24899981.37
5,150,3,31,20631413.14
5,150,3,31.1,22664064.68
5,150,3,31.2,20529780.56
5,150,3,31.3,21546106.33
5,150,3,31.4,21952636.64
5,150,3,31.5,19513454.79
5,150,3,31.6,23070594.99
5,150,3,31.7,20631413.14
5,150,3,31.8,22257534.37
5,150,3,31.9,21647738.91
5,150,3,32,20733045.72
5,150,3,32.1,20123250.25
5,150,3,32.2,19513454.79
5,150,3,32.3,23172227.56
5,150,3,32.4,20123250.25
5,150,3,32.5,19919985.1
5,150,3,32.6,21139576.02
5,150,3,32.7,21952636.64
5,150,3,32.8,19106924.48
5,150,3,32.9,19513454.79
5,150,3,33,22257534.37
5,150,3,33.1,18802026.75
5,150,3,33.2,20326515.41
5,150,3,33.3,21342841.18
5,150,3,33.4,19716719.94
5,150,3,33.5,19310189.64
5,150,3,33.6,17582435.83
5,150,3,33.7,18090598.71
5,150,3,33.8,20326515.41
5,150,3,33.9,21037943.45
5,150,3,34,16972640.36
5,150,3,34.1,18598761.6
5,150,3,34.2,21139576.02
5,150,3,34.3,18192231.29
5,150,3,34.4,20123250.25
5,150,3,34.5,16362844.9
5,150,3,34.6,20631413.14
5,150,3,34.7,17887333.56
5,150,3,34.8,17988966.14
5,150,3,34.9,18192231.29
5,150,3,35,21241208.6
5,150,3,35.1,18497129.02
5,150,3,35.2,19615087.37
5,150,3,35.3,16464477.48
5,150,3,35.4,18497129.02
5,150,3,35.5,17277538.1
5,150,3,35.6,17988966.14
5,150,3,35.7,19310189.64
5,150,3,35.8,16362844.9
5,150,3,35.9,16667742.63
5,150,3,36,19310189.64
5,150,3,36.1,16261212.33
5,150,3,36.2,17684068.4
5,150,3,36.3,17480803.25
5,150,3,36.4,18192231.29
5,150,3,36.5,16871007.79
5,150,3,36.6,15854682.02
5,150,3,36.7,16159579.75
5,150,3,36.8,18598761.6
5,150,3,36.9,17887333.56
5,150,3,37,16261212.33
5,150,3,37.1,17582435.83
5,150,3,37.2,17175905.52
5,150,3,37.3,17684068.4
5,150,3,37.4,18395496.44
5,150,3,37.5,18395496.44
5,150,3,37.6,17988966.14
5,150,3,37.7,18903659.33
5,150,3,37.8,15143253.98
5,150,3,37.9,18700394.17
5,150,3,38,17684068.4
5,150,3,38.1,16057947.17
5,150,3,38.2,14533458.52
5,150,3,38.3,14939988.82
5,150,3,38.4,17684068.4
5,150,3,38.5,17277538.1
5,150,3,38.6,15651416.86
5,150,3,38.7,15448151.71
5,150,3,38.8,17379170.67
5,150,3,38.9,16667742.63
5,150,3,39,16972640.36
5,150,3,39.1,16362844.9
5,150,3,39.2,15143253.98
5,150,3,39.3,16057947.17
5,150,3,39.4,16871007.79
5,150,3,39.5,14838356.25
5,150,3,39.6,17582435.83
5,150,3,39.7,17887333.56
5,150,3,39.8,17074272.94
5,150,3,39.9,17379170.67
5,150,3,40,15041621.4
5,150,3,40.1,15143253.98
5,150,3,40.2,14838356.25
5,150,3,40.3,16261212.33
5,150,3,40.4,16972640.36
5,150,3,40.5,15041621.4
5,150,3,40.6,15346519.13
5,150,3,40.7,16464477.48
5,150,3,40.8,16871007.79
5,150,3,40.9,16261212.33
5,150,3,41,16464477.48
5,150,3,41.1,13212235.01
5,150,3,41.2,17582435.83
5,150,3,41.3,17684068.4
5,150,3,41.4,15549784.29
5,150,3,41.5,16261212.33
5,150,3,41.6,17175905.52
5,150,3,41.7,15448151.71
5,150,3,41.8,18497129.02
5,150,3,41.9,15753049.44
5,150,3,42,15143253.98
5,150,3,42.1,16769375.21
5,150,3,42.2,13822030.48
5,150,3,42.3,13008969.86
5,150,3,42.4,15956314.59
5,150,3,42.5,13517132.75
5,150,3,42.6,16362844.9
5,150,3,42.7,16464477.48
5,150,3,42.8,14330193.36
5,150,3,42.9,12907337.28
5,150,3,43,15041621.4
5,150,3,43.1,14533458.52
5,150,3,43.2,13822030.48
5,150,3,43.3,15143253.98
5,150,3,43.4,11992644.09
5,150,3,43.5,12704072.13
5,150,3,43.6,12500806.98
5,150,3,43.7,15956314.59
5,150,3,43.8,14126928.21
5,150,3,43.9,14635091.09
5,150,3,44,15854682.02
5,150,3,44.1,13415500.17
5,150,3,44.2,11789378.94
5,150,3,44.3,15041621.4
5,150,3,44.4,13008969.86
5,150,3,44.5,14939988.82
5,150,3,44.6,13313867.59
5,150,3,44.7,13822030.48
5,150,3,44.8,11281216.05
5,150,3,44.9,12907337.28
5,150,3,45,11179583.47
5,150,3,45.1,12094276.67
5,150,3,45.2,13008969.86
5,150,3,45.3,13008969.86
5,150,3,45.4,11077950.9
5,150,3,45.5,13212235.01
5,150,3,45.6,12399174.4
5,150,3,45.7,15143253.98
5,150,3,45.8,12602439.55
5,150,3,45.9,12907337.28
5,150,3,46,12094276.67
5,150,3,46.1,15448151.71
5,150,3,46.2,13212235.01
5,150,3,46.3,12500806.98
5,150,3,46.4,13415500.17
5,150,3,46.5,12297541.82
5,150,3,46.6,14025295.63
5,150,3,46.7,10468155.43
5,150,3,46.8,12094276.67
5,150,3,46.9,11992644.09
5,150,3,47,12805704.71
5,150,3,47.1,12805704.71
5,150,3,47.2,12399174.4
5,150,3,47.3,14330193.36
5,150,3,47.4,13923663.05
5,150,3,47.5,13008969.86
5,150,3,47.6,12907337.28
5,150,3,47.7,11586113.78
5,150,3,47.8,14025295.63
5,150,3,47.9,11382848.63
5,150,3,48,12704072.13
5,150,3,48.1,11077950.9
5,150,3,48.2,13822030.48
5,150,3,48.3,14126928.21
5,150,3,48.4,11992644.09
5,150,3,48.5,12195909.24
5,150,3,48.6,13923663.05
5,150,3,48.7,10366522.86
5,150,3,48.8,13110602.44
5,150,3,48.9,13415500.17
5,150,3,49,10976318.32
5,150,3,49.1,12094276.67
5,150,3,49.2,11484481.2
5,150,3,49.3,12602439.55
5,150,3,49.4,12297541.82
5,150,3,49.5,12094276.67
5,150,3,49.6,11687746.36
5,150,3,49.7,12094276.67
5,150,3,49.8,11484481.2
5,150,3,49.9,12195909.24
5,150,3,50,12195909.24
5,150,3,50.1,11179583.47
5,150,3,50.2,10061625.13
5,150,3,50.3,10468155.43
5,150,3,50.4,11687746.36
5,150,3,50.5,11484481.2
5,150,3,50.6,12399174.4
5,150,3,50.7,12500806.98
5,150,3,50.8,12704072.13
5,150,3,50.9,12805704.71
5,150,3,51,12704072.13
5,150,3,51.1,11687746.36
5,150,3,51.2,10366522.86
5,150,3,51.3,11077950.9
5,150,3,51.4,11687746.36
5,150,3,51.5,11687746.36
5,150,3,51.6,12500806.98
5,150,3,51.7,10976318.32
5,150,3,51.8,9553462.241
5,150,3,51.9,12094276.67
5,150,3,52,10569788.01
5,150,3,52.1,10468155.43
5,150,3,52.2,11179583.47
5,150,3,52.3,11281216.05
5,150,3,52.4,10976318.32
5,150,3,52.5,10569788.01
5,150,3,52.6,10468155.43
5,150,3,52.7,9959992.549
5,150,3,52.8,12399174.4
5,150,3,52.9,11179583.47
5,150,3,53,8740401.625
5,150,3,53.1,12297541.82
5,150,3,53.2,11382848.63
5,150,3,53.3,10773053.17
5,150,3,53.4,11891011.51
5,150,3,53.5,9553462.241
5,150,3,53.6,10671420.59
5,150,3,53.7,12195909.24
5,150,3,53.8,10468155.43
5,150,3,53.9,10468155.43
5,150,3,54,11789378.94
5,150,3,54.1,12195909.24
5,150,3,54.2,9451829.664
5,150,3,54.3,11179583.47
5,150,3,54.4,10468155.43
5,150,3,54.5,10468155.43
5,150,3,54.6,9248564.51
5,150,3,54.7,11484481.2
5,150,3,54.8,11281216.05
5,150,3,54.9,9451829.664
5,150,3,55,9553462.241
5,150,3,55.1,11789378.94
5,150,3,55.2,11179583.47
5,150,3,55.3,9451829.664
5,150,3,55.4,9959992.549
5,150,3,55.5,9858359.972
5,150,3,55.6,10874685.74
5,150,3,55.7,11992644.09
5,150,3,55.8,10366522.86
5,150,3,55.9,10468155.43
5,150,3,56,10569788.01
5,150,3,56.1,9350197.087
5,150,3,56.2,11484481.2
5,150,3,56.3,10163257.7
5,150,3,56.4,8740401.625
5,150,3,56.5,9045299.356
5,150,3,56.6,9248564.51
5,150,3,56.7,11382848.63
5,150,3,56.8,10061625.13
5,150,3,56.9,8028973.586
5,150,3,57,10468155.43
5,150,3,57.1,10773053.17
5,150,3,57.2,9655094.818
5,150,3,57.3,9756727.395
5,150,3,57.4,9045299.356
5,150,3,57.5,9350197.087
5,150,3,57.6,9858359.972
5,150,3,57.7,10874685.74
5,150,3,57.8,9858359.972
5,150,3,57.9,9756727.395
5,150,3,58,10671420.59
5,150,3,58.1,90859523.87
5,150,3,58.2,10366522.86
5,150,3,58.3,7825708.432
5,150,3,58.4,7419178.124
5,150,3,58.5,9756727.395
5,150,3,58.6,8842034.202
5,150,3,58.7,9248564.51
5,150,3,58.8,8842034.202
5,150,3,58.9,9045299.356
5,150,3,59,9756727.395
5,150,3,59.1,9451829.664
5,150,3,59.2,9553462.241
5,150,3,59.3,9553462.241
5,150,3,59.4,9045299.356
5,150,3,59.5,142488873
5,150,3,59.6,7724075.855
5,150,3,59.7,7215912.969
5,150,3,59.8,10061625.13
5,150,3,59.9,8333871.317
5,150,3,60,10163257.7
5,150,3,60.1,10163257.7
5,150,3,60.2,9451829.664
5,150,3,60.3,9553462.241
5,150,3,60.4,8638769.048
5,150,3,60.5,8943666.779
5,150,3,60.6,10773053.17
5,150,3,60.7,8537136.471
5,150,3,60.8,9350197.087
5,150,3,60.9,10366522.86
5,150,3,61,8435503.894
5,150,3,61.1,9655094.818
5,150,3,61.2,9350197.087
5,150,3,61.3,8638769.048
5,150,3,61.4,9451829.664
5,150,3,61.5,10976318.32
5,150,3,61.6,7825708.432
5,150,3,61.7,8740401.625
5,150,3,61.8,9045299.356
5,150,3,61.9,9350197.087
5,150,3,62,8232238.74
5,150,3,62.1,9451829.664
5,150,3,62.2,8232238.74
5,150,3,62.3,8028973.586
5,150,3,62.4,7927341.009
5,150,3,62.5,7622443.278
5,150,3,62.6,9045299.356
5,150,3,62.7,9248564.51
5,150,3,62.8,8333871.317
5,150,3,62.9,9146931.933
5,150,3,63,7825708.432
5,150,3,63.1,9045299.356
5,150,3,63.2,9248564.51
5,150,3,63.3,9045299.356
5,150,3,63.4,11179583.47
5,150,3,63.5,7520810.701
5,150,3,63.6,8028973.586
5,150,3,63.7,8740401.625
5,150,3,63.8,7419178.124
5,150,3,63.9,6402852.353
5,150,3,64,7317545.546
5,150,3,64.1,8028973.586
5,150,3,64.2,7724075.855
5,150,3,64.3,8943666.779
5,150,3,64.4,7724075.855
5,150,3,64.5,8537136.471
5,150,3,64.6,9146931.933
5,150,3,64.7,9553462.241
5,150,3,64.8,7114280.392
5,150,3,64.9,8943666.779
5,150,3,65,9858359.972
5,150,3,65.1,6606117.507
5,150,3,65.2,8028973.586
5,150,3,65.3,6707750.084
5,150,3,65.4,8028973.586
5,150,3,65.5,6707750.084
5,150,3,65.6,8537136.471
5,150,3,65.7,7825708.432
5,150,3,65.8,8232238.74
5,150,3,65.9,7317545.546
5,150,3,66,8232238.74
5,150,3,66.1,7419178.124
5,150,3,66.2,6402852.353
5,150,3,66.3,8435503.894
5,150,3,66.4,8435503.894
5,150,3,66.5,8537136.471
5,150,3,66.6,7927341.009
5,150,3,66.7,7724075.855
5,150,3,66.8,10468155.43
5,150,3,66.9,7012647.815
5,150,3,67,9350197.087
5,150,3,67.1,21952636.64
5,150,3,67.2,7114280.392
5,150,3,67.3,7927341.009
5,150,3,67.4,33132220.11
5,150,3,67.5,6911015.238
5,150,3,67.6,9451829.664
5,150,3,67.7,7724075.855
5,150,3,67.8,7927341.009
5,150,3,67.9,8130606.163
5,150,3,68,6402852.353
5,150,3,68.1,7419178.124
5,150,3,68.2,7012647.815
5,150,3,68.3,6097954.622
5,150,3,68.4,6606117.507
5,150,3,68.5,8130606.163
5,150,3,68.6,7825708.432
5,150,3,68.7,8028973.586
5,150,3,68.8,6911015.238
5,150,3,68.9,8943666.779
5,150,3,69,7215912.969
5,150,3,69.1,5386526.583
5,150,3,69.2,9553462.241
5,150,3,69.3,13008969.86
5,150,3,69.4,7520810.701
5,150,3,69.5,8130606.163
5,150,3,69.6,9045299.356
5,150,3,69.7,5081628.852
5,150,3,69.8,6504484.93
5,150,3,69.9,8232238.74
5,150,3,70,7317545.546
5,150,3,70.1,6402852.353
5,150,3,70.2,6199587.199
5,150,3,70.3,7317545.546
5,150,3,70.4,7724075.855
5,150,3,70.5,7012647.815
5,150,3,70.6,6504484.93
5,150,3,70.7,7012647.815
5,150,3,70.8,6606117.507
5,150,3,70.9,8537136.471
5,150,3,71,6911015.238
5,150,3,71.1,8333871.317
5,150,3,71.2,8028973.586
5,150,3,71.3,5488159.16
5,150,3,71.4,8232238.74
5,150,3,71.5,7825708.432
5,150,3,71.6,6911015.238
5,150,3,71.7,7114280.392
5,150,3,71.8,6504484.93
5,150,3,71.9,6707750.084
5,150,3,72,6809382.661
5,150,3,72.1,6504484.93
5,150,3,72.2,7012647.815
5,150,3,72.3,6097954.622
5,150,3,72.4,6097954.622
5,150,3,72.5,6707750.084
5,150,3,72.6,6402852.353
5,150,3,72.7,7419178.124
5,150,3,72.8,5793056.891
5,150,3,72.9,6606117.507
5,150,3,73,8537136.471
5,150,3,73.1,6199587.199
5,150,3,73.2,6199587.199
5,150,3,73.3,5793056.891
5,150,3,73.4,8943666.779
5,150,3,73.5,6504484.93
5,150,3,73.6,7520810.701
5,150,3,73.7,7012647.815
5,150,3,73.8,6606117.507
5,150,3,73.9,5996322.045
5,150,3,74,7215912.969
5,150,3,74.1,6606117.507
5,150,3,74.2,6707750.084
5,150,3,74.3,7012647.815
5,150,3,74.4,5793056.891
5,150,3,74.5,5589791.737
5,150,3,74.6,7520810.701
5,150,3,74.7,6301219.776
5,150,3,74.8,7215912.969
5,150,3,74.9,6402852.353
5,150,3,75,5589791.737
5,150,3,75.1,7114280.392
5,150,3,75.2,6606117.507
5,150,3,75.3,6606117.507
5,150,3,75.4,5488159.16
5,150,3,75.5,6809382.661
5,150,3,75.6,6809382.661
5,150,3,75.7,5589791.737
5,150,3,75.8,5691424.314
5,150,3,75.9,6809382.661
5,150,3,76,6809382.661
5,150,3,76.1,6301219.776
5,150,3,76.2,7012647.815
5,150,3,76.3,5488159.16
5,150,3,76.4,5284894.006
5,150,3,76.5,8232238.74
5,150,3,76.6,5894689.468
5,150,3,76.7,6402852.353
5,150,3,76.8,5793056.891
5,150,3,76.9,6809382.661
5,150,3,77,6097954.622
5,150,3,77.1,5488159.16
5,150,3,77.2,7317545.546
5,150,3,77.3,5793056.891
5,150,3,77.4,6504484.93
5,150,3,77.5,7724075.855
5,150,3,77.6,4979996.275
5,150,3,77.7,6199587.199
5,150,3,77.8,6301219.776
5,150,3,77.9,5488159.16
5,150,3,78,5589791.737
5,150,3,78.1,6504484.93
5,150,3,78.2,7724075.855
5,150,3,78.3,6504484.93
5,150,3,78.4,7419178.124
5,150,3,78.5,5793056.891
5,150,3,78.6,5691424.314
5,150,3,78.7,6199587.199
5,150,3,78.8,5894689.468
5,150,3,78.9,6301219.776
5,150,3,79,6707750.084
5,150,3,79.1,6199587.199
5,150,3,79.2,5081628.852
5,150,3,79.3,5081628.852
5,150,3,79.4,5488159.16
5,150,3,79.5,5284894.006
5,150,3,79.6,6301219.776
5,150,3,79.7,6606117.507
5,150,3,79.8,6097954.622
5,150,3,79.9,5894689.468
5,150,3,80,5894689.468
5,150,3,80.1,5793056.891
5,150,3,80.2,5589791.737
5,150,3,80.3,6504484.93
5,150,3,80.4,5996322.045
5,150,3,80.5,5996322.045
5,150,3,80.6,7215912.969
5,150,3,80.7,5691424.314
5,150,3,80.8,5996322.045
5,150,3,80.9,6911015.238
5,150,3,81,6301219.776
5,150,3,81.1,5691424.314
5,150,3,81.2,5183261.429
5,150,3,81.3,5894689.468
5,150,3,81.4,5793056.891
5,150,3,81.5,4268568.235
5,150,3,81.6,5894689.468
5,150,3,81.7,6911015.238
5,150,3,81.8,5488159.16
5,150,3,81.9,5488159.16
5,150,3,82,7215912.969
5,150,3,82.1,7419178.124
5,150,3,82.2,4776731.121
5,150,3,82.3,6911015.238
5,150,3,82.4,5894689.468
5,150,3,82.5,5691424.314
5,150,3,82.6,7317545.546
5,150,3,82.7,5183261.429
5,150,3,82.8,5793056.891
5,150,3,82.9,5081628.852
5,150,3,83,7012647.815
5,150,3,83.1,5894689.468
5,150,3,83.2,5284894.006
5,150,3,83.3,5589791.737
5,150,3,83.4,5386526.583
5,150,3,83.5,4065303.081
5,150,3,83.6,5793056.891
5,150,3,83.7,7012647.815
5,150,3,83.8,4268568.235
5,150,3,83.9,6809382.661
5,150,3,84,4675098.544
5,150,3,84.1,5589791.737
5,150,3,84.2,4471833.39
5,150,3,84.3,5386526.583
5,150,3,84.4,5488159.16
5,150,3,84.5,5589791.737
5,150,3,84.6,5793056.891
5,150,3,84.7,5793056.891
5,150,3,84.8,4268568.235
5,150,3,84.9,6707750.084
5,150,3,85,4573465.967
5,150,3,85.1,5386526.583
5,150,3,85.2,4675098.544
5,150,3,85.3,5488159.16
5,150,3,85.4,5284894.006
5,150,3,85.5,5691424.314
5,150,3,85.6,5488159.16
5,150,3,85.7,5691424.314
5,150,3,85.8,6097954.622
5,150,3,85.9,4268568.235
5,150,3,86,5488159.16
5,150,3,86.1,4471833.39
5,150,3,86.2,4573465.967
5,150,3,86.3,5386526.583
5,150,3,86.4,5183261.429
5,150,3,86.5,5284894.006
5,150,3,86.6,4166935.658
5,150,3,86.7,4268568.235
5,150,3,86.8,4370200.812
5,150,3,86.9,5691424.314
5,150,3,87,4065303.081
5,150,3,87.1,5284894.006
5,150,3,87.2,4776731.121
5,150,3,87.3,3760405.35
5,150,3,87.4,6097954.622
5,150,3,87.5,8130606.163
5,150,3,87.6,4878363.698
5,150,3,87.7,4370200.812
5,150,3,87.8,4979996.275
5,150,3,87.9,4065303.081
5,150,3,88,5081628.852
5,150,3,88.1,4471833.39
5,150,3,88.2,4268568.235
5,150,3,88.3,3557140.196
5,150,3,88.4,4979996.275
5,150,3,88.5,4878363.698
5,150,3,88.6,5284894.006
5,150,3,88.7,4878363.698
5,150,3,88.8,5284894.006
5,150,3,88.9,4776731.121
5,150,3,89,4065303.081
5,150,3,89.1,4268568.235
5,150,3,89.2,5386526.583
5,150,3,89.3,5996322.045
5,150,3,89.4,4878363.698
5,150,3,89.5,3658772.773
5,150,3,89.6,4065303.081
5,150,3,89.7,6911015.238
5,150,3,89.8,5793056.891
5,150,3,89.9,5183261.429
5,150,3,90,3862037.927
5,150,3,90.1,4471833.39
5,150,3,90.2,4370200.812
5,150,3,90.3,4065303.081
5,150,3,90.4,5488159.16
5,150,3,90.5,4776731.121
5,150,3,90.6,5284894.006
5,150,3,90.7,5691424.314
5,150,3,90.8,5386526.583
5,150,3,90.9,4471833.39
5,150,3,91,6301219.776
5,150,3,91.1,5386526.583
5,150,3,91.2,4573465.967
5,150,3,91.3,5691424.314
5,150,3,91.4,5691424.314
5,150,3,91.5,4166935.658
5,150,3,91.6,4878363.698
5,150,3,91.7,4878363.698
5,150,3,91.8,4166935.658
5,150,3,91.9,4776731.121
5,150,3,92,5793056.891
5,150,3,92.1,5284894.006
5,150,3,92.2,4268568.235
5,150,3,92.3,4878363.698
5,150,3,92.4,5488159.16
5,150,3,92.5,4471833.39
5,150,3,92.6,4979996.275
5,150,3,92.7,4776731.121
5,150,3,92.8,4675098.544
5,150,3,92.9,5183261.429
5,150,3,93,4471833.39
5,150,3,93.1,4675098.544
5,150,3,93.2,4268568.235
5,150,3,93.3,4776731.121
5,150,3,93.4,5589791.737
5,150,3,93.5,4675098.544
5,150,3,93.6,4268568.235
5,150,3,93.7,4979996.275
5,150,3,93.8,4471833.39
5,150,3,93.9,4471833.39
5,150,3,94,4268568.235
5,150,3,94.1,4370200.812
5,150,3,94.2,4675098.544
5,150,3,94.3,4471833.39
5,150,3,94.4,3862037.927
5,150,3,94.5,3455507.619
5,150,3,94.6,4065303.081
5,150,3,94.7,4065303.081
5,150,3,94.8,3963670.504
5,150,3,94.9,4471833.39
5,150,3,95,4675098.544
5,150,3,95.1,4878363.698
5,150,3,95.2,4776731.121
5,150,3,95.3,4268568.235
5,150,3,95.4,4370200.812
5,150,3,95.5,4268568.235
5,150,3,95.6,3963670.504
5,150,3,95.7,4776731.121
5,150,3,95.8,5386526.583
5,150,3,95.9,4370200.812
5,150,3,96,3862037.927
5,150,3,96.1,5081628.852
5,150,3,96.2,5081628.852
5,150,3,96.3,4166935.658
5,150,3,96.4,3963670.504
5,150,3,96.5,4573465.967
5,150,3,96.6,5488159.16
5,150,3,96.7,3760405.35
5,150,3,96.8,3862037.927
5,150,3,96.9,4370200.812
5,150,3,97,4675098.544
5,150,3,97.1,4268568.235
5,150,3,97.2,4370200.812
5,150,3,97.3,4268568.235
5,150,3,97.4,5183261.429
5,150,3,97.5,3557140.196
5,150,3,97.6,4979996.275
5,150,3,97.7,3760405.35
5,150,3,97.8,5081628.852
5,150,3,97.9,5691424.314
5,150,3,98,4370200.812
5,150,3,98.1,3963670.504
5,150,3,98.2,2947344.734
5,150,3,98.3,4370200.812
5,150,3,98.4,4979996.275
5,150,3,98.5,5488159.16
5,150,3,98.6,3353875.042
5,150,3,98.7,5183261.429
5,150,3,98.8,3862037.927
5,150,3,98.9,3150609.888
5,150,3,99,4675098.544
5,150,3,99.1,4573465.967
5,150,3,99.2,3455507.619
5,150,3,99.3,3252242.465
5,150,3,99.4,4675098.544
5,150,3,99.5,4166935.658
5,150,3,99.6,4065303.081
5,150,3,99.7,3353875.042
5,150,3,99.8,4268568.235
5,150,3,99.9,3557140.196
5,150,3,100,3557140.196
5,150,3,100.1,3963670.504
5,150,3,100.2,4878363.698
5,150,3,100.3,5183261.429
5,150,3,100.4,4979996.275
5,150,3,100.5,4370200.812
5,150,3,100.6,4776731.121
5,150,3,100.7,3963670.504
5,150,3,100.8,5996322.045
5,150,3,100.9,3455507.619
5,150,3,101,4471833.39
5,150,3,101.1,3455507.619
5,150,3,101.2,4776731.121
5,150,3,101.3,3963670.504
5,150,3,101.4,3963670.504
5,150,3,101.5,3252242.465
5,150,3,101.6,2642447.003
5,150,3,101.7,3760405.35
5,150,3,101.8,4471833.39
5,150,3,101.9,3760405.35
5,150,3,102,3252242.465
5,150,3,102.1,4878363.698
5,150,3,102.2,4065303.081
5,150,3,102.3,2439181.849
5,150,3,102.4,2947344.734
5,150,3,102.5,4166935.658
5,150,3,102.6,2845712.157
5,150,3,102.7,3557140.196
5,150,3,102.8,4166935.658
5,150,3,102.9,4065303.081
5,150,3,103,3963670.504
5,150,3,103.1,4878363.698
5,150,3,103.2,2642447.003
5,150,3,103.3,3862037.927
5,150,3,103.4,4166935.658
5,150,3,103.5,3963670.504
5,150,3,103.6,4370200.812
5,150,3,103.7,3557140.196
5,150,3,103.8,2947344.734
5,150,3,103.9,3252242.465
5,150,3,104,3150609.888
5,150,3,104.1,4268568.235
5,150,3,104.2,4675098.544
5,150,3,104.3,5284894.006
5,150,3,104.4,3252242.465
5,150,3,104.5,3150609.888
5,150,3,104.6,4471833.39
5,150,3,104.7,3963670.504
5,150,3,104.8,4370200.812
5,150,3,104.9,3557140.196
5,150,3,105,3658772.773
5,150,3,105.1,4065303.081
5,150,3,105.2,3760405.35
5,150,3,105.3,3048977.311
5,150,3,105.4,3455507.619
5,150,3,105.5,4166935.658
5,150,3,105.6,4166935.658
5,150,3,105.7,4573465.967
5,150,3,105.8,3252242.465
5,150,3,105.9,2947344.734
5,150,3,106,3658772.773
5,150,3,106.1,3455507.619
5,150,3,106.2,3557140.196
5,150,3,106.3,4065303.081
5,150,3,106.4,4776731.121
5,150,3,106.5,3963670.504
5,150,3,106.6,5081628.852
5,150,3,106.7,3048977.311
5,150,3,106.8,3557140.196
5,150,3,106.9,2947344.734
5,150,3,107,4878363.698
5,150,3,107.1,3557140.196
5,150,3,107.2,3658772.773
5,150,3,107.3,4573465.967
5,150,3,107.4,3455507.619
5,150,3,107.5,3455507.619
5,150,3,107.6,3557140.196
5,150,3,107.7,4370200.812
5,150,3,107.8,4370200.812
5,150,3,107.9,2744079.58
5,150,3,108,3862037.927
5,150,3,108.1,3658772.773
5,150,3,108.2,4065303.081
5,150,3,108.3,4573465.967
5,150,3,108.4,3455507.619
5,150,3,108.5,4065303.081
5,150,3,108.6,2235916.695
5,150,3,108.7,2642447.003
5,150,3,108.8,3963670.504
5,150,3,108.9,3048977.311
5,150,3,109,3048977.311
5,150,3,109.1,3252242.465
5,150,3,109.2,2845712.157
5,150,3,109.3,3862037.927
5,150,3,109.4,4370200.812
5,150,3,109.5,3760405.35
5,150,3,109.6,4370200.812
5,150,3,109.7,3658772.773
5,150,3,109.8,2540814.426
5,150,3,109.9,2439181.849
5,150,3,110,4166935.658
5,150,3,110.1,2947344.734
5,150,3,110.2,3455507.619
5,150,3,110.3,3557140.196
5,150,3,110.4,2642447.003
5,150,3,110.5,5081628.852
5,150,3,110.6,3760405.35
5,150,3,110.7,2235916.695
5,150,3,110.8,3455507.619
5,150,3,110.9,3353875.042
5,150,3,111,4065303.081
5,150,3,111.1,2947344.734
5,150,3,111.2,4268568.235
5,150,3,111.3,3862037.927
5,150,3,111.4,2947344.734
5,150,3,111.5,4268568.235
5,150,3,111.6,2947344.734
5,150,3,111.7,2744079.58
5,150,3,111.8,3252242.465
5,150,3,111.9,3252242.465
5,150,3,112,3252242.465
5,150,3,112.1,3455507.619
5,150,3,112.2,2642447.003
5,150,3,112.3,1931018.964
5,150,3,112.4,3048977.311
5,150,3,112.5,2845712.157
5,150,3,112.6,3252242.465
5,150,3,112.7,3455507.619
5,150,3,112.8,3048977.311
5,150,3,112.9,2744079.58
5,150,3,113,3353875.042
5,150,3,113.1,3963670.504
5,150,3,113.2,4675098.544
5,150,3,113.3,3048977.311
5,150,3,113.4,2845712.157
5,150,3,113.5,3658772.773
5,150,3,113.6,3760405.35
5,150,3,113.7,4065303.081
5,150,3,113.8,2439181.849
5,150,3,113.9,3150609.888
5,150,3,114,3048977.311
5,150,3,114.1,3252242.465
5,150,3,114.2,3455507.619
5,150,3,114.3,3353875.042
5,150,3,114.4,2744079.58
5,150,3,114.5,3252242.465
5,150,3,114.6,3658772.773
5,150,3,114.7,3252242.465
5,150,3,114.8,3353875.042
5,150,3,114.9,4065303.081
5,150,3,115,2235916.695
5,150,3,115.1,3455507.619
5,150,3,115.2,2744079.58
5,150,3,115.3,2947344.734
5,150,3,115.4,2235916.695
5,150,3,115.5,2744079.58
5,150,3,115.6,2032651.541
5,150,3,115.7,3252242.465
5,150,3,115.8,3048977.311
5,150,3,115.9,3455507.619
5,150,3,116,4065303.081
5,150,3,116.1,3353875.042
5,150,3,116.2,3455507.619
5,150,3,116.3,2337549.272
5,150,3,116.4,3557140.196
5,150,3,116.5,2540814.426
5,150,3,116.6,3862037.927
5,150,3,116.7,3150609.888
5,150,3,116.8,3862037.927
5,150,3,116.9,3150609.888
5,150,3,117,2540814.426
5,150,3,117.1,2642447.003
5,150,3,117.2,3862037.927
5,150,3,117.3,2337549.272
5,150,3,117.4,4065303.081
5,150,3,117.5,3557140.196
5,150,3,117.6,2744079.58
5,150,3,117.7,3963670.504
5,150,3,117.8,3353875.042
5,150,3,117.9,2337549.272
5,150,3,118,2642447.003
5,150,3,118.1,2642447.003
5,150,3,118.2,2744079.58
5,150,3,118.3,3658772.773
5,150,3,118.4,3150609.888
5,150,3,118.5,2744079.58
5,150,3,118.6,2845712.157
5,150,3,118.7,2032651.541
5,150,3,118.8,3150609.888
5,150,3,118.9,3862037.927
5,150,3,119,3048977.311
5,150,3,119.1,2744079.58
5,150,3,119.2,3048977.311
5,150,3,119.3,2235916.695
5,150,3,119.4,2540814.426
5,150,3,119.5,3252242.465
5,150,3,119.6,2744079.58
5,150,3,119.7,2947344.734
5,150,3,119.8,2540814.426
5,150,3,119.9,3963670.504
5,150,3,120,2235916.695
5,150,3,120.1,2642447.003
5,150,3,120.2,2134284.118
5,150,3,120.3,3150609.888
5,150,3,120.4,2845712.157
5,150,3,120.5,2947344.734
5,150,3,120.6,2337549.272
5,150,3,120.7,2235916.695
5,150,3,120.8,2134284.118
5,150,3,120.9,2337549.272
5,150,3,121,3150609.888
5,150,3,121.1,2134284.118
5,150,3,121.2,2540814.426
5,150,3,121.3,2845712.157
5,150,3,121.4,2642447.003
5,150,3,121.5,2642447.003
5,150,3,121.6,3048977.311
5,150,3,121.7,2947344.734
5,150,3,121.8,2540814.426
5,150,3,121.9,2337549.272
5,150,3,122,3048977.311
5,150,3,122.1,3048977.311
5,150,3,122.2,3150609.888
5,150,3,122.3,2744079.58
5,150,3,122.4,2947344.734
5,150,3,122.5,2845712.157
5,150,3,122.6,2235916.695
5,150,3,122.7,2032651.541
5,150,3,122.8,2744079.58
5,150,3,122.9,2744079.58
5,150,3,123,2337549.272
5,150,3,123.1,2845712.157
5,150,3,123.2,2540814.426
5,150,3,123.3,2642447.003
5,150,3,123.4,2845712.157
5,150,3,123.5,2439181.849
5,150,3,123.6,2134284.118
5,150,3,123.7,2134284.118
5,150,3,123.8,2642447.003
5,150,3,123.9,3252242.465
5,150,3,124,3455507.619
5,150,3,124.1,2337549.272
5,150,3,124.2,1931018.964
5,150,3,124.3,2032651.541
5,150,3,124.4,3455507.619
5,150,3,124.5,2947344.734
5,150,3,124.6,2337549.272
5,150,3,124.7,2845712.157
5,150,3,124.8,2540814.426
5,150,3,124.9,2439181.849
5,150,3,125,2337549.272
5,150,3,125.1,2134284.118
5,150,3,125.2,2642447.003
5,150,3,125.3,2032651.541
5,150,3,125.4,2540814.426
5,150,3,125.5,2540814.426
5,150,3,125.6,1727753.81
5,150,3,125.7,2134284.118
5,150,3,125.8,2642447.003
5,150,3,125.9,1829386.387
5,150,3,126,1931018.964
5,150,3,126.1,2845712.157
5,150,3,126.2,2439181.849
5,150,3,126.3,2235916.695
5,150,3,126.4,2032651.541
5,150,3,126.5,2947344.734
5,150,3,126.6,2337549.272
5,150,3,126.7,2642447.003
5,150,3,126.8,1727753.81
5,150,3,126.9,2744079.58
5,150,3,127,3150609.888
5,150,3,127.1,2642447.003
5,150,3,127.2,1931018.964
5,150,3,127.3,2744079.58
5,150,3,127.4,3252242.465
5,150,3,127.5,2845712.157
5,150,3,127.6,2947344.734
5,150,3,127.7,2337549.272
5,150,3,127.8,2134284.118
5,150,3,127.9,2845712.157
5,150,3,128,3252242.465
5,150,3,128.1,2540814.426
5,150,3,128.2,1829386.387
5,150,3,128.3,2540814.426
5,150,3,128.4,2540814.426
5,150,3,128.5,3353875.042
5,150,3,128.6,1829386.387
5,150,3,128.7,2439181.849
5,150,3,128.8,2540814.426
5,150,3,128.9,3455507.619
5,150,3,129,2134284.118
5,150,3,129.1,1524488.656
5,150,3,129.2,3455507.619
5,150,3,129.3,2032651.541
5,150,3,129.4,2032651.541
5,150,3,129.5,2642447.003
5,150,3,129.6,2744079.58
5,150,3,129.7,2845712.157
5,150,3,129.8,2134284.118
5,150,3,129.9,2744079.58
5,150,3,130,2540814.426
5,150,3,130.1,2134284.118
5,150,3,130.2,1931018.964
5,150,3,130.3,1727753.81
5,150,3,130.4,1931018.964
5,150,3,130.5,2032651.541
5,150,3,130.6,2337549.272
5,150,3,130.7,2032651.541
5,150,3,130.8,3048977.311
5,150,3,130.9,2032651.541
5,150,3,131,1931018.964
5,150,3,131.1,1626121.233
5,150,3,131.2,2337549.272
5,150,3,131.3,2439181.849
5,150,3,131.4,1727753.81
5,150,3,131.5,2642447.003
5,150,3,131.6,1931018.964
5,150,3,131.7,2134284.118
5,150,3,131.8,2845712.157
5,150,3,131.9,2134284.118
5,150,3,132,1829386.387
5,150,3,132.1,2134284.118
5,150,3,132.2,1321223.501
5,150,3,132.3,2947344.734
5,150,3,132.4,2540814.426
5,150,3,132.5,2235916.695
5,150,3,132.6,1117958.347
5,150,3,132.7,2439181.849
5,150,3,132.8,2235916.695
5,150,3,132.9,1626121.233
5,150,3,133,1829386.387
5,150,3,133.1,1829386.387
5,150,3,133.2,813060.6163
5,150,3,133.3,1931018.964
5,150,3,133.4,1727753.81
5,150,3,133.5,2540814.426
5,150,3,133.6,2235916.695
5,150,3,133.7,2540814.426
5,150,3,133.8,2439181.849
5,150,3,133.9,2337549.272
5,150,3,134,1931018.964
5,150,3,134.1,2439181.849
5,150,3,134.2,2235916.695
5,150,3,134.3,2134284.118
5,150,3,134.4,1727753.81
5,150,3,134.5,2235916.695
5,150,3,134.6,2744079.58
5,150,3,134.7,1727753.81
5,150,3,134.8,3048977.311
5,150,3,134.9,1931018.964
5,150,3,135,1829386.387
5,150,3,135.1,2337549.272
5,150,3,135.2,1727753.81
5,150,3,135.3,2439181.849
5,150,3,135.4,2439181.849
5,150,3,135.5,1626121.233
5,150,3,135.6,1016325.77
5,150,3,135.7,1727753.81
5,150,3,135.8,2235916.695
5,150,3,135.9,1727753.81
5,150,3,136,1931018.964
5,150,3,136.1,2032651.541
5,150,3,136.2,1727753.81
5,150,3,136.3,2439181.849
5,150,3,136.4,1016325.77
5,150,3,136.5,1422856.078
5,150,3,136.6,1219590.924
5,150,3,136.7,1829386.387
5,150,3,136.8,2642447.003
5,150,3,136.9,1524488.656
5,150,3,137,2337549.272
5,150,3,137.1,1524488.656
5,150,3,137.2,2439181.849
5,150,3,137.3,2642447.003
5,150,3,137.4,2134284.118
5,150,3,137.5,1727753.81
5,150,3,137.6,1524488.656
5,150,3,137.7,1422856.078
5,150,3,137.8,1829386.387
5,150,3,137.9,1727753.81
5,150,3,138,2134284.118
5,150,3,138.1,1829386.387
5,150,3,138.2,2032651.541
5,150,3,138.3,1931018.964
5,150,3,138.4,1626121.233
5,150,3,138.5,1829386.387
5,150,3,138.6,2337549.272
5,150,3,138.7,1524488.656
5,150,3,138.8,1626121.233
5,150,3,138.9,1117958.347
5,150,3,139,1829386.387
5,150,3,139.1,2845712.157
5,150,3,139.2,1829386.387
5,150,3,139.3,1422856.078
5,150,3,139.4,1524488.656
5,150,3,139.5,1727753.81
5,150,3,139.6,1727753.81
5,150,3,139.7,2235916.695
5,150,3,139.8,1524488.656
5,150,3,139.9,1829386.387
5,150,3,140,1626121.233
5,150,3,140.1,1829386.387
5,150,3,140.2,3252242.465
5,150,3,140.3,1321223.501
5,150,3,140.4,2032651.541
5,150,3,140.5,1829386.387
5,150,3,140.6,2337549.272
5,150,3,140.7,1931018.964
5,150,3,140.8,2337549.272
5,150,3,140.9,1219590.924
5,150,3,141,1524488.656
5,150,3,141.1,1727753.81
5,150,3,141.2,1219590.924
5,150,3,141.3,1422856.078
5,150,3,141.4,2032651.541
5,150,3,141.5,2439181.849
5,150,3,141.6,1727753.81
5,150,3,141.7,1422856.078
5,150,3,141.8,1422856.078
5,150,3,141.9,1422856.078
5,150,3,142,1829386.387
5,150,3,142.1,1626121.233
5,150,3,142.2,1524488.656
5,150,3,142.3,2032651.541
5,150,3,142.4,1219590.924
5,150,3,142.5,1016325.77
5,150,3,142.6,711428.0392
5,150,3,142.7,2337549.272
5,150,3,142.8,1219590.924
5,150,3,142.9,1016325.77
5,150,3,143,1829386.387
5,150,3,143.1,1727753.81
5,150,3,143.2,914693.1933
5,150,3,143.3,1524488.656
5,150,3,143.4,1321223.501
5,150,3,143.5,1321223.501
5,150,3,143.6,1219590.924
5,150,3,143.7,1321223.501
5,150,3,143.8,1219590.924
5,150,3,143.9,1626121.233
5,150,3,144,1219590.924
5,150,3,144.1,1016325.77
5,150,3,144.2,914693.1933
5,150,3,144.3,1117958.347
5,150,3,144.4,609795.4622
5,150,3,144.5,1219590.924
5,150,3,144.6,1524488.656
5,150,3,144.7,1219590.924
5,150,3,144.8,1016325.77
5,150,3,144.9,1016325.77
5,150,3,145,1117958.347
5,150,3,145.1,1524488.656
5,150,3,145.2,711428.0392
5,150,3,145.3,914693.1933
5,150,3,145.4,813060.6163
5,150,3,145.5,914693.1933
5,150,3,145.6,813060.6163
5,150,3,145.7,1219590.924
5,150,3,145.8,914693.1933
5,150,3,145.9,1219590.924
5,150,3,146,711428.0392
5,150,3,146.1,1016325.77
5,150,3,146.2,1524488.656
5,150,3,146.3,1117958.347
5,150,3,146.4,1829386.387
5,150,3,146.5,914693.1933
5,150,3,146.6,1016325.77
5,150,3,146.7,813060.6163
5,150,3,146.8,1016325.77
5,150,3,146.9,1117958.347
5,150,3,147,711428.0392
5,150,3,147.1,813060.6163
5,150,3,147.2,711428.0392
5,150,3,147.3,1016325.77
5,150,3,147.4,1219590.924
5,150,3,147.5,813060.6163
5,150,3,147.6,609795.4622
5,150,3,147.7,508162.8852
5,150,3,147.8,1016325.77
5,150,3,147.9,609795.4622
5,150,3,148,203265.1541
5,150,3,148.1,406530.3081
5,150,3,148.2,508162.8852
5,150,3,148.3,1321223.501
5,150,3,148.4,609795.4622
5,150,3,148.5,813060.6163
5,150,3,148.6,406530.3081
5,150,3,148.7,609795.4622
5,150,3,148.8,304897.7311
5,150,3,148.9,609795.4622
5,150,3,149,508162.8852
5,150,3,149.1,304897.7311
5,150,3,149.2,203265.1541
5,150,3,149.3,101632.577
5,150,3,149.4,406530.3081
5,150,3,149.5,304897.7311
5,150,3,149.6,101632.577
5,150,3,149.8,101632.577
5,40,5,4.5,62066.84868
5,40,5,4.6,62066.84868
5,40,5,4.7,62066.84868
5,40,5,4.8,124133.6974
5,40,5,4.9,62066.84868
5,40,5,5,186200.546
5,40,5,5.1,62066.84868
5,40,5,5.2,372401.0921
5,40,5,5.3,186200.546
5,40,5,5.4,496534.7894
5,40,5,5.5,682735.3355
5,40,5,5.6,496534.7894
5,40,5,5.7,931002.7302
5,40,5,5.8,744802.1842
5,40,5,5.9,1862005.46
5,40,5,6,1675804.914
5,40,5,6.1,1924072.309
5,40,5,6.2,1799938.612
5,40,5,6.3,1986139.158
5,40,5,6.4,2544740.796
5,40,5,6.5,3103342.434
5,40,5,6.6,2917141.888
5,40,5,6.7,3413676.677
5,40,5,6.8,4282612.559
5,40,5,6.9,3848144.618
5,40,5,7,4158478.862
5,40,5,7.1,5461882.684
5,40,5,7.2,5337748.986
5,40,5,7.3,5399815.835
5,40,5,7.4,13716773.56
5,40,5,7.5,5710150.078
5,40,5,7.6,7075620.749
5,40,5,7.7,7944556.631
5,40,5,7.8,6951487.052
5,40,5,7.9,7882489.782
5,40,5,8,8999693.059
5,40,5,8.1,7882489.782
5,40,5,8.2,8627291.966
5,40,5,8.3,34322967.32
5,40,5,8.4,234054086.4
5,40,5,8.5,9558294.697
5,40,5,8.6,10427230.58
5,40,5,8.7,10923765.37
5,40,5,8.8,14089174.65
5,40,5,8.9,10427230.58
5,40,5,9,10675497.97
5,40,5,9.1,11730634.4
5,40,5,9.2,12909904.53
5,40,5,9.3,12351302.89
5,40,5,9.4,12351302.89
5,40,5,9.5,21226862.25
5,40,5,9.6,18868322
5,40,5,9.7,169132162.7
5,40,5,9.8,27309413.42
5,40,5,9.9,20854461.16
5,40,5,10,87576323.49
5,40,5,10.1,13902974.1
5,40,5,10.2,13654706.71
5,40,5,10.3,4406746.256
5,40,5,10.4,4655013.651
5,40,5,10.5,3786077.769
5,40,5,10.6,3786077.769
5,40,5,10.7,4965347.894
5,40,5,10.8,5461882.684
5,40,5,10.9,6330818.565
5,40,5,11,5958417.473
5,40,5,11.1,4965347.894
5,40,5,11.2,5896350.625
5,40,5,11.3,22964734.01
5,40,5,11.4,6517019.111
5,40,5,11.5,7137687.598
5,40,5,11.6,5151548.44
5,40,5,11.7,5896350.625
5,40,5,11.8,3972278.315
5,40,5,11.9,4655013.651
5,40,5,12,4158478.862
5,40,5,12.1,3724010.921
5,40,5,12.2,3848144.618
5,40,5,12.3,4530879.954
5,40,5,12.4,3661944.072
5,40,5,12.5,4903281.046
5,40,5,12.6,3227476.131
5,40,5,12.7,4096412.013
5,40,5,12.8,4096412.013
5,40,5,12.9,4096412.013
5,40,5,13,4592946.802
5,40,5,13.1,4344679.408
5,40,5,13.2,4282612.559
5,40,5,13.3,5213615.289
5,40,5,13.4,5834283.776
5,40,5,13.5,4779147.348
5,40,5,13.6,4965347.894
5,40,5,13.7,5958417.473
5,40,5,13.8,4530879.954
5,40,5,13.9,5586016.381
5,40,5,14,6144618.019
5,40,5,14.1,5834283.776
5,40,5,14.2,5648083.23
5,40,5,14.3,5523949.532
5,40,5,14.4,5461882.684
5,40,5,14.5,5275682.138
5,40,5,14.6,6206684.868
5,40,5,14.7,6330818.565
5,40,5,14.8,6454952.263
5,40,5,14.9,7634222.388
5,40,5,15,5337748.986
5,40,5,15.1,5958417.473
5,40,5,15.2,6206684.868
5,40,5,15.3,7696289.236
5,40,5,15.4,6330818.565
5,40,5,15.5,7820422.934
5,40,5,15.6,7323888.144
5,40,5,15.7,7075620.749
5,40,5,15.8,6579085.96
5,40,5,15.9,6703219.657
5,40,5,16,7137687.598
5,40,5,16.1,8130757.177
5,40,5,16.2,6206684.868
5,40,5,16.3,6454952.263
5,40,5,16.4,6206684.868
5,40,5,16.5,7261821.295
5,40,5,16.6,6951487.052
5,40,5,16.7,8192824.026
5,40,5,16.8,7882489.782
5,40,5,16.9,6392885.414
5,40,5,17,7137687.598
5,40,5,17.1,7013553.901
5,40,5,17.2,7013553.901
5,40,5,17.3,7013553.901
5,40,5,17.4,6951487.052
5,40,5,17.5,7696289.236
5,40,5,17.6,7882489.782
5,40,5,17.7,7944556.631
5,40,5,17.8,6765286.506
5,40,5,17.9,8813492.512
5,40,5,18,8937626.21
5,40,5,18.1,8068690.328
5,40,5,18.2,8379024.572
5,40,5,18.3,7882489.782
5,40,5,18.4,7696289.236
5,40,5,18.5,7882489.782
5,40,5,18.6,7634222.388
5,40,5,18.7,8875559.361
5,40,5,18.8,9061759.907
5,40,5,18.9,7758356.085
5,40,5,19,7448021.842
5,40,5,19.1,9310027.302
5,40,5,19.2,6517019.111
5,40,5,19.3,6827353.355
5,40,5,19.4,7199754.447
5,40,5,19.5,7758356.085
5,40,5,19.6,8130757.177
5,40,5,19.7,7323888.144
5,40,5,19.8,8192824.026
5,40,5,19.9,7944556.631
5,40,5,20,7448021.842
5,40,5,20.1,8130757.177
5,40,5,20.2,8379024.572
5,40,5,20.3,8565225.118
5,40,5,20.4,8441091.42
5,40,5,20.5,8316957.723
5,40,5,20.6,8130757.177
5,40,5,20.7,7758356.085
5,40,5,20.8,6392885.414
5,40,5,20.9,7820422.934
5,40,5,21,7323888.144
5,40,5,21.1,8316957.723
5,40,5,21.2,6703219.657
5,40,5,21.3,5958417.473
5,40,5,21.4,8565225.118
5,40,5,21.5,7634222.388
5,40,5,21.6,7013553.901
5,40,5,21.7,7758356.085
5,40,5,21.8,8130757.177
5,40,5,21.9,8068690.328
5,40,5,22,8130757.177
5,40,5,22.1,6827353.355
5,40,5,22.2,6951487.052
5,40,5,22.3,8503158.269
5,40,5,22.4,6579085.96
5,40,5,22.5,7696289.236
5,40,5,22.6,8068690.328
5,40,5,22.7,7448021.842
5,40,5,22.8,8751425.664
5,40,5,22.9,8254890.874
5,40,5,23,6951487.052
5,40,5,23.1,8130757.177
5,40,5,23.2,6454952.263
5,40,5,23.3,7944556.631
5,40,5,23.4,6641152.809
5,40,5,23.5,6454952.263
5,40,5,23.6,6827353.355
5,40,5,23.7,7013553.901
5,40,5,23.8,4965347.894
5,40,5,23.9,7323888.144
5,40,5,24,7758356.085
5,40,5,24.1,6454952.263
5,40,5,24.2,6082551.171
5,40,5,24.3,6703219.657
5,40,5,24.4,6827353.355
5,40,5,24.5,7820422.934
5,40,5,24.6,6703219.657
5,40,5,24.7,6765286.506
5,40,5,24.8,6951487.052
5,40,5,24.9,6765286.506
5,40,5,25,6330818.565
5,40,5,25.1,7137687.598
5,40,5,25.2,6951487.052
5,40,5,25.3,7013553.901
5,40,5,25.4,5710150.078
5,40,5,25.5,5958417.473
5,40,5,25.6,6020484.322
5,40,5,25.7,6020484.322
5,40,5,25.8,6827353.355
5,40,5,25.9,5461882.684
5,40,5,26,7323888.144
5,40,5,26.1,6765286.506
5,40,5,26.2,4530879.954
5,40,5,26.3,7137687.598
5,40,5,26.4,5710150.078
5,40,5,26.5,7385954.993
5,40,5,26.6,7075620.749
5,40,5,26.7,7510088.69
5,40,5,26.8,5089481.592
5,40,5,26.9,6579085.96
5,40,5,27,6579085.96
5,40,5,27.1,5089481.592
5,40,5,27.2,6268751.717
5,40,5,27.3,5896350.625
5,40,5,27.4,6454952.263
5,40,5,27.5,5648083.23
5,40,5,27.6,5337748.986
5,40,5,27.7,6330818.565
5,40,5,27.8,4779147.348
5,40,5,27.9,7696289.236
5,40,5,28,4406746.256
5,40,5,28.1,4779147.348
5,40,5,28.2,5772216.927
5,40,5,28.3,5461882.684
5,40,5,28.4,6206684.868
5,40,5,28.5,4965347.894
5,40,5,28.6,6268751.717
5,40,5,28.7,5461882.684
5,40,5,28.8,4344679.408
5,40,5,28.9,5027414.743
5,40,5,29,4717080.5
5,40,5,29.1,5399815.835
5,40,5,29.2,4779147.348
5,40,5,29.3,4779147.348
5,40,5,29.4,4903281.046
5,40,5,29.5,5275682.138
5,40,5,29.6,4344679.408
5,40,5,29.7,4965347.894
5,40,5,29.8,4903281.046
5,40,5,29.9,3910211.467
5,40,5,30,5586016.381
5,40,5,30.1,4717080.5
5,40,5,30.2,4530879.954
5,40,5,30.3,4592946.802
5,40,5,30.4,5461882.684
5,40,5,30.5,4592946.802
5,40,5,30.6,3972278.315
5,40,5,30.7,5213615.289
5,40,5,30.8,5027414.743
5,40,5,30.9,4655013.651
5,40,5,31,4344679.408
5,40,5,31.1,4592946.802
5,40,5,31.2,4779147.348
5,40,5,31.3,4592946.802
5,40,5,31.4,3786077.769
5,40,5,31.5,4468813.105
5,40,5,31.6,2917141.888
5,40,5,31.7,4717080.5
5,40,5,31.8,4344679.408
5,40,5,31.9,3848144.618
5,40,5,32,3475743.526
5,40,5,32.1,3910211.467
5,40,5,32.2,4530879.954
5,40,5,32.3,4779147.348
5,40,5,32.4,4592946.802
5,40,5,32.5,3786077.769
5,40,5,32.6,4717080.5
5,40,5,32.7,3661944.072
5,40,5,32.8,3475743.526
5,40,5,32.9,3661944.072
5,40,5,33,3599877.223
5,40,5,33.1,2917141.888
5,40,5,33.2,4220545.71
5,40,5,33.3,3475743.526
5,40,5,33.4,2544740.796
5,40,5,33.5,3227476.131
5,40,5,33.6,3724010.921
5,40,5,33.7,2979208.737
5,40,5,33.8,3724010.921
5,40,5,33.9,3289542.98
5,40,5,34,3599877.223
5,40,5,34.1,2730941.342
5,40,5,34.2,3724010.921
5,40,5,34.3,3351609.829
5,40,5,34.4,3475743.526
5,40,5,34.5,2668874.493
5,40,5,34.6,3351609.829
5,40,5,34.7,2855075.039
5,40,5,34.8,3848144.618
5,40,5,34.9,3351609.829
5,40,5,35,2730941.342
5,40,5,35.1,3165409.283
5,40,5,35.2,2855075.039
5,40,5,35.3,3103342.434
5,40,5,35.4,2730941.342
5,40,5,35.5,2544740.796
5,40,5,35.6,2420607.098
5,40,5,35.7,2917141.888
5,40,5,35.8,2917141.888
5,40,5,35.9,1986139.158
5,40,5,36,2917141.888
5,40,5,36.1,2730941.342
5,40,5,36.2,1862005.46
5,40,5,36.3,2668874.493
5,40,5,36.4,2110272.855
5,40,5,36.5,2855075.039
5,40,5,36.6,1924072.309
5,40,5,36.7,2110272.855
5,40,5,36.8,1737871.763
5,40,5,36.9,1551671.217
5,40,5,37,1862005.46
5,40,5,37.1,2358540.25
5,40,5,37.2,1489604.368
5,40,5,37.3,1241336.974
5,40,5,37.4,1551671.217
5,40,5,37.5,1737871.763
5,40,5,37.6,1862005.46
5,40,5,37.7,1986139.158
5,40,5,37.8,1799938.612
5,40,5,37.9,1862005.46
5,40,5,38,1365470.671
5,40,5,38.1,1675804.914
5,40,5,38.2,1365470.671
5,40,5,38.3,1365470.671
5,40,5,38.4,1427537.52
5,40,5,38.5,1179270.125
5,40,5,38.6,868935.8815
5,40,5,38.7,1551671.217
5,40,5,38.8,931002.7302
5,40,5,38.9,1862005.46
5,40,5,39,1241336.974
5,40,5,39.1,868935.8815
5,40,5,39.2,1675804.914
5,40,5,39.3,806869.0328
5,40,5,39.4,1489604.368
5,40,5,39.5,372401.0921
5,40,5,39.6,744802.1842
5,40,5,39.7,744802.1842
5,40,5,39.8,620668.4868
5,40,5,39.9,434467.9408
5,40,5,40,186200.546
5,80,5,3.8,104427.4729
5,80,5,3.9,104427.4729
5,80,5,4,104427.4729
5,80,5,4.2,104427.4729
5,80,5,4.3,626564.8374
5,80,5,4.4,626564.8374
5,80,5,4.5,835419.7832
5,80,5,4.6,939847.2561
5,80,5,4.7,1253129.675
5,80,5,4.8,1253129.675
5,80,5,4.9,1984121.985
5,80,5,5,2401831.877
5,80,5,5.1,2088549.458
5,80,5,5.2,1566412.094
5,80,5,5.3,2506259.35
5,80,5,5.4,3654961.552
5,80,5,5.5,3759389.025
5,80,5,5.6,3863816.497
5,80,5,5.7,5116946.172
5,80,5,5.8,6161220.901
5,80,5,5.9,5847938.483
5,80,5,6,8563052.778
5,80,5,6.1,9920609.926
5,80,5,6.2,10129464.87
5,80,5,6.3,9189617.615
5,80,5,6.4,10964884.65
5,80,5,6.5,13366716.53
5,80,5,6.6,11487022.02
5,80,5,6.7,11278167.07
5,80,5,6.8,15350838.52
5,80,5,6.9,15455265.99
5,80,5,7,14933128.63
5,80,5,7.1,20467784.69
5,80,5,7.2,20781067.11
5,80,5,7.3,19214655.01
5,80,5,7.4,61403354.07
5,80,5,7.5,21616486.89
5,80,5,7.6,22765189.09
5,80,5,7.7,21407631.95
5,80,5,7.8,22243051.73
5,80,5,7.9,27882135.27
5,80,5,8,26106868.23
5,80,5,8.1,25271448.44
5,80,5,8.2,28195417.68
5,80,5,8.3,146407317
5,80,5,8.4,1052942209
5,80,5,8.5,32476944.07
5,80,5,8.6,33312363.86
5,80,5,8.7,32476944.07
5,80,5,8.8,49289767.21
5,80,5,8.9,37280607.83
5,80,5,9,35714195.73
5,80,5,9.1,37907172.66
5,80,5,9.2,37907172.66
5,80,5,9.3,35087630.9
5,80,5,9.4,41039996.85
5,80,5,9.5,81244573.92
5,80,5,9.6,57957247.46
5,80,5,9.7,723682387.2
5,80,5,9.8,97117549.8
5,80,5,9.9,74143505.76
5,80,5,10,340433561.7
5,80,5,10.1,46365797.97
5,80,5,10.2,42606408.94
5,80,5,10.3,19214655.01
5,80,5,10.4,17021678.08
5,80,5,10.5,18796945.12
5,80,5,10.6,20467784.69
5,80,5,10.7,16917250.61
5,80,5,10.8,19945647.32
5,80,5,10.9,21303204.47
5,80,5,11,23913891.29
5,80,5,11.1,19319082.49
5,80,5,11.2,20989922.05
5,80,5,11.3,109126709.2
5,80,5,11.4,23287326.46
5,80,5,11.5,22243051.73
5,80,5,11.6,23078471.51
5,80,5,11.7,24540456.13
5,80,5,11.8,17021678.08
5,80,5,11.9,15872975.88
5,80,5,12,15768548.41
5,80,5,12.1,17648242.92
5,80,5,12.2,14410991.26
5,80,5,12.3,14097708.84
5,80,5,12.4,14202136.31
5,80,5,12.5,14306563.79
5,80,5,12.6,15141983.57
5,80,5,12.7,15768548.41
5,80,5,12.8,16708395.66
5,80,5,12.9,14410991.26
5,80,5,13,17752670.39
5,80,5,13.1,15246411.04
5,80,5,13.2,17021678.08
5,80,5,13.3,16603968.19
5,80,5,13.4,18065952.81
5,80,5,13.5,19214655.01
5,80,5,13.6,18379235.23
5,80,5,13.7,16395113.25
5,80,5,13.8,17439387.97
5,80,5,13.9,18065952.81
5,80,5,14,18274807.76
5,80,5,14.1,17961525.34
5,80,5,14.2,19632364.91
5,80,5,14.3,22347479.2
5,80,5,14.4,17334960.5
5,80,5,14.5,18901372.6
5,80,5,14.6,19527937.43
5,80,5,14.7,22138624.26
5,80,5,14.8,20154502.27
5,80,5,14.9,22034196.78
5,80,5,15,20572212.16
5,80,5,15.1,21929769.31
5,80,5,15.2,19841219.85
5,80,5,15.3,20363357.22
5,80,5,15.4,22138624.26
5,80,5,15.5,23287326.46
5,80,5,15.6,22034196.78
5,80,5,15.7,23705036.35
5,80,5,15.8,22451906.67
5,80,5,15.9,22869616.57
5,80,5,16,21407631.95
5,80,5,16.1,20572212.16
5,80,5,16.2,24018318.77
5,80,5,16.3,23182898.98
5,80,5,16.4,25375875.92
5,80,5,16.5,25271448.44
5,80,5,16.6,21720914.36
5,80,5,16.7,23078471.51
5,80,5,16.8,25167020.97
5,80,5,16.9,23913891.29
5,80,5,17,22974044.04
5,80,5,17.1,24436028.66
5,80,5,17.2,25480303.39
5,80,5,17.3,20467784.69
5,80,5,17.4,21929769.31
5,80,5,17.5,23600608.88
5,80,5,17.6,21929769.31
5,80,5,17.7,23600608.88
5,80,5,17.8,23705036.35
5,80,5,17.9,21512059.42
5,80,5,18,25062593.5
5,80,5,18.1,23496181.4
5,80,5,18.2,22974044.04
5,80,5,18.3,24436028.66
5,80,5,18.4,24018318.77
5,80,5,18.5,25689158.33
5,80,5,18.6,24018318.77
5,80,5,18.7,22556334.15
5,80,5,18.8,22034196.78
5,80,5,18.9,24749311.08
5,80,5,19,25271448.44
5,80,5,19.1,22660761.62
5,80,5,19.2,23496181.4
5,80,5,19.3,25480303.39
5,80,5,19.4,22347479.2
5,80,5,19.5,24122746.24
5,80,5,19.6,23391753.93
5,80,5,19.7,26420150.64
5,80,5,19.8,20363357.22
5,80,5,19.9,23391753.93
5,80,5,20,23809463.82
5,80,5,20.1,20781067.11
5,80,5,20.2,25480303.39
5,80,5,20.3,24331601.19
5,80,5,20.4,26002440.75
5,80,5,20.5,23705036.35
5,80,5,20.6,23182898.98
5,80,5,20.7,22765189.09
5,80,5,20.8,24122746.24
5,80,5,20.9,22660761.62
5,80,5,21,24853738.55
5,80,5,21.1,22138624.26
5,80,5,21.2,26524578.12
5,80,5,21.3,24227173.71
5,80,5,21.4,21198777
5,80,5,21.5,24540456.13
5,80,5,21.6,21094349.53
5,80,5,21.7,23391753.93
5,80,5,21.8,20676639.63
5,80,5,21.9,28090990.21
5,80,5,22,22138624.26
5,80,5,22.1,23496181.4
5,80,5,22.2,22974044.04
5,80,5,22.3,23913891.29
5,80,5,22.4,23600608.88
5,80,5,22.5,25898013.28
5,80,5,22.6,22138624.26
5,80,5,22.7,25584730.86
5,80,5,22.8,21720914.36
5,80,5,22.9,23391753.93
5,80,5,23,22451906.67
5,80,5,23.1,22660761.62
5,80,5,23.2,21825341.84
5,80,5,23.3,23287326.46
5,80,5,23.4,20781067.11
5,80,5,23.5,22765189.09
5,80,5,23.6,23182898.98
5,80,5,23.7,23182898.98
5,80,5,23.8,21198777
5,80,5,23.9,24227173.71
5,80,5,24,23391753.93
5,80,5,24.1,22347479.2
5,80,5,24.2,21929769.31
5,80,5,24.3,23182898.98
5,80,5,24.4,22451906.67
5,80,5,24.5,23182898.98
5,80,5,24.6,21616486.89
5,80,5,24.7,21198777
5,80,5,24.8,25271448.44
5,80,5,24.9,21720914.36
5,80,5,25,23600608.88
5,80,5,25.1,19736792.38
5,80,5,25.2,20467784.69
5,80,5,25.3,22451906.67
5,80,5,25.4,21512059.42
5,80,5,25.5,23496181.4
5,80,5,25.6,23287326.46
5,80,5,25.7,21303204.47
5,80,5,25.8,20989922.05
5,80,5,25.9,23182898.98
5,80,5,26,21616486.89
5,80,5,26.1,17334960.5
5,80,5,26.2,21512059.42
5,80,5,26.3,22660761.62
5,80,5,26.4,19319082.49
5,80,5,26.5,20885494.58
5,80,5,26.6,19005800.07
5,80,5,26.7,22138624.26
5,80,5,26.8,20989922.05
5,80,5,26.9,19841219.85
5,80,5,27,19110227.54
5,80,5,27.1,22765189.09
5,80,5,27.2,21616486.89
5,80,5,27.3,18901372.6
5,80,5,27.4,21720914.36
5,80,5,27.5,21407631.95
5,80,5,27.6,19110227.54
5,80,5,27.7,17857097.87
5,80,5,27.8,21407631.95
5,80,5,27.9,15246411.04
5,80,5,28,19736792.38
5,80,5,28.1,17752670.39
5,80,5,28.2,22451906.67
5,80,5,28.3,19527937.43
5,80,5,28.4,19736792.38
5,80,5,28.5,20885494.58
5,80,5,28.6,19423509.96
5,80,5,28.7,17648242.92
5,80,5,28.8,17752670.39
5,80,5,28.9,18274807.76
5,80,5,29,16603968.19
5,80,5,29.1,17648242.92
5,80,5,29.2,18692517.65
5,80,5,29.3,19110227.54
5,80,5,29.4,20154502.27
5,80,5,29.5,19423509.96
5,80,5,29.6,18379235.23
5,80,5,29.7,17126105.56
5,80,5,29.8,19736792.38
5,80,5,29.9,18379235.23
5,80,5,30,19319082.49
5,80,5,30.1,20572212.16
5,80,5,30.2,19005800.07
5,80,5,30.3,19319082.49
5,80,5,30.4,17543815.45
5,80,5,30.5,18588090.18
5,80,5,30.6,17961525.34
5,80,5,30.7,15977403.35
5,80,5,30.8,16812823.14
5,80,5,30.9,17334960.5
5,80,5,31,16708395.66
5,80,5,31.1,15246411.04
5,80,5,31.2,15455265.99
5,80,5,31.3,18796945.12
5,80,5,31.4,20154502.27
5,80,5,31.5,18901372.6
5,80,5,31.6,15141983.57
5,80,5,31.7,15037556.1
5,80,5,31.8,17334960.5
5,80,5,31.9,19841219.85
5,80,5,32,16186258.3
5,80,5,32.1,19214655.01
5,80,5,32.2,18065952.81
5,80,5,32.3,17752670.39
5,80,5,32.4,14828701.15
5,80,5,32.5,16708395.66
5,80,5,32.6,17126105.56
5,80,5,32.7,16186258.3
5,80,5,32.8,16812823.14
5,80,5,32.9,16917250.61
5,80,5,33,15037556.1
5,80,5,33.1,20676639.63
5,80,5,33.2,17126105.56
5,80,5,33.3,13679998.95
5,80,5,33.4,14724273.68
5,80,5,33.5,18170380.29
5,80,5,33.6,15350838.52
5,80,5,33.7,15037556.1
5,80,5,33.8,14828701.15
5,80,5,33.9,14933128.63
5,80,5,34,16395113.25
5,80,5,34.1,16290685.77
5,80,5,34.2,14828701.15
5,80,5,34.3,12426869.28
5,80,5,34.4,14306563.79
5,80,5,34.5,15246411.04
5,80,5,34.6,16499540.72
5,80,5,34.7,14828701.15
5,80,5,34.8,13262289.06
5,80,5,34.9,14724273.68
5,80,5,35,13366716.53
5,80,5,35.1,14724273.68
5,80,5,35.2,15872975.88
5,80,5,35.3,15455265.99
5,80,5,35.4,16081830.83
5,80,5,35.5,15977403.35
5,80,5,35.6,15664120.94
5,80,5,35.7,15977403.35
5,80,5,35.8,15664120.94
5,80,5,35.9,15141983.57
5,80,5,36,13575571.48
5,80,5,36.1,14515418.73
5,80,5,36.2,13784426.42
5,80,5,36.3,14515418.73
5,80,5,36.4,14619846.21
5,80,5,36.5,15141983.57
5,80,5,36.6,15037556.1
5,80,5,36.7,12635724.22
5,80,5,36.8,14410991.26
5,80,5,36.9,11382594.55
5,80,5,37,15664120.94
5,80,5,37.1,12218014.33
5,80,5,37.2,11695876.97
5,80,5,37.3,14828701.15
5,80,5,37.4,16081830.83
5,80,5,37.5,14515418.73
5,80,5,37.6,13575571.48
5,80,5,37.7,12740151.69
5,80,5,37.8,13679998.95
5,80,5,37.9,12009159.38
5,80,5,38,11487022.02
5,80,5,38.1,15246411.04
5,80,5,38.2,11487022.02
5,80,5,38.3,13262289.06
5,80,5,38.4,13053434.11
5,80,5,38.5,11069312.13
5,80,5,38.6,13993281.37
5,80,5,38.7,12844579.17
5,80,5,38.8,12635724.22
5,80,5,38.9,12113586.86
5,80,5,39,13784426.42
5,80,5,39.1,15141983.57
5,80,5,39.2,13679998.95
5,80,5,39.3,12635724.22
5,80,5,39.4,11591449.49
5,80,5,39.5,11278167.07
5,80,5,39.6,13157861.59
5,80,5,39.7,13993281.37
5,80,5,39.8,9502900.034
5,80,5,39.9,10025037.4
5,80,5,40,11695876.97
5,80,5,40.1,11069312.13
5,80,5,40.2,13053434.11
5,80,5,40.3,12426869.28
5,80,5,40.4,13679998.95
5,80,5,40.5,12531296.75
5,80,5,40.6,13993281.37
5,80,5,40.7,12949006.64
5,80,5,40.8,11069312.13
5,80,5,40.9,10547174.76
5,80,5,41,10651602.24
5,80,5,41.1,12740151.69
5,80,5,41.2,10338319.82
5,80,5,41.3,10860457.18
5,80,5,41.4,11173739.6
5,80,5,41.5,10442747.29
5,80,5,41.6,12426869.28
5,80,5,41.7,10233892.34
5,80,5,41.8,10129464.87
5,80,5,41.9,10233892.34
5,80,5,42,12949006.64
5,80,5,42.1,10651602.24
5,80,5,42.2,12949006.64
5,80,5,42.3,11069312.13
5,80,5,42.4,9607327.507
5,80,5,42.5,12426869.28
5,80,5,42.6,11591449.49
5,80,5,42.7,11800304.44
5,80,5,42.8,9085190.143
5,80,5,42.9,8876335.197
5,80,5,43,12322441.8
5,80,5,43.1,9398472.561
5,80,5,43.2,10442747.29
5,80,5,43.3,10547174.76
5,80,5,43.4,10442747.29
5,80,5,43.5,12531296.75
5,80,5,43.6,11278167.07
5,80,5,43.7,10860457.18
5,80,5,43.8,10651602.24
5,80,5,43.9,9711754.98
5,80,5,44,9398472.561
5,80,5,44.1,9502900.034
5,80,5,44.2,10442747.29
5,80,5,44.3,12322441.8
5,80,5,44.4,9920609.926
5,80,5,44.5,12113586.86
5,80,5,44.6,9920609.926
5,80,5,44.7,9816182.453
5,80,5,44.8,8876335.197
5,80,5,44.9,11591449.49
5,80,5,45,8876335.197
5,80,5,45.1,10442747.29
5,80,5,45.2,8980762.67
5,80,5,45.3,9607327.507
5,80,5,45.4,8771907.724
5,80,5,45.5,9711754.98
5,80,5,45.6,11069312.13
5,80,5,45.7,11591449.49
5,80,5,45.8,11487022.02
5,80,5,45.9,8667480.251
5,80,5,46,8876335.197
5,80,5,46.1,11800304.44
5,80,5,46.2,10651602.24
5,80,5,46.3,9816182.453
5,80,5,46.4,9294045.088
5,80,5,46.5,10338319.82
5,80,5,46.6,8771907.724
5,80,5,46.7,10025037.4
5,80,5,46.8,10233892.34
5,80,5,46.9,8354197.832
5,80,5,47,8249770.359
5,80,5,47.1,9502900.034
5,80,5,47.2,9085190.143
5,80,5,47.3,8249770.359
5,80,5,47.4,9502900.034
5,80,5,47.5,9711754.98
5,80,5,47.6,7727632.995
5,80,5,47.7,9502900.034
5,80,5,47.8,9607327.507
5,80,5,47.9,8145342.886
5,80,5,48,8876335.197
5,80,5,48.1,8249770.359
5,80,5,48.2,8249770.359
5,80,5,48.3,10964884.65
5,80,5,48.4,10025037.4
5,80,5,48.5,7936487.941
5,80,5,48.6,9398472.561
5,80,5,48.7,9711754.98
5,80,5,48.8,8980762.67
5,80,5,48.9,9607327.507
5,80,5,49,6892213.212
5,80,5,49.1,9607327.507
5,80,5,49.2,8563052.778
5,80,5,49.3,7936487.941
5,80,5,49.4,7727632.995
5,80,5,49.5,9085190.143
5,80,5,49.6,8771907.724
5,80,5,49.7,7727632.995
5,80,5,49.8,6683358.266
5,80,5,49.9,7623205.522
5,80,5,50,8145342.886
5,80,5,50.1,9607327.507
5,80,5,50.2,7727632.995
5,80,5,50.3,6996640.684
5,80,5,50.4,7936487.941
5,80,5,50.5,7101068.157
5,80,5,50.6,8876335.197
5,80,5,50.7,7205495.63
5,80,5,50.8,7309923.103
5,80,5,50.9,9189617.615
5,80,5,51,8249770.359
5,80,5,51.1,7101068.157
5,80,5,51.2,7101068.157
5,80,5,51.3,9502900.034
5,80,5,51.4,8771907.724
5,80,5,51.5,7101068.157
5,80,5,51.6,7309923.103
5,80,5,51.7,6683358.266
5,80,5,51.8,7936487.941
5,80,5,51.9,7414350.576
5,80,5,52,7414350.576
5,80,5,52.1,7205495.63
5,80,5,52.2,7727632.995
5,80,5,52.3,6787785.739
5,80,5,52.4,6892213.212
5,80,5,52.5,7936487.941
5,80,5,52.6,6578930.793
5,80,5,52.7,7205495.63
5,80,5,52.8,6996640.684
5,80,5,52.9,6683358.266
5,80,5,53,7727632.995
5,80,5,53.1,6370075.847
5,80,5,53.2,6474503.32
5,80,5,53.3,6892213.212
5,80,5,53.4,7101068.157
5,80,5,53.5,7936487.941
5,80,5,53.6,7309923.103
5,80,5,53.7,6265648.374
5,80,5,53.8,7518778.049
5,80,5,53.9,8040915.414
5,80,5,54,6161220.901
5,80,5,54.1,7832060.468
5,80,5,54.2,6892213.212
5,80,5,54.3,7101068.157
5,80,5,54.4,6683358.266
5,80,5,54.5,6474503.32
5,80,5,54.6,6787785.739
5,80,5,54.7,6787785.739
5,80,5,54.8,5847938.483
5,80,5,54.9,5952365.955
5,80,5,55,8040915.414
5,80,5,55.1,6578930.793
5,80,5,55.2,6370075.847
5,80,5,55.3,6683358.266
5,80,5,55.4,6683358.266
5,80,5,55.5,6161220.901
5,80,5,55.6,8145342.886
5,80,5,55.7,7518778.049
5,80,5,55.8,5952365.955
5,80,5,55.9,6265648.374
5,80,5,56,4908091.226
5,80,5,56.1,5952365.955
5,80,5,56.2,5221373.645
5,80,5,56.3,6683358.266
5,80,5,56.4,6265648.374
5,80,5,56.5,6265648.374
5,80,5,56.6,5743511.01
5,80,5,56.7,5221373.645
5,80,5,56.8,5952365.955
5,80,5,56.9,6265648.374
5,80,5,57,5221373.645
5,80,5,57.1,5952365.955
5,80,5,57.2,4385953.862
5,80,5,57.3,6370075.847
5,80,5,57.4,5743511.01
5,80,5,57.5,5221373.645
5,80,5,57.6,5325801.118
5,80,5,57.7,6056793.428
5,80,5,57.8,5534656.064
5,80,5,57.9,6474503.32
5,80,5,58,5952365.955
5,80,5,58.1,13366716.53
5,80,5,58.2,5952365.955
5,80,5,58.3,5639083.537
5,80,5,58.4,6056793.428
5,80,5,58.5,5743511.01
5,80,5,58.6,4072671.443
5,80,5,58.7,5430228.591
5,80,5,58.8,4803663.754
5,80,5,58.9,4803663.754
5,80,5,59,5952365.955
5,80,5,59.1,4908091.226
5,80,5,59.2,3968243.97
5,80,5,59.3,5221373.645
5,80,5,59.4,5952365.955
5,80,5,59.5,17439387.97
5,80,5,59.6,6578930.793
5,80,5,59.7,5012518.699
5,80,5,59.8,5534656.064
5,80,5,59.9,4490381.335
5,80,5,60,4908091.226
5,80,5,60.1,5325801.118
5,80,5,60.2,5743511.01
5,80,5,60.3,6056793.428
5,80,5,60.4,5430228.591
5,80,5,60.5,4908091.226
5,80,5,60.6,5534656.064
5,80,5,60.7,5012518.699
5,80,5,60.8,5847938.483
5,80,5,60.9,4072671.443
5,80,5,61,5639083.537
5,80,5,61.1,4385953.862
5,80,5,61.2,5116946.172
5,80,5,61.3,5847938.483
5,80,5,61.4,5325801.118
5,80,5,61.5,4072671.443
5,80,5,61.6,4908091.226
5,80,5,61.7,5325801.118
5,80,5,61.8,4803663.754
5,80,5,61.9,4177098.916
5,80,5,62,4385953.862
5,80,5,62.1,5012518.699
5,80,5,62.2,4803663.754
5,80,5,62.3,5534656.064
5,80,5,62.4,4385953.862
5,80,5,62.5,4281526.389
5,80,5,62.6,4908091.226
5,80,5,62.7,5221373.645
5,80,5,62.8,3550534.079
5,80,5,62.9,4281526.389
5,80,5,63,4490381.335
5,80,5,63.1,3446106.606
5,80,5,63.2,4699236.281
5,80,5,63.3,5430228.591
5,80,5,63.4,3446106.606
5,80,5,63.5,3550534.079
5,80,5,63.6,4177098.916
5,80,5,63.7,3968243.97
5,80,5,63.8,4803663.754
5,80,5,63.9,6056793.428
5,80,5,64,4177098.916
5,80,5,64.1,4803663.754
5,80,5,64.2,4072671.443
5,80,5,64.3,4594808.808
5,80,5,64.4,4281526.389
5,80,5,64.5,5430228.591
5,80,5,64.6,3654961.552
5,80,5,64.7,4699236.281
5,80,5,64.8,3237251.66
5,80,5,64.9,4594808.808
5,80,5,65,4177098.916
5,80,5,65.1,4072671.443
5,80,5,65.2,3968243.97
5,80,5,65.3,4177098.916
5,80,5,65.4,3968243.97
5,80,5,65.5,3968243.97
5,80,5,65.6,4281526.389
5,80,5,65.7,3132824.187
5,80,5,65.8,4072671.443
5,80,5,65.9,3132824.187
5,80,5,66,3759389.025
5,80,5,66.1,4699236.281
5,80,5,66.2,3237251.66
5,80,5,66.3,3028396.714
5,80,5,66.4,3446106.606
5,80,5,66.5,4177098.916
5,80,5,66.6,4385953.862
5,80,5,66.7,4177098.916
5,80,5,66.8,2715114.295
5,80,5,66.9,4072671.443
5,80,5,67,3237251.66
5,80,5,67.1,5534656.064
5,80,5,67.2,3654961.552
5,80,5,67.3,3863816.497
5,80,5,67.4,4490381.335
5,80,5,67.5,3341679.133
5,80,5,67.6,3446106.606
5,80,5,67.7,3863816.497
5,80,5,67.8,4072671.443
5,80,5,67.9,5012518.699
5,80,5,68,3341679.133
5,80,5,68.1,4594808.808
5,80,5,68.2,3028396.714
5,80,5,68.3,2923969.241
5,80,5,68.4,2297404.404
5,80,5,68.5,3968243.97
5,80,5,68.6,3028396.714
5,80,5,68.7,2923969.241
5,80,5,68.8,2923969.241
5,80,5,68.9,2192976.931
5,80,5,69,2297404.404
5,80,5,69.1,3654961.552
5,80,5,69.2,3237251.66
5,80,5,69.3,2610686.823
5,80,5,69.4,2715114.295
5,80,5,69.5,2819541.768
5,80,5,69.6,2923969.241
5,80,5,69.7,2923969.241
5,80,5,69.8,2401831.877
5,80,5,69.9,2401831.877
5,80,5,70,1984121.985
5,80,5,70.1,4177098.916
5,80,5,70.2,2923969.241
5,80,5,70.3,2506259.35
5,80,5,70.4,2297404.404
5,80,5,70.5,2506259.35
5,80,5,70.6,2088549.458
5,80,5,70.7,2192976.931
5,80,5,70.8,2401831.877
5,80,5,70.9,2192976.931
5,80,5,71,3654961.552
5,80,5,71.1,2610686.823
5,80,5,71.2,2401831.877
5,80,5,71.3,2297404.404
5,80,5,71.4,2923969.241
5,80,5,71.5,1984121.985
5,80,5,71.6,2297404.404
5,80,5,71.7,3028396.714
5,80,5,71.8,2923969.241
5,80,5,71.9,2297404.404
5,80,5,72,2297404.404
5,80,5,72.1,2088549.458
5,80,5,72.2,2401831.877
5,80,5,72.3,2610686.823
5,80,5,72.4,1984121.985
5,80,5,72.5,2819541.768
5,80,5,72.6,2610686.823
5,80,5,72.7,2192976.931
5,80,5,72.8,3341679.133
5,80,5,72.9,1670839.566
5,80,5,73,2192976.931
5,80,5,73.1,2297404.404
5,80,5,73.2,1775267.039
5,80,5,73.3,1984121.985
5,80,5,73.4,2297404.404
5,80,5,73.5,2819541.768
5,80,5,73.6,1775267.039
5,80,5,73.7,1984121.985
5,80,5,73.8,2610686.823
5,80,5,73.9,1879694.512
5,80,5,74,2401831.877
5,80,5,74.1,1566412.094
5,80,5,74.2,2401831.877
5,80,5,74.3,1148702.202
5,80,5,74.4,1461984.621
5,80,5,74.5,1253129.675
5,80,5,74.6,1670839.566
5,80,5,74.7,1775267.039
5,80,5,74.8,1879694.512
5,80,5,74.9,1461984.621
5,80,5,75,1461984.621
5,80,5,75.1,1984121.985
5,80,5,75.2,1984121.985
5,80,5,75.3,2401831.877
5,80,5,75.4,1461984.621
5,80,5,75.5,1670839.566
5,80,5,75.6,1253129.675
5,80,5,75.7,1670839.566
5,80,5,75.8,1775267.039
5,80,5,75.9,1357557.148
5,80,5,76,2297404.404
5,80,5,76.1,1566412.094
5,80,5,76.2,1566412.094
5,80,5,76.3,730992.3103
5,80,5,76.4,1566412.094
5,80,5,76.5,1357557.148
5,80,5,76.6,1148702.202
5,80,5,76.7,730992.3103
5,80,5,76.8,939847.2561
5,80,5,76.9,1148702.202
5,80,5,77,1044274.729
5,80,5,77.1,939847.2561
5,80,5,77.2,522137.3645
5,80,5,77.3,1357557.148
5,80,5,77.4,939847.2561
5,80,5,77.5,626564.8374
5,80,5,77.6,1253129.675
5,80,5,77.7,939847.2561
5,80,5,77.8,835419.7832
5,80,5,77.9,939847.2561
5,80,5,78,1148702.202
5,80,5,78.1,522137.3645
5,80,5,78.2,1253129.675
5,80,5,78.3,1148702.202
5,80,5,78.4,1148702.202
5,80,5,78.5,417709.8916
5,80,5,78.6,208854.9458
5,80,5,78.7,522137.3645
5,80,5,78.8,835419.7832
5,80,5,78.9,626564.8374
5,80,5,79,313282.4187
5,80,5,79.1,208854.9458
5,80,5,79.2,522137.3645
5,80,5,79.3,417709.8916
5,80,5,79.4,522137.3645
5,80,5,79.5,313282.4187
5,80,5,79.6,522137.3645
5,80,5,79.7,313282.4187
5,80,5,79.8,313282.4187
5,80,5,79.9,313282.4187
5,80,5,80,104427.4729
5,150,5,2.9,125816.2324
5,150,5,3,125816.2324
5,150,5,3.4,125816.2324
5,150,5,3.5,503264.9297
5,150,5,3.6,629081.1621
5,150,5,3.7,629081.1621
5,150,5,3.8,1258162.324
5,150,5,3.9,2390508.416
5,150,5,4,1258162.324
5,150,5,4.1,1761427.254
5,150,5,4.2,2516324.648
5,150,5,4.3,5032649.297
5,150,5,4.4,5032649.297
5,150,5,4.5,4151935.67
5,150,5,4.6,5158465.529
5,150,5,4.7,7171525.248
5,150,5,4.8,7674790.177
5,150,5,4.9,7548973.945
5,150,5,5,11449277.15
5,150,5,5.1,13588153.1
5,150,5,5.2,14343050.5
5,150,5,5.3,15601212.82
5,150,5,5.4,15978661.52
5,150,5,5.5,15727029.05
5,150,5,5.6,16985191.38
5,150,5,5.7,19249883.56
5,150,5,5.8,21262943.28
5,150,5,5.9,22269473.14
5,150,5,6,22646921.83
5,150,5,6.1,26673041.27
5,150,5,6.2,24785797.79
5,150,5,6.3,30070079.55
5,150,5,6.4,30195895.78
5,150,5,6.5,33467117.82
5,150,5,6.6,38122318.42
5,150,5,6.7,36864156.1
5,150,5,6.8,43909865.11
5,150,5,6.9,33970382.75
5,150,5,7,41645172.93
5,150,5,7.1,46677822.23
5,150,5,7.2,45797108.6
5,150,5,7.3,43784048.88
5,150,5,7.4,143053056.3
5,150,5,7.5,52842817.61
5,150,5,7.6,54604244.87
5,150,5,7.7,48061800.78
5,150,5,7.8,51962103.99
5,150,5,7.9,50829757.89
5,150,5,8,52842817.61
5,150,5,8.1,56239855.89
5,150,5,8.2,57498018.21
5,150,5,8.3,304726914.9
5,150,5,8.4,2246071381
5,150,5,8.5,65801889.55
5,150,5,8.6,61020872.72
5,150,5,8.7,68444030.43
5,150,5,8.8,92978195.75
5,150,5,8.9,64292094.76
5,150,5,9,63788829.83
5,150,5,9.1,64417911
5,150,5,9.2,63788829.83
5,150,5,9.3,60265975.33
5,150,5,9.4,57498018.21
5,150,5,9.5,157396106.7
5,150,5,9.6,107069613.8
5,150,5,9.7,1493187046
5,150,5,9.8,188346899.9
5,150,5,9.9,131855411.6
5,150,5,10,633736362.7
5,150,5,10.1,75741371.91
5,150,5,10.2,84296875.72
5,150,5,10.3,40638643.07
5,150,5,10.4,41519356.7
5,150,5,10.5,45797108.6
5,150,5,10.6,47055270.92
5,150,5,10.7,41393540.46
5,150,5,10.8,40638643.07
5,150,5,10.9,44287313.81
5,150,5,11,50829757.89
5,150,5,11.1,46552005.99
5,150,5,11.2,47055270.92
5,150,5,11.3,247480529.2
5,150,5,11.4,47181087.15
5,150,5,11.5,47810168.32
5,150,5,11.6,53849347.47
5,150,5,11.7,53220266.31
5,150,5,11.8,43406600.18
5,150,5,11.9,37493237.26
5,150,5,12,44413130.04
5,150,5,12.1,38122318.42
5,150,5,12.2,37241604.79
5,150,5,12.3,35857626.24
5,150,5,12.4,38122318.42
5,150,5,12.5,35354361.31
5,150,5,12.6,39128848.28
5,150,5,12.7,34222015.22
5,150,5,12.8,39128848.28
5,150,5,12.9,35857626.24
5,150,5,13,37744869.72
5,150,5,13.1,40890275.53
5,150,5,13.2,41267724.23
5,150,5,13.3,35857626.24
5,150,5,13.4,38122318.42
5,150,5,13.5,38122318.42
5,150,5,13.6,40135378.14
5,150,5,13.7,39632113.21
5,150,5,13.8,41141908
5,150,5,13.9,36989972.33
5,150,5,14,43029151.49
5,150,5,14.1,42903335.25
5,150,5,14.2,43154967.72
5,150,5,14.3,43784048.88
5,150,5,14.4,44035681.34
5,150,5,14.5,39380480.75
5,150,5,14.6,40009561.91
5,150,5,14.7,39254664.51
5,150,5,14.8,41267724.23
5,150,5,14.9,40261194.37
5,150,5,15,41770989.16
5,150,5,15.1,44035681.34
5,150,5,15.2,42651702.79
5,150,5,15.3,42777519.02
5,150,5,15.4,47684352.08
5,150,5,15.5,39757929.44
5,150,5,15.6,42274254.09
5,150,5,15.7,42022621.63
5,150,5,15.8,40009561.91
5,150,5,15.9,41393540.46
5,150,5,16,44161497.58
5,150,5,16.1,45168027.44
5,150,5,16.2,41645172.93
5,150,5,16.3,41896805.39
5,150,5,16.4,41770989.16
5,150,5,16.5,45168027.44
5,150,5,16.6,42148437.86
5,150,5,16.7,42651702.79
5,150,5,16.8,43532416.41
5,150,5,16.9,39128848.28
5,150,5,17,43029151.49
5,150,5,17.1,39757929.44
5,150,5,17.2,42274254.09
5,150,5,17.3,45168027.44
5,150,5,17.4,37870685.96
5,150,5,17.5,40638643.07
5,150,5,17.6,44287313.81
5,150,5,17.7,39883745.67
5,150,5,17.8,46677822.23
5,150,5,17.9,47181087.15
5,150,5,18,41267724.23
5,150,5,18.1,41770989.16
5,150,5,18.2,47181087.15
5,150,5,18.3,40764459.3
5,150,5,18.4,43658232.65
5,150,5,18.5,44161497.58
5,150,5,18.6,43406600.18
5,150,5,18.7,48942514.41
5,150,5,18.8,43029151.49
5,150,5,18.9,41267724.23
5,150,5,19,45042211.2
5,150,5,19.1,38877215.82
5,150,5,19.2,37744869.72
5,150,5,19.3,44035681.34
5,150,5,19.4,40261194.37
5,150,5,19.5,40764459.3
5,150,5,19.6,44035681.34
5,150,5,19.7,45922924.83
5,150,5,19.8,41645172.93
5,150,5,19.9,41645172.93
5,150,5,20,43784048.88
5,150,5,20.1,46174557.3
5,150,5,20.2,39632113.21
5,150,5,20.3,44161497.58
5,150,5,20.4,36864156.1
5,150,5,20.5,43406600.18
5,150,5,20.6,41016091.77
5,150,5,20.7,43280783.95
5,150,5,20.8,42777519.02
5,150,5,20.9,41267724.23
5,150,5,21,40387010.6
5,150,5,21.1,39632113.21
5,150,5,21.2,39883745.67
5,150,5,21.3,43532416.41
5,150,5,21.4,38625583.35
5,150,5,21.5,37367421.03
5,150,5,21.6,41645172.93
5,150,5,21.7,39883745.67
5,150,5,21.8,37744869.72
5,150,5,21.9,41141908
5,150,5,22,41016091.77
5,150,5,22.1,41519356.7
5,150,5,22.2,39757929.44
5,150,5,22.3,41267724.23
5,150,5,22.4,44664762.51
5,150,5,22.5,39757929.44
5,150,5,22.6,40638643.07
5,150,5,22.7,37619053.49
5,150,5,22.8,37493237.26
5,150,5,22.9,39380480.75
5,150,5,23,38248134.65
5,150,5,23.1,41519356.7
5,150,5,23.2,42022621.63
5,150,5,23.3,40261194.37
5,150,5,23.4,37744869.72
5,150,5,23.5,42903335.25
5,150,5,23.6,42903335.25
5,150,5,23.7,36360891.17
5,150,5,23.8,37241604.79
5,150,5,23.9,38625583.35
5,150,5,24,41267724.23
5,150,5,24.1,39757929.44
5,150,5,24.2,39632113.21
5,150,5,24.3,41896805.39
5,150,5,24.4,38877215.82
5,150,5,24.5,37115788.56
5,150,5,24.6,39757929.44
5,150,5,24.7,37870685.96
5,150,5,24.8,40638643.07
5,150,5,24.9,36486707.4
5,150,5,25,35102728.84
5,150,5,25.1,31957323.03
5,150,5,25.2,37241604.79
5,150,5,25.3,33089669.12
5,150,5,25.4,36360891.17
5,150,5,25.5,37870685.96
5,150,5,25.6,34851096.38
5,150,5,25.7,34725280.15
5,150,5,25.8,35102728.84
5,150,5,25.9,37241604.79
5,150,5,26,35354361.31
5,150,5,26.1,37996502.19
5,150,5,26.2,33844566.52
5,150,5,26.3,37493237.26
5,150,5,26.4,36864156.1
5,150,5,26.5,35605993.77
5,150,5,26.6,34473647.68
5,150,5,26.7,36864156.1
5,150,5,26.8,36235074.94
5,150,5,26.9,35102728.84
5,150,5,27,36864156.1
5,150,5,27.1,36109258.7
5,150,5,27.2,31831506.8
5,150,5,27.3,34725280.15
5,150,5,27.4,33089669.12
5,150,5,27.5,32460587.96
5,150,5,27.6,34725280.15
5,150,5,27.7,33467117.82
5,150,5,27.8,36486707.4
5,150,5,27.9,33215485.36
5,150,5,28,31831506.8
5,150,5,28.1,35605993.77
5,150,5,28.2,29692630.85
5,150,5,28.3,37367421.03
5,150,5,28.4,29189365.92
5,150,5,28.5,32083139.27
5,150,5,28.6,34222015.22
5,150,5,28.7,34976912.61
5,150,5,28.8,34725280.15
5,150,5,28.9,32460587.96
5,150,5,29,30195895.78
5,150,5,29.1,32083139.27
5,150,5,29.2,30573344.48
5,150,5,29.3,33970382.75
5,150,5,29.4,31454058.1
5,150,5,29.5,31454058.1
5,150,5,29.6,31579874.34
5,150,5,29.7,29063549.69
5,150,5,29.8,29944263.31
5,150,5,29.9,29063549.69
5,150,5,30,33089669.12
5,150,5,30.1,29818447.08
5,150,5,30.2,30070079.55
5,150,5,30.3,33592934.05
5,150,5,30.4,30195895.78
5,150,5,30.5,32083139.27
5,150,5,30.6,30321712.01
5,150,5,30.7,30447528.24
5,150,5,30.8,32083139.27
5,150,5,30.9,30447528.24
5,150,5,31,25918143.88
5,150,5,31.1,26924673.74
5,150,5,31.2,28811917.22
5,150,5,31.3,28560284.76
5,150,5,31.4,28937733.46
5,150,5,31.5,31957323.03
5,150,5,31.6,28686100.99
5,150,5,31.7,28937733.46
5,150,5,31.8,30573344.48
5,150,5,31.9,30070079.55
5,150,5,32,28686100.99
5,150,5,32.1,30321712.01
5,150,5,32.2,30070079.55
5,150,5,32.3,28686100.99
5,150,5,32.4,27931203.6
5,150,5,32.5,29566814.62
5,150,5,32.6,29944263.31
5,150,5,32.7,23779267.93
5,150,5,32.8,29440998.38
5,150,5,32.9,27176306.2
5,150,5,33,26421408.81
5,150,5,33.1,25037430.25
5,150,5,33.2,30447528.24
5,150,5,33.3,29063549.69
5,150,5,33.4,30070079.55
5,150,5,33.5,27679571.13
5,150,5,33.6,28811917.22
5,150,5,33.7,30699160.71
5,150,5,33.8,28811917.22
5,150,5,33.9,27805387.36
5,150,5,34,27302122.43
5,150,5,34.1,29315182.15
5,150,5,34.2,29189365.92
5,150,5,34.3,26798857.5
5,150,5,34.4,25918143.88
5,150,5,34.5,29944263.31
5,150,5,34.6,26169776.34
5,150,5,34.7,25037430.25
5,150,5,34.8,26547225.04
5,150,5,34.9,29063549.69
5,150,5,35,27427938.67
5,150,5,35.1,25792327.64
5,150,5,35.2,26295592.57
5,150,5,35.3,24911614.02
5,150,5,35.4,27931203.6
5,150,5,35.5,23527635.46
5,150,5,35.6,27050489.97
5,150,5,35.7,25163246.48
5,150,5,35.8,26295592.57
5,150,5,35.9,26169776.34
5,150,5,36,27302122.43
5,150,5,36.1,22395289.37
5,150,5,36.2,23276003
5,150,5,36.3,25792327.64
5,150,5,36.4,25918143.88
5,150,5,36.5,23653451.69
5,150,5,36.6,24911614.02
5,150,5,36.7,27931203.6
5,150,5,36.8,27176306.2
5,150,5,36.9,24408349.09
5,150,5,37,26295592.57
5,150,5,37.1,21640391.98
5,150,5,37.2,24408349.09
5,150,5,37.3,28811917.22
5,150,5,37.4,25540695.18
5,150,5,37.5,26798857.5
5,150,5,37.6,23401819.23
5,150,5,37.7,26169776.34
5,150,5,37.8,28182836.06
5,150,5,37.9,22143656.9
5,150,5,38,24282532.86
5,150,5,38.1,23905084.16
5,150,5,38.2,26673041.27
5,150,5,38.3,23653451.69
5,150,5,38.4,26673041.27
5,150,5,38.5,26295592.57
5,150,5,38.6,23779267.93
5,150,5,38.7,24659981.55
5,150,5,38.8,23150186.76
5,150,5,38.9,25918143.88
5,150,5,39,23527635.46
5,150,5,39.1,22772738.07
5,150,5,39.2,21262943.28
5,150,5,39.3,22772738.07
5,150,5,39.4,25289062.72
5,150,5,39.5,21892024.44
5,150,5,39.6,24282532.86
5,150,5,39.7,23276003
5,150,5,39.8,21514575.74
5,150,5,39.9,23150186.76
5,150,5,40,22395289.37
5,150,5,40.1,21514575.74
5,150,5,40.2,26547225.04
5,150,5,40.3,21514575.74
5,150,5,40.4,20633862.12
5,150,5,40.5,20759678.35
5,150,5,40.6,20382229.65
5,150,5,40.7,24282532.86
5,150,5,40.8,24911614.02
5,150,5,40.9,23024370.53
5,150,5,41,24282532.86
5,150,5,41.1,21137127.05
5,150,5,41.2,24156716.62
5,150,5,41.3,21388759.51
5,150,5,41.4,20759678.35
5,150,5,41.5,24785797.79
5,150,5,41.6,21262943.28
5,150,5,41.7,18872434.86
5,150,5,41.8,21640391.98
5,150,5,41.9,21766208.21
5,150,5,42,21514575.74
5,150,5,42.1,17740088.77
5,150,5,42.2,19375699.79
5,150,5,42.3,24534165.32
5,150,5,42.4,21766208.21
5,150,5,42.5,20508045.88
5,150,5,42.6,22017840.67
5,150,5,42.7,22017840.67
5,150,5,42.8,24534165.32
5,150,5,42.9,23653451.69
5,150,5,43,18117537.47
5,150,5,43.1,18746618.63
5,150,5,43.2,19878964.72
5,150,5,43.3,20633862.12
5,150,5,43.4,21137127.05
5,150,5,43.5,19878964.72
5,150,5,43.6,20004780.95
5,150,5,43.7,21137127.05
5,150,5,43.8,19501516.02
5,150,5,43.9,21766208.21
5,150,5,44,21388759.51
5,150,5,44.1,22017840.67
5,150,5,44.2,20508045.88
5,150,5,44.3,19501516.02
5,150,5,44.4,18998251.09
5,150,5,44.5,22646921.83
5,150,5,44.6,20508045.88
5,150,5,44.7,17362640.07
5,150,5,44.8,21388759.51
5,150,5,44.9,20004780.95
5,150,5,45,18746618.63
5,150,5,45.1,18620802.4
5,150,5,45.2,17111007.61
5,150,5,45.3,20004780.95
5,150,5,45.4,19124067.33
5,150,5,45.5,19878964.72
5,150,5,45.6,19124067.33
5,150,5,45.7,18998251.09
5,150,5,45.8,23527635.46
5,150,5,45.9,20130597.19
5,150,5,46,18369169.93
5,150,5,46.1,17740088.77
5,150,5,46.2,18117537.47
5,150,5,46.3,20633862.12
5,150,5,46.4,20256413.42
5,150,5,46.5,14594682.96
5,150,5,46.6,24785797.79
5,150,5,46.7,18620802.4
5,150,5,46.8,20633862.12
5,150,5,46.9,17111007.61
5,150,5,47,20256413.42
5,150,5,47.1,19124067.33
5,150,5,47.2,21262943.28
5,150,5,47.3,17865905
5,150,5,47.4,17740088.77
5,150,5,47.5,17991721.24
5,150,5,47.6,19249883.56
5,150,5,47.7,18117537.47
5,150,5,47.8,18746618.63
5,150,5,47.9,18494986.16
5,150,5,48,20256413.42
5,150,5,48.1,16481926.45
5,150,5,48.2,20256413.42
5,150,5,48.3,16104477.75
5,150,5,48.4,20004780.95
5,150,5,48.5,18872434.86
5,150,5,48.6,15727029.05
5,150,5,48.7,16733558.91
5,150,5,48.8,15978661.52
5,150,5,48.9,17111007.61
5,150,5,49,18369169.93
5,150,5,49.1,18369169.93
5,150,5,49.2,19249883.56
5,150,5,49.3,15097947.89
5,150,5,49.4,17236823.84
5,150,5,49.5,16481926.45
5,150,5,49.6,16104477.75
5,150,5,49.7,14217234.26
5,150,5,49.8,14972131.66
5,150,5,49.9,16481926.45
5,150,5,50,14972131.66
5,150,5,50.1,18243353.7
5,150,5,50.2,16104477.75
5,150,5,50.3,16607742.68
5,150,5,50.4,17362640.07
5,150,5,50.5,17740088.77
5,150,5,50.6,18746618.63
5,150,5,50.7,20633862.12
5,150,5,50.8,18117537.47
5,150,5,50.9,17865905
5,150,5,51,16859375.14
5,150,5,51.1,16859375.14
5,150,5,51.2,16733558.91
5,150,5,51.3,15852845.28
5,150,5,51.4,15097947.89
5,150,5,51.5,16985191.38
5,150,5,51.6,18746618.63
5,150,5,51.7,18494986.16
5,150,5,51.8,15475396.59
5,150,5,51.9,14343050.5
5,150,5,52,16859375.14
5,150,5,52.1,18872434.86
5,150,5,52.2,17236823.84
5,150,5,52.3,16733558.91
5,150,5,52.4,16607742.68
5,150,5,52.5,15601212.82
5,150,5,52.6,15475396.59
5,150,5,52.7,14972131.66
5,150,5,52.8,12833255.71
5,150,5,52.9,14468866.73
5,150,5,53,15852845.28
5,150,5,53.1,14720499.19
5,150,5,53.2,16985191.38
5,150,5,53.3,14343050.5
5,150,5,53.4,20508045.88
5,150,5,53.5,18872434.86
5,150,5,53.6,15097947.89
5,150,5,53.7,15978661.52
5,150,5,53.8,16985191.38
5,150,5,53.9,13839785.57
5,150,5,54,18243353.7
5,150,5,54.1,13713969.33
5,150,5,54.2,16104477.75
5,150,5,54.3,15727029.05
5,150,5,54.4,13839785.57
5,150,5,54.5,16230293.98
5,150,5,54.6,14594682.96
5,150,5,54.7,12707439.47
5,150,5,54.8,14972131.66
5,150,5,54.9,12959071.94
5,150,5,55,16733558.91
5,150,5,55.1,15978661.52
5,150,5,55.2,16607742.68
5,150,5,55.3,13588153.1
5,150,5,55.4,13462336.87
5,150,5,55.5,14091418.03
5,150,5,55.6,15097947.89
5,150,5,55.7,16985191.38
5,150,5,55.8,13462336.87
5,150,5,55.9,15223764.12
5,150,5,56,13965601.8
5,150,5,56.1,14217234.26
5,150,5,56.2,14972131.66
5,150,5,56.3,12455807.01
5,150,5,56.4,11449277.15
5,150,5,56.5,14594682.96
5,150,5,56.6,13713969.33
5,150,5,56.7,16104477.75
5,150,5,56.8,14343050.5
5,150,5,56.9,15223764.12
5,150,5,57,16985191.38
5,150,5,57.1,13839785.57
5,150,5,57.2,14343050.5
5,150,5,57.3,15475396.59
5,150,5,57.4,14594682.96
5,150,5,57.5,13588153.1
5,150,5,57.6,14217234.26
5,150,5,57.7,16859375.14
5,150,5,57.8,12455807.01
5,150,5,57.9,11197644.68
5,150,5,58,12833255.71
5,150,5,58.1,158276820.4
5,150,5,58.2,10946012.22
5,150,5,58.3,13965601.8
5,150,5,58.4,13588153.1
5,150,5,58.5,12959071.94
5,150,5,58.6,12204174.54
5,150,5,58.7,15097947.89
5,150,5,58.8,15223764.12
5,150,5,58.9,14217234.26
5,150,5,59,13839785.57
5,150,5,59.1,12833255.71
5,150,5,59.2,12959071.94
5,150,5,59.3,14720499.19
5,150,5,59.4,13462336.87
5,150,5,59.5,252387362.2
5,150,5,59.6,14972131.66
5,150,5,59.7,12707439.47
5,150,5,59.8,13713969.33
5,150,5,59.9,15097947.89
5,150,5,60,12707439.47
5,150,5,60.1,12959071.94
5,150,5,60.2,14217234.26
5,150,5,60.3,14972131.66
5,150,5,60.4,11323460.92
5,150,5,60.5,13713969.33
5,150,5,60.6,13839785.57
5,150,5,60.7,14343050.5
5,150,5,60.8,10191114.83
5,150,5,60.9,13839785.57
5,150,5,61,13588153.1
5,150,5,61.1,12204174.54
5,150,5,61.2,13336520.64
5,150,5,61.3,14091418.03
5,150,5,61.4,13588153.1
5,150,5,61.5,12959071.94
5,150,5,61.6,13336520.64
5,150,5,61.7,12833255.71
5,150,5,61.8,11071828.45
5,150,5,61.9,12329990.78
5,150,5,62,11952542.08
5,150,5,62.1,11952542.08
5,150,5,62.2,13462336.87
5,150,5,62.3,12959071.94
5,150,5,62.4,14846315.42
5,150,5,62.5,13336520.64
5,150,5,62.6,12959071.94
5,150,5,62.7,11197644.68
5,150,5,62.8,12833255.71
5,150,5,62.9,12204174.54
5,150,5,63,14343050.5
5,150,5,63.1,12959071.94
5,150,5,63.2,12204174.54
5,150,5,63.3,13588153.1
5,150,5,63.4,11323460.92
5,150,5,63.5,14343050.5
5,150,5,63.6,12455807.01
5,150,5,63.7,11323460.92
5,150,5,63.8,12455807.01
5,150,5,63.9,12833255.71
5,150,5,64,11575093.38
5,150,5,64.1,10568563.52
5,150,5,64.2,11952542.08
5,150,5,64.3,12707439.47
5,150,5,64.4,10820195.99
5,150,5,64.5,12707439.47
5,150,5,64.6,12581623.24
5,150,5,64.7,11575093.38
5,150,5,64.8,14594682.96
5,150,5,64.9,11323460.92
5,150,5,65,11323460.92
5,150,5,65.1,12959071.94
5,150,5,65.2,12833255.71
5,150,5,65.3,12078358.31
5,150,5,65.4,11197644.68
5,150,5,65.5,10442747.29
5,150,5,65.6,11323460.92
5,150,5,65.7,13084888.17
5,150,5,65.8,14594682.96
5,150,5,65.9,12204174.54
5,150,5,66,13965601.8
5,150,5,66.1,11323460.92
5,150,5,66.2,11071828.45
5,150,5,66.3,10568563.52
5,150,5,66.4,11323460.92
5,150,5,66.5,11700909.61
5,150,5,66.6,9184584.966
5,150,5,66.7,11449277.15
5,150,5,66.8,9939482.361
5,150,5,66.9,12455807.01
5,150,5,67,10820195.99
5,150,5,67.1,35228545.08
5,150,5,67.2,11952542.08
5,150,5,67.3,11700909.61
5,150,5,67.4,58630364.3
5,150,5,67.5,10442747.29
5,150,5,67.6,13210704.4
5,150,5,67.7,11575093.38
5,150,5,67.8,15349580.35
5,150,5,67.9,10946012.22
5,150,5,68,9436217.431
5,150,5,68.1,11323460.92
5,150,5,68.2,10694379.76
5,150,5,68.3,11952542.08
5,150,5,68.4,10694379.76
5,150,5,68.5,9436217.431
5,150,5,68.6,10694379.76
5,150,5,68.7,10820195.99
5,150,5,68.8,9813666.128
5,150,5,68.9,10568563.52
5,150,5,69,12078358.31
5,150,5,69.1,7674790.177
5,150,5,69.2,15601212.82
5,150,5,69.3,23905084.16
5,150,5,69.4,11071828.45
5,150,5,69.5,12204174.54
5,150,5,69.6,11323460.92
5,150,5,69.7,11197644.68
5,150,5,69.8,8807136.269
5,150,5,69.9,11197644.68
5,150,5,70,11449277.15
5,150,5,70.1,10568563.52
5,150,5,70.2,11449277.15
5,150,5,70.3,12078358.31
5,150,5,70.4,8178055.107
5,150,5,70.5,8932952.501
5,150,5,70.6,10568563.52
5,150,5,70.7,10568563.52
5,150,5,70.8,10694379.76
5,150,5,70.9,8303871.339
5,150,5,71,10568563.52
5,150,5,71.1,10694379.76
5,150,5,71.2,8555503.804
5,150,5,71.3,10191114.83
5,150,5,71.4,10191114.83
5,150,5,71.5,9058768.734
5,150,5,71.6,9058768.734
5,150,5,71.7,10191114.83
5,150,5,71.8,10316931.06
5,150,5,71.9,9687849.896
5,150,5,72,9939482.361
5,150,5,72.1,9058768.734
5,150,5,72.2,9813666.128
5,150,5,72.3,9058768.734
5,150,5,72.4,8807136.269
5,150,5,72.5,9184584.966
5,150,5,72.6,10065298.59
5,150,5,72.7,9813666.128
5,150,5,72.8,7297341.48
5,150,5,72.9,9562033.663
5,150,5,73,10820195.99
5,150,5,73.1,8555503.804
5,150,5,73.2,9058768.734
5,150,5,73.3,8178055.107
5,150,5,73.4,9184584.966
5,150,5,73.5,7926422.642
5,150,5,73.6,10820195.99
5,150,5,73.7,8178055.107
5,150,5,73.8,7674790.177
5,150,5,73.9,9436217.431
5,150,5,74,10065298.59
5,150,5,74.1,8681320.037
5,150,5,74.2,9813666.128
5,150,5,74.3,10316931.06
5,150,5,74.4,10442747.29
5,150,5,74.5,8807136.269
5,150,5,74.6,8932952.501
5,150,5,74.7,7674790.177
5,150,5,74.8,7171525.248
5,150,5,74.9,8932952.501
5,150,5,75,6919892.783
5,150,5,75.1,9184584.966
5,150,5,75.2,7423157.712
5,150,5,75.3,8807136.269
5,150,5,75.4,7800606.41
5,150,5,75.5,9184584.966
5,150,5,75.6,10316931.06
5,150,5,75.7,9687849.896
5,150,5,75.8,8178055.107
5,150,5,75.9,8303871.339
5,150,5,76,10191114.83
5,150,5,76.1,8681320.037
5,150,5,76.2,10442747.29
5,150,5,76.3,10065298.59
5,150,5,76.4,7800606.41
5,150,5,76.5,8555503.804
5,150,5,76.6,8932952.501
5,150,5,76.7,9058768.734
5,150,5,76.8,10820195.99
5,150,5,76.9,8303871.339
5,150,5,77,9813666.128
5,150,5,77.1,8807136.269
5,150,5,77.2,7926422.642
5,150,5,77.3,9058768.734
5,150,5,77.4,8807136.269
5,150,5,77.5,7423157.712
5,150,5,77.6,10442747.29
5,150,5,77.7,7800606.41
5,150,5,77.8,10191114.83
5,150,5,77.9,10694379.76
5,150,5,78,8555503.804
5,150,5,78.1,8178055.107
5,150,5,78.2,9562033.663
5,150,5,78.3,7297341.48
5,150,5,78.4,7674790.177
5,150,5,78.5,9939482.361
5,150,5,78.6,7926422.642
5,150,5,78.7,7297341.48
5,150,5,78.8,6794076.55
5,150,5,78.9,10065298.59
5,150,5,79,9184584.966
5,150,5,79.1,7548973.945
5,150,5,79.2,9687849.896
5,150,5,79.3,8429687.572
5,150,5,79.4,8429687.572
5,150,5,79.5,8303871.339
5,150,5,79.6,7171525.248
5,150,5,79.7,9058768.734
5,150,5,79.8,9058768.734
5,150,5,79.9,8807136.269
5,150,5,80,7926422.642
5,150,5,80.1,8807136.269
5,150,5,80.2,8303871.339
5,150,5,80.3,8681320.037
5,150,5,80.4,6919892.783
5,150,5,80.5,8303871.339
5,150,5,80.6,7297341.48
5,150,5,80.7,8932952.501
5,150,5,80.8,8807136.269
5,150,5,80.9,9184584.966
5,150,5,81,8555503.804
5,150,5,81.1,7297341.48
5,150,5,81.2,7045709.015
5,150,5,81.3,7423157.712
5,150,5,81.4,7548973.945
5,150,5,81.5,8178055.107
5,150,5,81.6,6164995.388
5,150,5,81.7,9058768.734
5,150,5,81.8,7045709.015
5,150,5,81.9,10065298.59
5,150,5,82,7423157.712
5,150,5,82.1,9562033.663
5,150,5,82.2,7926422.642
5,150,5,82.3,8429687.572
5,150,5,82.4,6164995.388
5,150,5,82.5,9058768.734
5,150,5,82.6,7800606.41
5,150,5,82.7,6039179.156
5,150,5,82.8,8052238.874
5,150,5,82.9,7171525.248
5,150,5,83,6164995.388
5,150,5,83.1,8052238.874
5,150,5,83.2,9436217.431
5,150,5,83.3,7800606.41
5,150,5,83.4,8303871.339
5,150,5,83.5,8429687.572
5,150,5,83.6,7548973.945
5,150,5,83.7,8052238.874
5,150,5,83.8,8681320.037
5,150,5,83.9,8681320.037
5,150,5,84,6668260.318
5,150,5,84.1,7297341.48
5,150,5,84.2,6542444.085
5,150,5,84.3,8932952.501
5,150,5,84.4,6919892.783
5,150,5,84.5,8429687.572
5,150,5,84.6,7423157.712
5,150,5,84.7,5913362.923
5,150,5,84.8,7800606.41
5,150,5,84.9,7423157.712
5,150,5,85,6290811.621
5,150,5,85.1,6416627.853
5,150,5,85.2,6416627.853
5,150,5,85.3,9562033.663
5,150,5,85.4,10191114.83
5,150,5,85.5,5787546.691
5,150,5,85.6,6668260.318
5,150,5,85.7,9310401.199
5,150,5,85.8,7171525.248
5,150,5,85.9,6416627.853
5,150,5,86,7548973.945
5,150,5,86.1,6290811.621
5,150,5,86.2,6919892.783
5,150,5,86.3,6416627.853
5,150,5,86.4,8429687.572
5,150,5,86.5,6668260.318
5,150,5,86.6,7423157.712
5,150,5,86.7,8429687.572
5,150,5,86.8,8052238.874
5,150,5,86.9,6164995.388
5,150,5,87,8681320.037
5,150,5,87.1,8429687.572
5,150,5,87.2,8178055.107
5,150,5,87.3,8303871.339
5,150,5,87.4,7171525.248
5,150,5,87.5,7297341.48
5,150,5,87.6,8052238.874
5,150,5,87.7,7171525.248
5,150,5,87.8,7800606.41
5,150,5,87.9,5787546.691
5,150,5,88,7045709.015
5,150,5,88.1,7926422.642
5,150,5,88.2,5535914.226
5,150,5,88.3,8052238.874
5,150,5,88.4,6039179.156
5,150,5,88.5,5913362.923
5,150,5,88.6,6416627.853
5,150,5,88.7,5913362.923
5,150,5,88.8,8807136.269
5,150,5,88.9,8807136.269
5,150,5,89,7926422.642
5,150,5,89.1,6416627.853
5,150,5,89.2,6668260.318
5,150,5,89.3,7548973.945
5,150,5,89.4,7800606.41
5,150,5,89.5,8178055.107
5,150,5,89.6,6290811.621
5,150,5,89.7,6416627.853
5,150,5,89.8,6039179.156
5,150,5,89.9,7800606.41
5,150,5,90,5661730.459
5,150,5,90.1,6794076.55
5,150,5,90.2,6542444.085
5,150,5,90.3,5661730.459
5,150,5,90.4,4781016.832
5,150,5,90.5,7297341.48
5,150,5,90.6,5410097.994
5,150,5,90.7,6164995.388
5,150,5,90.8,3522854.508
5,150,5,90.9,5661730.459
5,150,5,91,4655200.599
5,150,5,91.1,7045709.015
5,150,5,91.2,6542444.085
5,150,5,91.3,7423157.712
5,150,5,91.4,7171525.248
5,150,5,91.5,6542444.085
5,150,5,91.6,6794076.55
5,150,5,91.7,6919892.783
5,150,5,91.8,7674790.177
5,150,5,91.9,6290811.621
5,150,5,92,6794076.55
5,150,5,92.1,8052238.874
5,150,5,92.2,6290811.621
5,150,5,92.3,5158465.529
5,150,5,92.4,6416627.853
5,150,5,92.5,8052238.874
5,150,5,92.6,6039179.156
5,150,5,92.7,6668260.318
5,150,5,92.8,6164995.388
5,150,5,92.9,8303871.339
5,150,5,93,5535914.226
5,150,5,93.1,5535914.226
5,150,5,93.2,5284281.761
5,150,5,93.3,6039179.156
5,150,5,93.4,6794076.55
5,150,5,93.5,5787546.691
5,150,5,93.6,6290811.621
5,150,5,93.7,6416627.853
5,150,5,93.8,7045709.015
5,150,5,93.9,6290811.621
5,150,5,94,8052238.874
5,150,5,94.1,6794076.55
5,150,5,94.2,6039179.156
5,150,5,94.3,5787546.691
5,150,5,94.4,5787546.691
5,150,5,94.5,5284281.761
5,150,5,94.6,5284281.761
5,150,5,94.7,5913362.923
5,150,5,94.8,7045709.015
5,150,5,94.9,6039179.156
5,150,5,95,7171525.248
5,150,5,95.1,6039179.156
5,150,5,95.2,6416627.853
5,150,5,95.3,4655200.599
5,150,5,95.4,7045709.015
5,150,5,95.5,6668260.318
5,150,5,95.6,4277751.902
5,150,5,95.7,6794076.55
5,150,5,95.8,6416627.853
5,150,5,95.9,7297341.48
5,150,5,96,6164995.388
5,150,5,96.1,5284281.761
5,150,5,96.2,6919892.783
5,150,5,96.3,6668260.318
5,150,5,96.4,6164995.388
5,150,5,96.5,5787546.691
5,150,5,96.6,5535914.226
5,150,5,96.7,6919892.783
5,150,5,96.8,5158465.529
5,150,5,96.9,6794076.55
5,150,5,97,5661730.459
5,150,5,97.1,6290811.621
5,150,5,97.2,7045709.015
5,150,5,97.3,4906833.064
5,150,5,97.4,6542444.085
5,150,5,97.5,5787546.691
5,150,5,97.6,5661730.459
5,150,5,97.7,5158465.529
5,150,5,97.8,5661730.459
5,150,5,97.9,4781016.832
5,150,5,98,5284281.761
5,150,5,98.1,4655200.599
5,150,5,98.2,5661730.459
5,150,5,98.3,6542444.085
5,150,5,98.4,5284281.761
5,150,5,98.5,5032649.297
5,150,5,98.6,7171525.248
5,150,5,98.7,6416627.853
5,150,5,98.8,5410097.994
5,150,5,98.9,6668260.318
5,150,5,99,4906833.064
5,150,5,99.1,6668260.318
5,150,5,99.2,5032649.297
5,150,5,99.3,6290811.621
5,150,5,99.4,5787546.691
5,150,5,99.5,5284281.761
5,150,5,99.6,4781016.832
5,150,5,99.7,5158465.529
5,150,5,99.8,5535914.226
5,150,5,99.9,5410097.994
5,150,5,100,4781016.832
5,150,5,100.1,6416627.853
5,150,5,100.2,6039179.156
5,150,5,100.3,5913362.923
5,150,5,100.4,4906833.064
5,150,5,100.5,5158465.529
5,150,5,100.6,5284281.761
5,150,5,100.7,5410097.994
5,150,5,100.8,6416627.853
5,150,5,100.9,5535914.226
5,150,5,101,5032649.297
5,150,5,101.1,5032649.297
5,150,5,101.2,3900303.205
5,150,5,101.3,5913362.923
5,150,5,101.4,5535914.226
5,150,5,101.5,4403568.134
5,150,5,101.6,5913362.923
5,150,5,101.7,6039179.156
5,150,5,101.8,5284281.761
5,150,5,101.9,7297341.48
5,150,5,102,5032649.297
5,150,5,102.1,6164995.388
5,150,5,102.2,5410097.994
5,150,5,102.3,5535914.226
5,150,5,102.4,6039179.156
5,150,5,102.5,6290811.621
5,150,5,102.6,6164995.388
5,150,5,102.7,5913362.923
5,150,5,102.8,5913362.923
5,150,5,102.9,5787546.691
5,150,5,103,6919892.783
5,150,5,103.1,6290811.621
5,150,5,103.2,4151935.67
5,150,5,103.3,5661730.459
5,150,5,103.4,5661730.459
5,150,5,103.5,4026119.437
5,150,5,103.6,4781016.832
5,150,5,103.7,4529384.367
5,150,5,103.8,4529384.367
5,150,5,103.9,5158465.529
5,150,5,104,6794076.55
5,150,5,104.1,6668260.318
5,150,5,104.2,5535914.226
5,150,5,104.3,4151935.67
5,150,5,104.4,4781016.832
5,150,5,104.5,5032649.297
5,150,5,104.6,3774486.972
5,150,5,104.7,4026119.437
5,150,5,104.8,5158465.529
5,150,5,104.9,4403568.134
5,150,5,105,5410097.994
5,150,5,105.1,5410097.994
5,150,5,105.2,4403568.134
5,150,5,105.3,4655200.599
5,150,5,105.4,5535914.226
5,150,5,105.5,4906833.064
5,150,5,105.6,3900303.205
5,150,5,105.7,5158465.529
5,150,5,105.8,4403568.134
5,150,5,105.9,4529384.367
5,150,5,106,4906833.064
5,150,5,106.1,5410097.994
5,150,5,106.2,5158465.529
5,150,5,106.3,4906833.064
5,150,5,106.4,4151935.67
5,150,5,106.5,4151935.67
5,150,5,106.6,6794076.55
5,150,5,106.7,4151935.67
5,150,5,106.8,5284281.761
5,150,5,106.9,5284281.761
5,150,5,107,4277751.902
5,150,5,107.1,5410097.994
5,150,5,107.2,4277751.902
5,150,5,107.3,5032649.297
5,150,5,107.4,5661730.459
5,150,5,107.5,4655200.599
5,150,5,107.6,4151935.67
5,150,5,107.7,4906833.064
5,150,5,107.8,5410097.994
5,150,5,107.9,5535914.226
5,150,5,108,4277751.902
5,150,5,108.1,4529384.367
5,150,5,108.2,3900303.205
5,150,5,108.3,3397038.275
5,150,5,108.4,4403568.134
5,150,5,108.5,4151935.67
5,150,5,108.6,5410097.994
5,150,5,108.7,2390508.416
5,150,5,108.8,4655200.599
5,150,5,108.9,5158465.529
5,150,5,109,5284281.761
5,150,5,109.1,2767957.113
5,150,5,109.2,4781016.832
5,150,5,109.3,4906833.064
5,150,5,109.4,4277751.902
5,150,5,109.5,5787546.691
5,150,5,109.6,4026119.437
5,150,5,109.7,6164995.388
5,150,5,109.8,5158465.529
5,150,5,109.9,5535914.226
5,150,5,110,4529384.367
5,150,5,110.1,4655200.599
5,150,5,110.2,6542444.085
5,150,5,110.3,3900303.205
5,150,5,110.4,5158465.529
5,150,5,110.5,4655200.599
5,150,5,110.6,3522854.508
5,150,5,110.7,5535914.226
5,150,5,110.8,4151935.67
5,150,5,110.9,5032649.297
5,150,5,111,4906833.064
5,150,5,111.1,4151935.67
5,150,5,111.2,5284281.761
5,150,5,111.3,5032649.297
5,150,5,111.4,3900303.205
5,150,5,111.5,4403568.134
5,150,5,111.6,4277751.902
5,150,5,111.7,4529384.367
5,150,5,111.8,4529384.367
5,150,5,111.9,3774486.972
5,150,5,112,4529384.367
5,150,5,112.1,4277751.902
5,150,5,112.2,5158465.529
5,150,5,112.3,4151935.67
5,150,5,112.4,4655200.599
5,150,5,112.5,4781016.832
5,150,5,112.6,3900303.205
5,150,5,112.7,5032649.297
5,150,5,112.8,4403568.134
5,150,5,112.9,3900303.205
5,150,5,113,4655200.599
5,150,5,113.1,4529384.367
5,150,5,113.2,3900303.205
5,150,5,113.3,4781016.832
5,150,5,113.4,3522854.508
5,150,5,113.5,4277751.902
5,150,5,113.6,3648670.74
5,150,5,113.7,4403568.134
5,150,5,113.8,4277751.902
5,150,5,113.9,4906833.064
5,150,5,114,5158465.529
5,150,5,114.1,5661730.459
5,150,5,114.2,3774486.972
5,150,5,114.3,4781016.832
5,150,5,114.4,4403568.134
5,150,5,114.5,4403568.134
5,150,5,114.6,3522854.508
5,150,5,114.7,4781016.832
5,150,5,114.8,3397038.275
5,150,5,114.9,3522854.508
5,150,5,115,4277751.902
5,150,5,115.1,3648670.74
5,150,5,115.2,2893773.346
5,150,5,115.3,3774486.972
5,150,5,115.4,3522854.508
5,150,5,115.5,3019589.578
5,150,5,115.6,3019589.578
5,150,5,115.7,3522854.508
5,150,5,115.8,4026119.437
5,150,5,115.9,3900303.205
5,150,5,116,5410097.994
5,150,5,116.1,4529384.367
5,150,5,116.2,3648670.74
5,150,5,116.3,4026119.437
5,150,5,116.4,4529384.367
5,150,5,116.5,3397038.275
5,150,5,116.6,4403568.134
5,150,5,116.7,3648670.74
5,150,5,116.8,2390508.416
5,150,5,116.9,4151935.67
5,150,5,117,3271222.043
5,150,5,117.1,3648670.74
5,150,5,117.2,4277751.902
5,150,5,117.3,3648670.74
5,150,5,117.4,3019589.578
5,150,5,117.5,3397038.275
5,150,5,117.6,4026119.437
5,150,5,117.7,4906833.064
5,150,5,117.8,5284281.761
5,150,5,117.9,3774486.972
5,150,5,118,3522854.508
5,150,5,118.1,2767957.113
5,150,5,118.2,3774486.972
5,150,5,118.3,4026119.437
5,150,5,118.4,2893773.346
5,150,5,118.5,4403568.134
5,150,5,118.6,4655200.599
5,150,5,118.7,3648670.74
5,150,5,118.8,5284281.761
5,150,5,118.9,4277751.902
5,150,5,119,3271222.043
5,150,5,119.1,4403568.134
5,150,5,119.2,4026119.437
5,150,5,119.3,4026119.437
5,150,5,119.4,5032649.297
5,150,5,119.5,3397038.275
5,150,5,119.6,2893773.346
5,150,5,119.7,4151935.67
5,150,5,119.8,3397038.275
5,150,5,119.9,3145405.81
5,150,5,120,4403568.134
5,150,5,120.1,3019589.578
5,150,5,120.2,3397038.275
5,150,5,120.3,3774486.972
5,150,5,120.4,3648670.74
5,150,5,120.5,4655200.599
5,150,5,120.6,2893773.346
5,150,5,120.7,4529384.367
5,150,5,120.8,3900303.205
5,150,5,120.9,2893773.346
5,150,5,121,3774486.972
5,150,5,121.1,4403568.134
5,150,5,121.2,3145405.81
5,150,5,121.3,4026119.437
5,150,5,121.4,3522854.508
5,150,5,121.5,4151935.67
5,150,5,121.6,3648670.74
5,150,5,121.7,3900303.205
5,150,5,121.8,3774486.972
5,150,5,121.9,2893773.346
5,150,5,122,2642140.881
5,150,5,122.1,3019589.578
5,150,5,122.2,3145405.81
5,150,5,122.3,2516324.648
5,150,5,122.4,2264692.183
5,150,5,122.5,3019589.578
5,150,5,122.6,3145405.81
5,150,5,122.7,3774486.972
5,150,5,122.8,3522854.508
5,150,5,122.9,3019589.578
5,150,5,123,3648670.74
5,150,5,123.1,3522854.508
5,150,5,123.2,3774486.972
5,150,5,123.3,3774486.972
5,150,5,123.4,2642140.881
5,150,5,123.5,3271222.043
5,150,5,123.6,3648670.74
5,150,5,123.7,3648670.74
5,150,5,123.8,4026119.437
5,150,5,123.9,3271222.043
5,150,5,124,3648670.74
5,150,5,124.1,2642140.881
5,150,5,124.2,2390508.416
5,150,5,124.3,2767957.113
5,150,5,124.4,3271222.043
5,150,5,124.5,3397038.275
5,150,5,124.6,3522854.508
5,150,5,124.7,3145405.81
5,150,5,124.8,4529384.367
5,150,5,124.9,2767957.113
5,150,5,125,5158465.529
5,150,5,125.1,2642140.881
5,150,5,125.2,2264692.183
5,150,5,125.3,2642140.881
5,150,5,125.4,3271222.043
5,150,5,125.5,4026119.437
5,150,5,125.6,2013059.719
5,150,5,125.7,3774486.972
5,150,5,125.8,3145405.81
5,150,5,125.9,3648670.74
5,150,5,126,3648670.74
5,150,5,126.1,3271222.043
5,150,5,126.2,1383978.557
5,150,5,126.3,3019589.578
5,150,5,126.4,2893773.346
5,150,5,126.5,3019589.578
5,150,5,126.6,3522854.508
5,150,5,126.7,2767957.113
5,150,5,126.8,2893773.346
5,150,5,126.9,3271222.043
5,150,5,127,2767957.113
5,150,5,127.1,3019589.578
5,150,5,127.2,3900303.205
5,150,5,127.3,2264692.183
5,150,5,127.4,2893773.346
5,150,5,127.5,3145405.81
5,150,5,127.6,1509794.789
5,150,5,127.7,4026119.437
5,150,5,127.8,3397038.275
5,150,5,127.9,3145405.81
5,150,5,128,3774486.972
5,150,5,128.1,3019589.578
5,150,5,128.2,3774486.972
5,150,5,128.3,3648670.74
5,150,5,128.4,2893773.346
5,150,5,128.5,2264692.183
5,150,5,128.6,2390508.416
5,150,5,128.7,2138875.951
5,150,5,128.8,2138875.951
5,150,5,128.9,4026119.437
5,150,5,129,3900303.205
5,150,5,129.1,3774486.972
5,150,5,129.2,2516324.648
5,150,5,129.3,2013059.719
5,150,5,129.4,3019589.578
5,150,5,129.5,1887243.486
5,150,5,129.6,3397038.275
5,150,5,129.7,2264692.183
5,150,5,129.8,3019589.578
5,150,5,129.9,2642140.881
5,150,5,130,1509794.789
5,150,5,130.1,3900303.205
5,150,5,130.2,2767957.113
5,150,5,130.3,2390508.416
5,150,5,130.4,3271222.043
5,150,5,130.5,3019589.578
5,150,5,130.6,3397038.275
5,150,5,130.7,2767957.113
5,150,5,130.8,2516324.648
5,150,5,130.9,2767957.113
5,150,5,131,2013059.719
5,150,5,131.1,3522854.508
5,150,5,131.2,3522854.508
5,150,5,131.3,2893773.346
5,150,5,131.4,3397038.275
5,150,5,131.5,2767957.113
5,150,5,131.6,2893773.346
5,150,5,131.7,2013059.719
5,150,5,131.8,3019589.578
5,150,5,131.9,1761427.254
5,150,5,132,2264692.183
5,150,5,132.1,2642140.881
5,150,5,132.2,2264692.183
5,150,5,132.3,3019589.578
5,150,5,132.4,2138875.951
5,150,5,132.5,2642140.881
5,150,5,132.6,2893773.346
5,150,5,132.7,2767957.113
5,150,5,132.8,2390508.416
5,150,5,132.9,2516324.648
5,150,5,133,1635611.021
5,150,5,133.1,3522854.508
5,150,5,133.2,3145405.81
5,150,5,133.3,2767957.113
5,150,5,133.4,1887243.486
5,150,5,133.5,2767957.113
5,150,5,133.6,2264692.183
5,150,5,133.7,2642140.881
5,150,5,133.8,3397038.275
5,150,5,133.9,2767957.113
5,150,5,134,2013059.719
5,150,5,134.1,3019589.578
5,150,5,134.2,3648670.74
5,150,5,134.3,3019589.578
5,150,5,134.4,3397038.275
5,150,5,134.5,1635611.021
5,150,5,134.6,2390508.416
5,150,5,134.7,3145405.81
5,150,5,134.8,3019589.578
5,150,5,134.9,1635611.021
5,150,5,135,3019589.578
5,150,5,135.1,2642140.881
5,150,5,135.2,1509794.789
5,150,5,135.3,2516324.648
5,150,5,135.4,2516324.648
5,150,5,135.5,1887243.486
5,150,5,135.6,1887243.486
5,150,5,135.7,1635611.021
5,150,5,135.8,2516324.648
5,150,5,135.9,1509794.789
5,150,5,136,2390508.416
5,150,5,136.1,3019589.578
5,150,5,136.2,2642140.881
5,150,5,136.3,2893773.346
5,150,5,136.4,2013059.719
5,150,5,136.5,1635611.021
5,150,5,136.6,1383978.557
5,150,5,136.7,1258162.324
5,150,5,136.8,1383978.557
5,150,5,136.9,754897.3945
5,150,5,137,1887243.486
5,150,5,137.1,2138875.951
5,150,5,137.2,2138875.951
5,150,5,137.3,3522854.508
5,150,5,137.4,1383978.557
5,150,5,137.5,2138875.951
5,150,5,137.6,1887243.486
5,150,5,137.7,1761427.254
5,150,5,137.8,1887243.486
5,150,5,137.9,2893773.346
5,150,5,138,1132346.092
5,150,5,138.1,2390508.416
5,150,5,138.2,2138875.951
5,150,5,138.3,1635611.021
5,150,5,138.4,3271222.043
5,150,5,138.5,1887243.486
5,150,5,138.6,1383978.557
5,150,5,138.7,1383978.557
5,150,5,138.8,2264692.183
5,150,5,138.9,2013059.719
5,150,5,139,1132346.092
5,150,5,139.1,1509794.789
5,150,5,139.2,1509794.789
5,150,5,139.3,1383978.557
5,150,5,139.4,1635611.021
5,150,5,139.5,1509794.789
5,150,5,139.6,3145405.81
5,150,5,139.7,1635611.021
5,150,5,139.8,2013059.719
5,150,5,139.9,1509794.789
5,150,5,140,1258162.324
5,150,5,140.1,2138875.951
5,150,5,140.2,2390508.416
5,150,5,140.3,1635611.021
5,150,5,140.4,1132346.092
5,150,5,140.5,1887243.486
5,150,5,140.6,1383978.557
5,150,5,140.7,1383978.557
5,150,5,140.8,1635611.021
5,150,5,140.9,1258162.324
5,150,5,141,2264692.183
5,150,5,141.1,1509794.789
5,150,5,141.2,880713.6269
5,150,5,141.3,1258162.324
5,150,5,141.4,1132346.092
5,150,5,141.5,1761427.254
5,150,5,141.6,2264692.183
5,150,5,141.7,1006529.859
5,150,5,141.8,2390508.416
5,150,5,141.9,1509794.789
5,150,5,142,1383978.557
5,150,5,142.1,880713.6269
5,150,5,142.2,754897.3945
5,150,5,142.3,629081.1621
5,150,5,142.4,1006529.859
5,150,5,142.5,1132346.092
5,150,5,142.6,2264692.183
5,150,5,142.7,880713.6269
5,150,5,142.8,1383978.557
5,150,5,142.9,1132346.092
5,150,5,143,1887243.486
5,150,5,143.1,1509794.789
5,150,5,143.2,880713.6269
5,150,5,143.3,1006529.859
5,150,5,143.4,1887243.486
5,150,5,143.5,2138875.951
5,150,5,143.6,1635611.021
5,150,5,143.7,1258162.324
5,150,5,143.8,1006529.859
5,150,5,143.9,1258162.324
5,150,5,144,1132346.092
5,150,5,144.1,1006529.859
5,150,5,144.2,629081.1621
5,150,5,144.3,880713.6269
5,150,5,144.4,1132346.092
5,150,5,144.5,1132346.092
5,150,5,144.6,1006529.859
5,150,5,144.7,754897.3945
5,150,5,144.8,754897.3945
5,150,5,144.9,1383978.557
5,150,5,145,1509794.789
5,150,5,145.1,880713.6269
5,150,5,145.2,1006529.859
5,150,5,145.3,754897.3945
5,150,5,145.4,1383978.557
5,150,5,145.5,1132346.092
5,150,5,145.6,754897.3945
5,150,5,145.7,377448.6972
5,150,5,145.8,503264.9297
5,150,5,145.9,377448.6972
5,150,5,146,1761427.254
5,150,5,146.1,754897.3945
5,150,5,146.2,754897.3945
5,150,5,146.3,1258162.324
5,150,5,146.4,754897.3945
5,150,5,146.5,880713.6269
5,150,5,146.6,377448.6972
5,150,5,146.7,1383978.557
5,150,5,146.8,754897.3945
5,150,5,146.9,503264.9297
5,150,5,147,503264.9297
5,150,5,147.1,1006529.859
5,150,5,147.2,377448.6972
5,150,5,147.3,629081.1621
5,150,5,147.4,251632.4648
5,150,5,147.5,754897.3945
5,150,5,147.6,1006529.859
5,150,5,147.7,503264.9297
5,150,5,147.8,1006529.859
5,150,5,147.9,629081.1621
5,150,5,148,503264.9297
5,150,5,148.1,503264.9297
5,150,5,148.2,754897.3945
5,150,5,148.3,251632.4648
5,150,5,148.4,629081.1621
5,150,5,148.5,251632.4648
5,150,5,148.6,125816.2324
5,150,5,148.7,754897.3945
5,150,5,148.8,754897.3945
5,150,5,148.9,503264.9297
5,150,5,149,251632.4648
5,150,5,149.1,251632.4648
5,150,5,149.2,251632.4648
5,150,5,149.3,629081.1621
5,150,5,149.4,377448.6972
5,150,5,149.5,251632.4648
5,150,5,149.6,754897.3945
5,150,5,149.7,125816.2324
5,150,5,150,125816.2324
5,40,7,4.4,64761.22351
5,40,7,4.9,64761.22351
5,40,7,5.2,129522.447
5,40,7,5.6,129522.447
5,40,7,5.7,259044.894
5,40,7,5.8,259044.894
5,40,7,5.9,388567.341
5,40,7,6,388567.341
5,40,7,6.1,712373.4586
5,40,7,6.2,388567.341
5,40,7,6.3,906657.1291
5,40,7,6.4,518089.788
5,40,7,6.5,1165702.023
5,40,7,6.6,1230463.247
5,40,7,6.7,647612.2351
5,40,7,6.8,906657.1291
5,40,7,6.9,1942836.705
5,40,7,7,1424746.917
5,40,7,7.1,2201881.599
5,40,7,7.2,2525687.717
5,40,7,7.3,1942836.705
5,40,7,7.4,6476122.351
5,40,7,7.5,2266642.823
5,40,7,7.6,3432344.846
5,40,7,7.7,4144718.304
5,40,7,7.8,3043777.505
5,40,7,7.9,4403763.198
5,40,7,8,5634226.445
5,40,7,8.1,3561867.293
5,40,7,8.2,5116136.657
5,40,7,8.3,18327426.25
5,40,7,8.4,136775704
5,40,7,8.5,6087555.01
5,40,7,8.6,6411361.127
5,40,7,8.7,7836108.044
5,40,7,8.8,9390377.408
5,40,7,8.9,7965630.491
5,40,7,9,6411361.127
5,40,7,9.1,8224675.385
5,40,7,9.2,6799928.468
5,40,7,9.3,8418959.056
5,40,7,9.4,7447540.703
5,40,7,9.5,14182707.95
5,40,7,9.6,13081767.15
5,40,7,9.7,113850230.9
5,40,7,9.8,16643634.44
5,40,7,9.9,15154126.3
5,40,7,10,57637488.92
5,40,7,10.1,11138930.44
5,40,7,10.2,9260854.961
5,40,7,10.3,2137120.376
5,40,7,10.4,2137120.376
5,40,7,10.5,2331404.046
5,40,7,10.6,2072359.152
5,40,7,10.7,2525687.717
5,40,7,10.8,2396165.27
5,40,7,10.9,2914255.058
5,40,7,11,3561867.293
5,40,7,11.1,3302822.399
5,40,7,11.2,2460926.493
5,40,7,11.3,13081767.15
5,40,7,11.4,3043777.505
5,40,7,11.5,2525687.717
5,40,7,11.6,1813314.258
5,40,7,11.7,2784732.611
5,40,7,11.8,2266642.823
5,40,7,11.9,1683791.811
5,40,7,12,2201881.599
5,40,7,12.1,1683791.811
5,40,7,12.2,1230463.247
5,40,7,12.3,1748553.035
5,40,7,12.4,1942836.705
5,40,7,12.5,2007597.929
5,40,7,12.6,1489508.141
5,40,7,12.7,2460926.493
5,40,7,12.8,2331404.046
5,40,7,12.9,1683791.811
5,40,7,13,2331404.046
5,40,7,13.1,2201881.599
5,40,7,13.2,1813314.258
5,40,7,13.3,2137120.376
5,40,7,13.4,2525687.717
5,40,7,13.5,2590448.94
5,40,7,13.6,2460926.493
5,40,7,13.7,3367583.622
5,40,7,13.8,2525687.717
5,40,7,13.9,3043777.505
5,40,7,14,3950434.634
5,40,7,14.1,3561867.293
5,40,7,14.2,2719971.387
5,40,7,14.3,3561867.293
5,40,7,14.4,4274240.751
5,40,7,14.5,3691389.74
5,40,7,14.6,3043777.505
5,40,7,14.7,3820912.187
5,40,7,14.8,3561867.293
5,40,7,14.9,2979016.281
5,40,7,15,3238061.175
5,40,7,15.1,3173299.952
5,40,7,15.2,4598046.869
5,40,7,15.3,4403763.198
5,40,7,15.4,4727569.316
5,40,7,15.5,3497106.069
5,40,7,15.6,4274240.751
5,40,7,15.7,5245659.104
5,40,7,15.8,3497106.069
5,40,7,15.9,4598046.869
5,40,7,16,4468524.422
5,40,7,16.1,4468524.422
5,40,7,16.2,3885673.41
5,40,7,16.3,4921852.986
5,40,7,16.4,5180897.88
5,40,7,16.5,4274240.751
5,40,7,16.6,4857091.763
5,40,7,16.7,4921852.986
5,40,7,16.8,4727569.316
5,40,7,16.9,4274240.751
5,40,7,17,4986614.21
5,40,7,17.1,5245659.104
5,40,7,17.2,4598046.869
5,40,7,17.3,4339001.975
5,40,7,17.4,5180897.88
5,40,7,17.5,4986614.21
5,40,7,17.6,4468524.422
5,40,7,17.7,6281838.68
5,40,7,17.8,5245659.104
5,40,7,17.9,5634226.445
5,40,7,18,5504703.998
5,40,7,18.1,5569465.221
5,40,7,18.2,5180897.88
5,40,7,18.3,6605644.798
5,40,7,18.4,4921852.986
5,40,7,18.5,6799928.468
5,40,7,18.6,6152316.233
5,40,7,18.7,4403763.198
5,40,7,18.8,5893271.339
5,40,7,18.9,5504703.998
5,40,7,19,6087555.01
5,40,7,19.1,5698987.669
5,40,7,19.2,6476122.351
5,40,7,19.3,6346599.904
5,40,7,19.4,5958032.563
5,40,7,19.5,6022793.786
5,40,7,19.6,6540883.574
5,40,7,19.7,6217077.457
5,40,7,19.8,4921852.986
5,40,7,19.9,5310420.327
5,40,7,20,6994212.139
5,40,7,20.1,5763748.892
5,40,7,20.2,5893271.339
5,40,7,20.3,6346599.904
5,40,7,20.4,7123734.586
5,40,7,20.5,6735167.245
5,40,7,20.6,5698987.669
5,40,7,20.7,5634226.445
5,40,7,20.8,6022793.786
5,40,7,20.9,5375181.551
5,40,7,21,6281838.68
5,40,7,21.1,6152316.233
5,40,7,21.2,6605644.798
5,40,7,21.3,6217077.457
5,40,7,21.4,7447540.703
5,40,7,21.5,6346599.904
5,40,7,21.6,5958032.563
5,40,7,21.7,6670406.021
5,40,7,21.8,6281838.68
5,40,7,21.9,6281838.68
5,40,7,22,5310420.327
5,40,7,22.1,6022793.786
5,40,7,22.2,6864689.692
5,40,7,22.3,6476122.351
5,40,7,22.4,5245659.104
5,40,7,22.5,6346599.904
5,40,7,22.6,6735167.245
5,40,7,22.7,5958032.563
5,40,7,22.8,7382779.48
5,40,7,22.9,6346599.904
5,40,7,23,5828510.116
5,40,7,23.1,5893271.339
5,40,7,23.2,5634226.445
5,40,7,23.3,5375181.551
5,40,7,23.4,6864689.692
5,40,7,23.5,6994212.139
5,40,7,23.6,5828510.116
5,40,7,23.7,4921852.986
5,40,7,23.8,6346599.904
5,40,7,23.9,5763748.892
5,40,7,24,5698987.669
5,40,7,24.1,4662808.092
5,40,7,24.2,5698987.669
5,40,7,24.3,6152316.233
5,40,7,24.4,5958032.563
5,40,7,24.5,6605644.798
5,40,7,24.6,5893271.339
5,40,7,24.7,6864689.692
5,40,7,24.8,6670406.021
5,40,7,24.9,6217077.457
5,40,7,25,5569465.221
5,40,7,25.1,5634226.445
5,40,7,25.2,5763748.892
5,40,7,25.3,5116136.657
5,40,7,25.4,4727569.316
5,40,7,25.5,6476122.351
5,40,7,25.6,5439942.774
5,40,7,25.7,6087555.01
5,40,7,25.8,5569465.221
5,40,7,25.9,4986614.21
5,40,7,26,4921852.986
5,40,7,26.1,5051375.433
5,40,7,26.2,5828510.116
5,40,7,26.3,5893271.339
5,40,7,26.4,6346599.904
5,40,7,26.5,5634226.445
5,40,7,26.6,5180897.88
5,40,7,26.7,6540883.574
5,40,7,26.8,4274240.751
5,40,7,26.9,4339001.975
5,40,7,27,6346599.904
5,40,7,27.1,5504703.998
5,40,7,27.2,5634226.445
5,40,7,27.3,5051375.433
5,40,7,27.4,4921852.986
5,40,7,27.5,5310420.327
5,40,7,27.6,6929450.915
5,40,7,27.7,4857091.763
5,40,7,27.8,4403763.198
5,40,7,27.9,4662808.092
5,40,7,28,5375181.551
5,40,7,28.1,5245659.104
5,40,7,28.2,4209479.528
5,40,7,28.3,4986614.21
5,40,7,28.4,5180897.88
5,40,7,28.5,4792330.539
5,40,7,28.6,4921852.986
5,40,7,28.7,5245659.104
5,40,7,28.8,4403763.198
5,40,7,28.9,4209479.528
5,40,7,29,5763748.892
5,40,7,29.1,4662808.092
5,40,7,29.2,4921852.986
5,40,7,29.3,4079957.081
5,40,7,29.4,4857091.763
5,40,7,29.5,4921852.986
5,40,7,29.6,4533285.645
5,40,7,29.7,4727569.316
5,40,7,29.8,4144718.304
5,40,7,29.9,4727569.316
5,40,7,30,4598046.869
5,40,7,30.1,4209479.528
5,40,7,30.2,4339001.975
5,40,7,30.3,4468524.422
5,40,7,30.4,4662808.092
5,40,7,30.5,3950434.634
5,40,7,30.6,3756150.963
5,40,7,30.7,3302822.399
5,40,7,30.8,4921852.986
5,40,7,30.9,4662808.092
5,40,7,31,4339001.975
5,40,7,31.1,4986614.21
5,40,7,31.2,4274240.751
5,40,7,31.3,3950434.634
5,40,7,31.4,3561867.293
5,40,7,31.5,4209479.528
5,40,7,31.6,2979016.281
5,40,7,31.7,3626628.516
5,40,7,31.8,3561867.293
5,40,7,31.9,3626628.516
5,40,7,32,2719971.387
5,40,7,32.1,3238061.175
5,40,7,32.2,3561867.293
5,40,7,32.3,4468524.422
5,40,7,32.4,3691389.74
5,40,7,32.5,3756150.963
5,40,7,32.6,3950434.634
5,40,7,32.7,3173299.952
5,40,7,32.8,2979016.281
5,40,7,32.9,3043777.505
5,40,7,33,3885673.41
5,40,7,33.1,2201881.599
5,40,7,33.2,3238061.175
5,40,7,33.3,3561867.293
5,40,7,33.4,3561867.293
5,40,7,33.5,2460926.493
5,40,7,33.6,2849493.834
5,40,7,33.7,2655210.164
5,40,7,33.8,3691389.74
5,40,7,33.9,3756150.963
5,40,7,34,2590448.94
5,40,7,34.1,2784732.611
5,40,7,34.2,3367583.622
5,40,7,34.3,3108538.728
5,40,7,34.4,2849493.834
5,40,7,34.5,3173299.952
5,40,7,34.6,3302822.399
5,40,7,34.7,2460926.493
5,40,7,34.8,3302822.399
5,40,7,34.9,3367583.622
5,40,7,35,2460926.493
5,40,7,35.1,2914255.058
5,40,7,35.2,2266642.823
5,40,7,35.3,2784732.611
5,40,7,35.4,3043777.505
5,40,7,35.5,2525687.717
5,40,7,35.6,2331404.046
5,40,7,35.7,1942836.705
5,40,7,35.8,2266642.823
5,40,7,35.9,2396165.27
5,40,7,36,2590448.94
5,40,7,36.1,2201881.599
5,40,7,36.2,2137120.376
5,40,7,36.3,2007597.929
5,40,7,36.4,2201881.599
5,40,7,36.5,2460926.493
5,40,7,36.6,2266642.823
5,40,7,36.7,2719971.387
5,40,7,36.8,2590448.94
5,40,7,36.9,2266642.823
5,40,7,37,2072359.152
5,40,7,37.1,2460926.493
5,40,7,37.2,2137120.376
5,40,7,37.3,2072359.152
5,40,7,37.4,1359985.694
5,40,7,37.5,1100940.8
5,40,7,37.6,1942836.705
5,40,7,37.7,2137120.376
5,40,7,37.8,1619030.588
5,40,7,37.9,1683791.811
5,40,7,38,1359985.694
5,40,7,38.1,1748553.035
5,40,7,38.2,2396165.27
5,40,7,38.3,1295224.47
5,40,7,38.4,1295224.47
5,40,7,38.5,1489508.141
5,40,7,38.6,1878075.482
5,40,7,38.7,1165702.023
5,40,7,38.8,971418.3526
5,40,7,38.9,1230463.247
5,40,7,39,712373.4586
5,40,7,39.1,1036179.576
5,40,7,39.2,906657.1291
5,40,7,39.3,841895.9056
5,40,7,39.4,906657.1291
5,40,7,39.5,1100940.8
5,40,7,39.6,712373.4586
5,40,7,39.7,712373.4586
5,40,7,39.8,259044.894
5,40,7,39.9,194283.6705
5,40,7,40,64761.22351
5,80,7,4.3,104427.4729
5,80,7,4.4,104427.4729
5,80,7,4.9,208854.9458
5,80,7,5,208854.9458
5,80,7,5.1,208854.9458
5,80,7,5.2,313282.4187
5,80,7,5.3,626564.8374
5,80,7,5.4,522137.3645
5,80,7,5.5,939847.2561
5,80,7,5.6,626564.8374
5,80,7,5.7,1566412.094
5,80,7,5.8,1566412.094
5,80,7,5.9,2192976.931
5,80,7,6,3341679.133
5,80,7,6.1,1461984.621
5,80,7,6.2,3028396.714
5,80,7,6.3,3132824.187
5,80,7,6.4,3446106.606
5,80,7,6.5,3759389.025
5,80,7,6.6,5325801.118
5,80,7,6.7,4803663.754
5,80,7,6.8,4490381.335
5,80,7,6.9,7205495.63
5,80,7,7,7623205.522
5,80,7,7.1,8145342.886
5,80,7,7.2,10547174.76
5,80,7,7.3,8563052.778
5,80,7,7.4,26942288.01
5,80,7,7.5,11069312.13
5,80,7,7.6,11695876.97
5,80,7,7.7,12322441.8
5,80,7,7.8,12740151.69
5,80,7,7.9,13679998.95
5,80,7,8,14619846.21
5,80,7,8.1,14515418.73
5,80,7,8.2,17230533.03
5,80,7,8.3,81244573.92
5,80,7,8.4,623745295.6
5,80,7,8.5,17752670.39
5,80,7,8.6,20676639.63
5,80,7,8.7,18796945.12
5,80,7,8.8,27568852.85
5,80,7,8.9,24122746.24
5,80,7,9,22974044.04
5,80,7,9.1,22660761.62
5,80,7,9.2,23600608.88
5,80,7,9.3,23391753.93
5,80,7,9.4,22974044.04
5,80,7,9.5,56808545.26
5,80,7,9.6,42188699.05
5,80,7,9.7,521824082.1
5,80,7,9.8,67773429.91
5,80,7,9.9,52422591.4
5,80,7,10,237676928.3
5,80,7,10.1,31328241.87
5,80,7,10.2,27464425.37
5,80,7,10.3,6683358.266
5,80,7,10.4,8145342.886
5,80,7,10.5,7623205.522
5,80,7,10.6,7936487.941
5,80,7,10.7,8876335.197
5,80,7,10.8,8040915.414
5,80,7,10.9,10442747.29
5,80,7,11,10547174.76
5,80,7,11.1,9920609.926
5,80,7,11.2,11695876.97
5,80,7,11.3,59836941.97
5,80,7,11.4,10964884.65
5,80,7,11.5,10756029.71
5,80,7,11.6,10442747.29
5,80,7,11.7,9294045.088
5,80,7,11.8,7414350.576
5,80,7,11.9,6474503.32
5,80,7,12,10025037.4
5,80,7,12.1,8667480.251
5,80,7,12.2,7309923.103
5,80,7,12.3,7623205.522
5,80,7,12.4,5534656.064
5,80,7,12.5,7623205.522
5,80,7,12.6,7623205.522
5,80,7,12.7,8040915.414
5,80,7,12.8,6892213.212
5,80,7,12.9,6056793.428
5,80,7,13,7727632.995
5,80,7,13.1,8458625.305
5,80,7,13.2,7205495.63
5,80,7,13.3,7936487.941
5,80,7,13.4,9920609.926
5,80,7,13.5,8876335.197
5,80,7,13.6,10129464.87
5,80,7,13.7,8980762.67
5,80,7,13.8,9920609.926
5,80,7,13.9,8876335.197
5,80,7,14,10756029.71
5,80,7,14.1,9816182.453
5,80,7,14.2,12218014.33
5,80,7,14.3,10756029.71
5,80,7,14.4,12949006.64
5,80,7,14.5,11800304.44
5,80,7,14.6,11278167.07
5,80,7,14.7,12635724.22
5,80,7,14.8,12426869.28
5,80,7,14.9,12113586.86
5,80,7,15,11904731.91
5,80,7,15.1,13053434.11
5,80,7,15.2,13157861.59
5,80,7,15.3,15246411.04
5,80,7,15.4,15141983.57
5,80,7,15.5,13157861.59
5,80,7,15.6,14724273.68
5,80,7,15.7,15455265.99
5,80,7,15.8,12218014.33
5,80,7,15.9,13157861.59
5,80,7,16,15977403.35
5,80,7,16.1,12949006.64
5,80,7,16.2,12635724.22
5,80,7,16.3,14410991.26
5,80,7,16.4,16603968.19
5,80,7,16.5,17021678.08
5,80,7,16.6,16186258.3
5,80,7,16.7,14619846.21
5,80,7,16.8,16917250.61
5,80,7,16.9,17021678.08
5,80,7,17,17961525.34
5,80,7,17.1,15559693.46
5,80,7,17.2,15977403.35
5,80,7,17.3,16603968.19
5,80,7,17.4,18796945.12
5,80,7,17.5,17857097.87
5,80,7,17.6,17439387.97
5,80,7,17.7,16081830.83
5,80,7,17.8,19110227.54
5,80,7,17.9,15977403.35
5,80,7,18,17752670.39
5,80,7,18.1,17961525.34
5,80,7,18.2,15872975.88
5,80,7,18.3,17543815.45
5,80,7,18.4,17126105.56
5,80,7,18.5,18901372.6
5,80,7,18.6,17857097.87
5,80,7,18.7,18379235.23
5,80,7,18.8,18796945.12
5,80,7,18.9,18901372.6
5,80,7,19,17439387.97
5,80,7,19.1,19110227.54
5,80,7,19.2,19632364.91
5,80,7,19.3,17126105.56
5,80,7,19.4,18483662.7
5,80,7,19.5,19319082.49
5,80,7,19.6,15455265.99
5,80,7,19.7,17961525.34
5,80,7,19.8,17961525.34
5,80,7,19.9,18065952.81
5,80,7,20,20258929.74
5,80,7,20.1,17857097.87
5,80,7,20.2,20050074.8
5,80,7,20.3,19945647.32
5,80,7,20.4,20676639.63
5,80,7,20.5,17648242.92
5,80,7,20.6,18483662.7
5,80,7,20.7,20885494.58
5,80,7,20.8,19632364.91
5,80,7,20.9,18901372.6
5,80,7,21,19005800.07
5,80,7,21.1,18901372.6
5,80,7,21.2,19214655.01
5,80,7,21.3,18692517.65
5,80,7,21.4,19423509.96
5,80,7,21.5,18379235.23
5,80,7,21.6,19005800.07
5,80,7,21.7,17752670.39
5,80,7,21.8,20154502.27
5,80,7,21.9,17857097.87
5,80,7,22,19527937.43
5,80,7,22.1,19423509.96
5,80,7,22.2,19632364.91
5,80,7,22.3,18379235.23
5,80,7,22.4,20989922.05
5,80,7,22.5,20258929.74
5,80,7,22.6,19423509.96
5,80,7,22.7,20989922.05
5,80,7,22.8,19527937.43
5,80,7,22.9,19005800.07
5,80,7,23,19423509.96
5,80,7,23.1,20781067.11
5,80,7,23.2,16186258.3
5,80,7,23.3,19423509.96
5,80,7,23.4,18796945.12
5,80,7,23.5,19736792.38
5,80,7,23.6,21198777
5,80,7,23.7,22869616.57
5,80,7,23.8,19423509.96
5,80,7,23.9,19841219.85
5,80,7,24,16812823.14
5,80,7,24.1,19214655.01
5,80,7,24.2,17857097.87
5,80,7,24.3,17126105.56
5,80,7,24.4,19632364.91
5,80,7,24.5,19214655.01
5,80,7,24.6,20363357.22
5,80,7,24.7,20676639.63
5,80,7,24.8,18692517.65
5,80,7,24.9,17648242.92
5,80,7,25,19945647.32
5,80,7,25.1,18692517.65
5,80,7,25.2,17857097.87
5,80,7,25.3,18588090.18
5,80,7,25.4,19005800.07
5,80,7,25.5,21198777
5,80,7,25.6,19423509.96
5,80,7,25.7,19005800.07
5,80,7,25.8,20363357.22
5,80,7,25.9,16081830.83
5,80,7,26,22138624.26
5,80,7,26.1,17857097.87
5,80,7,26.2,17648242.92
5,80,7,26.3,18065952.81
5,80,7,26.4,20467784.69
5,80,7,26.5,16812823.14
5,80,7,26.6,20154502.27
5,80,7,26.7,20572212.16
5,80,7,26.8,20989922.05
5,80,7,26.9,19736792.38
5,80,7,27,19527937.43
5,80,7,27.1,17543815.45
5,80,7,27.2,17857097.87
5,80,7,27.3,19214655.01
5,80,7,27.4,18065952.81
5,80,7,27.5,17334960.5
5,80,7,27.6,19110227.54
5,80,7,27.7,18901372.6
5,80,7,27.8,16499540.72
5,80,7,27.9,18588090.18
5,80,7,28,17439387.97
5,80,7,28.1,18274807.76
5,80,7,28.2,18588090.18
5,80,7,28.3,17230533.03
5,80,7,28.4,16812823.14
5,80,7,28.5,18588090.18
5,80,7,28.6,17752670.39
5,80,7,28.7,14724273.68
5,80,7,28.8,17230533.03
5,80,7,28.9,18379235.23
5,80,7,29,18588090.18
5,80,7,29.1,17439387.97
5,80,7,29.2,16917250.61
5,80,7,29.3,16499540.72
5,80,7,29.4,18170380.29
5,80,7,29.5,17334960.5
5,80,7,29.6,14410991.26
5,80,7,29.7,17439387.97
5,80,7,29.8,17334960.5
5,80,7,29.9,17021678.08
5,80,7,30,18692517.65
5,80,7,30.1,17857097.87
5,80,7,30.2,18901372.6
5,80,7,30.3,18588090.18
5,80,7,30.4,16917250.61
5,80,7,30.5,15246411.04
5,80,7,30.6,15977403.35
5,80,7,30.7,15768548.41
5,80,7,30.8,15037556.1
5,80,7,30.9,18065952.81
5,80,7,31,17126105.56
5,80,7,31.1,15977403.35
5,80,7,31.2,16603968.19
5,80,7,31.3,17334960.5
5,80,7,31.4,17752670.39
5,80,7,31.5,16812823.14
5,80,7,31.6,17961525.34
5,80,7,31.7,14306563.79
5,80,7,31.8,15768548.41
5,80,7,31.9,15350838.52
5,80,7,32,14724273.68
5,80,7,32.1,15455265.99
5,80,7,32.2,14724273.68
5,80,7,32.3,18483662.7
5,80,7,32.4,16290685.77
5,80,7,32.5,16395113.25
5,80,7,32.6,16290685.77
5,80,7,32.7,15872975.88
5,80,7,32.8,16081830.83
5,80,7,32.9,14515418.73
5,80,7,33,14933128.63
5,80,7,33.1,13157861.59
5,80,7,33.2,11487022.02
5,80,7,33.3,14202136.31
5,80,7,33.4,15141983.57
5,80,7,33.5,15664120.94
5,80,7,33.6,12844579.17
5,80,7,33.7,14202136.31
5,80,7,33.8,14097708.84
5,80,7,33.9,14828701.15
5,80,7,34,15350838.52
5,80,7,34.1,12531296.75
5,80,7,34.2,14619846.21
5,80,7,34.3,12426869.28
5,80,7,34.4,15977403.35
5,80,7,34.5,13784426.42
5,80,7,34.6,12218014.33
5,80,7,34.7,15350838.52
5,80,7,34.8,12426869.28
5,80,7,34.9,15350838.52
5,80,7,35,14619846.21
5,80,7,35.1,13575571.48
5,80,7,35.2,14097708.84
5,80,7,35.3,13157861.59
5,80,7,35.4,16499540.72
5,80,7,35.5,13575571.48
5,80,7,35.6,14410991.26
5,80,7,35.7,12844579.17
5,80,7,35.8,13471144
5,80,7,35.9,11800304.44
5,80,7,36,13888853.9
5,80,7,36.1,12949006.64
5,80,7,36.2,13053434.11
5,80,7,36.3,13679998.95
5,80,7,36.4,13157861.59
5,80,7,36.5,15141983.57
5,80,7,36.6,13784426.42
5,80,7,36.7,13888853.9
5,80,7,36.8,13888853.9
5,80,7,36.9,12844579.17
5,80,7,37,14619846.21
5,80,7,37.1,13993281.37
5,80,7,37.2,13888853.9
5,80,7,37.3,13157861.59
5,80,7,37.4,11278167.07
5,80,7,37.5,13888853.9
5,80,7,37.6,12113586.86
5,80,7,37.7,12635724.22
5,80,7,37.8,10442747.29
5,80,7,37.9,12426869.28
5,80,7,38,11487022.02
5,80,7,38.1,12531296.75
5,80,7,38.2,12949006.64
5,80,7,38.3,11487022.02
5,80,7,38.4,11487022.02
5,80,7,38.5,11382594.55
5,80,7,38.6,11591449.49
5,80,7,38.7,10964884.65
5,80,7,38.8,12635724.22
5,80,7,38.9,11278167.07
5,80,7,39,10233892.34
5,80,7,39.1,12531296.75
5,80,7,39.2,12531296.75
5,80,7,39.3,12740151.69
5,80,7,39.4,13053434.11
5,80,7,39.5,12531296.75
5,80,7,39.6,12218014.33
5,80,7,39.7,11695876.97
5,80,7,39.8,10651602.24
5,80,7,39.9,13262289.06
5,80,7,40,12740151.69
5,80,7,40.1,11278167.07
5,80,7,40.2,12009159.38
5,80,7,40.3,13262289.06
5,80,7,40.4,13366716.53
5,80,7,40.5,12740151.69
5,80,7,40.6,14097708.84
5,80,7,40.7,12844579.17
5,80,7,40.8,11069312.13
5,80,7,40.9,9711754.98
5,80,7,41,10547174.76
5,80,7,41.1,12322441.8
5,80,7,41.2,10442747.29
5,80,7,41.3,11069312.13
5,80,7,41.4,11173739.6
5,80,7,41.5,10860457.18
5,80,7,41.6,10651602.24
5,80,7,41.7,9920609.926
5,80,7,41.8,11487022.02
5,80,7,41.9,9920609.926
5,80,7,42,11591449.49
5,80,7,42.1,10547174.76
5,80,7,42.2,9920609.926
5,80,7,42.3,10860457.18
5,80,7,42.4,10756029.71
5,80,7,42.5,9398472.561
5,80,7,42.6,7727632.995
5,80,7,42.7,9398472.561
5,80,7,42.8,12949006.64
5,80,7,42.9,10338319.82
5,80,7,43,10651602.24
5,80,7,43.1,9711754.98
5,80,7,43.2,10651602.24
5,80,7,43.3,10338319.82
5,80,7,43.4,9502900.034
5,80,7,43.5,10338319.82
5,80,7,43.6,10129464.87
5,80,7,43.7,8980762.67
5,80,7,43.8,11382594.55
5,80,7,43.9,13157861.59
5,80,7,44,10547174.76
5,80,7,44.1,10233892.34
5,80,7,44.2,11278167.07
5,80,7,44.3,9607327.507
5,80,7,44.4,10547174.76
5,80,7,44.5,11069312.13
5,80,7,44.6,10338319.82
5,80,7,44.7,9398472.561
5,80,7,44.8,9085190.143
5,80,7,44.9,9920609.926
5,80,7,45,10025037.4
5,80,7,45.1,10233892.34
5,80,7,45.2,9607327.507
5,80,7,45.3,11173739.6
5,80,7,45.4,9816182.453
5,80,7,45.5,11278167.07
5,80,7,45.6,10129464.87
5,80,7,45.7,9816182.453
5,80,7,45.8,10025037.4
5,80,7,45.9,11173739.6
5,80,7,46,11591449.49
5,80,7,46.1,9294045.088
5,80,7,46.2,12218014.33
5,80,7,46.3,10651602.24
5,80,7,46.4,8354197.832
5,80,7,46.5,10129464.87
5,80,7,46.6,8458625.305
5,80,7,46.7,8980762.67
5,80,7,46.8,8980762.67
5,80,7,46.9,8458625.305
5,80,7,47,9816182.453
5,80,7,47.1,10338319.82
5,80,7,47.2,9502900.034
5,80,7,47.3,8771907.724
5,80,7,47.4,7832060.468
5,80,7,47.5,9711754.98
5,80,7,47.6,7936487.941
5,80,7,47.7,9502900.034
5,80,7,47.8,9294045.088
5,80,7,47.9,8040915.414
5,80,7,48,8354197.832
5,80,7,48.1,7936487.941
5,80,7,48.2,8667480.251
5,80,7,48.3,7309923.103
5,80,7,48.4,8771907.724
5,80,7,48.5,9189617.615
5,80,7,48.6,8980762.67
5,80,7,48.7,8040915.414
5,80,7,48.8,7727632.995
5,80,7,48.9,7101068.157
5,80,7,49,8458625.305
5,80,7,49.1,8458625.305
5,80,7,49.2,9294045.088
5,80,7,49.3,6578930.793
5,80,7,49.4,8876335.197
5,80,7,49.5,7101068.157
5,80,7,49.6,6578930.793
5,80,7,49.7,8980762.67
5,80,7,49.8,8667480.251
5,80,7,49.9,9189617.615
5,80,7,50,8249770.359
5,80,7,50.1,7936487.941
5,80,7,50.2,8354197.832
5,80,7,50.3,8458625.305
5,80,7,50.4,7205495.63
5,80,7,50.5,7623205.522
5,80,7,50.6,8771907.724
5,80,7,50.7,7518778.049
5,80,7,50.8,8145342.886
5,80,7,50.9,7727632.995
5,80,7,51,8876335.197
5,80,7,51.1,7727632.995
5,80,7,51.2,8458625.305
5,80,7,51.3,7623205.522
5,80,7,51.4,7309923.103
5,80,7,51.5,7936487.941
5,80,7,51.6,7832060.468
5,80,7,51.7,7832060.468
5,80,7,51.8,7309923.103
5,80,7,51.9,8145342.886
5,80,7,52,6996640.684
5,80,7,52.1,8040915.414
5,80,7,52.2,5743511.01
5,80,7,52.3,6474503.32
5,80,7,52.4,6892213.212
5,80,7,52.5,5847938.483
5,80,7,52.6,7832060.468
5,80,7,52.7,6370075.847
5,80,7,52.8,6683358.266
5,80,7,52.9,7832060.468
5,80,7,53,7414350.576
5,80,7,53.1,6892213.212
5,80,7,53.2,8667480.251
5,80,7,53.3,7414350.576
5,80,7,53.4,7727632.995
5,80,7,53.5,6161220.901
5,80,7,53.6,7205495.63
5,80,7,53.7,7518778.049
5,80,7,53.8,6787785.739
5,80,7,53.9,5847938.483
5,80,7,54,5847938.483
5,80,7,54.1,7936487.941
5,80,7,54.2,6370075.847
5,80,7,54.3,4803663.754
5,80,7,54.4,6056793.428
5,80,7,54.5,6370075.847
5,80,7,54.6,7518778.049
5,80,7,54.7,4908091.226
5,80,7,54.8,6996640.684
5,80,7,54.9,7205495.63
5,80,7,55,6892213.212
5,80,7,55.1,7936487.941
5,80,7,55.2,6787785.739
5,80,7,55.3,6265648.374
5,80,7,55.4,6474503.32
5,80,7,55.5,5847938.483
5,80,7,55.6,6056793.428
5,80,7,55.7,6161220.901
5,80,7,55.8,6161220.901
5,80,7,55.9,7309923.103
5,80,7,56,7309923.103
5,80,7,56.1,5534656.064
5,80,7,56.2,6161220.901
5,80,7,56.3,6265648.374
5,80,7,56.4,5952365.955
5,80,7,56.5,5534656.064
5,80,7,56.6,6056793.428
5,80,7,56.7,5116946.172
5,80,7,56.8,6787785.739
5,80,7,56.9,6996640.684
5,80,7,57,5221373.645
5,80,7,57.1,4908091.226
5,80,7,57.2,5221373.645
5,80,7,57.3,5952365.955
5,80,7,57.4,6683358.266
5,80,7,57.5,5639083.537
5,80,7,57.6,5534656.064
5,80,7,57.7,5325801.118
5,80,7,57.8,5847938.483
5,80,7,57.9,5743511.01
5,80,7,58,4908091.226
5,80,7,58.1,15246411.04
5,80,7,58.2,5221373.645
5,80,7,58.3,6578930.793
5,80,7,58.4,4908091.226
5,80,7,58.5,5743511.01
5,80,7,58.6,5116946.172
5,80,7,58.7,6056793.428
5,80,7,58.8,5430228.591
5,80,7,58.9,4803663.754
5,80,7,59,5534656.064
5,80,7,59.1,6683358.266
5,80,7,59.2,5847938.483
5,80,7,59.3,4594808.808
5,80,7,59.4,5847938.483
5,80,7,59.5,19527937.43
5,80,7,59.6,5116946.172
5,80,7,59.7,4072671.443
5,80,7,59.8,5847938.483
5,80,7,59.9,4281526.389
5,80,7,60,5534656.064
5,80,7,60.1,6056793.428
5,80,7,60.2,6578930.793
5,80,7,60.3,5639083.537
5,80,7,60.4,5012518.699
5,80,7,60.5,4072671.443
5,80,7,60.6,4490381.335
5,80,7,60.7,4385953.862
5,80,7,60.8,4177098.916
5,80,7,60.9,5534656.064
5,80,7,61,5534656.064
5,80,7,61.1,4594808.808
5,80,7,61.2,4281526.389
5,80,7,61.3,5325801.118
5,80,7,61.4,6370075.847
5,80,7,61.5,5116946.172
5,80,7,61.6,3968243.97
5,80,7,61.7,4803663.754
5,80,7,61.8,4908091.226
5,80,7,61.9,6265648.374
5,80,7,62,5116946.172
5,80,7,62.1,4281526.389
5,80,7,62.2,5116946.172
5,80,7,62.3,4490381.335
5,80,7,62.4,5430228.591
5,80,7,62.5,5221373.645
5,80,7,62.6,5534656.064
5,80,7,62.7,5325801.118
5,80,7,62.8,3968243.97
5,80,7,62.9,4699236.281
5,80,7,63,3759389.025
5,80,7,63.1,4908091.226
5,80,7,63.2,3968243.97
5,80,7,63.3,4908091.226
5,80,7,63.4,4177098.916
5,80,7,63.5,5221373.645
5,80,7,63.6,4594808.808
5,80,7,63.7,4490381.335
5,80,7,63.8,2401831.877
5,80,7,63.9,4908091.226
5,80,7,64,4699236.281
5,80,7,64.1,3550534.079
5,80,7,64.2,3446106.606
5,80,7,64.3,3550534.079
5,80,7,64.4,4908091.226
5,80,7,64.5,4385953.862
5,80,7,64.6,3759389.025
5,80,7,64.7,5534656.064
5,80,7,64.8,4594808.808
5,80,7,64.9,4594808.808
5,80,7,65,3863816.497
5,80,7,65.1,5116946.172
5,80,7,65.2,4699236.281
5,80,7,65.3,3863816.497
5,80,7,65.4,4385953.862
5,80,7,65.5,3654961.552
5,80,7,65.6,4803663.754
5,80,7,65.7,2819541.768
5,80,7,65.8,3968243.97
5,80,7,65.9,3550534.079
5,80,7,66,2923969.241
5,80,7,66.1,3759389.025
5,80,7,66.2,3654961.552
5,80,7,66.3,3550534.079
5,80,7,66.4,4281526.389
5,80,7,66.5,4281526.389
5,80,7,66.6,3132824.187
5,80,7,66.7,3341679.133
5,80,7,66.8,3654961.552
5,80,7,66.9,2819541.768
5,80,7,67,4177098.916
5,80,7,67.1,5221373.645
5,80,7,67.2,3863816.497
5,80,7,67.3,2819541.768
5,80,7,67.4,5325801.118
5,80,7,67.5,3237251.66
5,80,7,67.6,4908091.226
5,80,7,67.7,4177098.916
5,80,7,67.8,3237251.66
5,80,7,67.9,2506259.35
5,80,7,68,2401831.877
5,80,7,68.1,4385953.862
5,80,7,68.2,2715114.295
5,80,7,68.3,3237251.66
5,80,7,68.4,3759389.025
5,80,7,68.5,3446106.606
5,80,7,68.6,2819541.768
5,80,7,68.7,3341679.133
5,80,7,68.8,2819541.768
5,80,7,68.9,4281526.389
5,80,7,69,2506259.35
5,80,7,69.1,3550534.079
5,80,7,69.2,4490381.335
5,80,7,69.3,3863816.497
5,80,7,69.4,3863816.497
5,80,7,69.5,1879694.512
5,80,7,69.6,2610686.823
5,80,7,69.7,3341679.133
5,80,7,69.8,3550534.079
5,80,7,69.9,2088549.458
5,80,7,70,1984121.985
5,80,7,70.1,2819541.768
5,80,7,70.2,4072671.443
5,80,7,70.3,3028396.714
5,80,7,70.4,1775267.039
5,80,7,70.5,3132824.187
5,80,7,70.6,2506259.35
5,80,7,70.7,1984121.985
5,80,7,70.8,2192976.931
5,80,7,70.9,1775267.039
5,80,7,71,2297404.404
5,80,7,71.1,1984121.985
5,80,7,71.2,1357557.148
5,80,7,71.3,2088549.458
5,80,7,71.4,1461984.621
5,80,7,71.5,3237251.66
5,80,7,71.6,2088549.458
5,80,7,71.7,2192976.931
5,80,7,71.8,2610686.823
5,80,7,71.9,1879694.512
5,80,7,72,2192976.931
5,80,7,72.1,2297404.404
5,80,7,72.2,2610686.823
5,80,7,72.3,2715114.295
5,80,7,72.4,2297404.404
5,80,7,72.5,2610686.823
5,80,7,72.6,2297404.404
5,80,7,72.7,2715114.295
5,80,7,72.8,1461984.621
5,80,7,72.9,1775267.039
5,80,7,73,1461984.621
5,80,7,73.1,2715114.295
5,80,7,73.2,1566412.094
5,80,7,73.3,1984121.985
5,80,7,73.4,3968243.97
5,80,7,73.5,1879694.512
5,80,7,73.6,2192976.931
5,80,7,73.7,2819541.768
5,80,7,73.8,1879694.512
5,80,7,73.9,2088549.458
5,80,7,74,2401831.877
5,80,7,74.1,1879694.512
5,80,7,74.2,1879694.512
5,80,7,74.3,1879694.512
5,80,7,74.4,1775267.039
5,80,7,74.5,2088549.458
5,80,7,74.6,2401831.877
5,80,7,74.7,1253129.675
5,80,7,74.8,1461984.621
5,80,7,74.9,1566412.094
5,80,7,75,1461984.621
5,80,7,75.1,1148702.202
5,80,7,75.2,1984121.985
5,80,7,75.3,1775267.039
5,80,7,75.4,1461984.621
5,80,7,75.5,2088549.458
5,80,7,75.6,1253129.675
5,80,7,75.7,1670839.566
5,80,7,75.8,2088549.458
5,80,7,75.9,1775267.039
5,80,7,76,1148702.202
5,80,7,76.1,1461984.621
5,80,7,76.2,1461984.621
5,80,7,76.3,1566412.094
5,80,7,76.4,835419.7832
5,80,7,76.5,1670839.566
5,80,7,76.6,2401831.877
5,80,7,76.7,2192976.931
5,80,7,76.8,939847.2561
5,80,7,76.9,1148702.202
5,80,7,77,1357557.148
5,80,7,77.1,1566412.094
5,80,7,77.2,835419.7832
5,80,7,77.3,1566412.094
5,80,7,77.4,939847.2561
5,80,7,77.5,313282.4187
5,80,7,77.6,1566412.094
5,80,7,77.7,939847.2561
5,80,7,77.8,1670839.566
5,80,7,77.9,730992.3103
5,80,7,78,730992.3103
5,80,7,78.1,1044274.729
5,80,7,78.2,730992.3103
5,80,7,78.3,730992.3103
5,80,7,78.4,1357557.148
5,80,7,78.5,730992.3103
5,80,7,78.6,1253129.675
5,80,7,78.7,939847.2561
5,80,7,78.8,313282.4187
5,80,7,78.9,313282.4187
5,80,7,79,730992.3103
5,80,7,79.1,1044274.729
5,80,7,79.2,417709.8916
5,80,7,79.3,417709.8916
5,80,7,79.4,522137.3645
5,80,7,79.5,626564.8374
5,80,7,79.6,522137.3645
5,80,7,79.7,522137.3645
5,80,7,79.8,730992.3103
5,80,7,79.9,104427.4729
5,150,7,3.4,140643.0611
5,150,7,3.5,140643.0611
5,150,7,3.6,281286.1223
5,150,7,3.7,562572.2446
5,150,7,3.8,562572.2446
5,150,7,3.9,562572.2446
5,150,7,4,1125144.489
5,150,7,4.1,1406430.611
5,150,7,4.2,2109645.917
5,150,7,4.3,1828359.795
5,150,7,4.4,2390932.04
5,150,7,4.5,2531575.101
5,150,7,4.6,4500577.957
5,150,7,4.7,4500577.957
5,150,7,4.8,5625722.446
5,150,7,4.9,6188294.691
5,150,7,5,8297940.608
5,150,7,5.1,6750866.935
5,150,7,5.2,7876011.424
5,150,7,5.3,11673374.08
5,150,7,5.4,11392087.95
5,150,7,5.5,12376589.38
5,150,7,5.6,12517232.44
5,150,7,5.7,12657875.5
5,150,7,5.8,14204949.18
5,150,7,5.9,15892665.91
5,150,7,6,16595881.22
5,150,7,6.1,19690028.56
5,150,7,6.2,17299096.52
5,150,7,6.3,23065462.03
5,150,7,6.4,23346748.15
5,150,7,6.5,27987969.17
5,150,7,6.6,26300252.43
5,150,7,6.7,26862824.68
5,150,7,6.8,24893821.82
5,150,7,6.9,30800830.39
5,150,7,7,35442051.41
5,150,7,7.1,30378901.21
5,150,7,7.2,34598193.04
5,150,7,7.3,40083272.43
5,150,7,7.4,130094831.6
5,150,7,7.5,40505201.61
5,150,7,7.6,45849637.93
5,150,7,7.7,47537354.67
5,150,7,7.8,45287065.69
5,150,7,7.9,42755490.59
5,150,7,8,51334717.32
5,150,7,8.1,49084428.34
5,150,7,8.2,55835295.28
5,150,7,8.3,288318275.4
5,150,7,8.4,2210908921
5,150,7,8.5,59632657.93
5,150,7,8.6,56538510.58
5,150,7,8.7,55554009.15
5,150,7,8.8,94512137.09
5,150,7,8.9,57944941.19
5,150,7,9,56397867.52
5,150,7,9.1,62726805.27
5,150,7,9.2,62586162.21
5,150,7,9.3,72571819.55
5,150,7,9.4,66664810.98
5,150,7,9.5,161598877.3
5,150,7,9.6,114764737.9
5,150,7,9.7,1555371613
5,150,7,9.8,193946781.3
5,150,7,9.9,137408270.7
5,150,7,10,707575240.6
5,150,7,10.1,86073553.42
5,150,7,10.2,85229695.06
5,150,7,10.3,35582694.47
5,150,7,10.4,33191762.43
5,150,7,10.5,32769833.25
5,150,7,10.6,32488547.13
5,150,7,10.7,31925974.88
5,150,7,10.8,36426552.84
5,150,7,10.9,37551697.33
5,150,7,11,40223915.49
5,150,7,11.1,37411054.27
5,150,7,11.2,38536198.75
5,150,7,11.3,227419829.9
5,150,7,11.4,33754334.68
5,150,7,11.5,41911632.22
5,150,7,11.6,45146422.63
5,150,7,11.7,44161921.2
5,150,7,11.8,33191762.43
5,150,7,11.9,30519544.27
5,150,7,12,36707838.96
5,150,7,12.1,31504045.7
5,150,7,12.2,28269255.29
5,150,7,12.3,24612535.7
5,150,7,12.4,29535042.84
5,150,7,12.5,28269255.29
5,150,7,12.6,30800830.39
5,150,7,12.7,29535042.84
5,150,7,12.8,33894977.74
5,150,7,12.9,29956972.02
5,150,7,13,31363402.64
5,150,7,13.1,32347904.06
5,150,7,13.2,33473048.55
5,150,7,13.3,32629190.19
5,150,7,13.4,32910476.31
5,150,7,13.5,31785331.82
5,150,7,13.6,39801986.31
5,150,7,13.7,38676841.82
5,150,7,13.8,36989125.08
5,150,7,13.9,33894977.74
5,150,7,14,31644688.76
5,150,7,14.1,34457549.98
5,150,7,14.2,36285909.78
5,150,7,14.3,36567195.9
5,150,7,14.4,35582694.47
5,150,7,14.5,37692340.39
5,150,7,14.6,37129768.14
5,150,7,14.7,36004623.65
5,150,7,14.8,39098771
5,150,7,14.9,39661343.24
5,150,7,15,37973626.51
5,150,7,15.1,36567195.9
5,150,7,15.2,37270411.2
5,150,7,15.3,38114269.57
5,150,7,15.4,36426552.84
5,150,7,15.5,38395555.69
5,150,7,15.6,40645844.67
5,150,7,15.7,36848482.02
5,150,7,15.8,44443207.32
5,150,7,15.9,37551697.33
5,150,7,16,39380057.12
5,150,7,16.1,43739992.02
5,150,7,16.2,39520700.18
5,150,7,16.3,44021278.14
5,150,7,16.4,39239414.06
5,150,7,16.5,45005779.57
5,150,7,16.6,42192918.34
5,150,7,16.7,40927130.79
5,150,7,16.8,41067773.86
5,150,7,16.9,40645844.67
5,150,7,17,39661343.24
5,150,7,17.1,38395555.69
5,150,7,17.2,41349059.98
5,150,7,17.3,44302564.26
5,150,7,17.4,38395555.69
5,150,7,17.5,41630346.1
5,150,7,17.6,43880635.08
5,150,7,17.7,43458705.89
5,150,7,17.8,45708994.87
5,150,7,17.9,47959283.85
5,150,7,18,44583850.38
5,150,7,18.1,44021278.14
5,150,7,18.2,37411054.27
5,150,7,18.3,42896133.65
5,150,7,18.4,43739992.02
5,150,7,18.5,47959283.85
5,150,7,18.6,45146422.63
5,150,7,18.7,43036776.71
5,150,7,18.8,40927130.79
5,150,7,18.9,41911632.22
5,150,7,19,47818640.79
5,150,7,19.1,44724493.45
5,150,7,19.2,41208416.92
5,150,7,19.3,44583850.38
5,150,7,19.4,46271567.12
5,150,7,19.5,43599348.96
5,150,7,19.6,49506357.52
5,150,7,19.7,52881790.99
5,150,7,19.8,47396711.61
5,150,7,19.9,45287065.69
5,150,7,20,45568351.81
5,150,7,20.1,45568351.81
5,150,7,20.2,43318062.83
5,150,7,20.3,45990281
5,150,7,20.4,43599348.96
5,150,7,20.5,42614847.53
5,150,7,20.6,44302564.26
5,150,7,20.7,45708994.87
5,150,7,20.8,47396711.61
5,150,7,20.9,49928286.71
5,150,7,21,47256068.55
5,150,7,21.1,50068929.77
5,150,7,21.2,43458705.89
5,150,7,21.3,45146422.63
5,150,7,21.4,41208416.92
5,150,7,21.5,43458705.89
5,150,7,21.6,42192918.34
5,150,7,21.7,41770989.16
5,150,7,21.8,42333561.41
5,150,7,21.9,45568351.81
5,150,7,22,45708994.87
5,150,7,22.1,44161921.2
5,150,7,22.2,47818640.79
5,150,7,22.3,41911632.22
5,150,7,22.4,45849637.93
5,150,7,22.5,45427708.75
5,150,7,22.6,44021278.14
5,150,7,22.7,43458705.89
5,150,7,22.8,44021278.14
5,150,7,22.9,40223915.49
5,150,7,23,46412210.18
5,150,7,23.1,42474204.47
5,150,7,23.2,39520700.18
5,150,7,23.3,40083272.43
5,150,7,23.4,43739992.02
5,150,7,23.5,41630346.1
5,150,7,23.6,43177419.77
5,150,7,23.7,43599348.96
5,150,7,23.8,47256068.55
5,150,7,23.9,44443207.32
5,150,7,24,42052275.28
5,150,7,24.1,43739992.02
5,150,7,24.2,43036776.71
5,150,7,24.3,46271567.12
5,150,7,24.4,42614847.53
5,150,7,24.5,37129768.14
5,150,7,24.6,44161921.2
5,150,7,24.7,41630346.1
5,150,7,24.8,44583850.38
5,150,7,24.9,44724493.45
5,150,7,25,40223915.49
5,150,7,25.1,44583850.38
5,150,7,25.2,44302564.26
5,150,7,25.3,40364558.55
5,150,7,25.4,40364558.55
5,150,7,25.5,42755490.59
5,150,7,25.6,40364558.55
5,150,7,25.7,40927130.79
5,150,7,25.8,40083272.43
5,150,7,25.9,43036776.71
5,150,7,26,43599348.96
5,150,7,26.1,44583850.38
5,150,7,26.2,42474204.47
5,150,7,26.3,42333561.41
5,150,7,26.4,40505201.61
5,150,7,26.5,40927130.79
5,150,7,26.6,43036776.71
5,150,7,26.7,39520700.18
5,150,7,26.8,42474204.47
5,150,7,26.9,39098771
5,150,7,27,41489703.04
5,150,7,27.1,43036776.71
5,150,7,27.2,40223915.49
5,150,7,27.3,42896133.65
5,150,7,27.4,38254912.63
5,150,7,27.5,39239414.06
5,150,7,27.6,36989125.08
5,150,7,27.7,43739992.02
5,150,7,27.8,38676841.82
5,150,7,27.9,41067773.86
5,150,7,28,40786487.73
5,150,7,28.1,38254912.63
5,150,7,28.2,42192918.34
5,150,7,28.3,43880635.08
5,150,7,28.4,36848482.02
5,150,7,28.5,39239414.06
5,150,7,28.6,38395555.69
5,150,7,28.7,37411054.27
5,150,7,28.8,35863980.59
5,150,7,28.9,39098771
5,150,7,29,41489703.04
5,150,7,29.1,33191762.43
5,150,7,29.2,38395555.69
5,150,7,29.3,37832983.45
5,150,7,29.4,37270411.2
5,150,7,29.5,39942629.37
5,150,7,29.6,40364558.55
5,150,7,29.7,40223915.49
5,150,7,29.8,37973626.51
5,150,7,29.9,37270411.2
5,150,7,30,38114269.57
5,150,7,30.1,39380057.12
5,150,7,30.2,39942629.37
5,150,7,30.3,36707838.96
5,150,7,30.4,36848482.02
5,150,7,30.5,32207261
5,150,7,30.6,38676841.82
5,150,7,30.7,37411054.27
5,150,7,30.8,31082116.51
5,150,7,30.9,36004623.65
5,150,7,31,32769833.25
5,150,7,31.1,35442051.41
5,150,7,31.2,36707838.96
5,150,7,31.3,36707838.96
5,150,7,31.4,40083272.43
5,150,7,31.5,31644688.76
5,150,7,31.6,34035620.8
5,150,7,31.7,34598193.04
5,150,7,31.8,34598193.04
5,150,7,31.9,37551697.33
5,150,7,32,32769833.25
5,150,7,32.1,36989125.08
5,150,7,32.2,36707838.96
5,150,7,32.3,37270411.2
5,150,7,32.4,35160765.29
5,150,7,32.5,33754334.68
5,150,7,32.6,33473048.55
5,150,7,32.7,33473048.55
5,150,7,32.8,31925974.88
5,150,7,32.9,38536198.75
5,150,7,33,35442051.41
5,150,7,33.1,35301408.35
5,150,7,33.2,32910476.31
5,150,7,33.3,33894977.74
5,150,7,33.4,34457549.98
5,150,7,33.5,34316906.92
5,150,7,33.6,30941473.45
5,150,7,33.7,27566039.99
5,150,7,33.8,31644688.76
5,150,7,33.9,34738836.1
5,150,7,34,33473048.55
5,150,7,34.1,30800830.39
5,150,7,34.2,32629190.19
5,150,7,34.3,30800830.39
5,150,7,34.4,31504045.7
5,150,7,34.5,32066617.94
5,150,7,34.6,26581538.56
5,150,7,34.7,31925974.88
5,150,7,34.8,29253756.72
5,150,7,34.9,32769833.25
5,150,7,35,34457549.98
5,150,7,35.1,33191762.43
5,150,7,35.2,36285909.78
5,150,7,35.3,29816328.96
5,150,7,35.4,30378901.21
5,150,7,35.5,32910476.31
5,150,7,35.6,32910476.31
5,150,7,35.7,28831827.54
5,150,7,35.8,31082116.51
5,150,7,35.9,29394399.78
5,150,7,36,28972470.6
5,150,7,36.1,30800830.39
5,150,7,36.2,32488547.13
5,150,7,36.3,31222759.58
5,150,7,36.4,29956972.02
5,150,7,36.5,34035620.8
5,150,7,36.6,28691184.47
5,150,7,36.7,33191762.43
5,150,7,36.8,30941473.45
5,150,7,36.9,28831827.54
5,150,7,37,34457549.98
5,150,7,37.1,30238258.15
5,150,7,37.2,30097615.09
5,150,7,37.3,24612535.7
5,150,7,37.4,28269255.29
5,150,7,37.5,31644688.76
5,150,7,37.6,27425396.92
5,150,7,37.7,33332405.49
5,150,7,37.8,26862824.68
5,150,7,37.9,29113113.66
5,150,7,38,30378901.21
5,150,7,38.1,26862824.68
5,150,7,38.2,29535042.84
5,150,7,38.3,32488547.13
5,150,7,38.4,27144110.8
5,150,7,38.5,26722181.62
5,150,7,38.6,29253756.72
5,150,7,38.7,28972470.6
5,150,7,38.8,27425396.92
5,150,7,38.9,28269255.29
5,150,7,39,32488547.13
5,150,7,39.1,28128612.23
5,150,7,39.2,25878323.25
5,150,7,39.3,33191762.43
5,150,7,39.4,24190606.52
5,150,7,39.5,32488547.13
5,150,7,39.6,31363402.64
5,150,7,39.7,29816328.96
5,150,7,39.8,29535042.84
5,150,7,39.9,26159609.37
5,150,7,40,30097615.09
5,150,7,40.1,25737680.19
5,150,7,40.2,26440895.5
5,150,7,40.3,27144110.8
5,150,7,40.4,26300252.43
5,150,7,40.5,30941473.45
5,150,7,40.6,25737680.19
5,150,7,40.7,29675685.9
5,150,7,40.8,27144110.8
5,150,7,40.9,29816328.96
5,150,7,41,27425396.92
5,150,7,41.1,26722181.62
5,150,7,41.2,27706683.05
5,150,7,41.3,25737680.19
5,150,7,41.4,29816328.96
5,150,7,41.5,27003467.74
5,150,7,41.6,25315751.01
5,150,7,41.7,24331249.58
5,150,7,41.8,26862824.68
5,150,7,41.9,27284753.86
5,150,7,42,23909320.4
5,150,7,42.1,23909320.4
5,150,7,42.2,27706683.05
5,150,7,42.3,25034464.88
5,150,7,42.4,27987969.17
5,150,7,42.5,23628034.27
5,150,7,42.6,25597037.13
5,150,7,42.7,26018966.31
5,150,7,42.8,24331249.58
5,150,7,42.9,24049963.46
5,150,7,43,22221603.66
5,150,7,43.1,24471892.64
5,150,7,43.2,24893821.82
5,150,7,43.3,26440895.5
5,150,7,43.4,25175107.95
5,150,7,43.5,23628034.27
5,150,7,43.6,22784175.91
5,150,7,43.7,25456394.07
5,150,7,43.8,23065462.03
5,150,7,43.9,21096459.17
5,150,7,44,24893821.82
5,150,7,44.1,25034464.88
5,150,7,44.2,24893821.82
5,150,7,44.3,23346748.15
5,150,7,44.4,26159609.37
5,150,7,44.5,24471892.64
5,150,7,44.6,22221603.66
5,150,7,44.7,26159609.37
5,150,7,44.8,22784175.91
5,150,7,44.9,27003467.74
5,150,7,45,24049963.46
5,150,7,45.1,23206105.09
5,150,7,45.2,26862824.68
5,150,7,45.3,23909320.4
5,150,7,45.4,23206105.09
5,150,7,45.5,24049963.46
5,150,7,45.6,22221603.66
5,150,7,45.7,27144110.8
5,150,7,45.8,27284753.86
5,150,7,45.9,21940317.54
5,150,7,46,26862824.68
5,150,7,46.1,27003467.74
5,150,7,46.2,22362246.72
5,150,7,46.3,24190606.52
5,150,7,46.4,21940317.54
5,150,7,46.5,20111957.74
5,150,7,46.6,24049963.46
5,150,7,46.7,25315751.01
5,150,7,46.8,19830671.62
5,150,7,46.9,21377745.29
5,150,7,47,22221603.66
5,150,7,47.1,21940317.54
5,150,7,47.2,20674529.99
5,150,7,47.3,21659031.42
5,150,7,47.4,21518388.36
5,150,7,47.5,26581538.56
5,150,7,47.6,20111957.74
5,150,7,47.7,23206105.09
5,150,7,47.8,21377745.29
5,150,7,47.9,23206105.09
5,150,7,48,22080960.6
5,150,7,48.1,20533886.93
5,150,7,48.2,21940317.54
5,150,7,48.3,20252600.81
5,150,7,48.4,23065462.03
5,150,7,48.5,21237102.23
5,150,7,48.6,19830671.62
5,150,7,48.7,20955816.11
5,150,7,48.8,21237102.23
5,150,7,48.9,21659031.42
5,150,7,49,23487391.21
5,150,7,49.1,20815173.05
5,150,7,49.2,20955816.11
5,150,7,49.3,21377745.29
5,150,7,49.4,21799674.48
5,150,7,49.5,21237102.23
5,150,7,49.6,19408742.44
5,150,7,49.7,22362246.72
5,150,7,49.8,23909320.4
5,150,7,49.9,18705527.13
5,150,7,50,21518388.36
5,150,7,50.1,19549385.5
5,150,7,50.2,21799674.48
5,150,7,50.3,18986813.26
5,150,7,50.4,20533886.93
5,150,7,50.5,20955816.11
5,150,7,50.6,17439739.58
5,150,7,50.7,18002311.83
5,150,7,50.8,19127456.32
5,150,7,50.9,22362246.72
5,150,7,51,18283597.95
5,150,7,51.1,19830671.62
5,150,7,51.2,20955816.11
5,150,7,51.3,22362246.72
5,150,7,51.4,20393243.87
5,150,7,51.5,17299096.52
5,150,7,51.6,20393243.87
5,150,7,51.7,20393243.87
5,150,7,51.8,17439739.58
5,150,7,51.9,19690028.56
5,150,7,52,19690028.56
5,150,7,52.1,17439739.58
5,150,7,52.2,19971314.68
5,150,7,52.3,20815173.05
5,150,7,52.4,18986813.26
5,150,7,52.5,19971314.68
5,150,7,52.6,18846170.19
5,150,7,52.7,21940317.54
5,150,7,52.8,19549385.5
5,150,7,52.9,18142954.89
5,150,7,53,18142954.89
5,150,7,53.1,19408742.44
5,150,7,53.2,18283597.95
5,150,7,53.3,19690028.56
5,150,7,53.4,20111957.74
5,150,7,53.5,19127456.32
5,150,7,53.6,17017810.4
5,150,7,53.7,17017810.4
5,150,7,53.8,20815173.05
5,150,7,53.9,21799674.48
5,150,7,54,18986813.26
5,150,7,54.1,18705527.13
5,150,7,54.2,18142954.89
5,150,7,54.3,18564884.07
5,150,7,54.4,18002311.83
5,150,7,54.5,16033308.97
5,150,7,54.6,17017810.4
5,150,7,54.7,17299096.52
5,150,7,54.8,19690028.56
5,150,7,54.9,18846170.19
5,150,7,55,18705527.13
5,150,7,55.1,18002311.83
5,150,7,55.2,18564884.07
5,150,7,55.3,17158453.46
5,150,7,55.4,17721025.7
5,150,7,55.5,19549385.5
5,150,7,55.6,17017810.4
5,150,7,55.7,17158453.46
5,150,7,55.8,17721025.7
5,150,7,55.9,16736524.28
5,150,7,56,18846170.19
5,150,7,56.1,18986813.26
5,150,7,56.2,18564884.07
5,150,7,56.3,18424241.01
5,150,7,56.4,18283597.95
5,150,7,56.5,16455238.15
5,150,7,56.6,18283597.95
5,150,7,56.7,16455238.15
5,150,7,56.8,16033308.97
5,150,7,56.9,16595881.22
5,150,7,57,17299096.52
5,150,7,57.1,17439739.58
5,150,7,57.2,17299096.52
5,150,7,57.3,16595881.22
5,150,7,57.4,18283597.95
5,150,7,57.5,16314595.09
5,150,7,57.6,15048807.54
5,150,7,57.7,18705527.13
5,150,7,57.8,17861668.77
5,150,7,57.9,15470736.73
5,150,7,58,20815173.05
5,150,7,58.1,208011087.4
5,150,7,58.2,13923663.05
5,150,7,58.3,16595881.22
5,150,7,58.4,14204949.18
5,150,7,58.5,13783019.99
5,150,7,58.6,14767521.42
5,150,7,58.7,15048807.54
5,150,7,58.8,15048807.54
5,150,7,58.9,17299096.52
5,150,7,59,14345592.24
5,150,7,59.1,18705527.13
5,150,7,59.2,17158453.46
5,150,7,59.3,18283597.95
5,150,7,59.4,14626878.36
5,150,7,59.5,329807978.4
5,150,7,59.6,18986813.26
5,150,7,59.7,16314595.09
5,150,7,59.8,14626878.36
5,150,7,59.9,16033308.97
5,150,7,60,15611379.79
5,150,7,60.1,16736524.28
5,150,7,60.2,15189450.6
5,150,7,60.3,14908164.48
5,150,7,60.4,15048807.54
5,150,7,60.5,17861668.77
5,150,7,60.6,15330093.67
5,150,7,60.7,16877167.34
5,150,7,60.8,12798518.56
5,150,7,60.9,16736524.28
5,150,7,61,16877167.34
5,150,7,61.1,15470736.73
5,150,7,61.2,14486235.3
5,150,7,61.3,13783019.99
5,150,7,61.4,16455238.15
5,150,7,61.5,16173952.03
5,150,7,61.6,15189450.6
5,150,7,61.7,15189450.6
5,150,7,61.8,13923663.05
5,150,7,61.9,14486235.3
5,150,7,62,15330093.67
5,150,7,62.1,15470736.73
5,150,7,62.2,17861668.77
5,150,7,62.3,16033308.97
5,150,7,62.4,13783019.99
5,150,7,62.5,16877167.34
5,150,7,62.6,14486235.3
5,150,7,62.7,14626878.36
5,150,7,62.8,11673374.08
5,150,7,62.9,16033308.97
5,150,7,63,13079804.69
5,150,7,63.1,16314595.09
5,150,7,63.2,14204949.18
5,150,7,63.3,14767521.42
5,150,7,63.4,12939161.63
5,150,7,63.5,15048807.54
5,150,7,63.6,13501733.87
5,150,7,63.7,14626878.36
5,150,7,63.8,11532731.01
5,150,7,63.9,16314595.09
5,150,7,64,15892665.91
5,150,7,64.1,14345592.24
5,150,7,64.2,15189450.6
5,150,7,64.3,15470736.73
5,150,7,64.4,15048807.54
5,150,7,64.5,15330093.67
5,150,7,64.6,15048807.54
5,150,7,64.7,15189450.6
5,150,7,64.8,13783019.99
5,150,7,64.9,13783019.99
5,150,7,65,12939161.63
5,150,7,65.1,15892665.91
5,150,7,65.2,13923663.05
5,150,7,65.3,13361090.81
5,150,7,65.4,11251444.89
5,150,7,65.5,15752022.85
5,150,7,65.6,13783019.99
5,150,7,65.7,14767521.42
5,150,7,65.8,12095303.26
5,150,7,65.9,13501733.87
5,150,7,66,15048807.54
5,150,7,66.1,15611379.79
5,150,7,66.2,14767521.42
5,150,7,66.3,12376589.38
5,150,7,66.4,15892665.91
5,150,7,66.5,13923663.05
5,150,7,66.6,13642376.93
5,150,7,66.7,12235946.32
5,150,7,66.8,13501733.87
5,150,7,66.9,12376589.38
5,150,7,67,12095303.26
5,150,7,67.1,50350215.89
5,150,7,67.2,12939161.63
5,150,7,67.3,13079804.69
5,150,7,67.4,78478828.12
5,150,7,67.5,10548229.59
5,150,7,67.6,13501733.87
5,150,7,67.7,14767521.42
5,150,7,67.8,16455238.15
5,150,7,67.9,16314595.09
5,150,7,68,14064306.11
5,150,7,68.1,14767521.42
5,150,7,68.2,11251444.89
5,150,7,68.3,14204949.18
5,150,7,68.4,12657875.5
5,150,7,68.5,15048807.54
5,150,7,68.6,11954660.2
5,150,7,68.7,13220447.75
5,150,7,68.8,13501733.87
5,150,7,68.9,12235946.32
5,150,7,69,12376589.38
5,150,7,69.1,11814017.14
5,150,7,69.2,18564884.07
5,150,7,69.3,29816328.96
5,150,7,69.4,11954660.2
5,150,7,69.5,15330093.67
5,150,7,69.6,14064306.11
5,150,7,69.7,10970158.77
5,150,7,69.8,12095303.26
5,150,7,69.9,14626878.36
5,150,7,70,10688872.65
5,150,7,70.1,10548229.59
5,150,7,70.2,11110801.83
5,150,7,70.3,11673374.08
5,150,7,70.4,10407586.53
5,150,7,70.5,10970158.77
5,150,7,70.6,11251444.89
5,150,7,70.7,12939161.63
5,150,7,70.8,11673374.08
5,150,7,70.9,13501733.87
5,150,7,71,10829515.71
5,150,7,71.1,11251444.89
5,150,7,71.2,10126300.4
5,150,7,71.3,14204949.18
5,150,7,71.4,10970158.77
5,150,7,71.5,10548229.59
5,150,7,71.6,11673374.08
5,150,7,71.7,12657875.5
5,150,7,71.8,11673374.08
5,150,7,71.9,11392087.95
5,150,7,72,12798518.56
5,150,7,72.1,10829515.71
5,150,7,72.2,14767521.42
5,150,7,72.3,10688872.65
5,150,7,72.4,10266943.46
5,150,7,72.5,12657875.5
5,150,7,72.6,10688872.65
5,150,7,72.7,11673374.08
5,150,7,72.8,9141798.975
5,150,7,72.9,9001155.914
5,150,7,73,9001155.914
5,150,7,73.1,8438583.669
5,150,7,73.2,13361090.81
5,150,7,73.3,10548229.59
5,150,7,73.4,10688872.65
5,150,7,73.5,11110801.83
5,150,7,73.6,8157297.547
5,150,7,73.7,7594725.302
5,150,7,73.8,12095303.26
5,150,7,73.9,10688872.65
5,150,7,74,9282442.036
5,150,7,74.1,11954660.2
5,150,7,74.2,13923663.05
5,150,7,74.3,10688872.65
5,150,7,74.4,8438583.669
5,150,7,74.5,10407586.53
5,150,7,74.6,12235946.32
5,150,7,74.7,10829515.71
5,150,7,74.8,11532731.01
5,150,7,74.9,9704371.219
5,150,7,75,10548229.59
5,150,7,75.1,11392087.95
5,150,7,75.2,10407586.53
5,150,7,75.3,8579226.73
5,150,7,75.4,11954660.2
5,150,7,75.5,10266943.46
5,150,7,75.6,9845014.28
5,150,7,75.7,10548229.59
5,150,7,75.8,9141798.975
5,150,7,75.9,11392087.95
5,150,7,76,10829515.71
5,150,7,76.1,11251444.89
5,150,7,76.2,9001155.914
5,150,7,76.3,9282442.036
5,150,7,76.4,9845014.28
5,150,7,76.5,10829515.71
5,150,7,76.6,11954660.2
5,150,7,76.7,9001155.914
5,150,7,76.8,9563728.158
5,150,7,76.9,9282442.036
5,150,7,77,11814017.14
5,150,7,77.1,12657875.5
5,150,7,77.2,10266943.46
5,150,7,77.3,10407586.53
5,150,7,77.4,8297940.608
5,150,7,77.5,11814017.14
5,150,7,77.6,8438583.669
5,150,7,77.7,8719869.791
5,150,7,77.8,8579226.73
5,150,7,77.9,8579226.73
5,150,7,78,9001155.914
5,150,7,78.1,9985657.342
5,150,7,78.2,10126300.4
5,150,7,78.3,10407586.53
5,150,7,78.4,10548229.59
5,150,7,78.5,10548229.59
5,150,7,78.6,9704371.219
5,150,7,78.7,11673374.08
5,150,7,78.8,10548229.59
5,150,7,78.9,9141798.975
5,150,7,79,8579226.73
5,150,7,79.1,8016654.485
5,150,7,79.2,9985657.342
5,150,7,79.3,8719869.791
5,150,7,79.4,10126300.4
5,150,7,79.5,8438583.669
5,150,7,79.6,9985657.342
5,150,7,79.7,9985657.342
5,150,7,79.8,9001155.914
5,150,7,79.9,7876011.424
5,150,7,80,9845014.28
5,150,7,80.1,8579226.73
5,150,7,80.2,10407586.53
5,150,7,80.3,9985657.342
5,150,7,80.4,12235946.32
5,150,7,80.5,9704371.219
5,150,7,80.6,9845014.28
5,150,7,80.7,8719869.791
5,150,7,80.8,9563728.158
5,150,7,80.9,9423085.097
5,150,7,81,10266943.46
5,150,7,81.1,10829515.71
5,150,7,81.2,9423085.097
5,150,7,81.3,9141798.975
5,150,7,81.4,9001155.914
5,150,7,81.5,8579226.73
5,150,7,81.6,8297940.608
5,150,7,81.7,10407586.53
5,150,7,81.8,9001155.914
5,150,7,81.9,10126300.4
5,150,7,82,8438583.669
5,150,7,82.1,10266943.46
5,150,7,82.2,7032153.057
5,150,7,82.3,10548229.59
5,150,7,82.4,8860512.852
5,150,7,82.5,8157297.547
5,150,7,82.6,6891509.996
5,150,7,82.7,8579226.73
5,150,7,82.8,9704371.219
5,150,7,82.9,8860512.852
5,150,7,83,10266943.46
5,150,7,83.1,8719869.791
5,150,7,83.2,9845014.28
5,150,7,83.3,7876011.424
5,150,7,83.4,10829515.71
5,150,7,83.5,8297940.608
5,150,7,83.6,9141798.975
5,150,7,83.7,9423085.097
5,150,7,83.8,9001155.914
5,150,7,83.9,9423085.097
5,150,7,84,8016654.485
5,150,7,84.1,11954660.2
5,150,7,84.2,11110801.83
5,150,7,84.3,9423085.097
5,150,7,84.4,7876011.424
5,150,7,84.5,7876011.424
5,150,7,84.6,9704371.219
5,150,7,84.7,9845014.28
5,150,7,84.8,9141798.975
5,150,7,84.9,9704371.219
5,150,7,85,6891509.996
5,150,7,85.1,9704371.219
5,150,7,85.2,8438583.669
5,150,7,85.3,10266943.46
5,150,7,85.4,8438583.669
5,150,7,85.5,9423085.097
5,150,7,85.6,7876011.424
5,150,7,85.7,6047651.629
5,150,7,85.8,8579226.73
5,150,7,85.9,10970158.77
5,150,7,86,8860512.852
5,150,7,86.1,7735368.363
5,150,7,86.2,6188294.691
5,150,7,86.3,9282442.036
5,150,7,86.4,9845014.28
5,150,7,86.5,8157297.547
5,150,7,86.6,8157297.547
5,150,7,86.7,6188294.691
5,150,7,86.8,8438583.669
5,150,7,86.9,8719869.791
5,150,7,87,8860512.852
5,150,7,87.1,7876011.424
5,150,7,87.2,7172796.119
5,150,7,87.3,8297940.608
5,150,7,87.4,7172796.119
5,150,7,87.5,8297940.608
5,150,7,87.6,6891509.996
5,150,7,87.7,8016654.485
5,150,7,87.8,8157297.547
5,150,7,87.9,7735368.363
5,150,7,88,8438583.669
5,150,7,88.1,9141798.975
5,150,7,88.2,8719869.791
5,150,7,88.3,10266943.46
5,150,7,88.4,8016654.485
5,150,7,88.5,7876011.424
5,150,7,88.6,9704371.219
5,150,7,88.7,8016654.485
5,150,7,88.8,8016654.485
5,150,7,88.9,7313439.18
5,150,7,89,7172796.119
5,150,7,89.1,6891509.996
5,150,7,89.2,8016654.485
5,150,7,89.3,7454082.241
5,150,7,89.4,6328937.752
5,150,7,89.5,6469580.813
5,150,7,89.6,9141798.975
5,150,7,89.7,8297940.608
5,150,7,89.8,8016654.485
5,150,7,89.9,7172796.119
5,150,7,90,7454082.241
5,150,7,90.1,7032153.057
5,150,7,90.2,7454082.241
5,150,7,90.3,8157297.547
5,150,7,90.4,6891509.996
5,150,7,90.5,8719869.791
5,150,7,90.6,6328937.752
5,150,7,90.7,8157297.547
5,150,7,90.8,6750866.935
5,150,7,90.9,7735368.363
5,150,7,91,7454082.241
5,150,7,91.1,7032153.057
5,150,7,91.2,6188294.691
5,150,7,91.3,8297940.608
5,150,7,91.4,7172796.119
5,150,7,91.5,8579226.73
5,150,7,91.6,6891509.996
5,150,7,91.7,5907008.568
5,150,7,91.8,7454082.241
5,150,7,91.9,8579226.73
5,150,7,92,6891509.996
5,150,7,92.1,6469580.813
5,150,7,92.2,8579226.73
5,150,7,92.3,8157297.547
5,150,7,92.4,8860512.852
5,150,7,92.5,6750866.935
5,150,7,92.6,5907008.568
5,150,7,92.7,8157297.547
5,150,7,92.8,8016654.485
5,150,7,92.9,6891509.996
5,150,7,93,6469580.813
5,150,7,93.1,7876011.424
5,150,7,93.2,6610223.874
5,150,7,93.3,6047651.629
5,150,7,93.4,7594725.302
5,150,7,93.5,7594725.302
5,150,7,93.6,5485079.385
5,150,7,93.7,6469580.813
5,150,7,93.8,7735368.363
5,150,7,93.9,8719869.791
5,150,7,94,7172796.119
5,150,7,94.1,6188294.691
5,150,7,94.2,8579226.73
5,150,7,94.3,7032153.057
5,150,7,94.4,7032153.057
5,150,7,94.5,7032153.057
5,150,7,94.6,5907008.568
5,150,7,94.7,9001155.914
5,150,7,94.8,8157297.547
5,150,7,94.9,7032153.057
5,150,7,95,6328937.752
5,150,7,95.1,7032153.057
5,150,7,95.2,8016654.485
5,150,7,95.3,6328937.752
5,150,7,95.4,8438583.669
5,150,7,95.5,7876011.424
5,150,7,95.6,7313439.18
5,150,7,95.7,6328937.752
5,150,7,95.8,6188294.691
5,150,7,95.9,8157297.547
5,150,7,96,6188294.691
5,150,7,96.1,7876011.424
5,150,7,96.2,5766365.507
5,150,7,96.3,5344436.324
5,150,7,96.4,6610223.874
5,150,7,96.5,5344436.324
5,150,7,96.6,6328937.752
5,150,7,96.7,5203793.263
5,150,7,96.8,6891509.996
5,150,7,96.9,7313439.18
5,150,7,97,6891509.996
5,150,7,97.1,7594725.302
5,150,7,97.2,4781864.079
5,150,7,97.3,6328937.752
5,150,7,97.4,7032153.057
5,150,7,97.5,7032153.057
5,150,7,97.6,6750866.935
5,150,7,97.7,5625722.446
5,150,7,97.8,5907008.568
5,150,7,97.9,6188294.691
5,150,7,98,6469580.813
5,150,7,98.1,6047651.629
5,150,7,98.2,4922507.14
5,150,7,98.3,6610223.874
5,150,7,98.4,7172796.119
5,150,7,98.5,7172796.119
5,150,7,98.6,6891509.996
5,150,7,98.7,5766365.507
5,150,7,98.8,5344436.324
5,150,7,98.9,5485079.385
5,150,7,99,6891509.996
5,150,7,99.1,6469580.813
5,150,7,99.2,5907008.568
5,150,7,99.3,7032153.057
5,150,7,99.4,6750866.935
5,150,7,99.5,6750866.935
5,150,7,99.6,5907008.568
5,150,7,99.7,6750866.935
5,150,7,99.8,6328937.752
5,150,7,99.9,5344436.324
5,150,7,100,6188294.691
5,150,7,100.1,6188294.691
5,150,7,100.2,7172796.119
5,150,7,100.3,7313439.18
5,150,7,100.4,4922507.14
5,150,7,100.5,6610223.874
5,150,7,100.6,5625722.446
5,150,7,100.7,6328937.752
5,150,7,100.8,5063150.201
5,150,7,100.9,6047651.629
5,150,7,101,5485079.385
5,150,7,101.1,7313439.18
5,150,7,101.2,5063150.201
5,150,7,101.3,5625722.446
5,150,7,101.4,6188294.691
5,150,7,101.5,5063150.201
5,150,7,101.6,8438583.669
5,150,7,101.7,4078648.773
5,150,7,101.8,6047651.629
5,150,7,101.9,5344436.324
5,150,7,102,6469580.813
5,150,7,102.1,6610223.874
5,150,7,102.2,5203793.263
5,150,7,102.3,5625722.446
5,150,7,102.4,5344436.324
5,150,7,102.5,5063150.201
5,150,7,102.6,5766365.507
5,150,7,102.7,7735368.363
5,150,7,102.8,5485079.385
5,150,7,102.9,4500577.957
5,150,7,103,7313439.18
5,150,7,103.1,7454082.241
5,150,7,103.2,4500577.957
5,150,7,103.3,4641221.018
5,150,7,103.4,6328937.752
5,150,7,103.5,5766365.507
5,150,7,103.6,5766365.507
5,150,7,103.7,5063150.201
5,150,7,103.8,5344436.324
5,150,7,103.9,6469580.813
5,150,7,104,4500577.957
5,150,7,104.1,5625722.446
5,150,7,104.2,7454082.241
5,150,7,104.3,5344436.324
5,150,7,104.4,6750866.935
5,150,7,104.5,7032153.057
5,150,7,104.6,5907008.568
5,150,7,104.7,4500577.957
5,150,7,104.8,5485079.385
5,150,7,104.9,5485079.385
5,150,7,105,5907008.568
5,150,7,105.1,5203793.263
5,150,7,105.2,6047651.629
5,150,7,105.3,5907008.568
5,150,7,105.4,3797362.651
5,150,7,105.5,4641221.018
5,150,7,105.6,6188294.691
5,150,7,105.7,6891509.996
5,150,7,105.8,4500577.957
5,150,7,105.9,6891509.996
5,150,7,106,5203793.263
5,150,7,106.1,4781864.079
5,150,7,106.2,4641221.018
5,150,7,106.3,4922507.14
5,150,7,106.4,4781864.079
5,150,7,106.5,5485079.385
5,150,7,106.6,5344436.324
5,150,7,106.7,5625722.446
5,150,7,106.8,4781864.079
5,150,7,106.9,5766365.507
5,150,7,107,4219291.834
5,150,7,107.1,4922507.14
5,150,7,107.2,3797362.651
5,150,7,107.3,5485079.385
5,150,7,107.4,6469580.813
5,150,7,107.5,6469580.813
5,150,7,107.6,5625722.446
5,150,7,107.7,6188294.691
5,150,7,107.8,4922507.14
5,150,7,107.9,4219291.834
5,150,7,108,4641221.018
5,150,7,108.1,4078648.773
5,150,7,108.2,4219291.834
5,150,7,108.3,5766365.507
5,150,7,108.4,6610223.874
5,150,7,108.5,7172796.119
5,150,7,108.6,3938005.712
5,150,7,108.7,4641221.018
5,150,7,108.8,5344436.324
5,150,7,108.9,4078648.773
5,150,7,109,5907008.568
5,150,7,109.1,5203793.263
5,150,7,109.2,5625722.446
5,150,7,109.3,5485079.385
5,150,7,109.4,4219291.834
5,150,7,109.5,4922507.14
5,150,7,109.6,4922507.14
5,150,7,109.7,5203793.263
5,150,7,109.8,4781864.079
5,150,7,109.9,3797362.651
5,150,7,110,4922507.14
5,150,7,110.1,5063150.201
5,150,7,110.2,4781864.079
5,150,7,110.3,5344436.324
5,150,7,110.4,5485079.385
5,150,7,110.5,5203793.263
5,150,7,110.6,6750866.935
5,150,7,110.7,4641221.018
5,150,7,110.8,4641221.018
5,150,7,110.9,4922507.14
5,150,7,111,4500577.957
5,150,7,111.1,4922507.14
5,150,7,111.2,5063150.201
5,150,7,111.3,3656719.59
5,150,7,111.4,5344436.324
5,150,7,111.5,4922507.14
5,150,7,111.6,4781864.079
5,150,7,111.7,5063150.201
5,150,7,111.8,3656719.59
5,150,7,111.9,4219291.834
5,150,7,112,3516076.529
5,150,7,112.1,5344436.324
5,150,7,112.2,5063150.201
5,150,7,112.3,4359934.896
5,150,7,112.4,5907008.568
5,150,7,112.5,4922507.14
5,150,7,112.6,5203793.263
5,150,7,112.7,3797362.651
5,150,7,112.8,5625722.446
5,150,7,112.9,3797362.651
5,150,7,113,6610223.874
5,150,7,113.1,4922507.14
5,150,7,113.2,4078648.773
5,150,7,113.3,4641221.018
5,150,7,113.4,5344436.324
5,150,7,113.5,4078648.773
5,150,7,113.6,2812861.223
5,150,7,113.7,4781864.079
5,150,7,113.8,5203793.263
5,150,7,113.9,5625722.446
5,150,7,114,4922507.14
5,150,7,114.1,3938005.712
5,150,7,114.2,4078648.773
5,150,7,114.3,5203793.263
5,150,7,114.4,4359934.896
5,150,7,114.5,4500577.957
5,150,7,114.6,3656719.59
5,150,7,114.7,3797362.651
5,150,7,114.8,3797362.651
5,150,7,114.9,4219291.834
5,150,7,115,4500577.957
5,150,7,115.1,4078648.773
5,150,7,115.2,3656719.59
5,150,7,115.3,4922507.14
5,150,7,115.4,6047651.629
5,150,7,115.5,5063150.201
5,150,7,115.6,4781864.079
5,150,7,115.7,3516076.529
5,150,7,115.8,4500577.957
5,150,7,115.9,4359934.896
5,150,7,116,2953504.284
5,150,7,116.1,3516076.529
5,150,7,116.2,3234790.406
5,150,7,116.3,3797362.651
5,150,7,116.4,5063150.201
5,150,7,116.5,3516076.529
5,150,7,116.6,2812861.223
5,150,7,116.7,3938005.712
5,150,7,116.8,4359934.896
5,150,7,116.9,5766365.507
5,150,7,117,4078648.773
5,150,7,117.1,2672218.162
5,150,7,117.2,3797362.651
5,150,7,117.3,3797362.651
5,150,7,117.4,3797362.651
5,150,7,117.5,4641221.018
5,150,7,117.6,2953504.284
5,150,7,117.7,6188294.691
5,150,7,117.8,4219291.834
5,150,7,117.9,4359934.896
5,150,7,118,4500577.957
5,150,7,118.1,4781864.079
5,150,7,118.2,4500577.957
5,150,7,118.3,3375433.468
5,150,7,118.4,4359934.896
5,150,7,118.5,3656719.59
5,150,7,118.6,2812861.223
5,150,7,118.7,4641221.018
5,150,7,118.8,3516076.529
5,150,7,118.9,4219291.834
5,150,7,119,4219291.834
5,150,7,119.1,3516076.529
5,150,7,119.2,4500577.957
5,150,7,119.3,4781864.079
5,150,7,119.4,2531575.101
5,150,7,119.5,5203793.263
5,150,7,119.6,3094147.345
5,150,7,119.7,3797362.651
5,150,7,119.8,3375433.468
5,150,7,119.9,2953504.284
5,150,7,120,4500577.957
5,150,7,120.1,4500577.957
5,150,7,120.2,2812861.223
5,150,7,120.3,4219291.834
5,150,7,120.4,4500577.957
5,150,7,120.5,2953504.284
5,150,7,120.6,2812861.223
5,150,7,120.7,4781864.079
5,150,7,120.8,3797362.651
5,150,7,120.9,3375433.468
5,150,7,121,4641221.018
5,150,7,121.1,3938005.712
5,150,7,121.2,3375433.468
5,150,7,121.3,3516076.529
5,150,7,121.4,1969002.856
5,150,7,121.5,2390932.04
5,150,7,121.6,2812861.223
5,150,7,121.7,2812861.223
5,150,7,121.8,3938005.712
5,150,7,121.9,3234790.406
5,150,7,122,2953504.284
5,150,7,122.1,3656719.59
5,150,7,122.2,3656719.59
5,150,7,122.3,3094147.345
5,150,7,122.4,3938005.712
5,150,7,122.5,2953504.284
5,150,7,122.6,3094147.345
5,150,7,122.7,3656719.59
5,150,7,122.8,3375433.468
5,150,7,122.9,3797362.651
5,150,7,123,3797362.651
5,150,7,123.1,2812861.223
5,150,7,123.2,2250288.978
5,150,7,123.3,4078648.773
5,150,7,123.4,3516076.529
5,150,7,123.5,4781864.079
5,150,7,123.6,4078648.773
5,150,7,123.7,3094147.345
5,150,7,123.8,3516076.529
5,150,7,123.9,2672218.162
5,150,7,124,2531575.101
5,150,7,124.1,3234790.406
5,150,7,124.2,4078648.773
5,150,7,124.3,4641221.018
5,150,7,124.4,3797362.651
5,150,7,124.5,4641221.018
5,150,7,124.6,2250288.978
5,150,7,124.7,3938005.712
5,150,7,124.8,3938005.712
5,150,7,124.9,4078648.773
5,150,7,125,2812861.223
5,150,7,125.1,4500577.957
5,150,7,125.2,3234790.406
5,150,7,125.3,4359934.896
5,150,7,125.4,2109645.917
5,150,7,125.5,2812861.223
5,150,7,125.6,2109645.917
5,150,7,125.7,2812861.223
5,150,7,125.8,3375433.468
5,150,7,125.9,3938005.712
5,150,7,126,2672218.162
5,150,7,126.1,3094147.345
5,150,7,126.2,4500577.957
5,150,7,126.3,3516076.529
5,150,7,126.4,2672218.162
5,150,7,126.5,2672218.162
5,150,7,126.6,3094147.345
5,150,7,126.7,2812861.223
5,150,7,126.8,2109645.917
5,150,7,126.9,3656719.59
5,150,7,127,3797362.651
5,150,7,127.1,3234790.406
5,150,7,127.2,3234790.406
5,150,7,127.3,2953504.284
5,150,7,127.4,2531575.101
5,150,7,127.5,1969002.856
5,150,7,127.6,2953504.284
5,150,7,127.7,2390932.04
5,150,7,127.8,3516076.529
5,150,7,127.9,2812861.223
5,150,7,128,2672218.162
5,150,7,128.1,1828359.795
5,150,7,128.2,4078648.773
5,150,7,128.3,3234790.406
5,150,7,128.4,2390932.04
5,150,7,128.5,2109645.917
5,150,7,128.6,2109645.917
5,150,7,128.7,3516076.529
5,150,7,128.8,1687716.734
5,150,7,128.9,3375433.468
5,150,7,129,2812861.223
5,150,7,129.1,2812861.223
5,150,7,129.2,2953504.284
5,150,7,129.3,2953504.284
5,150,7,129.4,3375433.468
5,150,7,129.5,2250288.978
5,150,7,129.6,2531575.101
5,150,7,129.7,3375433.468
5,150,7,129.8,3375433.468
5,150,7,129.9,2531575.101
5,150,7,130,2672218.162
5,150,7,130.1,3234790.406
5,150,7,130.2,2390932.04
5,150,7,130.3,3234790.406
5,150,7,130.4,2953504.284
5,150,7,130.5,2812861.223
5,150,7,130.6,2953504.284
5,150,7,130.7,2390932.04
5,150,7,130.8,3094147.345
5,150,7,130.9,2390932.04
5,150,7,131,2250288.978
5,150,7,131.1,3797362.651
5,150,7,131.2,2672218.162
5,150,7,131.3,1687716.734
5,150,7,131.4,1547073.673
5,150,7,131.5,2812861.223
5,150,7,131.6,2390932.04
5,150,7,131.7,1687716.734
5,150,7,131.8,2812861.223
5,150,7,131.9,2250288.978
5,150,7,132,2531575.101
5,150,7,132.1,2250288.978
5,150,7,132.2,3797362.651
5,150,7,132.3,2812861.223
5,150,7,132.4,2250288.978
5,150,7,132.5,2531575.101
5,150,7,132.6,1828359.795
5,150,7,132.7,2390932.04
5,150,7,132.8,2531575.101
5,150,7,132.9,2812861.223
5,150,7,133,2812861.223
5,150,7,133.1,2672218.162
5,150,7,133.2,1547073.673
5,150,7,133.3,2953504.284
5,150,7,133.4,1828359.795
5,150,7,133.5,1265787.55
5,150,7,133.6,2390932.04
5,150,7,133.7,1687716.734
5,150,7,133.8,2672218.162
5,150,7,133.9,3797362.651
5,150,7,134,1547073.673
5,150,7,134.1,2953504.284
5,150,7,134.2,2390932.04
5,150,7,134.3,2672218.162
5,150,7,134.4,4078648.773
5,150,7,134.5,2109645.917
5,150,7,134.6,3234790.406
5,150,7,134.7,3656719.59
5,150,7,134.8,2250288.978
5,150,7,134.9,3094147.345
5,150,7,135,2812861.223
5,150,7,135.1,2250288.978
5,150,7,135.2,843858.3669
5,150,7,135.3,1828359.795
5,150,7,135.4,1969002.856
5,150,7,135.5,2109645.917
5,150,7,135.6,2390932.04
5,150,7,135.7,2812861.223
5,150,7,135.8,1828359.795
5,150,7,135.9,1265787.55
5,150,7,136,1125144.489
5,150,7,136.1,2250288.978
5,150,7,136.2,1687716.734
5,150,7,136.3,1969002.856
5,150,7,136.4,3234790.406
5,150,7,136.5,2250288.978
5,150,7,136.6,1828359.795
5,150,7,136.7,2812861.223
5,150,7,136.8,2390932.04
5,150,7,136.9,1828359.795
5,150,7,137,1687716.734
5,150,7,137.1,2953504.284
5,150,7,137.2,2109645.917
5,150,7,137.3,2672218.162
5,150,7,137.4,3234790.406
5,150,7,137.5,984501.428
5,150,7,137.6,2109645.917
5,150,7,137.7,2390932.04
5,150,7,137.8,2109645.917
5,150,7,137.9,3094147.345
5,150,7,138,2672218.162
5,150,7,138.1,2250288.978
5,150,7,138.2,2812861.223
5,150,7,138.3,1547073.673
5,150,7,138.4,2109645.917
5,150,7,138.5,1406430.611
5,150,7,138.6,2672218.162
5,150,7,138.7,2953504.284
5,150,7,138.8,1406430.611
5,150,7,138.9,2109645.917
5,150,7,139,2390932.04
5,150,7,139.1,1406430.611
5,150,7,139.2,1547073.673
5,150,7,139.3,2812861.223
5,150,7,139.4,2109645.917
5,150,7,139.5,2531575.101
5,150,7,139.6,1687716.734
5,150,7,139.7,1969002.856
5,150,7,139.8,1265787.55
5,150,7,139.9,2109645.917
5,150,7,140,2672218.162
5,150,7,140.1,1406430.611
5,150,7,140.2,703215.3057
5,150,7,140.3,984501.428
5,150,7,140.4,2109645.917
5,150,7,140.5,1828359.795
5,150,7,140.6,1547073.673
5,150,7,140.7,2250288.978
5,150,7,140.8,1265787.55
5,150,7,140.9,1547073.673
5,150,7,141,1547073.673
5,150,7,141.1,2531575.101
5,150,7,141.2,2390932.04
5,150,7,141.3,2390932.04
5,150,7,141.4,984501.428
5,150,7,141.5,1828359.795
5,150,7,141.6,1406430.611
5,150,7,141.7,1687716.734
5,150,7,141.8,1406430.611
5,150,7,141.9,1125144.489
5,150,7,142,1969002.856
5,150,7,142.1,1828359.795
5,150,7,142.2,1125144.489
5,150,7,142.3,843858.3669
5,150,7,142.4,1687716.734
5,150,7,142.5,984501.428
5,150,7,142.6,1687716.734
5,150,7,142.7,984501.428
5,150,7,142.8,1406430.611
5,150,7,142.9,1547073.673
5,150,7,143,1125144.489
5,150,7,143.1,984501.428
5,150,7,143.2,1828359.795
5,150,7,143.3,1265787.55
5,150,7,143.4,1828359.795
5,150,7,143.5,984501.428
5,150,7,143.6,1125144.489
5,150,7,143.7,843858.3669
5,150,7,143.8,1547073.673
5,150,7,143.9,1547073.673
5,150,7,144,984501.428
5,150,7,144.1,1265787.55
5,150,7,144.2,1687716.734
5,150,7,144.3,421929.1834
5,150,7,144.4,2250288.978
5,150,7,144.5,2109645.917
5,150,7,144.6,1125144.489
5,150,7,144.7,1406430.611
5,150,7,144.8,703215.3057
5,150,7,144.9,703215.3057
5,150,7,145,703215.3057
5,150,7,145.1,703215.3057
5,150,7,145.2,984501.428
5,150,7,145.3,984501.428
5,150,7,145.4,1125144.489
5,150,7,145.5,1125144.489
5,150,7,145.6,1828359.795
5,150,7,145.7,1406430.611
5,150,7,145.8,984501.428
5,150,7,145.9,1265787.55
5,150,7,146,1125144.489
5,150,7,146.1,1406430.611
5,150,7,146.2,1687716.734
5,150,7,146.3,1125144.489
5,150,7,146.4,703215.3057
5,150,7,146.5,984501.428
5,150,7,146.6,281286.1223
5,150,7,146.7,1125144.489
5,150,7,146.8,1125144.489
5,150,7,146.9,421929.1834
5,150,7,147,1547073.673
5,150,7,147.1,843858.3669
5,150,7,147.2,421929.1834
5,150,7,147.3,843858.3669
5,150,7,147.4,843858.3669
5,150,7,147.5,562572.2446
5,150,7,147.6,1265787.55
5,150,7,147.7,562572.2446
5,150,7,147.8,1125144.489
5,150,7,147.9,984501.428
5,150,7,148,703215.3057
5,150,7,148.1,703215.3057
5,150,7,148.2,562572.2446
5,150,7,148.3,843858.3669
5,150,7,148.4,703215.3057
5,150,7,148.5,562572.2446
5,150,7,148.6,421929.1834
5,150,7,148.7,1265787.55
5,150,7,148.8,421929.1834
5,150,7,148.9,140643.0611
5,150,7,149,140643.0611
5,150,7,149.1,281286.1223
5,150,7,149.2,140643.0611
5,150,7,149.3,140643.0611
5,150,7,149.4,281286.1223
5,150,7,149.5,140643.0611
5,150,7,149.6,281286.1223
5,150,7,149.8,140643.0611
5,150,7,149.9,281286.1223
10,40,1,2.8,17703.30638
10,40,1,3.2,70813.22551
10,40,1,3.3,35406.61275
10,40,1,3.4,123923.1446
10,40,1,3.5,212439.6765
10,40,1,3.6,247846.2893
10,40,1,3.7,513395.8849
10,40,1,3.8,619615.7232
10,40,1,3.9,1097604.995
10,40,1,4,1221528.14
10,40,1,4.1,1770330.638
10,40,1,4.2,2584682.731
10,40,1,4.3,3345924.905
10,40,1,4.4,3753100.952
10,40,1,4.5,4549749.739
10,40,1,4.6,5204772.075
10,40,1,4.7,5452618.364
10,40,1,4.8,6054530.781
10,40,1,4.9,7311465.534
10,40,1,5,8497587.061
10,40,1,5.1,9188016.01
10,40,1,5.2,9701411.895
10,40,1,5.3,10993753.26
10,40,1,5.4,12480831
10,40,1,5.5,11932028.5
10,40,1,5.6,14091831.88
10,40,1,5.7,14552117.84
10,40,1,5.8,15862162.51
10,40,1,5.9,16924360.9
10,40,1,6,17101393.96
10,40,1,6.1,18181295.65
10,40,1,6.2,17951152.67
10,40,1,6.3,20181769.27
10,40,1,6.4,20181769.27
10,40,1,6.5,20943011.44
10,40,1,6.6,20535835.4
10,40,1,6.7,21137747.81
10,40,1,6.8,22518605.71
10,40,1,6.9,23403771.03
10,40,1,7,22854968.53
10,40,1,7.1,24342046.27
10,40,1,7.2,23846353.69
10,40,1,7.3,25475057.88
10,40,1,7.4,54349150.58
10,40,1,7.5,24713815.7
10,40,1,7.6,25563574.41
10,40,1,7.7,25652090.94
10,40,1,7.8,25776014.09
10,40,1,7.9,27227685.21
10,40,1,8,25776014.09
10,40,1,8.1,26944432.31
10,40,1,8.2,27882707.54
10,40,1,8.3,84497881.34
10,40,1,8.4,554644588.8
10,40,1,8.5,28006630.69
10,40,1,8.6,26572662.87
10,40,1,8.7,27351608.35
10,40,1,8.8,34114271.39
10,40,1,8.9,27599454.64
10,40,1,9,27139168.68
10,40,1,9.1,26484146.34
10,40,1,9.2,26696586.02
10,40,1,9.3,26714289.32
10,40,1,9.4,27068355.45
10,40,1,9.5,42487935.31
10,40,1,9.6,37424789.68
10,40,1,9.7,290440444.4
10,40,1,9.8,45940080.05
10,40,1,9.9,39035790.56
10,40,1,10,141892000.6
10,40,1,10.1,28856389.4
10,40,1,10.2,28289883.59
10,40,1,10.3,23527694.18
10,40,1,10.4,20659758.54
10,40,1,10.5,21721956.93
10,40,1,10.6,22359275.95
10,40,1,10.7,21863583.38
10,40,1,10.8,22854968.53
10,40,1,10.9,22235352.81
10,40,1,11,22766452
10,40,1,11.1,22536309.02
10,40,1,11.2,21367890.8
10,40,1,11.3,70246719.71
10,40,1,11.4,20429615.56
10,40,1,11.5,22536309.02
10,40,1,11.6,25722904.17
10,40,1,11.7,25563574.41
10,40,1,11.8,19880813.06
10,40,1,11.9,19349713.87
10,40,1,12,21385594.1
10,40,1,12.1,18747801.45
10,40,1,12.2,19243494.03
10,40,1,12.3,18517658.47
10,40,1,12.4,19048757.66
10,40,1,12.5,19721483.3
10,40,1,12.6,18871724.6
10,40,1,12.7,18393735.33
10,40,1,12.8,18057372.5
10,40,1,12.9,18676988.23
10,40,1,13,18340625.41
10,40,1,13.1,18977944.44
10,40,1,13.2,18464548.55
10,40,1,13.3,18464548.55
10,40,1,13.4,17579383.23
10,40,1,13.5,17968855.97
10,40,1,13.6,16711921.22
10,40,1,13.7,16995174.12
10,40,1,13.8,17543976.62
10,40,1,13.9,18128185.73
10,40,1,14,17561679.93
10,40,1,14.1,17862636.13
10,40,1,14.2,17384646.86
10,40,1,14.3,17065987.35
10,40,1,14.4,16977470.82
10,40,1,14.5,17189910.49
10,40,1,14.6,17384646.86
10,40,1,14.7,16853547.67
10,40,1,14.8,16658811.3
10,40,1,14.9,15596612.92
10,40,1,15,16853547.67
10,40,1,15.1,16587998.08
10,40,1,15.2,16127712.11
10,40,1,15.3,16074602.19
10,40,1,15.4,16658811.3
10,40,1,15.5,16641107.99
10,40,1,15.6,16357855.09
10,40,1,15.7,16375558.4
10,40,1,15.8,15508096.39
10,40,1,15.9,15667426.14
10,40,1,16,16499481.54
10,40,1,16.1,15348766.63
10,40,1,16.2,15207140.18
10,40,1,16.3,14516711.23
10,40,1,16.4,15738239.37
10,40,1,16.5,14552117.84
10,40,1,16.6,15154030.26
10,40,1,16.7,15437283.16
10,40,1,16.8,15065513.73
10,40,1,16.9,14109535.18
10,40,1,17,14799964.13
10,40,1,17.1,15100920.34
10,40,1,17.2,15065513.73
10,40,1,17.3,14941590.58
10,40,1,17.4,14251161.63
10,40,1,17.5,13843985.59
10,40,1,17.6,15154030.26
10,40,1,17.7,14109535.18
10,40,1,17.8,13950205.43
10,40,1,17.9,14233458.33
10,40,1,18,13596139.3
10,40,1,18.1,14251161.63
10,40,1,18.2,13596139.3
10,40,1,18.3,13507622.77
10,40,1,18.4,14233458.33
10,40,1,18.5,13330589.7
10,40,1,18.6,12675567.37
10,40,1,18.7,13525326.07
10,40,1,18.8,12675567.37
10,40,1,18.9,12781787.2
10,40,1,19,12958820.27
10,40,1,19.1,12657864.06
10,40,1,19.2,13171259.94
10,40,1,19.3,11754995.43
10,40,1,19.4,12587050.83
10,40,1,19.5,12109061.56
10,40,1,19.6,11418632.61
10,40,1,19.7,12144468.17
10,40,1,19.8,12374611.16
10,40,1,19.9,12091358.26
10,40,1,20,12020545.03
10,40,1,20.1,12073654.95
10,40,1,20.2,11737292.13
10,40,1,20.3,11135379.71
10,40,1,20.4,11631072.29
10,40,1,20.5,11489445.84
10,40,1,20.6,11808105.35
10,40,1,20.7,11861215.27
10,40,1,20.8,10692797.05
10,40,1,20.9,11737292.13
10,40,1,21,10462654.07
10,40,1,21.1,11082269.79
10,40,1,21.2,11259302.86
10,40,1,21.3,10126291.25
10,40,1,21.4,11117676.41
10,40,1,21.5,10444950.76
10,40,1,21.6,11347819.39
10,40,1,21.7,10214807.78
10,40,1,21.8,11365522.69
10,40,1,21.9,9577488.75
10,40,1,22,11241599.55
10,40,1,22.1,9754521.814
10,40,1,22.2,10621983.83
10,40,1,22.3,11241599.55
10,40,1,22.4,10675093.75
10,40,1,22.5,9683708.588
10,40,1,22.6,10232511.09
10,40,1,22.7,10338730.92
10,40,1,22.8,9081796.172
10,40,1,22.9,10214807.78
10,40,1,23,9170312.703
10,40,1,23.1,10285621.01
10,40,1,23.2,9949258.184
10,40,1,23.3,9896148.265
10,40,1,23.4,9205719.316
10,40,1,23.5,9117202.784
10,40,1,23.6,9612895.363
10,40,1,23.7,8621510.206
10,40,1,23.8,9152609.397
10,40,1,23.9,9294235.848
10,40,1,24,8957873.027
10,40,1,24.1,8444477.142
10,40,1,24.2,8639213.512
10,40,1,24.3,9152609.397
10,40,1,24.4,8479883.755
10,40,1,24.5,8656916.819
10,40,1,24.6,8710026.738
10,40,1,24.7,8444477.142
10,40,1,24.8,8320553.997
10,40,1,24.9,8851653.189
10,40,1,25,8267444.078
10,40,1,25.1,8373663.917
10,40,1,25.2,7966487.87
10,40,1,25.3,7842564.725
10,40,1,25.4,8568400.287
10,40,1,25.5,8603806.899
10,40,1,25.6,8922466.414
10,40,1,25.7,7807158.112
10,40,1,25.8,8196630.853
10,40,1,25.9,8090411.014
10,40,1,26,8479883.755
10,40,1,26.1,7276058.921
10,40,1,26.2,7276058.921
10,40,1,26.3,7807158.112
10,40,1,26.4,8055004.402
10,40,1,26.5,7966487.87
10,40,1,26.6,7329168.84
10,40,1,26.7,7754048.193
10,40,1,26.8,7523905.21
10,40,1,26.9,7771751.5
10,40,1,27,6355486.989
10,40,1,27.1,7293762.227
10,40,1,27.2,7258355.615
10,40,1,27.3,7276058.921
10,40,1,27.4,7541608.517
10,40,1,27.5,7399982.066
10,40,1,27.6,6727256.423
10,40,1,27.7,7523905.21
10,40,1,27.8,7222949.002
10,40,1,27.9,6603333.279
10,40,1,28,6479410.134
10,40,1,28.1,6656443.198
10,40,1,28.2,6674146.504
10,40,1,28.3,6497113.441
10,40,1,28.4,6461706.828
10,40,1,28.5,7028212.632
10,40,1,28.6,5983717.556
10,40,1,28.7,5594244.815
10,40,1,28.8,6461706.828
10,40,1,28.9,6249267.151
10,40,1,29,6532520.053
10,40,1,29.1,6408596.909
10,40,1,29.2,6249267.151
10,40,1,29.3,6001420.862
10,40,1,29.4,5576541.509
10,40,1,29.5,6072234.087
10,40,1,29.6,5806684.492
10,40,1,29.7,5434915.058
10,40,1,29.8,5700464.654
10,40,1,29.9,5523431.59
10,40,1,30,6213860.538
10,40,1,30.1,6019124.168
10,40,1,30.2,6036827.475
10,40,1,30.3,5647354.734
10,40,1,30.4,5452618.364
10,40,1,30.5,5275585.3
10,40,1,30.6,5594244.815
10,40,1,30.7,5063145.624
10,40,1,30.8,5257881.994
10,40,1,30.9,5169365.462
10,40,1,31,5434915.058
10,40,1,31.1,4956925.786
10,40,1,31.2,4709079.496
10,40,1,31.3,5240178.688
10,40,1,31.4,4779892.722
10,40,1,31.5,4974629.092
10,40,1,31.6,4549749.739
10,40,1,31.7,4797596.028
10,40,1,31.8,5133958.849
10,40,1,31.9,4319606.756
10,40,1,32,4018650.548
10,40,1,32.1,4833002.641
10,40,1,32.2,4886112.56
10,40,1,32.3,4549749.739
10,40,1,32.4,4496639.82
10,40,1,32.5,4709079.496
10,40,1,32.6,4390419.982
10,40,1,32.7,4638266.271
10,40,1,32.8,4071760.467
10,40,1,32.9,3947837.322
10,40,1,33,4231090.224
10,40,1,33.1,3806210.871
10,40,1,33.2,3859320.79
10,40,1,33.3,3540661.275
10,40,1,33.4,3611474.501
10,40,1,33.5,4355013.369
10,40,1,33.6,4071760.467
10,40,1,33.7,3717694.339
10,40,1,33.8,3469848.05
10,40,1,33.9,3699991.033
10,40,1,34,3788507.565
10,40,1,34.1,3735397.646
10,40,1,34.2,3452144.744
10,40,1,34.3,4036353.854
10,40,1,34.4,3505254.663
10,40,1,34.5,3452144.744
10,40,1,34.6,3682287.726
10,40,1,34.7,3115781.922
10,40,1,34.8,3540661.275
10,40,1,34.9,3363628.212
10,40,1,35,3133485.229
10,40,1,35.1,3009562.084
10,40,1,35.2,2425352.974
10,40,1,35.3,2991858.778
10,40,1,35.4,2761715.795
10,40,1,35.5,2637792.65
10,40,1,35.6,2708605.876
10,40,1,35.7,2991858.778
10,40,1,35.8,3009562.084
10,40,1,35.9,3098078.616
10,40,1,36,2814825.714
10,40,1,36.1,2832529.02
10,40,1,36.2,2690902.569
10,40,1,36.3,2496166.199
10,40,1,36.4,2319133.135
10,40,1,36.5,2620089.344
10,40,1,36.6,2566979.425
10,40,1,36.7,2212913.297
10,40,1,36.8,2549276.118
10,40,1,36.9,2584682.731
10,40,1,37,2266023.216
10,40,1,37.1,2088990.153
10,40,1,37.2,2177506.684
10,40,1,37.3,2071286.846
10,40,1,37.4,2000473.621
10,40,1,37.5,2460759.586
10,40,1,37.6,1805737.25
10,40,1,37.7,1805737.25
10,40,1,37.8,2088990.153
10,40,1,37.9,1982770.314
10,40,1,38,1487077.736
10,40,1,38.1,1487077.736
10,40,1,38.2,1256934.753
10,40,1,38.3,1664110.799
10,40,1,38.4,1504781.042
10,40,1,38.5,1540187.655
10,40,1,38.6,1345451.285
10,40,1,38.7,1487077.736
10,40,1,38.8,1097604.995
10,40,1,38.9,1398561.204
10,40,1,39,1079901.689
10,40,1,39.1,938275.238
10,40,1,39.2,991385.1571
10,40,1,39.3,1009088.464
10,40,1,39.4,814352.0934
10,40,1,39.5,885165.3189
10,40,1,39.6,690428.9487
10,40,1,39.7,637319.0296
10,40,1,39.8,477989.2722
10,40,1,39.9,212439.6765
10,40,1,40,53109.91913
10,80,1,0.3,16767.07383
10,80,1,3,33534.14766
10,80,1,3.1,50301.22149
10,80,1,3.2,67068.29531
10,80,1,3.3,167670.7383
10,80,1,3.4,201204.8859
10,80,1,3.5,251506.1074
10,80,1,3.6,536546.3625
10,80,1,3.7,754518.3223
10,80,1,3.8,1240763.463
10,80,1,3.9,1576104.94
10,80,1,4,1760542.752
10,80,1,4.1,2766567.182
10,80,1,4.2,3336647.692
10,80,1,4.3,3755824.538
10,80,1,4.4,4543877.008
10,80,1,4.5,5818174.619
10,80,1,4.6,6706829.531
10,80,1,4.7,7779922.256
10,80,1,4.8,9054219.867
10,80,1,4.9,9205123.532
10,80,1,5,10445887
10,80,1,5.1,11636349.24
10,80,1,5.2,12005224.86
10,80,1,5.3,12977715.14
10,80,1,5.4,14956229.86
10,80,1,5.5,15559844.51
10,80,1,5.6,15761049.4
10,80,1,5.7,17806632.41
10,80,1,5.8,17907234.85
10,80,1,5.9,19265367.83
10,80,1,6,19768380.04
10,80,1,6.1,20489364.22
10,80,1,6.2,20439063
10,80,1,6.3,23105027.74
10,80,1,6.4,22115770.38
10,80,1,6.5,23037959.44
10,80,1,6.6,23272698.47
10,80,1,6.7,25200911.96
10,80,1,6.8,25469185.15
10,80,1,6.9,24664365.6
10,80,1,7,26475209.58
10,80,1,7.1,26760249.83
10,80,1,7.2,26777016.9
10,80,1,7.3,27548302.3
10,80,1,7.4,66665885.54
10,80,1,7.5,27062057.16
10,80,1,7.6,27464466.93
10,80,1,7.7,28302820.62
10,80,1,7.8,27933945
10,80,1,7.9,29409447.5
10,80,1,8,30415471.93
10,80,1,8.1,28051314.52
10,80,1,8.2,30147198.74
10,80,1,8.3,111333370.2
10,80,1,8.4,749890609.9
10,80,1,8.5,28487258.43
10,80,1,8.6,29543584.09
10,80,1,8.7,30130431.67
10,80,1,8.8,38681639.32
10,80,1,8.9,29593885.31
10,80,1,9,28755531.62
10,80,1,9.1,27363864.49
10,80,1,9.2,28084848.66
10,80,1,9.3,30784347.55
10,80,1,9.4,29342379.2
10,80,1,9.5,53034254.52
10,80,1,9.6,40626619.89
10,80,1,9.7,407926139.2
10,80,1,9.8,61803434.13
10,80,1,9.9,46210055.47
10,80,1,10,181855682.7
10,80,1,10.1,30180732.89
10,80,1,10.2,33282641.55
10,80,1,10.3,26575812.02
10,80,1,10.4,24563763.16
10,80,1,10.5,24982940
10,80,1,10.6,24496694.86
10,80,1,10.7,23054726.51
10,80,1,10.8,26089566.88
10,80,1,10.9,24697899.75
10,80,1,11,26223703.47
10,80,1,11.1,24966172.93
10,80,1,11.2,24211654.61
10,80,1,11.3,95002240.31
10,80,1,11.4,23758943.62
10,80,1,11.5,25267980.26
10,80,1,11.6,30801114.62
10,80,1,11.7,29090873.09
10,80,1,11.8,22987658.22
10,80,1,11.9,22635549.67
10,80,1,12,24714666.82
10,80,1,12.1,21277416.69
10,80,1,12.2,22702617.96
10,80,1,12.3,20489364.22
10,80,1,12.4,21176814.25
10,80,1,12.5,20791171.55
10,80,1,12.6,21176814.25
10,80,1,12.7,21931332.57
10,80,1,12.8,21931332.57
10,80,1,12.9,21730127.68
10,80,1,13,21461854.5
10,80,1,13.1,20841472.77
10,80,1,13.2,20824705.7
10,80,1,13.3,20824705.7
10,80,1,13.4,21562456.94
10,80,1,13.5,21294183.76
10,80,1,13.6,21076211.8
10,80,1,13.7,20154022.74
10,80,1,13.8,20875006.92
10,80,1,13.9,20422295.92
10,80,1,14,19868982.49
10,80,1,14.1,20120488.59
10,80,1,14.2,19500106.86
10,80,1,14.3,20204323.96
10,80,1,14.4,20137255.67
10,80,1,14.5,19114464.16
10,80,1,14.6,20019886.15
10,80,1,14.7,19198299.53
10,80,1,14.8,19332436.12
10,80,1,14.9,19030628.8
10,80,1,15,19399504.42
10,80,1,15.1,18862958.06
10,80,1,15.2,19785147.12
10,80,1,15.3,18896492.2
10,80,1,15.4,18846190.98
10,80,1,15.5,18812656.84
10,80,1,15.6,18108439.73
10,80,1,15.7,19181532.46
10,80,1,15.8,18276110.47
10,80,1,15.9,18158740.96
10,80,1,16,18175508.03
10,80,1,16.1,17454523.86
10,80,1,16.2,17806632.41
10,80,1,16.3,18326411.69
10,80,1,16.4,18745588.54
10,80,1,16.5,18074905.59
10,80,1,16.6,17219784.82
10,80,1,16.7,17286853.12
10,80,1,16.8,16431732.35
10,80,1,16.9,16549101.87
10,80,1,17,17203017.75
10,80,1,17.1,17253318.97
10,80,1,17.2,18024604.37
10,80,1,17.3,18192275.1
10,80,1,17.4,17454523.86
10,80,1,17.5,16599403.09
10,80,1,17.6,16767073.83
10,80,1,17.7,17102415.31
10,80,1,17.8,17085648.23
10,80,1,17.9,16196993.32
10,80,1,18,15677214.03
10,80,1,18.1,15576611.59
10,80,1,18.2,16180226.24
10,80,1,18.3,15928720.14
10,80,1,18.4,15928720.14
10,80,1,18.5,14855627.41
10,80,1,18.6,15325105.48
10,80,1,18.7,15509543.29
10,80,1,18.8,15157434.74
10,80,1,18.9,15761049.4
10,80,1,19,14872394.49
10,80,1,19.1,15258037.18
10,80,1,19.2,14889161.56
10,80,1,19.3,15006531.08
10,80,1,19.4,14604121.3
10,80,1,19.5,14235245.68
10,80,1,19.6,15224503.04
10,80,1,19.7,14469984.71
10,80,1,19.8,15442475
10,80,1,19.9,14369382.27
10,80,1,20,14034040.79
10,80,1,20.1,14637655.45
10,80,1,20.2,14687956.67
10,80,1,20.3,15090366.45
10,80,1,20.4,13832835.91
10,80,1,20.5,13547795.65
10,80,1,20.6,14721490.82
10,80,1,20.7,14151410.31
10,80,1,20.8,14017273.72
10,80,1,20.9,13681932.24
10,80,1,21,14017273.72
10,80,1,21.1,13950205.43
10,80,1,21.2,13849602.98
10,80,1,21.3,13648398.1
10,80,1,21.4,14050807.87
10,80,1,21.5,13665165.17
10,80,1,21.6,13564562.73
10,80,1,21.7,12592072.45
10,80,1,21.8,14352615.2
10,80,1,21.9,13279522.47
10,80,1,22,12575305.37
10,80,1,22.1,13011249.29
10,80,1,22.2,13363357.84
10,80,1,22.3,13178920.03
10,80,1,22.4,13095084.66
10,80,1,22.5,13430426.14
10,80,1,22.6,13430426.14
10,80,1,22.7,12323799.26
10,80,1,22.8,11871088.27
10,80,1,22.9,12709441.96
10,80,1,23,12307032.19
10,80,1,23.1,12659140.74
10,80,1,23.2,12608839.52
10,80,1,23.3,12156128.53
10,80,1,23.4,12491470
10,80,1,23.5,11921389.49
10,80,1,23.6,11720184.61
10,80,1,23.7,11368076.06
10,80,1,23.8,11200405.32
10,80,1,23.9,12089060.23
10,80,1,24,11250706.54
10,80,1,24.1,11301007.76
10,80,1,24.2,12122594.38
10,80,1,24.3,11166871.17
10,80,1,24.4,11368076.06
10,80,1,24.5,11435144.35
10,80,1,24.6,11669883.38
10,80,1,24.7,11720184.61
10,80,1,24.8,12172895.6
10,80,1,24.9,11267473.61
10,80,1,25,10680626.03
10,80,1,25.1,10328517.48
10,80,1,25.2,12055526.08
10,80,1,25.3,10764461.4
10,80,1,25.4,10848296.77
10,80,1,25.5,11669883.38
10,80,1,25.6,11921389.49
10,80,1,25.7,10965666.28
10,80,1,25.8,11066268.73
10,80,1,25.9,11736951.68
10,80,1,26,10144079.67
10,80,1,26.1,10932132.14
10,80,1,26.2,10999200.43
10,80,1,26.3,9926107.707
10,80,1,26.4,10982433.36
10,80,1,26.5,10865063.84
10,80,1,26.6,10227915.04
10,80,1,26.7,9959641.854
10,80,1,26.8,10512955.29
10,80,1,26.9,9758436.968
10,80,1,27,9456629.639
10,80,1,27.1,9859039.411
10,80,1,27.2,10194380.89
10,80,1,27.3,10429119.92
10,80,1,27.4,9339260.123
10,80,1,27.5,9322493.049
10,80,1,27.6,9691368.673
10,80,1,27.7,9758436.968
10,80,1,27.8,9942874.78
10,80,1,27.9,10077011.37
10,80,1,28,9724902.821
10,80,1,28.1,9825505.264
10,80,1,28.2,9523697.935
10,80,1,28.3,10077011.37
10,80,1,28.4,8869782.055
10,80,1,28.5,8853014.981
10,80,1,28.6,8903316.203
10,80,1,28.7,9557232.082
10,80,1,28.8,9188356.458
10,80,1,28.9,9708135.747
10,80,1,29,8735645.465
10,80,1,29.1,9121288.163
10,80,1,29.2,8987151.572
10,80,1,29.3,9406328.418
10,80,1,29.4,9020685.72
10,80,1,29.5,9691368.673
10,80,1,29.6,9423095.492
10,80,1,29.7,8903316.203
10,80,1,29.8,8903316.203
10,80,1,29.9,8752412.539
10,80,1,30,9758436.968
10,80,1,30.1,9305725.975
10,80,1,30.2,8718878.391
10,80,1,30.3,8417071.062
10,80,1,30.4,9523697.935
10,80,1,30.5,8802713.76
10,80,1,30.6,8366769.84
10,80,1,30.7,8836247.908
10,80,1,30.8,9037452.794
10,80,1,30.9,7964360.069
10,80,1,31,8266167.397
10,80,1,31.1,8953617.424
10,80,1,31.2,7746388.109
10,80,1,31.3,8785946.686
10,80,1,31.4,8567974.726
10,80,1,31.5,8987151.572
10,80,1,31.6,7729621.035
10,80,1,31.7,8886549.129
10,80,1,31.8,8299701.545
10,80,1,31.9,8769179.612
10,80,1,32,8316468.619
10,80,1,32.1,8366769.84
10,80,1,32.2,8517673.505
10,80,1,32.3,8601508.874
10,80,1,32.4,8668577.169
10,80,1,32.5,8333235.693
10,80,1,32.6,7981127.142
10,80,1,32.7,8500906.431
10,80,1,32.8,7712853.961
10,80,1,32.9,8182332.028
10,80,1,33,8115263.733
10,80,1,33.1,7914058.847
10,80,1,33.2,8450605.21
10,80,1,33.3,7830223.478
10,80,1,33.4,7830223.478
10,80,1,33.5,7612251.518
10,80,1,33.6,8014661.29
10,80,1,33.7,7696086.887
10,80,1,33.8,8266167.397
10,80,1,33.9,8064962.512
10,80,1,34,7746388.109
10,80,1,34.1,7360745.411
10,80,1,34.2,7696086.887
10,80,1,34.3,8215866.176
10,80,1,34.4,7545183.223
10,80,1,34.5,7126006.377
10,80,1,34.6,7478114.928
10,80,1,34.7,7008636.86
10,80,1,34.8,7025403.934
10,80,1,34.9,6690062.458
10,80,1,35,7763155.183
10,80,1,35.1,6924801.491
10,80,1,35.2,7478114.928
10,80,1,35.3,7176307.599
10,80,1,35.4,7327211.263
10,80,1,35.5,7696086.887
10,80,1,35.6,7276910.042
10,80,1,35.7,7025403.934
10,80,1,35.8,7042171.008
10,80,1,35.9,6773897.827
10,80,1,36,6975102.713
10,80,1,36.1,6572692.941
10,80,1,36.2,6488857.572
10,80,1,36.3,7226608.82
10,80,1,36.4,6589460.015
10,80,1,36.5,6874500.27
10,80,1,36.6,7260142.968
10,80,1,36.7,6455323.424
10,80,1,36.8,7025403.934
10,80,1,36.9,7142773.451
10,80,1,37,6790664.901
10,80,1,37.1,6941568.565
10,80,1,37.2,6505624.645
10,80,1,37.3,6924801.491
10,80,1,37.4,6337953.907
10,80,1,37.5,6354720.981
10,80,1,37.6,6539158.793
10,80,1,37.7,6337953.907
10,80,1,37.8,6857733.196
10,80,1,37.9,6539158.793
10,80,1,38,7260142.968
10,80,1,38.1,6002612.431
10,80,1,38.2,6505624.645
10,80,1,38.3,6488857.572
10,80,1,38.4,6069680.726
10,80,1,38.5,5449298.994
10,80,1,38.6,6438556.35
10,80,1,38.7,6522391.719
10,80,1,38.8,6488857.572
10,80,1,38.9,5667270.954
10,80,1,39,6002612.431
10,80,1,39.1,6203817.317
10,80,1,39.2,6438556.35
10,80,1,39.3,5969078.283
10,80,1,39.4,6639761.236
10,80,1,39.5,5969078.283
10,80,1,39.6,6287652.686
10,80,1,39.7,5902009.988
10,80,1,39.8,5902009.988
10,80,1,39.9,5918777.061
10,80,1,40,6119981.947
10,80,1,40.1,6337953.907
10,80,1,40.2,6371488.055
10,80,1,40.3,5248094.108
10,80,1,40.4,6254118.538
10,80,1,40.5,5952311.209
10,80,1,40.6,5684038.028
10,80,1,40.7,5633736.806
10,80,1,40.8,6086447.8
10,80,1,40.9,5583435.585
10,80,1,41,5700805.102
10,80,1,41.1,6153516.095
10,80,1,41.2,5398997.773
10,80,1,41.3,5751106.323
10,80,1,41.4,5466066.068
10,80,1,41.5,5784640.471
10,80,1,41.6,5734339.249
10,80,1,41.7,6019379.504
10,80,1,41.8,5348696.551
10,80,1,41.9,5482833.142
10,80,1,42,5767873.397
10,80,1,42.1,5700805.102
10,80,1,42.2,5281628.256
10,80,1,42.3,5851708.766
10,80,1,42.4,5097190.444
10,80,1,42.5,5583435.585
10,80,1,42.6,6203817.317
10,80,1,42.7,6237351.464
10,80,1,42.8,5801407.545
10,80,1,42.9,5616969.733
10,80,1,43,5147491.665
10,80,1,43.1,4946286.779
10,80,1,43.2,5365463.625
10,80,1,43.3,5281628.256
10,80,1,43.4,5063656.296
10,80,1,43.5,5449298.994
10,80,1,43.6,5281628.256
10,80,1,43.7,5130724.592
10,80,1,43.8,5281628.256
10,80,1,43.9,5616969.733
10,80,1,44,5365463.625
10,80,1,44.1,5398997.773
10,80,1,44.2,5331929.477
10,80,1,44.3,5348696.551
10,80,1,44.4,4812150.189
10,80,1,44.5,4879218.484
10,80,1,44.6,4828917.263
10,80,1,44.7,4594178.229
10,80,1,44.8,5633736.806
10,80,1,44.9,5130724.592
10,80,1,45,5197792.887
10,80,1,45.1,4828917.263
10,80,1,45.2,5281628.256
10,80,1,45.3,5248094.108
10,80,1,45.4,5633736.806
10,80,1,45.5,4828917.263
10,80,1,45.6,5147491.665
10,80,1,45.7,4879218.484
10,80,1,45.8,5315162.404
10,80,1,45.9,4711547.746
10,80,1,46,4610945.303
10,80,1,46.1,4778616.041
10,80,1,46.2,4778616.041
10,80,1,46.3,4946286.779
10,80,1,46.4,4996588.001
10,80,1,46.5,4845684.336
10,80,1,46.6,5030122.149
10,80,1,46.7,5080423.37
10,80,1,46.8,4661246.524
10,80,1,46.9,4208535.531
10,80,1,47,4996588.001
10,80,1,47.1,4460041.638
10,80,1,47.2,5164258.739
10,80,1,47.3,4929519.706
10,80,1,47.4,5080423.37
10,80,1,47.5,4946286.779
10,80,1,47.6,5197792.887
10,80,1,47.7,5046889.222
10,80,1,47.8,4895985.558
10,80,1,47.9,4510342.86
10,80,1,48,4426507.491
10,80,1,48.1,4728314.82
10,80,1,48.2,4191768.457
10,80,1,48.3,4627712.377
10,80,1,48.4,4560644.081
10,80,1,48.5,4124700.162
10,80,1,48.6,4510342.86
10,80,1,48.7,4392973.343
10,80,1,48.8,4577411.155
10,80,1,48.9,5030122.149
10,80,1,49,4627712.377
10,80,1,49.1,3940262.35
10,80,1,49.2,3470784.283
10,80,1,49.3,4543877.008
10,80,1,49.4,4510342.86
10,80,1,49.5,4309137.974
10,80,1,49.6,4007330.645
10,80,1,49.7,4460041.638
10,80,1,49.8,4342672.122
10,80,1,49.9,4493575.786
10,80,1,50,4577411.155
10,80,1,50.1,4342672.122
10,80,1,50.2,4426507.491
10,80,1,50.3,4107933.088
10,80,1,50.4,4376206.269
10,80,1,50.5,3822892.833
10,80,1,50.6,4594178.229
10,80,1,50.7,3990563.571
10,80,1,50.8,4359439.195
10,80,1,50.9,3973796.497
10,80,1,51,4392973.343
10,80,1,51.1,4175001.383
10,80,1,51.2,4292370.9
10,80,1,51.3,4711547.746
10,80,1,51.4,4242069.679
10,80,1,51.5,4158234.309
10,80,1,51.6,3822892.833
10,80,1,51.7,4325905.048
10,80,1,51.8,4560644.081
10,80,1,51.9,4242069.679
10,80,1,52,4325905.048
10,80,1,52.1,4007330.645
10,80,1,52.2,4258836.752
10,80,1,52.3,3973796.497
10,80,1,52.4,3219278.175
10,80,1,52.5,4610945.303
10,80,1,52.6,4292370.9
10,80,1,52.7,3973796.497
10,80,1,52.8,3906728.202
10,80,1,52.9,4191768.457
10,80,1,53,3571386.725
10,80,1,53.1,3957029.424
10,80,1,53.2,3638455.021
10,80,1,53.3,3437250.135
10,80,1,53.4,3789358.685
10,80,1,53.5,3671989.168
10,80,1,53.6,3889961.128
10,80,1,53.7,3705523.316
10,80,1,53.8,3772591.611
10,80,1,53.9,3772591.611
10,80,1,54,3806125.759
10,80,1,54.1,3739057.464
10,80,1,54.2,3722290.39
10,80,1,54.3,4359439.195
10,80,1,54.4,3873194.054
10,80,1,54.5,3470784.283
10,80,1,54.6,3521085.504
10,80,1,54.7,3739057.464
10,80,1,54.8,4175001.383
10,80,1,54.9,3873194.054
10,80,1,55,3806125.759
10,80,1,55.1,3554619.652
10,80,1,55.2,3403715.987
10,80,1,55.3,3906728.202
10,80,1,55.4,3671989.168
10,80,1,55.5,3236045.249
10,80,1,55.6,3554619.652
10,80,1,55.7,3470784.283
10,80,1,55.8,3722290.39
10,80,1,55.9,3168976.954
10,80,1,56,3906728.202
10,80,1,56.1,3537852.578
10,80,1,56.2,3822892.833
10,80,1,56.3,3353414.766
10,80,1,56.4,3420483.061
10,80,1,56.5,3588153.799
10,80,1,56.6,3168976.954
10,80,1,56.7,3152209.88
10,80,1,56.8,3202511.101
10,80,1,56.9,3470784.283
10,80,1,57,3739057.464
10,80,1,57.1,3521085.504
10,80,1,57.2,3822892.833
10,80,1,57.3,3873194.054
10,80,1,57.4,3470784.283
10,80,1,57.5,3202511.101
10,80,1,57.6,3822892.833
10,80,1,57.7,3353414.766
10,80,1,57.8,3219278.175
10,80,1,57.9,3671989.168
10,80,1,58,3219278.175
10,80,1,58.1,6321186.833
10,80,1,58.2,3353414.766
10,80,1,58.3,3319880.618
10,80,1,58.4,3370181.84
10,80,1,58.5,3370181.84
10,80,1,58.6,3085141.584
10,80,1,58.7,3236045.249
10,80,1,58.8,2917470.846
10,80,1,58.9,3252812.323
10,80,1,59,3118675.732
10,80,1,59.1,3219278.175
10,80,1,59.2,3386948.913
10,80,1,59.3,3604920.873
10,80,1,59.4,3252812.323
10,80,1,59.5,8886549.129
10,80,1,59.6,3001306.215
10,80,1,59.7,3386948.913
10,80,1,59.8,2883936.699
10,80,1,59.9,3236045.249
10,80,1,60,3168976.954
10,80,1,60.1,3537852.578
10,80,1,60.2,2816868.403
10,80,1,60.3,3135442.806
10,80,1,60.4,3101908.658
10,80,1,60.5,3437250.135
10,80,1,60.6,3403715.987
10,80,1,60.7,3001306.215
10,80,1,60.8,3034840.363
10,80,1,60.9,3068374.511
10,80,1,61,3454017.209
10,80,1,61.1,2850402.551
10,80,1,61.2,2917470.846
10,80,1,61.3,3152209.88
10,80,1,61.4,3202511.101
10,80,1,61.5,2934237.92
10,80,1,61.6,3219278.175
10,80,1,61.7,3185744.027
10,80,1,61.8,3521085.504
10,80,1,61.9,2833635.477
10,80,1,62,3185744.027
10,80,1,62.1,2934237.92
10,80,1,62.2,2766567.182
10,80,1,62.3,3386948.913
10,80,1,62.4,3454017.209
10,80,1,62.5,2481526.927
10,80,1,62.6,3303113.544
10,80,1,62.7,2699498.886
10,80,1,62.8,2749800.108
10,80,1,62.9,3118675.732
10,80,1,63,2883936.699
10,80,1,63.1,2615663.517
10,80,1,63.2,2749800.108
10,80,1,63.3,2682731.813
10,80,1,63.4,3202511.101
10,80,1,63.5,2464759.853
10,80,1,63.6,3001306.215
10,80,1,63.7,2397691.557
10,80,1,63.8,3051607.437
10,80,1,63.9,3252812.323
10,80,1,64,2900703.772
10,80,1,64.1,2850402.551
10,80,1,64.2,2917470.846
10,80,1,64.3,2850402.551
10,80,1,64.4,2783334.256
10,80,1,64.5,2716265.96
10,80,1,64.6,2833635.477
10,80,1,64.7,2649197.665
10,80,1,64.8,2783334.256
10,80,1,64.9,2917470.846
10,80,1,65,2582129.37
10,80,1,65.1,2800101.329
10,80,1,65.2,2531828.148
10,80,1,65.3,3185744.027
10,80,1,65.4,2196486.672
10,80,1,65.5,2598896.443
10,80,1,65.6,3135442.806
10,80,1,65.7,2699498.886
10,80,1,65.8,2464759.853
10,80,1,65.9,2934237.92
10,80,1,66,3085141.584
10,80,1,66.1,2665964.739
10,80,1,66.2,2967772.068
10,80,1,66.3,2297089.115
10,80,1,66.4,2632430.591
10,80,1,66.5,2615663.517
10,80,1,66.6,2414458.631
10,80,1,66.7,2900703.772
10,80,1,66.8,2464759.853
10,80,1,66.9,2012048.859
10,80,1,67,2347390.336
10,80,1,67.1,2883936.699
10,80,1,67.2,2699498.886
10,80,1,67.3,2682731.813
10,80,1,67.4,3889961.128
10,80,1,67.5,2414458.631
10,80,1,67.6,2313856.188
10,80,1,67.7,2280322.041
10,80,1,67.8,2347390.336
10,80,1,67.9,2330623.262
10,80,1,68,2699498.886
10,80,1,68.1,2548595.222
10,80,1,68.2,2397691.557
10,80,1,68.3,2230020.819
10,80,1,68.4,2146185.45
10,80,1,68.5,2213253.745
10,80,1,68.6,2447992.779
10,80,1,68.7,2481526.927
10,80,1,68.8,2447992.779
10,80,1,68.9,2263554.967
10,80,1,69,2364157.41
10,80,1,69.1,1861145.195
10,80,1,69.2,2129418.376
10,80,1,69.3,2548595.222
10,80,1,69.4,2213253.745
10,80,1,69.5,2313856.188
10,80,1,69.6,2364157.41
10,80,1,69.7,1861145.195
10,80,1,69.8,2280322.041
10,80,1,69.9,1944980.564
10,80,1,70,2481526.927
10,80,1,70.1,2347390.336
10,80,1,70.2,2230020.819
10,80,1,70.3,2280322.041
10,80,1,70.4,2280322.041
10,80,1,70.5,2079117.155
10,80,1,70.6,2112651.302
10,80,1,70.7,2062350.081
10,80,1,70.8,2649197.665
10,80,1,70.9,2129418.376
10,80,1,71,1894679.343
10,80,1,71.1,2179719.598
10,80,1,71.2,2380924.484
10,80,1,71.3,2095884.229
10,80,1,71.4,2213253.745
10,80,1,71.5,1810843.973
10,80,1,71.6,2146185.45
10,80,1,71.7,2045583.007
10,80,1,71.8,2548595.222
10,80,1,71.9,2162952.524
10,80,1,72,1609639.088
10,80,1,72.1,2062350.081
10,80,1,72.2,2162952.524
10,80,1,72.3,1911446.416
10,80,1,72.4,1928213.49
10,80,1,72.5,1961747.638
10,80,1,72.6,1727008.604
10,80,1,72.7,1995281.786
10,80,1,72.8,2162952.524
10,80,1,72.9,2162952.524
10,80,1,73,2146185.45
10,80,1,73.1,1827611.047
10,80,1,73.2,1592872.014
10,80,1,73.3,1676707.383
10,80,1,73.4,1877912.269
10,80,1,73.5,1609639.088
10,80,1,73.6,1710241.531
10,80,1,73.7,1911446.416
10,80,1,73.8,1743775.678
10,80,1,73.9,1810843.973
10,80,1,74,1374900.054
10,80,1,74.1,1559337.866
10,80,1,74.2,1777309.826
10,80,1,74.3,1492269.571
10,80,1,74.4,1894679.343
10,80,1,74.5,1844378.121
10,80,1,74.6,1911446.416
10,80,1,74.7,1810843.973
10,80,1,74.8,1844378.121
10,80,1,74.9,1475502.497
10,80,1,75,1576104.94
10,80,1,75.1,1576104.94
10,80,1,75.2,1727008.604
10,80,1,75.3,1727008.604
10,80,1,75.4,2313856.188
10,80,1,75.5,1223996.389
10,80,1,75.6,1274297.611
10,80,1,75.7,1710241.531
10,80,1,75.8,1441968.349
10,80,1,75.9,1525803.718
10,80,1,76,1441968.349
10,80,1,76.1,1643173.235
10,80,1,76.2,1391667.128
10,80,1,76.3,1374900.054
10,80,1,76.4,1140161.02
10,80,1,76.5,1207229.316
10,80,1,76.6,1257530.537
10,80,1,76.7,1391667.128
10,80,1,76.8,1408434.202
10,80,1,76.9,1458735.423
10,80,1,77,1374900.054
10,80,1,77.1,1441968.349
10,80,1,77.2,1391667.128
10,80,1,77.3,1425201.275
10,80,1,77.4,1073092.725
10,80,1,77.5,1106626.873
10,80,1,77.6,1039558.577
10,80,1,77.7,1341365.906
10,80,1,77.8,1223996.389
10,80,1,77.9,955723.2082
10,80,1,78,989257.3559
10,80,1,78.1,1123393.947
10,80,1,78.2,938956.1344
10,80,1,78.3,888654.9129
10,80,1,78.4,888654.9129
10,80,1,78.5,670682.9531
10,80,1,78.6,888654.9129
10,80,1,78.7,720984.1746
10,80,1,78.8,720984.1746
10,80,1,78.9,704217.1008
10,80,1,79,804819.5438
10,80,1,79.1,720984.1746
10,80,1,79.2,720984.1746
10,80,1,79.3,452710.9934
10,80,1,79.4,503012.2149
10,80,1,79.5,452710.9934
10,80,1,79.6,335341.4766
10,80,1,79.7,335341.4766
10,80,1,79.8,234739.0336
10,80,1,79.9,201204.8859
10,80,1,80,50301.22149
10,150,1,2.8,74555.72971
10,150,1,2.9,124259.5495
10,150,1,3,74555.72971
10,150,1,3.1,149111.4594
10,150,1,3.2,198815.2792
10,150,1,3.3,372778.6485
10,150,1,3.4,820113.0268
10,150,1,3.5,1366855.045
10,150,1,3.6,1640226.054
10,150,1,3.7,2559746.72
10,150,1,3.8,3230748.287
10,150,1,3.9,4324232.323
10,150,1,4,4349084.233
10,150,1,4.1,5268604.899
10,150,1,4.2,6734867.584
10,150,1,4.3,8399945.547
10,150,1,4.4,10512357.89
10,150,1,4.5,10711173.17
10,150,1,4.6,12500510.68
10,150,1,4.7,13743106.18
10,150,1,4.8,15507591.78
10,150,1,4.9,17197521.65
10,150,1,5,18763191.98
10,150,1,5.1,19160822.53
10,150,1,5.2,20900456.23
10,150,1,5.3,23634166.32
10,150,1,5.4,21447198.25
10,150,1,5.5,25224688.55
10,150,1,5.6,25075577.09
10,150,1,5.7,27511064.26
10,150,1,5.8,29200994.14
10,150,1,5.9,30294478.17
10,150,1,6,29722884.24
10,150,1,6.1,30692108.73
10,150,1,6.2,31363110.3
10,150,1,6.3,34345339.49
10,150,1,6.4,33848301.29
10,150,1,6.5,34395043.31
10,150,1,6.6,36283788.46
10,150,1,6.7,38346496.98
10,150,1,6.8,36954790.03
10,150,1,6.9,37526383.95
10,150,1,7,39315721.47
10,150,1,7.1,38346496.98
10,150,1,7.2,37178457.21
10,150,1,7.3,40608020.78
10,150,1,7.4,69038605.71
10,150,1,7.5,40608020.78
10,150,1,7.6,41105058.98
10,150,1,7.7,41800912.46
10,150,1,7.8,39713352.02
10,150,1,7.9,40657724.6
10,150,1,8,40036426.85
10,150,1,8.1,41925172.01
10,150,1,8.2,39787907.75
10,150,1,8.3,100202900.7
10,150,1,8.4,568089808.5
10,150,1,8.5,40409205.5
10,150,1,8.6,40533465.05
10,150,1,8.7,40110982.58
10,150,1,8.8,47491999.82
10,150,1,8.9,40707428.42
10,150,1,9,41254170.44
10,150,1,9.1,41303874.26
10,150,1,9.2,40806836.06
10,150,1,9.3,41154762.8
10,150,1,9.4,39365425.29
10,150,1,9.5,57979505.8
10,150,1,9.6,49355893.07
10,150,1,9.7,325982502.2
10,150,1,9.8,63322666.43
10,150,1,9.9,51493157.32
10,150,1,10,148962348
10,150,1,10.1,39166610.01
10,150,1,10.2,41229318.53
10,150,1,10.3,36681419.02
10,150,1,10.4,36507455.65
10,150,1,10.5,35339415.88
10,150,1,10.6,34991489.14
10,150,1,10.7,34320487.58
10,150,1,10.8,35339415.88
10,150,1,10.9,33997412.75
10,150,1,11,35911009.81
10,150,1,11.1,34817525.77
10,150,1,11.2,34370191.4
10,150,1,11.3,86633757.92
10,150,1,11.4,34618710.49
10,150,1,11.5,35463675.43
10,150,1,11.6,39961871.12
10,150,1,11.7,37725199.23
10,150,1,11.8,33525226.46
10,150,1,11.9,31487369.85
10,150,1,12,30990331.65
10,150,1,12.1,30990331.65
10,150,1,12.2,31735888.95
10,150,1,12.3,32978484.44
10,150,1,12.4,31984408.04
10,150,1,12.5,31064887.38
10,150,1,12.6,31735888.95
10,150,1,12.7,31686185.13
10,150,1,12.8,29027030.77
10,150,1,12.9,30667256.82
10,150,1,13,30816368.28
10,150,1,13.1,29971403.34
10,150,1,13.2,30170218.62
10,150,1,13.3,29797439.97
10,150,1,13.4,30344181.99
10,150,1,13.5,28430584.93
10,150,1,13.6,28505140.66
10,150,1,13.7,28256621.56
10,150,1,13.8,29151290.32
10,150,1,13.9,29847143.79
10,150,1,14,29176142.23
10,150,1,14.1,26467284.05
10,150,1,14.2,28306325.38
10,150,1,14.3,27784435.27
10,150,1,14.4,27088581.79
10,150,1,14.5,27038877.97
10,150,1,14.6,27287397.07
10,150,1,14.7,26094505.4
10,150,1,14.8,26293320.68
10,150,1,14.9,26765506.97
10,150,1,15,25498059.56
10,150,1,15.1,25746578.66
10,150,1,15.2,27337100.89
10,150,1,15.3,24827057.99
10,150,1,15.4,27237693.25
10,150,1,15.5,25597467.2
10,150,1,15.6,25373800.01
10,150,1,15.7,24777354.17
10,150,1,15.8,25870838.21
10,150,1,15.9,26069653.49
10,150,1,16,26144209.22
10,150,1,16.1,24901613.72
10,150,1,16.2,24901613.72
10,150,1,16.3,25821134.39
10,150,1,16.4,24280315.97
10,150,1,16.5,24951317.54
10,150,1,16.6,22814053.29
10,150,1,16.7,24280315.97
10,150,1,16.8,25150132.82
10,150,1,16.9,24280315.97
10,150,1,17,23982093.06
10,150,1,17.1,23808129.69
10,150,1,17.2,23683870.14
10,150,1,17.3,22988016.66
10,150,1,17.4,23659018.23
10,150,1,17.5,22292163.18
10,150,1,17.6,22391570.82
10,150,1,17.7,22540682.28
10,150,1,17.8,22615238.01
10,150,1,17.9,22838905.2
10,150,1,18,22192755.54
10,150,1,18.1,22565534.19
10,150,1,18.2,22292163.18
10,150,1,18.3,20701640.95
10,150,1,18.4,22938312.84
10,150,1,18.5,21273234.88
10,150,1,18.6,20527677.58
10,150,1,18.7,22863757.11
10,150,1,18.8,20825900.5
10,150,1,18.9,22093347.9
10,150,1,19,22118199.81
10,150,1,19.1,22043644.08
10,150,1,19.2,21074419.6
10,150,1,19.3,21546605.89
10,150,1,19.4,21347790.61
10,150,1,19.5,19633008.82
10,150,1,19.6,19111118.72
10,150,1,19.7,21173827.24
10,150,1,19.8,19111118.72
10,150,1,19.9,18788043.89
10,150,1,20,21148975.33
10,150,1,20.1,19260230.17
10,150,1,20.2,19806972.19
10,150,1,20.3,19459045.45
10,150,1,20.4,19011711.08
10,150,1,20.5,19657860.73
10,150,1,20.6,17620004.12
10,150,1,20.7,19111118.72
10,150,1,20.8,19111118.72
10,150,1,20.9,18589228.61
10,150,1,21,18092190.41
10,150,1,21.1,18440117.15
10,150,1,21.2,18564376.7
10,150,1,21.3,18067338.5
10,150,1,21.4,18390413.33
10,150,1,21.5,16998706.37
10,150,1,21.6,18117042.32
10,150,1,21.7,17247225.47
10,150,1,21.8,17296929.29
10,150,1,21.9,18340709.51
10,150,1,22,17247225.47
10,150,1,22.1,16924150.64
10,150,1,22.2,17744263.67
10,150,1,22.3,17843671.31
10,150,1,22.4,17446040.75
10,150,1,22.5,17073262.1
10,150,1,22.6,18464969.06
10,150,1,22.7,17222373.56
10,150,1,22.8,17172669.74
10,150,1,22.9,17122965.92
10,150,1,23,17620004.12
10,150,1,23.1,16104037.62
10,150,1,23.2,17048410.19
10,150,1,23.3,16924150.64
10,150,1,23.4,16625927.72
10,150,1,23.5,15780962.79
10,150,1,23.6,16054333.8
10,150,1,23.7,16377408.63
10,150,1,23.8,16998706.37
10,150,1,23.9,16824743
10,150,1,24,17396336.93
10,150,1,24.1,15457887.96
10,150,1,24.2,15109961.22
10,150,1,24.3,15358480.32
10,150,1,24.4,16253149.08
10,150,1,24.5,15035405.49
10,150,1,24.6,14985701.67
10,150,1,24.7,15209368.86
10,150,1,24.8,15954926.16
10,150,1,24.9,15731258.97
10,150,1,25,15060257.4
10,150,1,25.1,15482739.87
10,150,1,25.2,15134813.13
10,150,1,25.3,15656703.24
10,150,1,25.4,14264996.28
10,150,1,25.5,15035405.49
10,150,1,25.6,14911145.94
10,150,1,25.7,15482739.87
10,150,1,25.8,14737182.57
10,150,1,25.9,14091032.91
10,150,1,26,14140736.73
10,150,1,26.1,13817661.91
10,150,1,26.2,15457887.96
10,150,1,26.3,15706407.06
10,150,1,26.4,14712330.66
10,150,1,26.5,14712330.66
10,150,1,26.6,14488663.47
10,150,1,26.7,14612923.02
10,150,1,26.8,13593994.72
10,150,1,26.9,14190440.55
10,150,1,27,13022400.79
10,150,1,27.1,14438959.65
10,150,1,27.2,13395179.44
10,150,1,27.3,13941921.46
10,150,1,27.4,14165588.64
10,150,1,27.5,14016477.19
10,150,1,27.6,13171512.25
10,150,1,27.7,13593994.72
10,150,1,27.8,13246067.98
10,150,1,27.9,13743106.18
10,150,1,28,12947845.06
10,150,1,28.1,13345475.62
10,150,1,28.2,12848437.42
10,150,1,28.3,12972696.97
10,150,1,28.4,12674474.05
10,150,1,28.5,12550214.5
10,150,1,28.6,12898141.24
10,150,1,28.7,13096956.52
10,150,1,28.8,11630693.83
10,150,1,28.9,12301695.4
10,150,1,29,12550214.5
10,150,1,29.1,12276843.49
10,150,1,29.2,12450806.86
10,150,1,29.3,14016477.19
10,150,1,29.4,12550214.5
10,150,1,29.5,12251991.58
10,150,1,29.6,11904064.84
10,150,1,29.7,12152583.94
10,150,1,29.8,12575066.41
10,150,1,29.9,12376251.13
10,150,1,30,11854361.02
10,150,1,30.1,12102880.12
10,150,1,30.2,11407026.65
10,150,1,30.3,12276843.49
10,150,1,30.4,11904064.84
10,150,1,30.5,13221216.07
10,150,1,30.6,12450806.86
10,150,1,30.7,11754953.38
10,150,1,30.8,11680397.65
10,150,1,30.9,12401103.04
10,150,1,31,10189283.06
10,150,1,31.1,12301695.4
10,150,1,31.2,10810580.81
10,150,1,31.3,11282767.1
10,150,1,31.4,10934840.36
10,150,1,31.5,11282767.1
10,150,1,31.6,10959692.27
10,150,1,31.7,11456730.47
10,150,1,31.8,11282767.1
10,150,1,31.9,10959692.27
10,150,1,32,10338394.52
10,150,1,32.1,11034248
10,150,1,32.2,10686321.26
10,150,1,32.3,11233063.28
10,150,1,32.4,10040171.6
10,150,1,32.5,10686321.26
10,150,1,32.6,11059099.91
10,150,1,32.7,10736025.08
10,150,1,32.8,9841356.321
10,150,1,32.9,10288690.7
10,150,1,33,10512357.89
10,150,1,33.1,10363246.43
10,150,1,33.2,10189283.06
10,150,1,33.3,10263838.79
10,150,1,33.4,10015319.69
10,150,1,33.5,10885136.54
10,150,1,33.6,10885136.54
10,150,1,33.7,10835432.72
10,150,1,33.8,10388098.34
10,150,1,33.9,10189283.06
10,150,1,34,9518281.493
10,150,1,34.1,10711173.17
10,150,1,34.2,10263838.79
10,150,1,34.3,10238986.88
10,150,1,34.4,9642541.042
10,150,1,34.5,9940763.961
10,150,1,34.6,9294614.304
10,150,1,34.7,9543133.403
10,150,1,34.8,9667392.952
10,150,1,34.9,8896983.745
10,150,1,35,10114727.33
10,150,1,35.1,9841356.321
10,150,1,35.2,9990467.781
10,150,1,35.3,9518281.493
10,150,1,35.4,9915912.051
10,150,1,35.5,9294614.304
10,150,1,35.6,10114727.33
10,150,1,35.7,9518281.493
10,150,1,35.8,9841356.321
10,150,1,35.9,10139579.24
10,150,1,36,8797576.106
10,150,1,36.1,8648464.646
10,150,1,36.2,9070947.114
10,150,1,36.3,8971539.475
10,150,1,36.4,8822428.015
10,150,1,36.5,8573908.916
10,150,1,36.6,9642541.042
10,150,1,36.7,8250834.088
10,150,1,36.8,8822428.015
10,150,1,36.9,8598760.826
10,150,1,37,9468577.673
10,150,1,37.1,8847279.925
10,150,1,37.2,9940763.961
10,150,1,37.3,8648464.646
10,150,1,37.4,9095799.024
10,150,1,37.5,8275685.998
10,150,1,37.6,8275685.998
10,150,1,37.7,9791652.502
10,150,1,37.8,9294614.304
10,150,1,37.9,8648464.646
10,150,1,38,8648464.646
10,150,1,38.1,9046095.205
10,150,1,38.2,9170354.754
10,150,1,38.3,7828351.619
10,150,1,38.4,7902907.349
10,150,1,38.5,8474501.277
10,150,1,38.6,8399945.547
10,150,1,38.7,7803499.709
10,150,1,38.8,8300537.908
10,150,1,38.9,7604684.43
10,150,1,39,8772724.196
10,150,1,39.1,8002314.989
10,150,1,39.2,8002314.989
10,150,1,39.3,8772724.196
10,150,1,39.4,7157350.052
10,150,1,39.5,7828351.619
10,150,1,39.6,8325389.817
10,150,1,39.7,7331313.421
10,150,1,39.8,8449649.367
10,150,1,39.9,7356165.331
10,150,1,40,8573908.916
10,150,1,40.1,7878055.439
10,150,1,40.2,6859127.133
10,150,1,40.3,7132498.142
10,150,1,40.4,7778647.8
10,150,1,40.5,7679240.16
10,150,1,40.6,7778647.8
10,150,1,40.7,7430721.061
10,150,1,40.8,8101722.628
10,150,1,40.9,6610608.034
10,150,1,41,7654388.25
10,150,1,41.1,7803499.709
10,150,1,41.2,6759719.494
10,150,1,41.3,8076870.718
10,150,1,41.4,7356165.331
10,150,1,41.5,7977463.079
10,150,1,41.6,7356165.331
10,150,1,41.7,7107646.232
10,150,1,41.8,7430721.061
10,150,1,41.9,7679240.16
10,150,1,42,7480424.881
10,150,1,42.1,8350241.727
10,150,1,42.2,7356165.331
10,150,1,42.3,7853203.529
10,150,1,42.4,8052018.808
10,150,1,42.5,6511200.395
10,150,1,42.6,8300537.908
10,150,1,42.7,7331313.421
10,150,1,42.8,8474501.277
10,150,1,42.9,7306461.511
10,150,1,43,6710015.674
10,150,1,43.1,6536052.304
10,150,1,43.2,6461496.575
10,150,1,43.3,6908830.953
10,150,1,43.4,6908830.953
10,150,1,43.5,7057942.412
10,150,1,43.6,7306461.511
10,150,1,43.7,7728943.98
10,150,1,43.8,6436644.665
10,150,1,43.9,6262681.295
10,150,1,44,6610608.034
10,150,1,44.1,7728943.98
10,150,1,44.2,6486348.485
10,150,1,44.3,6834275.223
10,150,1,44.4,6536052.304
10,150,1,44.5,7082794.322
10,150,1,44.6,7356165.331
10,150,1,44.7,6486348.485
10,150,1,44.8,6908830.953
10,150,1,44.9,7107646.232
10,150,1,45,7157350.052
10,150,1,45.1,6610608.034
10,150,1,45.2,6436644.665
10,150,1,45.3,6635459.944
10,150,1,45.4,6710015.674
10,150,1,45.5,6585756.124
10,150,1,45.6,7057942.412
10,150,1,45.7,6933682.863
10,150,1,45.8,6436644.665
10,150,1,45.9,6237829.386
10,150,1,46,6958534.773
10,150,1,46.1,6088717.926
10,150,1,46.2,6386940.845
10,150,1,46.3,6610608.034
10,150,1,46.4,6511200.395
10,150,1,46.5,6859127.133
10,150,1,46.6,6337237.025
10,150,1,46.7,6635459.944
10,150,1,46.8,5566827.818
10,150,1,46.9,6237829.386
10,150,1,47,6809423.313
10,150,1,47.1,6933682.863
10,150,1,47.2,6063866.016
10,150,1,47.3,5989310.287
10,150,1,47.4,5541975.908
10,150,1,47.5,6188125.566
10,150,1,47.6,5815346.917
10,150,1,47.7,5840198.827
10,150,1,47.8,6212977.476
10,150,1,47.9,6014162.196
10,150,1,48,5989310.287
10,150,1,48.1,6436644.665
10,150,1,48.2,5889902.647
10,150,1,48.3,6287533.205
10,150,1,48.4,6138421.746
10,150,1,48.5,5790495.007
10,150,1,48.6,6262681.295
10,150,1,48.7,6536052.304
10,150,1,48.8,5939606.467
10,150,1,48.9,5715939.278
10,150,1,49,6337237.025
10,150,1,49.1,5293456.809
10,150,1,49.2,6088717.926
10,150,1,49.3,5318308.719
10,150,1,49.4,5517123.998
10,150,1,49.5,5790495.007
10,150,1,49.6,6287533.205
10,150,1,49.7,5765643.097
10,150,1,49.8,6088717.926
10,150,1,49.9,5815346.917
10,150,1,50,5765643.097
10,150,1,50.1,6834275.223
10,150,1,50.2,5666235.458
10,150,1,50.3,6113569.836
10,150,1,50.4,5392864.449
10,150,1,50.5,5541975.908
10,150,1,50.6,6163273.656
10,150,1,50.7,5442568.269
10,150,1,50.8,5740791.188
10,150,1,50.9,6386940.845
10,150,1,51,5740791.188
10,150,1,51.1,5492272.089
10,150,1,51.2,5069789.62
10,150,1,51.3,5417716.359
10,150,1,51.4,6063866.016
10,150,1,51.5,5914754.557
10,150,1,51.6,5939606.467
10,150,1,51.7,5467420.179
10,150,1,51.8,5914754.557
10,150,1,51.9,5169197.26
10,150,1,52,5964458.377
10,150,1,52.1,5144345.35
10,150,1,52.2,6237829.386
10,150,1,52.3,5541975.908
10,150,1,52.4,5517123.998
10,150,1,52.5,5368012.539
10,150,1,52.6,4547899.512
10,150,1,52.7,4771566.701
10,150,1,52.8,4970381.981
10,150,1,52.9,5517123.998
10,150,1,53,5566827.818
10,150,1,53.1,4647307.152
10,150,1,53.2,5616531.638
10,150,1,53.3,5790495.007
10,150,1,53.4,5194049.17
10,150,1,53.5,5715939.278
10,150,1,53.6,4547899.512
10,150,1,53.7,5616531.638
10,150,1,53.8,4199972.774
10,150,1,53.9,5268604.899
10,150,1,54,5715939.278
10,150,1,54.1,4995233.89
10,150,1,54.2,4622455.242
10,150,1,54.3,4821270.521
10,150,1,54.4,5069789.62
10,150,1,54.5,4746714.791
10,150,1,54.6,5218901.08
10,150,1,54.7,4622455.242
10,150,1,54.8,4970381.981
10,150,1,54.9,5194049.17
10,150,1,55,4821270.521
10,150,1,55.1,5119493.44
10,150,1,55.2,4373936.143
10,150,1,55.3,4647307.152
10,150,1,55.4,5094641.53
10,150,1,55.5,4746714.791
10,150,1,55.6,5069789.62
10,150,1,55.7,4995233.89
10,150,1,55.8,4622455.242
10,150,1,55.9,4746714.791
10,150,1,56,5194049.17
10,150,1,56.1,5243752.989
10,150,1,56.2,4870974.341
10,150,1,56.3,5094641.53
10,150,1,56.4,5020085.8
10,150,1,56.5,4697010.972
10,150,1,56.6,5343160.629
10,150,1,56.7,4001157.494
10,150,1,56.8,4547899.512
10,150,1,56.9,4001157.494
10,150,1,57,3976305.584
10,150,1,57.1,4771566.701
10,150,1,57.2,4349084.233
10,150,1,57.3,4373936.143
10,150,1,57.4,4572751.422
10,150,1,57.5,3827194.125
10,150,1,57.6,4597603.332
10,150,1,57.7,4995233.89
10,150,1,57.8,4349084.233
10,150,1,57.9,4299380.413
10,150,1,58,4224824.683
10,150,1,58.1,21720569.25
10,150,1,58.2,4796418.611
10,150,1,58.3,4895826.251
10,150,1,58.4,5020085.8
10,150,1,58.5,4050861.314
10,150,1,58.6,4473343.782
10,150,1,58.7,4001157.494
10,150,1,58.8,4547899.512
10,150,1,58.9,4796418.611
10,150,1,59,4423639.963
10,150,1,59.1,4597603.332
10,150,1,59.2,4920678.161
10,150,1,59.3,3827194.125
10,150,1,59.4,4473343.782
10,150,1,59.5,36159528.91
10,150,1,59.6,4721862.882
10,150,1,59.7,4647307.152
10,150,1,59.8,4125417.044
10,150,1,59.9,4945530.071
10,150,1,60,4647307.152
10,150,1,60.1,4150268.954
10,150,1,60.2,4473343.782
10,150,1,60.3,4224824.683
10,150,1,60.4,4647307.152
10,150,1,60.5,4448491.873
10,150,1,60.6,4349084.233
10,150,1,60.7,3951453.675
10,150,1,60.8,4572751.422
10,150,1,60.9,4423639.963
10,150,1,61,4672159.062
10,150,1,61.1,4498195.692
10,150,1,61.2,4224824.683
10,150,1,61.3,3578675.026
10,150,1,61.4,4075713.224
10,150,1,61.5,4324232.323
10,150,1,61.6,4547899.512
10,150,1,61.7,4199972.774
10,150,1,61.8,4175120.864
10,150,1,61.9,4349084.233
10,150,1,62,3876897.945
10,150,1,62.1,4175120.864
10,150,1,62.2,4498195.692
10,150,1,62.3,3926601.765
10,150,1,62.4,4473343.782
10,150,1,62.5,3976305.584
10,150,1,62.6,4026009.404
10,150,1,62.7,3802342.215
10,150,1,62.8,3827194.125
10,150,1,62.9,4075713.224
10,150,1,63,4199972.774
10,150,1,63.1,3852046.035
10,150,1,63.2,4324232.323
10,150,1,63.3,4324232.323
10,150,1,63.4,4050861.314
10,150,1,63.5,3727786.485
10,150,1,63.6,4175120.864
10,150,1,63.7,3802342.215
10,150,1,63.8,3578675.026
10,150,1,63.9,3802342.215
10,150,1,64,3802342.215
10,150,1,64.1,4150268.954
10,150,1,64.2,3628378.846
10,150,1,64.3,3479267.386
10,150,1,64.4,3305304.017
10,150,1,64.5,4026009.404
10,150,1,64.6,3355007.837
10,150,1,64.7,3777490.305
10,150,1,64.8,3702934.576
10,150,1,64.9,4050861.314
10,150,1,65,4175120.864
10,150,1,65.1,3876897.945
10,150,1,65.2,4199972.774
10,150,1,65.3,3653230.756
10,150,1,65.4,3330155.927
10,150,1,65.5,3976305.584
10,150,1,65.6,3578675.026
10,150,1,65.7,3305304.017
10,150,1,65.8,3802342.215
10,150,1,65.9,3578675.026
10,150,1,66,3727786.485
10,150,1,66.1,4075713.224
10,150,1,66.2,3379859.747
10,150,1,66.3,3603526.936
10,150,1,66.4,3528971.206
10,150,1,66.5,3752638.395
10,150,1,66.6,3752638.395
10,150,1,66.7,3603526.936
10,150,1,66.8,3777490.305
10,150,1,66.9,3106488.738
10,150,1,67,3355007.837
10,150,1,67.1,6560904.214
10,150,1,67.2,3752638.395
10,150,1,67.3,3553823.116
10,150,1,67.4,9468577.673
10,150,1,67.5,3355007.837
10,150,1,67.6,3628378.846
10,150,1,67.7,4150268.954
10,150,1,67.8,2957377.278
10,150,1,67.9,3429563.567
10,150,1,68,3404711.657
10,150,1,68.1,3727786.485
10,150,1,68.2,3031933.008
10,150,1,68.3,4050861.314
10,150,1,68.4,3678082.666
10,150,1,68.5,3305304.017
10,150,1,68.6,3280452.107
10,150,1,68.7,3528971.206
10,150,1,68.8,3479267.386
10,150,1,68.9,3355007.837
10,150,1,69,3379859.747
10,150,1,69.1,3181044.468
10,150,1,69.2,4050861.314
10,150,1,69.3,4995233.89
10,150,1,69.4,3280452.107
10,150,1,69.5,3454415.476
10,150,1,69.6,3727786.485
10,150,1,69.7,3031933.008
10,150,1,69.8,3876897.945
10,150,1,69.9,3081636.828
10,150,1,70,3280452.107
10,150,1,70.1,3131340.648
10,150,1,70.2,3653230.756
10,150,1,70.3,3628378.846
10,150,1,70.4,3379859.747
10,150,1,70.5,3926601.765
10,150,1,70.6,2982229.188
10,150,1,70.7,3504119.296
10,150,1,70.8,3181044.468
10,150,1,70.9,3181044.468
10,150,1,71,3553823.116
10,150,1,71.1,3181044.468
10,150,1,71.2,3628378.846
10,150,1,71.3,3777490.305
10,150,1,71.4,2733710.089
10,150,1,71.5,3727786.485
10,150,1,71.6,3106488.738
10,150,1,71.7,3255600.197
10,150,1,71.8,3230748.287
10,150,1,71.9,2659154.36
10,150,1,72,3081636.828
10,150,1,72.1,3205896.377
10,150,1,72.2,3205896.377
10,150,1,72.3,3553823.116
10,150,1,72.4,3205896.377
10,150,1,72.5,3355007.837
10,150,1,72.6,3131340.648
10,150,1,72.7,2708858.179
10,150,1,72.8,3305304.017
10,150,1,72.9,2957377.278
10,150,1,73,3976305.584
10,150,1,73.1,3628378.846
10,150,1,73.2,2833117.729
10,150,1,73.3,3305304.017
10,150,1,73.4,3479267.386
10,150,1,73.5,2932525.369
10,150,1,73.6,2808265.819
10,150,1,73.7,3280452.107
10,150,1,73.8,3081636.828
10,150,1,73.9,2559746.72
10,150,1,74,3454415.476
10,150,1,74.1,2808265.819
10,150,1,74.2,3230748.287
10,150,1,74.3,3827194.125
10,150,1,74.4,3628378.846
10,150,1,74.5,3106488.738
10,150,1,74.6,3230748.287
10,150,1,74.7,2833117.729
10,150,1,74.8,3255600.197
10,150,1,74.9,3156192.558
10,150,1,75,2634302.45
10,150,1,75.1,3081636.828
10,150,1,75.2,2410635.261
10,150,1,75.3,3255600.197
10,150,1,75.4,2907673.459
10,150,1,75.5,3007081.098
10,150,1,75.6,2733710.089
10,150,1,75.7,3131340.648
10,150,1,75.8,2534894.81
10,150,1,75.9,3031933.008
10,150,1,76,3031933.008
10,150,1,76.1,2559746.72
10,150,1,76.2,2733710.089
10,150,1,76.3,2733710.089
10,150,1,76.4,3181044.468
10,150,1,76.5,3131340.648
10,150,1,76.6,3031933.008
10,150,1,76.7,3056784.918
10,150,1,76.8,2907673.459
10,150,1,76.9,2708858.179
10,150,1,77,2982229.188
10,150,1,77.1,3181044.468
10,150,1,77.2,2907673.459
10,150,1,77.3,2907673.459
10,150,1,77.4,2559746.72
10,150,1,77.5,2684006.269
10,150,1,77.6,2385783.351
10,150,1,77.7,2534894.81
10,150,1,77.8,2659154.36
10,150,1,77.9,2882821.549
10,150,1,78,2684006.269
10,150,1,78.1,2708858.179
10,150,1,78.2,2311227.621
10,150,1,78.3,3379859.747
10,150,1,78.4,2609450.54
10,150,1,78.5,2659154.36
10,150,1,78.6,2559746.72
10,150,1,78.7,2808265.819
10,150,1,78.8,2609450.54
10,150,1,78.9,3181044.468
10,150,1,79,2758561.999
10,150,1,79.1,3181044.468
10,150,1,79.2,2882821.549
10,150,1,79.3,2311227.621
10,150,1,79.4,2882821.549
10,150,1,79.5,2857969.639
10,150,1,79.6,2659154.36
10,150,1,79.7,2783413.909
10,150,1,79.8,2510042.9
10,150,1,79.9,2137264.252
10,150,1,80,2708858.179
10,150,1,80.1,2659154.36
10,150,1,80.2,2062708.522
10,150,1,80.3,2261523.801
10,150,1,80.4,2907673.459
10,150,1,80.5,2634302.45
10,150,1,80.6,2559746.72
10,150,1,80.7,2534894.81
10,150,1,80.8,2684006.269
10,150,1,80.9,2708858.179
10,150,1,81,2733710.089
10,150,1,81.1,2907673.459
10,150,1,81.2,2485190.99
10,150,1,81.3,2758561.999
10,150,1,81.4,3106488.738
10,150,1,81.5,2360931.441
10,150,1,81.6,2261523.801
10,150,1,81.7,2261523.801
10,150,1,81.8,2584598.63
10,150,1,81.9,2485190.99
10,150,1,82,2659154.36
10,150,1,82.1,2510042.9
10,150,1,82.2,2311227.621
10,150,1,82.3,2186968.071
10,150,1,82.4,2659154.36
10,150,1,82.5,2534894.81
10,150,1,82.6,2286375.711
10,150,1,82.7,2087560.432
10,150,1,82.8,2534894.81
10,150,1,82.9,2435487.17
10,150,1,83,2435487.17
10,150,1,83.1,2236671.891
10,150,1,83.2,1963300.882
10,150,1,83.3,1988152.792
10,150,1,83.4,2261523.801
10,150,1,83.5,2534894.81
10,150,1,83.6,2584598.63
10,150,1,83.7,2410635.261
10,150,1,83.8,2559746.72
10,150,1,83.9,3007081.098
10,150,1,84,2236671.891
10,150,1,84.1,3156192.558
10,150,1,84.2,2485190.99
10,150,1,84.3,2410635.261
10,150,1,84.4,2659154.36
10,150,1,84.5,2435487.17
10,150,1,84.6,2783413.909
10,150,1,84.7,2311227.621
10,150,1,84.8,2385783.351
10,150,1,84.9,2013004.702
10,150,1,85,2236671.891
10,150,1,85.1,2162116.162
10,150,1,85.2,2708858.179
10,150,1,85.3,2162116.162
10,150,1,85.4,2336079.531
10,150,1,85.5,2584598.63
10,150,1,85.6,2261523.801
10,150,1,85.7,2236671.891
10,150,1,85.8,2211819.981
10,150,1,85.9,2385783.351
10,150,1,86,2236671.891
10,150,1,86.1,2162116.162
10,150,1,86.2,2659154.36
10,150,1,86.3,2137264.252
10,150,1,86.4,2634302.45
10,150,1,86.5,2584598.63
10,150,1,86.6,2087560.432
10,150,1,86.7,1888745.153
10,150,1,86.8,2510042.9
10,150,1,86.9,2385783.351
10,150,1,87,2137264.252
10,150,1,87.1,2410635.261
10,150,1,87.2,2559746.72
10,150,1,87.3,2410635.261
10,150,1,87.4,2336079.531
10,150,1,87.5,2460339.08
10,150,1,87.6,2087560.432
10,150,1,87.7,2162116.162
10,150,1,87.8,2062708.522
10,150,1,87.9,1863893.243
10,150,1,88,2211819.981
10,150,1,88.1,2435487.17
10,150,1,88.2,2385783.351
10,150,1,88.3,1988152.792
10,150,1,88.4,2013004.702
10,150,1,88.5,1988152.792
10,150,1,88.6,2211819.981
10,150,1,88.7,1814189.423
10,150,1,88.8,2062708.522
10,150,1,88.9,1988152.792
10,150,1,89,1963300.882
10,150,1,89.1,2385783.351
10,150,1,89.2,2013004.702
10,150,1,89.3,2286375.711
10,150,1,89.4,1938448.972
10,150,1,89.5,2137264.252
10,150,1,89.6,2261523.801
10,150,1,89.7,2087560.432
10,150,1,89.8,2435487.17
10,150,1,89.9,2385783.351
10,150,1,90,2062708.522
10,150,1,90.1,2087560.432
10,150,1,90.2,2336079.531
10,150,1,90.3,1739633.693
10,150,1,90.4,2733710.089
10,150,1,90.5,2186968.071
10,150,1,90.6,1913597.063
10,150,1,90.7,2336079.531
10,150,1,90.8,1988152.792
10,150,1,90.9,2112412.342
10,150,1,91,2360931.441
10,150,1,91.1,2037856.612
10,150,1,91.2,1963300.882
10,150,1,91.3,2112412.342
10,150,1,91.4,2211819.981
10,150,1,91.5,1913597.063
10,150,1,91.6,2062708.522
10,150,1,91.7,2186968.071
10,150,1,91.8,2186968.071
10,150,1,91.9,2385783.351
10,150,1,92,2336079.531
10,150,1,92.1,2410635.261
10,150,1,92.2,2609450.54
10,150,1,92.3,1814189.423
10,150,1,92.4,2236671.891
10,150,1,92.5,2286375.711
10,150,1,92.6,2087560.432
10,150,1,92.7,1839041.333
10,150,1,92.8,1938448.972
10,150,1,92.9,2013004.702
10,150,1,93,2037856.612
10,150,1,93.1,1789337.513
10,150,1,93.2,1714781.783
10,150,1,93.3,1640226.054
10,150,1,93.4,2013004.702
10,150,1,93.5,2087560.432
10,150,1,93.6,2435487.17
10,150,1,93.7,2261523.801
10,150,1,93.8,1764485.603
10,150,1,93.9,2186968.071
10,150,1,94,2013004.702
10,150,1,94.1,1988152.792
10,150,1,94.2,1963300.882
10,150,1,94.3,1913597.063
10,150,1,94.4,2510042.9
10,150,1,94.5,1913597.063
10,150,1,94.6,2087560.432
10,150,1,94.7,1988152.792
10,150,1,94.8,2087560.432
10,150,1,94.9,2137264.252
10,150,1,95,1913597.063
10,150,1,95.1,1764485.603
10,150,1,95.2,2037856.612
10,150,1,95.3,2087560.432
10,150,1,95.4,2087560.432
10,150,1,95.5,2013004.702
10,150,1,95.6,2013004.702
10,150,1,95.7,2112412.342
10,150,1,95.8,1764485.603
10,150,1,95.9,2186968.071
10,150,1,96,2311227.621
10,150,1,96.1,1913597.063
10,150,1,96.2,1913597.063
10,150,1,96.3,2013004.702
10,150,1,96.4,1913597.063
10,150,1,96.5,1789337.513
10,150,1,96.6,1814189.423
10,150,1,96.7,2236671.891
10,150,1,96.8,1938448.972
10,150,1,96.9,1739633.693
10,150,1,97,1590522.234
10,150,1,97.1,1515966.504
10,150,1,97.2,2137264.252
10,150,1,97.3,1814189.423
10,150,1,97.4,1814189.423
10,150,1,97.5,2186968.071
10,150,1,97.6,2037856.612
10,150,1,97.7,1863893.243
10,150,1,97.8,1466262.684
10,150,1,97.9,2062708.522
10,150,1,98,1739633.693
10,150,1,98.1,1565670.324
10,150,1,98.2,1590522.234
10,150,1,98.3,2062708.522
10,150,1,98.4,2286375.711
10,150,1,98.5,1640226.054
10,150,1,98.6,1938448.972
10,150,1,98.7,1814189.423
10,150,1,98.8,1888745.153
10,150,1,98.9,2062708.522
10,150,1,99,1665077.963
10,150,1,99.1,1814189.423
10,150,1,99.2,1714781.783
10,150,1,99.3,1789337.513
10,150,1,99.4,2087560.432
10,150,1,99.5,2037856.612
10,150,1,99.6,2435487.17
10,150,1,99.7,1565670.324
10,150,1,99.8,1317151.225
10,150,1,99.9,2410635.261
10,150,1,100,2062708.522
10,150,1,100.1,1689929.873
10,150,1,100.2,1292299.315
10,150,1,100.3,1615374.144
10,150,1,100.4,1888745.153
10,150,1,100.5,1317151.225
10,150,1,100.6,1665077.963
10,150,1,100.7,1714781.783
10,150,1,100.8,1863893.243
10,150,1,100.9,1739633.693
10,150,1,101,1267447.405
10,150,1,101.1,1366855.045
10,150,1,101.2,2062708.522
10,150,1,101.3,1988152.792
10,150,1,101.4,1739633.693
10,150,1,101.5,1665077.963
10,150,1,101.6,1640226.054
10,150,1,101.7,2037856.612
10,150,1,101.8,1565670.324
10,150,1,101.9,1665077.963
10,150,1,102,1665077.963
10,150,1,102.1,1665077.963
10,150,1,102.2,1739633.693
10,150,1,102.3,2013004.702
10,150,1,102.4,1043780.216
10,150,1,102.5,1491114.594
10,150,1,102.6,1615374.144
10,150,1,102.7,1913597.063
10,150,1,102.8,1416558.864
10,150,1,102.9,1689929.873
10,150,1,103,1540818.414
10,150,1,103.1,1565670.324
10,150,1,103.2,2037856.612
10,150,1,103.3,1888745.153
10,150,1,103.4,1714781.783
10,150,1,103.5,1317151.225
10,150,1,103.6,1565670.324
10,150,1,103.7,1689929.873
10,150,1,103.8,1839041.333
10,150,1,103.9,1839041.333
10,150,1,104,1565670.324
10,150,1,104.1,1590522.234
10,150,1,104.2,1963300.882
10,150,1,104.3,1565670.324
10,150,1,104.4,1938448.972
10,150,1,104.5,1714781.783
10,150,1,104.6,1689929.873
10,150,1,104.7,1366855.045
10,150,1,104.8,2087560.432
10,150,1,104.9,1540818.414
10,150,1,105,1317151.225
10,150,1,105.1,1466262.684
10,150,1,105.2,1267447.405
10,150,1,105.3,1739633.693
10,150,1,105.4,1739633.693
10,150,1,105.5,1540818.414
10,150,1,105.6,1292299.315
10,150,1,105.7,1739633.693
10,150,1,105.8,1689929.873
10,150,1,105.9,1913597.063
10,150,1,106,2137264.252
10,150,1,106.1,1491114.594
10,150,1,106.2,1292299.315
10,150,1,106.3,1590522.234
10,150,1,106.4,1839041.333
10,150,1,106.5,1839041.333
10,150,1,106.6,1615374.144
10,150,1,106.7,1764485.603
10,150,1,106.8,1913597.063
10,150,1,106.9,1540818.414
10,150,1,107,1217743.585
10,150,1,107.1,1640226.054
10,150,1,107.2,1814189.423
10,150,1,107.3,1441410.774
10,150,1,107.4,1242595.495
10,150,1,107.5,1640226.054
10,150,1,107.6,1441410.774
10,150,1,107.7,1317151.225
10,150,1,107.8,1590522.234
10,150,1,107.9,1913597.063
10,150,1,108,1590522.234
10,150,1,108.1,1814189.423
10,150,1,108.2,1863893.243
10,150,1,108.3,1391706.955
10,150,1,108.4,1814189.423
10,150,1,108.5,1789337.513
10,150,1,108.6,1689929.873
10,150,1,108.7,1665077.963
10,150,1,108.8,1640226.054
10,150,1,108.9,1615374.144
10,150,1,109,1640226.054
10,150,1,109.1,1565670.324
10,150,1,109.2,1391706.955
10,150,1,109.3,1565670.324
10,150,1,109.4,1590522.234
10,150,1,109.5,1391706.955
10,150,1,109.6,1689929.873
10,150,1,109.7,1640226.054
10,150,1,109.8,1342003.135
10,150,1,109.9,1540818.414
10,150,1,110,1416558.864
10,150,1,110.1,1242595.495
10,150,1,110.2,1391706.955
10,150,1,110.3,1416558.864
10,150,1,110.4,1665077.963
10,150,1,110.5,1590522.234
10,150,1,110.6,1342003.135
10,150,1,110.7,1540818.414
10,150,1,110.8,1391706.955
10,150,1,110.9,1565670.324
10,150,1,111,1540818.414
10,150,1,111.1,1714781.783
10,150,1,111.2,1764485.603
10,150,1,111.3,1565670.324
10,150,1,111.4,1764485.603
10,150,1,111.5,1739633.693
10,150,1,111.6,1739633.693
10,150,1,111.7,1540818.414
10,150,1,111.8,1143187.856
10,150,1,111.9,1615374.144
10,150,1,112,1292299.315
10,150,1,112.1,1665077.963
10,150,1,112.2,1540818.414
10,150,1,112.3,1764485.603
10,150,1,112.4,1764485.603
10,150,1,112.5,1168039.765
10,150,1,112.6,1366855.045
10,150,1,112.7,1640226.054
10,150,1,112.8,1515966.504
10,150,1,112.9,1689929.873
10,150,1,113,1242595.495
10,150,1,113.1,1565670.324
10,150,1,113.2,1540818.414
10,150,1,113.3,1292299.315
10,150,1,113.4,1317151.225
10,150,1,113.5,1317151.225
10,150,1,113.6,1441410.774
10,150,1,113.7,1292299.315
10,150,1,113.8,1540818.414
10,150,1,113.9,1143187.856
10,150,1,114,1267447.405
10,150,1,114.1,1317151.225
10,150,1,114.2,1342003.135
10,150,1,114.3,1491114.594
10,150,1,114.4,1242595.495
10,150,1,114.5,1441410.774
10,150,1,114.6,1615374.144
10,150,1,114.7,1540818.414
10,150,1,114.8,1515966.504
10,150,1,114.9,1466262.684
10,150,1,115,1192891.675
10,150,1,115.1,1242595.495
10,150,1,115.2,1342003.135
10,150,1,115.3,1267447.405
10,150,1,115.4,1963300.882
10,150,1,115.5,1118335.946
10,150,1,115.6,1342003.135
10,150,1,115.7,1615374.144
10,150,1,115.8,1242595.495
10,150,1,115.9,1391706.955
10,150,1,116,1366855.045
10,150,1,116.1,1242595.495
10,150,1,116.2,1242595.495
10,150,1,116.3,1068632.126
10,150,1,116.4,1267447.405
10,150,1,116.5,1242595.495
10,150,1,116.6,1242595.495
10,150,1,116.7,1242595.495
10,150,1,116.8,1217743.585
10,150,1,116.9,1615374.144
10,150,1,117,1143187.856
10,150,1,117.1,1317151.225
10,150,1,117.2,1565670.324
10,150,1,117.3,1143187.856
10,150,1,117.4,1441410.774
10,150,1,117.5,1764485.603
10,150,1,117.6,1342003.135
10,150,1,117.7,1192891.675
10,150,1,117.8,1267447.405
10,150,1,117.9,1342003.135
10,150,1,118,1217743.585
10,150,1,118.1,1317151.225
10,150,1,118.2,969224.4862
10,150,1,118.3,1217743.585
10,150,1,118.4,1168039.765
10,150,1,118.5,1590522.234
10,150,1,118.6,1391706.955
10,150,1,118.7,1317151.225
10,150,1,118.8,1168039.765
10,150,1,118.9,1615374.144
10,150,1,119,1143187.856
10,150,1,119.1,1168039.765
10,150,1,119.2,1267447.405
10,150,1,119.3,1217743.585
10,150,1,119.4,1192891.675
10,150,1,119.5,1217743.585
10,150,1,119.6,1540818.414
10,150,1,119.7,1366855.045
10,150,1,119.8,1217743.585
10,150,1,119.9,1317151.225
10,150,1,120,1217743.585
10,150,1,120.1,1093484.036
10,150,1,120.2,1143187.856
10,150,1,120.3,1292299.315
10,150,1,120.4,1018928.306
10,150,1,120.5,1342003.135
10,150,1,120.6,1540818.414
10,150,1,120.7,1192891.675
10,150,1,120.8,1491114.594
10,150,1,120.9,1068632.126
10,150,1,121,1565670.324
10,150,1,121.1,1093484.036
10,150,1,121.2,1018928.306
10,150,1,121.3,1217743.585
10,150,1,121.4,1366855.045
10,150,1,121.5,820113.0268
10,150,1,121.6,1366855.045
10,150,1,121.7,1118335.946
10,150,1,121.8,1018928.306
10,150,1,121.9,944372.5763
10,150,1,122,1342003.135
10,150,1,122.1,1267447.405
10,150,1,122.2,1118335.946
10,150,1,122.3,1217743.585
10,150,1,122.4,1292299.315
10,150,1,122.5,1391706.955
10,150,1,122.6,1267447.405
10,150,1,122.7,1118335.946
10,150,1,122.8,1267447.405
10,150,1,122.9,1118335.946
10,150,1,123,1416558.864
10,150,1,123.1,1441410.774
10,150,1,123.2,944372.5763
10,150,1,123.3,1168039.765
10,150,1,123.4,1342003.135
10,150,1,123.5,969224.4862
10,150,1,123.6,1143187.856
10,150,1,123.7,1168039.765
10,150,1,123.8,1143187.856
10,150,1,123.9,1342003.135
10,150,1,124,1317151.225
10,150,1,124.1,1242595.495
10,150,1,124.2,894668.7565
10,150,1,124.3,1043780.216
10,150,1,124.4,994076.3961
10,150,1,124.5,1043780.216
10,150,1,124.6,869816.8466
10,150,1,124.7,1342003.135
10,150,1,124.8,1093484.036
10,150,1,124.9,1217743.585
10,150,1,125,1342003.135
10,150,1,125.1,1018928.306
10,150,1,125.2,1168039.765
10,150,1,125.3,1366855.045
10,150,1,125.4,820113.0268
10,150,1,125.5,1267447.405
10,150,1,125.6,820113.0268
10,150,1,125.7,1018928.306
10,150,1,125.8,795261.1169
10,150,1,125.9,1267447.405
10,150,1,126,1043780.216
10,150,1,126.1,944372.5763
10,150,1,126.2,1267447.405
10,150,1,126.3,1043780.216
10,150,1,126.4,1168039.765
10,150,1,126.5,969224.4862
10,150,1,126.6,1292299.315
10,150,1,126.7,869816.8466
10,150,1,126.8,1143187.856
10,150,1,126.9,1217743.585
10,150,1,127,1143187.856
10,150,1,127.1,1093484.036
10,150,1,127.2,1391706.955
10,150,1,127.3,1143187.856
10,150,1,127.4,969224.4862
10,150,1,127.5,1217743.585
10,150,1,127.6,1292299.315
10,150,1,127.7,994076.3961
10,150,1,127.8,944372.5763
10,150,1,127.9,1317151.225
10,150,1,128,1317151.225
10,150,1,128.1,1168039.765
10,150,1,128.2,1093484.036
10,150,1,128.3,1068632.126
10,150,1,128.4,1093484.036
10,150,1,128.5,1242595.495
10,150,1,128.6,944372.5763
10,150,1,128.7,1317151.225
10,150,1,128.8,1192891.675
10,150,1,128.9,1093484.036
10,150,1,129,919520.6664
10,150,1,129.1,1118335.946
10,150,1,129.2,919520.6664
10,150,1,129.3,1292299.315
10,150,1,129.4,1018928.306
10,150,1,129.5,1342003.135
10,150,1,129.6,1118335.946
10,150,1,129.7,869816.8466
10,150,1,129.8,969224.4862
10,150,1,129.9,1018928.306
10,150,1,130,820113.0268
10,150,1,130.1,1043780.216
10,150,1,130.2,944372.5763
10,150,1,130.3,1168039.765
10,150,1,130.4,919520.6664
10,150,1,130.5,944372.5763
10,150,1,130.6,969224.4862
10,150,1,130.7,969224.4862
10,150,1,130.8,745557.2971
10,150,1,130.9,1118335.946
10,150,1,131,844964.9367
10,150,1,131.1,1267447.405
10,150,1,131.2,1192891.675
10,150,1,131.3,1068632.126
10,150,1,131.4,1043780.216
10,150,1,131.5,1118335.946
10,150,1,131.6,1018928.306
10,150,1,131.7,1217743.585
10,150,1,131.8,1317151.225
10,150,1,131.9,1043780.216
10,150,1,132,1018928.306
10,150,1,132.1,969224.4862
10,150,1,132.2,944372.5763
10,150,1,132.3,1267447.405
10,150,1,132.4,1093484.036
10,150,1,132.5,844964.9367
10,150,1,132.6,1491114.594
10,150,1,132.7,720705.3872
10,150,1,132.8,1018928.306
10,150,1,132.9,894668.7565
10,150,1,133,1018928.306
10,150,1,133.1,1068632.126
10,150,1,133.2,844964.9367
10,150,1,133.3,944372.5763
10,150,1,133.4,720705.3872
10,150,1,133.5,1242595.495
10,150,1,133.6,1018928.306
10,150,1,133.7,1068632.126
10,150,1,133.8,1192891.675
10,150,1,133.9,944372.5763
10,150,1,134,869816.8466
10,150,1,134.1,869816.8466
10,150,1,134.2,1093484.036
10,150,1,134.3,1093484.036
10,150,1,134.4,1267447.405
10,150,1,134.5,795261.1169
10,150,1,134.6,894668.7565
10,150,1,134.7,671001.5674
10,150,1,134.8,869816.8466
10,150,1,134.9,1018928.306
10,150,1,135,1018928.306
10,150,1,135.1,969224.4862
10,150,1,135.2,1093484.036
10,150,1,135.3,1068632.126
10,150,1,135.4,1093484.036
10,150,1,135.5,1018928.306
10,150,1,135.6,944372.5763
10,150,1,135.7,994076.3961
10,150,1,135.8,1093484.036
10,150,1,135.9,1018928.306
10,150,1,136,869816.8466
10,150,1,136.1,770409.207
10,150,1,136.2,1068632.126
10,150,1,136.3,745557.2971
10,150,1,136.4,1118335.946
10,150,1,136.5,1217743.585
10,150,1,136.6,869816.8466
10,150,1,136.7,1043780.216
10,150,1,136.8,770409.207
10,150,1,136.9,894668.7565
10,150,1,137,1118335.946
10,150,1,137.1,820113.0268
10,150,1,137.2,1093484.036
10,150,1,137.3,1366855.045
10,150,1,137.4,571593.9278
10,150,1,137.5,646149.6575
10,150,1,137.6,1168039.765
10,150,1,137.7,1168039.765
10,150,1,137.8,770409.207
10,150,1,137.9,1093484.036
10,150,1,138,894668.7565
10,150,1,138.1,994076.3961
10,150,1,138.2,1317151.225
10,150,1,138.3,919520.6664
10,150,1,138.4,795261.1169
10,150,1,138.5,1018928.306
10,150,1,138.6,720705.3872
10,150,1,138.7,770409.207
10,150,1,138.8,671001.5674
10,150,1,138.9,969224.4862
10,150,1,139,919520.6664
10,150,1,139.1,695853.4773
10,150,1,139.2,621297.7476
10,150,1,139.3,820113.0268
10,150,1,139.4,869816.8466
10,150,1,139.5,720705.3872
10,150,1,139.6,969224.4862
10,150,1,139.7,571593.9278
10,150,1,139.8,1168039.765
10,150,1,139.9,795261.1169
10,150,1,140,795261.1169
10,150,1,140.1,969224.4862
10,150,1,140.2,1043780.216
10,150,1,140.3,745557.2971
10,150,1,140.4,1018928.306
10,150,1,140.5,869816.8466
10,150,1,140.6,1018928.306
10,150,1,140.7,919520.6664
10,150,1,140.8,894668.7565
10,150,1,140.9,1267447.405
10,150,1,141,1043780.216
10,150,1,141.1,770409.207
10,150,1,141.2,1043780.216
10,150,1,141.3,745557.2971
10,150,1,141.4,969224.4862
10,150,1,141.5,770409.207
10,150,1,141.6,969224.4862
10,150,1,141.7,894668.7565
10,150,1,141.8,1018928.306
10,150,1,141.9,919520.6664
10,150,1,142,621297.7476
10,150,1,142.1,795261.1169
10,150,1,142.2,869816.8466
10,150,1,142.3,497038.1981
10,150,1,142.4,1093484.036
10,150,1,142.5,1093484.036
10,150,1,142.6,994076.3961
10,150,1,142.7,745557.2971
10,150,1,142.8,571593.9278
10,150,1,142.9,820113.0268
10,150,1,143,695853.4773
10,150,1,143.1,944372.5763
10,150,1,143.2,770409.207
10,150,1,143.3,944372.5763
10,150,1,143.4,894668.7565
10,150,1,143.5,869816.8466
10,150,1,143.6,571593.9278
10,150,1,143.7,919520.6664
10,150,1,143.8,869816.8466
10,150,1,143.9,894668.7565
10,150,1,144,671001.5674
10,150,1,144.1,795261.1169
10,150,1,144.2,745557.2971
10,150,1,144.3,844964.9367
10,150,1,144.4,770409.207
10,150,1,144.5,720705.3872
10,150,1,144.6,720705.3872
10,150,1,144.7,1192891.675
10,150,1,144.8,820113.0268
10,150,1,144.9,844964.9367
10,150,1,145,497038.1981
10,150,1,145.1,894668.7565
10,150,1,145.2,745557.2971
10,150,1,145.3,571593.9278
10,150,1,145.4,695853.4773
10,150,1,145.5,1043780.216
10,150,1,145.6,1093484.036
10,150,1,145.7,745557.2971
10,150,1,145.8,1043780.216
10,150,1,145.9,795261.1169
10,150,1,146,372778.6485
10,150,1,146.1,695853.4773
10,150,1,146.2,621297.7476
10,150,1,146.3,820113.0268
10,150,1,146.4,646149.6575
10,150,1,146.5,695853.4773
10,150,1,146.6,820113.0268
10,150,1,146.7,745557.2971
10,150,1,146.8,795261.1169
10,150,1,146.9,820113.0268
10,150,1,147,596445.8377
10,150,1,147.1,820113.0268
10,150,1,147.2,745557.2971
10,150,1,147.3,646149.6575
10,150,1,147.4,969224.4862
10,150,1,147.5,521890.108
10,150,1,147.6,720705.3872
10,150,1,147.7,894668.7565
10,150,1,147.8,671001.5674
10,150,1,147.9,546742.0179
10,150,1,148,447334.3782
10,150,1,148.1,596445.8377
10,150,1,148.2,596445.8377
10,150,1,148.3,497038.1981
10,150,1,148.4,323074.8287
10,150,1,148.5,372778.6485
10,150,1,148.6,447334.3782
10,150,1,148.7,397630.5584
10,150,1,148.8,521890.108
10,150,1,148.9,472186.2882
10,150,1,149,621297.7476
10,150,1,149.1,571593.9278
10,150,1,149.2,248519.099
10,150,1,149.3,621297.7476
10,150,1,149.4,397630.5584
10,150,1,149.5,173963.3693
10,150,1,149.6,323074.8287
10,150,1,149.7,298222.9188
10,150,1,149.8,74555.72971
10,150,1,149.9,198815.2792
10,150,1,150,24851.9099
10,40,3,3.7,42018.69104
10,40,3,3.8,28012.46069
10,40,3,3.9,14006.23035
10,40,3,4,70031.15173
10,40,3,4.1,84037.38208
10,40,3,4.2,84037.38208
10,40,3,4.3,140062.3035
10,40,3,4.4,196087.2249
10,40,3,4.5,280124.6069
10,40,3,4.6,434193.1408
10,40,3,4.7,560249.2139
10,40,3,4.8,686305.287
10,40,3,4.9,868386.2815
10,40,3,5,1148510.888
10,40,3,5.1,1498666.647
10,40,3,5.2,1792797.484
10,40,3,5.3,1974878.479
10,40,3,5.4,3025345.755
10,40,3,5.5,3025345.755
10,40,3,5.6,2969320.834
10,40,3,5.7,3417520.205
10,40,3,5.8,4299912.716
10,40,3,5.9,5000224.234
10,40,3,6,5014230.464
10,40,3,6.1,5924635.437
10,40,3,6.2,6036685.279
10,40,3,6.3,7255227.32
10,40,3,6.4,7045133.864
10,40,3,6.5,8445756.899
10,40,3,6.6,8487775.59
10,40,3,6.7,8837931.349
10,40,3,6.8,9846379.934
10,40,3,6.9,10434641.61
10,40,3,7,11176971.82
10,40,3,7.1,11471102.65
10,40,3,7.2,11849270.87
10,40,3,7.3,12325482.71
10,40,3,7.4,28740784.67
10,40,3,7.5,13067812.91
10,40,3,7.6,14202317.57
10,40,3,7.7,14314367.41
10,40,3,7.8,14482442.18
10,40,3,7.9,15168747.47
10,40,3,8,16149183.59
10,40,3,8.1,16415301.97
10,40,3,8.2,16667414.11
10,40,3,8.3,58490017.93
10,40,3,8.4,377481914.1
10,40,3,8.5,18390180.45
10,40,3,8.6,18166080.76
10,40,3,8.7,18936423.43
10,40,3,8.8,23054255.15
10,40,3,8.9,18390180.45
10,40,3,9,19258566.73
10,40,3,9.1,19412635.26
10,40,3,9.2,19118504.42
10,40,3,9.3,19538691.33
10,40,3,9.4,20196984.16
10,40,3,9.5,31668086.81
10,40,3,9.6,27228111.79
10,40,3,9.7,234016096.6
10,40,3,9.8,36360173.98
10,40,3,9.9,31542030.74
10,40,3,10,116125655.8
10,40,3,10.1,21821706.88
10,40,3,10.2,20337046.46
10,40,3,10.3,11050915.74
10,40,3,10.4,10700759.98
10,40,3,10.5,11190978.05
10,40,3,10.6,11807252.18
10,40,3,10.7,11092934.43
10,40,3,10.8,10966878.36
10,40,3,10.9,11653183.65
10,40,3,11,13628062.13
10,40,3,11.1,11863277.1
10,40,3,11.2,12255451.55
10,40,3,11.3,43293258
10,40,3,11.4,12325482.71
10,40,3,11.5,13011787.99
10,40,3,11.6,12129395.48
10,40,3,11.7,11373059.04
10,40,3,11.8,10042467.16
10,40,3,11.9,9622280.248
10,40,3,12,10574703.91
10,40,3,12.1,9174080.877
10,40,3,12.2,9104049.725
10,40,3,12.3,8669856.585
10,40,3,12.4,8739887.736
10,40,3,12.5,8893956.27
10,40,3,12.6,8389731.978
10,40,3,12.7,9160074.647
10,40,3,12.8,9482217.945
10,40,3,12.9,9510230.405
10,40,3,13,9132062.186
10,40,3,13.1,9594267.788
10,40,3,13.2,8865943.81
10,40,3,13.3,9384174.332
10,40,3,13.4,9888398.625
10,40,3,13.5,10476660.3
10,40,3,13.6,9650292.709
10,40,3,13.7,10070479.62
10,40,3,13.8,10560697.68
10,40,3,13.9,9986442.237
10,40,3,14,10364610.46
10,40,3,14.1,10406629.15
10,40,3,14.2,9888398.625
10,40,3,14.3,11232996.74
10,40,3,14.4,10798803.6
10,40,3,14.5,10756784.91
10,40,3,14.6,10112498.31
10,40,3,14.7,10154517
10,40,3,14.8,10756784.91
10,40,3,14.9,10616722.6
10,40,3,15,11555140.04
10,40,3,15.1,10700759.98
10,40,3,15.2,10294579.3
10,40,3,15.3,10980884.59
10,40,3,15.4,10574703.91
10,40,3,15.5,11625171.19
10,40,3,15.6,11373059.04
10,40,3,15.7,11036909.51
10,40,3,15.8,11008897.05
10,40,3,15.9,11022903.28
10,40,3,16,11317034.12
10,40,3,16.1,11148959.36
10,40,3,16.2,10728772.45
10,40,3,16.3,11681196.11
10,40,3,16.4,10378616.69
10,40,3,16.5,10658741.29
10,40,3,16.6,11821258.41
10,40,3,16.7,11443090.19
10,40,3,16.8,10434641.61
10,40,3,16.9,10728772.45
10,40,3,17,10546691.45
10,40,3,17.1,10896847.21
10,40,3,17.2,10938865.9
10,40,3,17.3,10938865.9
10,40,3,17.4,11583152.5
10,40,3,17.5,10532685.22
10,40,3,17.6,10658741.29
10,40,3,17.7,11471102.65
10,40,3,17.8,10378616.69
10,40,3,17.9,10784797.37
10,40,3,18,10602716.37
10,40,3,18.1,11022903.28
10,40,3,18.2,10014454.7
10,40,3,18.3,10098492.08
10,40,3,18.4,10882840.98
10,40,3,18.5,10630728.83
10,40,3,18.6,10630728.83
10,40,3,18.7,10210541.92
10,40,3,18.8,10112498.31
10,40,3,18.9,10406629.15
10,40,3,19,9706317.63
10,40,3,19.1,10588710.14
10,40,3,19.2,10364610.46
10,40,3,19.3,10196535.69
10,40,3,19.4,9482217.945
10,40,3,19.5,10126504.54
10,40,3,19.6,9622280.248
10,40,3,19.7,9118055.956
10,40,3,19.8,10224548.15
10,40,3,19.9,10014454.7
10,40,3,20,9496224.175
10,40,3,20.1,9874392.394
10,40,3,20.2,9818367.473
10,40,3,20.3,9076037.265
10,40,3,20.4,9986442.237
10,40,3,20.5,9846379.934
10,40,3,20.6,9090043.495
10,40,3,20.7,9776348.782
10,40,3,20.8,9370168.102
10,40,3,20.9,10000448.47
10,40,3,21,9342155.641
10,40,3,21.1,10238554.38
10,40,3,21.2,9566255.327
10,40,3,21.3,9048024.804
10,40,3,21.4,9790355.012
10,40,3,21.5,9258118.259
10,40,3,21.6,9370168.102
10,40,3,21.7,8655850.354
10,40,3,21.8,8823925.118
10,40,3,21.9,9090043.495
10,40,3,22,9608274.018
10,40,3,22.1,9286130.72
10,40,3,22.2,9398180.563
10,40,3,22.3,8571812.972
10,40,3,22.4,9006006.113
10,40,3,22.5,9244112.029
10,40,3,22.6,8851937.579
10,40,3,22.7,8725881.506
10,40,3,22.8,8585819.203
10,40,3,22.9,8991999.883
10,40,3,23,9426193.023
10,40,3,23.1,8627837.894
10,40,3,23.2,8389731.978
10,40,3,23.3,8739887.736
10,40,3,23.4,8809918.888
10,40,3,23.5,8823925.118
10,40,3,23.6,8571812.972
10,40,3,23.7,8543800.512
10,40,3,23.8,8403738.208
10,40,3,23.9,8109607.371
10,40,3,24,7633395.539
10,40,3,24.1,8109607.371
10,40,3,24.2,7675414.23
10,40,3,24.3,7661408
10,40,3,24.4,8445756.899
10,40,3,24.5,7661408
10,40,3,24.6,8557806.742
10,40,3,24.7,7941532.607
10,40,3,24.8,7857495.225
10,40,3,24.9,7591376.848
10,40,3,25,7745445.382
10,40,3,25.1,7521345.696
10,40,3,25.2,7591376.848
10,40,3,25.3,7815476.534
10,40,3,25.4,7241221.089
10,40,3,25.5,7493333.236
10,40,3,25.6,6765009.257
10,40,3,25.7,7381283.393
10,40,3,25.8,6947090.252
10,40,3,25.9,6793021.718
10,40,3,26,7003115.173
10,40,3,26.1,7395289.623
10,40,3,26.2,6919077.791
10,40,3,26.3,7031127.634
10,40,3,26.4,7185196.168
10,40,3,26.5,5980660.358
10,40,3,26.6,6751003.027
10,40,3,26.7,6680971.875
10,40,3,26.8,6708984.336
10,40,3,26.9,6919077.791
10,40,3,27,6512897.111
10,40,3,27.1,6190753.813
10,40,3,27.2,6260784.965
10,40,3,27.3,6821034.179
10,40,3,27.4,6288797.426
10,40,3,27.5,5784573.133
10,40,3,27.6,6274791.195
10,40,3,27.7,6344822.347
10,40,3,27.8,5924635.437
10,40,3,27.9,6204760.044
10,40,3,28,6218766.274
10,40,3,28.1,6933084.022
10,40,3,28.2,6372834.808
10,40,3,28.3,5994666.588
10,40,3,28.4,6302803.656
10,40,3,28.5,6106716.431
10,40,3,28.6,5966654.128
10,40,3,28.7,5462429.835
10,40,3,28.8,5406404.914
10,40,3,28.9,5462429.835
10,40,3,29,5238330.15
10,40,3,29.1,6120722.662
10,40,3,29.2,5924635.437
10,40,3,29.3,5602492.139
10,40,3,29.4,5728548.212
10,40,3,29.5,5504448.526
10,40,3,29.6,5420411.144
10,40,3,29.7,5350379.992
10,40,3,29.8,5658517.06
10,40,3,29.9,5028236.694
10,40,3,30,5476436.066
10,40,3,30.1,5350379.992
10,40,3,30.2,5028236.694
10,40,3,30.3,5574479.678
10,40,3,30.4,5364386.223
10,40,3,30.5,4958205.543
10,40,3,30.6,4650068.475
10,40,3,30.7,4832149.47
10,40,3,30.8,4846155.7
10,40,3,30.9,4706093.397
10,40,3,31,4299912.716
10,40,3,31.1,4650068.475
10,40,3,31.2,5224323.919
10,40,3,31.3,4481993.711
10,40,3,31.4,5168298.998
10,40,3,31.5,4930193.082
10,40,3,31.6,5168298.998
10,40,3,31.7,4608049.784
10,40,3,31.8,4397956.329
10,40,3,31.9,3991775.649
10,40,3,32,4397956.329
10,40,3,32.1,4467987.481
10,40,3,32.2,4566031.093
10,40,3,32.3,4215875.334
10,40,3,32.4,3725657.272
10,40,3,32.5,4524012.402
10,40,3,32.6,4552024.863
10,40,3,32.7,4103825.492
10,40,3,32.8,3641619.89
10,40,3,32.9,4341931.408
10,40,3,33,4734105.857
10,40,3,33.1,3949756.958
10,40,3,33.2,4103825.492
10,40,3,33.3,3809694.654
10,40,3,33.4,3655626.121
10,40,3,33.5,3375501.514
10,40,3,33.6,3361495.283
10,40,3,33.7,3683638.581
10,40,3,33.8,3473545.126
10,40,3,33.9,3739663.503
10,40,3,34,3501557.587
10,40,3,34.1,3151401.828
10,40,3,34.2,3375501.514
10,40,3,34.3,3529570.047
10,40,3,34.4,3221432.98
10,40,3,34.5,3347489.053
10,40,3,34.6,3333482.823
10,40,3,34.7,3459538.896
10,40,3,34.8,2913295.912
10,40,3,34.9,3235439.21
10,40,3,35,3151401.828
10,40,3,35.1,3123389.367
10,40,3,35.2,2801246.069
10,40,3,35.3,2521121.462
10,40,3,35.4,2675189.996
10,40,3,35.5,2703202.457
10,40,3,35.6,3053358.216
10,40,3,35.7,2955314.603
10,40,3,35.8,3067364.446
10,40,3,35.9,2563140.153
10,40,3,36,2829258.53
10,40,3,36.1,2549133.923
10,40,3,36.2,2437084.08
10,40,3,36.3,2717208.687
10,40,3,36.4,2437084.08
10,40,3,36.5,2212984.395
10,40,3,36.6,2128947.013
10,40,3,36.7,2198978.164
10,40,3,36.8,2142953.243
10,40,3,36.9,2086928.322
10,40,3,37,2170965.704
10,40,3,37.1,2409071.62
10,40,3,37.2,2086928.322
10,40,3,37.3,1806803.715
10,40,3,37.4,2367052.929
10,40,3,37.5,2156959.473
10,40,3,37.6,1890841.097
10,40,3,37.7,1918853.558
10,40,3,37.8,1918853.558
10,40,3,37.9,1848822.406
10,40,3,38,1442641.726
10,40,3,38.1,1526679.108
10,40,3,38.2,1344598.113
10,40,3,38.3,1316585.653
10,40,3,38.4,1596710.26
10,40,3,38.5,1204535.81
10,40,3,38.6,1120498.428
10,40,3,38.7,1302579.422
10,40,3,38.8,1078479.737
10,40,3,38.9,1204535.81
10,40,3,39,1008448.585
10,40,3,39.1,1204535.81
10,40,3,39.2,980436.1243
10,40,3,39.3,812361.3601
10,40,3,39.4,854380.0512
10,40,3,39.5,770342.6691
10,40,3,39.6,686305.287
10,40,3,39.7,518230.5228
10,40,3,39.8,462205.6014
10,40,3,39.9,308137.0676
10,40,3,40,98043.61243
10,80,3,3.2,42358.92336
10,80,3,3.3,42358.92336
10,80,3,3.4,148256.2317
10,80,3,3.5,84717.84671
10,80,3,3.6,211794.6168
10,80,3,3.7,254153.5401
10,80,3,3.8,487127.6186
10,80,3,3.9,465948.1569
10,80,3,4,762460.6204
10,80,3,4.1,1207229.316
10,80,3,4.2,2160305.091
10,80,3,4.3,2245022.938
10,80,3,4.4,2033228.321
10,80,3,4.5,3388713.869
10,80,3,4.6,4257071.797
10,80,3,4.7,4595943.184
10,80,3,4.8,5316044.881
10,80,3,4.9,6565633.12
10,80,3,5,6650350.967
10,80,3,5.1,8937732.828
10,80,3,5.2,8408246.286
10,80,3,5.3,10589730.84
10,80,3,5.4,11352191.46
10,80,3,5.5,12919471.62
10,80,3,5.6,14635008.02
10,80,3,5.7,15545724.87
10,80,3,5.8,17981362.96
10,80,3,5.9,18934438.74
10,80,3,6,19188592.28
10,80,3,6.1,20035770.75
10,80,3,6.2,21603050.91
10,80,3,6.3,23064433.77
10,80,3,6.4,25118841.55
10,80,3,6.5,24843508.55
10,80,3,6.6,28846426.81
10,80,3,6.7,29884220.43
10,80,3,6.8,29481810.66
10,80,3,6.9,31197347.05
10,80,3,7,33590626.22
10,80,3,7.1,33400011.07
10,80,3,7.2,35052009.08
10,80,3,7.3,38080672.1
10,80,3,7.4,105579616.5
10,80,3,7.5,37085237.4
10,80,3,7.6,40050362.03
10,80,3,7.7,39287901.41
10,80,3,7.8,41765898.43
10,80,3,7.9,41427027.04
10,80,3,8,41490565.43
10,80,3,8.1,44010921.37
10,80,3,8.2,45006356.07
10,80,3,8.3,212684154.2
10,80,3,8.4,1482265805
10,80,3,8.5,44328613.29
10,80,3,8.6,46255944.31
10,80,3,8.7,48056198.55
10,80,3,8.8,66842381.06
10,80,3,8.9,48310352.09
10,80,3,9,49496401.94
10,80,3,9.1,48162095.86
10,80,3,9.2,48733941.32
10,80,3,9.3,51296656.18
10,80,3,9.4,47738506.62
10,80,3,9.5,100030597.5
10,80,3,9.6,75250627.34
10,80,3,9.7,886466368.5
10,80,3,9.8,120066368.3
10,80,3,9.9,90521019.21
10,80,3,10,400778953.3
10,80,3,10.1,57947007.15
10,80,3,10.2,56189111.83
10,80,3,10.3,33844779.76
10,80,3,10.4,32129243.37
10,80,3,10.5,32679909.37
10,80,3,10.6,32595191.52
10,80,3,10.7,33378831.6
10,80,3,10.8,33357652.14
10,80,3,10.9,34204830.61
10,80,3,11,37551185.56
10,80,3,11.1,34522522.54
10,80,3,11.2,33908318.15
10,80,3,11.3,165729287.6
10,80,3,11.4,34522522.54
10,80,3,11.5,36153341.08
10,80,3,11.6,42125949.28
10,80,3,11.7,41469385.97
10,80,3,11.8,31239705.98
10,80,3,11.9,30180732.89
10,80,3,12,35687392.93
10,80,3,12.1,28761708.96
10,80,3,12.2,27363864.49
10,80,3,12.3,29058221.42
10,80,3,12.4,27490941.26
10,80,3,12.5,28168684.03
10,80,3,12.6,27893351.03
10,80,3,12.7,28931144.65
10,80,3,12.8,27406223.41
10,80,3,12.9,29524169.58
10,80,3,13,28761708.96
10,80,3,13.1,29248836.58
10,80,3,13.2,29905399.89
10,80,3,13.3,29058221.42
10,80,3,13.4,30540783.74
10,80,3,13.5,28274581.34
10,80,3,13.6,29799502.58
10,80,3,13.7,30138373.97
10,80,3,13.8,30689039.97
10,80,3,13.9,30392527.51
10,80,3,14,30900834.59
10,80,3,14.1,31578577.36
10,80,3,14.2,31049090.82
10,80,3,14.3,31218526.51
10,80,3,14.4,30943193.51
10,80,3,14.5,30985552.44
10,80,3,14.6,30434886.43
10,80,3,14.7,30328989.12
10,80,3,14.8,31557397.9
10,80,3,14.9,31006731.9
10,80,3,15,29375913.35
10,80,3,15.1,29121759.81
10,80,3,15.2,31218526.51
10,80,3,15.3,29926579.35
10,80,3,15.4,30074835.58
10,80,3,15.5,30773757.82
10,80,3,15.6,30117194.51
10,80,3,15.7,29142939.27
10,80,3,15.8,31345603.28
10,80,3,15.9,29841861.5
10,80,3,16,30477245.35
10,80,3,16.1,29608887.43
10,80,3,16.2,29227657.12
10,80,3,16.3,29079400.88
10,80,3,16.4,29841861.5
10,80,3,16.5,29799502.58
10,80,3,16.6,30413706.97
10,80,3,16.7,28676991.11
10,80,3,16.8,29079400.88
10,80,3,16.9,31917448.75
10,80,3,17,29863040.97
10,80,3,17.1,31154988.13
10,80,3,17.2,30011297.2
10,80,3,17.3,28740529.5
10,80,3,17.4,29884220.43
10,80,3,17.5,28867606.27
10,80,3,17.6,28973503.58
10,80,3,17.7,28676991.11
10,80,3,17.8,27723915.34
10,80,3,17.9,29799502.58
10,80,3,18,29502990.12
10,80,3,18.1,30244271.28
10,80,3,18.2,29058221.42
10,80,3,18.3,28465196.5
10,80,3,18.4,28549914.34
10,80,3,18.5,27618018.03
10,80,3,18.6,29312374.96
10,80,3,18.7,26728480.64
10,80,3,18.8,28973503.58
10,80,3,18.9,28020427.8
10,80,3,19,28846426.81
10,80,3,19.1,28359299.19
10,80,3,19.2,26940275.25
10,80,3,19.3,28062786.72
10,80,3,19.4,28571093.8
10,80,3,19.5,28422837.57
10,80,3,19.6,28253401.88
10,80,3,19.7,27787453.72
10,80,3,19.8,27956889.42
10,80,3,19.9,26707301.18
10,80,3,20,26495506.56
10,80,3,20.1,29375913.35
10,80,3,20.2,26792019.02
10,80,3,20.3,29270016.04
10,80,3,20.4,26686121.71
10,80,3,20.5,25860122.71
10,80,3,20.6,27363864.49
10,80,3,20.7,26114276.25
10,80,3,20.8,26728480.64
10,80,3,20.9,26919095.79
10,80,3,21,27236787.72
10,80,3,21.1,25754225.4
10,80,3,21.2,26474327.1
10,80,3,21.3,24970585.32
10,80,3,21.4,25542430.78
10,80,3,21.5,25944840.56
10,80,3,21.6,25267097.78
10,80,3,21.7,27067352.02
10,80,3,21.8,24737611.24
10,80,3,21.9,25648328.09
10,80,3,22,24377560.39
10,80,3,22.1,23826894.39
10,80,3,22.2,25012944.24
10,80,3,22.3,26326070.87
10,80,3,22.4,25309456.71
10,80,3,22.5,23636279.23
10,80,3,22.6,26643762.79
10,80,3,22.7,24843508.55
10,80,3,22.8,23805714.93
10,80,3,22.9,24081047.93
10,80,3,23,24483457.7
10,80,3,23.1,24419919.31
10,80,3,23.2,24292842.54
10,80,3,23.3,23403305.15
10,80,3,23.4,22937357
10,80,3,23.5,24652893.39
10,80,3,23.6,24631713.93
10,80,3,23.7,23572740.85
10,80,3,23.8,24017509.54
10,80,3,23.9,23720997.08
10,80,3,24,23996330.08
10,80,3,24.1,22471408.84
10,80,3,24.2,22937357
10,80,3,24.3,21581871.45
10,80,3,24.4,22767921.3
10,80,3,24.5,23699817.62
10,80,3,24.6,22831459.69
10,80,3,24.7,21624230.37
10,80,3,24.8,21031205.45
10,80,3,24.9,24695252.32
10,80,3,25,22852639.15
10,80,3,25.1,22916177.54
10,80,3,25.2,22429049.92
10,80,3,25.3,22894998.07
10,80,3,25.4,22323152.61
10,80,3,25.5,22196075.84
10,80,3,25.6,23106792.69
10,80,3,25.7,21200641.14
10,80,3,25.8,20311103.75
10,80,3,25.9,21603050.91
10,80,3,26,21518333.07
10,80,3,26.1,21984281.22
10,80,3,26.2,20438180.52
10,80,3,26.3,20501718.9
10,80,3,26.4,21772486.61
10,80,3,26.5,20925308.14
10,80,3,26.6,21878383.91
10,80,3,26.7,20713513.52
10,80,3,26.8,21475974.14
10,80,3,26.9,22132537.45
10,80,3,27,20925308.14
10,80,3,27.1,20544077.83
10,80,3,27.2,19654540.44
10,80,3,27.3,19591002.05
10,80,3,27.4,20946487.6
10,80,3,27.5,20141668.06
10,80,3,27.6,19506284.21
10,80,3,27.7,20184026.98
10,80,3,27.8,21010025.98
10,80,3,27.9,20035770.75
10,80,3,28,20353462.67
10,80,3,28.1,19866335.05
10,80,3,28.2,18235516.5
10,80,3,28.3,19442745.82
10,80,3,28.4,19442745.82
10,80,3,28.5,18532028.97
10,80,3,28.6,19612181.51
10,80,3,28.7,19082694.97
10,80,3,28.8,20078129.67
10,80,3,28.9,19548643.13
10,80,3,29,19972232.36
10,80,3,29.1,18701464.66
10,80,3,29.2,18828541.43
10,80,3,29.3,18743823.59
10,80,3,29.4,18235516.5
10,80,3,29.5,18341413.81
10,80,3,29.6,19463925.28
10,80,3,29.7,18320234.35
10,80,3,29.8,19463925.28
10,80,3,29.9,18404952.2
10,80,3,30,16922389.88
10,80,3,30.1,20099309.13
10,80,3,30.2,18680285.2
10,80,3,30.3,18129619.2
10,80,3,30.4,18214337.04
10,80,3,30.5,18087260.27
10,80,3,30.6,18553208.43
10,80,3,30.7,17621312.12
10,80,3,30.8,17388338.04
10,80,3,30.9,17261261.27
10,80,3,31,17536594.27
10,80,3,31.1,16901210.42
10,80,3,31.2,15821057.87
10,80,3,31.3,16689415.8
10,80,3,31.4,17091825.57
10,80,3,31.5,17939004.04
10,80,3,31.6,17176543.42
10,80,3,31.7,18722644.12
10,80,3,31.8,17007107.73
10,80,3,31.9,16731774.73
10,80,3,32,17113005.04
10,80,3,32.1,16774133.65
10,80,3,32.2,17727209.42
10,80,3,32.3,15884596.26
10,80,3,32.4,16287006.03
10,80,3,32.5,15228032.95
10,80,3,32.6,16159929.26
10,80,3,32.7,15418648.1
10,80,3,32.8,17070646.11
10,80,3,32.9,16689415.8
10,80,3,33,16562339.03
10,80,3,33.1,15503365.95
10,80,3,33.2,16075211.41
10,80,3,33.3,15206853.48
10,80,3,33.4,16054031.95
10,80,3,33.5,15439827.56
10,80,3,33.6,15842237.34
10,80,3,33.7,14973879.41
10,80,3,33.8,14169059.86
10,80,3,33.9,14592649.1
10,80,3,34,15969314.11
10,80,3,34.1,15397468.64
10,80,3,34.2,15969314.11
10,80,3,34.3,16011673.03
10,80,3,34.4,13597214.4
10,80,3,34.5,14296136.63
10,80,3,34.6,15672801.64
10,80,3,34.7,14486751.79
10,80,3,34.8,13703111.71
10,80,3,34.9,15206853.48
10,80,3,35,15164494.56
10,80,3,35.1,13893726.86
10,80,3,35.2,15058597.25
10,80,3,35.3,13830188.48
10,80,3,35.4,14338495.56
10,80,3,35.5,15228032.95
10,80,3,35.6,13936085.78
10,80,3,35.7,14211418.79
10,80,3,35.8,13851367.94
10,80,3,35.9,13385419.78
10,80,3,36,14804443.71
10,80,3,36.1,13978444.71
10,80,3,36.2,12686497.55
10,80,3,36.3,14317316.09
10,80,3,36.4,14402033.94
10,80,3,36.5,12919471.62
10,80,3,36.6,14423213.4
10,80,3,36.7,13491317.09
10,80,3,36.8,14613828.56
10,80,3,36.9,12983010.01
10,80,3,37,14635008.02
10,80,3,37.1,14740905.33
10,80,3,37.2,13173625.16
10,80,3,37.3,13110086.78
10,80,3,37.4,13300701.93
10,80,3,37.5,12877112.7
10,80,3,37.6,12771215.39
10,80,3,37.7,13554855.47
10,80,3,37.8,14380854.48
10,80,3,37.9,12919471.62
10,80,3,38,13364240.32
10,80,3,38.1,13448958.17
10,80,3,38.2,12877112.7
10,80,3,38.3,13088907.32
10,80,3,38.4,12940651.09
10,80,3,38.5,13597214.4
10,80,3,38.6,11754601.23
10,80,3,38.7,12135831.54
10,80,3,38.8,13554855.47
10,80,3,38.9,12792394.85
10,80,3,39,11585165.54
10,80,3,39.1,12707677.01
10,80,3,39.2,11669883.38
10,80,3,39.3,12262908.31
10,80,3,39.4,12072293.16
10,80,3,39.5,12453523.47
10,80,3,39.6,12093472.62
10,80,3,39.7,12135831.54
10,80,3,39.8,11606345
10,80,3,39.9,12093472.62
10,80,3,40,12220549.39
10,80,3,40.1,12665318.08
10,80,3,40.2,11521627.15
10,80,3,40.3,12029934.23
10,80,3,40.4,12135831.54
10,80,3,40.5,13088907.32
10,80,3,40.6,12114652.08
10,80,3,40.7,11585165.54
10,80,3,40.8,11775780.69
10,80,3,40.9,11648703.92
10,80,3,41,11606345
10,80,3,41.1,11055679
10,80,3,41.2,12093472.62
10,80,3,41.3,11585165.54
10,80,3,41.4,10801525.46
10,80,3,41.5,11352191.46
10,80,3,41.6,11352191.46
10,80,3,41.7,11563986.08
10,80,3,41.8,11182755.77
10,80,3,41.9,12199369.93
10,80,3,42,10526192.45
10,80,3,42.1,10822704.92
10,80,3,42.2,11309832.54
10,80,3,42.3,11309832.54
10,80,3,42.4,11076858.46
10,80,3,42.5,11076858.46
10,80,3,42.6,11098037.92
10,80,3,42.7,11182755.77
10,80,3,42.8,10293218.38
10,80,3,42.9,10716807.61
10,80,3,43,11055679
10,80,3,43.1,11246294.15
10,80,3,43.2,9763731.834
10,80,3,43.3,10632089.76
10,80,3,43.4,10547371.92
10,80,3,43.5,11182755.77
10,80,3,43.6,9403680.985
10,80,3,43.7,9784911.295
10,80,3,43.8,10568551.38
10,80,3,43.9,9954346.989
10,80,3,44,9996705.912
10,80,3,44.1,10716807.61
10,80,3,44.2,10420295.15
10,80,3,44.3,9911988.065
10,80,3,44.4,9403680.985
10,80,3,44.5,10505012.99
10,80,3,44.6,9340142.6
10,80,3,44.7,10144962.14
10,80,3,44.8,9890808.604
10,80,3,44.9,9085989.06
10,80,3,45,9043630.137
10,80,3,45.1,9191886.368
10,80,3,45.2,9933167.527
10,80,3,45.3,9170706.907
10,80,3,45.4,8958912.29
10,80,3,45.5,9488398.832
10,80,3,45.6,9657834.525
10,80,3,45.7,9763731.834
10,80,3,45.8,9255424.753
10,80,3,45.9,9594296.14
10,80,3,46,8577681.98
10,80,3,46.1,9848449.68
10,80,3,46.2,8895373.905
10,80,3,46.3,9234245.292
10,80,3,46.4,9213065.83
10,80,3,46.5,8514143.595
10,80,3,46.6,9403680.985
10,80,3,46.7,9763731.834
10,80,3,46.8,9890808.604
10,80,3,46.9,9403680.985
10,80,3,47,8747117.673
10,80,3,47.1,8704758.75
10,80,3,47.2,8747117.673
10,80,3,47.3,9721372.91
10,80,3,47.4,8980091.752
10,80,3,47.5,9001271.213
10,80,3,47.6,8958912.29
10,80,3,47.7,10102603.22
10,80,3,47.8,8344707.901
10,80,3,47.9,8874194.443
10,80,3,48,7921118.668
10,80,3,48.1,8980091.752
10,80,3,48.2,7645785.666
10,80,3,48.3,8450605.21
10,80,3,48.4,8132913.284
10,80,3,48.5,8238810.593
10,80,3,48.6,7921118.668
10,80,3,48.7,8620040.903
10,80,3,48.8,8281169.516
10,80,3,48.9,8725938.211
10,80,3,49,7751682.974
10,80,3,49.1,8323528.44
10,80,3,49.2,8514143.595
10,80,3,49.3,8069374.899
10,80,3,49.4,8281169.516
10,80,3,49.5,8620040.903
10,80,3,49.6,8111733.823
10,80,3,49.7,8005836.514
10,80,3,49.8,7921118.668
10,80,3,49.9,7878759.744
10,80,3,50,8302348.978
10,80,3,50.1,7666965.128
10,80,3,50.2,8450605.21
10,80,3,50.3,7645785.666
10,80,3,50.4,7772862.436
10,80,3,50.5,7582247.281
10,80,3,50.6,7984657.053
10,80,3,50.7,8874194.443
10,80,3,50.8,8471784.671
10,80,3,50.9,7561067.819
10,80,3,51,8175272.208
10,80,3,51.1,6925683.969
10,80,3,51.2,7158658.047
10,80,3,51.3,7963477.591
10,80,3,51.4,7666965.128
10,80,3,51.5,7306914.279
10,80,3,51.6,8387066.825
10,80,3,51.7,7052760.739
10,80,3,51.8,7603426.742
10,80,3,51.9,7794041.898
10,80,3,52,7349273.202
10,80,3,52.1,6840966.122
10,80,3,52.2,7222196.432
10,80,3,52.3,7116299.124
10,80,3,52.4,7476349.972
10,80,3,52.5,7095119.662
10,80,3,52.6,7497529.434
10,80,3,52.7,6586812.582
10,80,3,52.8,7306914.279
10,80,3,52.9,7137478.586
10,80,3,53,7116299.124
10,80,3,53.1,6904504.507
10,80,3,53.2,7370452.664
10,80,3,53.3,7116299.124
10,80,3,53.4,8196451.669
10,80,3,53.5,8069374.899
10,80,3,53.6,6375017.965
10,80,3,53.7,6735068.814
10,80,3,53.8,6968042.892
10,80,3,53.9,6968042.892
10,80,3,54,7984657.053
10,80,3,54.1,6819786.66
10,80,3,54.2,6777427.737
10,80,3,54.3,7095119.662
10,80,3,54.4,7561067.819
10,80,3,54.5,6438556.35
10,80,3,54.6,7052760.739
10,80,3,54.7,6332659.042
10,80,3,54.8,5612557.345
10,80,3,54.9,6311479.58
10,80,3,55,5866710.885
10,80,3,55.1,6819786.66
10,80,3,55.2,6459735.812
10,80,3,55.3,6014967.117
10,80,3,55.4,6459735.812
10,80,3,55.5,6713889.352
10,80,3,55.6,5739634.115
10,80,3,55.7,6269120.657
10,80,3,55.8,5803172.5
10,80,3,55.9,6438556.35
10,80,3,56,6819786.66
10,80,3,56.1,6946863.43
10,80,3,56.2,6883325.045
10,80,3,56.3,6502094.735
10,80,3,56.4,6840966.122
10,80,3,56.5,6036146.578
10,80,3,56.6,6375017.965
10,80,3,56.7,5591377.883
10,80,3,56.8,6883325.045
10,80,3,56.9,5739634.115
10,80,3,57,6036146.578
10,80,3,57.1,6565633.12
10,80,3,57.2,5951428.732
10,80,3,57.3,5506660.036
10,80,3,57.4,5676095.73
10,80,3,57.5,6459735.812
10,80,3,57.6,5443121.651
10,80,3,57.7,5083070.803
10,80,3,57.8,5993787.655
10,80,3,57.9,6163223.348
10,80,3,58,5676095.73
10,80,3,58.1,11775780.69
10,80,3,58.2,5697275.191
10,80,3,58.3,6713889.352
10,80,3,58.4,6375017.965
10,80,3,58.5,5316044.881
10,80,3,58.6,5464301.113
10,80,3,58.7,6184402.81
10,80,3,58.8,5464301.113
10,80,3,58.9,5421942.19
10,80,3,59,5316044.881
10,80,3,59.1,5379583.266
10,80,3,59.2,5421942.19
10,80,3,59.3,5061891.341
10,80,3,59.4,5464301.113
10,80,3,59.5,14020803.63
10,80,3,59.6,5570198.421
10,80,3,59.7,5421942.19
10,80,3,59.8,4977173.494
10,80,3,59.9,5379583.266
10,80,3,60,5527839.498
10,80,3,60.1,4723019.954
10,80,3,60.2,5167788.649
10,80,3,60.3,5379583.266
10,80,3,60.4,4511225.337
10,80,3,60.5,5294865.42
10,80,3,60.6,4723019.954
10,80,3,60.7,5337224.343
10,80,3,60.8,5485480.575
10,80,3,60.9,5210147.573
10,80,3,61,4871276.186
10,80,3,61.1,4468866.414
10,80,3,61.2,4934814.571
10,80,3,61.3,4998352.956
10,80,3,61.4,5210147.573
10,80,3,61.5,5316044.881
10,80,3,61.6,5231327.035
10,80,3,61.7,5231327.035
10,80,3,61.8,4447686.952
10,80,3,61.9,3918200.41
10,80,3,62,5337224.343
10,80,3,62.1,4214712.874
10,80,3,62.2,5061891.341
10,80,3,62.3,5316044.881
10,80,3,62.4,4934814.571
10,80,3,62.5,4638302.108
10,80,3,62.6,4807737.801
10,80,3,62.7,5188968.111
10,80,3,62.8,4426507.491
10,80,3,62.9,4595943.184
10,80,3,63,4659481.569
10,80,3,63.1,4511225.337
10,80,3,63.2,4235892.336
10,80,3,63.3,5061891.341
10,80,3,63.4,4595943.184
10,80,3,63.5,4320610.182
10,80,3,63.6,4765378.878
10,80,3,63.7,4723019.954
10,80,3,63.8,4362969.106
10,80,3,63.9,4659481.569
10,80,3,64,4405328.029
10,80,3,64.1,4193533.412
10,80,3,64.2,4574763.722
10,80,3,64.3,4045277.181
10,80,3,64.4,4384148.567
10,80,3,64.5,4299430.721
10,80,3,64.6,3515790.639
10,80,3,64.7,4362969.106
10,80,3,64.8,3769944.179
10,80,3,64.9,3685226.332
10,80,3,65,4193533.412
10,80,3,65.1,4638302.108
10,80,3,65.2,4151174.489
10,80,3,65.3,4045277.181
10,80,3,65.4,4278251.259
10,80,3,65.5,3706405.794
10,80,3,65.6,4002918.257
10,80,3,65.7,3748764.717
10,80,3,65.8,3473431.715
10,80,3,65.9,3854662.025
10,80,3,66,3621687.947
10,80,3,66.1,3875841.487
10,80,3,66.2,3769944.179
10,80,3,66.3,3494611.177
10,80,3,66.4,3833482.564
10,80,3,66.5,4024097.719
10,80,3,66.6,3854662.025
10,80,3,66.7,3897020.949
10,80,3,66.8,3706405.794
10,80,3,66.9,3791123.64
10,80,3,67,3536970.1
10,80,3,67.1,4744199.416
10,80,3,67.2,3515790.639
10,80,3,67.3,3558149.562
10,80,3,67.4,5549018.96
10,80,3,67.5,3282816.56
10,80,3,67.6,3134560.328
10,80,3,67.7,3155739.79
10,80,3,67.8,3261637.098
10,80,3,67.9,3367534.407
10,80,3,68,3176919.252
10,80,3,68.1,3219278.175
10,80,3,68.2,3897020.949
10,80,3,68.3,3007483.558
10,80,3,68.4,3325175.483
10,80,3,68.5,3113380.867
10,80,3,68.6,3515790.639
10,80,3,68.7,3452252.254
10,80,3,68.8,2732150.556
10,80,3,68.9,3621687.947
10,80,3,69,2965124.635
10,80,3,69.1,3176919.252
10,80,3,69.2,3515790.639
10,80,3,69.3,4362969.106
10,80,3,69.4,3473431.715
10,80,3,69.5,3176919.252
10,80,3,69.6,2732150.556
10,80,3,69.7,2901586.25
10,80,3,69.8,2753330.018
10,80,3,69.9,2605073.786
10,80,3,70,2647432.71
10,80,3,70.1,2880406.788
10,80,3,70.2,2562714.863
10,80,3,70.3,3303996.022
10,80,3,70.4,2859227.327
10,80,3,70.5,3494611.177
10,80,3,70.6,2943945.173
10,80,3,70.7,2541535.401
10,80,3,70.8,2732150.556
10,80,3,70.9,2880406.788
10,80,3,71,2287381.861
10,80,3,71.1,2732150.556
10,80,3,71.2,2605073.786
10,80,3,71.3,2901586.25
10,80,3,71.4,2414458.631
10,80,3,71.5,2647432.71
10,80,3,71.6,2520355.94
10,80,3,71.7,2393279.17
10,80,3,71.8,2223843.476
10,80,3,71.9,2435638.093
10,80,3,72,2753330.018
10,80,3,72.1,2266202.4
10,80,3,72.2,2117946.168
10,80,3,72.3,2245022.938
10,80,3,72.4,2393279.17
10,80,3,72.5,2647432.71
10,80,3,72.6,2266202.4
10,80,3,72.7,2160305.091
10,80,3,72.8,2499176.478
10,80,3,72.9,1969689.936
10,80,3,73,2308561.323
10,80,3,73.1,2139125.63
10,80,3,73.2,2096766.706
10,80,3,73.3,2223843.476
10,80,3,73.4,2202664.015
10,80,3,73.5,2245022.938
10,80,3,73.6,1969689.936
10,80,3,73.7,2245022.938
10,80,3,73.8,2054407.783
10,80,3,73.9,1927331.013
10,80,3,74,1906151.551
10,80,3,74.1,2541535.401
10,80,3,74.2,1715536.396
10,80,3,74.3,1503741.779
10,80,3,74.4,2096766.706
10,80,3,74.5,1503741.779
10,80,3,74.6,1630818.549
10,80,3,74.7,2308561.323
10,80,3,74.8,1821433.704
10,80,3,74.9,1800254.243
10,80,3,75,1842613.166
10,80,3,75.1,1567280.164
10,80,3,75.2,1567280.164
10,80,3,75.3,1736715.858
10,80,3,75.4,1630818.549
10,80,3,75.5,1397844.471
10,80,3,75.6,1863792.628
10,80,3,75.7,1524921.241
10,80,3,75.8,1503741.779
10,80,3,75.9,1546100.703
10,80,3,76,1503741.779
10,80,3,76.1,1461382.856
10,80,3,76.2,1524921.241
10,80,3,76.3,1334306.086
10,80,3,76.4,1503741.779
10,80,3,76.5,1694356.934
10,80,3,76.6,1313126.624
10,80,3,76.7,1058973.084
10,80,3,76.8,1651998.011
10,80,3,76.9,1419023.932
10,80,3,77,1186049.854
10,80,3,77.1,1291947.162
10,80,3,77.2,995434.6989
10,80,3,77.3,1122511.469
10,80,3,77.4,1186049.854
10,80,3,77.5,953075.7755
10,80,3,77.6,974255.2372
10,80,3,77.7,1207229.316
10,80,3,77.8,1164870.392
10,80,3,77.9,1037793.622
10,80,3,78,825999.0055
10,80,3,78.1,1334306.086
10,80,3,78.2,889537.3905
10,80,3,78.3,1143690.931
10,80,3,78.4,910716.8522
10,80,3,78.5,1016614.161
10,80,3,78.6,783640.0821
10,80,3,78.7,825999.0055
10,80,3,78.8,889537.3905
10,80,3,78.9,677742.7737
10,80,3,79,741281.1587
10,80,3,79.1,825999.0055
10,80,3,79.2,656563.312
10,80,3,79.3,444768.6952
10,80,3,79.4,529486.542
10,80,3,79.5,444768.6952
10,80,3,79.6,423589.2336
10,80,3,79.7,381230.3102
10,80,3,79.8,423589.2336
10,80,3,79.9,105897.3084
10,80,3,80,21179.46168
10,150,3,1,23887.33806
10,150,3,2.9,23887.33806
10,150,3,3,119436.6903
10,150,3,3.1,95549.35223
10,150,3,3.2,95549.35223
10,150,3,3.3,310535.3947
10,150,3,3.4,429972.085
10,150,3,3.5,573296.1134
10,150,3,3.6,883831.5081
10,150,3,3.7,1337690.931
10,150,3,3.8,1719888.34
10,150,3,3.9,2579832.51
10,150,3,4,3344227.328
10,150,3,4.1,4013072.794
10,150,3,4.2,4944678.978
10,150,3,4.3,5828510.486
10,150,3,4.4,5828510.486
10,150,3,4.5,7906708.897
10,150,3,4.6,8599441.701
10,150,3,4.7,11274823.56
10,150,3,4.8,12708063.85
10,150,3,4.9,13257472.62
10,150,3,5,14905698.95
10,150,3,5.1,14881811.61
10,150,3,5.2,18441024.98
10,150,3,5.3,18488799.66
10,150,3,5.4,20113138.64
10,150,3,5.5,22048013.03
10,150,3,5.6,22860182.52
10,150,3,5.7,25965536.47
10,150,3,5.8,27064354.02
10,150,3,5.9,28378157.61
10,150,3,6,30456356.02
10,150,3,6.1,31961258.32
10,150,3,6.2,32200131.7
10,150,3,6.3,34875513.56
10,150,3,6.4,36929824.64
10,150,3,6.5,36499852.55
10,150,3,6.6,37789768.81
10,150,3,6.7,41325094.84
10,150,3,6.8,42256701.02
10,150,3,6.9,45385942.31
10,150,3,7,43594391.95
10,150,3,7.1,42829997.14
10,150,3,7.2,45505379
10,150,3,7.3,46556421.87
10,150,3,7.4,128657202.8
10,150,3,7.5,52122171.64
10,150,3,7.6,50497832.65
10,150,3,7.7,50832255.39
10,150,3,7.8,53029890.49
10,150,3,7.9,52361045.02
10,150,3,8,53746510.63
10,150,3,8.1,51142790.78
10,150,3,8.2,51692199.56
10,150,3,8.3,243149214.1
10,150,3,8.4,1694257226
10,150,3,8.5,53818172.64
10,150,3,8.6,55036426.88
10,150,3,8.7,55705272.35
10,150,3,8.8,80595878.6
10,150,3,8.9,56445779.83
10,150,3,9,57520710.04
10,150,3,9.1,57735696.08
10,150,3,9.2,57496822.7
10,150,3,9.3,58261217.52
10,150,3,9.4,57616259.39
10,150,3,9.5,120631057.2
10,150,3,9.6,87093234.56
10,150,3,9.7,1022593055
10,150,3,9.8,139979801
10,150,3,9.9,104172681.3
10,150,3,10,442512937.5
10,150,3,10.1,66024602.39
10,150,3,10.2,67863927.42
10,150,3,10.3,45051519.58
10,150,3,10.4,44621547.49
10,150,3,10.5,43021095.84
10,150,3,10.6,43785490.66
10,150,3,10.7,42925546.49
10,150,3,10.8,43976589.36
10,150,3,10.9,45194843.6
10,150,3,11,52456594.37
10,150,3,11.1,44573772.81
10,150,3,11.2,45242618.28
10,150,3,11.3,201537471.2
10,150,3,11.4,44287124.76
10,150,3,11.5,45577041.01
10,150,3,11.6,52910453.8
10,150,3,11.7,57042963.28
10,150,3,11.8,40321826.64
10,150,3,11.9,39366333.12
10,150,3,12,44096026.05
10,150,3,12.1,39629093.84
10,150,3,12.2,38004754.85
10,150,3,12.3,39079685.06
10,150,3,12.4,37073148.66
10,150,3,12.5,37574782.76
10,150,3,12.6,35496584.35
10,150,3,12.7,40321826.64
10,150,3,12.8,37885318.16
10,150,3,12.9,39151347.08
10,150,3,13,39748530.53
10,150,3,13.1,37168698.02
10,150,3,13.2,38219740.89
10,150,3,13.3,38530276.29
10,150,3,13.4,37718106.79
10,150,3,13.5,37550895.43
10,150,3,13.6,37885318.16
10,150,3,13.7,37622557.44
10,150,3,13.8,36523739.89
10,150,3,13.9,36165429.82
10,150,3,14,37861430.82
10,150,3,14.1,35878781.76
10,150,3,14.2,36165429.82
10,150,3,14.3,37622557.44
10,150,3,14.4,39127459.74
10,150,3,14.5,38410839.6
10,150,3,14.6,37335909.38
10,150,3,14.7,35878781.76
10,150,3,14.8,37861430.82
10,150,3,14.9,38434726.93
10,150,3,15,37550895.43
10,150,3,15.1,37216472.69
10,150,3,15.2,38195853.55
10,150,3,15.3,37813656.14
10,150,3,15.4,36189317.16
10,150,3,15.5,37574782.76
10,150,3,15.6,37837543.48
10,150,3,15.7,38482501.61
10,150,3,15.8,36237091.83
10,150,3,15.9,36810387.95
10,150,3,16,37383684.06
10,150,3,16.1,36667063.92
10,150,3,16.2,35687683.06
10,150,3,16.3,37431458.74
10,150,3,16.4,36452077.88
10,150,3,16.5,36595401.9
10,150,3,16.6,37622557.44
10,150,3,16.7,36213204.49
10,150,3,16.8,36356528.52
10,150,3,16.9,36690951.26
10,150,3,17,34756076.87
10,150,3,17.1,38195853.55
10,150,3,17.2,34756076.87
10,150,3,17.3,35472697.01
10,150,3,17.4,34779964.21
10,150,3,17.5,35711570.4
10,150,3,17.6,35472697.01
10,150,3,17.7,34230555.44
10,150,3,17.8,34899400.9
10,150,3,17.9,35520471.69
10,150,3,18,33967794.72
10,150,3,18.1,34732189.54
10,150,3,18.2,33107850.55
10,150,3,18.3,33896132.7
10,150,3,18.4,33681146.66
10,150,3,18.5,34875513.56
10,150,3,18.6,35377147.66
10,150,3,18.7,32845089.83
10,150,3,18.8,33036188.53
10,150,3,18.9,32582329.11
10,150,3,19,32940639.18
10,150,3,19.1,32439005.08
10,150,3,19.2,34445541.48
10,150,3,19.3,33705034
10,150,3,19.4,34564978.17
10,150,3,19.5,33394498.6
10,150,3,19.6,32653991.12
10,150,3,19.7,33824470.69
10,150,3,19.8,33513935.29
10,150,3,19.9,32224019.04
10,150,3,20,31579060.91
10,150,3,20.1,33705034
10,150,3,20.2,32271793.72
10,150,3,20.3,32749540.48
10,150,3,20.4,32940639.18
10,150,3,20.5,31889596.31
10,150,3,20.6,30790778.76
10,150,3,20.7,32295681.05
10,150,3,20.8,31531286.24
10,150,3,20.9,32152357.02
10,150,3,21,31985145.66
10,150,3,21.1,31555173.57
10,150,3,21.2,30957990.12
10,150,3,21.3,31722384.94
10,150,3,21.4,29548637.18
10,150,3,21.5,30074158.61
10,150,3,21.6,30766891.42
10,150,3,21.7,31985145.66
10,150,3,21.8,32367343.07
10,150,3,21.9,30647454.73
10,150,3,22,30910215.45
10,150,3,22.1,28808129.7
10,150,3,22.2,28808129.7
10,150,3,22.3,29285876.46
10,150,3,22.4,29142552.43
10,150,3,22.5,28903679.05
10,150,3,22.6,29572524.51
10,150,3,22.7,30002496.6
10,150,3,22.8,28593143.65
10,150,3,22.9,28975341.06
10,150,3,23,27876523.51
10,150,3,23.1,28903679.05
10,150,3,23.2,29166439.77
10,150,3,23.3,29118665.09
10,150,3,23.4,29190327.11
10,150,3,23.5,27351002.08
10,150,3,23.6,29811397.9
10,150,3,23.7,28521481.64
10,150,3,23.8,28521481.64
10,150,3,23.9,28593143.65
10,150,3,24,29572524.51
10,150,3,24.1,28115396.89
10,150,3,24.2,28903679.05
10,150,3,24.3,27374889.41
10,150,3,24.4,26419395.89
10,150,3,24.5,28545368.98
10,150,3,24.6,27828748.84
10,150,3,24.7,27422664.09
10,150,3,24.8,26371621.22
10,150,3,24.9,26753818.62
10,150,3,25,26419395.89
10,150,3,25.1,27159903.37
10,150,3,25.2,25989423.81
10,150,3,25.3,28497594.3
10,150,3,25.4,26419395.89
10,150,3,25.5,24221760.79
10,150,3,25.6,27112128.69
10,150,3,25.7,26252184.52
10,150,3,25.8,25774437.76
10,150,3,25.9,24006774.75
10,150,3,26,27231565.39
10,150,3,26.1,25989423.81
10,150,3,26.2,24699507.55
10,150,3,26.3,24150098.78
10,150,3,26.4,23911225.4
10,150,3,26.5,26419395.89
10,150,3,26.6,25033930.28
10,150,3,26.7,26371621.22
10,150,3,26.8,23218492.59
10,150,3,26.9,25320578.34
10,150,3,27,25416127.69
10,150,3,27.1,24580070.86
10,150,3,27.2,24365084.82
10,150,3,27.3,24269535.47
10,150,3,27.4,25583339.06
10,150,3,27.5,23505140.65
10,150,3,27.6,24365084.82
10,150,3,27.7,23959000.07
10,150,3,27.8,25368353.02
10,150,3,27.9,24221760.79
10,150,3,28,24006774.75
10,150,3,28.1,25392240.35
10,150,3,28.2,24102324.1
10,150,3,28.3,23552915.32
10,150,3,28.4,23720126.69
10,150,3,28.5,24054549.42
10,150,3,28.6,25033930.28
10,150,3,28.7,23194605.25
10,150,3,28.8,23218492.59
10,150,3,28.9,24078436.76
10,150,3,29,23242379.93
10,150,3,29.1,20566998.07
10,150,3,29.2,22860182.52
10,150,3,29.3,23529027.99
10,150,3,29.4,20949195.48
10,150,3,29.5,24030662.09
10,150,3,29.6,23505140.65
10,150,3,29.7,22358548.42
10,150,3,29.8,22215224.39
10,150,3,29.9,22477985.11
10,150,3,30,21426942.24
10,150,3,30.1,22000238.35
10,150,3,30.2,22430210.44
10,150,3,30.3,21713590.29
10,150,3,30.4,21737477.63
10,150,3,30.5,22573534.46
10,150,3,30.6,22071900.36
10,150,3,30.7,22024125.69
10,150,3,30.8,22048013.03
10,150,3,30.9,21426942.24
10,150,3,31,19802603.25
10,150,3,31.1,21713590.29
10,150,3,31.2,21020857.49
10,150,3,31.3,21880801.66
10,150,3,31.4,20734209.43
10,150,3,31.5,21880801.66
10,150,3,31.6,19993701.95
10,150,3,31.7,20519223.39
10,150,3,31.8,21116406.84
10,150,3,31.9,21283618.21
10,150,3,32,19444293.18
10,150,3,32.1,19539842.53
10,150,3,32.2,20137025.98
10,150,3,32.3,19324856.49
10,150,3,32.4,20113138.64
10,150,3,32.5,21044744.83
10,150,3,32.6,21618040.94
10,150,3,32.7,20160913.32
10,150,3,32.8,19683166.56
10,150,3,32.9,17891616.2
10,150,3,33,20543110.73
10,150,3,33.1,20734209.43
10,150,3,33.2,20447561.38
10,150,3,33.3,20710322.1
10,150,3,33.4,19444293.18
10,150,3,33.5,19444293.18
10,150,3,33.6,19492067.85
10,150,3,33.7,19109870.45
10,150,3,33.8,18058827.57
10,150,3,33.9,19229307.14
10,150,3,34,19014321.09
10,150,3,34.1,19300969.15
10,150,3,34.2,18464912.32
10,150,3,34.3,18536574.33
10,150,3,34.4,19109870.45
10,150,3,34.5,18990433.76
10,150,3,34.6,19133757.78
10,150,3,34.7,18870997.07
10,150,3,34.8,17963278.22
10,150,3,34.9,17963278.22
10,150,3,35,17533306.13
10,150,3,35.1,17151108.73
10,150,3,35.2,18130489.59
10,150,3,35.3,17748292.18
10,150,3,35.4,18178264.26
10,150,3,35.5,17461644.12
10,150,3,35.6,18823222.39
10,150,3,35.7,17963278.22
10,150,3,35.8,18560461.67
10,150,3,35.9,18703785.7
10,150,3,36,18058827.57
10,150,3,36.1,17772179.51
10,150,3,36.2,18130489.59
10,150,3,36.3,18894884.4
10,150,3,36.4,17891616.2
10,150,3,36.5,17724404.84
10,150,3,36.6,18321588.29
10,150,3,36.7,17891616.2
10,150,3,36.8,16816685.99
10,150,3,36.9,17509418.8
10,150,3,37,16219502.54
10,150,3,37.1,17604968.15
10,150,3,37.2,17222770.74
10,150,3,37.3,17533306.13
10,150,3,37.4,17103334.05
10,150,3,37.5,16482263.26
10,150,3,37.6,17031672.03
10,150,3,37.7,16577812.61
10,150,3,37.8,16553925.27
10,150,3,37.9,16410601.25
10,150,3,38,16123953.19
10,150,3,38.1,16577812.61
10,150,3,38.2,17413869.44
10,150,3,38.3,16458375.92
10,150,3,38.4,16960010.02
10,150,3,38.5,16577812.61
10,150,3,38.6,17652742.82
10,150,3,38.7,17318320.09
10,150,3,38.8,16649474.63
10,150,3,38.9,16123953.19
10,150,3,39,17509418.8
10,150,3,39.1,16768911.32
10,150,3,39.2,15646206.43
10,150,3,39.3,16338939.23
10,150,3,39.4,16195615.2
10,150,3,39.5,15789530.46
10,150,3,39.6,16673361.96
10,150,3,39.7,16171727.86
10,150,3,39.8,16195615.2
10,150,3,39.9,16721136.64
10,150,3,40,15049022.98
10,150,3,40.1,16434488.58
10,150,3,40.2,15407333.05
10,150,3,40.3,15717868.44
10,150,3,40.4,15287896.36
10,150,3,40.5,15431220.38
10,150,3,40.6,15335671.03
10,150,3,40.7,15693981.1
10,150,3,40.8,15383445.71
10,150,3,40.9,16123953.19
10,150,3,41,15741755.78
10,150,3,41.1,15646206.43
10,150,3,41.2,16123953.19
10,150,3,41.3,16004516.5
10,150,3,41.4,15001248.3
10,150,3,41.5,14236853.48
10,150,3,41.6,15956741.82
10,150,3,41.7,15431220.38
10,150,3,41.8,14427952.19
10,150,3,41.9,14547388.88
10,150,3,42,14595163.55
10,150,3,42.1,14212966.14
10,150,3,42.2,15096797.65
10,150,3,42.3,14093529.45
10,150,3,42.4,15383445.71
10,150,3,42.5,14642938.23
10,150,3,42.6,14284628.16
10,150,3,42.7,15168459.67
10,150,3,42.8,13926318.09
10,150,3,42.9,13257472.62
10,150,3,43,15335671.03
10,150,3,43.1,15383445.71
10,150,3,43.2,13854656.07
10,150,3,43.3,14141304.13
10,150,3,43.4,15264009.02
10,150,3,43.5,13926318.09
10,150,3,43.6,14021867.44
10,150,3,43.7,12731951.18
10,150,3,43.8,14117416.79
10,150,3,43.9,13926318.09
10,150,3,44,13591895.35
10,150,3,44.1,12803613.2
10,150,3,44.2,13687444.71
10,150,3,44.3,13782994.06
10,150,3,44.4,14332402.83
10,150,3,44.5,13138035.93
10,150,3,44.6,13878543.41
10,150,3,44.7,13305247.3
10,150,3,44.8,13066373.92
10,150,3,44.9,13233585.28
10,150,3,45,13591895.35
10,150,3,45.1,13018599.24
10,150,3,45.2,13735219.38
10,150,3,45.3,12803613.2
10,150,3,45.4,12493077.8
10,150,3,45.5,12493077.8
10,150,3,45.6,12946937.23
10,150,3,45.7,12373641.11
10,150,3,45.8,12994711.9
10,150,3,45.9,11991443.7
10,150,3,46,12421415.79
10,150,3,46.1,13376909.31
10,150,3,46.2,13830768.74
10,150,3,46.3,12851387.87
10,150,3,46.4,11776457.66
10,150,3,46.5,13663557.37
10,150,3,46.6,13782994.06
10,150,3,46.7,13281359.96
10,150,3,46.8,13472458.66
10,150,3,46.9,12254204.42
10,150,3,47,13209697.95
10,150,3,47.1,13042486.58
10,150,3,47.2,12325866.44
10,150,3,47.3,12588627.16
10,150,3,47.4,13161923.27
10,150,3,47.5,12516965.14
10,150,3,47.6,12636401.83
10,150,3,47.7,12110880.39
10,150,3,47.8,11991443.7
10,150,3,47.9,12421415.79
10,150,3,48,11919781.69
10,150,3,48.1,12325866.44
10,150,3,48.2,11991443.7
10,150,3,48.3,12755838.52
10,150,3,48.4,12182542.41
10,150,3,48.5,12421415.79
10,150,3,48.6,12588627.16
10,150,3,48.7,11895894.35
10,150,3,48.8,12445303.13
10,150,3,48.9,12278091.76
10,150,3,49,11728682.99
10,150,3,49.1,11513696.94
10,150,3,49.2,12373641.11
10,150,3,49.3,12182542.41
10,150,3,49.4,11657020.97
10,150,3,49.5,11704795.65
10,150,3,49.6,13018599.24
10,150,3,49.7,12278091.76
10,150,3,49.8,12230317.09
10,150,3,49.9,11657020.97
10,150,3,50,11203161.55
10,150,3,50.1,12755838.52
10,150,3,50.2,12182542.41
10,150,3,50.3,11083724.86
10,150,3,50.4,11346485.58
10,150,3,50.5,11609246.3
10,150,3,50.6,11919781.69
10,150,3,50.7,11012062.84
10,150,3,50.8,11298710.9
10,150,3,50.9,11298710.9
10,150,3,51,12206429.75
10,150,3,51.1,11824232.34
10,150,3,51.2,10701527.45
10,150,3,51.3,10749302.13
10,150,3,51.4,11155386.87
10,150,3,51.5,11537584.28
10,150,3,51.6,11848119.68
10,150,3,51.7,10988175.51
10,150,3,51.8,10868738.82
10,150,3,51.9,10247668.03
10,150,3,52,11728682.99
10,150,3,52.1,10749302.13
10,150,3,52.2,11824232.34
10,150,3,52.3,10916513.49
10,150,3,52.4,10677640.11
10,150,3,52.5,11346485.58
10,150,3,52.6,11657020.97
10,150,3,52.7,11728682.99
10,150,3,52.8,10343217.38
10,150,3,52.9,11203161.55
10,150,3,53,10558203.42
10,150,3,53.1,10271555.36
10,150,3,53.2,11179274.21
10,150,3,53.3,10725414.79
10,150,3,53.4,10152118.67
10,150,3,53.5,9889357.956
10,150,3,53.6,11489809.61
10,150,3,53.7,10844851.48
10,150,3,53.8,10534316.08
10,150,3,53.9,10701527.45
10,150,3,54,11227048.89
10,150,3,54.1,10199893.35
10,150,3,54.2,10008794.65
10,150,3,54.3,10820964.14
10,150,3,54.4,11418147.59
10,150,3,54.5,9961019.97
10,150,3,54.6,9913245.294
10,150,3,54.7,10199893.35
10,150,3,54.8,10152118.67
10,150,3,54.9,10271555.36
10,150,3,55,10295442.7
10,150,3,55.1,10558203.42
10,150,3,55.2,10367104.72
10,150,3,55.3,9769921.265
10,150,3,55.4,10343217.38
10,150,3,55.5,9961019.97
10,150,3,55.6,10486541.41
10,150,3,55.7,10056569.32
10,150,3,55.8,10152118.67
10,150,3,55.9,9961019.97
10,150,3,56,10295442.7
10,150,3,56.1,9865470.618
10,150,3,56.2,9984907.308
10,150,3,56.3,9937132.632
10,150,3,56.4,9841583.28
10,150,3,56.5,10653752.77
10,150,3,56.6,10343217.38
10,150,3,56.7,10176006.01
10,150,3,56.8,10582090.76
10,150,3,56.9,10223780.69
10,150,3,57,10916513.49
10,150,3,57.1,9913245.294
10,150,3,57.2,10462654.07
10,150,3,57.3,9268287.166
10,150,3,57.4,9961019.97
10,150,3,57.5,9674371.913
10,150,3,57.6,10295442.7
10,150,3,57.7,10080456.66
10,150,3,57.8,10128231.34
10,150,3,57.9,10032681.98
10,150,3,58,9817695.941
10,150,3,58.1,88932559.59
10,150,3,58.2,8981639.109
10,150,3,58.3,9124963.138
10,150,3,58.4,10128231.34
10,150,3,58.5,9292174.504
10,150,3,58.6,9459385.871
10,150,3,58.7,8862202.419
10,150,3,58.8,8623329.039
10,150,3,58.9,8671103.715
10,150,3,59,9531047.885
10,150,3,59.1,9101075.8
10,150,3,59.2,9124963.138
10,150,3,59.3,9387723.856
10,150,3,59.4,9148850.476
10,150,3,59.5,147599861.9
10,150,3,59.6,9148850.476
10,150,3,59.7,9363836.518
10,150,3,59.8,9387723.856
10,150,3,59.9,9483273.209
10,150,3,60,8694991.053
10,150,3,60.1,9722146.589
10,150,3,60.2,9053301.124
10,150,3,60.3,8671103.715
10,150,3,60.4,8814427.743
10,150,3,60.5,8527779.686
10,150,3,60.6,9363836.518
10,150,3,60.7,9005526.448
10,150,3,60.8,8933864.433
10,150,3,60.9,8718878.391
10,150,3,61,8408342.996
10,150,3,61.1,8623329.039
10,150,3,61.2,8671103.715
10,150,3,61.3,8121694.939
10,150,3,61.4,9053301.124
10,150,3,61.5,8981639.109
10,150,3,61.6,9507160.547
10,150,3,61.7,8384455.658
10,150,3,61.8,8408342.996
10,150,3,61.9,8909977.095
10,150,3,62,9602709.899
10,150,3,62.1,9005526.448
10,150,3,62.2,9101075.8
10,150,3,62.3,8647216.377
10,150,3,62.4,8408342.996
10,150,3,62.5,9292174.504
10,150,3,62.6,8169469.616
10,150,3,62.7,8360568.32
10,150,3,62.8,9029413.786
10,150,3,62.9,8050032.925
10,150,3,63,8456117.672
10,150,3,63.1,9292174.504
10,150,3,63.2,8360568.32
10,150,3,63.3,8073920.263
10,150,3,63.4,7715610.192
10,150,3,63.5,8073920.263
10,150,3,63.6,7811159.545
10,150,3,63.7,7643948.178
10,150,3,63.8,8671103.715
10,150,3,63.9,8503892.348
10,150,3,64,8599441.701
10,150,3,64.1,8121694.939
10,150,3,64.2,8312793.644
10,150,3,64.3,8575554.363
10,150,3,64.4,7978370.911
10,150,3,64.5,7405074.798
10,150,3,64.6,7954483.573
10,150,3,64.7,7405074.798
10,150,3,64.8,7763384.869
10,150,3,64.9,8360568.32
10,150,3,65,8527779.686
10,150,3,65.1,7452849.474
10,150,3,65.2,8145582.277
10,150,3,65.3,8527779.686
10,150,3,65.4,8909977.095
10,150,3,65.5,7428962.136
10,150,3,65.6,7548398.826
10,150,3,65.7,7667835.516
10,150,3,65.8,8312793.644
10,150,3,65.9,7022877.389
10,150,3,66,8408342.996
10,150,3,66.1,8121694.939
10,150,3,66.2,8050032.925
10,150,3,66.3,7739497.531
10,150,3,66.4,8002258.249
10,150,3,66.5,7237863.431
10,150,3,66.6,8193356.954
10,150,3,66.7,8121694.939
10,150,3,66.8,8002258.249
10,150,3,66.9,7381187.46
10,150,3,67,8026145.587
10,150,3,67.1,22669083.82
10,150,3,67.2,8408342.996
10,150,3,67.3,7428962.136
10,150,3,67.4,35377147.66
10,150,3,67.5,8050032.925
10,150,3,67.6,7715610.192
10,150,3,67.7,8169469.616
10,150,3,67.8,8193356.954
10,150,3,67.9,7954483.573
10,150,3,68,7309525.445
10,150,3,68.1,7572286.164
10,150,3,68.2,7620060.84
10,150,3,68.3,7667835.516
10,150,3,68.4,7285638.107
10,150,3,68.5,7333412.784
10,150,3,68.6,6879553.36
10,150,3,68.7,7954483.573
10,150,3,68.8,6784004.008
10,150,3,68.9,7309525.445
10,150,3,69,7285638.107
10,150,3,69.1,8002258.249
10,150,3,69.2,9650484.575
10,150,3,69.3,12421415.79
10,150,3,69.4,7572286.164
10,150,3,69.5,7452849.474
10,150,3,69.6,8408342.996
10,150,3,69.7,7357300.122
10,150,3,69.8,6282369.909
10,150,3,69.9,7357300.122
10,150,3,70,7548398.826
10,150,3,70.1,6998990.051
10,150,3,70.2,7333412.784
10,150,3,70.3,7190088.755
10,150,3,70.4,7118426.741
10,150,3,70.5,6998990.051
10,150,3,70.6,6449581.275
10,150,3,70.7,8073920.263
10,150,3,70.8,6640679.98
10,150,3,70.9,6425693.937
10,150,3,71,7285638.107
10,150,3,71.1,6831778.684
10,150,3,71.2,6807891.346
10,150,3,71.3,6831778.684
10,150,3,71.4,6736229.332
10,150,3,71.5,6975102.713
10,150,3,71.6,6855666.022
10,150,3,71.7,6473468.613
10,150,3,71.8,7381187.46
10,150,3,71.9,6640679.98
10,150,3,72,7142314.079
10,150,3,72.1,5947947.176
10,150,3,72.2,6545130.628
10,150,3,72.3,6855666.022
10,150,3,72.4,7524511.488
10,150,3,72.5,6855666.022
10,150,3,72.6,6807891.346
10,150,3,72.7,6736229.332
10,150,3,72.8,5971834.514
10,150,3,72.9,6592905.304
10,150,3,73,7190088.755
10,150,3,73.1,6306257.247
10,150,3,73.2,6210707.895
10,150,3,73.3,6186820.557
10,150,3,73.4,7285638.107
10,150,3,73.5,6975102.713
10,150,3,73.6,6927328.037
10,150,3,73.7,7285638.107
10,150,3,73.8,6234595.233
10,150,3,73.9,6258482.571
10,150,3,74,6903440.699
10,150,3,74.1,7070652.065
10,150,3,74.2,6688454.656
10,150,3,74.3,6616792.642
10,150,3,74.4,6210707.895
10,150,3,74.5,6234595.233
10,150,3,74.6,6377919.261
10,150,3,74.7,5971834.514
10,150,3,74.8,6258482.571
10,150,3,74.9,6306257.247
10,150,3,75,6115158.543
10,150,3,75.1,6616792.642
10,150,3,75.2,6043496.528
10,150,3,75.3,6927328.037
10,150,3,75.4,6473468.613
10,150,3,75.5,6186820.557
10,150,3,75.6,5971834.514
10,150,3,75.7,6282369.909
10,150,3,75.8,5732961.134
10,150,3,75.9,6115158.543
10,150,3,76,5613524.443
10,150,3,76.1,6569017.966
10,150,3,76.2,6688454.656
10,150,3,76.3,5756848.472
10,150,3,76.4,6998990.051
10,150,3,76.5,5685186.458
10,150,3,76.6,5876285.162
10,150,3,76.7,7022877.389
10,150,3,76.8,5924059.838
10,150,3,76.9,6186820.557
10,150,3,77,6210707.895
10,150,3,77.1,6473468.613
10,150,3,77.2,6592905.304
10,150,3,77.3,6139045.881
10,150,3,77.4,5900172.5
10,150,3,77.5,5279101.711
10,150,3,77.6,6640679.98
10,150,3,77.7,5374651.063
10,150,3,77.8,5852397.824
10,150,3,77.9,5900172.5
10,150,3,78,5900172.5
10,150,3,78.1,5971834.514
10,150,3,78.2,6043496.528
10,150,3,78.3,5470200.415
10,150,3,78.4,6377919.261
10,150,3,78.5,5326876.387
10,150,3,78.6,6664567.318
10,150,3,78.7,5876285.162
10,150,3,78.8,5947947.176
10,150,3,78.9,6115158.543
10,150,3,79,5924059.838
10,150,3,79.1,6377919.261
10,150,3,79.2,5924059.838
10,150,3,79.3,5470200.415
10,150,3,79.4,5470200.415
10,150,3,79.5,6473468.613
10,150,3,79.6,5446313.077
10,150,3,79.7,5709073.796
10,150,3,79.8,5732961.134
10,150,3,79.9,5470200.415
10,150,3,80,5494087.753
10,150,3,80.1,5732961.134
10,150,3,80.2,6401806.599
10,150,3,80.3,5517975.091
10,150,3,80.4,5494087.753
10,150,3,80.5,5924059.838
10,150,3,80.6,5947947.176
10,150,3,80.7,5064115.668
10,150,3,80.8,5685186.458
10,150,3,80.9,5876285.162
10,150,3,81,5876285.162
10,150,3,81.1,5565749.767
10,150,3,81.2,6162933.219
10,150,3,81.3,6019609.19
10,150,3,81.4,5828510.486
10,150,3,81.5,5756848.472
10,150,3,81.6,5613524.443
10,150,3,81.7,5732961.134
10,150,3,81.8,5613524.443
10,150,3,81.9,5374651.063
10,150,3,82,5279101.711
10,150,3,82.1,5589637.105
10,150,3,82.2,5685186.458
10,150,3,82.3,6139045.881
10,150,3,82.4,4873016.964
10,150,3,82.5,5900172.5
10,150,3,82.6,5183552.358
10,150,3,82.7,5040228.33
10,150,3,82.8,5350763.725
10,150,3,82.9,5255214.373
10,150,3,83,5900172.5
10,150,3,83.1,5064115.668
10,150,3,83.2,5541862.429
10,150,3,83.3,5470200.415
10,150,3,83.4,5255214.373
10,150,3,83.5,5064115.668
10,150,3,83.6,5685186.458
10,150,3,83.7,4825242.288
10,150,3,83.8,5279101.711
10,150,3,83.9,5207439.696
10,150,3,84,5947947.176
10,150,3,84.1,5517975.091
10,150,3,84.2,5398538.401
10,150,3,84.3,5589637.105
10,150,3,84.4,5159665.02
10,150,3,84.5,5350763.725
10,150,3,84.6,5661299.12
10,150,3,84.7,4849129.626
10,150,3,84.8,5852397.824
10,150,3,84.9,4753580.273
10,150,3,85,5183552.358
10,150,3,85.1,5040228.33
10,150,3,85.2,5541862.429
10,150,3,85.3,5088003.006
10,150,3,85.4,5446313.077
10,150,3,85.5,5302989.049
10,150,3,85.6,5565749.767
10,150,3,85.7,4705805.597
10,150,3,85.8,5159665.02
10,150,3,85.9,4968566.316
10,150,3,86,5088003.006
10,150,3,86.1,5159665.02
10,150,3,86.2,5279101.711
10,150,3,86.3,5183552.358
10,150,3,86.4,5040228.33
10,150,3,86.5,5040228.33
10,150,3,86.6,5279101.711
10,150,3,86.7,5517975.091
10,150,3,86.8,5494087.753
10,150,3,86.9,4968566.316
10,150,3,87,6139045.881
10,150,3,87.1,4873016.964
10,150,3,87.2,5446313.077
10,150,3,87.3,4968566.316
10,150,3,87.4,5183552.358
10,150,3,87.5,4156396.822
10,150,3,87.6,5088003.006
10,150,3,87.7,4586368.907
10,150,3,87.8,5183552.358
10,150,3,87.9,5135777.682
10,150,3,88,5135777.682
10,150,3,88.1,5183552.358
10,150,3,88.2,4968566.316
10,150,3,88.3,4920791.64
10,150,3,88.4,5231327.035
10,150,3,88.5,4753580.273
10,150,3,88.6,5470200.415
10,150,3,88.7,5302989.049
10,150,3,88.8,4777467.611
10,150,3,88.9,4873016.964
10,150,3,89,5135777.682
10,150,3,89.1,5040228.33
10,150,3,89.2,4968566.316
10,150,3,89.3,4156396.822
10,150,3,89.4,4228058.836
10,150,3,89.5,4896904.302
10,150,3,89.6,5040228.33
10,150,3,89.7,4920791.64
10,150,3,89.8,4825242.288
10,150,3,89.9,4658030.921
10,150,3,90,4801354.949
10,150,3,90.1,4944678.978
10,150,3,90.2,4849129.626
10,150,3,90.3,4896904.302
10,150,3,90.4,5040228.33
10,150,3,90.5,4228058.836
10,150,3,90.6,4968566.316
10,150,3,90.7,5302989.049
10,150,3,90.8,4156396.822
10,150,3,90.9,4586368.907
10,150,3,91,5279101.711
10,150,3,91.1,5302989.049
10,150,3,91.2,4753580.273
10,150,3,91.3,5255214.373
10,150,3,91.4,4562481.569
10,150,3,91.5,4347495.526
10,150,3,91.6,4944678.978
10,150,3,91.7,4729692.935
10,150,3,91.8,5326876.387
10,150,3,91.9,4777467.611
10,150,3,92,4920791.64
10,150,3,92.1,4610256.245
10,150,3,92.2,4705805.597
10,150,3,92.3,4443044.879
10,150,3,92.4,4801354.949
10,150,3,92.5,4395270.203
10,150,3,92.6,4204171.498
10,150,3,92.7,4729692.935
10,150,3,92.8,4490819.555
10,150,3,92.9,4992453.654
10,150,3,93,4992453.654
10,150,3,93.1,5040228.33
10,150,3,93.2,4514706.893
10,150,3,93.3,4419157.541
10,150,3,93.4,4443044.879
10,150,3,93.5,4729692.935
10,150,3,93.6,4275833.512
10,150,3,93.7,4873016.964
10,150,3,93.8,4395270.203
10,150,3,93.9,4013072.794
10,150,3,94,4610256.245
10,150,3,94.1,5064115.668
10,150,3,94.2,4275833.512
10,150,3,94.3,4634143.583
10,150,3,94.4,4156396.822
10,150,3,94.5,4658030.921
10,150,3,94.6,4610256.245
10,150,3,94.7,4705805.597
10,150,3,94.8,4060847.47
10,150,3,94.9,4610256.245
10,150,3,95,4490819.555
10,150,3,95.1,5183552.358
10,150,3,95.2,4156396.822
10,150,3,95.3,4204171.498
10,150,3,95.4,5016340.992
10,150,3,95.5,4658030.921
10,150,3,95.6,4371382.864
10,150,3,95.7,4347495.526
10,150,3,95.8,4514706.893
10,150,3,95.9,4753580.273
10,150,3,96,4705805.597
10,150,3,96.1,4108622.146
10,150,3,96.2,4538594.231
10,150,3,96.3,4634143.583
10,150,3,96.4,4658030.921
10,150,3,96.5,4228058.836
10,150,3,96.6,4490819.555
10,150,3,96.7,5350763.725
10,150,3,96.8,4825242.288
10,150,3,96.9,4395270.203
10,150,3,97,4538594.231
10,150,3,97.1,4299720.85
10,150,3,97.2,3965298.117
10,150,3,97.3,4419157.541
10,150,3,97.4,4156396.822
10,150,3,97.5,3917523.441
10,150,3,97.6,4156396.822
10,150,3,97.7,4490819.555
10,150,3,97.8,4347495.526
10,150,3,97.9,3368114.666
10,150,3,98,4419157.541
10,150,3,98.1,4729692.935
10,150,3,98.2,4013072.794
10,150,3,98.3,3654762.723
10,150,3,98.4,4419157.541
10,150,3,98.5,4371382.864
10,150,3,98.6,3869748.765
10,150,3,98.7,4371382.864
10,150,3,98.8,4060847.47
10,150,3,98.9,4275833.512
10,150,3,99,3989185.456
10,150,3,99.1,4036960.132
10,150,3,99.2,3965298.117
10,150,3,99.3,4323608.188
10,150,3,99.4,3893636.103
10,150,3,99.5,4180284.16
10,150,3,99.6,4036960.132
10,150,3,99.7,3726424.737
10,150,3,99.8,3702537.399
10,150,3,99.9,3965298.117
10,150,3,100,3702537.399
10,150,3,100.1,3654762.723
10,150,3,100.2,3630875.385
10,150,3,100.3,4586368.907
10,150,3,100.4,3941410.779
10,150,3,100.5,4275833.512
10,150,3,100.6,3893636.103
10,150,3,100.7,3606988.047
10,150,3,100.8,4347495.526
10,150,3,100.9,3989185.456
10,150,3,101,3989185.456
10,150,3,101.1,4777467.611
10,150,3,101.2,4204171.498
10,150,3,101.3,3654762.723
10,150,3,101.4,4013072.794
10,150,3,101.5,3989185.456
10,150,3,101.6,3965298.117
10,150,3,101.7,4013072.794
10,150,3,101.8,4060847.47
10,150,3,101.9,3702537.399
10,150,3,102,4132509.484
10,150,3,102.1,3821974.089
10,150,3,102.2,3511438.694
10,150,3,102.3,3511438.694
10,150,3,102.4,3678650.061
10,150,3,102.5,4777467.611
10,150,3,102.6,3941410.779
10,150,3,102.7,4204171.498
10,150,3,102.8,3989185.456
10,150,3,102.9,4204171.498
10,150,3,103,3559213.371
10,150,3,103.1,4251946.174
10,150,3,103.2,3750312.075
10,150,3,103.3,3750312.075
10,150,3,103.4,3726424.737
10,150,3,103.5,4108622.146
10,150,3,103.6,3224790.638
10,150,3,103.7,4204171.498
10,150,3,103.8,4395270.203
10,150,3,103.9,4228058.836
10,150,3,104,3487551.356
10,150,3,104.1,3200903.3
10,150,3,104.2,3798086.751
10,150,3,104.3,3750312.075
10,150,3,104.4,3606988.047
10,150,3,104.5,3774199.413
10,150,3,104.6,4681918.259
10,150,3,104.7,3821974.089
10,150,3,104.8,3296452.652
10,150,3,104.9,3750312.075
10,150,3,105,4084734.808
10,150,3,105.1,3344227.328
10,150,3,105.2,3606988.047
10,150,3,105.3,3177015.962
10,150,3,105.4,3798086.751
10,150,3,105.5,3320339.99
10,150,3,105.6,3511438.694
10,150,3,105.7,3415889.342
10,150,3,105.8,3344227.328
10,150,3,105.9,3941410.779
10,150,3,106,3606988.047
10,150,3,106.1,3750312.075
10,150,3,106.2,3081466.609
10,150,3,106.3,3654762.723
10,150,3,106.4,3200903.3
10,150,3,106.5,3917523.441
10,150,3,106.6,3989185.456
10,150,3,106.7,2914255.243
10,150,3,106.8,3989185.456
10,150,3,106.9,3177015.962
10,150,3,107,3965298.117
10,150,3,107.1,3057579.271
10,150,3,107.2,3726424.737
10,150,3,107.3,3869748.765
10,150,3,107.4,3583100.709
10,150,3,107.5,3583100.709
10,150,3,107.6,3392002.004
10,150,3,107.7,3272565.314
10,150,3,107.8,3344227.328
10,150,3,107.9,3129241.285
10,150,3,108,3439776.68
10,150,3,108.1,3774199.413
10,150,3,108.2,3821974.089
10,150,3,108.3,3630875.385
10,150,3,108.4,3535326.032
10,150,3,108.5,3821974.089
10,150,3,108.6,2985917.257
10,150,3,108.7,3654762.723
10,150,3,108.8,3726424.737
10,150,3,108.9,3177015.962
10,150,3,109,3344227.328
10,150,3,109.1,3535326.032
10,150,3,109.2,3774199.413
10,150,3,109.3,3081466.609
10,150,3,109.4,2938142.581
10,150,3,109.5,3439776.68
10,150,3,109.6,3559213.371
10,150,3,109.7,3821974.089
10,150,3,109.8,3392002.004
10,150,3,109.9,3774199.413
10,150,3,110,3320339.99
10,150,3,110.1,3415889.342
10,150,3,110.2,3368114.666
10,150,3,110.3,3057579.271
10,150,3,110.4,3033691.933
10,150,3,110.5,3368114.666
10,150,3,110.6,3606988.047
10,150,3,110.7,3774199.413
10,150,3,110.8,2938142.581
10,150,3,110.9,3320339.99
10,150,3,111,3272565.314
10,150,3,111.1,3702537.399
10,150,3,111.2,3368114.666
10,150,3,111.3,3917523.441
10,150,3,111.4,3392002.004
10,150,3,111.5,3248677.976
10,150,3,111.6,3272565.314
10,150,3,111.7,3606988.047
10,150,3,111.8,3129241.285
10,150,3,111.9,4013072.794
10,150,3,112,3606988.047
10,150,3,112.1,3177015.962
10,150,3,112.2,3368114.666
10,150,3,112.3,3224790.638
10,150,3,112.4,3153128.624
10,150,3,112.5,2794818.553
10,150,3,112.6,3392002.004
10,150,3,112.7,3248677.976
10,150,3,112.8,3606988.047
10,150,3,112.9,3368114.666
10,150,3,113,3272565.314
10,150,3,113.1,3081466.609
10,150,3,113.2,3463664.018
10,150,3,113.3,3392002.004
10,150,3,113.4,3487551.356
10,150,3,113.5,3081466.609
10,150,3,113.6,2794818.553
10,150,3,113.7,3153128.624
10,150,3,113.8,2914255.243
10,150,3,113.9,3439776.68
10,150,3,114,2914255.243
10,150,3,114.1,2842593.229
10,150,3,114.2,3033691.933
10,150,3,114.3,2842593.229
10,150,3,114.4,2866480.567
10,150,3,114.5,2890367.905
10,150,3,114.6,2460395.82
10,150,3,114.7,3320339.99
10,150,3,114.8,3033691.933
10,150,3,114.9,2938142.581
10,150,3,115,2962029.919
10,150,3,115.1,3606988.047
10,150,3,115.2,2962029.919
10,150,3,115.3,3033691.933
10,150,3,115.4,3415889.342
10,150,3,115.5,3726424.737
10,150,3,115.6,3129241.285
10,150,3,115.7,2842593.229
10,150,3,115.8,2938142.581
10,150,3,115.9,3415889.342
10,150,3,116,3177015.962
10,150,3,116.1,3463664.018
10,150,3,116.2,3296452.652
10,150,3,116.3,3200903.3
10,150,3,116.4,2914255.243
10,150,3,116.5,3057579.271
10,150,3,116.6,2675381.862
10,150,3,116.7,3009804.595
10,150,3,116.8,3153128.624
10,150,3,116.9,3559213.371
10,150,3,117,2508170.496
10,150,3,117.1,3200903.3
10,150,3,117.2,2603719.848
10,150,3,117.3,2603719.848
10,150,3,117.4,3033691.933
10,150,3,117.5,3177015.962
10,150,3,117.6,3248677.976
10,150,3,117.7,2579832.51
10,150,3,117.8,3081466.609
10,150,3,117.9,2770931.215
10,150,3,118,2866480.567
10,150,3,118.1,3344227.328
10,150,3,118.2,2962029.919
10,150,3,118.3,3081466.609
10,150,3,118.4,3320339.99
10,150,3,118.5,2818705.891
10,150,3,118.6,2532057.834
10,150,3,118.7,3105353.947
10,150,3,118.8,3177015.962
10,150,3,118.9,2747043.877
10,150,3,119,2938142.581
10,150,3,119.1,3105353.947
10,150,3,119.2,2985917.257
10,150,3,119.3,2770931.215
10,150,3,119.4,2866480.567
10,150,3,119.5,2866480.567
10,150,3,119.6,2914255.243
10,150,3,119.7,3009804.595
10,150,3,119.8,2890367.905
10,150,3,119.9,2555945.172
10,150,3,120,2818705.891
10,150,3,120.1,3081466.609
10,150,3,120.2,3057579.271
10,150,3,120.3,2938142.581
10,150,3,120.4,2723156.539
10,150,3,120.5,2818705.891
10,150,3,120.6,2508170.496
10,150,3,120.7,2866480.567
10,150,3,120.8,2962029.919
10,150,3,120.9,2627607.186
10,150,3,121,3368114.666
10,150,3,121.1,2818705.891
10,150,3,121.2,2340959.13
10,150,3,121.3,3057579.271
10,150,3,121.4,2508170.496
10,150,3,121.5,2699269.2
10,150,3,121.6,2842593.229
10,150,3,121.7,2842593.229
10,150,3,121.8,2508170.496
10,150,3,121.9,3009804.595
10,150,3,122,2770931.215
10,150,3,122.1,2794818.553
10,150,3,122.2,2890367.905
10,150,3,122.3,2603719.848
10,150,3,122.4,2460395.82
10,150,3,122.5,2555945.172
10,150,3,122.6,2579832.51
10,150,3,122.7,2484283.158
10,150,3,122.8,2293184.453
10,150,3,122.9,2532057.834
10,150,3,123,2651494.524
10,150,3,123.1,3248677.976
10,150,3,123.2,2340959.13
10,150,3,123.3,3009804.595
10,150,3,123.4,2866480.567
10,150,3,123.5,2293184.453
10,150,3,123.6,2436508.482
10,150,3,123.7,2508170.496
10,150,3,123.8,3439776.68
10,150,3,123.9,2579832.51
10,150,3,124,2627607.186
10,150,3,124.1,2412621.144
10,150,3,124.2,2770931.215
10,150,3,124.3,2484283.158
10,150,3,124.4,2675381.862
10,150,3,124.5,2866480.567
10,150,3,124.6,3105353.947
10,150,3,124.7,2555945.172
10,150,3,124.8,2340959.13
10,150,3,124.9,2866480.567
10,150,3,125,2675381.862
10,150,3,125.1,2770931.215
10,150,3,125.2,2866480.567
10,150,3,125.3,2770931.215
10,150,3,125.4,2603719.848
10,150,3,125.5,2579832.51
10,150,3,125.6,2436508.482
10,150,3,125.7,2006536.397
10,150,3,125.8,2388733.806
10,150,3,125.9,2627607.186
10,150,3,126,2293184.453
10,150,3,126.1,2508170.496
10,150,3,126.2,2245409.777
10,150,3,126.3,2627607.186
10,150,3,126.4,2221522.439
10,150,3,126.5,2579832.51
10,150,3,126.6,2102085.749
10,150,3,126.7,2412621.144
10,150,3,126.8,2412621.144
10,150,3,126.9,2508170.496
10,150,3,127,2866480.567
10,150,3,127.1,2842593.229
10,150,3,127.2,2078198.411
10,150,3,127.3,2603719.848
10,150,3,127.4,2364846.468
10,150,3,127.5,2317071.792
10,150,3,127.6,2173747.763
10,150,3,127.7,2627607.186
10,150,3,127.8,1910987.045
10,150,3,127.9,2651494.524
10,150,3,128,2221522.439
10,150,3,128.1,2627607.186
10,150,3,128.2,2770931.215
10,150,3,128.3,2293184.453
10,150,3,128.4,2364846.468
10,150,3,128.5,2149860.425
10,150,3,128.6,1958761.721
10,150,3,128.7,2340959.13
10,150,3,128.8,2054311.073
10,150,3,128.9,2125973.087
10,150,3,129,2125973.087
10,150,3,129.1,2555945.172
10,150,3,129.2,2245409.777
10,150,3,129.3,2364846.468
10,150,3,129.4,2484283.158
10,150,3,129.5,2364846.468
10,150,3,129.6,2555945.172
10,150,3,129.7,2579832.51
10,150,3,129.8,2508170.496
10,150,3,129.9,2340959.13
10,150,3,130,2293184.453
10,150,3,130.1,2364846.468
10,150,3,130.2,2627607.186
10,150,3,130.3,2149860.425
10,150,3,130.4,2579832.51
10,150,3,130.5,2006536.397
10,150,3,130.6,2364846.468
10,150,3,130.7,2006536.397
10,150,3,130.8,2173747.763
10,150,3,130.9,2460395.82
10,150,3,131,1863212.368
10,150,3,131.1,2078198.411
10,150,3,131.2,2388733.806
10,150,3,131.3,2221522.439
10,150,3,131.4,1576564.312
10,150,3,131.5,2054311.073
10,150,3,131.6,2006536.397
10,150,3,131.7,2460395.82
10,150,3,131.8,2364846.468
10,150,3,131.9,2460395.82
10,150,3,132,2173747.763
10,150,3,132.1,2532057.834
10,150,3,132.2,1934874.383
10,150,3,132.3,2197635.101
10,150,3,132.4,2388733.806
10,150,3,132.5,2293184.453
10,150,3,132.6,2436508.482
10,150,3,132.7,2125973.087
10,150,3,132.8,2078198.411
10,150,3,132.9,2149860.425
10,150,3,133,2269297.115
10,150,3,133.1,1958761.721
10,150,3,133.2,2532057.834
10,150,3,133.3,2484283.158
10,150,3,133.4,2078198.411
10,150,3,133.5,2436508.482
10,150,3,133.6,2221522.439
10,150,3,133.7,1934874.383
10,150,3,133.8,1934874.383
10,150,3,133.9,2293184.453
10,150,3,134,1576564.312
10,150,3,134.1,1982649.059
10,150,3,134.2,2269297.115
10,150,3,134.3,2006536.397
10,150,3,134.4,2269297.115
10,150,3,134.5,2125973.087
10,150,3,134.6,2030423.735
10,150,3,134.7,2006536.397
10,150,3,134.8,2030423.735
10,150,3,134.9,2317071.792
10,150,3,135,1982649.059
10,150,3,135.1,1887099.707
10,150,3,135.2,1934874.383
10,150,3,135.3,2579832.51
10,150,3,135.4,2030423.735
10,150,3,135.5,2173747.763
10,150,3,135.6,2030423.735
10,150,3,135.7,1743775.678
10,150,3,135.8,1958761.721
10,150,3,135.9,2173747.763
10,150,3,136,1982649.059
10,150,3,136.1,2102085.749
10,150,3,136.2,2221522.439
10,150,3,136.3,2078198.411
10,150,3,136.4,1934874.383
10,150,3,136.5,1815437.692
10,150,3,136.6,1433240.283
10,150,3,136.7,1887099.707
10,150,3,136.8,1672113.664
10,150,3,136.9,1528789.636
10,150,3,137,1552676.974
10,150,3,137.1,1719888.34
10,150,3,137.2,1839325.03
10,150,3,137.3,1743775.678
10,150,3,137.4,2078198.411
10,150,3,137.5,1672113.664
10,150,3,137.6,1934874.383
10,150,3,137.7,2125973.087
10,150,3,137.8,2125973.087
10,150,3,137.9,1982649.059
10,150,3,138,2197635.101
10,150,3,138.1,2197635.101
10,150,3,138.2,1672113.664
10,150,3,138.3,1719888.34
10,150,3,138.4,1982649.059
10,150,3,138.5,1504902.298
10,150,3,138.6,1767663.016
10,150,3,138.7,1719888.34
10,150,3,138.8,1767663.016
10,150,3,138.9,1481014.96
10,150,3,139,1648226.326
10,150,3,139.1,1624338.988
10,150,3,139.2,1504902.298
10,150,3,139.3,1672113.664
10,150,3,139.4,1552676.974
10,150,3,139.5,1313803.593
10,150,3,139.6,1815437.692
10,150,3,139.7,1696001.002
10,150,3,139.8,1839325.03
10,150,3,139.9,1600451.65
10,150,3,140,1863212.368
10,150,3,140.1,1910987.045
10,150,3,140.2,1696001.002
10,150,3,140.3,1098817.551
10,150,3,140.4,1624338.988
10,150,3,140.5,1504902.298
10,150,3,140.6,1672113.664
10,150,3,140.7,1337690.931
10,150,3,140.8,1552676.974
10,150,3,140.9,1887099.707
10,150,3,141,1481014.96
10,150,3,141.1,1552676.974
10,150,3,141.2,1385465.607
10,150,3,141.3,1624338.988
10,150,3,141.4,1337690.931
10,150,3,141.5,1576564.312
10,150,3,141.6,1385465.607
10,150,3,141.7,1839325.03
10,150,3,141.8,1385465.607
10,150,3,141.9,1218254.241
10,150,3,142,1457127.621
10,150,3,142.1,1433240.283
10,150,3,142.2,1552676.974
10,150,3,142.3,1719888.34
10,150,3,142.4,1600451.65
10,150,3,142.5,1194366.903
10,150,3,142.6,1504902.298
10,150,3,142.7,1337690.931
10,150,3,142.8,1218254.241
10,150,3,142.9,1552676.974
10,150,3,143,1409352.945
10,150,3,143.1,1098817.551
10,150,3,143.2,1481014.96
10,150,3,143.3,1266028.917
10,150,3,143.4,1481014.96
10,150,3,143.5,1361578.269
10,150,3,143.6,1313803.593
10,150,3,143.7,1170479.565
10,150,3,143.8,1672113.664
10,150,3,143.9,1170479.565
10,150,3,144,1027155.536
10,150,3,144.1,1337690.931
10,150,3,144.2,1361578.269
10,150,3,144.3,1170479.565
10,150,3,144.4,1098817.551
10,150,3,144.5,1170479.565
10,150,3,144.6,1361578.269
10,150,3,144.7,1242141.579
10,150,3,144.8,1122704.889
10,150,3,144.9,1361578.269
10,150,3,145,1146592.227
10,150,3,145.1,979380.8603
10,150,3,145.2,1242141.579
10,150,3,145.3,1170479.565
10,150,3,145.4,1266028.917
10,150,3,145.5,859944.1701
10,150,3,145.6,1218254.241
10,150,3,145.7,1074930.213
10,150,3,145.8,1146592.227
10,150,3,145.9,955493.5223
10,150,3,146,836056.832
10,150,3,146.1,955493.5223
10,150,3,146.2,1146592.227
10,150,3,146.3,955493.5223
10,150,3,146.4,812169.4939
10,150,3,146.5,740507.4798
10,150,3,146.6,1122704.889
10,150,3,146.7,668845.4656
10,150,3,146.8,740507.4798
10,150,3,146.9,955493.5223
10,150,3,147,836056.832
10,150,3,147.1,692732.8037
10,150,3,147.2,549408.7753
10,150,3,147.3,859944.1701
10,150,3,147.4,573296.1134
10,150,3,147.5,788282.1559
10,150,3,147.6,812169.4939
10,150,3,147.7,788282.1559
10,150,3,147.8,764394.8178
10,150,3,147.9,692732.8037
10,150,3,148,597183.4514
10,150,3,148.1,621070.7895
10,150,3,148.2,812169.4939
10,150,3,148.3,358310.0709
10,150,3,148.4,501634.0992
10,150,3,148.5,668845.4656
10,150,3,148.6,621070.7895
10,150,3,148.7,525521.4373
10,150,3,148.8,573296.1134
10,150,3,148.9,358310.0709
10,150,3,149,262760.7186
10,150,3,149.1,334422.7328
10,150,3,149.2,214986.0425
10,150,3,149.3,453859.4231
10,150,3,149.4,382197.4089
10,150,3,149.5,167211.3664
10,150,3,149.6,214986.0425
10,150,3,149.7,334422.7328
10,150,3,149.8,47774.67611
10,150,3,149.9,95549.35223
10,150,3,150,95549.35223
10,40,5,4.2,15141.32282
10,40,5,4.3,15141.32282
10,40,5,4.6,75706.6141
10,40,5,4.7,30282.64564
10,40,5,4.8,60565.29128
10,40,5,4.9,121130.5826
10,40,5,5,75706.6141
10,40,5,5.1,151413.2282
10,40,5,5.2,287685.1336
10,40,5,5.3,363391.7477
10,40,5,5.4,378533.0705
10,40,5,5.5,499663.6531
10,40,5,5.6,651076.8813
10,40,5,5.7,757066.141
10,40,5,5.8,847914.078
10,40,5,5.9,893338.0464
10,40,5,6,1529273.605
10,40,5,6.1,1665545.51
10,40,5,6.2,1756393.447
10,40,5,6.3,2089502.549
10,40,5,6.4,2407470.328
10,40,5,6.5,2362046.36
10,40,5,6.6,3527928.217
10,40,5,6.7,3573352.186
10,40,5,6.8,3361373.666
10,40,5,6.9,3709624.091
10,40,5,7,4693810.074
10,40,5,7.1,4784658.011
10,40,5,7.2,4936071.24
10,40,5,7.3,5269180.342
10,40,5,7.4,13748321.12
10,40,5,7.5,5572006.798
10,40,5,7.6,6813595.269
10,40,5,7.7,7479813.473
10,40,5,7.8,7767498.607
10,40,5,7.9,7888629.19
10,40,5,8,8236879.614
10,40,5,8.1,8675977.976
10,40,5,8.2,9084793.692
10,40,5,8.3,32992942.43
10,40,5,8.4,224000729.8
10,40,5,8.5,10038697.03
10,40,5,8.6,9645022.637
10,40,5,8.7,10280958.2
10,40,5,8.8,13869451.7
10,40,5,8.9,11204578.89
10,40,5,9,11477122.7
10,40,5,9.1,12309895.45
10,40,5,9.2,13415212.02
10,40,5,9.3,13248657.47
10,40,5,9.4,12385602.07
10,40,5,9.5,21924635.44
10,40,5,9.6,18230152.68
10,40,5,9.7,161754751.7
10,40,5,9.8,25255726.46
10,40,5,9.9,20758753.59
10,40,5,10,82580774.66
10,40,5,10.1,15625845.15
10,40,5,10.2,12264471.48
10,40,5,10.3,4315277.004
10,40,5,10.4,4678668.752
10,40,5,10.5,4814940.657
10,40,5,10.6,4754375.366
10,40,5,10.7,4996636.531
10,40,5,10.8,5254039.019
10,40,5,10.9,5541724.152
10,40,5,11,6207942.356
10,40,5,11.1,5753702.672
10,40,5,11.2,6783312.624
10,40,5,11.3,24044420.64
10,40,5,11.4,6435062.199
10,40,5,11.5,6737888.655
10,40,5,11.6,4784658.011
10,40,5,11.7,5738561.349
10,40,5,11.8,3982167.902
10,40,5,11.9,4224429.067
10,40,5,12,4663527.429
10,40,5,12.1,3891319.965
10,40,5,12.2,3543069.54
10,40,5,12.3,3815613.351
10,40,5,12.4,3876178.642
10,40,5,12.5,3967026.579
10,40,5,12.6,3951885.256
10,40,5,12.7,4073015.839
10,40,5,12.8,3891319.965
10,40,5,12.9,4360700.972
10,40,5,13,4360700.972
10,40,5,13.1,4390983.618
10,40,5,13.2,4724092.72
10,40,5,13.3,4678668.752
10,40,5,13.4,5223756.373
10,40,5,13.5,4875505.948
10,40,5,13.6,4845223.303
10,40,5,13.7,4951212.562
10,40,5,13.8,5163191.082
10,40,5,13.9,5708278.703
10,40,5,14,4966353.885
10,40,5,14.1,5617430.766
10,40,5,14.2,5723420.026
10,40,5,14.3,6162518.388
10,40,5,14.4,5178332.405
10,40,5,14.5,5753702.672
10,40,5,14.6,5859691.932
10,40,5,14.7,5950539.869
10,40,5,14.8,6843877.915
10,40,5,14.9,6329072.939
10,40,5,15,6389638.23
10,40,5,15.1,6692464.687
10,40,5,15.2,6662182.041
10,40,5,15.3,6934725.852
10,40,5,15.4,6722747.332
10,40,5,15.5,6995291.143
10,40,5,15.6,7025573.789
10,40,5,15.7,6934725.852
10,40,5,15.8,7101280.403
10,40,5,15.9,6298790.293
10,40,5,16,6525910.136
10,40,5,16.1,6737888.655
10,40,5,16.2,7010432.466
10,40,5,16.3,6586475.427
10,40,5,16.4,6404779.553
10,40,5,16.5,6965008.497
10,40,5,16.6,7192128.34
10,40,5,16.7,7494954.796
10,40,5,16.8,7873487.867
10,40,5,16.9,7237552.308
10,40,5,17,7994618.449
10,40,5,17.1,7494954.796
10,40,5,17.2,7267834.954
10,40,5,17.3,7161845.694
10,40,5,17.4,6980149.82
10,40,5,17.5,7722074.639
10,40,5,17.6,7737215.961
10,40,5,17.7,7343541.568
10,40,5,17.8,7222410.985
10,40,5,17.9,7691791.993
10,40,5,18,7873487.867
10,40,5,18.1,7600944.056
10,40,5,18.2,7585802.733
10,40,5,18.3,7479813.473
10,40,5,18.4,7979477.126
10,40,5,18.5,7494954.796
10,40,5,18.6,7858346.544
10,40,5,18.7,7737215.961
10,40,5,18.8,8191455.646
10,40,5,18.9,8040042.418
10,40,5,19,8221738.292
10,40,5,19.1,7873487.867
10,40,5,19.2,7752357.284
10,40,5,19.3,7782639.93
10,40,5,19.4,8040042.418
10,40,5,19.5,7661509.347
10,40,5,19.6,7661509.347
10,40,5,19.7,7812922.575
10,40,5,19.8,7388965.536
10,40,5,19.9,8100607.709
10,40,5,20,7752357.284
10,40,5,20.1,7616085.379
10,40,5,20.2,7949194.481
10,40,5,20.3,7888629.19
10,40,5,20.4,7979477.126
10,40,5,20.5,7964335.804
10,40,5,20.6,7479813.473
10,40,5,20.7,7343541.568
10,40,5,20.8,7434389.505
10,40,5,20.9,8176314.323
10,40,5,21,7858346.544
10,40,5,21.1,8055183.741
10,40,5,21.2,8070325.063
10,40,5,21.3,7328400.245
10,40,5,21.4,7055856.434
10,40,5,21.5,7479813.473
10,40,5,21.6,7525237.442
10,40,5,21.7,7752357.284
10,40,5,21.8,7388965.536
10,40,5,21.9,7161845.694
10,40,5,22,7949194.481
10,40,5,22.1,7373824.214
10,40,5,22.2,7585802.733
10,40,5,22.3,7146704.371
10,40,5,22.4,7237552.308
10,40,5,22.5,7797781.253
10,40,5,22.6,7449530.828
10,40,5,22.7,7737215.961
10,40,5,22.8,6828736.592
10,40,5,22.9,6798453.946
10,40,5,23,7570661.41
10,40,5,23.1,6768171.301
10,40,5,23.2,7994618.449
10,40,5,23.3,7070997.757
10,40,5,23.4,6995291.143
10,40,5,23.5,6904443.206
10,40,5,23.6,6722747.332
10,40,5,23.7,7252693.631
10,40,5,23.8,6813595.269
10,40,5,23.9,6707606.01
10,40,5,24,7388965.536
10,40,5,24.1,6813595.269
10,40,5,24.2,6631899.395
10,40,5,24.3,6389638.23
10,40,5,24.4,7070997.757
10,40,5,24.5,6177659.711
10,40,5,24.6,7282976.277
10,40,5,24.7,6480486.167
10,40,5,24.8,6949867.175
10,40,5,24.9,6904443.206
10,40,5,25,6238225.002
10,40,5,25.1,7025573.789
10,40,5,25.2,6692464.687
10,40,5,25.3,6571334.104
10,40,5,25.4,7267834.954
10,40,5,25.5,6132235.742
10,40,5,25.6,6465344.844
10,40,5,25.7,6737888.655
10,40,5,25.8,5905115.9
10,40,5,25.9,6192801.034
10,40,5,26,6011105.16
10,40,5,26.1,6268507.648
10,40,5,26.2,6253366.325
10,40,5,26.3,6268507.648
10,40,5,26.4,6435062.199
10,40,5,26.5,6344214.262
10,40,5,26.6,6177659.711
10,40,5,26.7,5905115.9
10,40,5,26.8,6344214.262
10,40,5,26.9,5511441.507
10,40,5,27,5814267.963
10,40,5,27.1,5496300.184
10,40,5,27.2,6177659.711
10,40,5,27.3,5602289.444
10,40,5,27.4,5874833.254
10,40,5,27.5,5238897.696
10,40,5,27.6,6207942.356
10,40,5,27.7,5496300.184
10,40,5,27.8,6132235.742
10,40,5,27.9,5360028.278
10,40,5,28,6011105.16
10,40,5,28.1,5496300.184
10,40,5,28.2,5163191.082
10,40,5,28.3,5420593.57
10,40,5,28.4,5057201.822
10,40,5,28.5,5375169.601
10,40,5,28.6,5420593.57
10,40,5,28.7,5254039.019
10,40,5,28.8,5238897.696
10,40,5,28.9,5420593.57
10,40,5,29,6011105.16
10,40,5,29.1,5269180.342
10,40,5,29.2,5617430.766
10,40,5,29.3,5057201.822
10,40,5,29.4,4633244.783
10,40,5,29.5,4769516.688
10,40,5,29.6,5344886.956
10,40,5,29.7,4451548.909
10,40,5,29.8,5163191.082
10,40,5,29.9,4451548.909
10,40,5,30,4542396.846
10,40,5,30.1,4920929.917
10,40,5,30.2,4708951.397
10,40,5,30.3,5072343.145
10,40,5,30.4,4663527.429
10,40,5,30.5,4769516.688
10,40,5,30.6,4860364.625
10,40,5,30.7,4648386.106
10,40,5,30.8,4390983.618
10,40,5,30.9,4814940.657
10,40,5,31,4330418.327
10,40,5,31.1,4784658.011
10,40,5,31.2,4088157.162
10,40,5,31.3,4148722.453
10,40,5,31.4,4300135.681
10,40,5,31.5,4148722.453
10,40,5,31.6,4360700.972
10,40,5,31.7,4073015.839
10,40,5,31.8,4224429.067
10,40,5,31.9,3951885.256
10,40,5,32,3951885.256
10,40,5,32.1,4254711.713
10,40,5,32.2,4163863.776
10,40,5,32.3,3603634.831
10,40,5,32.4,3906461.288
10,40,5,32.5,3861037.319
10,40,5,32.6,3800472.028
10,40,5,32.7,3346232.343
10,40,5,32.8,3876178.642
10,40,5,32.9,3967026.579
10,40,5,33,3770189.382
10,40,5,33.1,3209960.438
10,40,5,33.2,3467362.926
10,40,5,33.3,3300808.375
10,40,5,33.4,3391656.312
10,40,5,33.5,3270525.729
10,40,5,33.6,3633917.477
10,40,5,33.7,3149395.147
10,40,5,33.8,3331091.021
10,40,5,33.9,3467362.926
10,40,5,34,3709624.091
10,40,5,34.1,3376514.989
10,40,5,34.2,3285667.052
10,40,5,34.3,3255384.406
10,40,5,34.4,2891992.659
10,40,5,34.5,2801144.722
10,40,5,34.6,2695155.462
10,40,5,34.7,2937416.627
10,40,5,34.8,3028264.564
10,40,5,34.9,2619448.848
10,40,5,35,3194819.115
10,40,5,35.1,2755720.753
10,40,5,35.2,2922275.304
10,40,5,35.3,2407470.328
10,40,5,35.4,2619448.848
10,40,5,35.5,2786003.399
10,40,5,35.6,2498318.265
10,40,5,35.7,2997981.918
10,40,5,35.8,2558883.557
10,40,5,35.9,2574024.88
10,40,5,36,2362046.36
10,40,5,36.1,2634590.171
10,40,5,36.2,2407470.328
10,40,5,36.3,2392329.006
10,40,5,36.4,2044078.581
10,40,5,36.5,2286339.746
10,40,5,36.6,2422611.651
10,40,5,36.7,2165209.163
10,40,5,36.8,2150067.841
10,40,5,36.9,1968371.967
10,40,5,37,2028937.258
10,40,5,37.1,2362046.36
10,40,5,37.2,1832100.061
10,40,5,37.3,1514132.282
10,40,5,37.4,1953230.644
10,40,5,37.5,1786676.093
10,40,5,37.6,2089502.549
10,40,5,37.7,1892665.353
10,40,5,37.8,1665545.51
10,40,5,37.9,1710969.479
10,40,5,38,1408143.022
10,40,5,38.1,1574697.573
10,40,5,38.2,1377860.377
10,40,5,38.3,1241588.471
10,40,5,38.4,1408143.022
10,40,5,38.5,1317295.085
10,40,5,38.6,1468708.314
10,40,5,38.7,1362719.054
10,40,5,38.8,1120457.889
10,40,5,38.9,1135599.212
10,40,5,39,863055.4008
10,40,5,39.1,817631.4323
10,40,5,39.2,757066.141
10,40,5,39.3,1014468.629
10,40,5,39.4,802490.1095
10,40,5,39.5,787348.7867
10,40,5,39.6,681359.5269
10,40,5,39.7,560228.9444
10,40,5,39.8,469381.0074
10,40,5,39.9,302826.4564
10,40,5,40,105989.2597
10,80,5,3.6,20595.77573
10,80,5,3.7,20595.77573
10,80,5,3.9,123574.6544
10,80,5,4,185361.9815
10,80,5,4.1,226553.533
10,80,5,4.2,144170.4301
10,80,5,4.3,267745.0844
10,80,5,4.4,494298.6174
10,80,5,4.5,576681.7203
10,80,5,4.6,597277.4961
10,80,5,4.7,947405.6834
10,80,5,4.8,1441704.301
10,80,5,4.9,1194554.992
10,80,5,5,1894811.367
10,80,5,5.1,2038981.797
10,80,5,5.2,2615663.517
10,80,5,5.3,2759833.947
10,80,5,5.4,3686643.855
10,80,5,5.5,3974984.715
10,80,5,5.6,5128348.156
10,80,5,5.7,5478476.343
10,80,5,5.8,6178732.718
10,80,5,5.9,6673031.335
10,80,5,6,7641032.795
10,80,5,6.1,8629630.029
10,80,5,6.2,9165120.198
10,80,5,6.3,10091930.11
10,80,5,6.4,11059931.57
10,80,5,6.5,11430655.53
10,80,5,6.6,12748785.17
10,80,5,6.7,13407850
10,80,5,6.8,15652789.55
10,80,5,6.9,14952533.18
10,80,5,7,15488023.35
10,80,5,7.1,17815346
10,80,5,7.2,18597985.48
10,80,5,7.3,19565986.94
10,80,5,7.4,61643156.75
10,80,5,7.5,21769734.94
10,80,5,7.6,22964289.94
10,80,5,7.7,25106250.61
10,80,5,7.8,25600549.23
10,80,5,7.9,26692125.34
10,80,5,8,27577743.7
10,80,5,8.1,29246001.53
10,80,5,8.2,28957660.67
10,80,5,8.3,141863703.2
10,80,5,8.4,1054277164
10,80,5,8.5,31017238.24
10,80,5,8.6,31923452.38
10,80,5,8.7,32767879.18
10,80,5,8.8,48049944.77
10,80,5,8.9,33674093.31
10,80,5,9,36392735.71
10,80,5,9.1,36784055.45
10,80,5,9.2,35362946.92
10,80,5,9.3,38637675.26
10,80,5,9.4,38575887.94
10,80,5,9.5,82259528.25
10,80,5,9.6,59521791.85
10,80,5,9.7,726021690.1
10,80,5,9.8,97644572.72
10,80,5,9.9,74206579.94
10,80,5,10,329326453.9
10,80,5,10.1,45743217.89
10,80,5,10.2,43230533.25
10,80,5,10.3,18000707.98
10,80,5,10.4,17218068.51
10,80,5,10.5,18186069.97
10,80,5,10.6,17629984.02
10,80,5,10.7,19112879.87
10,80,5,10.8,19154071.43
10,80,5,10.9,20142668.66
10,80,5,11,22016884.25
10,80,5,11.1,20389817.97
10,80,5,11.2,21399010.98
10,80,5,11.3,104276412.5
10,80,5,11.4,23087864.59
10,80,5,11.5,22243437.78
10,80,5,11.6,22593565.97
10,80,5,11.7,23149651.92
10,80,5,11.8,16661982.56
10,80,5,11.9,15220278.26
10,80,5,12,18700964.36
10,80,5,12.1,16167683.95
10,80,5,12.2,14478830.34
10,80,5,12.3,14705383.87
10,80,5,12.4,14993724.73
10,80,5,12.5,15591002.22
10,80,5,12.6,15693981.1
10,80,5,12.7,15652789.55
10,80,5,12.8,15405640.24
10,80,5,12.9,16641386.79
10,80,5,13,17629984.02
10,80,5,13.1,15817555.76
10,80,5,13.2,18165474.19
10,80,5,13.3,17300451.61
10,80,5,13.4,19009901
10,80,5,13.5,19133475.65
10,80,5,13.6,18103686.86
10,80,5,13.7,17938920.66
10,80,5,13.8,18803943.24
10,80,5,13.9,19771944.7
10,80,5,14,19009901
10,80,5,14.1,19607178.49
10,80,5,14.2,19401220.73
10,80,5,14.3,19133475.65
10,80,5,14.4,20760541.93
10,80,5,14.5,20678158.83
10,80,5,14.6,20060285.56
10,80,5,14.7,21481394.08
10,80,5,14.8,21357819.43
10,80,5,14.9,19277646.08
10,80,5,15,20328030.64
10,80,5,15.1,20636967.28
10,80,5,15.2,21048882.79
10,80,5,15.3,21563777.19
10,80,5,15.4,21996288.48
10,80,5,15.5,22758332.18
10,80,5,15.6,22037480.03
10,80,5,15.7,21604968.74
10,80,5,15.8,21460798.31
10,80,5,15.9,22655353.3
10,80,5,16,21707947.62
10,80,5,16.1,22655353.3
10,80,5,16.2,24261823.81
10,80,5,16.3,23129056.14
10,80,5,16.4,23479184.33
10,80,5,16.5,22799523.73
10,80,5,16.6,23726333.64
10,80,5,16.7,23458588.55
10,80,5,16.8,23252630.8
10,80,5,16.9,23273226.57
10,80,5,17,24220632.25
10,80,5,17.1,23129056.14
10,80,5,17.2,23808716.74
10,80,5,17.3,22820119.5
10,80,5,17.4,23932291.39
10,80,5,17.5,22964289.94
10,80,5,17.6,23458588.55
10,80,5,17.7,23067268.81
10,80,5,17.8,24962080.18
10,80,5,17.9,23417397
10,80,5,18,23788120.96
10,80,5,18.1,24220632.25
10,80,5,18.2,24323611.13
10,80,5,18.3,24035270.27
10,80,5,18.4,24941484.4
10,80,5,18.5,23520375.88
10,80,5,18.6,22861311.06
10,80,5,18.7,24447185.79
10,80,5,18.8,24303015.36
10,80,5,18.9,24014674.5
10,80,5,19,24756122.42
10,80,5,19.1,24282419.58
10,80,5,19.2,24447185.79
10,80,5,19.3,24035270.27
10,80,5,19.4,24282419.58
10,80,5,19.5,23479184.33
10,80,5,19.6,23067268.81
10,80,5,19.7,24220632.25
10,80,5,19.8,24673739.32
10,80,5,19.9,24488377.34
10,80,5,20,24261823.81
10,80,5,20.1,24364802.68
10,80,5,20.2,23870504.07
10,80,5,20.3,25044463.28
10,80,5,20.4,22655353.3
10,80,5,20.5,23726333.64
10,80,5,20.6,24014674.5
10,80,5,20.7,24653143.54
10,80,5,20.8,25538761.9
10,80,5,20.9,23849908.29
10,80,5,21,23911695.62
10,80,5,21.1,23870504.07
10,80,5,21.2,24261823.81
10,80,5,21.3,24035270.27
10,80,5,21.4,23005481.49
10,80,5,21.5,22840715.28
10,80,5,21.6,24591356.22
10,80,5,21.7,23891099.84
10,80,5,21.8,23005481.49
10,80,5,21.9,23335013.9
10,80,5,22,22655353.3
10,80,5,22.1,22408203.99
10,80,5,22.2,23335013.9
10,80,5,22.3,24097057.6
10,80,5,22.4,22964289.94
10,80,5,22.5,23273226.57
10,80,5,22.6,24282419.58
10,80,5,22.7,22511182.87
10,80,5,22.8,22964289.94
10,80,5,22.9,21316627.88
10,80,5,23,23355609.67
10,80,5,23.1,24097057.6
10,80,5,23.2,23232035.02
10,80,5,23.3,22614161.75
10,80,5,23.4,22696544.85
10,80,5,23.5,22902502.61
10,80,5,23.6,22490587.09
10,80,5,23.7,21563777.19
10,80,5,23.8,22058075.8
10,80,5,23.9,21996288.48
10,80,5,24,22099267.35
10,80,5,24.1,22367012.44
10,80,5,24.2,21625564.51
10,80,5,24.3,23788120.96
10,80,5,24.4,22593565.97
10,80,5,24.5,22387608.21
10,80,5,24.6,21893309.6
10,80,5,24.7,22778927.95
10,80,5,24.8,21975692.7
10,80,5,24.9,22119863.13
10,80,5,25,21852118.05
10,80,5,25.1,21028287.02
10,80,5,25.2,21296032.1
10,80,5,25.3,21913905.37
10,80,5,25.4,22243437.78
10,80,5,25.5,20904712.36
10,80,5,25.6,21399010.98
10,80,5,25.7,21707947.62
10,80,5,25.8,20739946.16
10,80,5,25.9,20801733.48
10,80,5,26,20204455.99
10,80,5,26.1,21069478.57
10,80,5,26.2,21048882.79
10,80,5,26.3,21172457.45
10,80,5,26.4,20945903.91
10,80,5,26.5,22119863.13
10,80,5,26.6,20266243.31
10,80,5,26.7,20595775.73
10,80,5,26.8,19710157.37
10,80,5,26.9,20163264.44
10,80,5,27,20863520.81
10,80,5,27.1,19874923.58
10,80,5,27.2,19936710.9
10,80,5,27.3,19380624.96
10,80,5,27.4,21110670.12
10,80,5,27.5,20122072.88
10,80,5,27.6,20307434.87
10,80,5,27.7,20060285.56
10,80,5,27.8,21234244.77
10,80,5,27.9,19730753.15
10,80,5,28,20307434.87
10,80,5,28.1,19916115.13
10,80,5,28.2,19318837.63
10,80,5,28.3,20019094.01
10,80,5,28.4,20987095.47
10,80,5,28.5,19030496.77
10,80,5,28.6,19092284.1
10,80,5,28.7,18680368.58
10,80,5,28.8,18412623.5
10,80,5,28.9,19565986.94
10,80,5,29,19730753.15
10,80,5,29.1,19421816.51
10,80,5,29.2,19936710.9
10,80,5,29.3,19257050.3
10,80,5,29.4,19112879.87
10,80,5,29.5,18639177.03
10,80,5,29.6,18433219.28
10,80,5,29.7,18577389.71
10,80,5,29.8,18659772.81
10,80,5,29.9,17362238.94
10,80,5,30,18392027.72
10,80,5,30.1,17176876.96
10,80,5,30.2,18309644.62
10,80,5,30.3,17609388.25
10,80,5,30.4,17712367.12
10,80,5,30.5,16970919.2
10,80,5,30.6,17341643.16
10,80,5,30.7,16991514.97
10,80,5,30.8,17959516.43
10,80,5,30.9,17073898.08
10,80,5,31,16806152.99
10,80,5,31.1,16950323.42
10,80,5,31.2,16950323.42
10,80,5,31.3,17794750.23
10,80,5,31.4,17629984.02
10,80,5,31.5,16867940.32
10,80,5,31.6,16929727.65
10,80,5,31.7,17094493.85
10,80,5,31.8,16806152.99
10,80,5,31.9,17424026.26
10,80,5,32,17712367.12
10,80,5,32.1,16332450.15
10,80,5,32.2,16188279.72
10,80,5,32.3,16353045.93
10,80,5,32.4,16229471.27
10,80,5,32.5,16806152.99
10,80,5,32.6,17053302.3
10,80,5,32.7,15735172.66
10,80,5,32.8,15982321.96
10,80,5,32.9,16188279.72
10,80,5,33,16311854.38
10,80,5,33.1,15920534.64
10,80,5,33.2,15323257.14
10,80,5,33.3,15735172.66
10,80,5,33.4,15755768.43
10,80,5,33.5,15879343.09
10,80,5,33.6,15158490.93
10,80,5,33.7,16311854.38
10,80,5,33.8,15343852.92
10,80,5,33.9,14746575.42
10,80,5,34,15282065.59
10,80,5,34.1,15652789.55
10,80,5,34.2,15941130.41
10,80,5,34.3,15220278.26
10,80,5,34.4,15323257.14
10,80,5,34.5,15982321.96
10,80,5,34.6,15076107.83
10,80,5,34.7,15570406.45
10,80,5,34.8,15405640.24
10,80,5,34.9,14375851.46
10,80,5,35,14849554.3
10,80,5,35.1,14478830.34
10,80,5,35.2,14520021.89
10,80,5,35.3,14890745.85
10,80,5,35.4,13902148.62
10,80,5,35.5,13634403.53
10,80,5,35.6,14767171.2
10,80,5,35.7,14437638.78
10,80,5,35.8,14169893.7
10,80,5,35.9,13819765.51
10,80,5,36,13593211.98
10,80,5,36.1,14602404.99
10,80,5,36.2,14870150.07
10,80,5,36.3,14870150.07
10,80,5,36.4,13613807.76
10,80,5,36.5,13140104.91
10,80,5,36.6,14169893.7
10,80,5,36.7,13881552.84
10,80,5,36.8,13634403.53
10,80,5,36.9,14108106.37
10,80,5,37,15117299.38
10,80,5,37.1,14890745.85
10,80,5,37.2,13737382.41
10,80,5,37.3,13407850
10,80,5,37.4,14561213.44
10,80,5,37.5,13984531.72
10,80,5,37.6,13304871.12
10,80,5,37.7,13325466.9
10,80,5,37.8,12810572.5
10,80,5,37.9,13078317.59
10,80,5,38,13346062.67
10,80,5,38.1,12831168.28
10,80,5,38.2,12275082.33
10,80,5,38.3,13201892.24
10,80,5,38.4,12975338.71
10,80,5,38.5,13119509.14
10,80,5,38.6,13366658.45
10,80,5,38.7,13325466.9
10,80,5,38.8,12522231.64
10,80,5,38.9,12542827.42
10,80,5,39,12398656.99
10,80,5,39.1,12686997.85
10,80,5,39.2,12913551.38
10,80,5,39.3,12254486.56
10,80,5,39.4,11718996.39
10,80,5,39.5,12481040.09
10,80,5,39.6,12645806.3
10,80,5,39.7,12357465.44
10,80,5,39.8,12357465.44
10,80,5,39.9,12542827.42
10,80,5,40,12172103.45
10,80,5,40.1,12563423.19
10,80,5,40.2,11883762.59
10,80,5,40.3,12542827.42
10,80,5,40.4,13799169.74
10,80,5,40.5,12151507.68
10,80,5,40.6,12604614.74
10,80,5,40.7,11327676.65
10,80,5,40.8,12275082.33
10,80,5,40.9,11718996.39
10,80,5,41,12316273.88
10,80,5,41.1,11204102
10,80,5,41.2,11698400.61
10,80,5,41.3,12666402.07
10,80,5,41.4,11513038.63
10,80,5,41.5,11368868.2
10,80,5,41.6,11368868.2
10,80,5,41.7,12769380.95
10,80,5,41.8,11636613.29
10,80,5,41.9,10668611.83
10,80,5,42,10606824.5
10,80,5,42.1,10380270.97
10,80,5,42.2,11162910.44
10,80,5,42.3,11471847.08
10,80,5,42.4,11513038.63
10,80,5,42.5,11533634.41
10,80,5,42.6,11430655.53
10,80,5,42.7,11121718.89
10,80,5,42.8,11183506.22
10,80,5,42.9,10936356.91
10,80,5,43,10956952.69
10,80,5,43.1,10977548.46
10,80,5,43.2,11142314.67
10,80,5,43.3,10730399.15
10,80,5,43.4,10792186.48
10,80,5,43.5,10565632.95
10,80,5,43.6,10421462.52
10,80,5,43.7,11368868.2
10,80,5,43.8,10462654.07
10,80,5,43.9,10503845.62
10,80,5,44,10030142.78
10,80,5,44.1,10730399.15
10,80,5,44.2,9700610.367
10,80,5,44.3,10545037.17
10,80,5,44.4,10400866.74
10,80,5,44.5,10050738.55
10,80,5,44.6,10236100.54
10,80,5,44.7,10050738.55
10,80,5,44.8,9721206.143
10,80,5,44.9,9762397.694
10,80,5,45,9988951.227
10,80,5,45.1,9226907.525
10,80,5,45.2,9865376.573
10,80,5,45.3,9741801.919
10,80,5,45.4,10339079.41
10,80,5,45.5,9803589.246
10,80,5,45.6,10442058.29
10,80,5,45.7,9762397.694
10,80,5,45.8,10421462.52
10,80,5,45.9,9927163.9
10,80,5,46,9721206.143
10,80,5,46.1,9762397.694
10,80,5,46.2,9082737.095
10,80,5,46.3,9371077.956
10,80,5,46.4,8423672.272
10,80,5,46.5,9597631.489
10,80,5,46.6,8794396.235
10,80,5,46.7,8712013.132
10,80,5,46.8,9927163.9
10,80,5,46.9,9741801.919
10,80,5,47,8979758.217
10,80,5,47.1,9577035.713
10,80,5,47.2,9020949.768
10,80,5,47.3,8712013.132
10,80,5,47.4,9144524.423
10,80,5,47.5,8876779.338
10,80,5,47.6,8300097.618
10,80,5,47.7,8506055.375
10,80,5,47.8,8773800.459
10,80,5,47.9,8650225.805
10,80,5,48,8526651.151
10,80,5,48.1,8979758.217
10,80,5,48.2,9206311.75
10,80,5,48.3,8567842.702
10,80,5,48.4,8526651.151
10,80,5,48.5,8609034.254
10,80,5,48.6,8567842.702
10,80,5,48.7,8629630.029
10,80,5,48.8,8320693.393
10,80,5,48.9,8073544.085
10,80,5,49,8650225.805
10,80,5,49.1,8403076.496
10,80,5,49.2,8794396.235
10,80,5,49.3,8773800.459
10,80,5,49.4,7888182.103
10,80,5,49.5,8567842.702
10,80,5,49.6,8320693.393
10,80,5,49.7,8423672.272
10,80,5,49.8,8732608.908
10,80,5,49.9,8217714.515
10,80,5,50,7970565.206
10,80,5,50.1,7991160.982
10,80,5,50.2,7538053.916
10,80,5,50.3,7867586.328
10,80,5,50.4,8135331.412
10,80,5,50.5,7641032.795
10,80,5,50.6,8547246.926
10,80,5,50.7,7455670.813
10,80,5,50.8,7435075.037
10,80,5,50.9,7455670.813
10,80,5,51,8258906.066
10,80,5,51.1,7785203.225
10,80,5,51.2,8361884.945
10,80,5,51.3,7805799
10,80,5,51.4,7249713.056
10,80,5,51.5,7311500.383
10,80,5,51.6,7702820.122
10,80,5,51.7,7744011.673
10,80,5,51.8,6837797.541
10,80,5,51.9,7146734.177
10,80,5,52,8300097.618
10,80,5,52.1,8032352.533
10,80,5,52.2,7826394.776
10,80,5,52.3,7084946.85
10,80,5,52.4,7496862.364
10,80,5,52.5,7414479.262
10,80,5,52.6,7496862.364
10,80,5,52.7,7167329.953
10,80,5,52.8,7167329.953
10,80,5,52.9,7599841.243
10,80,5,53,7476266.589
10,80,5,53.1,6322903.148
10,80,5,53.2,7208521.504
10,80,5,53.3,7435075.037
10,80,5,53.4,7249713.056
10,80,5,53.5,7229117.28
10,80,5,53.6,6508265.13
10,80,5,53.7,7805799
10,80,5,53.8,6837797.541
10,80,5,53.9,6734818.663
10,80,5,54,7393883.486
10,80,5,54.1,6384690.475
10,80,5,54.2,7064351.074
10,80,5,54.3,7332096.159
10,80,5,54.4,6590648.232
10,80,5,54.5,6281711.597
10,80,5,54.6,7084946.85
10,80,5,54.7,6405286.251
10,80,5,54.8,6384690.475
10,80,5,54.9,5931583.409
10,80,5,55,6261115.821
10,80,5,55.1,6570052.457
10,80,5,55.2,6878989.093
10,80,5,55.3,6920180.644
10,80,5,55.4,6611244.008
10,80,5,55.5,6343498.924
10,80,5,55.6,6714222.887
10,80,5,55.7,6570052.457
10,80,5,55.8,5787412.979
10,80,5,55.9,6322903.148
10,80,5,56,6281711.597
10,80,5,56.1,5890391.858
10,80,5,56.2,5766817.203
10,80,5,56.3,5540263.67
10,80,5,56.4,6013966.512
10,80,5,56.5,6055158.064
10,80,5,56.6,5725625.652
10,80,5,56.7,6137541.166
10,80,5,56.8,6158136.942
10,80,5,56.9,6158136.942
10,80,5,57,4881198.847
10,80,5,57.1,6096349.615
10,80,5,57.2,5684434.101
10,80,5,57.3,5560859.446
10,80,5,57.4,5766817.203
10,80,5,57.5,6013966.512
10,80,5,57.6,6013966.512
10,80,5,57.7,5190135.483
10,80,5,57.8,5725625.652
10,80,5,57.9,5993370.736
10,80,5,58,6116945.391
10,80,5,58.1,11780783.72
10,80,5,58.2,5663838.325
10,80,5,58.3,5416689.016
10,80,5,58.4,5457880.568
10,80,5,58.5,5643242.549
10,80,5,58.6,4613453.763
10,80,5,58.7,5334305.913
10,80,5,58.8,5725625.652
10,80,5,58.9,5231327.035
10,80,5,59,5251922.81
10,80,5,59.1,5066560.829
10,80,5,59.2,5231327.035
10,80,5,59.3,5087156.604
10,80,5,59.4,5499072.119
10,80,5,59.5,17279855.83
10,80,5,59.6,5087156.604
10,80,5,59.7,4860603.071
10,80,5,59.8,5643242.549
10,80,5,59.9,5457880.568
10,80,5,60,5581455.222
10,80,5,60.1,4963581.95
10,80,5,60.2,4778219.969
10,80,5,60.3,5148943.932
10,80,5,60.4,4613453.763
10,80,5,60.5,5313710.137
10,80,5,60.6,4345708.678
10,80,5,60.7,5334305.913
10,80,5,60.8,5622646.773
10,80,5,60.9,4881198.847
10,80,5,61,4572262.211
10,80,5,61.1,4592857.987
10,80,5,61.2,4922390.399
10,80,5,61.3,5210731.259
10,80,5,61.4,5354901.689
10,80,5,61.5,4757624.193
10,80,5,61.6,4778219.969
10,80,5,61.7,5808008.755
10,80,5,61.8,5251922.81
10,80,5,61.9,4489879.108
10,80,5,62,5004773.502
10,80,5,62.1,4263325.575
10,80,5,62.2,5087156.604
10,80,5,62.3,4757624.193
10,80,5,62.4,4798815.744
10,80,5,62.5,4201538.248
10,80,5,62.6,4139750.921
10,80,5,62.7,4448687.557
10,80,5,62.8,4922390.399
10,80,5,62.9,4201538.248
10,80,5,63,4222134.024
10,80,5,63.1,4592857.987
10,80,5,63.2,4634049.538
10,80,5,63.3,4737028.417
10,80,5,63.4,4860603.071
10,80,5,63.5,4283921.351
10,80,5,63.6,4077963.594
10,80,5,63.7,3789622.734
10,80,5,63.8,4139750.921
10,80,5,63.9,4778219.969
10,80,5,64,4098559.37
10,80,5,64.1,3872005.837
10,80,5,64.2,3892601.612
10,80,5,64.3,3624856.528
10,80,5,64.4,4778219.969
10,80,5,64.5,4016176.267
10,80,5,64.6,3789622.734
10,80,5,64.7,4098559.37
10,80,5,64.8,3954388.939
10,80,5,64.9,4160346.697
10,80,5,65,4613453.763
10,80,5,65.1,3851410.061
10,80,5,65.2,4283921.351
10,80,5,65.3,3542473.425
10,80,5,65.4,4160346.697
10,80,5,65.5,3933793.164
10,80,5,65.6,3583664.976
10,80,5,65.7,3810218.509
10,80,5,65.8,4325112.903
10,80,5,65.9,3542473.425
10,80,5,66,3521877.649
10,80,5,66.1,3686643.855
10,80,5,66.2,3933793.164
10,80,5,66.3,4098559.37
10,80,5,66.4,3810218.509
10,80,5,66.5,4057367.818
10,80,5,66.6,3727835.406
10,80,5,66.7,3563069.201
10,80,5,66.8,3563069.201
10,80,5,66.9,4119155.145
10,80,5,67,3583664.976
10,80,5,67.1,4963581.95
10,80,5,67.2,3377707.219
10,80,5,67.3,3192345.238
10,80,5,67.4,5622646.773
10,80,5,67.5,3892601.612
10,80,5,67.6,3686643.855
10,80,5,67.7,3130557.91
10,80,5,67.8,3521877.649
10,80,5,67.9,3398302.995
10,80,5,68,3480686.098
10,80,5,68.1,3624856.528
10,80,5,68.2,3151153.686
10,80,5,68.3,3418898.771
10,80,5,68.4,3336515.668
10,80,5,68.5,3295324.116
10,80,5,68.6,3109962.135
10,80,5,68.7,3171749.462
10,80,5,68.8,3789622.734
10,80,5,68.9,2801025.499
10,80,5,69,2821621.275
10,80,5,69.1,3645452.304
10,80,5,69.2,3769026.958
10,80,5,69.3,3830814.285
10,80,5,69.4,2842217.05
10,80,5,69.5,3212941.013
10,80,5,69.6,3027579.032
10,80,5,69.7,2965791.705
10,80,5,69.8,2780429.723
10,80,5,69.9,2203748.003
10,80,5,70,2306726.881
10,80,5,70.1,2656855.069
10,80,5,70.2,2739238.172
10,80,5,70.3,2553876.19
10,80,5,70.4,2615663.517
10,80,5,70.5,2636259.293
10,80,5,70.6,3027579.032
10,80,5,70.7,2821621.275
10,80,5,70.8,2718642.396
10,80,5,70.9,2368514.209
10,80,5,71,2450897.311
10,80,5,71.1,2141960.676
10,80,5,71.2,2595067.742
10,80,5,71.3,2450897.311
10,80,5,71.4,2450897.311
10,80,5,71.5,2430301.536
10,80,5,71.6,2018386.021
10,80,5,71.7,2471493.087
10,80,5,71.8,2471493.087
10,80,5,71.9,2368514.209
10,80,5,72,2389109.984
10,80,5,72.1,2574471.966
10,80,5,72.2,2244939.554
10,80,5,72.3,2244939.554
10,80,5,72.4,2038981.797
10,80,5,72.5,2368514.209
10,80,5,72.6,2224343.778
10,80,5,72.7,2306726.881
10,80,5,72.8,2265535.33
10,80,5,72.9,2265535.33
10,80,5,73,1791832.488
10,80,5,73.1,2162556.451
10,80,5,73.2,2141960.676
10,80,5,73.3,2018386.021
10,80,5,73.4,2224343.778
10,80,5,73.5,1812428.264
10,80,5,73.6,1936002.918
10,80,5,73.7,2038981.797
10,80,5,73.8,2059577.573
10,80,5,73.9,1791832.488
10,80,5,74,2183152.227
10,80,5,74.1,2347918.433
10,80,5,74.2,1647662.058
10,80,5,74.3,1894811.367
10,80,5,74.4,1668257.834
10,80,5,74.5,1833024.04
10,80,5,74.6,1668257.834
10,80,5,74.7,1853619.815
10,80,5,74.8,1956598.694
10,80,5,74.9,1421108.525
10,80,5,75,1565278.955
10,80,5,75.1,1915407.143
10,80,5,75.2,1833024.04
10,80,5,75.3,1688853.61
10,80,5,75.4,1565278.955
10,80,5,75.5,1791832.488
10,80,5,75.6,1482895.852
10,80,5,75.7,1256342.319
10,80,5,75.8,1544683.179
10,80,5,75.9,1215150.768
10,80,5,76,1524087.404
10,80,5,76.1,1709449.385
10,80,5,76.2,1585874.731
10,80,5,76.3,1462300.077
10,80,5,76.4,1276938.095
10,80,5,76.5,1132767.665
10,80,5,76.6,1359321.198
10,80,5,76.7,1215150.768
10,80,5,76.8,1462300.077
10,80,5,76.9,1524087.404
10,80,5,77,1029788.786
10,80,5,77.1,1235746.544
10,80,5,77.2,1441704.301
10,80,5,77.3,1153363.441
10,80,5,77.4,1194554.992
10,80,5,77.5,926809.9077
10,80,5,77.6,1112171.889
10,80,5,77.7,1091576.114
10,80,5,77.8,988597.2349
10,80,5,77.9,865022.5805
10,80,5,78,1091576.114
10,80,5,78.1,885618.3562
10,80,5,78.2,1050384.562
10,80,5,78.3,885618.3562
10,80,5,78.4,1029788.786
10,80,5,78.5,885618.3562
10,80,5,78.6,741447.9262
10,80,5,78.7,865022.5805
10,80,5,78.8,782639.4776
10,80,5,78.9,597277.4961
10,80,5,79,885618.3562
10,80,5,79.1,535490.1689
10,80,5,79.2,514894.3932
10,80,5,79.3,411915.5145
10,80,5,79.4,411915.5145
10,80,5,79.5,432511.2903
10,80,5,79.6,350128.1873
10,80,5,79.7,350128.1873
10,80,5,79.8,329532.4116
10,80,5,79.9,329532.4116
10,80,5,80,61787.32718
10,150,5,2.9,52313.27035
10,150,5,3.1,52313.27035
10,150,5,3.2,78469.90552
10,150,5,3.3,78469.90552
10,150,5,3.4,287722.9869
10,150,5,3.5,340036.2572
10,150,5,3.6,444662.7979
10,150,5,3.7,653915.8793
10,150,5,3.8,1333988.394
10,150,5,3.9,1517084.84
10,150,5,4,1674024.651
10,150,5,4.1,2171000.719
10,150,5,4.2,3348049.302
10,150,5,4.3,3714242.195
10,150,5,4.4,4472784.615
10,150,5,4.5,4734350.966
10,150,5,4.6,6329905.712
10,150,5,4.7,6905351.686
10,150,5,4.8,8631689.607
10,150,5,4.9,8814786.053
10,150,5,5,9991834.636
10,150,5,5.1,11744329.19
10,150,5,5.2,12659811.42
10,150,5,5.3,13026004.32
10,150,5,5.4,15327788.21
10,150,5,5.5,15589354.56
10,150,5,5.6,18675837.51
10,150,5,5.7,20088295.81
10,150,5,5.8,21317657.67
10,150,5,5.9,22337766.44
10,150,5,6,23410188.48
10,150,5,6.1,25267309.58
10,150,5,6.2,27830659.82
10,150,5,6.3,30524793.25
10,150,5,6.4,31335648.94
10,150,5,6.5,31727998.46
10,150,5,6.6,34919107.96
10,150,5,6.7,35599180.47
10,150,5,6.8,38267157.26
10,150,5,6.9,40202748.26
10,150,5,7,40647411.06
10,150,5,7.1,42896881.68
10,150,5,7.2,46611123.88
10,150,5,7.3,44623219.6
10,150,5,7.4,142893697.9
10,150,5,7.5,47814329.1
10,150,5,7.6,51528571.29
10,150,5,7.7,49906859.91
10,150,5,7.8,54405801.16
10,150,5,7.9,52757933.14
10,150,5,8,54170391.44
10,150,5,8.1,54955090.5
10,150,5,8.2,57701537.19
10,150,5,8.3,305744908.5
10,150,5,8.4,2245965636
10,150,5,8.5,61808128.91
10,150,5,8.6,62095851.9
10,150,5,8.7,62383574.89
10,150,5,8.8,95942537.81
10,150,5,8.9,63952973
10,150,5,9,62985177.5
10,150,5,9.1,67876468.27
10,150,5,9.2,66594793.15
10,150,5,9.3,66934829.41
10,150,5,9.4,69655119.46
10,150,5,9.5,154062581.2
10,150,5,9.6,109387048.3
10,150,5,9.7,1458912483
10,150,5,9.8,188981689.1
10,150,5,9.9,135308273.7
10,150,5,10,644734900.4
10,150,5,10.1,76822037.5
10,150,5,10.2,83099629.94
10,150,5,10.3,42661471.97
10,150,5,10.4,40202748.26
10,150,5,10.5,40621254.42
10,150,5,10.6,41850616.28
10,150,5,10.7,41275170.3
10,150,5,10.8,43760050.64
10,150,5,10.9,45041725.77
10,150,5,11,51868607.55
10,150,5,11.1,45303292.12
10,150,5,11.2,45747954.92
10,150,5,11.3,243309020.4
10,150,5,11.4,45878738.09
10,150,5,11.5,48651341.42
10,150,5,11.6,56079825.81
10,150,5,11.7,57152247.85
10,150,5,11.8,39025699.68
10,150,5,11.9,38371783.8
10,150,5,12,44440123.16
10,150,5,12.1,37665554.65
10,150,5,12.2,37090108.67
10,150,5,12.3,35546867.2
10,150,5,12.4,36043843.27
10,150,5,12.5,34945264.59
10,150,5,12.6,36645445.88
10,150,5,12.7,38868759.87
10,150,5,12.8,36985482.13
10,150,5,12.9,37142421.95
10,150,5,13,38319470.53
10,150,5,13.1,37116265.31
10,150,5,13.2,38737976.69
10,150,5,13.3,39025699.68
10,150,5,13.4,39156482.85
10,150,5,13.5,40098121.72
10,150,5,13.6,42399905.61
10,150,5,13.7,38894916.5
10,150,5,13.8,39418049.21
10,150,5,13.9,38424097.07
10,150,5,14,41641363.19
10,150,5,14.1,39810398.73
10,150,5,14.2,39967338.54
10,150,5,14.3,39496519.11
10,150,5,14.4,41615206.56
10,150,5,14.5,41824459.64
10,150,5,14.6,42007556.09
10,150,5,14.7,40071965.08
10,150,5,14.8,40307374.8
10,150,5,14.9,41196700.4
10,150,5,15,41719833.1
10,150,5,15.1,41536736.65
10,150,5,15.2,39627302.29
10,150,5,15.3,41484423.38
10,150,5,15.4,42975351.59
10,150,5,15.5,42086025.99
10,150,5,15.6,44283183.35
10,150,5,15.7,43707737.37
10,150,5,15.8,42347592.34
10,150,5,15.9,43655424.1
10,150,5,16,42661471.97
10,150,5,16.1,42792255.14
10,150,5,16.2,43315387.85
10,150,5,16.3,43707737.37
10,150,5,16.4,44309339.98
10,150,5,16.5,43393857.75
10,150,5,16.6,44963255.86
10,150,5,16.7,43812363.91
10,150,5,16.8,43707737.37
10,150,5,16.9,43341544.48
10,150,5,17,43629267.47
10,150,5,17.1,43943147.09
10,150,5,17.2,45434075.29
10,150,5,17.3,41327483.57
10,150,5,17.4,43367701.12
10,150,5,17.5,42896881.68
10,150,5,17.6,43420014.39
10,150,5,17.7,44570906.33
10,150,5,17.8,41929086.18
10,150,5,17.9,44832472.69
10,150,5,18,41615206.56
10,150,5,18.1,41955242.82
10,150,5,18.2,41929086.18
10,150,5,18.3,42504532.16
10,150,5,18.4,43812363.91
10,150,5,18.5,44832472.69
10,150,5,18.6,41484423.38
10,150,5,18.7,43132291.4
10,150,5,18.8,42739941.87
10,150,5,18.9,42452218.89
10,150,5,19,42138339.26
10,150,5,19.1,42949194.95
10,150,5,19.2,42687628.6
10,150,5,19.3,41379796.84
10,150,5,19.4,41353640.21
10,150,5,19.5,42504532.16
10,150,5,19.6,43079978.13
10,150,5,19.7,42556845.43
10,150,5,19.8,41615206.56
10,150,5,19.9,40908977.41
10,150,5,20,41745989.74
10,150,5,20.1,42242965.8
10,150,5,20.2,41955242.82
10,150,5,20.3,41693676.47
10,150,5,20.4,40882820.77
10,150,5,20.5,41039760.59
10,150,5,20.6,40228904.9
10,150,5,20.7,42399905.61
10,150,5,20.8,41249013.67
10,150,5,20.9,41458266.75
10,150,5,21,43053821.49
10,150,5,21.1,39653458.92
10,150,5,21.2,41745989.74
10,150,5,21.3,40019651.81
10,150,5,21.4,40778194.23
10,150,5,21.5,40699724.33
10,150,5,21.6,40595097.79
10,150,5,21.7,39365735.93
10,150,5,21.8,37744024.55
10,150,5,21.9,40150434.99
10,150,5,22,40412001.34
10,150,5,22.1,41170543.76
10,150,5,22.2,38371783.8
10,150,5,22.3,39234952.76
10,150,5,22.4,39888868.64
10,150,5,22.5,39051856.31
10,150,5,22.6,41484423.38
10,150,5,22.7,38764133.33
10,150,5,22.8,38188687.35
10,150,5,22.9,42713785.24
10,150,5,23,39888868.64
10,150,5,23.1,39496519.11
10,150,5,23.2,38424097.07
10,150,5,23.3,38659506.79
10,150,5,23.4,39156482.85
10,150,5,23.5,39104169.58
10,150,5,23.6,37299361.76
10,150,5,23.7,37717867.92
10,150,5,23.8,37508614.84
10,150,5,23.9,38685663.42
10,150,5,24,39156482.85
10,150,5,24.1,37456301.57
10,150,5,24.2,35076047.77
10,150,5,24.3,37770181.19
10,150,5,24.4,38476410.34
10,150,5,24.5,37011638.77
10,150,5,24.6,38162530.72
10,150,5,24.7,35834590.19
10,150,5,24.8,36959325.5
10,150,5,24.9,38267157.26
10,150,5,25,38581036.88
10,150,5,25.1,36200783.08
10,150,5,25.2,36514662.7
10,150,5,25.3,35259144.21
10,150,5,25.4,35573023.83
10,150,5,25.5,38999543.04
10,150,5,25.6,37430144.93
10,150,5,25.7,36253096.35
10,150,5,25.8,35703807.01
10,150,5,25.9,36593132.61
10,150,5,26,36069999.9
10,150,5,26.1,35651493.74
10,150,5,26.2,35206830.94
10,150,5,26.3,36488506.07
10,150,5,26.4,35991530
10,150,5,26.5,37430144.93
10,150,5,26.6,34029782.36
10,150,5,26.7,32826577.14
10,150,5,26.8,36017686.63
10,150,5,26.9,34552915.06
10,150,5,27,33977469.09
10,150,5,27.1,35259144.21
10,150,5,27.2,33558962.93
10,150,5,27.3,34526758.43
10,150,5,27.4,33480493.02
10,150,5,27.5,34500601.79
10,150,5,27.6,34082095.63
10,150,5,27.7,35913060.09
10,150,5,27.8,33323553.21
10,150,5,27.9,33637432.83
10,150,5,28,32695793.97
10,150,5,28.1,34526758.43
10,150,5,28.2,33088143.49
10,150,5,28.3,33506649.66
10,150,5,28.4,33532806.29
10,150,5,28.5,33140456.76
10,150,5,28.6,31911094.91
10,150,5,28.7,31858781.64
10,150,5,28.8,32538854.15
10,150,5,28.9,30734046.33
10,150,5,29,32198817.9
10,150,5,29.1,32303444.44
10,150,5,29.2,33820529.28
10,150,5,29.3,31937251.55
10,150,5,29.4,32198817.9
10,150,5,29.5,32983516.95
10,150,5,29.6,31126395.86
10,150,5,29.7,31100239.22
10,150,5,29.8,30812516.23
10,150,5,29.9,31309492.3
10,150,5,30,31832625.01
10,150,5,30.1,32172661.26
10,150,5,30.2,30838672.87
10,150,5,30.3,31911094.91
10,150,5,30.4,29086178.31
10,150,5,30.5,31649528.56
10,150,5,30.6,31544902.02
10,150,5,30.7,28929238.5
10,150,5,30.8,30420166.71
10,150,5,30.9,30394010.07
10,150,5,31,31021769.31
10,150,5,31.1,31440275.48
10,150,5,31.2,28824611.96
10,150,5,31.3,28850768.6
10,150,5,31.4,29556997.75
10,150,5,31.5,28563045.61
10,150,5,31.6,31649528.56
10,150,5,31.7,29870877.37
10,150,5,31.8,29975503.91
10,150,5,31.9,29635467.65
10,150,5,32,31309492.3
10,150,5,32.1,29818564.1
10,150,5,32.2,28955395.14
10,150,5,32.3,28327635.89
10,150,5,32.4,27385997.03
10,150,5,32.5,29347744.66
10,150,5,32.6,29556997.75
10,150,5,32.7,28223009.35
10,150,5,32.8,28746142.05
10,150,5,32.9,28589202.24
10,150,5,33,28824611.96
10,150,5,33.1,27830659.82
10,150,5,33.2,28850768.6
10,150,5,33.3,27726033.28
10,150,5,33.4,28066069.54
10,150,5,33.5,28118382.81
10,150,5,33.6,26392044.89
10,150,5,33.7,27673720.01
10,150,5,33.8,27124430.67
10,150,5,33.9,28039912.91
10,150,5,34,28223009.35
10,150,5,34.1,26392044.89
10,150,5,34.2,26679767.88
10,150,5,34.3,27882973.09
10,150,5,34.4,26601297.97
10,150,5,34.5,27516780.2
10,150,5,34.6,27464466.93
10,150,5,34.7,26993647.5
10,150,5,34.8,27150587.31
10,150,5,34.9,26235105.08
10,150,5,35,26705924.51
10,150,5,35.1,26941334.23
10,150,5,35.2,25188839.67
10,150,5,35.3,28615358.88
10,150,5,35.4,25764285.65
10,150,5,35.5,26653611.24
10,150,5,35.6,25241152.94
10,150,5,35.7,26052008.63
10,150,5,35.8,25711972.37
10,150,5,35.9,25659659.1
10,150,5,36,26653611.24
10,150,5,36.1,25214996.31
10,150,5,36.2,25921225.46
10,150,5,36.3,24665706.97
10,150,5,36.4,23959477.82
10,150,5,36.5,24194887.53
10,150,5,36.6,25450406.02
10,150,5,36.7,24822646.78
10,150,5,36.8,24142574.26
10,150,5,36.9,25895068.82
10,150,5,37,25188839.67
10,150,5,37.1,24273357.44
10,150,5,37.2,24299514.08
10,150,5,37.3,24848803.41
10,150,5,37.4,25424249.39
10,150,5,37.5,25293466.21
10,150,5,37.6,25476562.66
10,150,5,37.7,23828694.64
10,150,5,37.8,24744176.87
10,150,5,37.9,23540971.66
10,150,5,38,22991682.32
10,150,5,38.1,23985634.45
10,150,5,38.2,25398092.75
10,150,5,38.3,24011791.09
10,150,5,38.4,24064104.36
10,150,5,38.5,23802538.01
10,150,5,38.6,22703959.33
10,150,5,38.7,24404140.62
10,150,5,38.8,23436345.11
10,150,5,38.9,23514815.02
10,150,5,39,22991682.32
10,150,5,39.1,24770333.51
10,150,5,39.2,22390079.71
10,150,5,39.3,22965525.68
10,150,5,39.4,23802538.01
10,150,5,39.5,22730115.96
10,150,5,39.6,21683850.56
10,150,5,39.7,23724068.1
10,150,5,39.8,22390079.71
10,150,5,39.9,23148622.13
10,150,5,40,23200935.4
10,150,5,40.1,21631537.29
10,150,5,40.2,21631537.29
10,150,5,40.3,22730115.96
10,150,5,40.4,23017838.95
10,150,5,40.5,22730115.96
10,150,5,40.6,22259296.53
10,150,5,40.7,22337766.44
10,150,5,40.8,22939369.05
10,150,5,40.9,22102356.72
10,150,5,41,22547019.52
10,150,5,41.1,22573176.15
10,150,5,41.2,21814633.73
10,150,5,41.3,21343814.3
10,150,5,41.4,22180826.63
10,150,5,41.5,22154669.99
10,150,5,41.6,22887055.78
10,150,5,41.7,21526910.75
10,150,5,41.8,21108404.58
10,150,5,41.9,21605380.65
10,150,5,42,21971573.54
10,150,5,42.1,21108404.58
10,150,5,42.2,21160717.85
10,150,5,42.3,22050043.45
10,150,5,42.4,22259296.53
10,150,5,42.5,22337766.44
10,150,5,42.6,20663741.79
10,150,5,42.7,20768368.33
10,150,5,42.8,21866947
10,150,5,42.9,20794524.96
10,150,5,43,21866947
10,150,5,43.1,21082247.95
10,150,5,43.2,21056091.31
10,150,5,43.3,21553067.38
10,150,5,43.4,20951464.77
10,150,5,43.5,19591319.74
10,150,5,43.6,18858933.96
10,150,5,43.7,21003778.04
10,150,5,43.8,20349862.16
10,150,5,43.9,20271392.26
10,150,5,44,19382066.66
10,150,5,44.1,20689898.42
10,150,5,44.2,19565163.11
10,150,5,44.3,19826729.46
10,150,5,44.4,20219078.99
10,150,5,44.5,21108404.58
10,150,5,44.6,18780464.05
10,150,5,44.7,20245235.62
10,150,5,44.8,19983669.27
10,150,5,44.9,20585271.88
10,150,5,45,19643633.01
10,150,5,45.1,19329753.39
10,150,5,45.2,19695946.28
10,150,5,45.3,18780464.05
10,150,5,45.4,20009825.91
10,150,5,45.5,19068187.04
10,150,5,45.6,19198970.22
10,150,5,45.7,21605380.65
10,150,5,45.8,19303596.76
10,150,5,45.9,19434379.93
10,150,5,46,19303596.76
10,150,5,46.1,19774416.19
10,150,5,46.2,19146656.95
10,150,5,46.3,17629572.11
10,150,5,46.4,17655728.74
10,150,5,46.5,18623524.24
10,150,5,46.6,17368005.75
10,150,5,46.7,19852886.1
10,150,5,46.8,17681885.38
10,150,5,46.9,17001812.86
10,150,5,47,17001812.86
10,150,5,47.1,19172813.58
10,150,5,47.2,19539006.47
10,150,5,47.3,18466584.43
10,150,5,47.4,18675837.51
10,150,5,47.5,18597367.61
10,150,5,47.6,18701994.15
10,150,5,47.7,19172813.58
10,150,5,47.8,17577258.84
10,150,5,47.9,18518897.7
10,150,5,48,17864981.82
10,150,5,48.1,18231174.72
10,150,5,48.2,17498788.93
10,150,5,48.3,18858933.96
10,150,5,48.4,19382066.66
10,150,5,48.5,18074234.9
10,150,5,48.6,17551102.2
10,150,5,48.7,18205018.08
10,150,5,48.8,16844873.05
10,150,5,48.9,18361957.89
10,150,5,49,17551102.2
10,150,5,49.1,16138643.9
10,150,5,49.2,17708042.01
10,150,5,49.3,19225126.85
10,150,5,49.4,17969608.36
10,150,5,49.5,17969608.36
10,150,5,49.6,17838825.19
10,150,5,49.7,16374053.62
10,150,5,49.8,16714089.88
10,150,5,49.9,16714089.88
10,150,5,50,17498788.93
10,150,5,50.1,16923342.96
10,150,5,50.2,16243270.44
10,150,5,50.3,16818716.42
10,150,5,50.4,16164800.54
10,150,5,50.5,16975656.23
10,150,5,50.6,17864981.82
10,150,5,50.7,18518897.7
10,150,5,50.8,16635619.97
10,150,5,50.9,16792559.78
10,150,5,51,16374053.62
10,150,5,51.1,16190957.17
10,150,5,51.2,16792559.78
10,150,5,51.3,15981704.09
10,150,5,51.4,16478680.16
10,150,5,51.5,17394162.39
10,150,5,51.6,16609463.33
10,150,5,51.7,16452523.52
10,150,5,51.8,17838825.19
10,150,5,51.9,15510884.66
10,150,5,52,15484728.02
10,150,5,52.1,15484728.02
10,150,5,52.2,16400210.25
10,150,5,52.3,16844873.05
10,150,5,52.4,15013908.59
10,150,5,52.5,15641667.83
10,150,5,52.6,16034017.36
10,150,5,52.7,15824764.28
10,150,5,52.8,15197005.04
10,150,5,52.9,15537041.29
10,150,5,53,16086330.63
10,150,5,53.1,16243270.44
10,150,5,53.2,15144691.76
10,150,5,53.3,15981704.09
10,150,5,53.4,14883125.41
10,150,5,53.5,15563197.93
10,150,5,53.6,15170848.4
10,150,5,53.7,16400210.25
10,150,5,53.8,17263379.21
10,150,5,53.9,16060174
10,150,5,54,15981704.09
10,150,5,54.1,14438462.62
10,150,5,54.2,15223161.67
10,150,5,54.3,14255366.17
10,150,5,54.4,15118535.13
10,150,5,54.5,16217113.81
10,150,5,54.6,14438462.62
10,150,5,54.7,14804655.51
10,150,5,54.8,14987751.95
10,150,5,54.9,14961595.32
10,150,5,55,14647715.7
10,150,5,55.1,14700028.97
10,150,5,55.2,16007860.73
10,150,5,55.3,15066221.86
10,150,5,55.4,14307679.44
10,150,5,55.5,14883125.41
10,150,5,55.6,14569245.79
10,150,5,55.7,15275474.94
10,150,5,55.8,13679920.2
10,150,5,55.9,13575293.65
10,150,5,56,14046113.09
10,150,5,56.1,14935438.68
10,150,5,56.2,14124582.99
10,150,5,56.3,14569245.79
10,150,5,56.4,14700028.97
10,150,5,56.5,15589354.56
10,150,5,56.6,14778498.87
10,150,5,56.7,15406258.12
10,150,5,56.8,14019956.45
10,150,5,56.9,14752342.24
10,150,5,57,15066221.86
10,150,5,57.1,14647715.7
10,150,5,57.2,14569245.79
10,150,5,57.3,13863016.64
10,150,5,57.4,13810703.37
10,150,5,57.5,13470667.11
10,150,5,57.6,14700028.97
10,150,5,57.7,14726185.6
10,150,5,57.8,15197005.04
10,150,5,57.9,13915329.91
10,150,5,58,14856968.78
10,150,5,58.1,152702436.1
10,150,5,58.2,14098426.36
10,150,5,58.3,13706076.83
10,150,5,58.4,14150739.63
10,150,5,58.5,13732233.47
10,150,5,58.6,13130630.86
10,150,5,58.7,13496823.75
10,150,5,58.8,13470667.11
10,150,5,58.9,14229209.53
10,150,5,59,12032052.18
10,150,5,59.1,13078317.59
10,150,5,59.2,13209100.76
10,150,5,59.3,13130630.86
10,150,5,59.4,13078317.59
10,150,5,59.5,253980927.5
10,150,5,59.6,13758390.1
10,150,5,59.7,13418353.84
10,150,5,59.8,12215148.63
10,150,5,59.9,13653763.56
10,150,5,60,12738281.33
10,150,5,60.1,13392197.21
10,150,5,60.2,13653763.56
10,150,5,60.3,13078317.59
10,150,5,60.4,12188991.99
10,150,5,60.5,13470667.11
10,150,5,60.6,12999847.68
10,150,5,60.7,12398245.07
10,150,5,60.8,13052160.95
10,150,5,60.9,13706076.83
10,150,5,61,13522980.38
10,150,5,61.1,13287570.67
10,150,5,61.2,12084365.45
10,150,5,61.3,13156787.49
10,150,5,61.4,12685968.06
10,150,5,61.5,12319775.17
10,150,5,61.6,12529028.25
10,150,5,61.7,12581341.52
10,150,5,61.8,13156787.49
10,150,5,61.9,12032052.18
10,150,5,62,11770485.83
10,150,5,62.1,12162835.36
10,150,5,62.2,12032052.18
10,150,5,62.3,12581341.52
10,150,5,62.4,12685968.06
10,150,5,62.5,12450558.34
10,150,5,62.6,13182944.13
10,150,5,62.7,12084365.45
10,150,5,62.8,11822799.1
10,150,5,62.9,11848955.73
10,150,5,63,12555184.88
10,150,5,63.1,12842907.87
10,150,5,63.2,12136678.72
10,150,5,63.3,11822799.1
10,150,5,63.4,11953582.27
10,150,5,63.5,11875112.37
10,150,5,63.6,11770485.83
10,150,5,63.7,13261414.03
10,150,5,63.8,10698063.79
10,150,5,63.9,12005895.54
10,150,5,64,13078317.59
10,150,5,64.1,12398245.07
10,150,5,64.2,11848955.73
10,150,5,64.3,12110522.08
10,150,5,64.4,12293618.53
10,150,5,64.5,13078317.59
10,150,5,64.6,12267461.9
10,150,5,64.7,12345931.8
10,150,5,64.8,11273509.76
10,150,5,64.9,11404292.94
10,150,5,65,12110522.08
10,150,5,65.1,12084365.45
10,150,5,65.2,11796642.46
10,150,5,65.3,11587389.38
10,150,5,65.4,11561232.75
10,150,5,65.5,11195039.85
10,150,5,65.6,11430449.57
10,150,5,65.7,11456606.21
10,150,5,65.8,11613546.02
10,150,5,65.9,11482762.84
10,150,5,66,12764437.96
10,150,5,66.1,11744329.19
10,150,5,66.2,11430449.57
10,150,5,66.3,11273509.76
10,150,5,66.4,11875112.37
10,150,5,66.5,10828846.96
10,150,5,66.6,10933473.5
10,150,5,66.7,12555184.88
10,150,5,66.8,10985786.77
10,150,5,66.9,11011943.41
10,150,5,67,11639702.65
10,150,5,67.1,36174626.44
10,150,5,67.2,10985786.77
10,150,5,67.3,11195039.85
10,150,5,67.4,60892646.68
10,150,5,67.5,11535076.11
10,150,5,67.6,11299666.39
10,150,5,67.7,11456606.21
10,150,5,67.8,11796642.46
10,150,5,67.9,11901269
10,150,5,68,10305714.26
10,150,5,68.1,10227244.35
10,150,5,68.2,10985786.77
10,150,5,68.3,10201087.72
10,150,5,68.4,11090413.31
10,150,5,68.5,10933473.5
10,150,5,68.6,9677955.014
10,150,5,68.7,11613546.02
10,150,5,68.8,11430449.57
10,150,5,68.9,11535076.11
10,150,5,69,10488810.7
10,150,5,69.1,11247353.12
10,150,5,69.2,16923342.96
10,150,5,69.3,22730115.96
10,150,5,69.4,10096461.18
10,150,5,69.5,12607498.15
10,150,5,69.6,12581341.52
10,150,5,69.7,10828846.96
10,150,5,69.8,9887208.095
10,150,5,69.9,10567280.61
10,150,5,70,10488810.7
10,150,5,70.1,9390232.027
10,150,5,70.2,10174931.08
10,150,5,70.3,10044147.91
10,150,5,70.4,9337918.757
10,150,5,70.5,10174931.08
10,150,5,70.6,10044147.91
10,150,5,70.7,9180978.946
10,150,5,70.8,8919412.594
10,150,5,70.9,9782581.555
10,150,5,71,10358027.53
10,150,5,71.1,9913364.73
10,150,5,71.2,10776533.69
10,150,5,71.3,9625641.744
10,150,5,71.4,9599485.108
10,150,5,71.5,10253400.99
10,150,5,71.6,9625641.744
10,150,5,71.7,10148774.45
10,150,5,71.8,9913364.73
10,150,5,71.9,10017991.27
10,150,5,72,9834894.825
10,150,5,72.1,9913364.73
10,150,5,72.2,9442545.297
10,150,5,72.3,9468701.932
10,150,5,72.4,8893255.959
10,150,5,72.5,9808738.19
10,150,5,72.6,9965678.001
10,150,5,72.7,9311762.121
10,150,5,72.8,9573328.473
10,150,5,72.9,9180978.946
10,150,5,73,9808738.19
10,150,5,73.1,8919412.594
10,150,5,73.2,8527063.066
10,150,5,73.3,9939521.366
10,150,5,73.4,9494858.568
10,150,5,73.5,9154822.31
10,150,5,73.6,9494858.568
10,150,5,73.7,9651798.379
10,150,5,73.8,8160870.174
10,150,5,73.9,9704111.649
10,150,5,74,8945569.229
10,150,5,74.1,9599485.108
10,150,5,74.2,9154822.31
10,150,5,74.3,9521015.203
10,150,5,74.4,9207135.581
10,150,5,74.5,9494858.568
10,150,5,74.6,8448593.161
10,150,5,74.7,9756424.919
10,150,5,74.8,8631689.607
10,150,5,74.9,8945569.229
10,150,5,75,8736316.148
10,150,5,75.1,9102509.04
10,150,5,75.2,10070304.54
10,150,5,75.3,9939521.366
10,150,5,75.4,7977773.728
10,150,5,75.5,9180978.946
10,150,5,75.6,9207135.581
10,150,5,75.7,10096461.18
10,150,5,75.8,9416388.662
10,150,5,75.9,9180978.946
10,150,5,76,9756424.919
10,150,5,76.1,8893255.959
10,150,5,76.2,7977773.728
10,150,5,76.3,9442545.297
10,150,5,76.4,9442545.297
10,150,5,76.5,8500906.431
10,150,5,76.6,8840942.688
10,150,5,76.7,8474749.796
10,150,5,76.8,8134713.539
10,150,5,76.9,9311762.121
10,150,5,77,7899303.822
10,150,5,77.1,8919412.594
10,150,5,77.2,8030086.998
10,150,5,77.3,8919412.594
10,150,5,77.4,8527063.066
10,150,5,77.5,8867099.324
10,150,5,77.6,8631689.607
10,150,5,77.7,9834894.825
10,150,5,77.8,8082400.268
10,150,5,77.9,8788629.418
10,150,5,78,8030086.998
10,150,5,78.1,8239340.079
10,150,5,78.2,8003930.363
10,150,5,78.3,8893255.959
10,150,5,78.4,8500906.431
10,150,5,78.5,8317809.985
10,150,5,78.6,8814786.053
10,150,5,78.7,8684002.877
10,150,5,78.8,8657846.242
10,150,5,78.9,8239340.079
10,150,5,79,8631689.607
10,150,5,79.1,8684002.877
10,150,5,79.2,8396279.89
10,150,5,79.3,8500906.431
10,150,5,79.4,8997882.499
10,150,5,79.5,8134713.539
10,150,5,79.6,9337918.757
10,150,5,79.7,8265496.715
10,150,5,79.8,8030086.998
10,150,5,79.9,8239340.079
10,150,5,80,8317809.985
10,150,5,80.1,8579376.337
10,150,5,80.2,8448593.161
10,150,5,80.3,8840942.688
10,150,5,80.4,8919412.594
10,150,5,80.5,7794677.281
10,150,5,80.6,7454641.024
10,150,5,80.7,7768520.646
10,150,5,80.8,7951617.092
10,150,5,80.9,7716207.376
10,150,5,81,7350014.484
10,150,5,81.1,8030086.998
10,150,5,81.2,8370123.255
10,150,5,81.3,7559267.565
10,150,5,81.4,6826881.78
10,150,5,81.5,8631689.607
10,150,5,81.6,8527063.066
10,150,5,81.7,7977773.728
10,150,5,81.8,7663894.106
10,150,5,81.9,8003930.363
10,150,5,82,7925460.457
10,150,5,82.1,8160870.174
10,150,5,82.2,7193074.672
10,150,5,82.3,8056243.633
10,150,5,82.4,7977773.728
10,150,5,82.5,7925460.457
10,150,5,82.6,7350014.484
10,150,5,82.7,8239340.079
10,150,5,82.8,8527063.066
10,150,5,82.9,8030086.998
10,150,5,83,7480797.659
10,150,5,83.1,7533110.93
10,150,5,83.2,7140761.402
10,150,5,83.3,8631689.607
10,150,5,83.4,7297701.213
10,150,5,83.5,7062291.497
10,150,5,83.6,7768520.646
10,150,5,83.7,7245387.943
10,150,5,83.8,7768520.646
10,150,5,83.9,8187026.809
10,150,5,84,8082400.268
10,150,5,84.1,7716207.376
10,150,5,84.2,6800725.145
10,150,5,84.3,8239340.079
10,150,5,84.4,7690050.741
10,150,5,84.5,7036134.861
10,150,5,84.6,7663894.106
10,150,5,84.7,6931508.321
10,150,5,84.8,7742364.011
10,150,5,84.9,7323857.848
10,150,5,85,7480797.659
10,150,5,85.1,8239340.079
10,150,5,85.2,7716207.376
10,150,5,85.3,7480797.659
10,150,5,85.4,7062291.497
10,150,5,85.5,7794677.281
10,150,5,85.6,7480797.659
10,150,5,85.7,6931508.321
10,150,5,85.8,7768520.646
10,150,5,85.9,7533110.93
10,150,5,86,7114604.767
10,150,5,86.1,7140761.402
10,150,5,86.2,6905351.686
10,150,5,86.3,7402327.754
10,150,5,86.4,7663894.106
10,150,5,86.5,7506954.295
10,150,5,86.6,7506954.295
10,150,5,86.7,7062291.497
10,150,5,86.8,7219231.308
10,150,5,86.9,6800725.145
10,150,5,87,8030086.998
10,150,5,87.1,7376171.119
10,150,5,87.2,6905351.686
10,150,5,87.3,7140761.402
10,150,5,87.4,7533110.93
10,150,5,87.5,6931508.321
10,150,5,87.6,6879195.05
10,150,5,87.7,6931508.321
10,150,5,87.8,6146809.266
10,150,5,87.9,7559267.565
10,150,5,88,7140761.402
10,150,5,88.1,6931508.321
10,150,5,88.2,7219231.308
10,150,5,88.3,6722255.239
10,150,5,88.4,6957664.956
10,150,5,88.5,7245387.943
10,150,5,88.6,6905351.686
10,150,5,88.7,7271544.578
10,150,5,88.8,7193074.672
10,150,5,88.9,6486845.523
10,150,5,89,6539158.793
10,150,5,89.1,7114604.767
10,150,5,89.2,7036134.861
10,150,5,89.3,7271544.578
10,150,5,89.4,6408375.617
10,150,5,89.5,7454641.024
10,150,5,89.6,6643785.334
10,150,5,89.7,6722255.239
10,150,5,89.8,6486845.523
10,150,5,89.9,7088448.132
10,150,5,90,6172965.901
10,150,5,90.1,7690050.741
10,150,5,90.2,6486845.523
10,150,5,90.3,6643785.334
10,150,5,90.4,6643785.334
10,150,5,90.5,6774568.51
10,150,5,90.6,6565315.428
10,150,5,90.7,6669941.969
10,150,5,90.8,6905351.686
10,150,5,90.9,6905351.686
10,150,5,91,6382218.982
10,150,5,91.1,6251435.806
10,150,5,91.2,6042182.725
10,150,5,91.3,6800725.145
10,150,5,91.4,6120652.63
10,150,5,91.5,6513002.158
10,150,5,91.6,5675989.832
10,150,5,91.7,5989869.455
10,150,5,91.8,5937556.184
10,150,5,91.9,6722255.239
10,150,5,92,6251435.806
10,150,5,92.1,6748411.875
10,150,5,92.2,6042182.725
10,150,5,92.3,6225279.171
10,150,5,92.4,6068339.36
10,150,5,92.5,6356062.347
10,150,5,92.6,6277592.441
10,150,5,92.7,6251435.806
10,150,5,92.8,6565315.428
10,150,5,92.9,6617628.699
10,150,5,93,5832929.643
10,150,5,93.1,6696098.604
10,150,5,93.2,6748411.875
10,150,5,93.3,6748411.875
10,150,5,93.4,5806773.008
10,150,5,93.5,5728303.103
10,150,5,93.6,7350014.484
10,150,5,93.7,6643785.334
10,150,5,93.8,6460688.888
10,150,5,93.9,6094495.995
10,150,5,94,6016026.09
10,150,5,94.1,6356062.347
10,150,5,94.2,5649833.197
10,150,5,94.3,6146809.266
10,150,5,94.4,6120652.63
10,150,5,94.5,5597519.927
10,150,5,94.6,6172965.901
10,150,5,94.7,5492893.386
10,150,5,94.8,5937556.184
10,150,5,94.9,6879195.05
10,150,5,95,5806773.008
10,150,5,95.1,6199122.536
10,150,5,95.2,6643785.334
10,150,5,95.3,6225279.171
10,150,5,95.4,5257483.67
10,150,5,95.5,6199122.536
10,150,5,95.6,6251435.806
10,150,5,95.7,6120652.63
10,150,5,95.8,5754459.738
10,150,5,95.9,5963712.819
10,150,5,96,7297701.213
10,150,5,96.1,4865134.142
10,150,5,96.2,5937556.184
10,150,5,96.3,5335953.575
10,150,5,96.4,5859086.279
10,150,5,96.5,5675989.832
10,150,5,96.6,5545206.657
10,150,5,96.7,5780616.373
10,150,5,96.8,5911399.549
10,150,5,96.9,5675989.832
10,150,5,97,5754459.738
10,150,5,97.1,6042182.725
10,150,5,97.2,6146809.266
10,150,5,97.3,5859086.279
10,150,5,97.4,5780616.373
10,150,5,97.5,5205170.399
10,150,5,97.6,5257483.67
10,150,5,97.7,6199122.536
10,150,5,97.8,5885242.914
10,150,5,97.9,5231327.035
10,150,5,98,5466736.751
10,150,5,98.1,6042182.725
10,150,5,98.2,6016026.09
10,150,5,98.3,5309796.94
10,150,5,98.4,5335953.575
10,150,5,98.5,5466736.751
10,150,5,98.6,6303749.077
10,150,5,98.7,5519050.021
10,150,5,98.8,6303749.077
10,150,5,98.9,6016026.09
10,150,5,99,5309796.94
10,150,5,99.1,5100543.859
10,150,5,99.2,6094495.995
10,150,5,99.3,5205170.399
10,150,5,99.4,5179013.764
10,150,5,99.5,5362110.21
10,150,5,99.6,5519050.021
10,150,5,99.7,5937556.184
10,150,5,99.8,5309796.94
10,150,5,99.9,5388266.846
10,150,5,100,5859086.279
10,150,5,100.1,5309796.94
10,150,5,100.2,5597519.927
10,150,5,100.3,5022073.953
10,150,5,100.4,5231327.035
10,150,5,100.5,5571363.292
10,150,5,100.6,5963712.819
10,150,5,100.7,5179013.764
10,150,5,100.8,5519050.021
10,150,5,100.9,5283640.305
10,150,5,101,5754459.738
10,150,5,101.1,5466736.751
10,150,5,101.2,6251435.806
10,150,5,101.3,4734350.966
10,150,5,101.4,4708194.331
10,150,5,101.5,5414423.481
10,150,5,101.6,5519050.021
10,150,5,101.7,5571363.292
10,150,5,101.8,4995917.318
10,150,5,101.9,5335953.575
10,150,5,102,4446627.979
10,150,5,102.1,5571363.292
10,150,5,102.2,5806773.008
10,150,5,102.3,5074387.223
10,150,5,102.4,5492893.386
10,150,5,102.5,4865134.142
10,150,5,102.6,5309796.94
10,150,5,102.7,4682037.696
10,150,5,102.8,4838977.507
10,150,5,102.9,5205170.399
10,150,5,103,5205170.399
10,150,5,103.1,4995917.318
10,150,5,103.2,5335953.575
10,150,5,103.3,5126700.494
10,150,5,103.4,5388266.846
10,150,5,103.5,5754459.738
10,150,5,103.6,5283640.305
10,150,5,103.7,4786664.237
10,150,5,103.8,5597519.927
10,150,5,103.9,4734350.966
10,150,5,104,4708194.331
10,150,5,104.1,4472784.615
10,150,5,104.2,4969760.683
10,150,5,104.3,4786664.237
10,150,5,104.4,5074387.223
10,150,5,104.5,4969760.683
10,150,5,104.6,5492893.386
10,150,5,104.7,4263531.533
10,150,5,104.8,4446627.979
10,150,5,104.9,4708194.331
10,150,5,105,5283640.305
10,150,5,105.1,4995917.318
10,150,5,105.2,5571363.292
10,150,5,105.3,5074387.223
10,150,5,105.4,5048230.588
10,150,5,105.5,5649833.197
10,150,5,105.6,5571363.292
10,150,5,105.7,4734350.966
10,150,5,105.8,4995917.318
10,150,5,105.9,5074387.223
10,150,5,106,4603567.79
10,150,5,106.1,5257483.67
10,150,5,106.2,5152857.129
10,150,5,106.3,5388266.846
10,150,5,106.4,4498941.25
10,150,5,106.5,5519050.021
10,150,5,106.6,4315844.803
10,150,5,106.7,4786664.237
10,150,5,106.8,4420471.344
10,150,5,106.9,4525097.885
10,150,5,107,4603567.79
10,150,5,107.1,4603567.79
10,150,5,107.2,5100543.859
10,150,5,107.3,5257483.67
10,150,5,107.4,3792712.1
10,150,5,107.5,4812820.872
10,150,5,107.6,4525097.885
10,150,5,107.7,4943604.048
10,150,5,107.8,4969760.683
10,150,5,107.9,5022073.953
10,150,5,108,4132748.357
10,150,5,108.1,4865134.142
10,150,5,108.2,5309796.94
10,150,5,108.3,4865134.142
10,150,5,108.4,4263531.533
10,150,5,108.5,5152857.129
10,150,5,108.6,4342001.439
10,150,5,108.7,4446627.979
10,150,5,108.8,4865134.142
10,150,5,108.9,4682037.696
10,150,5,109,5179013.764
10,150,5,109.1,4315844.803
10,150,5,109.2,4342001.439
10,150,5,109.3,4342001.439
10,150,5,109.4,5205170.399
10,150,5,109.5,4472784.615
10,150,5,109.6,4472784.615
10,150,5,109.7,4682037.696
10,150,5,109.8,5126700.494
10,150,5,109.9,4342001.439
10,150,5,110,4891290.777
10,150,5,110.1,4237374.898
10,150,5,110.2,4472784.615
10,150,5,110.3,3923495.276
10,150,5,110.4,4682037.696
10,150,5,110.5,4368158.074
10,150,5,110.6,4551254.52
10,150,5,110.7,4682037.696
10,150,5,110.8,4525097.885
10,150,5,110.9,4420471.344
10,150,5,111,4943604.048
10,150,5,111.1,4394314.709
10,150,5,111.2,5048230.588
10,150,5,111.3,4577411.155
10,150,5,111.4,4185061.628
10,150,5,111.5,4551254.52
10,150,5,111.6,3975808.546
10,150,5,111.7,4551254.52
10,150,5,111.8,5179013.764
10,150,5,111.9,4185061.628
10,150,5,112,3766555.465
10,150,5,112.1,3975808.546
10,150,5,112.2,4865134.142
10,150,5,112.3,4211218.263
10,150,5,112.4,4185061.628
10,150,5,112.5,4603567.79
10,150,5,112.6,4525097.885
10,150,5,112.7,5074387.223
10,150,5,112.8,4420471.344
10,150,5,112.9,3845025.37
10,150,5,113,4603567.79
10,150,5,113.1,4498941.25
10,150,5,113.2,4158904.992
10,150,5,113.3,4368158.074
10,150,5,113.4,4655881.061
10,150,5,113.5,4185061.628
10,150,5,113.6,3609615.654
10,150,5,113.7,4211218.263
10,150,5,113.8,3975808.546
10,150,5,113.9,4655881.061
10,150,5,114,3557302.383
10,150,5,114.1,4263531.533
10,150,5,114.2,3688085.559
10,150,5,114.3,4446627.979
10,150,5,114.4,4315844.803
10,150,5,114.5,3661928.924
10,150,5,114.6,4289688.168
10,150,5,114.7,3949651.911
10,150,5,114.8,4315844.803
10,150,5,114.9,4577411.155
10,150,5,115,3269579.397
10,150,5,115.1,3923495.276
10,150,5,115.2,4551254.52
10,150,5,115.3,4158904.992
10,150,5,115.4,4132748.357
10,150,5,115.5,4106591.722
10,150,5,115.6,3818868.735
10,150,5,115.7,4342001.439
10,150,5,115.8,4237374.898
10,150,5,115.9,4132748.357
10,150,5,116,4080435.087
10,150,5,116.1,3975808.546
10,150,5,116.2,4132748.357
10,150,5,116.3,3557302.383
10,150,5,116.4,3138796.221
10,150,5,116.5,4158904.992
10,150,5,116.6,4158904.992
10,150,5,116.7,3714242.195
10,150,5,116.8,3740398.83
10,150,5,116.9,3400362.572
10,150,5,117,3740398.83
10,150,5,117.1,3583459.019
10,150,5,117.2,4080435.087
10,150,5,117.3,2851073.234
10,150,5,117.4,3714242.195
10,150,5,117.5,3714242.195
10,150,5,117.6,3766555.465
10,150,5,117.7,3871182.006
10,150,5,117.8,3818868.735
10,150,5,117.9,3871182.006
10,150,5,118,3688085.559
10,150,5,118.1,4734350.966
10,150,5,118.2,4132748.357
10,150,5,118.3,3845025.37
10,150,5,118.4,3871182.006
10,150,5,118.5,3661928.924
10,150,5,118.6,2903386.504
10,150,5,118.7,3217266.126
10,150,5,118.8,3426519.208
10,150,5,118.9,3452675.843
10,150,5,119,3740398.83
10,150,5,119.1,3374205.937
10,150,5,119.2,3818868.735
10,150,5,119.3,4158904.992
10,150,5,119.4,2720290.058
10,150,5,119.5,3452675.843
10,150,5,119.6,3688085.559
10,150,5,119.7,3923495.276
10,150,5,119.8,3191109.491
10,150,5,119.9,3191109.491
10,150,5,120,3766555.465
10,150,5,120.1,4080435.087
10,150,5,120.2,3321892.667
10,150,5,120.3,3949651.911
10,150,5,120.4,3321892.667
10,150,5,120.5,3164952.856
10,150,5,120.6,3504989.113
10,150,5,120.7,3766555.465
10,150,5,120.8,3400362.572
10,150,5,120.9,3348049.302
10,150,5,121,3008013.045
10,150,5,121.1,2798759.963
10,150,5,121.2,3426519.208
10,150,5,121.3,4001965.181
10,150,5,121.4,3060326.315
10,150,5,121.5,3112639.586
10,150,5,121.6,3138796.221
10,150,5,121.7,3295736.032
10,150,5,121.8,3374205.937
10,150,5,121.9,3871182.006
10,150,5,122,3060326.315
10,150,5,122.1,3295736.032
10,150,5,122.2,3426519.208
10,150,5,122.3,3321892.667
10,150,5,122.4,3478832.478
10,150,5,122.5,3766555.465
10,150,5,122.6,3243422.761
10,150,5,122.7,3478832.478
10,150,5,122.8,2955699.775
10,150,5,122.9,3295736.032
10,150,5,123,3191109.491
10,150,5,123.1,3348049.302
10,150,5,123.2,3661928.924
10,150,5,123.3,3217266.126
10,150,5,123.4,3112639.586
10,150,5,123.5,3688085.559
10,150,5,123.6,3217266.126
10,150,5,123.7,3269579.397
10,150,5,123.8,3321892.667
10,150,5,123.9,3949651.911
10,150,5,124,3374205.937
10,150,5,124.1,3400362.572
10,150,5,124.2,3243422.761
10,150,5,124.3,3531145.748
10,150,5,124.4,3452675.843
10,150,5,124.5,2903386.504
10,150,5,124.6,3217266.126
10,150,5,124.7,3138796.221
10,150,5,124.8,3348049.302
10,150,5,124.9,2877229.869
10,150,5,125,3243422.761
10,150,5,125.1,3478832.478
10,150,5,125.2,3374205.937
10,150,5,125.3,3295736.032
10,150,5,125.4,3269579.397
10,150,5,125.5,3897338.641
10,150,5,125.6,2432567.071
10,150,5,125.7,3609615.654
10,150,5,125.8,3086482.95
10,150,5,125.9,2955699.775
10,150,5,126,2537193.612
10,150,5,126.1,3164952.856
10,150,5,126.2,2694133.423
10,150,5,126.3,3008013.045
10,150,5,126.4,3348049.302
10,150,5,126.5,3609615.654
10,150,5,126.6,2694133.423
10,150,5,126.7,2432567.071
10,150,5,126.8,3112639.586
10,150,5,126.9,3086482.95
10,150,5,127,2981856.41
10,150,5,127.1,2615663.517
10,150,5,127.2,2877229.869
10,150,5,127.3,2589506.882
10,150,5,127.4,3034169.68
10,150,5,127.5,3034169.68
10,150,5,127.6,3112639.586
10,150,5,127.7,3478832.478
10,150,5,127.8,3164952.856
10,150,5,127.9,3243422.761
10,150,5,128,2929543.139
10,150,5,128.1,3138796.221
10,150,5,128.2,2981856.41
10,150,5,128.3,3034169.68
10,150,5,128.4,3060326.315
10,150,5,128.5,2746446.693
10,150,5,128.6,2667976.788
10,150,5,128.7,2851073.234
10,150,5,128.8,2824916.599
10,150,5,128.9,3034169.68
10,150,5,129,3086482.95
10,150,5,129.1,2877229.869
10,150,5,129.2,3295736.032
10,150,5,129.3,2354097.166
10,150,5,129.4,3243422.761
10,150,5,129.5,3504989.113
10,150,5,129.6,2615663.517
10,150,5,129.7,2484880.341
10,150,5,129.8,3321892.667
10,150,5,129.9,2903386.504
10,150,5,130,2380253.801
10,150,5,130.1,2484880.341
10,150,5,130.2,2432567.071
10,150,5,130.3,2720290.058
10,150,5,130.4,2720290.058
10,150,5,130.5,2615663.517
10,150,5,130.6,2354097.166
10,150,5,130.7,2589506.882
10,150,5,130.8,2824916.599
10,150,5,130.9,2877229.869
10,150,5,131,2641820.152
10,150,5,131.1,2249470.625
10,150,5,131.2,3008013.045
10,150,5,131.3,2589506.882
10,150,5,131.4,2798759.963
10,150,5,131.5,2798759.963
10,150,5,131.6,2798759.963
10,150,5,131.7,2354097.166
10,150,5,131.8,2851073.234
10,150,5,131.9,2040217.543
10,150,5,132,2511036.977
10,150,5,132.1,2641820.152
10,150,5,132.2,2694133.423
10,150,5,132.3,2144844.084
10,150,5,132.4,3008013.045
10,150,5,132.5,2301783.895
10,150,5,132.6,2432567.071
10,150,5,132.7,2772603.328
10,150,5,132.8,2458723.706
10,150,5,132.9,2589506.882
10,150,5,133,2432567.071
10,150,5,133.1,2380253.801
10,150,5,133.2,2537193.612
10,150,5,133.3,2354097.166
10,150,5,133.4,2118687.449
10,150,5,133.5,2406410.436
10,150,5,133.6,2589506.882
10,150,5,133.7,2667976.788
10,150,5,133.8,2667976.788
10,150,5,133.9,3138796.221
10,150,5,134,2092530.814
10,150,5,134.1,2641820.152
10,150,5,134.2,2432567.071
10,150,5,134.3,2144844.084
10,150,5,134.4,2380253.801
10,150,5,134.5,2249470.625
10,150,5,134.6,2354097.166
10,150,5,134.7,2641820.152
10,150,5,134.8,1987904.273
10,150,5,134.9,2563350.247
10,150,5,135,2327940.53
10,150,5,135.1,2327940.53
10,150,5,135.2,2354097.166
10,150,5,135.3,2144844.084
10,150,5,135.4,2197157.354
10,150,5,135.5,2040217.543
10,150,5,135.6,2014060.908
10,150,5,135.7,2197157.354
10,150,5,135.8,2458723.706
10,150,5,135.9,2458723.706
10,150,5,136,1961747.638
10,150,5,136.1,2092530.814
10,150,5,136.2,1830964.462
10,150,5,136.3,1883277.732
10,150,5,136.4,1935591.003
10,150,5,136.5,1857121.097
10,150,5,136.6,2092530.814
10,150,5,136.7,2223313.99
10,150,5,136.8,2406410.436
10,150,5,136.9,2014060.908
10,150,5,137,2014060.908
10,150,5,137.1,1935591.003
10,150,5,137.2,2589506.882
10,150,5,137.3,1883277.732
10,150,5,137.4,1621711.381
10,150,5,137.5,2092530.814
10,150,5,137.6,1857121.097
10,150,5,137.7,2040217.543
10,150,5,137.8,1804807.827
10,150,5,137.9,1961747.638
10,150,5,138,2092530.814
10,150,5,138.1,2301783.895
10,150,5,138.2,2432567.071
10,150,5,138.3,1987904.273
10,150,5,138.4,2092530.814
10,150,5,138.5,1883277.732
10,150,5,138.6,2197157.354
10,150,5,138.7,2014060.908
10,150,5,138.8,2458723.706
10,150,5,138.9,1804807.827
10,150,5,139,2092530.814
10,150,5,139.1,2040217.543
10,150,5,139.2,1517084.84
10,150,5,139.3,1935591.003
10,150,5,139.4,1569398.11
10,150,5,139.5,1935591.003
10,150,5,139.6,1752494.557
10,150,5,139.7,1621711.381
10,150,5,139.8,1569398.11
10,150,5,139.9,1752494.557
10,150,5,140,1595554.746
10,150,5,140.1,1674024.651
10,150,5,140.2,1804807.827
10,150,5,140.3,1700181.286
10,150,5,140.4,1726337.921
10,150,5,140.5,1621711.381
10,150,5,140.6,1700181.286
10,150,5,140.7,1621711.381
10,150,5,140.8,1726337.921
10,150,5,140.9,1595554.746
10,150,5,141,1569398.11
10,150,5,141.1,1412458.299
10,150,5,141.2,1464771.57
10,150,5,141.3,1857121.097
10,150,5,141.4,1307831.759
10,150,5,141.5,1307831.759
10,150,5,141.6,1961747.638
10,150,5,141.7,1752494.557
10,150,5,141.8,1700181.286
10,150,5,141.9,1569398.11
10,150,5,142,1386301.664
10,150,5,142.1,1569398.11
10,150,5,142.2,1674024.651
10,150,5,142.3,1307831.759
10,150,5,142.4,1412458.299
10,150,5,142.5,1674024.651
10,150,5,142.6,1543241.475
10,150,5,142.7,1203205.218
10,150,5,142.8,1307831.759
10,150,5,142.9,1203205.218
10,150,5,143,1464771.57
10,150,5,143.1,967795.5014
10,150,5,143.2,1229361.853
10,150,5,143.3,1203205.218
10,150,5,143.4,1386301.664
10,150,5,143.5,1307831.759
10,150,5,143.6,1386301.664
10,150,5,143.7,1386301.664
10,150,5,143.8,1438614.934
10,150,5,143.9,1307831.759
10,150,5,144,1229361.853
10,150,5,144.1,1255518.488
10,150,5,144.2,1255518.488
10,150,5,144.3,1203205.218
10,150,5,144.4,1124735.312
10,150,5,144.5,1177048.583
10,150,5,144.6,1098578.677
10,150,5,144.7,1203205.218
10,150,5,144.8,1647868.016
10,150,5,144.9,1150891.948
10,150,5,145,1360145.029
10,150,5,145.1,1386301.664
10,150,5,145.2,758542.42
10,150,5,145.3,1177048.583
10,150,5,145.4,1333988.394
10,150,5,145.5,1020108.772
10,150,5,145.6,1020108.772
10,150,5,145.7,1307831.759
10,150,5,145.8,1098578.677
10,150,5,145.9,1020108.772
10,150,5,146,1124735.312
10,150,5,146.1,1124735.312
10,150,5,146.2,889325.5959
10,150,5,146.3,993952.1366
10,150,5,146.4,758542.42
10,150,5,146.5,810855.6904
10,150,5,146.6,993952.1366
10,150,5,146.7,993952.1366
10,150,5,146.8,758542.42
10,150,5,146.9,1124735.312
10,150,5,147,706229.1497
10,150,5,147.1,915482.231
10,150,5,147.2,810855.6904
10,150,5,147.3,758542.42
10,150,5,147.4,706229.1497
10,150,5,147.5,732385.7848
10,150,5,147.6,732385.7848
10,150,5,147.7,653915.8793
10,150,5,147.8,653915.8793
10,150,5,147.9,915482.231
10,150,5,148,680072.5145
10,150,5,148.1,627759.2441
10,150,5,148.2,680072.5145
10,150,5,148.3,418506.1628
10,150,5,148.4,523132.7035
10,150,5,148.5,575445.9738
10,150,5,148.6,496976.0683
10,150,5,148.7,680072.5145
10,150,5,148.8,653915.8793
10,150,5,148.9,627759.2441
10,150,5,149,496976.0683
10,150,5,149.1,444662.7979
10,150,5,149.2,444662.7979
10,150,5,149.3,340036.2572
10,150,5,149.4,340036.2572
10,150,5,149.5,261566.3517
10,150,5,149.6,313879.6221
10,150,5,149.7,183096.4462
10,150,5,149.8,209253.0814
10,150,5,149.9,104626.5407
10,150,5,150,26156.63517
10,40,7,4.6,14215.56259
10,40,7,5,28431.12519
10,40,7,5.1,14215.56259
10,40,7,5.2,28431.12519
10,40,7,5.3,14215.56259
10,40,7,5.4,99508.93816
10,40,7,5.5,113724.5008
10,40,7,5.6,28431.12519
10,40,7,5.7,56862.25038
10,40,7,5.8,241664.5641
10,40,7,5.9,199017.8763
10,40,7,6,383820.19
10,40,7,6.1,326957.9397
10,40,7,6.2,582838.0663
10,40,7,6.3,611269.1915
10,40,7,6.4,781855.9427
10,40,7,6.5,966658.2564
10,40,7,6.6,995089.3816
10,40,7,6.7,1322047.321
10,40,7,6.8,1279400.633
10,40,7,6.9,1478418.51
10,40,7,7,1805376.449
10,40,7,7.1,1620574.136
10,40,7,7.2,1890669.825
10,40,7,7.3,2231843.327
10,40,7,7.4,6439649.855
10,40,7,7.5,3184286.021
10,40,7,7.6,3269579.397
10,40,7,7.7,3468597.273
10,40,7,7.8,4236237.653
10,40,7,7.9,4293099.903
10,40,7,8,4548980.03
10,40,7,8.1,4477902.217
10,40,7,8.2,5146033.659
10,40,7,8.3,19773847.57
10,40,7,8.4,131621894.1
10,40,7,8.5,5003878.033
10,40,7,8.6,5558284.974
10,40,7,8.7,6155338.603
10,40,7,8.8,8842079.933
10,40,7,8.9,6965625.671
10,40,7,9,7264152.485
10,40,7,9.1,7633757.113
10,40,7,9.2,8131301.804
10,40,7,9.3,8458259.743
10,40,7,9.4,7690619.363
10,40,7,9.5,15224867.54
10,40,7,9.6,11742054.7
10,40,7,9.7,116766631.1
10,40,7,9.8,18551309.18
10,40,7,9.9,14983202.97
10,40,7,10,58482824.51
10,40,7,10.1,10420007.38
10,40,7,10.2,8870511.059
10,40,7,10.3,1663220.823
10,40,7,10.4,2260274.452
10,40,7,10.5,1961747.638
10,40,7,10.6,2146549.952
10,40,7,10.7,2047041.014
10,40,7,10.8,2416645.641
10,40,7,10.9,2828896.956
10,40,7,11,3155854.896
10,40,7,11.1,2573016.829
10,40,7,11.2,2658310.205
10,40,7,11.3,12054797.08
10,40,7,11.4,3454381.71
10,40,7,11.5,3170070.458
10,40,7,11.6,2260274.452
10,40,7,11.7,2317136.703
10,40,7,11.8,1862238.7
10,40,7,11.9,1876454.262
10,40,7,12,2317136.703
10,40,7,12.1,1748514.199
10,40,7,12.2,1322047.321
10,40,7,12.3,1350478.446
10,40,7,12.4,1620574.136
10,40,7,12.5,1805376.449
10,40,7,12.6,1890669.825
10,40,7,12.7,2032825.451
10,40,7,12.8,2032825.451
10,40,7,12.9,1876454.262
10,40,7,13,2089687.701
10,40,7,13.1,1933316.513
10,40,7,13.2,2246058.89
10,40,7,13.3,2103903.264
10,40,7,13.4,2189196.639
10,40,7,13.5,2445076.766
10,40,7,13.6,2573016.829
10,40,7,13.7,2459292.329
10,40,7,13.8,2359783.391
10,40,7,13.9,2828896.956
10,40,7,14,3013699.27
10,40,7,14.1,2985268.145
10,40,7,14.2,3411735.023
10,40,7,14.3,2814681.394
10,40,7,14.4,2999483.707
10,40,7,14.5,2985268.145
10,40,7,14.6,3724477.4
10,40,7,14.7,3397519.46
10,40,7,14.8,3525459.523
10,40,7,14.9,3610752.899
10,40,7,15,3966141.964
10,40,7,15.1,3397519.46
10,40,7,15.2,4435255.529
10,40,7,15.3,4108297.59
10,40,7,15.4,3781339.65
10,40,7,15.5,3752908.525
10,40,7,15.6,4264668.778
10,40,7,15.7,4094082.027
10,40,7,15.8,4179375.403
10,40,7,15.9,4918584.657
10,40,7,16,4392608.841
10,40,7,16.1,4150944.277
10,40,7,16.2,4250453.216
10,40,7,16.3,4620057.843
10,40,7,16.4,4605842.28
10,40,7,16.5,4932800.22
10,40,7,16.6,4904369.095
10,40,7,16.7,4577411.155
10,40,7,16.8,5387698.223
10,40,7,16.9,5032309.158
10,40,7,17,4676920.093
10,40,7,17.1,5515638.286
10,40,7,17.2,5074955.846
10,40,7,17.3,4890153.532
10,40,7,17.4,5430344.911
10,40,7,17.5,5600931.662
10,40,7,17.6,4747997.906
10,40,7,17.7,5345051.535
10,40,7,17.8,5686225.038
10,40,7,17.9,5743087.288
10,40,7,18,5373482.66
10,40,7,18.1,5202895.909
10,40,7,18.2,5970536.289
10,40,7,18.3,5913674.039
10,40,7,18.4,5558284.974
10,40,7,18.5,5842596.226
10,40,7,18.6,5842596.226
10,40,7,18.7,6169554.166
10,40,7,18.8,5871027.351
10,40,7,18.9,5842596.226
10,40,7,19,5998967.415
10,40,7,19.1,5728871.725
10,40,7,19.2,6070045.228
10,40,7,19.3,6141123.041
10,40,7,19.4,6325925.354
10,40,7,19.5,6297494.229
10,40,7,19.6,5828380.663
10,40,7,19.7,5885242.914
10,40,7,19.8,6311709.792
10,40,7,19.9,6055829.665
10,40,7,20,5970536.289
10,40,7,20.1,5814165.101
10,40,7,20.2,5629362.787
10,40,7,20.3,6439649.855
10,40,7,20.4,6041614.102
10,40,7,20.5,6468080.98
10,40,7,20.6,6652883.294
10,40,7,20.7,6297494.229
10,40,7,20.8,5401913.786
10,40,7,20.9,6212200.853
10,40,7,21,6269063.104
10,40,7,21.1,5956320.727
10,40,7,21.2,6311709.792
10,40,7,21.3,6524943.231
10,40,7,21.4,5970536.289
10,40,7,21.5,5856811.789
10,40,7,21.6,6425434.292
10,40,7,21.7,6439649.855
10,40,7,21.8,6908763.421
10,40,7,21.9,6240631.979
10,40,7,22,5444560.473
10,40,7,22.1,6070045.228
10,40,7,22.2,6226416.416
10,40,7,22.3,6311709.792
10,40,7,22.4,6254847.541
10,40,7,22.5,6610236.606
10,40,7,22.6,6269063.104
10,40,7,22.7,5799949.538
10,40,7,22.8,6098476.353
10,40,7,22.9,5998967.415
10,40,7,23,6340140.917
10,40,7,23.1,5942105.164
10,40,7,23.2,5856811.789
10,40,7,23.3,5842596.226
10,40,7,23.4,6311709.792
10,40,7,23.5,5700440.6
10,40,7,23.6,5970536.289
10,40,7,23.7,6212200.853
10,40,7,23.8,5472991.599
10,40,7,23.9,5515638.286
10,40,7,24,5615147.225
10,40,7,24.1,6311709.792
10,40,7,24.2,6027398.54
10,40,7,24.3,6667098.856
10,40,7,24.4,6354356.479
10,40,7,24.5,5842596.226
10,40,7,24.6,6183769.728
10,40,7,24.7,5771518.413
10,40,7,24.8,6055829.665
10,40,7,24.9,5743087.288
10,40,7,25,5785733.976
10,40,7,25.1,5288189.285
10,40,7,25.2,5828380.663
10,40,7,25.3,6013182.977
10,40,7,25.4,5202895.909
10,40,7,25.5,6027398.54
10,40,7,25.6,5615147.225
10,40,7,25.7,5643578.35
10,40,7,25.8,5956320.727
10,40,7,25.9,5501422.724
10,40,7,26,6084260.79
10,40,7,26.1,5757302.85
10,40,7,26.2,5416129.348
10,40,7,26.3,5217111.472
10,40,7,26.4,5288189.285
10,40,7,26.5,5643578.35
10,40,7,26.6,5529853.849
10,40,7,26.7,5245542.597
10,40,7,26.8,5202895.909
10,40,7,26.9,5345051.535
10,40,7,27,5103386.971
10,40,7,27.1,5444560.473
10,40,7,27.2,5273973.722
10,40,7,27.3,4961231.345
10,40,7,27.4,5430344.911
10,40,7,27.5,5089171.409
10,40,7,27.6,5288189.285
10,40,7,27.7,4676920.093
10,40,7,27.8,5188680.347
10,40,7,27.9,5430344.911
10,40,7,28,4506333.342
10,40,7,28.1,5458776.036
10,40,7,28.2,4847506.844
10,40,7,28.3,5060740.283
10,40,7,28.4,4620057.843
10,40,7,28.5,4676920.093
10,40,7,28.6,4719566.781
10,40,7,28.7,5330835.973
10,40,7,28.8,4790644.594
10,40,7,28.9,4676920.093
10,40,7,29,5018093.596
10,40,7,29.1,4819075.719
10,40,7,29.2,5074955.846
10,40,7,29.3,5003878.033
10,40,7,29.4,4449471.092
10,40,7,29.5,4548980.03
10,40,7,29.6,4691135.656
10,40,7,29.7,4620057.843
10,40,7,29.8,4534764.467
10,40,7,29.9,4435255.529
10,40,7,30,4449471.092
10,40,7,30.1,4165159.84
10,40,7,30.2,4435255.529
10,40,7,30.3,4392608.841
10,40,7,30.4,4179375.403
10,40,7,30.5,4364177.716
10,40,7,30.6,4222022.09
10,40,7,30.7,4548980.03
10,40,7,30.8,3653399.587
10,40,7,30.9,4079866.464
10,40,7,31,3823986.338
10,40,7,31.1,3440166.148
10,40,7,31.2,4349962.154
10,40,7,31.3,4591626.718
10,40,7,31.4,4079866.464
10,40,7,31.5,4051435.339
10,40,7,31.6,3909279.713
10,40,7,31.7,3937710.838
10,40,7,31.8,3880848.588
10,40,7,31.9,4094082.027
10,40,7,32,4222022.09
10,40,7,32.1,3454381.71
10,40,7,32.2,3411735.023
10,40,7,32.3,3781339.65
10,40,7,32.4,3468597.273
10,40,7,32.5,3966141.964
10,40,7,32.6,3994573.089
10,40,7,32.7,3568106.211
10,40,7,32.8,3497028.398
10,40,7,32.9,3255363.834
10,40,7,33,3113208.208
10,40,7,33.1,2999483.707
10,40,7,33.2,3568106.211
10,40,7,33.3,3198501.584
10,40,7,33.4,3425950.585
10,40,7,33.5,3568106.211
10,40,7,33.6,3553890.648
10,40,7,33.7,3340657.21
10,40,7,33.8,3241148.271
10,40,7,33.9,3241148.271
10,40,7,34,3255363.834
10,40,7,34.1,3141639.333
10,40,7,34.2,3084777.083
10,40,7,34.3,2843112.519
10,40,7,34.4,3354872.772
10,40,7,34.5,3226932.709
10,40,7,34.6,3084777.083
10,40,7,34.7,2871543.644
10,40,7,34.8,2686741.33
10,40,7,34.9,2843112.519
10,40,7,35,2644094.642
10,40,7,35.1,2800465.831
10,40,7,35.2,2558801.267
10,40,7,35.3,2416645.641
10,40,7,35.4,2573016.829
10,40,7,35.5,2416645.641
10,40,7,35.6,2416645.641
10,40,7,35.7,2345567.828
10,40,7,35.8,2743603.581
10,40,7,35.9,2217627.765
10,40,7,36,2459292.329
10,40,7,36.1,2004394.326
10,40,7,36.2,2146549.952
10,40,7,36.3,2231843.327
10,40,7,36.4,2075472.139
10,40,7,36.5,2359783.391
10,40,7,36.6,2359783.391
10,40,7,36.7,2075472.139
10,40,7,36.8,2032825.451
10,40,7,36.9,2302921.14
10,40,7,37,1933316.513
10,40,7,37.1,1862238.7
10,40,7,37.2,1947532.075
10,40,7,37.3,1691651.949
10,40,7,37.4,1705867.511
10,40,7,37.5,1734298.636
10,40,7,37.6,1350478.446
10,40,7,37.7,1378909.572
10,40,7,37.8,1606358.573
10,40,7,37.9,1521065.198
10,40,7,38,1521065.198
10,40,7,38.1,1464202.947
10,40,7,38.2,1350478.446
10,40,7,38.3,1222538.383
10,40,7,38.4,1250969.508
10,40,7,38.5,1279400.633
10,40,7,38.6,1322047.321
10,40,7,38.7,1051951.632
10,40,7,38.8,1009304.944
10,40,7,38.9,1051951.632
10,40,7,39,938227.1312
10,40,7,39.1,881364.8808
10,40,7,39.2,980873.819
10,40,7,39.3,796071.5053
10,40,7,39.4,938227.1312
10,40,7,39.5,739209.2549
10,40,7,39.6,682347.0045
10,40,7,39.7,611269.1915
10,40,7,39.8,341173.5023
10,40,7,39.9,412251.3152
10,40,7,40,142155.6259
10,80,7,3.9,19666.64299
10,80,7,4,19666.64299
10,80,7,4.1,19666.64299
10,80,7,4.3,39333.28597
10,80,7,4.4,39333.28597
10,80,7,4.5,58999.92896
10,80,7,4.6,78666.57195
10,80,7,4.7,137666.5009
10,80,7,4.8,98333.21493
10,80,7,4.9,157333.1439
10,80,7,5,294999.6448
10,80,7,5.1,452332.7887
10,80,7,5.2,511332.7177
10,80,7,5.3,452332.7887
10,80,7,5.4,668665.8616
10,80,7,5.5,825999.0055
10,80,7,5.6,766999.0765
10,80,7,5.7,1140665.293
10,80,7,5.8,1494664.867
10,80,7,5.9,1730664.583
10,80,7,6,1455331.581
10,80,7,6.1,2064997.514
10,80,7,6.2,2851663.233
10,80,7,6.3,2930329.805
10,80,7,6.4,3500662.452
10,80,7,6.5,3834995.382
10,80,7,6.6,4680661.031
10,80,7,6.7,5427993.464
10,80,7,6.8,5349326.892
10,80,7,6.9,5880326.253
10,80,7,7,6666991.973
10,80,7,7.1,7984657.053
10,80,7,7.2,8397656.555
10,80,7,7.3,9223655.561
10,80,7,7.4,29755630.84
10,80,7,7.5,9990654.637
10,80,7,7.6,10777320.36
10,80,7,7.7,12252318.58
10,80,7,7.8,12468651.65
10,80,7,7.9,13569983.66
10,80,7,8,14100983.02
10,80,7,8.1,14159982.95
10,80,7,8.2,15811980.96
10,80,7,8.3,82914566.83
10,80,7,8.4,620934919
10,80,7,8.5,17424645.69
10,80,7,8.6,18250644.69
10,80,7,8.7,19351976.7
10,80,7,8.8,31289628.99
10,80,7,8.9,21279307.71
10,80,7,9,22754305.94
10,80,7,9.1,22164306.65
10,80,7,9.2,23835971.3
10,80,7,9.3,24170304.23
10,80,7,9.4,24543970.45
10,80,7,9.5,54240601.36
10,80,7,9.6,40277284.84
10,80,7,9.7,514813713.5
10,80,7,9.8,68754583.88
10,80,7,9.9,51900270.84
10,80,7,10,237868046.9
10,80,7,10.1,31741961.78
10,80,7,10.2,28103632.83
10,80,7,10.3,7669990.765
10,80,7,10.4,8240323.412
10,80,7,10.5,8122323.554
10,80,7,10.6,8613989.628
10,80,7,10.7,8849989.344
10,80,7,10.8,9007322.488
10,80,7,10.9,9557988.492
10,80,7,11,11544319.43
10,80,7,11.1,11190319.86
10,80,7,11.2,10383987.5
10,80,7,11.3,57505264.09
10,80,7,11.4,10619987.21
10,80,7,11.5,11662319.29
10,80,7,11.6,9715321.636
10,80,7,11.7,10816653.64
10,80,7,11.8,7079991.475
10,80,7,11.9,7178324.69
10,80,7,12,8594322.985
10,80,7,12.1,6332659.042
10,80,7,12.2,5781993.038
10,80,7,12.3,5939326.182
10,80,7,12.4,6725991.902
10,80,7,12.5,7355324.477
10,80,7,12.6,6922658.331
10,80,7,12.7,7256991.262
10,80,7,12.8,7787990.623
10,80,7,12.9,7984657.053
10,80,7,13,7433991.049
10,80,7,13.1,8141990.197
10,80,7,13.2,7630657.479
10,80,7,13.3,9223655.561
10,80,7,13.4,8712322.843
10,80,7,13.5,9400655.348
10,80,7,13.6,10108654.5
10,80,7,13.7,9243322.204
10,80,7,13.8,9852988.136
10,80,7,13.9,9931654.708
10,80,7,14,10344654.21
10,80,7,14.1,10580653.93
10,80,7,14.2,11485319.5
10,80,7,14.3,11288653.07
10,80,7,14.4,11367319.65
10,80,7,14.5,11190319.86
10,80,7,14.6,11996652.22
10,80,7,14.7,12094985.44
10,80,7,14.8,11072320
10,80,7,14.9,12468651.65
10,80,7,15,12212985.29
10,80,7,15.1,12822651.23
10,80,7,15.2,13176650.8
10,80,7,15.3,12429318.37
10,80,7,15.4,13137317.52
10,80,7,15.5,12822651.23
10,80,7,15.6,13078317.59
10,80,7,15.7,12842317.87
10,80,7,15.8,14336982.74
10,80,7,15.9,13609316.95
10,80,7,16,13628983.59
10,80,7,16.1,15221981.67
10,80,7,16.2,15162981.74
10,80,7,16.3,15320314.89
10,80,7,16.4,15438314.74
10,80,7,16.5,15064648.53
10,80,7,16.6,16323313.68
10,80,7,16.7,15654647.82
10,80,7,16.8,16244647.11
10,80,7,16.9,15320314.89
10,80,7,17,15261314.96
10,80,7,17.1,16047980.68
10,80,7,17.2,16539646.75
10,80,7,17.3,16559313.39
10,80,7,17.4,17267312.54
10,80,7,17.5,15870980.89
10,80,7,17.6,16893646.33
10,80,7,17.7,17601645.47
10,80,7,17.8,18093311.55
10,80,7,17.9,17857311.83
10,80,7,18,17660645.4
10,80,7,18.1,18663644.19
10,80,7,18.2,17306645.83
10,80,7,18.3,18663644.19
10,80,7,18.4,17483645.62
10,80,7,18.5,17975311.69
10,80,7,18.6,18132644.83
10,80,7,18.7,18427644.48
10,80,7,18.8,16893646.33
10,80,7,18.9,17916311.76
10,80,7,19,19135643.63
10,80,7,19.1,17857311.83
10,80,7,19.2,18624310.91
10,80,7,19.3,18427644.48
10,80,7,19.4,18250644.69
10,80,7,19.5,17680312.05
10,80,7,19.6,18466977.76
10,80,7,19.7,18250644.69
10,80,7,19.8,19332310.06
10,80,7,19.9,18860310.62
10,80,7,20,19469976.56
10,80,7,20.1,19056977.05
10,80,7,20.2,19253643.48
10,80,7,20.3,18486644.41
10,80,7,20.4,18958643.84
10,80,7,20.5,19725642.92
10,80,7,20.6,20315642.21
10,80,7,20.7,18958643.84
10,80,7,20.8,19882976.06
10,80,7,20.9,18761977.41
10,80,7,21,18801310.7
10,80,7,21.1,18663644.19
10,80,7,21.2,20000975.92
10,80,7,21.3,20512308.64
10,80,7,21.4,19745309.56
10,80,7,21.5,19371643.34
10,80,7,21.6,18978310.48
10,80,7,21.7,19351976.7
10,80,7,21.8,19253643.48
10,80,7,21.9,19273310.13
10,80,7,22,18663644.19
10,80,7,22.1,19391309.99
10,80,7,22.2,19705976.27
10,80,7,22.3,19627309.7
10,80,7,22.4,19922309.35
10,80,7,22.5,20040309.2
10,80,7,22.6,20669641.78
10,80,7,22.7,19725642.92
10,80,7,22.8,18722644.12
10,80,7,22.9,19568309.77
10,80,7,23,19096310.34
10,80,7,23.1,19843642.77
10,80,7,23.2,18230978.05
10,80,7,23.3,19214310.2
10,80,7,23.4,18860310.62
10,80,7,23.5,19843642.77
10,80,7,23.6,19961642.63
10,80,7,23.7,19155310.27
10,80,7,23.8,19705976.27
10,80,7,23.9,18820977.34
10,80,7,24,18781644.05
10,80,7,24.1,19312643.41
10,80,7,24.2,18388311.19
10,80,7,24.3,20040309.2
10,80,7,24.4,19568309.77
10,80,7,24.5,18132644.83
10,80,7,24.6,18997977.13
10,80,7,24.7,19568309.77
10,80,7,24.8,18152311.48
10,80,7,24.9,20197642.35
10,80,7,25,18938977.2
10,80,7,25.1,19174976.91
10,80,7,25.2,19528976.49
10,80,7,25.3,18152311.48
10,80,7,25.4,17916311.76
10,80,7,25.5,16972312.9
10,80,7,25.6,17994978.33
10,80,7,25.7,19705976.27
10,80,7,25.8,18683310.84
10,80,7,25.9,19784642.84
10,80,7,26,18565310.98
10,80,7,26.1,18919310.55
10,80,7,26.2,18879977.27
10,80,7,26.3,18368644.55
10,80,7,26.4,18624310.91
10,80,7,26.5,18447311.12
10,80,7,26.6,18820977.34
10,80,7,26.7,18820977.34
10,80,7,26.8,17424645.69
10,80,7,26.9,17994978.33
10,80,7,27,18624310.91
10,80,7,27.1,18702977.48
10,80,7,27.2,17621312.12
10,80,7,27.3,18565310.98
10,80,7,27.4,18860310.62
10,80,7,27.5,17109979.4
10,80,7,27.6,17601645.47
10,80,7,27.7,18211311.41
10,80,7,27.8,17601645.47
10,80,7,27.9,17168979.33
10,80,7,28,16873979.68
10,80,7,28.1,17994978.33
10,80,7,28.2,18388311.19
10,80,7,28.3,16657646.61
10,80,7,28.4,17581978.83
10,80,7,28.5,18427644.48
10,80,7,28.6,18014644.98
10,80,7,28.7,16834646.4
10,80,7,28.8,16991979.54
10,80,7,28.9,16047980.68
10,80,7,29,17306645.83
10,80,7,29.1,17306645.83
10,80,7,29.2,18329311.26
10,80,7,29.3,17031312.83
10,80,7,29.4,17306645.83
10,80,7,29.5,16913312.97
10,80,7,29.6,17562312.19
10,80,7,29.7,16047980.68
10,80,7,29.8,16873979.68
10,80,7,29.9,16913312.97
10,80,7,30,17149312.68
10,80,7,30.1,17424645.69
10,80,7,30.2,17031312.83
10,80,7,30.3,17168979.33
10,80,7,30.4,17208312.61
10,80,7,30.5,16264313.75
10,80,7,30.6,16677313.25
10,80,7,30.7,17424645.69
10,80,7,30.8,16893646.33
10,80,7,30.9,15713647.75
10,80,7,31,15261314.96
10,80,7,31.1,16342980.32
10,80,7,31.2,16696979.9
10,80,7,31.3,16401980.25
10,80,7,31.4,15339981.53
10,80,7,31.5,15595647.89
10,80,7,31.6,15595647.89
10,80,7,31.7,16185647.18
10,80,7,31.8,16441313.54
10,80,7,31.9,15988980.75
10,80,7,32,15693981.1
10,80,7,32.1,15516981.32
10,80,7,32.2,15870980.89
10,80,7,32.3,15457981.39
10,80,7,32.4,15182648.39
10,80,7,32.5,15477648.03
10,80,7,32.6,14887648.74
10,80,7,32.7,15280981.6
10,80,7,32.8,16283980.39
10,80,7,32.9,16598646.68
10,80,7,33,15477648.03
10,80,7,33.1,15064648.53
10,80,7,33.2,15005648.6
10,80,7,33.3,14848315.46
10,80,7,33.4,14769648.88
10,80,7,33.5,15477648.03
10,80,7,33.6,15713647.75
10,80,7,33.7,14258316.17
10,80,7,33.8,13707650.16
10,80,7,33.9,14690982.31
10,80,7,34,13904316.59
10,80,7,34.1,15359648.17
10,80,7,34.2,14415649.31
10,80,7,34.3,15162981.74
10,80,7,34.4,14376316.02
10,80,7,34.5,14317316.09
10,80,7,34.6,14415649.31
10,80,7,34.7,14848315.46
10,80,7,34.8,14336982.74
10,80,7,34.9,14631982.38
10,80,7,35,14061649.74
10,80,7,35.1,13982983.16
10,80,7,35.2,14435315.95
10,80,7,35.3,13609316.95
10,80,7,35.4,13491317.09
10,80,7,35.5,13274984.02
10,80,7,35.6,14218982.88
10,80,7,35.7,14592649.1
10,80,7,35.8,13412650.52
10,80,7,35.9,14277982.81
10,80,7,36,14356649.38
10,80,7,36.1,13530650.38
10,80,7,36.2,13392983.87
10,80,7,36.3,13727316.8
10,80,7,36.4,13373317.23
10,80,7,36.5,13038984.3
10,80,7,36.6,13727316.8
10,80,7,36.7,13569983.66
10,80,7,36.8,13078317.59
10,80,7,36.9,12822651.23
10,80,7,37,12724318.01
10,80,7,37.1,12724318.01
10,80,7,37.2,13097984.23
10,80,7,37.3,12743984.66
10,80,7,37.4,12704651.37
10,80,7,37.5,12488318.3
10,80,7,37.6,13353650.59
10,80,7,37.7,12763651.3
10,80,7,37.8,13078317.59
10,80,7,37.9,12586651.51
10,80,7,38,13373317.23
10,80,7,38.1,13019317.66
10,80,7,38.2,12724318.01
10,80,7,38.3,11563986.08
10,80,7,38.4,13058650.94
10,80,7,38.5,11839319.08
10,80,7,38.6,12802984.58
10,80,7,38.7,12055652.15
10,80,7,38.8,12743984.66
10,80,7,38.9,11760652.51
10,80,7,39,12311318.51
10,80,7,39.1,12448985.01
10,80,7,39.2,11937652.29
10,80,7,39.3,12448985.01
10,80,7,39.4,12507984.94
10,80,7,39.5,12429318.37
10,80,7,39.6,11445986.22
10,80,7,39.7,11799985.79
10,80,7,39.8,12193318.65
10,80,7,39.9,12468651.65
10,80,7,40,11583652.72
10,80,7,40.1,12016318.87
10,80,7,40.2,11721319.22
10,80,7,40.3,10954320.14
10,80,7,40.4,11288653.07
10,80,7,40.5,11760652.51
10,80,7,40.6,12566984.87
10,80,7,40.7,11367319.65
10,80,7,40.8,11583652.72
10,80,7,40.9,11426319.58
10,80,7,41,12016318.87
10,80,7,41.1,11229653.15
10,80,7,41.2,11091986.64
10,80,7,41.3,11072320
10,80,7,41.4,11308319.72
10,80,7,41.5,11288653.07
10,80,7,41.6,11721319.22
10,80,7,41.7,10954320.14
10,80,7,41.8,10639653.86
10,80,7,41.9,11268986.43
10,80,7,42,11072320
10,80,7,42.1,11485319.5
10,80,7,42.2,10324987.57
10,80,7,42.3,10462654.07
10,80,7,42.4,11249319.79
10,80,7,42.5,11485319.5
10,80,7,42.6,11229653.15
10,80,7,42.7,10462654.07
10,80,7,42.8,10698653.78
10,80,7,42.9,9833321.493
10,80,7,43,10482320.71
10,80,7,43.1,10285654.28
10,80,7,43.2,10128321.14
10,80,7,43.3,9872654.779
10,80,7,43.4,10777320.36
10,80,7,43.5,10423320.78
10,80,7,43.6,9872654.779
10,80,7,43.7,9793988.207
10,80,7,43.8,10521654
10,80,7,43.9,9774321.565
10,80,7,44,10265987.64
10,80,7,44.1,9990654.637
10,80,7,44.2,9892321.422
10,80,7,44.3,9734988.279
10,80,7,44.4,9793988.207
10,80,7,44.5,9833321.493
10,80,7,44.6,9144988.989
10,80,7,44.7,9695654.993
10,80,7,44.8,9302322.133
10,80,7,44.9,9892321.422
10,80,7,45,9282655.49
10,80,7,45.1,9085989.06
10,80,7,45.2,10324987.57
10,80,7,45.3,9774321.565
10,80,7,45.4,10914986.86
10,80,7,45.5,9144988.989
10,80,7,45.6,10423320.78
10,80,7,45.7,10010321.28
10,80,7,45.8,8731989.486
10,80,7,45.9,9223655.561
10,80,7,46,9656321.707
10,80,7,46.1,9282655.49
10,80,7,46.2,9046655.774
10,80,7,46.3,9538321.849
10,80,7,46.4,9400655.348
10,80,7,46.5,9125322.346
10,80,7,46.6,8633656.271
10,80,7,46.7,9459655.277
10,80,7,46.8,9223655.561
10,80,7,46.9,9597321.778
10,80,7,47,7984657.053
10,80,7,47.1,9046655.774
10,80,7,47.2,10128321.14
10,80,7,47.3,8908989.273
10,80,7,47.4,9144988.989
10,80,7,47.5,8436989.841
10,80,7,47.6,8987655.845
10,80,7,47.7,8633656.271
10,80,7,47.8,8043656.982
10,80,7,47.9,8476323.127
10,80,7,48,8653322.914
10,80,7,48.1,8535323.056
10,80,7,48.2,8240323.412
10,80,7,48.3,8102656.911
10,80,7,48.4,8259990.055
10,80,7,48.5,8141990.197
10,80,7,48.6,8181323.483
10,80,7,48.7,7886323.838
10,80,7,48.8,9085989.06
10,80,7,48.9,8377989.912
10,80,7,49,8102656.911
10,80,7,49.1,8653322.914
10,80,7,49.2,8987655.845
10,80,7,49.3,8515656.413
10,80,7,49.4,8417323.198
10,80,7,49.5,7846990.552
10,80,7,49.6,8200990.126
10,80,7,49.7,8122323.554
10,80,7,49.8,8515656.413
10,80,7,49.9,8200990.126
10,80,7,50,8279656.697
10,80,7,50.1,8141990.197
10,80,7,50.2,8574656.342
10,80,7,50.3,8063323.625
10,80,7,50.4,7158658.047
10,80,7,50.5,7394657.763
10,80,7,50.6,7276657.905
10,80,7,50.7,7748657.337
10,80,7,50.8,7237324.619
10,80,7,50.9,7473324.335
10,80,7,51,7669990.765
10,80,7,51.1,7414324.406
10,80,7,51.2,7099658.118
10,80,7,51.3,7512657.621
10,80,7,51.4,7512657.621
10,80,7,51.5,7571657.55
10,80,7,51.6,7728990.694
10,80,7,51.7,7689657.408
10,80,7,51.8,7532324.264
10,80,7,51.9,7768323.98
10,80,7,52,7197991.333
10,80,7,52.1,7001324.903
10,80,7,52.2,6922658.331
10,80,7,52.3,6922658.331
10,80,7,52.4,7060324.832
10,80,7,52.5,6981658.26
10,80,7,52.6,6686658.616
10,80,7,52.7,6470325.543
10,80,7,52.8,6961991.617
10,80,7,52.9,6725991.902
10,80,7,53,6706325.259
10,80,7,53.1,6509658.829
10,80,7,53.2,6745658.545
10,80,7,53.3,7355324.477
10,80,7,53.4,7099658.118
10,80,7,53.5,7020991.546
10,80,7,53.6,7374991.12
10,80,7,53.7,6234325.827
10,80,7,53.8,7020991.546
10,80,7,53.9,7256991.262
10,80,7,54,6824325.116
10,80,7,54.1,6804658.473
10,80,7,54.2,6981658.26
10,80,7,54.3,6352325.685
10,80,7,54.4,7001324.903
10,80,7,54.5,6981658.26
10,80,7,54.6,6293325.756
10,80,7,54.7,6450658.9
10,80,7,54.8,6371992.328
10,80,7,54.9,6057326.04
10,80,7,55,6371992.328
10,80,7,55.1,6804658.473
10,80,7,55.2,6332659.042
10,80,7,55.3,6352325.685
10,80,7,55.4,6489992.186
10,80,7,55.5,6647325.33
10,80,7,55.6,6529325.472
10,80,7,55.7,5919659.539
10,80,7,55.8,6588325.401
10,80,7,55.9,6175325.898
10,80,7,56,5683659.823
10,80,7,56.1,5939326.182
10,80,7,56.2,5486993.393
10,80,7,56.3,6037659.397
10,80,7,56.4,5762326.395
10,80,7,56.5,6352325.685
10,80,7,56.6,5368993.535
10,80,7,56.7,5762326.395
10,80,7,56.8,6214659.184
10,80,7,56.9,6155659.255
10,80,7,57,5899992.896
10,80,7,57.1,5663993.18
10,80,7,57.2,5899992.896
10,80,7,57.3,6214659.184
10,80,7,57.4,6017992.754
10,80,7,57.5,5644326.537
10,80,7,57.6,5880326.253
10,80,7,57.7,6312992.399
10,80,7,57.8,5762326.395
10,80,7,57.9,5821326.324
10,80,7,58,5506660.036
10,80,7,58.1,13314317.3
10,80,7,58.2,5781993.038
10,80,7,58.3,5467326.75
10,80,7,58.4,5408326.821
10,80,7,58.5,5290326.963
10,80,7,58.6,6076992.683
10,80,7,58.7,5113327.177
10,80,7,58.8,5781993.038
10,80,7,58.9,5565659.965
10,80,7,59,5309993.606
10,80,7,59.1,5545993.322
10,80,7,59.2,5427993.464
10,80,7,59.3,5742659.752
10,80,7,59.4,4818327.532
10,80,7,59.5,17719645.33
10,80,7,59.6,5073993.891
10,80,7,59.7,5427993.464
10,80,7,59.8,5978659.468
10,80,7,59.9,5093660.534
10,80,7,60,5132993.82
10,80,7,60.1,4601994.459
10,80,7,60.2,5172327.106
10,80,7,60.3,4955994.033
10,80,7,60.4,5113327.177
10,80,7,60.5,5034660.605
10,80,7,60.6,4975660.676
10,80,7,60.7,5172327.106
10,80,7,60.8,5014993.962
10,80,7,60.9,4759327.603
10,80,7,61,4464327.958
10,80,7,61.1,5663993.18
10,80,7,61.2,5034660.605
10,80,7,61.3,4975660.676
10,80,7,61.4,4857660.818
10,80,7,61.5,4896994.104
10,80,7,61.6,5093660.534
10,80,7,61.7,4424994.672
10,80,7,61.8,4798660.889
10,80,7,61.9,4582327.816
10,80,7,62,4110328.384
10,80,7,62.1,4582327.816
10,80,7,62.2,4208661.599
10,80,7,62.3,4798660.889
10,80,7,62.4,4582327.816
10,80,7,62.5,4719994.317
10,80,7,62.6,4739660.96
10,80,7,62.7,4739660.96
10,80,7,62.8,4562661.173
10,80,7,62.9,4228328.242
10,80,7,63,3972661.883
10,80,7,63.1,4346328.1
10,80,7,63.2,4562661.173
10,80,7,63.3,4346328.1
10,80,7,63.4,4523327.887
10,80,7,63.5,4031661.812
10,80,7,63.6,4621661.102
10,80,7,63.7,3972661.883
10,80,7,63.8,4228328.242
10,80,7,63.9,4208661.599
10,80,7,64,4483994.601
10,80,7,64.1,3461329.166
10,80,7,64.2,4110328.384
10,80,7,64.3,4523327.887
10,80,7,64.4,4228328.242
10,80,7,64.5,3539995.738
10,80,7,64.6,4267661.528
10,80,7,64.7,4051328.455
10,80,7,64.8,3775995.453
10,80,7,64.9,3343329.308
10,80,7,65,4011995.169
10,80,7,65.1,4188994.956
10,80,7,65.2,3992328.526
10,80,7,65.3,3677662.239
10,80,7,65.4,3756328.811
10,80,7,65.5,4188994.956
10,80,7,65.6,4031661.812
10,80,7,65.7,3677662.239
10,80,7,65.8,3775995.453
10,80,7,65.9,3933328.597
10,80,7,66,4287328.171
10,80,7,66.1,3618662.31
10,80,7,66.2,3008996.377
10,80,7,66.3,3854662.025
10,80,7,66.4,3677662.239
10,80,7,66.5,3834995.382
10,80,7,66.6,3736662.168
10,80,7,66.7,3874328.668
10,80,7,66.8,3618662.31
10,80,7,66.9,3559662.381
10,80,7,67,3913661.954
10,80,7,67.1,5290326.963
10,80,7,67.2,4110328.384
10,80,7,67.3,3992328.526
10,80,7,67.4,6135992.612
10,80,7,67.5,3480995.809
10,80,7,67.6,3402329.237
10,80,7,67.7,3067996.306
10,80,7,67.8,3618662.31
10,80,7,67.9,3264662.736
10,80,7,68,2733663.375
10,80,7,68.1,3185996.164
10,80,7,68.2,3028663.02
10,80,7,68.3,3480995.809
10,80,7,68.4,2792663.304
10,80,7,68.5,3185996.164
10,80,7,68.6,3303996.022
10,80,7,68.7,2989329.734
10,80,7,68.8,3520329.095
10,80,7,68.9,2851663.233
10,80,7,69,2871329.876
10,80,7,69.1,2753330.018
10,80,7,69.2,3480995.809
10,80,7,69.3,3185996.164
10,80,7,69.4,3382662.594
10,80,7,69.5,3146662.878
10,80,7,69.6,2713996.732
10,80,7,69.7,2674663.446
10,80,7,69.8,2497663.659
10,80,7,69.9,2890996.519
10,80,7,70,3028663.02
10,80,7,70.1,3028663.02
10,80,7,70.2,2674663.446
10,80,7,70.3,2753330.018
10,80,7,70.4,2792663.304
10,80,7,70.5,2871329.876
10,80,7,70.6,2182997.372
10,80,7,70.7,2379663.801
10,80,7,70.8,2379663.801
10,80,7,70.9,2438663.73
10,80,7,71,2241997.301
10,80,7,71.1,2123997.443
10,80,7,71.2,2458330.373
10,80,7,71.3,2418997.087
10,80,7,71.4,2379663.801
10,80,7,71.5,2615663.517
10,80,7,71.6,2792663.304
10,80,7,71.7,2379663.801
10,80,7,71.8,2595996.874
10,80,7,71.9,2536996.945
10,80,7,72,1986330.942
10,80,7,72.1,2045330.871
10,80,7,72.2,2418997.087
10,80,7,72.3,1946997.656
10,80,7,72.4,2241997.301
10,80,7,72.5,2143664.086
10,80,7,72.6,1927331.013
10,80,7,72.7,2340330.515
10,80,7,72.8,2320663.872
10,80,7,72.9,2005997.585
10,80,7,73,2123997.443
10,80,7,73.1,2281330.586
10,80,7,73.2,1907664.37
10,80,7,73.3,1868331.084
10,80,7,73.4,1986330.942
10,80,7,73.5,1809331.155
10,80,7,73.6,1848664.441
10,80,7,73.7,2104330.8
10,80,7,73.8,1494664.867
10,80,7,73.9,1612664.725
10,80,7,74,1632331.368
10,80,7,74.1,1828997.798
10,80,7,74.2,1553664.796
10,80,7,74.3,2005997.585
10,80,7,74.4,1828997.798
10,80,7,74.5,1632331.368
10,80,7,74.6,1612664.725
10,80,7,74.7,1848664.441
10,80,7,74.8,1356998.366
10,80,7,74.9,1789664.512
10,80,7,75,2005997.585
10,80,7,75.1,1691331.297
10,80,7,75.2,2025664.228
10,80,7,75.3,1671664.654
10,80,7,75.4,1514331.51
10,80,7,75.5,1455331.581
10,80,7,75.6,1415998.295
10,80,7,75.7,1514331.51
10,80,7,75.8,1278331.794
10,80,7,75.9,1553664.796
10,80,7,76,1632331.368
10,80,7,76.1,1337331.723
10,80,7,76.2,1415998.295
10,80,7,76.3,1494664.867
10,80,7,76.4,1278331.794
10,80,7,76.5,1297998.437
10,80,7,76.6,1356998.366
10,80,7,76.7,1120998.65
10,80,7,76.8,1297998.437
10,80,7,76.9,1278331.794
10,80,7,77,1081665.364
10,80,7,77.1,1022665.435
10,80,7,77.2,1455331.581
10,80,7,77.3,924332.2204
10,80,7,77.4,963665.5064
10,80,7,77.5,1002998.792
10,80,7,77.6,1061998.721
10,80,7,77.7,1022665.435
10,80,7,77.8,943998.8634
10,80,7,77.9,1140665.293
10,80,7,78,943998.8634
10,80,7,78.1,766999.0765
10,80,7,78.2,1002998.792
10,80,7,78.3,766999.0765
10,80,7,78.4,806332.3625
10,80,7,78.5,688332.5045
10,80,7,78.6,766999.0765
10,80,7,78.7,688332.5045
10,80,7,78.8,707999.1475
10,80,7,78.9,688332.5045
10,80,7,79,825999.0055
10,80,7,79.1,688332.5045
10,80,7,79.2,570332.6466
10,80,7,79.3,530999.3606
10,80,7,79.4,314666.2878
10,80,7,79.5,648999.2186
10,80,7,79.6,294999.6448
10,80,7,79.7,314666.2878
10,80,7,79.8,255666.3588
10,80,7,79.9,196666.4299
10,80,7,80,78666.57195
10,150,7,3.1,209253.0814
10,150,7,3.3,52313.27035
10,150,7,3.5,209253.0814
10,150,7,3.6,313879.6221
10,150,7,3.7,209253.0814
10,150,7,3.8,523132.7035
10,150,7,3.9,523132.7035
10,150,7,4,1360145.029
10,150,7,4.1,1412458.299
10,150,7,4.2,1412458.299
10,150,7,4.3,2615663.517
10,150,7,4.4,3034169.68
10,150,7,4.5,3086482.95
10,150,7,4.6,3086482.95
10,150,7,4.7,4603567.79
10,150,7,4.8,4917447.412
10,150,7,4.9,5649833.197
10,150,7,5,6277592.441
10,150,7,5.1,6120652.63
10,150,7,5.2,8840942.688
10,150,7,5.3,7533110.93
10,150,7,5.4,10148774.45
10,150,7,5.5,9259448.851
10,150,7,5.6,11927425.64
10,150,7,5.7,12555184.88
10,150,7,5.8,12450558.34
10,150,7,5.9,15746294.37
10,150,7,6,16949499.59
10,150,7,6.1,18152704.81
10,150,7,6.2,18623524.24
10,150,7,6.3,21239187.76
10,150,7,6.4,22651646.06
10,150,7,6.5,24064104.36
10,150,7,6.6,26104321.9
10,150,7,6.7,25895068.82
10,150,7,6.8,29556997.75
10,150,7,6.9,31492588.75
10,150,7,7,32800420.51
10,150,7,7.1,32172661.26
10,150,7,7.2,36880855.59
10,150,7,7.3,36880855.59
10,150,7,7.4,125604162.1
10,150,7,7.5,39758085.46
10,150,7,7.6,42269122.44
10,150,7,7.7,42216809.17
10,150,7,7.8,44309339.98
10,150,7,7.9,50377679.34
10,150,7,8,49122160.85
10,150,7,8.1,50743872.23
10,150,7,8.2,50848498.78
10,150,7,8.3,297087062.3
10,150,7,8.4,2174819588
10,150,7,8.5,54353487.89
10,150,7,8.6,56446018.7
10,150,7,8.7,56498331.97
10,150,7,8.8,91443596.56
10,150,7,8.9,59480188.38
10,150,7,9,62043538.63
10,150,7,9.1,61415779.39
10,150,7,9.2,62932864.23
10,150,7,9.3,65077708.31
10,150,7,9.4,64397635.79
10,150,7,9.5,161909571.7
10,150,7,9.6,107189890.9
10,150,7,9.7,1550303767
10,150,7,9.8,198424234.4
10,150,7,9.9,134602044.6
10,150,7,10,694824856.7
10,150,7,10.1,80980942.49
10,150,7,10.2,76638941.06
10,150,7,10.3,34631384.97
10,150,7,10.4,34317505.35
10,150,7,10.5,34683698.24
10,150,7,10.6,32538854.15
10,150,7,10.7,36148469.81
10,150,7,10.8,33898999.18
10,150,7,10.9,36200783.08
10,150,7,11,42269122.44
10,150,7,11.1,37874807.73
10,150,7,11.2,39287266.03
10,150,7,11.3,220709687.6
10,150,7,11.4,40281218.17
10,150,7,11.5,41484423.38
10,150,7,11.6,44780159.42
10,150,7,11.7,46401870.8
10,150,7,11.8,30760202.96
10,150,7,11.9,30864829.5
10,150,7,12,36096156.54
10,150,7,12.1,30655576.42
10,150,7,12.2,28353792.53
10,150,7,12.3,26575141.34
10,150,7,12.4,29295431.39
10,150,7,12.5,29295431.39
10,150,7,12.6,30394010.07
10,150,7,12.7,27987599.63
10,150,7,12.8,29556997.75
10,150,7,12.9,31335648.94
10,150,7,13,29504684.47
10,150,7,13.1,31492588.75
10,150,7,13.2,32381914.34
10,150,7,13.3,31492588.75
10,150,7,13.4,33428179.75
10,150,7,13.5,33166613.4
10,150,7,13.6,32172661.26
10,150,7,13.7,35259144.21
10,150,7,13.8,34108252.27
10,150,7,13.9,33794372.64
10,150,7,14,32277287.8
10,150,7,14.1,33689746.1
10,150,7,14.2,37037795.4
10,150,7,14.3,36933168.86
10,150,7,14.4,35154517.67
10,150,7,14.5,36776229.05
10,150,7,14.6,33742059.37
10,150,7,14.7,38764133.33
10,150,7,14.8,38973386.41
10,150,7,14.9,37351675.03
10,150,7,15,38450253.7
10,150,7,15.1,40647411.06
10,150,7,15.2,40595097.79
10,150,7,15.3,37247048.49
10,150,7,15.4,39234952.76
10,150,7,15.5,42635315.33
10,150,7,15.6,38764133.33
10,150,7,15.7,37456301.57
10,150,7,15.8,38554880.24
10,150,7,15.9,39653458.92
10,150,7,16,40961290.68
10,150,7,16.1,40752037.6
10,150,7,16.2,40124278.35
10,150,7,16.3,40019651.81
10,150,7,16.4,40961290.68
10,150,7,16.5,41065917.22
10,150,7,16.6,41641363.19
10,150,7,16.7,42112182.63
10,150,7,16.8,43524640.93
10,150,7,16.9,38554880.24
10,150,7,17,41379796.84
10,150,7,17.1,45564858.47
10,150,7,17.2,44570906.33
10,150,7,17.3,43367701.12
10,150,7,17.4,43576954.2
10,150,7,17.5,43524640.93
10,150,7,17.6,44047773.63
10,150,7,17.7,44727846.15
10,150,7,17.8,45878738.09
10,150,7,17.9,42844568.41
10,150,7,18,45146352.31
10,150,7,18.1,43890833.82
10,150,7,18.2,43106134.76
10,150,7,18.3,42844568.41
10,150,7,18.4,41118230.49
10,150,7,18.5,43943147.09
10,150,7,18.6,45146352.31
10,150,7,18.7,43472327.66
10,150,7,18.8,42583002.06
10,150,7,18.9,43472327.66
10,150,7,19,46244930.99
10,150,7,19.1,47186569.85
10,150,7,19.2,42321435.71
10,150,7,19.3,43367701.12
10,150,7,19.4,43838520.55
10,150,7,19.5,47238883.12
10,150,7,19.6,44204713.44
10,150,7,19.7,44675532.87
10,150,7,19.8,43995460.36
10,150,7,19.9,46454184.07
10,150,7,20,44727846.15
10,150,7,20.1,43786207.28
10,150,7,20.2,47971268.91
10,150,7,20.3,44884785.96
10,150,7,20.4,44937099.23
10,150,7,20.5,45617171.74
10,150,7,20.6,46715750.42
10,150,7,20.7,45669485.01
10,150,7,20.8,44204713.44
10,150,7,20.9,42478375.52
10,150,7,21,43733894.01
10,150,7,21.1,45355605.39
10,150,7,21.2,45669485.01
10,150,7,21.3,43733894.01
10,150,7,21.4,45460231.93
10,150,7,21.5,43943147.09
10,150,7,21.6,43315387.85
10,150,7,21.7,44832472.69
10,150,7,21.8,44937099.23
10,150,7,21.9,41222857.03
10,150,7,22,42687628.6
10,150,7,22.1,42216809.17
10,150,7,22.2,42844568.41
10,150,7,22.3,43420014.39
10,150,7,22.4,44413966.52
10,150,7,22.5,44884785.96
10,150,7,22.6,41013603.95
10,150,7,22.7,43472327.66
10,150,7,22.8,42216809.17
10,150,7,22.9,44257026.71
10,150,7,23,42426062.25
10,150,7,23.1,42164495.9
10,150,7,23.2,46349557.53
10,150,7,23.3,45303292.12
10,150,7,23.4,41902929.55
10,150,7,23.5,43367701.12
10,150,7,23.6,43001508.22
10,150,7,23.7,43053821.49
10,150,7,23.8,40071965.08
10,150,7,23.9,47866642.37
10,150,7,24,41955242.82
10,150,7,24.1,41536736.65
10,150,7,24.2,44466279.79
10,150,7,24.3,45564858.47
10,150,7,24.4,43890833.82
10,150,7,24.5,41170543.76
10,150,7,24.6,44937099.23
10,150,7,24.7,42687628.6
10,150,7,24.8,45146352.31
10,150,7,24.9,40438157.98
10,150,7,25,42949194.95
10,150,7,25.1,42007556.09
10,150,7,25.2,42321435.71
10,150,7,25.3,41589049.92
10,150,7,25.4,40228904.9
10,150,7,25.5,41065917.22
10,150,7,25.6,43524640.93
10,150,7,25.7,42269122.44
10,150,7,25.8,42478375.52
10,150,7,25.9,40961290.68
10,150,7,26,40438157.98
10,150,7,26.1,42478375.52
10,150,7,26.2,41850616.28
10,150,7,26.3,41484423.38
10,150,7,26.4,38031747.54
10,150,7,26.5,40071965.08
10,150,7,26.6,41170543.76
10,150,7,26.7,43629267.47
10,150,7,26.8,43053821.49
10,150,7,26.9,42583002.06
10,150,7,27,38188687.35
10,150,7,27.1,39130326.22
10,150,7,27.2,39915025.27
10,150,7,27.3,40333531.44
10,150,7,27.4,39496519.11
10,150,7,27.5,38607193.51
10,150,7,27.6,39444205.84
10,150,7,27.7,43158448.03
10,150,7,27.8,39705772.19
10,150,7,27.9,38868759.87
10,150,7,28,38659506.79
10,150,7,28.1,36828542.32
10,150,7,28.2,37508614.84
10,150,7,28.3,39496519.11
10,150,7,28.4,41484423.38
10,150,7,28.5,41850616.28
10,150,7,28.6,40595097.79
10,150,7,28.7,38136374.08
10,150,7,28.8,38868759.87
10,150,7,28.9,39234952.76
10,150,7,29,36148469.81
10,150,7,29.1,37194735.22
10,150,7,29.2,37822494.46
10,150,7,29.3,37403988.3
10,150,7,29.4,35886903.46
10,150,7,29.5,38659506.79
10,150,7,29.6,39705772.19
10,150,7,29.7,37090108.67
10,150,7,29.8,39339579.3
10,150,7,29.9,36514662.7
10,150,7,30,36200783.08
10,150,7,30.1,37822494.46
10,150,7,30.2,36514662.7
10,150,7,30.3,37194735.22
10,150,7,30.4,36619289.24
10,150,7,30.5,37194735.22
10,150,7,30.6,37194735.22
10,150,7,30.7,36985482.13
10,150,7,30.8,36776229.05
10,150,7,30.9,35049891.13
10,150,7,31,35625337.11
10,150,7,31.1,35625337.11
10,150,7,31.2,36828542.32
10,150,7,31.3,35677650.38
10,150,7,31.4,36148469.81
10,150,7,31.5,35363770.75
10,150,7,31.6,37142421.95
10,150,7,31.7,35886903.46
10,150,7,31.8,34526758.43
10,150,7,31.9,36828542.32
10,150,7,32,34317505.35
10,150,7,32.1,33166613.4
10,150,7,32.2,36462349.43
10,150,7,32.3,36096156.54
10,150,7,32.4,34369818.62
10,150,7,32.5,33166613.4
10,150,7,32.6,34422131.89
10,150,7,32.7,35729963.65
10,150,7,32.8,33951312.45
10,150,7,32.9,34945264.59
10,150,7,33,33009673.59
10,150,7,33.1,33375866.48
10,150,7,33.2,35416084.02
10,150,7,33.3,34108252.27
10,150,7,33.4,32695793.97
10,150,7,33.5,34317505.35
10,150,7,33.6,34003625.72
10,150,7,33.7,33951312.45
10,150,7,33.8,31387962.21
10,150,7,33.9,33846685.91
10,150,7,34,33061986.86
10,150,7,34.1,32905047.05
10,150,7,34.2,30184756.99
10,150,7,34.3,31963408.18
10,150,7,34.4,32695793.97
10,150,7,34.5,33428179.75
10,150,7,34.6,32591167.43
10,150,7,34.7,32329601.07
10,150,7,34.8,33061986.86
10,150,7,34.9,30289383.53
10,150,7,35,30969456.04
10,150,7,35.1,34997577.86
10,150,7,35.2,28615358.88
10,150,7,35.3,32015721.45
10,150,7,35.4,33166613.4
10,150,7,35.5,31858781.64
10,150,7,35.6,30603263.15
10,150,7,35.7,30080130.45
10,150,7,35.8,31335648.94
10,150,7,35.9,33114300.13
10,150,7,36,29661624.29
10,150,7,36.1,31074082.59
10,150,7,36.2,29766250.83
10,150,7,36.3,29609311.02
10,150,7,36.4,30080130.45
10,150,7,36.5,30237070.26
10,150,7,36.6,30341696.8
10,150,7,36.7,32224974.53
10,150,7,36.8,30132443.72
10,150,7,36.9,30289383.53
10,150,7,37,31701841.83
10,150,7,37.1,31492588.75
10,150,7,37.2,30707889.69
10,150,7,37.3,31858781.64
10,150,7,37.4,29033865.04
10,150,7,37.5,27726033.28
10,150,7,37.6,29243118.12
10,150,7,37.7,28458419.07
10,150,7,37.8,31440275.48
10,150,7,37.9,28092226.18
10,150,7,38,29295431.39
10,150,7,38.1,28876925.23
10,150,7,38.2,29870877.37
10,150,7,38.3,28353792.53
10,150,7,38.4,27987599.63
10,150,7,38.5,28615358.88
10,150,7,38.6,30237070.26
10,150,7,38.7,30707889.69
10,150,7,38.8,29818564.1
10,150,7,38.9,28196852.72
10,150,7,39,27412153.66
10,150,7,39.1,28876925.23
10,150,7,39.2,28196852.72
10,150,7,39.3,25999695.36
10,150,7,39.4,27412153.66
10,150,7,39.5,27987599.63
10,150,7,39.6,27673720.01
10,150,7,39.7,27150587.31
10,150,7,39.8,28615358.88
10,150,7,39.9,27726033.28
10,150,7,40,27359840.39
10,150,7,40.1,26784394.42
10,150,7,40.2,28667672.15
10,150,7,40.3,26208948.44
10,150,7,40.4,27726033.28
10,150,7,40.5,25947382.09
10,150,7,40.6,26836707.69
10,150,7,40.7,28144539.45
10,150,7,40.8,25528875.93
10,150,7,40.9,24953429.95
10,150,7,41,27098274.04
10,150,7,41.1,25476562.66
10,150,7,41.2,24482610.52
10,150,7,41.3,26522828.07
10,150,7,41.4,27726033.28
10,150,7,41.5,27307527.12
10,150,7,41.6,25476562.66
10,150,7,41.7,25424249.39
10,150,7,41.8,25267309.58
10,150,7,41.9,25842755.55
10,150,7,42,25633502.47
10,150,7,42.1,26679767.88
10,150,7,42.2,26679767.88
10,150,7,42.3,25424249.39
10,150,7,42.4,23645598.2
10,150,7,42.5,25842755.55
10,150,7,42.6,25267309.58
10,150,7,42.7,25895068.82
10,150,7,42.8,26261261.71
10,150,7,42.9,23854851.28
10,150,7,43,23540971.66
10,150,7,43.1,25476562.66
10,150,7,43.2,25424249.39
10,150,7,43.3,23697911.47
10,150,7,43.4,24221044.17
10,150,7,43.5,23593284.93
10,150,7,43.6,25267309.58
10,150,7,43.7,25581189.2
10,150,7,43.8,24377983.98
10,150,7,43.9,23070152.22
10,150,7,44,24744176.87
10,150,7,44.1,24482610.52
10,150,7,44.2,23070152.22
10,150,7,44.3,24221044.17
10,150,7,44.4,22337766.44
10,150,7,44.5,24430297.25
10,150,7,44.6,25790442.28
10,150,7,44.7,25999695.36
10,150,7,44.8,24796490.14
10,150,7,44.9,25371936.12
10,150,7,45,23802538.01
10,150,7,45.1,26052008.63
10,150,7,45.2,24221044.17
10,150,7,45.3,24796490.14
10,150,7,45.4,25110369.77
10,150,7,45.5,22285453.17
10,150,7,45.6,22023886.82
10,150,7,45.7,23959477.82
10,150,7,45.8,22494706.25
10,150,7,45.9,22599332.79
10,150,7,46,23854851.28
10,150,7,46.1,21186874.49
10,150,7,46.2,21919260.27
10,150,7,46.3,21814633.73
10,150,7,46.4,22913212.41
10,150,7,46.5,22860899.14
10,150,7,46.6,22494706.25
10,150,7,46.7,20297548.89
10,150,7,46.8,20663741.79
10,150,7,46.9,21605380.65
10,150,7,47,23174778.76
10,150,7,47.1,21186874.49
10,150,7,47.2,21710007.19
10,150,7,47.3,23540971.66
10,150,7,47.4,22023886.82
10,150,7,47.5,21291501.03
10,150,7,47.6,22390079.71
10,150,7,47.7,22965525.68
10,150,7,47.8,20402175.43
10,150,7,47.9,21448440.84
10,150,7,48,23488658.39
10,150,7,48.1,21971573.54
10,150,7,48.2,21343814.3
10,150,7,48.3,21866947
10,150,7,48.4,19879042.73
10,150,7,48.5,22076200.09
10,150,7,48.6,22337766.44
10,150,7,48.7,21500754.11
10,150,7,48.8,20611428.52
10,150,7,48.9,22076200.09
10,150,7,49,21239187.76
10,150,7,49.1,21186874.49
10,150,7,49.2,20245235.62
10,150,7,49.3,20192922.35
10,150,7,49.4,20611428.52
10,150,7,49.5,20611428.52
10,150,7,49.6,19983669.27
10,150,7,49.7,20768368.33
10,150,7,49.8,22651646.06
10,150,7,49.9,20925308.14
10,150,7,50,21919260.27
10,150,7,50.1,19617476.38
10,150,7,50.2,18100391.54
10,150,7,50.3,20245235.62
10,150,7,50.4,21500754.11
10,150,7,50.5,20035982.54
10,150,7,50.6,19774416.19
10,150,7,50.7,19879042.73
10,150,7,50.8,20088295.81
10,150,7,50.9,18571210.97
10,150,7,51,20977621.41
10,150,7,51.1,22494706.25
10,150,7,51.2,19931356
10,150,7,51.3,18937403.86
10,150,7,51.4,19303596.76
10,150,7,51.5,22023886.82
10,150,7,51.6,20559115.25
10,150,7,51.7,19512849.84
10,150,7,51.8,20297548.89
10,150,7,51.9,21134561.22
10,150,7,52,19669789.65
10,150,7,52.1,18518897.7
10,150,7,52.2,19512849.84
10,150,7,52.3,21919260.27
10,150,7,52.4,19774416.19
10,150,7,52.5,19251283.49
10,150,7,52.6,19146656.95
10,150,7,52.7,19826729.46
10,150,7,52.8,21448440.84
10,150,7,52.9,20245235.62
10,150,7,53,19460536.57
10,150,7,53.1,17891138.46
10,150,7,53.2,20768368.33
10,150,7,53.3,17838825.19
10,150,7,53.4,20035982.54
10,150,7,53.5,19879042.73
10,150,7,53.6,18623524.24
10,150,7,53.7,20349862.16
10,150,7,53.8,19042030.41
10,150,7,53.9,18466584.43
10,150,7,54,18048078.27
10,150,7,54.1,19460536.57
10,150,7,54.2,18205018.08
10,150,7,54.3,18623524.24
10,150,7,54.4,19669789.65
10,150,7,54.5,19931356
10,150,7,54.6,18623524.24
10,150,7,54.7,18832777.32
10,150,7,54.8,19460536.57
10,150,7,54.9,18048078.27
10,150,7,55,17786511.92
10,150,7,55.1,18414271.16
10,150,7,55.2,20402175.43
10,150,7,55.3,17891138.46
10,150,7,55.4,18309644.62
10,150,7,55.5,17524945.57
10,150,7,55.6,17786511.92
10,150,7,55.7,16478680.16
10,150,7,55.8,18100391.54
10,150,7,55.9,16844873.05
10,150,7,56,18100391.54
10,150,7,56.1,18780464.05
10,150,7,56.2,17368005.75
10,150,7,56.3,18885090.59
10,150,7,56.4,16269427.08
10,150,7,56.5,18675837.51
10,150,7,56.6,17001812.86
10,150,7,56.7,16897186.32
10,150,7,56.8,18152704.81
10,150,7,56.9,17681885.38
10,150,7,57,17577258.84
10,150,7,57.1,17368005.75
10,150,7,57.2,15327788.21
10,150,7,57.3,14647715.7
10,150,7,57.4,16321740.35
10,150,7,57.5,17838825.19
10,150,7,57.6,16687933.24
10,150,7,57.7,19198970.22
10,150,7,57.8,16844873.05
10,150,7,57.9,15589354.56
10,150,7,58,15850920.91
10,150,7,58.1,196279390.3
10,150,7,58.2,15693981.1
10,150,7,58.3,15746294.37
10,150,7,58.4,17577258.84
10,150,7,58.5,16844873.05
10,150,7,58.6,17315692.48
10,150,7,58.7,16321740.35
10,150,7,58.8,15589354.56
10,150,7,58.9,16583306.7
10,150,7,59,16269427.08
10,150,7,59.1,17001812.86
10,150,7,59.2,17001812.86
10,150,7,59.3,17420319.02
10,150,7,59.4,16478680.16
10,150,7,59.5,330672181.9
10,150,7,59.6,17211065.94
10,150,7,59.7,17734198.65
10,150,7,59.8,17368005.75
10,150,7,59.9,15118535.13
10,150,7,60,15327788.21
10,150,7,60.1,16321740.35
10,150,7,60.2,16949499.59
10,150,7,60.3,16007860.73
10,150,7,60.4,16374053.62
10,150,7,60.5,16164800.54
10,150,7,60.6,15327788.21
10,150,7,60.7,15850920.91
10,150,7,60.8,13339883.94
10,150,7,60.9,17054126.13
10,150,7,61,15641667.83
10,150,7,61.1,16530993.43
10,150,7,61.2,15170848.4
10,150,7,61.3,16687933.24
10,150,7,61.4,15013908.59
10,150,7,61.5,13653763.56
10,150,7,61.6,15798607.64
10,150,7,61.7,14176896.26
10,150,7,61.8,16897186.32
10,150,7,61.9,15223161.67
10,150,7,62,15170848.4
10,150,7,62.1,14595402.43
10,150,7,62.2,15275474.94
10,150,7,62.3,16478680.16
10,150,7,62.4,15693981.1
10,150,7,62.5,14647715.7
10,150,7,62.6,16792559.78
10,150,7,62.7,15903234.18
10,150,7,62.8,15484728.02
10,150,7,62.9,15693981.1
10,150,7,63,15484728.02
10,150,7,63.1,15013908.59
10,150,7,63.2,16269427.08
10,150,7,63.3,12973691.05
10,150,7,63.4,14595402.43
10,150,7,63.5,15693981.1
10,150,7,63.6,14647715.7
10,150,7,63.7,13601450.29
10,150,7,63.8,12136678.72
10,150,7,63.9,15066221.86
10,150,7,64,14909282.05
10,150,7,64.1,13444510.48
10,150,7,64.2,15746294.37
10,150,7,64.3,14700028.97
10,150,7,64.4,15013908.59
10,150,7,64.5,16478680.16
10,150,7,64.6,14438462.62
10,150,7,64.7,14752342.24
10,150,7,64.8,13653763.56
10,150,7,64.9,14909282.05
10,150,7,65,16321740.35
10,150,7,65.1,12869064.5
10,150,7,65.2,13549137.02
10,150,7,65.3,12816751.23
10,150,7,65.4,13915329.91
10,150,7,65.5,13549137.02
10,150,7,65.6,13549137.02
10,150,7,65.7,14072269.72
10,150,7,65.8,13392197.21
10,150,7,65.9,13078317.59
10,150,7,66,12502871.61
10,150,7,66.1,13967643.18
10,150,7,66.2,14909282.05
10,150,7,66.3,13078317.59
10,150,7,66.4,12607498.15
10,150,7,66.5,12816751.23
10,150,7,66.6,13653763.56
10,150,7,66.7,13706076.83
10,150,7,66.8,14019956.45
10,150,7,66.9,15118535.13
10,150,7,67,14072269.72
10,150,7,67.1,43158448.03
10,150,7,67.2,14124582.99
10,150,7,67.3,14752342.24
10,150,7,67.4,79045351.49
10,150,7,67.5,11351979.66
10,150,7,67.6,13235257.4
10,150,7,67.7,12084365.45
10,150,7,67.8,13706076.83
10,150,7,67.9,13863016.64
10,150,7,68,14961595.32
10,150,7,68.1,12764437.96
10,150,7,68.2,11979738.91
10,150,7,68.3,13496823.75
10,150,7,68.4,13549137.02
10,150,7,68.5,12555184.88
10,150,7,68.6,12869064.5
10,150,7,68.7,12293618.53
10,150,7,68.8,13182944.13
10,150,7,68.9,13235257.4
10,150,7,69,12764437.96
10,150,7,69.1,12764437.96
10,150,7,69.2,20245235.62
10,150,7,69.3,27516780.2
10,150,7,69.4,14752342.24
10,150,7,69.5,13967643.18
10,150,7,69.6,15066221.86
10,150,7,69.7,11456606.21
10,150,7,69.8,10724220.42
10,150,7,69.9,11770485.83
10,150,7,70,11247353.12
10,150,7,70.1,10567280.61
10,150,7,70.2,12607498.15
10,150,7,70.3,11404292.94
10,150,7,70.4,11299666.39
10,150,7,70.5,10410340.8
10,150,7,70.6,11822799.1
10,150,7,70.7,10724220.42
10,150,7,70.8,10096461.18
10,150,7,70.9,11456606.21
10,150,7,71,10462654.07
10,150,7,71.1,13392197.21
10,150,7,71.2,10828846.96
10,150,7,71.3,11195039.85
10,150,7,71.4,10148774.45
10,150,7,71.5,11404292.94
10,150,7,71.6,12398245.07
10,150,7,71.7,10828846.96
10,150,7,71.8,9259448.851
10,150,7,71.9,13392197.21
10,150,7,72,11299666.39
10,150,7,72.1,11456606.21
10,150,7,72.2,11508919.48
10,150,7,72.3,11038100.04
10,150,7,72.4,11456606.21
10,150,7,72.5,11613546.02
10,150,7,72.6,11299666.39
10,150,7,72.7,9782581.555
10,150,7,72.8,10410340.8
10,150,7,72.9,10724220.42
10,150,7,73,9625641.744
10,150,7,73.1,9939521.366
10,150,7,73.2,11247353.12
10,150,7,73.3,10985786.77
10,150,7,73.4,10567280.61
10,150,7,73.5,11404292.94
10,150,7,73.6,10201087.72
10,150,7,73.7,11561232.75
10,150,7,73.8,10462654.07
10,150,7,73.9,10201087.72
10,150,7,74,11665859.29
10,150,7,74.1,11613546.02
10,150,7,74.2,10776533.69
10,150,7,74.3,10253400.99
10,150,7,74.4,10619593.88
10,150,7,74.5,9050195.77
10,150,7,74.6,9834894.825
10,150,7,74.7,9364075.392
10,150,7,74.8,9677955.014
10,150,7,74.9,11090413.31
10,150,7,75,11561232.75
10,150,7,75.1,8631689.607
10,150,7,75.2,10044147.91
10,150,7,75.3,10671907.15
10,150,7,75.4,12032052.18
10,150,7,75.5,9468701.932
10,150,7,75.6,12398245.07
10,150,7,75.7,9782581.555
10,150,7,75.8,9625641.744
10,150,7,75.9,9991834.636
10,150,7,76,11665859.29
10,150,7,76.1,9102509.04
10,150,7,76.2,10201087.72
10,150,7,76.3,9730268.284
10,150,7,76.4,10881160.23
10,150,7,76.5,9730268.284
10,150,7,76.6,11038100.04
10,150,7,76.7,10671907.15
10,150,7,76.8,9991834.636
10,150,7,76.9,12032052.18
10,150,7,77,10305714.26
10,150,7,77.1,10776533.69
10,150,7,77.2,9887208.095
10,150,7,77.3,9468701.932
10,150,7,77.4,9102509.04
10,150,7,77.5,11038100.04
10,150,7,77.6,11665859.29
10,150,7,77.7,9677955.014
10,150,7,77.8,8474749.796
10,150,7,77.9,10358027.53
10,150,7,78,11247353.12
10,150,7,78.1,9573328.473
10,150,7,78.2,8840942.688
10,150,7,78.3,11351979.66
10,150,7,78.4,9468701.932
10,150,7,78.5,9311762.121
10,150,7,78.6,10096461.18
10,150,7,78.7,8840942.688
10,150,7,78.8,9154822.31
10,150,7,78.9,9468701.932
10,150,7,79,10096461.18
10,150,7,79.1,9154822.31
10,150,7,79.2,8370123.255
10,150,7,79.3,9730268.284
10,150,7,79.4,9677955.014
10,150,7,79.5,9991834.636
10,150,7,79.6,9521015.203
10,150,7,79.7,10305714.26
10,150,7,79.8,9782581.555
10,150,7,79.9,10462654.07
10,150,7,80,9207135.581
10,150,7,80.1,8317809.985
10,150,7,80.2,8579376.337
10,150,7,80.3,8893255.959
10,150,7,80.4,9207135.581
10,150,7,80.5,10305714.26
10,150,7,80.6,9154822.31
10,150,7,80.7,8840942.688
10,150,7,80.8,9625641.744
10,150,7,80.9,9834894.825
10,150,7,81,9887208.095
10,150,7,81.1,8160870.174
10,150,7,81.2,9887208.095
10,150,7,81.3,9939521.366
10,150,7,81.4,7271544.578
10,150,7,81.5,8945569.229
10,150,7,81.6,10044147.91
10,150,7,81.7,9625641.744
10,150,7,81.8,9259448.851
10,150,7,81.9,9416388.662
10,150,7,82,10514967.34
10,150,7,82.1,9207135.581
10,150,7,82.2,9102509.04
10,150,7,82.3,7690050.741
10,150,7,82.4,8579376.337
10,150,7,82.5,9677955.014
10,150,7,82.6,8056243.633
10,150,7,82.7,8945569.229
10,150,7,82.8,8003930.363
10,150,7,82.9,7480797.659
10,150,7,83,8684002.877
10,150,7,83.1,9207135.581
10,150,7,83.2,8893255.959
10,150,7,83.3,9259448.851
10,150,7,83.4,9364075.392
10,150,7,83.5,8631689.607
10,150,7,83.6,8631689.607
10,150,7,83.7,8997882.499
10,150,7,83.8,8840942.688
10,150,7,83.9,8160870.174
10,150,7,84,8579376.337
10,150,7,84.1,7899303.822
10,150,7,84.2,7899303.822
10,150,7,84.3,8893255.959
10,150,7,84.4,7742364.011
10,150,7,84.5,9102509.04
10,150,7,84.6,9730268.284
10,150,7,84.7,7166918.037
10,150,7,84.8,7846990.552
10,150,7,84.9,8317809.985
10,150,7,85,8317809.985
10,150,7,85.1,9050195.77
10,150,7,85.2,8370123.255
10,150,7,85.3,7899303.822
10,150,7,85.4,8422436.526
10,150,7,85.5,9154822.31
10,150,7,85.6,7899303.822
10,150,7,85.7,8684002.877
10,150,7,85.8,8265496.715
10,150,7,85.9,8160870.174
10,150,7,86,9311762.121
10,150,7,86.1,8108556.904
10,150,7,86.2,8474749.796
10,150,7,86.3,8160870.174
10,150,7,86.4,7271544.578
10,150,7,86.5,7794677.281
10,150,7,86.6,7009978.226
10,150,7,86.7,8317809.985
10,150,7,86.8,10096461.18
10,150,7,86.9,7585424.2
10,150,7,87,8317809.985
10,150,7,87.1,7114604.767
10,150,7,87.2,8370123.255
10,150,7,87.3,7428484.389
10,150,7,87.4,7690050.741
10,150,7,87.5,8108556.904
10,150,7,87.6,7794677.281
10,150,7,87.7,7846990.552
10,150,7,87.8,8474749.796
10,150,7,87.9,6696098.604
10,150,7,88,8422436.526
10,150,7,88.1,7114604.767
10,150,7,88.2,7009978.226
10,150,7,88.3,8317809.985
10,150,7,88.4,7585424.2
10,150,7,88.5,7219231.308
10,150,7,88.6,6696098.604
10,150,7,88.7,8422436.526
10,150,7,88.8,7951617.092
10,150,7,88.9,7690050.741
10,150,7,89,6329905.712
10,150,7,89.1,9154822.31
10,150,7,89.2,7480797.659
10,150,7,89.3,7899303.822
10,150,7,89.4,7533110.93
10,150,7,89.5,7742364.011
10,150,7,89.6,8213183.444
10,150,7,89.7,8527063.066
10,150,7,89.8,7271544.578
10,150,7,89.9,6696098.604
10,150,7,90,7846990.552
10,150,7,90.1,6748411.875
10,150,7,90.2,6434532.252
10,150,7,90.3,7637737.47
10,150,7,90.4,7219231.308
10,150,7,90.5,7428484.389
10,150,7,90.6,7323857.848
10,150,7,90.7,7951617.092
10,150,7,90.8,6905351.686
10,150,7,90.9,7899303.822
10,150,7,91,7480797.659
10,150,7,91.1,7794677.281
10,150,7,91.2,7480797.659
10,150,7,91.3,7376171.119
10,150,7,91.4,7114604.767
10,150,7,91.5,7009978.226
10,150,7,91.6,6539158.793
10,150,7,91.7,7637737.47
10,150,7,91.8,8003930.363
10,150,7,91.9,8003930.363
10,150,7,92,6800725.145
10,150,7,92.1,7114604.767
10,150,7,92.2,6643785.334
10,150,7,92.3,6539158.793
10,150,7,92.4,8317809.985
10,150,7,92.5,6748411.875
10,150,7,92.6,7951617.092
10,150,7,92.7,6748411.875
10,150,7,92.8,7323857.848
10,150,7,92.9,7009978.226
10,150,7,93,7637737.47
10,150,7,93.1,6748411.875
10,150,7,93.2,6696098.604
10,150,7,93.3,6800725.145
10,150,7,93.4,7062291.497
10,150,7,93.5,5754459.738
10,150,7,93.6,7428484.389
10,150,7,93.7,7062291.497
10,150,7,93.8,7637737.47
10,150,7,93.9,6748411.875
10,150,7,94,8003930.363
10,150,7,94.1,6434532.252
10,150,7,94.2,6172965.901
10,150,7,94.3,7166918.037
10,150,7,94.4,6643785.334
10,150,7,94.5,6539158.793
10,150,7,94.6,5545206.657
10,150,7,94.7,6748411.875
10,150,7,94.8,6016026.09
10,150,7,94.9,7009978.226
10,150,7,95,6068339.36
10,150,7,95.1,7219231.308
10,150,7,95.2,6382218.982
10,150,7,95.3,6696098.604
10,150,7,95.4,7376171.119
10,150,7,95.5,6539158.793
10,150,7,95.6,7166918.037
10,150,7,95.7,6748411.875
10,150,7,95.8,6434532.252
10,150,7,95.9,7271544.578
10,150,7,96,6643785.334
10,150,7,96.1,6486845.523
10,150,7,96.2,7637737.47
10,150,7,96.3,7637737.47
10,150,7,96.4,6016026.09
10,150,7,96.5,6643785.334
10,150,7,96.6,7376171.119
10,150,7,96.7,6957664.956
10,150,7,96.8,6277592.441
10,150,7,96.9,6329905.712
10,150,7,97,5911399.549
10,150,7,97.1,6643785.334
10,150,7,97.2,6382218.982
10,150,7,97.3,7271544.578
10,150,7,97.4,6382218.982
10,150,7,97.5,6225279.171
10,150,7,97.6,6800725.145
10,150,7,97.7,7062291.497
10,150,7,97.8,6120652.63
10,150,7,97.9,6329905.712
10,150,7,98,6329905.712
10,150,7,98.1,6853038.415
10,150,7,98.2,6591472.063
10,150,7,98.3,6329905.712
10,150,7,98.4,5388266.846
10,150,7,98.5,5649833.197
10,150,7,98.6,6016026.09
10,150,7,98.7,6905351.686
10,150,7,98.8,5492893.386
10,150,7,98.9,5806773.008
10,150,7,99,7637737.47
10,150,7,99.1,7533110.93
10,150,7,99.2,5492893.386
10,150,7,99.3,6277592.441
10,150,7,99.4,5963712.819
10,150,7,99.5,6225279.171
10,150,7,99.6,7271544.578
10,150,7,99.7,5649833.197
10,150,7,99.8,5806773.008
10,150,7,99.9,5806773.008
10,150,7,100,4603567.79
10,150,7,100.1,5754459.738
10,150,7,100.2,5597519.927
10,150,7,100.3,5649833.197
10,150,7,100.4,6591472.063
10,150,7,100.5,6172965.901
10,150,7,100.6,5492893.386
10,150,7,100.7,7009978.226
10,150,7,100.8,6853038.415
10,150,7,100.9,7114604.767
10,150,7,101,5126700.494
10,150,7,101.1,6382218.982
10,150,7,101.2,6329905.712
10,150,7,101.3,6696098.604
10,150,7,101.4,6120652.63
10,150,7,101.5,6800725.145
10,150,7,101.6,6486845.523
10,150,7,101.7,6853038.415
10,150,7,101.8,6905351.686
10,150,7,101.9,5335953.575
10,150,7,102,6329905.712
10,150,7,102.1,6277592.441
10,150,7,102.2,6905351.686
10,150,7,102.3,5754459.738
10,150,7,102.4,6277592.441
10,150,7,102.5,6905351.686
10,150,7,102.6,6172965.901
10,150,7,102.7,6277592.441
10,150,7,102.8,6225279.171
10,150,7,102.9,5649833.197
10,150,7,103,6068339.36
10,150,7,103.1,6486845.523
10,150,7,103.2,4551254.52
10,150,7,103.3,5022073.953
10,150,7,103.4,6068339.36
10,150,7,103.5,7114604.767
10,150,7,103.6,6016026.09
10,150,7,103.7,7009978.226
10,150,7,103.8,5963712.819
10,150,7,103.9,4865134.142
10,150,7,104,5022073.953
10,150,7,104.1,5179013.764
10,150,7,104.2,5702146.468
10,150,7,104.3,5022073.953
10,150,7,104.4,5963712.819
10,150,7,104.5,5649833.197
10,150,7,104.6,5179013.764
10,150,7,104.7,4917447.412
10,150,7,104.8,5283640.305
10,150,7,104.9,5597519.927
10,150,7,105,5179013.764
10,150,7,105.1,5754459.738
10,150,7,105.2,5492893.386
10,150,7,105.3,5283640.305
10,150,7,105.4,4865134.142
10,150,7,105.5,5963712.819
10,150,7,105.6,5702146.468
10,150,7,105.7,5702146.468
10,150,7,105.8,5545206.657
10,150,7,105.9,5859086.279
10,150,7,106,5283640.305
10,150,7,106.1,5440580.116
10,150,7,106.2,5754459.738
10,150,7,106.3,5231327.035
10,150,7,106.4,5283640.305
10,150,7,106.5,5231327.035
10,150,7,106.6,5492893.386
10,150,7,106.7,6591472.063
10,150,7,106.8,5649833.197
10,150,7,106.9,4917447.412
10,150,7,107,5126700.494
10,150,7,107.1,5231327.035
10,150,7,107.2,5597519.927
10,150,7,107.3,4917447.412
10,150,7,107.4,4812820.872
10,150,7,107.5,5283640.305
10,150,7,107.6,5440580.116
10,150,7,107.7,5545206.657
10,150,7,107.8,5440580.116
10,150,7,107.9,6643785.334
10,150,7,108,5859086.279
10,150,7,108.1,4760507.601
10,150,7,108.2,5074387.223
10,150,7,108.3,5231327.035
10,150,7,108.4,5335953.575
10,150,7,108.5,5492893.386
10,150,7,108.6,5702146.468
10,150,7,108.7,5179013.764
10,150,7,108.8,5022073.953
10,150,7,108.9,4812820.872
10,150,7,109,5388266.846
10,150,7,109.1,4812820.872
10,150,7,109.2,4865134.142
10,150,7,109.3,5126700.494
10,150,7,109.4,5702146.468
10,150,7,109.5,4708194.331
10,150,7,109.6,4185061.628
10,150,7,109.7,5492893.386
10,150,7,109.8,4028121.817
10,150,7,109.9,4498941.25
10,150,7,110,5231327.035
10,150,7,110.1,4551254.52
10,150,7,110.2,4551254.52
10,150,7,110.3,4498941.25
10,150,7,110.4,4969760.683
10,150,7,110.5,4655881.061
10,150,7,110.6,4917447.412
10,150,7,110.7,5022073.953
10,150,7,110.8,4708194.331
10,150,7,110.9,3975808.546
10,150,7,111,3714242.195
10,150,7,111.1,5335953.575
10,150,7,111.2,4446627.979
10,150,7,111.3,3766555.465
10,150,7,111.4,5597519.927
10,150,7,111.5,3923495.276
10,150,7,111.6,5231327.035
10,150,7,111.7,3975808.546
10,150,7,111.8,5388266.846
10,150,7,111.9,4603567.79
10,150,7,112,5597519.927
10,150,7,112.1,5283640.305
10,150,7,112.2,4498941.25
10,150,7,112.3,4760507.601
10,150,7,112.4,4760507.601
10,150,7,112.5,3923495.276
10,150,7,112.6,5545206.657
10,150,7,112.7,4237374.898
10,150,7,112.8,4446627.979
10,150,7,112.9,3400362.572
10,150,7,113,5231327.035
10,150,7,113.1,4917447.412
10,150,7,113.2,4917447.412
10,150,7,113.3,3818868.735
10,150,7,113.4,3923495.276
10,150,7,113.5,4865134.142
10,150,7,113.6,4237374.898
10,150,7,113.7,5231327.035
10,150,7,113.8,5754459.738
10,150,7,113.9,4551254.52
10,150,7,114,4865134.142
10,150,7,114.1,5597519.927
10,150,7,114.2,4237374.898
10,150,7,114.3,5335953.575
10,150,7,114.4,4865134.142
10,150,7,114.5,3871182.006
10,150,7,114.6,5231327.035
10,150,7,114.7,4446627.979
10,150,7,114.8,4028121.817
10,150,7,114.9,3766555.465
10,150,7,115,4237374.898
10,150,7,115.1,4342001.439
10,150,7,115.2,4812820.872
10,150,7,115.3,5492893.386
10,150,7,115.4,4865134.142
10,150,7,115.5,4655881.061
10,150,7,115.6,4237374.898
10,150,7,115.7,5022073.953
10,150,7,115.8,4655881.061
10,150,7,115.9,3818868.735
10,150,7,116,4289688.168
10,150,7,116.1,5545206.657
10,150,7,116.2,3871182.006
10,150,7,116.3,4917447.412
10,150,7,116.4,4655881.061
10,150,7,116.5,4028121.817
10,150,7,116.6,4237374.898
10,150,7,116.7,4289688.168
10,150,7,116.8,4812820.872
10,150,7,116.9,4185061.628
10,150,7,117,4498941.25
10,150,7,117.1,3191109.491
10,150,7,117.2,3557302.383
10,150,7,117.3,4917447.412
10,150,7,117.4,4289688.168
10,150,7,117.5,3191109.491
10,150,7,117.6,2929543.139
10,150,7,117.7,3504989.113
10,150,7,117.8,3975808.546
10,150,7,117.9,3975808.546
10,150,7,118,4132748.357
10,150,7,118.1,3766555.465
10,150,7,118.2,4708194.331
10,150,7,118.3,3818868.735
10,150,7,118.4,4080435.087
10,150,7,118.5,4498941.25
10,150,7,118.6,4551254.52
10,150,7,118.7,5074387.223
10,150,7,118.8,3348049.302
10,150,7,118.9,3661928.924
10,150,7,119,4132748.357
10,150,7,119.1,3818868.735
10,150,7,119.2,3714242.195
10,150,7,119.3,4551254.52
10,150,7,119.4,3452675.843
10,150,7,119.5,3818868.735
10,150,7,119.6,4655881.061
10,150,7,119.7,4342001.439
10,150,7,119.8,3871182.006
10,150,7,119.9,4498941.25
10,150,7,120,3818868.735
10,150,7,120.1,3766555.465
10,150,7,120.2,4289688.168
10,150,7,120.3,4132748.357
10,150,7,120.4,3766555.465
10,150,7,120.5,4132748.357
10,150,7,120.6,3452675.843
10,150,7,120.7,3609615.654
10,150,7,120.8,4342001.439
10,150,7,120.9,3400362.572
10,150,7,121,3714242.195
10,150,7,121.1,3661928.924
10,150,7,121.2,3452675.843
10,150,7,121.3,3609615.654
10,150,7,121.4,2720290.058
10,150,7,121.5,3975808.546
10,150,7,121.6,3661928.924
10,150,7,121.7,3609615.654
10,150,7,121.8,3034169.68
10,150,7,121.9,3400362.572
10,150,7,122,2824916.599
10,150,7,122.1,3766555.465
10,150,7,122.2,3871182.006
10,150,7,122.3,3504989.113
10,150,7,122.4,3714242.195
10,150,7,122.5,3766555.465
10,150,7,122.6,4289688.168
10,150,7,122.7,3871182.006
10,150,7,122.8,3766555.465
10,150,7,122.9,3086482.95
10,150,7,123,3138796.221
10,150,7,123.1,2249470.625
10,150,7,123.2,3557302.383
10,150,7,123.3,3034169.68
10,150,7,123.4,4289688.168
10,150,7,123.5,4342001.439
10,150,7,123.6,4394314.709
10,150,7,123.7,3661928.924
10,150,7,123.8,3766555.465
10,150,7,123.9,3138796.221
10,150,7,124,2824916.599
10,150,7,124.1,3609615.654
10,150,7,124.2,3348049.302
10,150,7,124.3,3975808.546
10,150,7,124.4,3452675.843
10,150,7,124.5,3609615.654
10,150,7,124.6,3871182.006
10,150,7,124.7,3243422.761
10,150,7,124.8,3504989.113
10,150,7,124.9,3557302.383
10,150,7,125,3138796.221
10,150,7,125.1,3034169.68
10,150,7,125.2,3504989.113
10,150,7,125.3,3348049.302
10,150,7,125.4,3034169.68
10,150,7,125.5,3086482.95
10,150,7,125.6,3714242.195
10,150,7,125.7,3191109.491
10,150,7,125.8,2772603.328
10,150,7,125.9,3086482.95
10,150,7,126,2458723.706
10,150,7,126.1,2720290.058
10,150,7,126.2,3609615.654
10,150,7,126.3,3191109.491
10,150,7,126.4,2301783.895
10,150,7,126.5,3191109.491
10,150,7,126.6,3452675.843
10,150,7,126.7,2667976.788
10,150,7,126.8,3557302.383
10,150,7,126.9,3034169.68
10,150,7,127,2615663.517
10,150,7,127.1,3138796.221
10,150,7,127.2,3609615.654
10,150,7,127.3,3191109.491
10,150,7,127.4,3191109.491
10,150,7,127.5,2981856.41
10,150,7,127.6,2720290.058
10,150,7,127.7,2981856.41
10,150,7,127.8,3714242.195
10,150,7,127.9,3661928.924
10,150,7,128,3034169.68
10,150,7,128.1,2877229.869
10,150,7,128.2,3243422.761
10,150,7,128.3,3138796.221
10,150,7,128.4,2824916.599
10,150,7,128.5,2824916.599
10,150,7,128.6,3191109.491
10,150,7,128.7,3923495.276
10,150,7,128.8,2772603.328
10,150,7,128.9,3243422.761
10,150,7,129,2667976.788
10,150,7,129.1,2667976.788
10,150,7,129.2,3243422.761
10,150,7,129.3,2877229.869
10,150,7,129.4,3348049.302
10,150,7,129.5,2354097.166
10,150,7,129.6,2929543.139
10,150,7,129.7,3034169.68
10,150,7,129.8,2354097.166
10,150,7,129.9,2981856.41
10,150,7,130,3661928.924
10,150,7,130.1,2615663.517
10,150,7,130.2,3086482.95
10,150,7,130.3,2197157.354
10,150,7,130.4,2563350.247
10,150,7,130.5,2511036.977
10,150,7,130.6,3609615.654
10,150,7,130.7,2667976.788
10,150,7,130.8,2458723.706
10,150,7,130.9,3086482.95
10,150,7,131,2929543.139
10,150,7,131.1,2354097.166
10,150,7,131.2,3034169.68
10,150,7,131.3,2772603.328
10,150,7,131.4,2354097.166
10,150,7,131.5,2981856.41
10,150,7,131.6,2824916.599
10,150,7,131.7,2511036.977
10,150,7,131.8,2772603.328
10,150,7,131.9,2877229.869
10,150,7,132,2563350.247
10,150,7,132.1,3243422.761
10,150,7,132.2,3138796.221
10,150,7,132.3,2981856.41
10,150,7,132.4,2720290.058
10,150,7,132.5,2772603.328
10,150,7,132.6,2772603.328
10,150,7,132.7,2667976.788
10,150,7,132.8,1883277.732
10,150,7,132.9,2720290.058
10,150,7,133,2511036.977
10,150,7,133.1,2197157.354
10,150,7,133.2,2458723.706
10,150,7,133.3,2301783.895
10,150,7,133.4,2615663.517
10,150,7,133.5,2563350.247
10,150,7,133.6,2563350.247
10,150,7,133.7,2144844.084
10,150,7,133.8,2040217.543
10,150,7,133.9,2406410.436
10,150,7,134,2197157.354
10,150,7,134.1,1778651.192
10,150,7,134.2,2563350.247
10,150,7,134.3,1778651.192
10,150,7,134.4,2197157.354
10,150,7,134.5,1883277.732
10,150,7,134.6,2720290.058
10,150,7,134.7,1935591.003
10,150,7,134.8,1987904.273
10,150,7,134.9,2667976.788
10,150,7,135,2354097.166
10,150,7,135.1,2772603.328
10,150,7,135.2,2040217.543
10,150,7,135.3,2092530.814
10,150,7,135.4,2563350.247
10,150,7,135.5,2197157.354
10,150,7,135.6,3086482.95
10,150,7,135.7,2301783.895
10,150,7,135.8,2406410.436
10,150,7,135.9,2929543.139
10,150,7,136,1883277.732
10,150,7,136.1,1778651.192
10,150,7,136.2,2406410.436
10,150,7,136.3,1935591.003
10,150,7,136.4,2563350.247
10,150,7,136.5,2040217.543
10,150,7,136.6,1987904.273
10,150,7,136.7,2144844.084
10,150,7,136.8,1830964.462
10,150,7,136.9,2301783.895
10,150,7,137,2092530.814
10,150,7,137.1,2092530.814
10,150,7,137.2,1987904.273
10,150,7,137.3,2040217.543
10,150,7,137.4,1935591.003
10,150,7,137.5,2301783.895
10,150,7,137.6,2511036.977
10,150,7,137.7,1517084.84
10,150,7,137.8,1935591.003
10,150,7,137.9,1778651.192
10,150,7,138,1987904.273
10,150,7,138.1,1830964.462
10,150,7,138.2,1621711.381
10,150,7,138.3,1778651.192
10,150,7,138.4,1935591.003
10,150,7,138.5,2092530.814
10,150,7,138.6,1674024.651
10,150,7,138.7,2197157.354
10,150,7,138.8,1830964.462
10,150,7,138.9,1935591.003
10,150,7,139,2040217.543
10,150,7,139.1,1621711.381
10,150,7,139.2,1987904.273
10,150,7,139.3,1830964.462
10,150,7,139.4,1778651.192
10,150,7,139.5,1830964.462
10,150,7,139.6,2092530.814
10,150,7,139.7,1621711.381
10,150,7,139.8,2406410.436
10,150,7,139.9,1830964.462
10,150,7,140,2144844.084
10,150,7,140.1,1674024.651
10,150,7,140.2,1569398.11
10,150,7,140.3,1726337.921
10,150,7,140.4,2197157.354
10,150,7,140.5,1150891.948
10,150,7,140.6,1987904.273
10,150,7,140.7,1935591.003
10,150,7,140.8,1360145.029
10,150,7,140.9,1150891.948
10,150,7,141,1778651.192
10,150,7,141.1,1569398.11
10,150,7,141.2,1360145.029
10,150,7,141.3,1621711.381
10,150,7,141.4,1778651.192
10,150,7,141.5,1569398.11
10,150,7,141.6,1150891.948
10,150,7,141.7,1307831.759
10,150,7,141.8,1517084.84
10,150,7,141.9,1098578.677
10,150,7,142,1674024.651
10,150,7,142.1,1830964.462
10,150,7,142.2,1464771.57
10,150,7,142.3,1517084.84
10,150,7,142.4,1935591.003
10,150,7,142.5,1621711.381
10,150,7,142.6,1569398.11
10,150,7,142.7,1883277.732
10,150,7,142.8,1360145.029
10,150,7,142.9,1307831.759
10,150,7,143,1412458.299
10,150,7,143.1,1150891.948
10,150,7,143.2,1674024.651
10,150,7,143.3,1569398.11
10,150,7,143.4,1778651.192
10,150,7,143.5,1307831.759
10,150,7,143.6,1203205.218
10,150,7,143.7,1150891.948
10,150,7,143.8,1674024.651
10,150,7,143.9,1517084.84
10,150,7,144,732385.7848
10,150,7,144.1,1203205.218
10,150,7,144.2,784699.0552
10,150,7,144.3,1150891.948
10,150,7,144.4,993952.1366
10,150,7,144.5,784699.0552
10,150,7,144.6,941638.8662
10,150,7,144.7,1307831.759
10,150,7,144.8,1360145.029
10,150,7,144.9,941638.8662
10,150,7,145,784699.0552
10,150,7,145.1,1255518.488
10,150,7,145.2,1046265.407
10,150,7,145.3,1046265.407
10,150,7,145.4,1150891.948
10,150,7,145.5,1046265.407
10,150,7,145.6,1098578.677
10,150,7,145.7,784699.0552
10,150,7,145.8,1307831.759
10,150,7,145.9,1046265.407
10,150,7,146,732385.7848
10,150,7,146.1,575445.9738
10,150,7,146.2,889325.5959
10,150,7,146.3,784699.0552
10,150,7,146.4,575445.9738
10,150,7,146.5,941638.8662
10,150,7,146.6,993952.1366
10,150,7,146.7,837012.3255
10,150,7,146.8,837012.3255
10,150,7,146.9,575445.9738
10,150,7,147,837012.3255
10,150,7,147.1,1150891.948
10,150,7,147.2,732385.7848
10,150,7,147.3,889325.5959
10,150,7,147.4,837012.3255
10,150,7,147.5,784699.0552
10,150,7,147.6,418506.1628
10,150,7,147.7,993952.1366
10,150,7,147.8,680072.5145
10,150,7,147.9,732385.7848
10,150,7,148,470819.4331
10,150,7,148.1,784699.0552
10,150,7,148.2,209253.0814
10,150,7,148.3,889325.5959
10,150,7,148.4,680072.5145
10,150,7,148.5,627759.2441
10,150,7,148.6,575445.9738
10,150,7,148.7,627759.2441
10,150,7,148.8,575445.9738
10,150,7,148.9,418506.1628
10,150,7,149,418506.1628
10,150,7,149.1,680072.5145
10,150,7,149.2,313879.6221
10,150,7,149.3,470819.4331
10,150,7,149.4,261566.3517
10,150,7,149.5,313879.6221
10,150,7,149.6,156939.811
10,150,7,149.7,104626.5407
10,150,7,149.8,104626.5407
10,150,7,149.9,261566.3517
10,150,7,150,52313.27035
