# Transmission tube source spectra, Geant4 physics model G4EmPenelopePhysics.
# Tungsten target on a 250 um diamond substrate; simulated for the XCal paper (Optics Express 2025).
# apex_angle_deg: anode apex angle; voltage_kV: tube voltage; target_thickness_um: tungsten thickness;
# energy_keV: bin center; photons: relative photon count per 0.1 keV bin (absolute scale not used).
apex_angle_deg,voltage_kV,target_thickness_um,energy_keV,photons
1.7,40,1,3.6,310255.9914
1.7,40,1,3.7,620511.9828
1.7,40,1,3.8,1241023.966
1.7,40,1,3.9,930767.9742
1.7,40,1,4,930767.9742
1.7,40,1,4.1,2792303.923
1.7,40,1,4.2,1241023.966
1.7,40,1,4.3,3102559.914
1.7,40,1,4.4,3102559.914
1.7,40,1,4.5,4033327.888
1.7,40,1,4.6,5894863.837
1.7,40,1,4.7,3723071.897
1.7,40,1,4.8,5274351.854
1.7,40,1,4.9,5584607.845
1.7,40,1,5,6515375.82
1.7,40,1,5.1,8066655.777
1.7,40,1,5.2,10858959.7
1.7,40,1,5.3,10238447.72
1.7,40,1,5.4,8997423.751
1.7,40,1,5.5,16133311.55
1.7,40,1,5.6,15512799.57
1.7,40,1,5.7,14892287.59
1.7,40,1,5.8,13961519.61
1.7,40,1,5.9,15823055.56
1.7,40,1,6,17064079.53
1.7,40,1,6.1,14892287.59
1.7,40,1,6.2,18925615.48
1.7,40,1,6.3,22028175.39
1.7,40,1,6.4,17994847.5
1.7,40,1,6.5,16443567.54
1.7,40,1,6.6,22648687.37
1.7,40,1,6.7,21717919.4
1.7,40,1,6.8,22648687.37
1.7,40,1,6.9,21407663.41
1.7,40,1,7,16133311.55
1.7,40,1,7.1,19546127.46
1.7,40,1,7.2,23269199.36
1.7,40,1,7.3,21407663.41
1.7,40,1,7.4,70428110.05
1.7,40,1,7.5,26992271.25
1.7,40,1,7.6,25130735.3
1.7,40,1,7.7,20166639.44
1.7,40,1,7.8,23269199.36
1.7,40,1,7.9,25751247.29
1.7,40,1,8,23269199.36
1.7,40,1,8.1,29784575.18
1.7,40,1,8.2,26061503.28
1.7,40,1,8.3,112312668.9
1.7,40,1,8.4,865303960.1
1.7,40,1,8.5,27612783.24
1.7,40,1,8.6,25440991.3
1.7,40,1,8.7,27923039.23
1.7,40,1,8.8,33507647.07
1.7,40,1,8.9,22028175.39
1.7,40,1,9,22338431.38
1.7,40,1,9.1,23579455.35
1.7,40,1,9.2,22958943.36
1.7,40,1,9.3,25130735.3
1.7,40,1,9.4,24510223.32
1.7,40,1,9.5,62051198.28
1.7,40,1,9.6,40643534.88
1.7,40,1,9.7,386889221.3
1.7,40,1,9.8,63912734.23
1.7,40,1,9.9,45607630.74
1.7,40,1,10,195771530.6
1.7,40,1,10.1,26992271.25
1.7,40,1,10.2,28233295.22
1.7,40,1,10.3,20787151.42
1.7,40,1,10.4,20787151.42
1.7,40,1,10.5,26682015.26
1.7,40,1,10.6,22648687.37
1.7,40,1,10.7,20476895.43
1.7,40,1,10.8,19546127.46
1.7,40,1,10.9,18925615.48
1.7,40,1,11,21097407.42
1.7,40,1,11.1,21097407.42
1.7,40,1,11.2,17994847.5
1.7,40,1,11.3,92766541.43
1.7,40,1,11.4,20787151.42
1.7,40,1,11.5,20476895.43
1.7,40,1,11.6,31335855.13
1.7,40,1,11.7,27302527.24
1.7,40,1,11.8,13651263.62
1.7,40,1,11.9,20166639.44
1.7,40,1,12,20787151.42
1.7,40,1,12.1,21717919.4
1.7,40,1,12.2,15823055.56
1.7,40,1,12.3,22028175.39
1.7,40,1,12.4,17064079.53
1.7,40,1,12.5,17994847.5
1.7,40,1,12.6,15512799.57
1.7,40,1,12.7,16443567.54
1.7,40,1,12.8,13030751.64
1.7,40,1,12.9,14892287.59
1.7,40,1,13,17684591.51
1.7,40,1,13.1,19546127.46
1.7,40,1,13.2,15823055.56
1.7,40,1,13.3,17374335.52
1.7,40,1,13.4,18925615.48
1.7,40,1,13.5,16133311.55
1.7,40,1,13.6,13651263.62
1.7,40,1,13.7,16753823.54
1.7,40,1,13.8,17064079.53
1.7,40,1,13.9,13961519.61
1.7,40,1,14,16753823.54
1.7,40,1,14.1,17374335.52
1.7,40,1,14.2,16133311.55
1.7,40,1,14.3,18305103.49
1.7,40,1,14.4,18925615.48
1.7,40,1,14.5,13030751.64
1.7,40,1,14.6,13651263.62
1.7,40,1,14.7,17994847.5
1.7,40,1,14.8,14892287.59
1.7,40,1,14.9,13961519.61
1.7,40,1,15,12099983.67
1.7,40,1,15.1,16753823.54
1.7,40,1,15.2,17994847.5
1.7,40,1,15.3,13961519.61
1.7,40,1,15.4,14271775.61
1.7,40,1,15.5,13651263.62
1.7,40,1,15.6,14892287.59
1.7,40,1,15.7,17374335.52
1.7,40,1,15.8,11479471.68
1.7,40,1,15.9,17684591.51
1.7,40,1,16,14582031.6
1.7,40,1,16.1,11479471.68
1.7,40,1,16.2,17994847.5
1.7,40,1,16.3,12720495.65
1.7,40,1,16.4,15512799.57
1.7,40,1,16.5,13341007.63
1.7,40,1,16.6,13341007.63
1.7,40,1,16.7,15823055.56
1.7,40,1,16.8,13030751.64
1.7,40,1,16.9,13341007.63
1.7,40,1,17,11479471.68
1.7,40,1,17.1,14271775.61
1.7,40,1,17.2,12720495.65
1.7,40,1,17.3,13030751.64
1.7,40,1,17.4,11479471.68
1.7,40,1,17.5,13961519.61
1.7,40,1,17.6,15202543.58
1.7,40,1,17.7,10548703.71
1.7,40,1,17.8,14892287.59
1.7,40,1,17.9,12410239.66
1.7,40,1,18,15202543.58
1.7,40,1,18.1,10548703.71
1.7,40,1,18.2,13961519.61
1.7,40,1,18.3,12099983.67
1.7,40,1,18.4,8687167.76
1.7,40,1,18.5,16133311.55
1.7,40,1,18.6,14582031.6
1.7,40,1,18.7,13030751.64
1.7,40,1,18.8,10548703.71
1.7,40,1,18.9,13030751.64
1.7,40,1,19,11479471.68
1.7,40,1,19.1,13651263.62
1.7,40,1,19.2,14271775.61
1.7,40,1,19.3,11169215.69
1.7,40,1,19.4,13030751.64
1.7,40,1,19.5,12720495.65
1.7,40,1,19.6,14271775.61
1.7,40,1,19.7,10238447.72
1.7,40,1,19.8,8687167.76
1.7,40,1,19.9,10858959.7
1.7,40,1,20,12410239.66
1.7,40,1,20.1,11169215.69
1.7,40,1,20.2,10548703.71
1.7,40,1,20.3,9617935.734
1.7,40,1,20.4,11479471.68
1.7,40,1,20.5,9928191.725
1.7,40,1,20.6,12410239.66
1.7,40,1,20.7,9617935.734
1.7,40,1,20.8,13961519.61
1.7,40,1,20.9,11789727.67
1.7,40,1,21,11169215.69
1.7,40,1,21.1,7446143.794
1.7,40,1,21.2,15823055.56
1.7,40,1,21.3,9928191.725
1.7,40,1,21.4,7135887.803
1.7,40,1,21.5,8687167.76
1.7,40,1,21.6,11169215.69
1.7,40,1,21.7,12410239.66
1.7,40,1,21.8,9928191.725
1.7,40,1,21.9,8376911.768
1.7,40,1,22,11169215.69
1.7,40,1,22.1,8997423.751
1.7,40,1,22.2,6205119.828
1.7,40,1,22.3,7135887.803
1.7,40,1,22.4,10238447.72
1.7,40,1,22.5,7446143.794
1.7,40,1,22.6,8997423.751
1.7,40,1,22.7,11169215.69
1.7,40,1,22.8,8376911.768
1.7,40,1,22.9,8997423.751
1.7,40,1,23,6825631.811
1.7,40,1,23.1,9617935.734
1.7,40,1,23.2,11479471.68
1.7,40,1,23.3,12410239.66
1.7,40,1,23.4,6825631.811
1.7,40,1,23.5,8376911.768
1.7,40,1,23.6,10548703.71
1.7,40,1,23.7,5274351.854
1.7,40,1,23.8,7135887.803
1.7,40,1,23.9,8997423.751
1.7,40,1,24,5274351.854
1.7,40,1,24.1,4343583.88
1.7,40,1,24.2,6205119.828
1.7,40,1,24.3,7446143.794
1.7,40,1,24.4,7446143.794
1.7,40,1,24.5,8687167.76
1.7,40,1,24.6,7446143.794
1.7,40,1,24.7,9928191.725
1.7,40,1,24.8,6515375.82
1.7,40,1,24.9,6515375.82
1.7,40,1,25,8376911.768
1.7,40,1,25.1,7756399.785
1.7,40,1,25.2,8066655.777
1.7,40,1,25.3,4653839.871
1.7,40,1,25.4,9307679.742
1.7,40,1,25.5,7446143.794
1.7,40,1,25.6,8997423.751
1.7,40,1,25.7,11479471.68
1.7,40,1,25.8,6515375.82
1.7,40,1,25.9,6515375.82
1.7,40,1,26,9307679.742
1.7,40,1,26.1,8376911.768
1.7,40,1,26.2,6825631.811
1.7,40,1,26.3,7756399.785
1.7,40,1,26.4,8687167.76
1.7,40,1,26.5,5584607.845
1.7,40,1,26.6,8687167.76
1.7,40,1,26.7,6825631.811
1.7,40,1,26.8,5584607.845
1.7,40,1,26.9,9307679.742
1.7,40,1,27,7756399.785
1.7,40,1,27.1,5894863.837
1.7,40,1,27.2,7135887.803
1.7,40,1,27.3,5894863.837
1.7,40,1,27.4,5274351.854
1.7,40,1,27.5,5584607.845
1.7,40,1,27.6,7756399.785
1.7,40,1,27.7,4964095.863
1.7,40,1,27.8,6825631.811
1.7,40,1,27.9,5584607.845
1.7,40,1,28,4343583.88
1.7,40,1,28.1,5584607.845
1.7,40,1,28.2,4653839.871
1.7,40,1,28.3,5894863.837
1.7,40,1,28.4,2792303.923
1.7,40,1,28.5,6205119.828
1.7,40,1,28.6,6825631.811
1.7,40,1,28.7,7135887.803
1.7,40,1,28.8,4033327.888
1.7,40,1,28.9,3412815.906
1.7,40,1,29,4964095.863
1.7,40,1,29.1,5274351.854
1.7,40,1,29.2,4033327.888
1.7,40,1,29.3,6205119.828
1.7,40,1,29.4,3102559.914
1.7,40,1,29.5,4033327.888
1.7,40,1,29.6,5584607.845
1.7,40,1,29.7,4343583.88
1.7,40,1,29.8,4033327.888
1.7,40,1,29.9,3412815.906
1.7,40,1,30,3412815.906
1.7,40,1,30.1,2792303.923
1.7,40,1,30.2,7446143.794
1.7,40,1,30.3,6205119.828
1.7,40,1,30.4,6515375.82
1.7,40,1,30.5,3723071.897
1.7,40,1,30.6,4343583.88
1.7,40,1,30.7,5894863.837
1.7,40,1,30.8,5584607.845
1.7,40,1,30.9,2792303.923
1.7,40,1,31,3102559.914
1.7,40,1,31.1,4964095.863
1.7,40,1,31.2,4343583.88
1.7,40,1,31.3,4653839.871
1.7,40,1,31.4,2482047.931
1.7,40,1,31.5,4653839.871
1.7,40,1,31.6,4343583.88
1.7,40,1,31.7,3412815.906
1.7,40,1,31.8,2171791.94
1.7,40,1,31.9,3412815.906
1.7,40,1,32,3412815.906
1.7,40,1,32.1,4343583.88
1.7,40,1,32.2,4343583.88
1.7,40,1,32.3,3102559.914
1.7,40,1,32.4,3723071.897
1.7,40,1,32.5,4033327.888
1.7,40,1,32.6,3723071.897
1.7,40,1,32.7,4653839.871
1.7,40,1,32.8,4033327.888
1.7,40,1,32.9,3412815.906
1.7,40,1,33,3412815.906
1.7,40,1,33.1,2482047.931
1.7,40,1,33.2,2792303.923
1.7,40,1,33.3,4033327.888
1.7,40,1,33.4,2171791.94
1.7,40,1,33.5,2482047.931
1.7,40,1,33.6,4033327.888
1.7,40,1,33.7,4653839.871
1.7,40,1,33.8,3102559.914
1.7,40,1,33.9,1551279.957
1.7,40,1,34,4343583.88
1.7,40,1,34.1,2482047.931
1.7,40,1,34.2,2482047.931
1.7,40,1,34.3,2482047.931
1.7,40,1,34.4,2482047.931
1.7,40,1,34.5,2482047.931
1.7,40,1,34.6,2482047.931
1.7,40,1,34.7,4343583.88
1.7,40,1,34.8,2482047.931
1.7,40,1,34.9,5274351.854
1.7,40,1,35,2792303.923
1.7,40,1,35.1,2171791.94
1.7,40,1,35.2,2171791.94
1.7,40,1,35.3,1861535.948
1.7,40,1,35.4,3102559.914
1.7,40,1,35.5,2171791.94
1.7,40,1,35.6,3102559.914
1.7,40,1,35.7,2792303.923
1.7,40,1,35.8,310255.9914
1.7,40,1,35.9,2482047.931
1.7,40,1,36,3102559.914
1.7,40,1,36.1,1551279.957
1.7,40,1,36.2,2171791.94
1.7,40,1,36.3,2792303.923
1.7,40,1,36.4,1241023.966
1.7,40,1,36.5,1551279.957
1.7,40,1,36.6,3102559.914
1.7,40,1,36.7,1241023.966
1.7,40,1,36.8,2792303.923
1.7,40,1,36.9,2482047.931
1.7,40,1,37,1861535.948
1.7,40,1,37.1,1241023.966
1.7,40,1,37.2,1551279.957
1.7,40,1,37.3,2171791.94
1.7,40,1,37.4,2171791.94
1.7,40,1,37.5,2482047.931
1.7,40,1,37.6,1241023.966
1.7,40,1,37.7,1241023.966
1.7,40,1,37.8,310255.9914
1.7,40,1,37.9,620511.9828
1.7,40,1,38,310255.9914
1.7,40,1,38.1,930767.9742
1.7,40,1,38.2,1861535.948
1.7,40,1,38.3,620511.9828
1.7,40,1,38.4,1551279.957
1.7,40,1,38.5,310255.9914
1.7,40,1,38.6,620511.9828
1.7,40,1,38.7,1241023.966
1.7,40,1,38.8,1551279.957
1.7,40,1,38.9,310255.9914
1.7,40,1,39,1241023.966
1.7,40,1,39.1,310255.9914
1.7,40,1,39.2,930767.9742
1.7,40,1,39.3,930767.9742
1.7,40,1,39.4,620511.9828
1.7,40,1,39.5,310255.9914
1.7,40,1,39.8,310255.9914
1.7,80,1,0.3,305531.2809
1.7,80,1,3.3,305531.2809
1.7,80,1,3.5,611062.5618
1.7,80,1,3.6,305531.2809
1.7,80,1,3.7,916593.8427
1.7,80,1,3.8,916593.8427
1.7,80,1,3.9,305531.2809
1.7,80,1,4,3971906.652
1.7,80,1,4.1,3360844.09
1.7,80,1,4.2,2138718.966
1.7,80,1,4.3,5499563.056
1.7,80,1,4.4,3971906.652
1.7,80,1,4.5,6721688.179
1.7,80,1,4.6,6416156.899
1.7,80,1,4.7,7638282.022
1.7,80,1,4.8,6416156.899
1.7,80,1,4.9,7943813.303
1.7,80,1,5,9471469.707
1.7,80,1,5.1,12832313.8
1.7,80,1,5.2,10999126.11
1.7,80,1,5.3,13443376.36
1.7,80,1,5.4,10082532.27
1.7,80,1,5.5,17415283.01
1.7,80,1,5.6,11915719.95
1.7,80,1,5.7,14971032.76
1.7,80,1,5.8,13748907.64
1.7,80,1,5.9,19859533.26
1.7,80,1,6,18637408.13
1.7,80,1,6.1,17415283.01
1.7,80,1,6.2,18637408.13
1.7,80,1,6.3,18026345.57
1.7,80,1,6.4,21998252.22
1.7,80,1,6.5,21692720.94
1.7,80,1,6.6,17109751.73
1.7,80,1,6.7,22914846.07
1.7,80,1,6.8,24748033.75
1.7,80,1,6.9,26275690.16
1.7,80,1,7,23525908.63
1.7,80,1,7.1,24748033.75
1.7,80,1,7.2,24748033.75
1.7,80,1,7.3,32997378.34
1.7,80,1,7.4,95325759.64
1.7,80,1,7.5,25053565.03
1.7,80,1,7.6,26886752.72
1.7,80,1,7.7,23525908.63
1.7,80,1,7.8,25664627.59
1.7,80,1,7.9,26275690.16
1.7,80,1,8,29636534.25
1.7,80,1,8.1,21692720.94
1.7,80,1,8.2,27192284
1.7,80,1,8.3,165292423
1.7,80,1,8.4,1130771271
1.7,80,1,8.5,26275690.16
1.7,80,1,8.6,28108877.84
1.7,80,1,8.7,24748033.75
1.7,80,1,8.8,35441628.58
1.7,80,1,8.9,29942065.53
1.7,80,1,9,29942065.53
1.7,80,1,9.1,26581221.44
1.7,80,1,9.2,24136971.19
1.7,80,1,9.3,24136971.19
1.7,80,1,9.4,27803346.56
1.7,80,1,9.5,69355600.76
1.7,80,1,9.6,42774379.32
1.7,80,1,9.7,573176682.9
1.7,80,1,9.8,79132601.75
1.7,80,1,9.9,51329255.19
1.7,80,1,10,251757775.4
1.7,80,1,10.1,23831439.91
1.7,80,1,10.2,38191410.11
1.7,80,1,10.3,23525908.63
1.7,80,1,10.4,18331876.85
1.7,80,1,10.5,26581221.44
1.7,80,1,10.6,18026345.57
1.7,80,1,10.7,27192284
1.7,80,1,10.8,23525908.63
1.7,80,1,10.9,19248470.7
1.7,80,1,11,27497815.28
1.7,80,1,11.1,15582095.33
1.7,80,1,11.2,24442502.47
1.7,80,1,11.3,111518917.5
1.7,80,1,11.4,20165064.54
1.7,80,1,11.5,20165064.54
1.7,80,1,11.6,36052691.14
1.7,80,1,11.7,32386315.77
1.7,80,1,11.8,17415283.01
1.7,80,1,11.9,18942939.41
1.7,80,1,12,25359096.31
1.7,80,1,12.1,20470595.82
1.7,80,1,12.2,19554001.98
1.7,80,1,12.3,18942939.41
1.7,80,1,12.4,20470595.82
1.7,80,1,12.5,19248470.7
1.7,80,1,12.6,20165064.54
1.7,80,1,12.7,20165064.54
1.7,80,1,12.8,23831439.91
1.7,80,1,12.9,22303783.5
1.7,80,1,13,21387189.66
1.7,80,1,13.1,16804220.45
1.7,80,1,13.2,20470595.82
1.7,80,1,13.3,18942939.41
1.7,80,1,13.4,17109751.73
1.7,80,1,13.5,21081658.38
1.7,80,1,13.6,18331876.85
1.7,80,1,13.7,22303783.5
1.7,80,1,13.8,15276564.04
1.7,80,1,13.9,16498689.17
1.7,80,1,14,18026345.57
1.7,80,1,14.1,17720814.29
1.7,80,1,14.2,21692720.94
1.7,80,1,14.3,16193157.89
1.7,80,1,14.4,22303783.5
1.7,80,1,14.5,22303783.5
1.7,80,1,14.6,19248470.7
1.7,80,1,14.7,17415283.01
1.7,80,1,14.8,16498689.17
1.7,80,1,14.9,17109751.73
1.7,80,1,15,18331876.85
1.7,80,1,15.1,14971032.76
1.7,80,1,15.2,16498689.17
1.7,80,1,15.3,14054438.92
1.7,80,1,15.4,13748907.64
1.7,80,1,15.5,14665501.48
1.7,80,1,15.6,18637408.13
1.7,80,1,15.7,19248470.7
1.7,80,1,15.8,17720814.29
1.7,80,1,15.9,18331876.85
1.7,80,1,16,14665501.48
1.7,80,1,16.1,17720814.29
1.7,80,1,16.2,14971032.76
1.7,80,1,16.3,15582095.33
1.7,80,1,16.4,16498689.17
1.7,80,1,16.5,17415283.01
1.7,80,1,16.6,12221251.24
1.7,80,1,16.7,17415283.01
1.7,80,1,16.8,12221251.24
1.7,80,1,16.9,13137845.08
1.7,80,1,17,15276564.04
1.7,80,1,17.1,17720814.29
1.7,80,1,17.2,16498689.17
1.7,80,1,17.3,18942939.41
1.7,80,1,17.4,18637408.13
1.7,80,1,17.5,12526782.52
1.7,80,1,17.6,15887626.61
1.7,80,1,17.7,12221251.24
1.7,80,1,17.8,14665501.48
1.7,80,1,17.9,13748907.64
1.7,80,1,18,14054438.92
1.7,80,1,18.1,13748907.64
1.7,80,1,18.2,16804220.45
1.7,80,1,18.3,15276564.04
1.7,80,1,18.4,14359970.2
1.7,80,1,18.5,12221251.24
1.7,80,1,18.6,12832313.8
1.7,80,1,18.7,15276564.04
1.7,80,1,18.8,17415283.01
1.7,80,1,18.9,10693594.83
1.7,80,1,19,11915719.95
1.7,80,1,19.1,10388063.55
1.7,80,1,19.2,12221251.24
1.7,80,1,19.3,13443376.36
1.7,80,1,19.4,11915719.95
1.7,80,1,19.5,15887626.61
1.7,80,1,19.6,14359970.2
1.7,80,1,19.7,15276564.04
1.7,80,1,19.8,12526782.52
1.7,80,1,19.9,10999126.11
1.7,80,1,20,12221251.24
1.7,80,1,20.1,13748907.64
1.7,80,1,20.2,14665501.48
1.7,80,1,20.3,11304657.39
1.7,80,1,20.4,16804220.45
1.7,80,1,20.5,10999126.11
1.7,80,1,20.6,12832313.8
1.7,80,1,20.7,13748907.64
1.7,80,1,20.8,11304657.39
1.7,80,1,20.9,9165938.427
1.7,80,1,21,10999126.11
1.7,80,1,21.1,15887626.61
1.7,80,1,21.2,14054438.92
1.7,80,1,21.3,12832313.8
1.7,80,1,21.4,11915719.95
1.7,80,1,21.5,11915719.95
1.7,80,1,21.6,13137845.08
1.7,80,1,21.7,12221251.24
1.7,80,1,21.8,12832313.8
1.7,80,1,21.9,13748907.64
1.7,80,1,22,9777000.988
1.7,80,1,22.1,11610188.67
1.7,80,1,22.2,13748907.64
1.7,80,1,22.3,8860407.146
1.7,80,1,22.4,10693594.83
1.7,80,1,22.5,10082532.27
1.7,80,1,22.6,11610188.67
1.7,80,1,22.7,11304657.39
1.7,80,1,22.8,14054438.92
1.7,80,1,22.9,9471469.707
1.7,80,1,23,9777000.988
1.7,80,1,23.1,10999126.11
1.7,80,1,23.2,12526782.52
1.7,80,1,23.3,12221251.24
1.7,80,1,23.4,6416156.899
1.7,80,1,23.5,10693594.83
1.7,80,1,23.6,12526782.52
1.7,80,1,23.7,12221251.24
1.7,80,1,23.8,10082532.27
1.7,80,1,23.9,11610188.67
1.7,80,1,24,10388063.55
1.7,80,1,24.1,10388063.55
1.7,80,1,24.2,11610188.67
1.7,80,1,24.3,11304657.39
1.7,80,1,24.4,14054438.92
1.7,80,1,24.5,11915719.95
1.7,80,1,24.6,7332750.741
1.7,80,1,24.7,10999126.11
1.7,80,1,24.8,12221251.24
1.7,80,1,24.9,8554875.865
1.7,80,1,25,9165938.427
1.7,80,1,25.1,7943813.303
1.7,80,1,25.2,9777000.988
1.7,80,1,25.3,7027219.46
1.7,80,1,25.4,8554875.865
1.7,80,1,25.5,8249344.584
1.7,80,1,25.6,8249344.584
1.7,80,1,25.7,10693594.83
1.7,80,1,25.8,9777000.988
1.7,80,1,25.9,9471469.707
1.7,80,1,26,9777000.988
1.7,80,1,26.1,8860407.146
1.7,80,1,26.2,8860407.146
1.7,80,1,26.3,10082532.27
1.7,80,1,26.4,6721688.179
1.7,80,1,26.5,10082532.27
1.7,80,1,26.6,10999126.11
1.7,80,1,26.7,11610188.67
1.7,80,1,26.8,11610188.67
1.7,80,1,26.9,6721688.179
1.7,80,1,27,10082532.27
1.7,80,1,27.1,9165938.427
1.7,80,1,27.2,8249344.584
1.7,80,1,27.3,8554875.865
1.7,80,1,27.4,7943813.303
1.7,80,1,27.5,8554875.865
1.7,80,1,27.6,9777000.988
1.7,80,1,27.7,6721688.179
1.7,80,1,27.8,7332750.741
1.7,80,1,27.9,9165938.427
1.7,80,1,28,8860407.146
1.7,80,1,28.1,8860407.146
1.7,80,1,28.2,6110625.618
1.7,80,1,28.3,5194031.775
1.7,80,1,28.4,5194031.775
1.7,80,1,28.5,7027219.46
1.7,80,1,28.6,9165938.427
1.7,80,1,28.7,7943813.303
1.7,80,1,28.8,8554875.865
1.7,80,1,28.9,7638282.022
1.7,80,1,29,7943813.303
1.7,80,1,29.1,7027219.46
1.7,80,1,29.2,7027219.46
1.7,80,1,29.3,7332750.741
1.7,80,1,29.4,6721688.179
1.7,80,1,29.5,8249344.584
1.7,80,1,29.6,7332750.741
1.7,80,1,29.7,6110625.618
1.7,80,1,29.8,6416156.899
1.7,80,1,29.9,7027219.46
1.7,80,1,30,8249344.584
1.7,80,1,30.1,7332750.741
1.7,80,1,30.2,8860407.146
1.7,80,1,30.3,7943813.303
1.7,80,1,30.4,7943813.303
1.7,80,1,30.5,7332750.741
1.7,80,1,30.6,7943813.303
1.7,80,1,30.7,6110625.618
1.7,80,1,30.8,4582969.213
1.7,80,1,30.9,13137845.08
1.7,80,1,31,8554875.865
1.7,80,1,31.1,7638282.022
1.7,80,1,31.2,5499563.056
1.7,80,1,31.3,7638282.022
1.7,80,1,31.4,9165938.427
1.7,80,1,31.5,7943813.303
1.7,80,1,31.6,6721688.179
1.7,80,1,31.7,8860407.146
1.7,80,1,31.8,7638282.022
1.7,80,1,31.9,6416156.899
1.7,80,1,32,10388063.55
1.7,80,1,32.1,6416156.899
1.7,80,1,32.2,7332750.741
1.7,80,1,32.3,8249344.584
1.7,80,1,32.4,4888500.494
1.7,80,1,32.5,6721688.179
1.7,80,1,32.6,6721688.179
1.7,80,1,32.7,9165938.427
1.7,80,1,32.8,7943813.303
1.7,80,1,32.9,6416156.899
1.7,80,1,33,9471469.707
1.7,80,1,33.1,7638282.022
1.7,80,1,33.2,8554875.865
1.7,80,1,33.3,6110625.618
1.7,80,1,33.4,6721688.179
1.7,80,1,33.5,4888500.494
1.7,80,1,33.6,6721688.179
1.7,80,1,33.7,5805094.337
1.7,80,1,33.8,5805094.337
1.7,80,1,33.9,6416156.899
1.7,80,1,34,10388063.55
1.7,80,1,34.1,4582969.213
1.7,80,1,34.2,7943813.303
1.7,80,1,34.3,10999126.11
1.7,80,1,34.4,5194031.775
1.7,80,1,34.5,6721688.179
1.7,80,1,34.6,8554875.865
1.7,80,1,34.7,5499563.056
1.7,80,1,34.8,7638282.022
1.7,80,1,34.9,7332750.741
1.7,80,1,35,6416156.899
1.7,80,1,35.1,5805094.337
1.7,80,1,35.2,5805094.337
1.7,80,1,35.3,7943813.303
1.7,80,1,35.4,5805094.337
1.7,80,1,35.5,5805094.337
1.7,80,1,35.6,4888500.494
1.7,80,1,35.7,5499563.056
1.7,80,1,35.8,6416156.899
1.7,80,1,35.9,7332750.741
1.7,80,1,36,5805094.337
1.7,80,1,36.1,5194031.775
1.7,80,1,36.2,6110625.618
1.7,80,1,36.3,6721688.179
1.7,80,1,36.4,6416156.899
1.7,80,1,36.5,6721688.179
1.7,80,1,36.6,4582969.213
1.7,80,1,36.7,6416156.899
1.7,80,1,36.8,7332750.741
1.7,80,1,36.9,6416156.899
1.7,80,1,37,7638282.022
1.7,80,1,37.1,7332750.741
1.7,80,1,37.2,6110625.618
1.7,80,1,37.3,6416156.899
1.7,80,1,37.4,6416156.899
1.7,80,1,37.5,4582969.213
1.7,80,1,37.6,6110625.618
1.7,80,1,37.7,6721688.179
1.7,80,1,37.8,5499563.056
1.7,80,1,37.9,6110625.618
1.7,80,1,38,5499563.056
1.7,80,1,38.1,5499563.056
1.7,80,1,38.2,5499563.056
1.7,80,1,38.3,6110625.618
1.7,80,1,38.4,5194031.775
1.7,80,1,38.5,5499563.056
1.7,80,1,38.6,5499563.056
1.7,80,1,38.7,5194031.775
1.7,80,1,38.8,5194031.775
1.7,80,1,38.9,5194031.775
1.7,80,1,39,3360844.09
1.7,80,1,39.1,4582969.213
1.7,80,1,39.2,4582969.213
1.7,80,1,39.3,4582969.213
1.7,80,1,39.4,5805094.337
1.7,80,1,39.5,2444250.247
1.7,80,1,39.6,8249344.584
1.7,80,1,39.7,4888500.494
1.7,80,1,39.8,3360844.09
1.7,80,1,39.9,4277437.932
1.7,80,1,40,5499563.056
1.7,80,1,40.1,6110625.618
1.7,80,1,40.2,5805094.337
1.7,80,1,40.3,5805094.337
1.7,80,1,40.4,4888500.494
1.7,80,1,40.5,4277437.932
1.7,80,1,40.6,4582969.213
1.7,80,1,40.7,4888500.494
1.7,80,1,40.8,4582969.213
1.7,80,1,40.9,6416156.899
1.7,80,1,41,3360844.09
1.7,80,1,41.1,5194031.775
1.7,80,1,41.2,6110625.618
1.7,80,1,41.3,5805094.337
1.7,80,1,41.4,5194031.775
1.7,80,1,41.5,5499563.056
1.7,80,1,41.6,4277437.932
1.7,80,1,41.7,4582969.213
1.7,80,1,41.8,6110625.618
1.7,80,1,41.9,5499563.056
1.7,80,1,42,4277437.932
1.7,80,1,42.1,5194031.775
1.7,80,1,42.2,5499563.056
1.7,80,1,42.3,3971906.652
1.7,80,1,42.4,3971906.652
1.7,80,1,42.5,5499563.056
1.7,80,1,42.6,2749781.528
1.7,80,1,42.7,5805094.337
1.7,80,1,42.8,6416156.899
1.7,80,1,42.9,3360844.09
1.7,80,1,43,3971906.652
1.7,80,1,43.1,3971906.652
1.7,80,1,43.2,3055312.809
1.7,80,1,43.3,2749781.528
1.7,80,1,43.4,6416156.899
1.7,80,1,43.5,5194031.775
1.7,80,1,43.6,2749781.528
1.7,80,1,43.7,3666375.371
1.7,80,1,43.8,3971906.652
1.7,80,1,43.9,4888500.494
1.7,80,1,44,5499563.056
1.7,80,1,44.1,3360844.09
1.7,80,1,44.2,7638282.022
1.7,80,1,44.3,3055312.809
1.7,80,1,44.4,4277437.932
1.7,80,1,44.5,6110625.618
1.7,80,1,44.6,4277437.932
1.7,80,1,44.7,4582969.213
1.7,80,1,44.8,5194031.775
1.7,80,1,44.9,6416156.899
1.7,80,1,45,3055312.809
1.7,80,1,45.1,4277437.932
1.7,80,1,45.2,2749781.528
1.7,80,1,45.3,2444250.247
1.7,80,1,45.4,5499563.056
1.7,80,1,45.5,4888500.494
1.7,80,1,45.6,2444250.247
1.7,80,1,45.7,4277437.932
1.7,80,1,45.8,5194031.775
1.7,80,1,45.9,5499563.056
1.7,80,1,46,3971906.652
1.7,80,1,46.1,5194031.775
1.7,80,1,46.2,3666375.371
1.7,80,1,46.3,4277437.932
1.7,80,1,46.4,3360844.09
1.7,80,1,46.5,3971906.652
1.7,80,1,46.6,5499563.056
1.7,80,1,46.7,3666375.371
1.7,80,1,46.8,3666375.371
1.7,80,1,46.9,5194031.775
1.7,80,1,47,4277437.932
1.7,80,1,47.1,4888500.494
1.7,80,1,47.2,4888500.494
1.7,80,1,47.3,3971906.652
1.7,80,1,47.4,3666375.371
1.7,80,1,47.5,4888500.494
1.7,80,1,47.6,2444250.247
1.7,80,1,47.7,4582969.213
1.7,80,1,47.8,2749781.528
1.7,80,1,47.9,4277437.932
1.7,80,1,48,6416156.899
1.7,80,1,48.1,3971906.652
1.7,80,1,48.2,3971906.652
1.7,80,1,48.3,2138718.966
1.7,80,1,48.4,4582969.213
1.7,80,1,48.5,5499563.056
1.7,80,1,48.6,6110625.618
1.7,80,1,48.7,4277437.932
1.7,80,1,48.8,6721688.179
1.7,80,1,48.9,4582969.213
1.7,80,1,49,6721688.179
1.7,80,1,49.1,5805094.337
1.7,80,1,49.2,3971906.652
1.7,80,1,49.3,1833187.685
1.7,80,1,49.4,3360844.09
1.7,80,1,49.5,4277437.932
1.7,80,1,49.6,5499563.056
1.7,80,1,49.7,1527656.404
1.7,80,1,49.8,3971906.652
1.7,80,1,49.9,3055312.809
1.7,80,1,50,4277437.932
1.7,80,1,50.1,3666375.371
1.7,80,1,50.2,4277437.932
1.7,80,1,50.3,5499563.056
1.7,80,1,50.4,3666375.371
1.7,80,1,50.5,2749781.528
1.7,80,1,50.6,3055312.809
1.7,80,1,50.7,3666375.371
1.7,80,1,50.8,5194031.775
1.7,80,1,50.9,2138718.966
1.7,80,1,51,4888500.494
1.7,80,1,51.1,4277437.932
1.7,80,1,51.2,4582969.213
1.7,80,1,51.3,6110625.618
1.7,80,1,51.4,3360844.09
1.7,80,1,51.5,5499563.056
1.7,80,1,51.6,3666375.371
1.7,80,1,51.7,4582969.213
1.7,80,1,51.8,1833187.685
1.7,80,1,51.9,4582969.213
1.7,80,1,52,3360844.09
1.7,80,1,52.1,3971906.652
1.7,80,1,52.2,2138718.966
1.7,80,1,52.3,4888500.494
1.7,80,1,52.4,3360844.09
1.7,80,1,52.5,3666375.371
1.7,80,1,52.6,3360844.09
1.7,80,1,52.7,1527656.404
1.7,80,1,52.8,5499563.056
1.7,80,1,52.9,4582969.213
1.7,80,1,53,2749781.528
1.7,80,1,53.1,3666375.371
1.7,80,1,53.2,3666375.371
1.7,80,1,53.3,2749781.528
1.7,80,1,53.4,2749781.528
1.7,80,1,53.5,5499563.056
1.7,80,1,53.6,4277437.932
1.7,80,1,53.7,5194031.775
1.7,80,1,53.8,1833187.685
1.7,80,1,53.9,4582969.213
1.7,80,1,54,5194031.775
1.7,80,1,54.1,1833187.685
1.7,80,1,54.2,1527656.404
1.7,80,1,54.3,3055312.809
1.7,80,1,54.4,2749781.528
1.7,80,1,54.5,3055312.809
1.7,80,1,54.6,2138718.966
1.7,80,1,54.7,2749781.528
1.7,80,1,54.8,3055312.809
1.7,80,1,54.9,2138718.966
1.7,80,1,55,2749781.528
1.7,80,1,55.1,2749781.528
1.7,80,1,55.2,3666375.371
1.7,80,1,55.3,1833187.685
1.7,80,1,55.4,3666375.371
1.7,80,1,55.5,3666375.371
1.7,80,1,55.6,3055312.809
1.7,80,1,55.7,4582969.213
1.7,80,1,55.8,3360844.09
1.7,80,1,55.9,2138718.966
1.7,80,1,56,3055312.809
1.7,80,1,56.1,3055312.809
1.7,80,1,56.2,2138718.966
1.7,80,1,56.3,3666375.371
1.7,80,1,56.4,2749781.528
1.7,80,1,56.5,2138718.966
1.7,80,1,56.6,3055312.809
1.7,80,1,56.7,3055312.809
1.7,80,1,56.8,3055312.809
1.7,80,1,56.9,2444250.247
1.7,80,1,57,2444250.247
1.7,80,1,57.1,2444250.247
1.7,80,1,57.2,2444250.247
1.7,80,1,57.3,3360844.09
1.7,80,1,57.4,2138718.966
1.7,80,1,57.5,3666375.371
1.7,80,1,57.6,2749781.528
1.7,80,1,57.7,2444250.247
1.7,80,1,57.8,4277437.932
1.7,80,1,57.9,3971906.652
1.7,80,1,58,3971906.652
1.7,80,1,58.1,6416156.899
1.7,80,1,58.2,3971906.652
1.7,80,1,58.3,2749781.528
1.7,80,1,58.4,1527656.404
1.7,80,1,58.5,6110625.618
1.7,80,1,58.6,2138718.966
1.7,80,1,58.7,4582969.213
1.7,80,1,58.8,4582969.213
1.7,80,1,58.9,2138718.966
1.7,80,1,59,4582969.213
1.7,80,1,59.1,3666375.371
1.7,80,1,59.2,2138718.966
1.7,80,1,59.3,4277437.932
1.7,80,1,59.4,3055312.809
1.7,80,1,59.5,10388063.55
1.7,80,1,59.6,3360844.09
1.7,80,1,59.7,3666375.371
1.7,80,1,59.8,3666375.371
1.7,80,1,59.9,611062.5618
1.7,80,1,60,2749781.528
1.7,80,1,60.1,3055312.809
1.7,80,1,60.2,4888500.494
1.7,80,1,60.3,4277437.932
1.7,80,1,60.4,1833187.685
1.7,80,1,60.5,1833187.685
1.7,80,1,60.6,2444250.247
1.7,80,1,60.7,3360844.09
1.7,80,1,60.8,3055312.809
1.7,80,1,60.9,3360844.09
1.7,80,1,61,1222125.124
1.7,80,1,61.1,5499563.056
1.7,80,1,61.2,2444250.247
1.7,80,1,61.3,1222125.124
1.7,80,1,61.4,1527656.404
1.7,80,1,61.5,3360844.09
1.7,80,1,61.6,1527656.404
1.7,80,1,61.7,5805094.337
1.7,80,1,61.8,2749781.528
1.7,80,1,61.9,611062.5618
1.7,80,1,62,1833187.685
1.7,80,1,62.1,5499563.056
1.7,80,1,62.2,2138718.966
1.7,80,1,62.3,1833187.685
1.7,80,1,62.4,3360844.09
1.7,80,1,62.5,3971906.652
1.7,80,1,62.6,3055312.809
1.7,80,1,62.7,1833187.685
1.7,80,1,62.8,1222125.124
1.7,80,1,62.9,2444250.247
1.7,80,1,63,611062.5618
1.7,80,1,63.1,1833187.685
1.7,80,1,63.2,3666375.371
1.7,80,1,63.3,5194031.775
1.7,80,1,63.4,1222125.124
1.7,80,1,63.5,1222125.124
1.7,80,1,63.6,3055312.809
1.7,80,1,63.7,1527656.404
1.7,80,1,63.8,2444250.247
1.7,80,1,63.9,1527656.404
1.7,80,1,64,3055312.809
1.7,80,1,64.1,2749781.528
1.7,80,1,64.2,2138718.966
1.7,80,1,64.3,2138718.966
1.7,80,1,64.4,1527656.404
1.7,80,1,64.5,3360844.09
1.7,80,1,64.6,2444250.247
1.7,80,1,64.7,3666375.371
1.7,80,1,64.8,1833187.685
1.7,80,1,64.9,1833187.685
1.7,80,1,65,2749781.528
1.7,80,1,65.1,916593.8427
1.7,80,1,65.2,2444250.247
1.7,80,1,65.3,1527656.404
1.7,80,1,65.4,2749781.528
1.7,80,1,65.5,1527656.404
1.7,80,1,65.6,2444250.247
1.7,80,1,65.7,1833187.685
1.7,80,1,65.8,1222125.124
1.7,80,1,65.9,2749781.528
1.7,80,1,66,2138718.966
1.7,80,1,66.1,1833187.685
1.7,80,1,66.2,1222125.124
1.7,80,1,66.3,916593.8427
1.7,80,1,66.4,2444250.247
1.7,80,1,66.5,3055312.809
1.7,80,1,66.6,3055312.809
1.7,80,1,66.7,1527656.404
1.7,80,1,66.8,1527656.404
1.7,80,1,66.9,1527656.404
1.7,80,1,67,2138718.966
1.7,80,1,67.1,3971906.652
1.7,80,1,67.2,2444250.247
1.7,80,1,67.3,1833187.685
1.7,80,1,67.4,4582969.213
1.7,80,1,67.5,611062.5618
1.7,80,1,67.6,1833187.685
1.7,80,1,67.7,2444250.247
1.7,80,1,67.8,2138718.966
1.7,80,1,67.9,2749781.528
1.7,80,1,68,611062.5618
1.7,80,1,68.1,2749781.528
1.7,80,1,68.2,1833187.685
1.7,80,1,68.3,1833187.685
1.7,80,1,68.4,2138718.966
1.7,80,1,68.5,1222125.124
1.7,80,1,68.6,1833187.685
1.7,80,1,68.7,916593.8427
1.7,80,1,68.8,1527656.404
1.7,80,1,68.9,1527656.404
1.7,80,1,69,1527656.404
1.7,80,1,69.1,1833187.685
1.7,80,1,69.2,2138718.966
1.7,80,1,69.3,916593.8427
1.7,80,1,69.4,2138718.966
1.7,80,1,69.5,1222125.124
1.7,80,1,69.6,1222125.124
1.7,80,1,69.7,2749781.528
1.7,80,1,69.8,2749781.528
1.7,80,1,69.9,1222125.124
1.7,80,1,70,2138718.966
1.7,80,1,70.1,1833187.685
1.7,80,1,70.2,2138718.966
1.7,80,1,70.3,2138718.966
1.7,80,1,70.4,916593.8427
1.7,80,1,70.5,1527656.404
1.7,80,1,70.6,2138718.966
1.7,80,1,70.7,2444250.247
1.7,80,1,70.8,916593.8427
1.7,80,1,70.9,611062.5618
1.7,80,1,71,1222125.124
1.7,80,1,71.1,1833187.685
1.7,80,1,71.2,2749781.528
1.7,80,1,71.3,1833187.685
1.7,80,1,71.4,1833187.685
1.7,80,1,71.5,916593.8427
1.7,80,1,71.6,1527656.404
1.7,80,1,71.7,2444250.247
1.7,80,1,71.8,1222125.124
1.7,80,1,71.9,611062.5618
1.7,80,1,72,1833187.685
1.7,80,1,72.1,1222125.124
1.7,80,1,72.2,1833187.685
1.7,80,1,72.3,1527656.404
1.7,80,1,72.4,2138718.966
1.7,80,1,72.5,916593.8427
1.7,80,1,72.6,1527656.404
1.7,80,1,72.7,1222125.124
1.7,80,1,72.8,305531.2809
1.7,80,1,72.9,2138718.966
1.7,80,1,73,916593.8427
1.7,80,1,73.1,1833187.685
1.7,80,1,73.2,611062.5618
1.7,80,1,73.3,1222125.124
1.7,80,1,73.4,1222125.124
1.7,80,1,73.5,1222125.124
1.7,80,1,73.6,2138718.966
1.7,80,1,73.7,2138718.966
1.7,80,1,73.8,1222125.124
1.7,80,1,73.9,1222125.124
1.7,80,1,74,1833187.685
1.7,80,1,74.1,916593.8427
1.7,80,1,74.2,1527656.404
1.7,80,1,74.3,916593.8427
1.7,80,1,74.4,1222125.124
1.7,80,1,74.5,1527656.404
1.7,80,1,74.6,2138718.966
1.7,80,1,74.7,1527656.404
1.7,80,1,74.8,1222125.124
1.7,80,1,74.9,1527656.404
1.7,80,1,75,1222125.124
1.7,80,1,75.1,1833187.685
1.7,80,1,75.2,1833187.685
1.7,80,1,75.3,1222125.124
1.7,80,1,75.4,305531.2809
1.7,80,1,75.5,2749781.528
1.7,80,1,75.6,611062.5618
1.7,80,1,75.7,2444250.247
1.7,80,1,75.8,916593.8427
1.7,80,1,75.9,1222125.124
1.7,80,1,76,916593.8427
1.7,80,1,76.1,1222125.124
1.7,80,1,76.3,916593.8427
1.7,80,1,76.4,916593.8427
1.7,80,1,76.6,1527656.404
1.7,80,1,76.7,1833187.685
1.7,80,1,76.8,305531.2809
1.7,80,1,76.9,916593.8427
1.7,80,1,77,1222125.124
1.7,80,1,77.1,1527656.404
1.7,80,1,77.3,305531.2809
1.7,80,1,77.4,611062.5618
1.7,80,1,77.6,916593.8427
1.7,80,1,77.7,611062.5618
1.7,80,1,77.9,1222125.124
1.7,80,1,78,305531.2809
1.7,80,1,78.1,916593.8427
1.7,80,1,78.2,305531.2809
1.7,80,1,78.4,1222125.124
1.7,80,1,78.5,611062.5618
1.7,80,1,78.6,916593.8427
1.7,80,1,78.8,916593.8427
1.7,80,1,78.9,305531.2809
1.7,80,1,79,305531.2809
1.7,80,1,79.1,305531.2809
1.7,80,1,79.3,305531.2809
1.7,80,1,79.4,611062.5618
1.7,80,1,79.5,611062.5618
1.7,150,1,3.5,1072687.052
1.7,150,1,3.6,2860498.804
1.7,150,1,3.7,3218061.155
1.7,150,1,3.8,2145374.103
1.7,150,1,3.9,6436122.309
1.7,150,1,4,3575623.505
1.7,150,1,4.1,6436122.309
1.7,150,1,4.2,3933185.856
1.7,150,1,4.3,10369308.16
1.7,150,1,4.4,10011745.81
1.7,150,1,4.5,8223934.062
1.7,150,1,4.6,10369308.16
1.7,150,1,4.7,14660056.37
1.7,150,1,4.8,16090305.77
1.7,150,1,4.9,15375181.07
1.7,150,1,5,17878117.53
1.7,150,1,5.1,16447868.12
1.7,150,1,5.2,14302494.02
1.7,150,1,5.3,21096178.68
1.7,150,1,5.4,28962550.39
1.7,150,1,5.5,22168865.73
1.7,150,1,5.6,18593242.23
1.7,150,1,5.7,23241552.78
1.7,150,1,5.8,30035237.44
1.7,150,1,5.9,23241552.78
1.7,150,1,6,30750362.14
1.7,150,1,6.1,28604988.04
1.7,150,1,6.2,29320112.74
1.7,150,1,6.3,35756235.05
1.7,150,1,6.4,32180611.55
1.7,150,1,6.5,38259171.5
1.7,150,1,6.6,33253298.6
1.7,150,1,6.7,33610860.95
1.7,150,1,6.8,31107924.49
1.7,150,1,6.9,35756235.05
1.7,150,1,7,39689420.91
1.7,150,1,7.1,34683548
1.7,150,1,7.2,28962550.39
1.7,150,1,7.3,35041110.35
1.7,150,1,7.4,78663717.11
1.7,150,1,7.5,30392799.79
1.7,150,1,7.6,39689420.91
1.7,150,1,7.7,35756235.05
1.7,150,1,7.8,36828922.1
1.7,150,1,7.9,42192357.36
1.7,150,1,8,36113797.4
1.7,150,1,8.1,42192357.36
1.7,150,1,8.2,37186484.45
1.7,150,1,8.3,116922888.6
1.7,150,1,8.4,750523373.7
1.7,150,1,8.5,32180611.55
1.7,150,1,8.6,33968423.3
1.7,150,1,8.7,38259171.5
1.7,150,1,8.8,42907482.06
1.7,150,1,8.9,35398672.7
1.7,150,1,9,32895736.25
1.7,150,1,9.1,39331858.56
1.7,150,1,9.2,33968423.3
1.7,150,1,9.3,42192357.36
1.7,150,1,9.4,36471359.75
1.7,150,1,9.5,72585157.15
1.7,150,1,9.6,53276790.22
1.7,150,1,9.7,438013879.4
1.7,150,1,9.8,80451528.86
1.7,150,1,9.9,63646098.39
1.7,150,1,10,192010982.2
1.7,150,1,10.1,38974296.2
1.7,150,1,10.2,39331858.56
1.7,150,1,10.3,34325985.65
1.7,150,1,10.4,39331858.56
1.7,150,1,10.5,27174738.64
1.7,150,1,10.6,35398672.7
1.7,150,1,10.7,34683548
1.7,150,1,10.8,31465486.84
1.7,150,1,10.9,30750362.14
1.7,150,1,11,34325985.65
1.7,150,1,11.1,27889863.34
1.7,150,1,11.2,38259171.5
1.7,150,1,11.3,106553580.4
1.7,150,1,11.4,33968423.3
1.7,150,1,11.5,33610860.95
1.7,150,1,11.6,40046983.26
1.7,150,1,11.7,43980169.11
1.7,150,1,11.8,34683548
1.7,150,1,11.9,31107924.49
1.7,150,1,12,30750362.14
1.7,150,1,12.1,30035237.44
1.7,150,1,12.2,31107924.49
1.7,150,1,12.3,23956677.48
1.7,150,1,12.4,27532300.99
1.7,150,1,12.5,27889863.34
1.7,150,1,12.6,28962550.39
1.7,150,1,12.7,18593242.23
1.7,150,1,12.8,30035237.44
1.7,150,1,12.9,31107924.49
1.7,150,1,13,31107924.49
1.7,150,1,13.1,28962550.39
1.7,150,1,13.2,27174738.64
1.7,150,1,13.3,27174738.64
1.7,150,1,13.4,22168865.73
1.7,150,1,13.5,28247425.69
1.7,150,1,13.6,24671802.18
1.7,150,1,13.7,25744489.24
1.7,150,1,13.8,29320112.74
1.7,150,1,13.9,28604988.04
1.7,150,1,14,26459613.94
1.7,150,1,14.1,27889863.34
1.7,150,1,14.2,31465486.84
1.7,150,1,14.3,25386926.89
1.7,150,1,14.4,20738616.33
1.7,150,1,14.5,22168865.73
1.7,150,1,14.6,28247425.69
1.7,150,1,14.7,22883990.43
1.7,150,1,14.8,19665929.28
1.7,150,1,14.9,25029364.54
1.7,150,1,15,24671802.18
1.7,150,1,15.1,24671802.18
1.7,150,1,15.2,24314239.83
1.7,150,1,15.3,23956677.48
1.7,150,1,15.4,21811303.38
1.7,150,1,15.5,30035237.44
1.7,150,1,15.6,23599115.13
1.7,150,1,15.7,23599115.13
1.7,150,1,15.8,19308366.93
1.7,150,1,15.9,26459613.94
1.7,150,1,16,26102051.59
1.7,150,1,16.1,20738616.33
1.7,150,1,16.2,22526428.08
1.7,150,1,16.3,22526428.08
1.7,150,1,16.4,22526428.08
1.7,150,1,16.5,22168865.73
1.7,150,1,16.6,18235679.88
1.7,150,1,16.7,21811303.38
1.7,150,1,16.8,23241552.78
1.7,150,1,16.9,22168865.73
1.7,150,1,17,19308366.93
1.7,150,1,17.1,23241552.78
1.7,150,1,17.2,24314239.83
1.7,150,1,17.3,21811303.38
1.7,150,1,17.4,20381053.98
1.7,150,1,17.5,20738616.33
1.7,150,1,17.6,20738616.33
1.7,150,1,17.7,24671802.18
1.7,150,1,17.8,22526428.08
1.7,150,1,17.9,23241552.78
1.7,150,1,18,18593242.23
1.7,150,1,18.1,21811303.38
1.7,150,1,18.2,17520555.17
1.7,150,1,18.3,19308366.93
1.7,150,1,18.4,22526428.08
1.7,150,1,18.5,14302494.02
1.7,150,1,18.6,16805430.47
1.7,150,1,18.7,18593242.23
1.7,150,1,18.8,15732743.42
1.7,150,1,18.9,23599115.13
1.7,150,1,19,20023491.63
1.7,150,1,19.1,18235679.88
1.7,150,1,19.2,14660056.37
1.7,150,1,19.3,23956677.48
1.7,150,1,19.4,15375181.07
1.7,150,1,19.5,17162992.82
1.7,150,1,19.6,19308366.93
1.7,150,1,19.7,16805430.47
1.7,150,1,19.8,19308366.93
1.7,150,1,19.9,19665929.28
1.7,150,1,20,19665929.28
1.7,150,1,20.1,17520555.17
1.7,150,1,20.2,25744489.24
1.7,150,1,20.3,17520555.17
1.7,150,1,20.4,21453741.03
1.7,150,1,20.5,17162992.82
1.7,150,1,20.6,20023491.63
1.7,150,1,20.7,21096178.68
1.7,150,1,20.8,17878117.53
1.7,150,1,20.9,16090305.77
1.7,150,1,21,14660056.37
1.7,150,1,21.1,13944931.67
1.7,150,1,21.2,14660056.37
1.7,150,1,21.3,15375181.07
1.7,150,1,21.4,14302494.02
1.7,150,1,21.5,16805430.47
1.7,150,1,21.6,14302494.02
1.7,150,1,21.7,14302494.02
1.7,150,1,21.8,16090305.77
1.7,150,1,21.9,19308366.93
1.7,150,1,22,16090305.77
1.7,150,1,22.1,17520555.17
1.7,150,1,22.2,17520555.17
1.7,150,1,22.3,17162992.82
1.7,150,1,22.4,14302494.02
1.7,150,1,22.5,15375181.07
1.7,150,1,22.6,19665929.28
1.7,150,1,22.7,15732743.42
1.7,150,1,22.8,11799557.57
1.7,150,1,22.9,13229806.97
1.7,150,1,23,16090305.77
1.7,150,1,23.1,17878117.53
1.7,150,1,23.2,16805430.47
1.7,150,1,23.3,18235679.88
1.7,150,1,23.4,17162992.82
1.7,150,1,23.5,14660056.37
1.7,150,1,23.6,12514682.27
1.7,150,1,23.7,17162992.82
1.7,150,1,23.8,15375181.07
1.7,150,1,23.9,13944931.67
1.7,150,1,24,18593242.23
1.7,150,1,24.1,14660056.37
1.7,150,1,24.2,15375181.07
1.7,150,1,24.3,17520555.17
1.7,150,1,24.4,12872244.62
1.7,150,1,24.5,16090305.77
1.7,150,1,24.6,18235679.88
1.7,150,1,24.7,17878117.53
1.7,150,1,24.8,12514682.27
1.7,150,1,24.9,15017618.72
1.7,150,1,25,12872244.62
1.7,150,1,25.1,11441995.22
1.7,150,1,25.2,11799557.57
1.7,150,1,25.3,13587369.32
1.7,150,1,25.4,10369308.16
1.7,150,1,25.5,11084432.87
1.7,150,1,25.6,10011745.81
1.7,150,1,25.7,11441995.22
1.7,150,1,25.8,12514682.27
1.7,150,1,25.9,12157119.92
1.7,150,1,26,14660056.37
1.7,150,1,26.1,12872244.62
1.7,150,1,26.2,15375181.07
1.7,150,1,26.3,13587369.32
1.7,150,1,26.4,9654183.464
1.7,150,1,26.5,13587369.32
1.7,150,1,26.6,14302494.02
1.7,150,1,26.7,14660056.37
1.7,150,1,26.8,12157119.92
1.7,150,1,26.9,10011745.81
1.7,150,1,27,15017618.72
1.7,150,1,27.1,10011745.81
1.7,150,1,27.2,14302494.02
1.7,150,1,27.3,8939058.763
1.7,150,1,27.4,10726870.52
1.7,150,1,27.5,12514682.27
1.7,150,1,27.6,12872244.62
1.7,150,1,27.7,11799557.57
1.7,150,1,27.8,11799557.57
1.7,150,1,27.9,8581496.412
1.7,150,1,28,9296621.113
1.7,150,1,28.1,14302494.02
1.7,150,1,28.2,16805430.47
1.7,150,1,28.3,11799557.57
1.7,150,1,28.4,11799557.57
1.7,150,1,28.5,13229806.97
1.7,150,1,28.6,14302494.02
1.7,150,1,28.7,11799557.57
1.7,150,1,28.8,11441995.22
1.7,150,1,28.9,9296621.113
1.7,150,1,29,14660056.37
1.7,150,1,29.1,11799557.57
1.7,150,1,29.2,6436122.309
1.7,150,1,29.3,8939058.763
1.7,150,1,29.4,9296621.113
1.7,150,1,29.5,12514682.27
1.7,150,1,29.6,7508809.361
1.7,150,1,29.7,10011745.81
1.7,150,1,29.8,11084432.87
1.7,150,1,29.9,12872244.62
1.7,150,1,30,6793684.66
1.7,150,1,30.1,12514682.27
1.7,150,1,30.2,10369308.16
1.7,150,1,30.3,9296621.113
1.7,150,1,30.4,10726870.52
1.7,150,1,30.5,10011745.81
1.7,150,1,30.6,11084432.87
1.7,150,1,30.7,12157119.92
1.7,150,1,30.8,9654183.464
1.7,150,1,30.9,8581496.412
1.7,150,1,31,11441995.22
1.7,150,1,31.1,11084432.87
1.7,150,1,31.2,10011745.81
1.7,150,1,31.3,12157119.92
1.7,150,1,31.4,12514682.27
1.7,150,1,31.5,8581496.412
1.7,150,1,31.6,7866371.711
1.7,150,1,31.7,7866371.711
1.7,150,1,31.8,11084432.87
1.7,150,1,31.9,8581496.412
1.7,150,1,32,8223934.062
1.7,150,1,32.1,11084432.87
1.7,150,1,32.2,9654183.464
1.7,150,1,32.3,9296621.113
1.7,150,1,32.4,11084432.87
1.7,150,1,32.5,8223934.062
1.7,150,1,32.6,10011745.81
1.7,150,1,32.7,12157119.92
1.7,150,1,32.8,8581496.412
1.7,150,1,32.9,7866371.711
1.7,150,1,33,8581496.412
1.7,150,1,33.1,11084432.87
1.7,150,1,33.2,10369308.16
1.7,150,1,33.3,7151247.01
1.7,150,1,33.4,6436122.309
1.7,150,1,33.5,10726870.52
1.7,150,1,33.6,7866371.711
1.7,150,1,33.7,9654183.464
1.7,150,1,33.8,9296621.113
1.7,150,1,33.9,8581496.412
1.7,150,1,34,10011745.81
1.7,150,1,34.1,7508809.361
1.7,150,1,34.2,9654183.464
1.7,150,1,34.3,13944931.67
1.7,150,1,34.4,8939058.763
1.7,150,1,34.5,9296621.113
1.7,150,1,34.6,7151247.01
1.7,150,1,34.7,11441995.22
1.7,150,1,34.8,9296621.113
1.7,150,1,34.9,7866371.711
1.7,150,1,35,9654183.464
1.7,150,1,35.1,6793684.66
1.7,150,1,35.2,9296621.113
1.7,150,1,35.3,3575623.505
1.7,150,1,35.4,9654183.464
1.7,150,1,35.5,6793684.66
1.7,150,1,35.6,7866371.711
1.7,150,1,35.7,12157119.92
1.7,150,1,35.8,7866371.711
1.7,150,1,35.9,8581496.412
1.7,150,1,36,7508809.361
1.7,150,1,36.1,10369308.16
1.7,150,1,36.2,8223934.062
1.7,150,1,36.3,8939058.763
1.7,150,1,36.4,7151247.01
1.7,150,1,36.5,8581496.412
1.7,150,1,36.6,10011745.81
1.7,150,1,36.7,6793684.66
1.7,150,1,36.8,10011745.81
1.7,150,1,36.9,7866371.711
1.7,150,1,37,5363435.258
1.7,150,1,37.1,7866371.711
1.7,150,1,37.2,11084432.87
1.7,150,1,37.3,7866371.711
1.7,150,1,37.4,5005872.907
1.7,150,1,37.5,8581496.412
1.7,150,1,37.6,6436122.309
1.7,150,1,37.7,6793684.66
1.7,150,1,37.8,9296621.113
1.7,150,1,37.9,7866371.711
1.7,150,1,38,7866371.711
1.7,150,1,38.1,8223934.062
1.7,150,1,38.2,7866371.711
1.7,150,1,38.3,8939058.763
1.7,150,1,38.4,5363435.258
1.7,150,1,38.5,6078559.959
1.7,150,1,38.6,5720997.608
1.7,150,1,38.7,6436122.309
1.7,150,1,38.8,8223934.062
1.7,150,1,38.9,5005872.907
1.7,150,1,39,5005872.907
1.7,150,1,39.1,7866371.711
1.7,150,1,39.2,7508809.361
1.7,150,1,39.3,7151247.01
1.7,150,1,39.4,6436122.309
1.7,150,1,39.5,5005872.907
1.7,150,1,39.6,7866371.711
1.7,150,1,39.7,10011745.81
1.7,150,1,39.8,5363435.258
1.7,150,1,39.9,5720997.608
1.7,150,1,40,7866371.711
1.7,150,1,40.1,6436122.309
1.7,150,1,40.2,7508809.361
1.7,150,1,40.3,6436122.309
1.7,150,1,40.4,7508809.361
1.7,150,1,40.5,6793684.66
1.7,150,1,40.6,7508809.361
1.7,150,1,40.7,5005872.907
1.7,150,1,40.8,6078559.959
1.7,150,1,40.9,7508809.361
1.7,150,1,41,11084432.87
1.7,150,1,41.1,4648310.557
1.7,150,1,41.2,6436122.309
1.7,150,1,41.3,7151247.01
1.7,150,1,41.4,6436122.309
1.7,150,1,41.5,3218061.155
1.7,150,1,41.6,4290748.206
1.7,150,1,41.7,7151247.01
1.7,150,1,41.8,8581496.412
1.7,150,1,41.9,9296621.113
1.7,150,1,42,7866371.711
1.7,150,1,42.1,6078559.959
1.7,150,1,42.2,4648310.557
1.7,150,1,42.3,5363435.258
1.7,150,1,42.4,6436122.309
1.7,150,1,42.5,4648310.557
1.7,150,1,42.6,6436122.309
1.7,150,1,42.7,3933185.856
1.7,150,1,42.8,7151247.01
1.7,150,1,42.9,6793684.66
1.7,150,1,43,8581496.412
1.7,150,1,43.1,5720997.608
1.7,150,1,43.2,6793684.66
1.7,150,1,43.3,3933185.856
1.7,150,1,43.4,5363435.258
1.7,150,1,43.5,3933185.856
1.7,150,1,43.6,7508809.361
1.7,150,1,43.7,6078559.959
1.7,150,1,43.8,6078559.959
1.7,150,1,43.9,5363435.258
1.7,150,1,44,6793684.66
1.7,150,1,44.1,8939058.763
1.7,150,1,44.2,7151247.01
1.7,150,1,44.3,4648310.557
1.7,150,1,44.4,5005872.907
1.7,150,1,44.5,5363435.258
1.7,150,1,44.6,7151247.01
1.7,150,1,44.7,6078559.959
1.7,150,1,44.8,6793684.66
1.7,150,1,44.9,8581496.412
1.7,150,1,45,4648310.557
1.7,150,1,45.1,7151247.01
1.7,150,1,45.2,6078559.959
1.7,150,1,45.3,3933185.856
1.7,150,1,45.4,6436122.309
1.7,150,1,45.5,4648310.557
1.7,150,1,45.6,3575623.505
1.7,150,1,45.7,5363435.258
1.7,150,1,45.8,5005872.907
1.7,150,1,45.9,3933185.856
1.7,150,1,46,3933185.856
1.7,150,1,46.1,7866371.711
1.7,150,1,46.2,5720997.608
1.7,150,1,46.3,5005872.907
1.7,150,1,46.4,3933185.856
1.7,150,1,46.5,6436122.309
1.7,150,1,46.6,6078559.959
1.7,150,1,46.7,5005872.907
1.7,150,1,46.8,3933185.856
1.7,150,1,46.9,3933185.856
1.7,150,1,47,4290748.206
1.7,150,1,47.1,6078559.959
1.7,150,1,47.2,5720997.608
1.7,150,1,47.3,8581496.412
1.7,150,1,47.4,5005872.907
1.7,150,1,47.5,3218061.155
1.7,150,1,47.6,4648310.557
1.7,150,1,47.7,5005872.907
1.7,150,1,47.8,3218061.155
1.7,150,1,47.9,7508809.361
1.7,150,1,48,5005872.907
1.7,150,1,48.1,3218061.155
1.7,150,1,48.2,5005872.907
1.7,150,1,48.3,6078559.959
1.7,150,1,48.4,4290748.206
1.7,150,1,48.5,4648310.557
1.7,150,1,48.6,6436122.309
1.7,150,1,48.7,3933185.856
1.7,150,1,48.8,3575623.505
1.7,150,1,48.9,3218061.155
1.7,150,1,49,4648310.557
1.7,150,1,49.1,4648310.557
1.7,150,1,49.2,5363435.258
1.7,150,1,49.3,3933185.856
1.7,150,1,49.4,7508809.361
1.7,150,1,49.5,6793684.66
1.7,150,1,49.6,5363435.258
1.7,150,1,49.7,2860498.804
1.7,150,1,49.8,5720997.608
1.7,150,1,49.9,8939058.763
1.7,150,1,50,3218061.155
1.7,150,1,50.1,6436122.309
1.7,150,1,50.2,2860498.804
1.7,150,1,50.3,5720997.608
1.7,150,1,50.4,3933185.856
1.7,150,1,50.5,6078559.959
1.7,150,1,50.6,5363435.258
1.7,150,1,50.7,4648310.557
1.7,150,1,50.8,5363435.258
1.7,150,1,50.9,4290748.206
1.7,150,1,51,4290748.206
1.7,150,1,51.1,3218061.155
1.7,150,1,51.2,3218061.155
1.7,150,1,51.3,3218061.155
1.7,150,1,51.4,4290748.206
1.7,150,1,51.5,4648310.557
1.7,150,1,51.6,3933185.856
1.7,150,1,51.7,5720997.608
1.7,150,1,51.8,5005872.907
1.7,150,1,51.9,3218061.155
1.7,150,1,52,5720997.608
1.7,150,1,52.1,7866371.711
1.7,150,1,52.2,4648310.557
1.7,150,1,52.3,3575623.505
1.7,150,1,52.4,4290748.206
1.7,150,1,52.5,1787811.753
1.7,150,1,52.6,6793684.66
1.7,150,1,52.7,3933185.856
1.7,150,1,52.8,3933185.856
1.7,150,1,52.9,6078559.959
1.7,150,1,53,5005872.907
1.7,150,1,53.1,4648310.557
1.7,150,1,53.2,2860498.804
1.7,150,1,53.3,6436122.309
1.7,150,1,53.4,5005872.907
1.7,150,1,53.5,3933185.856
1.7,150,1,53.6,6078559.959
1.7,150,1,53.7,3933185.856
1.7,150,1,53.8,5005872.907
1.7,150,1,53.9,5005872.907
1.7,150,1,54,4290748.206
1.7,150,1,54.1,2502936.454
1.7,150,1,54.2,3575623.505
1.7,150,1,54.3,5363435.258
1.7,150,1,54.4,3575623.505
1.7,150,1,54.5,4290748.206
1.7,150,1,54.6,5720997.608
1.7,150,1,54.7,2860498.804
1.7,150,1,54.8,6078559.959
1.7,150,1,54.9,2860498.804
1.7,150,1,55,4290748.206
1.7,150,1,55.1,6078559.959
1.7,150,1,55.2,3933185.856
1.7,150,1,55.3,2502936.454
1.7,150,1,55.4,4290748.206
1.7,150,1,55.5,3218061.155
1.7,150,1,55.6,6078559.959
1.7,150,1,55.7,4648310.557
1.7,150,1,55.8,7866371.711
1.7,150,1,55.9,3218061.155
1.7,150,1,56,5005872.907
1.7,150,1,56.1,4290748.206
1.7,150,1,56.2,4648310.557
1.7,150,1,56.3,2860498.804
1.7,150,1,56.4,6436122.309
1.7,150,1,56.5,3575623.505
1.7,150,1,56.6,3575623.505
1.7,150,1,56.7,5720997.608
1.7,150,1,56.8,3933185.856
1.7,150,1,56.9,2502936.454
1.7,150,1,57,2145374.103
1.7,150,1,57.1,3218061.155
1.7,150,1,57.2,4290748.206
1.7,150,1,57.3,4290748.206
1.7,150,1,57.4,4648310.557
1.7,150,1,57.5,5363435.258
1.7,150,1,57.6,3575623.505
1.7,150,1,57.7,3218061.155
1.7,150,1,57.8,5005872.907
1.7,150,1,57.9,4290748.206
1.7,150,1,58,3218061.155
1.7,150,1,58.1,17162992.82
1.7,150,1,58.2,3933185.856
1.7,150,1,58.3,3575623.505
1.7,150,1,58.4,6078559.959
1.7,150,1,58.5,3933185.856
1.7,150,1,58.6,2860498.804
1.7,150,1,58.7,3933185.856
1.7,150,1,58.8,4648310.557
1.7,150,1,58.9,6078559.959
1.7,150,1,59,2860498.804
1.7,150,1,59.1,3933185.856
1.7,150,1,59.2,2860498.804
1.7,150,1,59.3,3933185.856
1.7,150,1,59.4,5720997.608
1.7,150,1,59.5,25744489.24
1.7,150,1,59.6,5720997.608
1.7,150,1,59.7,1072687.052
1.7,150,1,59.8,5720997.608
1.7,150,1,59.9,5005872.907
1.7,150,1,60,5720997.608
1.7,150,1,60.1,2145374.103
1.7,150,1,60.2,2145374.103
1.7,150,1,60.3,4290748.206
1.7,150,1,60.4,2860498.804
1.7,150,1,60.5,2860498.804
1.7,150,1,60.6,2502936.454
1.7,150,1,60.7,3218061.155
1.7,150,1,60.8,3933185.856
1.7,150,1,60.9,4648310.557
1.7,150,1,61,3933185.856
1.7,150,1,61.1,3218061.155
1.7,150,1,61.2,2145374.103
1.7,150,1,61.3,4290748.206
1.7,150,1,61.4,3575623.505
1.7,150,1,61.5,3218061.155
1.7,150,1,61.6,2860498.804
1.7,150,1,61.7,4648310.557
1.7,150,1,61.8,2860498.804
1.7,150,1,61.9,2502936.454
1.7,150,1,62,3933185.856
1.7,150,1,62.1,2502936.454
1.7,150,1,62.2,3933185.856
1.7,150,1,62.3,2502936.454
1.7,150,1,62.4,4648310.557
1.7,150,1,62.5,3575623.505
1.7,150,1,62.6,2502936.454
1.7,150,1,62.7,1430249.402
1.7,150,1,62.8,4648310.557
1.7,150,1,62.9,3218061.155
1.7,150,1,63,1787811.753
1.7,150,1,63.1,2145374.103
1.7,150,1,63.2,2860498.804
1.7,150,1,63.3,5363435.258
1.7,150,1,63.4,2502936.454
1.7,150,1,63.5,3575623.505
1.7,150,1,63.6,3218061.155
1.7,150,1,63.7,2502936.454
1.7,150,1,63.8,3218061.155
1.7,150,1,63.9,3575623.505
1.7,150,1,64,1787811.753
1.7,150,1,64.1,3575623.505
1.7,150,1,64.2,2502936.454
1.7,150,1,64.3,2502936.454
1.7,150,1,64.4,3218061.155
1.7,150,1,64.5,5005872.907
1.7,150,1,64.6,4290748.206
1.7,150,1,64.7,2860498.804
1.7,150,1,64.8,3933185.856
1.7,150,1,64.9,3933185.856
1.7,150,1,65,5005872.907
1.7,150,1,65.1,1072687.052
1.7,150,1,65.2,3218061.155
1.7,150,1,65.3,2860498.804
1.7,150,1,65.4,2860498.804
1.7,150,1,65.5,3933185.856
1.7,150,1,65.6,2502936.454
1.7,150,1,65.7,3575623.505
1.7,150,1,65.8,3218061.155
1.7,150,1,65.9,5005872.907
1.7,150,1,66,3933185.856
1.7,150,1,66.1,2860498.804
1.7,150,1,66.2,2145374.103
1.7,150,1,66.3,2502936.454
1.7,150,1,66.4,3575623.505
1.7,150,1,66.5,2502936.454
1.7,150,1,66.6,4648310.557
1.7,150,1,66.7,2860498.804
1.7,150,1,66.8,2145374.103
1.7,150,1,66.9,2860498.804
1.7,150,1,67,5720997.608
1.7,150,1,67.1,5720997.608
1.7,150,1,67.2,2502936.454
1.7,150,1,67.3,3218061.155
1.7,150,1,67.4,7508809.361
1.7,150,1,67.5,1430249.402
1.7,150,1,67.6,5363435.258
1.7,150,1,67.7,1430249.402
1.7,150,1,67.8,3933185.856
1.7,150,1,67.9,1787811.753
1.7,150,1,68,2860498.804
1.7,150,1,68.1,2145374.103
1.7,150,1,68.2,4648310.557
1.7,150,1,68.3,2502936.454
1.7,150,1,68.4,2860498.804
1.7,150,1,68.5,2860498.804
1.7,150,1,68.6,3218061.155
1.7,150,1,68.7,3218061.155
1.7,150,1,68.8,4290748.206
1.7,150,1,68.9,2860498.804
1.7,150,1,69,5363435.258
1.7,150,1,69.1,3218061.155
1.7,150,1,69.2,3933185.856
1.7,150,1,69.3,1787811.753
1.7,150,1,69.4,3575623.505
1.7,150,1,69.5,2502936.454
1.7,150,1,69.6,3218061.155
1.7,150,1,69.7,1787811.753
1.7,150,1,69.8,1787811.753
1.7,150,1,69.9,3218061.155
1.7,150,1,70,2145374.103
1.7,150,1,70.1,3218061.155
1.7,150,1,70.2,2502936.454
1.7,150,1,70.3,2860498.804
1.7,150,1,70.4,3218061.155
1.7,150,1,70.5,2860498.804
1.7,150,1,70.6,3575623.505
1.7,150,1,70.7,3575623.505
1.7,150,1,70.8,1430249.402
1.7,150,1,70.9,3218061.155
1.7,150,1,71,2502936.454
1.7,150,1,71.1,1787811.753
1.7,150,1,71.2,2860498.804
1.7,150,1,71.3,2502936.454
1.7,150,1,71.4,3575623.505
1.7,150,1,71.5,2145374.103
1.7,150,1,71.6,2860498.804
1.7,150,1,71.7,3218061.155
1.7,150,1,71.8,2860498.804
1.7,150,1,71.9,2145374.103
1.7,150,1,72,2145374.103
1.7,150,1,72.1,3218061.155
1.7,150,1,72.2,1787811.753
1.7,150,1,72.3,2860498.804
1.7,150,1,72.4,2502936.454
1.7,150,1,72.5,1072687.052
1.7,150,1,72.6,3218061.155
1.7,150,1,72.7,3933185.856
1.7,150,1,72.8,3218061.155
1.7,150,1,72.9,4290748.206
1.7,150,1,73,2502936.454
1.7,150,1,73.1,2145374.103
1.7,150,1,73.2,3933185.856
1.7,150,1,73.3,3218061.155
1.7,150,1,73.4,2502936.454
1.7,150,1,73.5,1430249.402
1.7,150,1,73.6,1430249.402
1.7,150,1,73.7,2145374.103
1.7,150,1,73.8,3575623.505
1.7,150,1,73.9,1430249.402
1.7,150,1,74,1787811.753
1.7,150,1,74.1,1430249.402
1.7,150,1,74.2,2145374.103
1.7,150,1,74.3,2502936.454
1.7,150,1,74.4,1787811.753
1.7,150,1,74.5,3218061.155
1.7,150,1,74.6,2502936.454
1.7,150,1,74.7,1430249.402
1.7,150,1,74.8,1787811.753
1.7,150,1,74.9,2502936.454
1.7,150,1,75,1072687.052
1.7,150,1,75.1,357562.3505
1.7,150,1,75.2,1787811.753
1.7,150,1,75.3,3218061.155
1.7,150,1,75.4,2502936.454
1.7,150,1,75.5,1430249.402
1.7,150,1,75.6,2860498.804
1.7,150,1,75.7,3218061.155
1.7,150,1,75.8,3575623.505
1.7,150,1,75.9,2860498.804
1.7,150,1,76,1787811.753
1.7,150,1,76.1,2145374.103
1.7,150,1,76.2,1430249.402
1.7,150,1,76.3,2502936.454
1.7,150,1,76.4,2860498.804
1.7,150,1,76.5,3218061.155
1.7,150,1,76.6,4648310.557
1.7,150,1,76.7,1787811.753
1.7,150,1,76.8,3218061.155
1.7,150,1,76.9,1787811.753
1.7,150,1,77,2145374.103
1.7,150,1,77.1,1430249.402
1.7,150,1,77.2,1787811.753
1.7,150,1,77.3,2145374.103
1.7,150,1,77.4,2145374.103
1.7,150,1,77.5,715124.701
1.7,150,1,77.6,2502936.454
1.7,150,1,77.7,1787811.753
1.7,150,1,77.8,3575623.505
1.7,150,1,77.9,2145374.103
1.7,150,1,78,2145374.103
1.7,150,1,78.1,2502936.454
1.7,150,1,78.2,1787811.753
1.7,150,1,78.3,2502936.454
1.7,150,1,78.4,2502936.454
1.7,150,1,78.5,2145374.103
1.7,150,1,78.6,2860498.804
1.7,150,1,78.7,357562.3505
1.7,150,1,78.8,1787811.753
1.7,150,1,78.9,3933185.856
1.7,150,1,79,2502936.454
1.7,150,1,79.1,2145374.103
1.7,150,1,79.2,1787811.753
1.7,150,1,79.3,2145374.103
1.7,150,1,79.4,2502936.454
1.7,150,1,79.5,2145374.103
1.7,150,1,79.6,2145374.103
1.7,150,1,79.7,3933185.856
1.7,150,1,79.8,3218061.155
1.7,150,1,79.9,357562.3505
1.7,150,1,80,3575623.505
1.7,150,1,80.1,1072687.052
1.7,150,1,80.2,2860498.804
1.7,150,1,80.3,1787811.753
1.7,150,1,80.4,2502936.454
1.7,150,1,80.5,3575623.505
1.7,150,1,80.6,4648310.557
1.7,150,1,80.7,2860498.804
1.7,150,1,80.8,2145374.103
1.7,150,1,80.9,1072687.052
1.7,150,1,81,2145374.103
1.7,150,1,81.1,715124.701
1.7,150,1,81.2,357562.3505
1.7,150,1,81.3,357562.3505
1.7,150,1,81.4,1430249.402
1.7,150,1,81.5,2502936.454
1.7,150,1,81.6,1787811.753
1.7,150,1,81.7,1072687.052
1.7,150,1,81.8,2502936.454
1.7,150,1,81.9,1787811.753
1.7,150,1,82,1072687.052
1.7,150,1,82.1,1787811.753
1.7,150,1,82.2,2502936.454
1.7,150,1,82.3,2145374.103
1.7,150,1,82.4,1787811.753
1.7,150,1,82.5,1787811.753
1.7,150,1,82.6,2860498.804
1.7,150,1,82.7,1787811.753
1.7,150,1,82.8,2145374.103
1.7,150,1,82.9,2860498.804
1.7,150,1,83,2502936.454
1.7,150,1,83.1,1787811.753
1.7,150,1,83.2,2502936.454
1.7,150,1,83.3,2860498.804
1.7,150,1,83.4,2145374.103
1.7,150,1,83.6,1072687.052
1.7,150,1,83.7,2145374.103
1.7,150,1,83.8,1072687.052
1.7,150,1,83.9,2145374.103
1.7,150,1,84,2145374.103
1.7,150,1,84.1,1430249.402
1.7,150,1,84.2,2502936.454
1.7,150,1,84.3,1430249.402
1.7,150,1,84.4,2145374.103
1.7,150,1,84.5,1430249.402
1.7,150,1,84.6,2502936.454
1.7,150,1,84.7,1430249.402
1.7,150,1,84.8,2145374.103
1.7,150,1,84.9,1072687.052
1.7,150,1,85,2145374.103
1.7,150,1,85.1,1430249.402
1.7,150,1,85.2,2502936.454
1.7,150,1,85.3,1072687.052
1.7,150,1,85.4,1430249.402
1.7,150,1,85.5,715124.701
1.7,150,1,85.6,2502936.454
1.7,150,1,85.7,2145374.103
1.7,150,1,85.8,1787811.753
1.7,150,1,85.9,2145374.103
1.7,150,1,86,2145374.103
1.7,150,1,86.1,1787811.753
1.7,150,1,86.2,1787811.753
1.7,150,1,86.3,2502936.454
1.7,150,1,86.4,2860498.804
1.7,150,1,86.5,2860498.804
1.7,150,1,86.6,1430249.402
1.7,150,1,86.7,715124.701
1.7,150,1,86.8,2860498.804
1.7,150,1,86.9,1072687.052
1.7,150,1,87,1072687.052
1.7,150,1,87.1,2145374.103
1.7,150,1,87.2,1787811.753
1.7,150,1,87.3,1430249.402
1.7,150,1,87.4,1072687.052
1.7,150,1,87.5,1072687.052
1.7,150,1,87.6,357562.3505
1.7,150,1,87.7,715124.701
1.7,150,1,87.8,3933185.856
1.7,150,1,87.9,3575623.505
1.7,150,1,88,2145374.103
1.7,150,1,88.1,1787811.753
1.7,150,1,88.2,1787811.753
1.7,150,1,88.3,2860498.804
1.7,150,1,88.4,2502936.454
1.7,150,1,88.5,357562.3505
1.7,150,1,88.6,715124.701
1.7,150,1,88.7,1072687.052
1.7,150,1,88.8,2145374.103
1.7,150,1,88.9,1430249.402
1.7,150,1,89,1787811.753
1.7,150,1,89.1,1430249.402
1.7,150,1,89.2,3575623.505
1.7,150,1,89.3,1072687.052
1.7,150,1,89.4,1787811.753
1.7,150,1,89.5,715124.701
1.7,150,1,89.6,1787811.753
1.7,150,1,89.7,2502936.454
1.7,150,1,89.8,2502936.454
1.7,150,1,89.9,1430249.402
1.7,150,1,90,2145374.103
1.7,150,1,90.1,1072687.052
1.7,150,1,90.2,1430249.402
1.7,150,1,90.3,2502936.454
1.7,150,1,90.4,2145374.103
1.7,150,1,90.5,1787811.753
1.7,150,1,90.6,1430249.402
1.7,150,1,90.7,2502936.454
1.7,150,1,90.8,1787811.753
1.7,150,1,90.9,1072687.052
1.7,150,1,91,2502936.454
1.7,150,1,91.1,2502936.454
1.7,150,1,91.2,1072687.052
1.7,150,1,91.3,2145374.103
1.7,150,1,91.4,1430249.402
1.7,150,1,91.5,2145374.103
1.7,150,1,91.6,1787811.753
1.7,150,1,91.7,2145374.103
1.7,150,1,91.8,1430249.402
1.7,150,1,91.9,357562.3505
1.7,150,1,92,1072687.052
1.7,150,1,92.1,3218061.155
1.7,150,1,92.2,1072687.052
1.7,150,1,92.3,1072687.052
1.7,150,1,92.4,1787811.753
1.7,150,1,92.5,1072687.052
1.7,150,1,92.6,1787811.753
1.7,150,1,92.7,2145374.103
1.7,150,1,92.8,2145374.103
1.7,150,1,92.9,2860498.804
1.7,150,1,93,1787811.753
1.7,150,1,93.1,1072687.052
1.7,150,1,93.2,1072687.052
1.7,150,1,93.3,2502936.454
1.7,150,1,93.4,1787811.753
1.7,150,1,93.5,1430249.402
1.7,150,1,93.6,2145374.103
1.7,150,1,93.7,2145374.103
1.7,150,1,93.8,2502936.454
1.7,150,1,93.9,1430249.402
1.7,150,1,94,1430249.402
1.7,150,1,94.1,1430249.402
1.7,150,1,94.2,2145374.103
1.7,150,1,94.3,2145374.103
1.7,150,1,94.4,2145374.103
1.7,150,1,94.5,357562.3505
1.7,150,1,94.6,1430249.402
1.7,150,1,94.7,1787811.753
1.7,150,1,94.8,1072687.052
1.7,150,1,94.9,1430249.402
1.7,150,1,95,715124.701
1.7,150,1,95.1,2502936.454
1.7,150,1,95.2,2145374.103
1.7,150,1,95.3,1072687.052
1.7,150,1,95.4,1430249.402
1.7,150,1,95.5,2502936.454
1.7,150,1,95.7,2502936.454
1.7,150,1,95.8,1787811.753
1.7,150,1,95.9,2502936.454
1.7,150,1,96,1787811.753
1.7,150,1,96.1,1430249.402
1.7,150,1,96.2,1787811.753
1.7,150,1,96.3,1787811.753
1.7,150,1,96.4,1072687.052
1.7,150,1,96.5,3575623.505
1.7,150,1,96.6,715124.701
1.7,150,1,96.7,1430249.402
1.7,150,1,96.8,1430249.402
1.7,150,1,96.9,715124.701
1.7,150,1,97,1430249.402
1.7,150,1,97.1,1072687.052
1.7,150,1,97.2,2145374.103
1.7,150,1,97.3,1787811.753
1.7,150,1,97.4,1787811.753
1.7,150,1,97.5,715124.701
1.7,150,1,97.6,1430249.402
1.7,150,1,97.7,1430249.402
1.7,150,1,97.8,1430249.402
1.7,150,1,97.9,715124.701
1.7,150,1,98,3575623.505
1.7,150,1,98.1,1430249.402
1.7,150,1,98.2,715124.701
1.7,150,1,98.3,2502936.454
1.7,150,1,98.5,1787811.753
1.7,150,1,98.6,1787811.753
1.7,150,1,98.7,1072687.052
1.7,150,1,98.8,1430249.402
1.7,150,1,98.9,1787811.753
1.7,150,1,99,357562.3505
1.7,150,1,99.1,1072687.052
1.7,150,1,99.2,1072687.052
1.7,150,1,99.3,3218061.155
1.7,150,1,99.4,2860498.804
1.7,150,1,99.6,1430249.402
1.7,150,1,99.7,2502936.454
1.7,150,1,99.8,715124.701
1.7,150,1,99.9,715124.701
1.7,150,1,100,2145374.103
1.7,150,1,100.2,715124.701
1.7,150,1,100.3,715124.701
1.7,150,1,100.4,1430249.402
1.7,150,1,100.5,1072687.052
1.7,150,1,100.6,1072687.052
1.7,150,1,100.7,1787811.753
1.7,150,1,100.8,1072687.052
1.7,150,1,100.9,2145374.103
1.7,150,1,101,1787811.753
1.7,150,1,101.1,2145374.103
1.7,150,1,101.2,2502936.454
1.7,150,1,101.3,715124.701
1.7,150,1,101.4,1430249.402
1.7,150,1,101.5,1430249.402
1.7,150,1,101.6,1787811.753
1.7,150,1,101.7,1787811.753
1.7,150,1,101.8,1787811.753
1.7,150,1,101.9,1430249.402
1.7,150,1,102,715124.701
1.7,150,1,102.1,357562.3505
1.7,150,1,102.2,357562.3505
1.7,150,1,102.3,715124.701
1.7,150,1,102.4,1072687.052
1.7,150,1,102.5,2145374.103
1.7,150,1,102.6,1072687.052
1.7,150,1,102.7,715124.701
1.7,150,1,102.8,1072687.052
1.7,150,1,102.9,1072687.052
1.7,150,1,103,715124.701
1.7,150,1,103.1,2145374.103
1.7,150,1,103.2,1072687.052
1.7,150,1,103.3,1787811.753
1.7,150,1,103.4,1430249.402
1.7,150,1,103.5,2145374.103
1.7,150,1,103.6,1430249.402
1.7,150,1,103.7,1072687.052
1.7,150,1,103.8,1430249.402
1.7,150,1,103.9,357562.3505
1.7,150,1,104,357562.3505
1.7,150,1,104.1,1072687.052
1.7,150,1,104.2,1787811.753
1.7,150,1,104.3,715124.701
1.7,150,1,104.4,1072687.052
1.7,150,1,104.5,1072687.052
1.7,150,1,104.6,715124.701
1.7,150,1,104.7,1072687.052
1.7,150,1,104.8,2145374.103
1.7,150,1,104.9,357562.3505
1.7,150,1,105,1430249.402
1.7,150,1,105.1,357562.3505
1.7,150,1,105.2,2145374.103
1.7,150,1,105.3,2145374.103
1.7,150,1,105.4,1072687.052
1.7,150,1,105.5,357562.3505
1.7,150,1,105.6,1072687.052
1.7,150,1,105.7,1430249.402
1.7,150,1,105.8,1072687.052
1.7,150,1,105.9,1430249.402
1.7,150,1,106,1787811.753
1.7,150,1,106.1,715124.701
1.7,150,1,106.2,1072687.052
1.7,150,1,106.3,1430249.402
1.7,150,1,106.4,715124.701
1.7,150,1,106.5,1072687.052
1.7,150,1,106.6,715124.701
1.7,150,1,106.7,1430249.402
1.7,150,1,106.8,2145374.103
1.7,150,1,106.9,3218061.155
1.7,150,1,107,2145374.103
1.7,150,1,107.1,1430249.402
1.7,150,1,107.2,1072687.052
1.7,150,1,107.3,1072687.052
1.7,150,1,107.4,1787811.753
1.7,150,1,107.5,2145374.103
1.7,150,1,107.6,2502936.454
1.7,150,1,107.7,1072687.052
1.7,150,1,107.8,1787811.753
1.7,150,1,107.9,357562.3505
1.7,150,1,108,715124.701
1.7,150,1,108.1,1787811.753
1.7,150,1,108.2,715124.701
1.7,150,1,108.3,715124.701
1.7,150,1,108.4,1072687.052
1.7,150,1,108.5,715124.701
1.7,150,1,108.6,1430249.402
1.7,150,1,108.7,715124.701
1.7,150,1,108.9,357562.3505
1.7,150,1,109,1430249.402
1.7,150,1,109.1,1072687.052
1.7,150,1,109.2,1787811.753
1.7,150,1,109.3,715124.701
1.7,150,1,109.4,357562.3505
1.7,150,1,109.5,715124.701
1.7,150,1,109.6,1072687.052
1.7,150,1,109.7,1430249.402
1.7,150,1,109.8,715124.701
1.7,150,1,109.9,2145374.103
1.7,150,1,110,1072687.052
1.7,150,1,110.1,715124.701
1.7,150,1,110.2,1430249.402
1.7,150,1,110.3,357562.3505
1.7,150,1,110.4,1787811.753
1.7,150,1,110.5,357562.3505
1.7,150,1,110.6,715124.701
1.7,150,1,110.7,1430249.402
1.7,150,1,110.9,2145374.103
1.7,150,1,111,715124.701
1.7,150,1,111.1,1430249.402
1.7,150,1,111.2,1072687.052
1.7,150,1,111.3,357562.3505
1.7,150,1,111.4,1430249.402
1.7,150,1,111.5,1072687.052
1.7,150,1,111.6,715124.701
1.7,150,1,111.7,1072687.052
1.7,150,1,111.8,357562.3505
1.7,150,1,111.9,715124.701
1.7,150,1,112,1072687.052
1.7,150,1,112.1,715124.701
1.7,150,1,112.2,2502936.454
1.7,150,1,112.3,1072687.052
1.7,150,1,112.4,1430249.402
1.7,150,1,112.5,357562.3505
1.7,150,1,112.6,715124.701
1.7,150,1,112.7,715124.701
1.7,150,1,112.8,715124.701
1.7,150,1,112.9,357562.3505
1.7,150,1,113,715124.701
1.7,150,1,113.1,715124.701
1.7,150,1,113.2,1430249.402
1.7,150,1,113.3,2502936.454
1.7,150,1,113.4,1430249.402
1.7,150,1,113.5,357562.3505
1.7,150,1,113.6,1430249.402
1.7,150,1,113.7,715124.701
1.7,150,1,113.8,1072687.052
1.7,150,1,114.1,1787811.753
1.7,150,1,114.2,1072687.052
1.7,150,1,114.3,1072687.052
1.7,150,1,114.4,357562.3505
1.7,150,1,114.5,357562.3505
1.7,150,1,114.6,715124.701
1.7,150,1,114.7,1430249.402
1.7,150,1,114.8,1072687.052
1.7,150,1,114.9,1430249.402
1.7,150,1,115,1430249.402
1.7,150,1,115.1,1430249.402
1.7,150,1,115.2,357562.3505
1.7,150,1,115.3,1430249.402
1.7,150,1,115.4,715124.701
1.7,150,1,115.5,715124.701
1.7,150,1,115.6,715124.701
1.7,150,1,115.7,715124.701
1.7,150,1,115.8,715124.701
1.7,150,1,115.9,1430249.402
1.7,150,1,116,1072687.052
1.7,150,1,116.1,357562.3505
1.7,150,1,116.2,715124.701
1.7,150,1,116.3,715124.701
1.7,150,1,116.4,357562.3505
1.7,150,1,116.5,1072687.052
1.7,150,1,116.6,357562.3505
1.7,150,1,116.7,1787811.753
1.7,150,1,116.8,2145374.103
1.7,150,1,116.9,357562.3505
1.7,150,1,117,1787811.753
1.7,150,1,117.1,715124.701
1.7,150,1,117.2,1430249.402
1.7,150,1,117.3,1072687.052
1.7,150,1,117.4,715124.701
1.7,150,1,117.5,715124.701
1.7,150,1,117.6,715124.701
1.7,150,1,117.7,357562.3505
1.7,150,1,117.8,2145374.103
1.7,150,1,118,1072687.052
1.7,150,1,118.1,2145374.103
1.7,150,1,118.2,1430249.402
1.7,150,1,118.3,715124.701
1.7,150,1,118.4,1072687.052
1.7,150,1,118.5,1787811.753
1.7,150,1,118.6,1430249.402
1.7,150,1,118.7,1787811.753
1.7,150,1,118.8,1430249.402
1.7,150,1,118.9,715124.701
1.7,150,1,119,357562.3505
1.7,150,1,119.1,357562.3505
1.7,150,1,119.2,1072687.052
1.7,150,1,119.4,357562.3505
1.7,150,1,119.5,1430249.402
1.7,150,1,119.6,715124.701
1.7,150,1,119.7,1430249.402
1.7,150,1,119.8,715124.701
1.7,150,1,119.9,715124.701
1.7,150,1,120,357562.3505
1.7,150,1,120.1,1072687.052
1.7,150,1,120.2,357562.3505
1.7,150,1,120.3,1430249.402
1.7,150,1,120.4,1430249.402
1.7,150,1,120.5,357562.3505
1.7,150,1,120.6,715124.701
1.7,150,1,120.7,715124.701
1.7,150,1,120.8,715124.701
1.7,150,1,120.9,357562.3505
1.7,150,1,121,1430249.402
1.7,150,1,121.1,357562.3505
1.7,150,1,121.2,1072687.052
1.7,150,1,121.3,1787811.753
1.7,150,1,121.4,1072687.052
1.7,150,1,121.5,1072687.052
1.7,150,1,121.7,715124.701
1.7,150,1,121.9,715124.701
1.7,150,1,122,1430249.402
1.7,150,1,122.1,1430249.402
1.7,150,1,122.2,715124.701
1.7,150,1,122.3,2502936.454
1.7,150,1,122.4,1072687.052
1.7,150,1,122.5,1430249.402
1.7,150,1,122.7,715124.701
1.7,150,1,122.8,357562.3505
1.7,150,1,122.9,715124.701
1.7,150,1,123,715124.701
1.7,150,1,123.1,715124.701
1.7,150,1,123.2,715124.701
1.7,150,1,123.4,1430249.402
1.7,150,1,123.5,357562.3505
1.7,150,1,123.6,357562.3505
1.7,150,1,123.7,1072687.052
1.7,150,1,123.8,1072687.052
1.7,150,1,123.9,1430249.402
1.7,150,1,124,1430249.402
1.7,150,1,124.1,715124.701
1.7,150,1,124.2,1072687.052
1.7,150,1,124.3,1430249.402
1.7,150,1,124.5,715124.701
1.7,150,1,124.6,2502936.454
1.7,150,1,124.7,1787811.753
1.7,150,1,124.8,1787811.753
1.7,150,1,124.9,1787811.753
1.7,150,1,125,357562.3505
1.7,150,1,125.1,357562.3505
1.7,150,1,125.2,715124.701
1.7,150,1,125.3,1072687.052
1.7,150,1,125.4,715124.701
1.7,150,1,125.5,715124.701
1.7,150,1,125.6,1430249.402
1.7,150,1,125.7,1072687.052
1.7,150,1,125.8,1430249.402
1.7,150,1,126,1072687.052
1.7,150,1,126.1,715124.701
1.7,150,1,126.2,1072687.052
1.7,150,1,126.3,357562.3505
1.7,150,1,126.4,1430249.402
1.7,150,1,126.5,1787811.753
1.7,150,1,126.6,1430249.402
1.7,150,1,126.7,715124.701
1.7,150,1,126.8,357562.3505
1.7,150,1,126.9,715124.701
1.7,150,1,127,357562.3505
1.7,150,1,127.2,357562.3505
1.7,150,1,127.3,715124.701
1.7,150,1,127.4,1072687.052
1.7,150,1,127.6,1787811.753
1.7,150,1,127.7,715124.701
1.7,150,1,127.8,357562.3505
1.7,150,1,127.9,1072687.052
1.7,150,1,128,715124.701
1.7,150,1,128.1,715124.701
1.7,150,1,128.2,357562.3505
1.7,150,1,128.3,715124.701
1.7,150,1,128.4,715124.701
1.7,150,1,128.5,1072687.052
1.7,150,1,128.6,357562.3505
1.7,150,1,128.7,1072687.052
1.7,150,1,128.8,357562.3505
1.7,150,1,128.9,1072687.052
1.7,150,1,129,715124.701
1.7,150,1,129.1,715124.701
1.7,150,1,129.3,715124.701
1.7,150,1,129.4,357562.3505
1.7,150,1,129.6,715124.701
1.7,150,1,129.7,2145374.103
1.7,150,1,129.8,357562.3505
1.7,150,1,129.9,1072687.052
1.7,150,1,130.1,1072687.052
1.7,150,1,130.2,1430249.402
1.7,150,1,130.3,357562.3505
1.7,150,1,130.4,1787811.753
1.7,150,1,130.5,357562.3505
1.7,150,1,130.6,715124.701
1.7,150,1,130.7,357562.3505
1.7,150,1,130.8,357562.3505
1.7,150,1,130.9,1072687.052
1.7,150,1,131,357562.3505
1.7,150,1,131.1,1072687.052
1.7,150,1,131.2,2145374.103
1.7,150,1,131.3,357562.3505
1.7,150,1,131.4,357562.3505
1.7,150,1,131.5,1072687.052
1.7,150,1,131.6,357562.3505
1.7,150,1,132,357562.3505
1.7,150,1,132.1,715124.701
1.7,150,1,132.2,1430249.402
1.7,150,1,132.3,357562.3505
1.7,150,1,132.4,1072687.052
1.7,150,1,132.5,2145374.103
1.7,150,1,132.6,357562.3505
1.7,150,1,132.7,357562.3505
1.7,150,1,132.8,715124.701
1.7,150,1,132.9,357562.3505
1.7,150,1,133,357562.3505
1.7,150,1,133.1,357562.3505
1.7,150,1,133.2,715124.701
1.7,150,1,133.3,1072687.052
1.7,150,1,133.4,1430249.402
1.7,150,1,133.5,715124.701
1.7,150,1,133.6,715124.701
1.7,150,1,133.7,715124.701
1.7,150,1,133.8,715124.701
1.7,150,1,133.9,1072687.052
1.7,150,1,134,715124.701
1.7,150,1,134.1,357562.3505
1.7,150,1,134.2,357562.3505
1.7,150,1,134.3,1787811.753
1.7,150,1,134.4,715124.701
1.7,150,1,134.5,1787811.753
1.7,150,1,134.7,357562.3505
1.7,150,1,134.9,357562.3505
1.7,150,1,135,1430249.402
1.7,150,1,135.1,357562.3505
1.7,150,1,135.2,357562.3505
1.7,150,1,135.3,715124.701
1.7,150,1,135.4,357562.3505
1.7,150,1,135.5,357562.3505
1.7,150,1,135.6,715124.701
1.7,150,1,135.7,1072687.052
1.7,150,1,136,715124.701
1.7,150,1,136.1,1072687.052
1.7,150,1,136.3,1072687.052
1.7,150,1,136.4,357562.3505
1.7,150,1,136.5,1072687.052
1.7,150,1,136.6,1430249.402
1.7,150,1,136.7,1072687.052
1.7,150,1,136.8,357562.3505
1.7,150,1,136.9,357562.3505
1.7,150,1,137,357562.3505
1.7,150,1,137.1,715124.701
1.7,150,1,137.2,715124.701
1.7,150,1,137.3,357562.3505
1.7,150,1,137.5,1430249.402
1.7,150,1,137.6,1072687.052
1.7,150,1,137.7,357562.3505
1.7,150,1,137.8,715124.701
1.7,150,1,137.9,1430249.402
1.7,150,1,138.1,715124.701
1.7,150,1,138.4,715124.701
1.7,150,1,138.5,1072687.052
1.7,150,1,138.6,715124.701
1.7,150,1,138.7,715124.701
1.7,150,1,138.8,357562.3505
1.7,150,1,138.9,1072687.052
1.7,150,1,139.1,1430249.402
1.7,150,1,139.2,715124.701
1.7,150,1,139.3,357562.3505
1.7,150,1,139.4,2502936.454
1.7,150,1,139.5,357562.3505
1.7,150,1,139.6,715124.701
1.7,150,1,139.8,357562.3505
1.7,150,1,139.9,715124.701
1.7,150,1,140,715124.701
1.7,150,1,140.1,357562.3505
1.7,150,1,140.2,357562.3505
1.7,150,1,140.4,357562.3505
1.7,150,1,140.5,715124.701
1.7,150,1,140.7,357562.3505
1.7,150,1,140.8,357562.3505
1.7,150,1,140.9,715124.701
1.7,150,1,141,357562.3505
1.7,150,1,141.1,357562.3505
1.7,150,1,141.3,1430249.402
1.7,150,1,141.4,1072687.052
1.7,150,1,141.5,715124.701
1.7,150,1,141.6,357562.3505
1.7,150,1,141.7,357562.3505
1.7,150,1,141.8,357562.3505
1.7,150,1,141.9,357562.3505
1.7,150,1,142,1072687.052
1.7,150,1,142.2,357562.3505
1.7,150,1,142.3,715124.701
1.7,150,1,142.4,357562.3505
1.7,150,1,142.5,715124.701
1.7,150,1,142.6,715124.701
1.7,150,1,142.7,357562.3505
1.7,150,1,142.8,357562.3505
1.7,150,1,142.9,715124.701
1.7,150,1,143,1430249.402
1.7,150,1,143.1,357562.3505
1.7,150,1,143.3,357562.3505
1.7,150,1,143.5,357562.3505
1.7,150,1,143.6,357562.3505
1.7,150,1,143.7,715124.701
1.7,150,1,143.8,715124.701
1.7,150,1,143.9,357562.3505
1.7,150,1,144.1,357562.3505
1.7,150,1,144.3,357562.3505
1.7,150,1,144.4,357562.3505
1.7,150,1,144.5,715124.701
1.7,150,1,144.6,357562.3505
1.7,150,1,144.7,357562.3505
1.7,150,1,144.9,357562.3505
1.7,150,1,145.1,357562.3505
1.7,150,1,145.3,357562.3505
1.7,150,1,145.6,715124.701
1.7,150,1,145.7,1072687.052
1.7,150,1,145.8,715124.701
1.7,150,1,145.9,715124.701
1.7,150,1,146,715124.701
1.7,150,1,146.1,1072687.052
1.7,150,1,146.2,357562.3505
1.7,150,1,146.5,715124.701
1.7,150,1,146.6,357562.3505
1.7,150,1,146.7,357562.3505
1.7,150,1,146.8,1430249.402
1.7,150,1,146.9,357562.3505
1.7,150,1,147.1,357562.3505
1.7,150,1,147.2,1072687.052
1.7,150,1,147.4,357562.3505
1.7,150,1,147.5,357562.3505
1.7,150,1,147.6,715124.701
1.7,150,1,147.7,357562.3505
1.7,150,1,147.8,357562.3505
1.7,150,1,148,357562.3505
1.7,150,1,148.1,715124.701
1.7,150,1,148.3,715124.701
1.7,150,1,148.4,357562.3505
1.7,150,1,148.5,357562.3505
1.7,150,1,148.6,357562.3505
1.7,150,1,148.7,715124.701
1.7,150,1,149,715124.701
1.7,150,1,149.3,357562.3505
1.7,150,1,149.7,357562.3505
1.7,150,1,149.8,357562.3505
1.7,40,3,4.3,284136.8796
1.7,40,3,4.4,568273.7593
1.7,40,3,4.7,852410.6389
1.7,40,3,4.8,852410.6389
1.7,40,3,4.9,568273.7593
1.7,40,3,5,1988958.157
1.7,40,3,5.1,852410.6389
1.7,40,3,5.2,2557231.917
1.7,40,3,5.3,2557231.917
1.7,40,3,5.4,2273095.037
1.7,40,3,5.5,1988958.157
1.7,40,3,5.6,4830326.954
1.7,40,3,5.7,3409642.556
1.7,40,3,5.8,5114463.833
1.7,40,3,5.9,6251011.352
1.7,40,3,6,4546190.074
1.7,40,3,6.1,5682737.593
1.7,40,3,6.2,5398600.713
1.7,40,3,6.3,6535148.231
1.7,40,3,6.4,7671695.75
1.7,40,3,6.5,8808243.268
1.7,40,3,6.6,6251011.352
1.7,40,3,6.7,8808243.268
1.7,40,3,6.8,7387558.87
1.7,40,3,6.9,12217885.82
1.7,40,3,7,9660653.907
1.7,40,3,7.1,13354433.34
1.7,40,3,7.2,8808243.268
1.7,40,3,7.3,12786159.58
1.7,40,3,7.4,36653657.47
1.7,40,3,7.5,9660653.907
1.7,40,3,7.6,15343391.5
1.7,40,3,7.7,13070296.46
1.7,40,3,7.8,16195802.14
1.7,40,3,7.9,16764075.9
1.7,40,3,8,13070296.46
1.7,40,3,8.1,15911665.26
1.7,40,3,8.2,15059254.62
1.7,40,3,8.3,73307314.94
1.7,40,3,8.4,540996618.8
1.7,40,3,8.5,20457855.33
1.7,40,3,8.6,20741992.21
1.7,40,3,8.7,16195802.14
1.7,40,3,8.8,27845414.2
1.7,40,3,8.9,17900623.42
1.7,40,3,9,15627528.38
1.7,40,3,9.1,14775117.74
1.7,40,3,9.2,21878539.73
1.7,40,3,9.3,16764075.9
1.7,40,3,9.4,16479939.02
1.7,40,3,9.5,37221931.23
1.7,40,3,9.6,33244014.92
1.7,40,3,9.7,283284469
1.7,40,3,9.8,41199847.55
1.7,40,3,9.9,35517109.95
1.7,40,3,10,158264242
1.7,40,3,10.1,21310265.97
1.7,40,3,10.2,20457855.33
1.7,40,3,10.3,10228927.67
1.7,40,3,10.4,9660653.907
1.7,40,3,10.5,10513064.55
1.7,40,3,10.6,10797201.43
1.7,40,3,10.7,9092380.148
1.7,40,3,10.8,10797201.43
1.7,40,3,10.9,10513064.55
1.7,40,3,11,11649612.06
1.7,40,3,11.1,9944790.787
1.7,40,3,11.2,12786159.58
1.7,40,3,11.3,50292227.69
1.7,40,3,11.4,13070296.46
1.7,40,3,11.5,11081338.31
1.7,40,3,11.6,14490980.86
1.7,40,3,11.7,12217885.82
1.7,40,3,11.8,7955832.63
1.7,40,3,11.9,12502022.7
1.7,40,3,12,12502022.7
1.7,40,3,12.1,11081338.31
1.7,40,3,12.2,8524106.389
1.7,40,3,12.3,5966874.472
1.7,40,3,12.4,7955832.63
1.7,40,3,12.5,8808243.268
1.7,40,3,12.6,7387558.87
1.7,40,3,12.7,8808243.268
1.7,40,3,12.8,9092380.148
1.7,40,3,12.9,8524106.389
1.7,40,3,13,9944790.787
1.7,40,3,13.1,8808243.268
1.7,40,3,13.2,8524106.389
1.7,40,3,13.3,10513064.55
1.7,40,3,13.4,7671695.75
1.7,40,3,13.5,6819285.111
1.7,40,3,13.6,8524106.389
1.7,40,3,13.7,12217885.82
1.7,40,3,13.8,7103421.991
1.7,40,3,13.9,9944790.787
1.7,40,3,14,10228927.67
1.7,40,3,14.1,8524106.389
1.7,40,3,14.2,11649612.06
1.7,40,3,14.3,9660653.907
1.7,40,3,14.4,10228927.67
1.7,40,3,14.5,11365475.19
1.7,40,3,14.6,10513064.55
1.7,40,3,14.7,7103421.991
1.7,40,3,14.8,10513064.55
1.7,40,3,14.9,8808243.268
1.7,40,3,15,10513064.55
1.7,40,3,15.1,10228927.67
1.7,40,3,15.2,8524106.389
1.7,40,3,15.3,8524106.389
1.7,40,3,15.4,10228927.67
1.7,40,3,15.5,7103421.991
1.7,40,3,15.6,9376517.028
1.7,40,3,15.7,11933748.94
1.7,40,3,15.8,7955832.63
1.7,40,3,15.9,6535148.231
1.7,40,3,16,10228927.67
1.7,40,3,16.1,11365475.19
1.7,40,3,16.2,8239969.509
1.7,40,3,16.3,9376517.028
1.7,40,3,16.4,9944790.787
1.7,40,3,16.5,11649612.06
1.7,40,3,16.6,11365475.19
1.7,40,3,16.7,11649612.06
1.7,40,3,16.8,7387558.87
1.7,40,3,16.9,11081338.31
1.7,40,3,17,8524106.389
1.7,40,3,17.1,12502022.7
1.7,40,3,17.2,9660653.907
1.7,40,3,17.3,9660653.907
1.7,40,3,17.4,8239969.509
1.7,40,3,17.5,12502022.7
1.7,40,3,17.6,11365475.19
1.7,40,3,17.7,9660653.907
1.7,40,3,17.8,10513064.55
1.7,40,3,17.9,11649612.06
1.7,40,3,18,8808243.268
1.7,40,3,18.1,11649612.06
1.7,40,3,18.2,9376517.028
1.7,40,3,18.3,11081338.31
1.7,40,3,18.4,8808243.268
1.7,40,3,18.5,7387558.87
1.7,40,3,18.6,11933748.94
1.7,40,3,18.7,10797201.43
1.7,40,3,18.8,10228927.67
1.7,40,3,18.9,9944790.787
1.7,40,3,19,8808243.268
1.7,40,3,19.1,7387558.87
1.7,40,3,19.2,12217885.82
1.7,40,3,19.3,11365475.19
1.7,40,3,19.4,8239969.509
1.7,40,3,19.5,10797201.43
1.7,40,3,19.6,8524106.389
1.7,40,3,19.7,8239969.509
1.7,40,3,19.8,11365475.19
1.7,40,3,19.9,9660653.907
1.7,40,3,20,10797201.43
1.7,40,3,20.1,8524106.389
1.7,40,3,20.2,7955832.63
1.7,40,3,20.3,7103421.991
1.7,40,3,20.4,10797201.43
1.7,40,3,20.5,7955832.63
1.7,40,3,20.6,10228927.67
1.7,40,3,20.7,10513064.55
1.7,40,3,20.8,7955832.63
1.7,40,3,20.9,11081338.31
1.7,40,3,21,6251011.352
1.7,40,3,21.1,9376517.028
1.7,40,3,21.2,7103421.991
1.7,40,3,21.3,7103421.991
1.7,40,3,21.4,8524106.389
1.7,40,3,21.5,7955832.63
1.7,40,3,21.6,6535148.231
1.7,40,3,21.7,8524106.389
1.7,40,3,21.8,6535148.231
1.7,40,3,21.9,7103421.991
1.7,40,3,22,9944790.787
1.7,40,3,22.1,8524106.389
1.7,40,3,22.2,6819285.111
1.7,40,3,22.3,7955832.63
1.7,40,3,22.4,7955832.63
1.7,40,3,22.5,7103421.991
1.7,40,3,22.6,8524106.389
1.7,40,3,22.7,4830326.954
1.7,40,3,22.8,7103421.991
1.7,40,3,22.9,6535148.231
1.7,40,3,23,5398600.713
1.7,40,3,23.1,9092380.148
1.7,40,3,23.2,8239969.509
1.7,40,3,23.3,9944790.787
1.7,40,3,23.4,9092380.148
1.7,40,3,23.5,6819285.111
1.7,40,3,23.6,9092380.148
1.7,40,3,23.7,8524106.389
1.7,40,3,23.8,7387558.87
1.7,40,3,23.9,7387558.87
1.7,40,3,24,5398600.713
1.7,40,3,24.1,6535148.231
1.7,40,3,24.2,8808243.268
1.7,40,3,24.3,4262053.194
1.7,40,3,24.4,7671695.75
1.7,40,3,24.5,5966874.472
1.7,40,3,24.6,8524106.389
1.7,40,3,24.7,6251011.352
1.7,40,3,24.8,8808243.268
1.7,40,3,24.9,5114463.833
1.7,40,3,25,7671695.75
1.7,40,3,25.1,9944790.787
1.7,40,3,25.2,7387558.87
1.7,40,3,25.3,9376517.028
1.7,40,3,25.4,7387558.87
1.7,40,3,25.5,7671695.75
1.7,40,3,25.6,6251011.352
1.7,40,3,25.7,5682737.593
1.7,40,3,25.8,7671695.75
1.7,40,3,25.9,6819285.111
1.7,40,3,26,6535148.231
1.7,40,3,26.1,6535148.231
1.7,40,3,26.2,7387558.87
1.7,40,3,26.3,7671695.75
1.7,40,3,26.4,9660653.907
1.7,40,3,26.5,3125505.676
1.7,40,3,26.6,6535148.231
1.7,40,3,26.7,6535148.231
1.7,40,3,26.8,5682737.593
1.7,40,3,26.9,5966874.472
1.7,40,3,27,6819285.111
1.7,40,3,27.1,3409642.556
1.7,40,3,27.2,5682737.593
1.7,40,3,27.3,5682737.593
1.7,40,3,27.4,5114463.833
1.7,40,3,27.5,8524106.389
1.7,40,3,27.6,5682737.593
1.7,40,3,27.7,4830326.954
1.7,40,3,27.8,3409642.556
1.7,40,3,27.9,5682737.593
1.7,40,3,28,7103421.991
1.7,40,3,28.1,4830326.954
1.7,40,3,28.2,4830326.954
1.7,40,3,28.3,4830326.954
1.7,40,3,28.4,3409642.556
1.7,40,3,28.5,5398600.713
1.7,40,3,28.6,6819285.111
1.7,40,3,28.7,5966874.472
1.7,40,3,28.8,3125505.676
1.7,40,3,28.9,5966874.472
1.7,40,3,29,6819285.111
1.7,40,3,29.1,5682737.593
1.7,40,3,29.2,8239969.509
1.7,40,3,29.3,4546190.074
1.7,40,3,29.4,2557231.917
1.7,40,3,29.5,6251011.352
1.7,40,3,29.6,3977916.315
1.7,40,3,29.7,4262053.194
1.7,40,3,29.8,3125505.676
1.7,40,3,29.9,4262053.194
1.7,40,3,30,4262053.194
1.7,40,3,30.1,4546190.074
1.7,40,3,30.2,4830326.954
1.7,40,3,30.3,5114463.833
1.7,40,3,30.4,3125505.676
1.7,40,3,30.5,5398600.713
1.7,40,3,30.6,3977916.315
1.7,40,3,30.7,5114463.833
1.7,40,3,30.8,4830326.954
1.7,40,3,30.9,4830326.954
1.7,40,3,31,5114463.833
1.7,40,3,31.1,3125505.676
1.7,40,3,31.2,5398600.713
1.7,40,3,31.3,3693779.435
1.7,40,3,31.4,3693779.435
1.7,40,3,31.5,2557231.917
1.7,40,3,31.6,3693779.435
1.7,40,3,31.7,5398600.713
1.7,40,3,31.8,4546190.074
1.7,40,3,31.9,2841368.796
1.7,40,3,32,3693779.435
1.7,40,3,32.1,2557231.917
1.7,40,3,32.2,3693779.435
1.7,40,3,32.3,3693779.435
1.7,40,3,32.4,1704821.278
1.7,40,3,32.5,2841368.796
1.7,40,3,32.6,2841368.796
1.7,40,3,32.7,3977916.315
1.7,40,3,32.8,3693779.435
1.7,40,3,32.9,3409642.556
1.7,40,3,33,3693779.435
1.7,40,3,33.1,3693779.435
1.7,40,3,33.2,2273095.037
1.7,40,3,33.3,2841368.796
1.7,40,3,33.4,4546190.074
1.7,40,3,33.5,4262053.194
1.7,40,3,33.6,2273095.037
1.7,40,3,33.7,3125505.676
1.7,40,3,33.8,1988958.157
1.7,40,3,33.9,3409642.556
1.7,40,3,34,3409642.556
1.7,40,3,34.1,2841368.796
1.7,40,3,34.2,3693779.435
1.7,40,3,34.3,4546190.074
1.7,40,3,34.4,2557231.917
1.7,40,3,34.5,1136547.519
1.7,40,3,34.6,2841368.796
1.7,40,3,34.7,2273095.037
1.7,40,3,34.8,1704821.278
1.7,40,3,34.9,1420684.398
1.7,40,3,35,1704821.278
1.7,40,3,35.1,1988958.157
1.7,40,3,35.2,3125505.676
1.7,40,3,35.3,2841368.796
1.7,40,3,35.4,2557231.917
1.7,40,3,35.5,1988958.157
1.7,40,3,35.6,1420684.398
1.7,40,3,35.7,852410.6389
1.7,40,3,35.8,1988958.157
1.7,40,3,35.9,3125505.676
1.7,40,3,36,2273095.037
1.7,40,3,36.1,2557231.917
1.7,40,3,36.2,3409642.556
1.7,40,3,36.3,1420684.398
1.7,40,3,36.4,2841368.796
1.7,40,3,36.5,2557231.917
1.7,40,3,36.6,1420684.398
1.7,40,3,36.7,1988958.157
1.7,40,3,36.8,1988958.157
1.7,40,3,36.9,1420684.398
1.7,40,3,37,1988958.157
1.7,40,3,37.1,1420684.398
1.7,40,3,37.2,568273.7593
1.7,40,3,37.3,284136.8796
1.7,40,3,37.4,568273.7593
1.7,40,3,37.5,1704821.278
1.7,40,3,37.6,1704821.278
1.7,40,3,37.7,1988958.157
1.7,40,3,37.8,1136547.519
1.7,40,3,37.9,1136547.519
1.7,40,3,38,1136547.519
1.7,40,3,38.1,2841368.796
1.7,40,3,38.2,284136.8796
1.7,40,3,38.4,852410.6389
1.7,40,3,38.5,1420684.398
1.7,40,3,38.6,1136547.519
1.7,40,3,38.7,852410.6389
1.7,40,3,38.8,852410.6389
1.7,40,3,38.9,568273.7593
1.7,40,3,39,568273.7593
1.7,40,3,39.1,1136547.519
1.7,40,3,39.2,1704821.278
1.7,40,3,39.3,568273.7593
1.7,40,3,39.4,568273.7593
1.7,40,3,39.5,1136547.519
1.7,40,3,39.6,284136.8796
1.7,80,3,3.8,500884.8461
1.7,80,3,3.9,500884.8461
1.7,80,3,4,500884.8461
1.7,80,3,4.1,1001769.692
1.7,80,3,4.2,1001769.692
1.7,80,3,4.3,3005309.076
1.7,80,3,4.4,3005309.076
1.7,80,3,4.5,2003539.384
1.7,80,3,4.6,1502654.538
1.7,80,3,4.7,3506193.922
1.7,80,3,4.8,5509733.307
1.7,80,3,4.9,5509733.307
1.7,80,3,5,8014157.537
1.7,80,3,5.1,6511502.999
1.7,80,3,5.2,7513272.691
1.7,80,3,5.3,9516812.075
1.7,80,3,5.4,13023006
1.7,80,3,5.5,14024775.69
1.7,80,3,5.6,15026545.38
1.7,80,3,5.7,15527430.23
1.7,80,3,5.8,24042472.61
1.7,80,3,5.9,20536278.69
1.7,80,3,6,16529199.92
1.7,80,3,6.1,19033624.15
1.7,80,3,6.2,20035393.84
1.7,80,3,6.3,27047781.69
1.7,80,3,6.4,22038933.23
1.7,80,3,6.5,19033624.15
1.7,80,3,6.6,27548666.53
1.7,80,3,6.7,24543357.46
1.7,80,3,6.8,33559284.69
1.7,80,3,6.9,34060169.53
1.7,80,3,7,25044242.3
1.7,80,3,7.1,30053090.76
1.7,80,3,7.2,35061939.22
1.7,80,3,7.3,39569902.84
1.7,80,3,7.4,157778726.5
1.7,80,3,7.5,35562824.07
1.7,80,3,7.6,38067248.3
1.7,80,3,7.7,44578751.3
1.7,80,3,7.8,29051321.07
1.7,80,3,7.9,49587599.76
1.7,80,3,8,46081405.84
1.7,80,3,8.1,50589369.45
1.7,80,3,8.2,44077866.45
1.7,80,3,8.3,301031792.5
1.7,80,3,8.4,2225932256
1.7,80,3,8.5,42575211.91
1.7,80,3,8.6,33058399.84
1.7,80,3,8.7,39569902.84
1.7,80,3,8.8,68120339.06
1.7,80,3,8.9,44077866.45
1.7,80,3,9,43076096.76
1.7,80,3,9.1,49086714.91
1.7,80,3,9.2,51591139.14
1.7,80,3,9.3,47584060.38
1.7,80,3,9.4,49086714.91
1.7,80,3,9.5,131732714.5
1.7,80,3,9.6,82645999.6
1.7,80,3,9.7,1300297060
1.7,80,3,9.8,174307926.4
1.7,80,3,9.9,95669005.6
1.7,80,3,10,561992797.3
1.7,80,3,10.1,62109720.91
1.7,80,3,10.2,70624763.29
1.7,80,3,10.3,30053090.76
1.7,80,3,10.4,28550436.23
1.7,80,3,10.5,29552205.92
1.7,80,3,10.6,30053090.76
1.7,80,3,10.7,26046011.99
1.7,80,3,10.8,26546896.84
1.7,80,3,10.9,32056630.15
1.7,80,3,11,36063708.92
1.7,80,3,11.1,35061939.22
1.7,80,3,11.2,36564593.76
1.7,80,3,11.3,206364556.6
1.7,80,3,11.4,39069017.99
1.7,80,3,11.5,42575211.91
1.7,80,3,11.6,47083175.53
1.7,80,3,11.7,51090254.3
1.7,80,3,11.8,34561054.38
1.7,80,3,11.9,30053090.76
1.7,80,3,12,34060169.53
1.7,80,3,12.1,27548666.53
1.7,80,3,12.2,17530969.61
1.7,80,3,12.3,20035393.84
1.7,80,3,12.4,31054860.46
1.7,80,3,12.5,24543357.46
1.7,80,3,12.6,23541587.76
1.7,80,3,12.7,26546896.84
1.7,80,3,12.8,29051321.07
1.7,80,3,12.9,32557514.99
1.7,80,3,13,30553975.61
1.7,80,3,13.1,28550436.23
1.7,80,3,13.2,22539818.07
1.7,80,3,13.3,28550436.23
1.7,80,3,13.4,26546896.84
1.7,80,3,13.5,23541587.76
1.7,80,3,13.6,18532739.3
1.7,80,3,13.7,32056630.15
1.7,80,3,13.8,29552205.92
1.7,80,3,13.9,19534509
1.7,80,3,14,25545127.15
1.7,80,3,14.1,23541587.76
1.7,80,3,14.2,33058399.84
1.7,80,3,14.3,25545127.15
1.7,80,3,14.4,23040702.92
1.7,80,3,14.5,25044242.3
1.7,80,3,14.6,21538048.38
1.7,80,3,14.7,28550436.23
1.7,80,3,14.8,42074327.07
1.7,80,3,14.9,28550436.23
1.7,80,3,15,27548666.53
1.7,80,3,15.1,34561054.38
1.7,80,3,15.2,24543357.46
1.7,80,3,15.3,27548666.53
1.7,80,3,15.4,28550436.23
1.7,80,3,15.5,27047781.69
1.7,80,3,15.6,33058399.84
1.7,80,3,15.7,36564593.76
1.7,80,3,15.8,25545127.15
1.7,80,3,15.9,28049551.38
1.7,80,3,16,30553975.61
1.7,80,3,16.1,27548666.53
1.7,80,3,16.2,28049551.38
1.7,80,3,16.3,24042472.61
1.7,80,3,16.4,28049551.38
1.7,80,3,16.5,27548666.53
1.7,80,3,16.6,31555745.3
1.7,80,3,16.7,32557514.99
1.7,80,3,16.8,26546896.84
1.7,80,3,16.9,22539818.07
1.7,80,3,17,27047781.69
1.7,80,3,17.1,23541587.76
1.7,80,3,17.2,27047781.69
1.7,80,3,17.3,35061939.22
1.7,80,3,17.4,31054860.46
1.7,80,3,17.5,32557514.99
1.7,80,3,17.6,26546896.84
1.7,80,3,17.7,28550436.23
1.7,80,3,17.8,32557514.99
1.7,80,3,17.9,35562824.07
1.7,80,3,18,29051321.07
1.7,80,3,18.1,22038933.23
1.7,80,3,18.2,23541587.76
1.7,80,3,18.3,28550436.23
1.7,80,3,18.4,34060169.53
1.7,80,3,18.5,26546896.84
1.7,80,3,18.6,24042472.61
1.7,80,3,18.7,26046011.99
1.7,80,3,18.8,35562824.07
1.7,80,3,18.9,28049551.38
1.7,80,3,19,30553975.61
1.7,80,3,19.1,34060169.53
1.7,80,3,19.2,28049551.38
1.7,80,3,19.3,25545127.15
1.7,80,3,19.4,29051321.07
1.7,80,3,19.5,26046011.99
1.7,80,3,19.6,23541587.76
1.7,80,3,19.7,25545127.15
1.7,80,3,19.8,27548666.53
1.7,80,3,19.9,26546896.84
1.7,80,3,20,24042472.61
1.7,80,3,20.1,25545127.15
1.7,80,3,20.2,27548666.53
1.7,80,3,20.3,24543357.46
1.7,80,3,20.4,29051321.07
1.7,80,3,20.5,31555745.3
1.7,80,3,20.6,29051321.07
1.7,80,3,20.7,25545127.15
1.7,80,3,20.8,23541587.76
1.7,80,3,20.9,25044242.3
1.7,80,3,21,22539818.07
1.7,80,3,21.1,24543357.46
1.7,80,3,21.2,28550436.23
1.7,80,3,21.3,21037163.53
1.7,80,3,21.4,23541587.76
1.7,80,3,21.5,23040702.92
1.7,80,3,21.6,22539818.07
1.7,80,3,21.7,21538048.38
1.7,80,3,21.8,23541587.76
1.7,80,3,21.9,26546896.84
1.7,80,3,22,32056630.15
1.7,80,3,22.1,20536278.69
1.7,80,3,22.2,23541587.76
1.7,80,3,22.3,31555745.3
1.7,80,3,22.4,22539818.07
1.7,80,3,22.5,24042472.61
1.7,80,3,22.6,25545127.15
1.7,80,3,22.7,21538048.38
1.7,80,3,22.8,19033624.15
1.7,80,3,22.9,18031854.46
1.7,80,3,23,24543357.46
1.7,80,3,23.1,14525660.54
1.7,80,3,23.2,22038933.23
1.7,80,3,23.3,29552205.92
1.7,80,3,23.4,23541587.76
1.7,80,3,23.5,23040702.92
1.7,80,3,23.6,23541587.76
1.7,80,3,23.7,14024775.69
1.7,80,3,23.8,17530969.61
1.7,80,3,23.9,25044242.3
1.7,80,3,24,21538048.38
1.7,80,3,24.1,29552205.92
1.7,80,3,24.2,26046011.99
1.7,80,3,24.3,24543357.46
1.7,80,3,24.4,20536278.69
1.7,80,3,24.5,16529199.92
1.7,80,3,24.6,25545127.15
1.7,80,3,24.7,22038933.23
1.7,80,3,24.8,21538048.38
1.7,80,3,24.9,21538048.38
1.7,80,3,25,24543357.46
1.7,80,3,25.1,19033624.15
1.7,80,3,25.2,20536278.69
1.7,80,3,25.3,23541587.76
1.7,80,3,25.4,24042472.61
1.7,80,3,25.5,19534509
1.7,80,3,25.6,17030084.77
1.7,80,3,25.7,23040702.92
1.7,80,3,25.8,27047781.69
1.7,80,3,25.9,24543357.46
1.7,80,3,26,24042472.61
1.7,80,3,26.1,21538048.38
1.7,80,3,26.2,20035393.84
1.7,80,3,26.3,20536278.69
1.7,80,3,26.4,17030084.77
1.7,80,3,26.5,19534509
1.7,80,3,26.6,19033624.15
1.7,80,3,26.7,18031854.46
1.7,80,3,26.8,17530969.61
1.7,80,3,26.9,16529199.92
1.7,80,3,27,19534509
1.7,80,3,27.1,23040702.92
1.7,80,3,27.2,16028315.07
1.7,80,3,27.3,16028315.07
1.7,80,3,27.4,15527430.23
1.7,80,3,27.5,22038933.23
1.7,80,3,27.6,17530969.61
1.7,80,3,27.7,20035393.84
1.7,80,3,27.8,20035393.84
1.7,80,3,27.9,19033624.15
1.7,80,3,28,18532739.3
1.7,80,3,28.1,18031854.46
1.7,80,3,28.2,15527430.23
1.7,80,3,28.3,16028315.07
1.7,80,3,28.4,21538048.38
1.7,80,3,28.5,19033624.15
1.7,80,3,28.6,20536278.69
1.7,80,3,28.7,16529199.92
1.7,80,3,28.8,17030084.77
1.7,80,3,28.9,15527430.23
1.7,80,3,29,17530969.61
1.7,80,3,29.1,18031854.46
1.7,80,3,29.2,21037163.53
1.7,80,3,29.3,19534509
1.7,80,3,29.4,18532739.3
1.7,80,3,29.5,13523890.84
1.7,80,3,29.6,11019466.61
1.7,80,3,29.7,21538048.38
1.7,80,3,29.8,16529199.92
1.7,80,3,29.9,14525660.54
1.7,80,3,30,12021236.31
1.7,80,3,30.1,20035393.84
1.7,80,3,30.2,13523890.84
1.7,80,3,30.3,16028315.07
1.7,80,3,30.4,15527430.23
1.7,80,3,30.5,15026545.38
1.7,80,3,30.6,12522121.15
1.7,80,3,30.7,17030084.77
1.7,80,3,30.8,19033624.15
1.7,80,3,30.9,15527430.23
1.7,80,3,31,13523890.84
1.7,80,3,31.1,19534509
1.7,80,3,31.2,14525660.54
1.7,80,3,31.3,13523890.84
1.7,80,3,31.4,20035393.84
1.7,80,3,31.5,19033624.15
1.7,80,3,31.6,18532739.3
1.7,80,3,31.7,19534509
1.7,80,3,31.8,16028315.07
1.7,80,3,31.9,18031854.46
1.7,80,3,32,16028315.07
1.7,80,3,32.1,9516812.075
1.7,80,3,32.2,21037163.53
1.7,80,3,32.3,17030084.77
1.7,80,3,32.4,19033624.15
1.7,80,3,32.5,14024775.69
1.7,80,3,32.6,17030084.77
1.7,80,3,32.7,11019466.61
1.7,80,3,32.8,10017696.92
1.7,80,3,32.9,14525660.54
1.7,80,3,33,11019466.61
1.7,80,3,33.1,10017696.92
1.7,80,3,33.2,15026545.38
1.7,80,3,33.3,14525660.54
1.7,80,3,33.4,14525660.54
1.7,80,3,33.5,15527430.23
1.7,80,3,33.6,16028315.07
1.7,80,3,33.7,9516812.075
1.7,80,3,33.8,9516812.075
1.7,80,3,33.9,13523890.84
1.7,80,3,34,13523890.84
1.7,80,3,34.1,16028315.07
1.7,80,3,34.2,12021236.31
1.7,80,3,34.3,7513272.691
1.7,80,3,34.4,9015927.229
1.7,80,3,34.5,17530969.61
1.7,80,3,34.6,12021236.31
1.7,80,3,34.7,13523890.84
1.7,80,3,34.8,14525660.54
1.7,80,3,34.9,13023006
1.7,80,3,35,14024775.69
1.7,80,3,35.1,22038933.23
1.7,80,3,35.2,12021236.31
1.7,80,3,35.3,19534509
1.7,80,3,35.4,16028315.07
1.7,80,3,35.5,10518581.77
1.7,80,3,35.6,15527430.23
1.7,80,3,35.7,11520351.46
1.7,80,3,35.8,10518581.77
1.7,80,3,35.9,13023006
1.7,80,3,36,13523890.84
1.7,80,3,36.1,15026545.38
1.7,80,3,36.2,14024775.69
1.7,80,3,36.3,12522121.15
1.7,80,3,36.4,15026545.38
1.7,80,3,36.5,10518581.77
1.7,80,3,36.6,14525660.54
1.7,80,3,36.7,9015927.229
1.7,80,3,36.8,17030084.77
1.7,80,3,36.9,10518581.77
1.7,80,3,37,10518581.77
1.7,80,3,37.1,13523890.84
1.7,80,3,37.2,10017696.92
1.7,80,3,37.3,12021236.31
1.7,80,3,37.4,12021236.31
1.7,80,3,37.5,10017696.92
1.7,80,3,37.6,13023006
1.7,80,3,37.7,10017696.92
1.7,80,3,37.8,16529199.92
1.7,80,3,37.9,15026545.38
1.7,80,3,38,17030084.77
1.7,80,3,38.1,11520351.46
1.7,80,3,38.2,20035393.84
1.7,80,3,38.3,12522121.15
1.7,80,3,38.4,11520351.46
1.7,80,3,38.5,14525660.54
1.7,80,3,38.6,8014157.537
1.7,80,3,38.7,13023006
1.7,80,3,38.8,8515042.383
1.7,80,3,38.9,12522121.15
1.7,80,3,39,9015927.229
1.7,80,3,39.1,14525660.54
1.7,80,3,39.2,12021236.31
1.7,80,3,39.3,13523890.84
1.7,80,3,39.4,14024775.69
1.7,80,3,39.5,13023006
1.7,80,3,39.6,11520351.46
1.7,80,3,39.7,6010618.153
1.7,80,3,39.8,11019466.61
1.7,80,3,39.9,12522121.15
1.7,80,3,40,9015927.229
1.7,80,3,40.1,11019466.61
1.7,80,3,40.2,11520351.46
1.7,80,3,40.3,17530969.61
1.7,80,3,40.4,12021236.31
1.7,80,3,40.5,10518581.77
1.7,80,3,40.6,11019466.61
1.7,80,3,40.7,12021236.31
1.7,80,3,40.8,7513272.691
1.7,80,3,40.9,11520351.46
1.7,80,3,41,15527430.23
1.7,80,3,41.1,8515042.383
1.7,80,3,41.2,10017696.92
1.7,80,3,41.3,10518581.77
1.7,80,3,41.4,11520351.46
1.7,80,3,41.5,11520351.46
1.7,80,3,41.6,7513272.691
1.7,80,3,41.7,10518581.77
1.7,80,3,41.8,8515042.383
1.7,80,3,41.9,11019466.61
1.7,80,3,42,11019466.61
1.7,80,3,42.1,13023006
1.7,80,3,42.2,14024775.69
1.7,80,3,42.3,11019466.61
1.7,80,3,42.4,7012387.845
1.7,80,3,42.5,12522121.15
1.7,80,3,42.6,7513272.691
1.7,80,3,42.7,10518581.77
1.7,80,3,42.8,14525660.54
1.7,80,3,42.9,7513272.691
1.7,80,3,43,11520351.46
1.7,80,3,43.1,13523890.84
1.7,80,3,43.2,11520351.46
1.7,80,3,43.3,8014157.537
1.7,80,3,43.4,6511502.999
1.7,80,3,43.5,8014157.537
1.7,80,3,43.6,9516812.075
1.7,80,3,43.7,11019466.61
1.7,80,3,43.8,10518581.77
1.7,80,3,43.9,11019466.61
1.7,80,3,44,8014157.537
1.7,80,3,44.1,9516812.075
1.7,80,3,44.2,9015927.229
1.7,80,3,44.3,10518581.77
1.7,80,3,44.4,3506193.922
1.7,80,3,44.5,11019466.61
1.7,80,3,44.6,5509733.307
1.7,80,3,44.7,11019466.61
1.7,80,3,44.8,11019466.61
1.7,80,3,44.9,5008848.461
1.7,80,3,45,8014157.537
1.7,80,3,45.1,10518581.77
1.7,80,3,45.2,8014157.537
1.7,80,3,45.3,9015927.229
1.7,80,3,45.4,11520351.46
1.7,80,3,45.5,10017696.92
1.7,80,3,45.6,9015927.229
1.7,80,3,45.7,13523890.84
1.7,80,3,45.8,8014157.537
1.7,80,3,45.9,6511502.999
1.7,80,3,46,4007078.768
1.7,80,3,46.1,11520351.46
1.7,80,3,46.2,10518581.77
1.7,80,3,46.3,7513272.691
1.7,80,3,46.4,7513272.691
1.7,80,3,46.5,11019466.61
1.7,80,3,46.6,5008848.461
1.7,80,3,46.7,4507963.614
1.7,80,3,46.8,11019466.61
1.7,80,3,46.9,8515042.383
1.7,80,3,47,10518581.77
1.7,80,3,47.1,9516812.075
1.7,80,3,47.2,8014157.537
1.7,80,3,47.3,9516812.075
1.7,80,3,47.4,7012387.845
1.7,80,3,47.5,9516812.075
1.7,80,3,47.6,5008848.461
1.7,80,3,47.7,5509733.307
1.7,80,3,47.8,7513272.691
1.7,80,3,47.9,9015927.229
1.7,80,3,48,10518581.77
1.7,80,3,48.1,9516812.075
1.7,80,3,48.2,10518581.77
1.7,80,3,48.3,6010618.153
1.7,80,3,48.4,7513272.691
1.7,80,3,48.5,8014157.537
1.7,80,3,48.6,11019466.61
1.7,80,3,48.7,8515042.383
1.7,80,3,48.8,6511502.999
1.7,80,3,48.9,7513272.691
1.7,80,3,49,9015927.229
1.7,80,3,49.1,8014157.537
1.7,80,3,49.2,7513272.691
1.7,80,3,49.3,7513272.691
1.7,80,3,49.4,7012387.845
1.7,80,3,49.5,5509733.307
1.7,80,3,49.6,7513272.691
1.7,80,3,49.7,4007078.768
1.7,80,3,49.8,3005309.076
1.7,80,3,49.9,8515042.383
1.7,80,3,50,7012387.845
1.7,80,3,50.1,7513272.691
1.7,80,3,50.2,6010618.153
1.7,80,3,50.3,9015927.229
1.7,80,3,50.4,5509733.307
1.7,80,3,50.5,8014157.537
1.7,80,3,50.6,6511502.999
1.7,80,3,50.7,5008848.461
1.7,80,3,50.8,5008848.461
1.7,80,3,50.9,9015927.229
1.7,80,3,51,6511502.999
1.7,80,3,51.1,6511502.999
1.7,80,3,51.2,9015927.229
1.7,80,3,51.3,8014157.537
1.7,80,3,51.4,7513272.691
1.7,80,3,51.5,8515042.383
1.7,80,3,51.6,9015927.229
1.7,80,3,51.7,5509733.307
1.7,80,3,51.8,7513272.691
1.7,80,3,51.9,5008848.461
1.7,80,3,52,4507963.614
1.7,80,3,52.1,6010618.153
1.7,80,3,52.2,7012387.845
1.7,80,3,52.3,12021236.31
1.7,80,3,52.4,3506193.922
1.7,80,3,52.5,7513272.691
1.7,80,3,52.6,8014157.537
1.7,80,3,52.7,7513272.691
1.7,80,3,52.8,5509733.307
1.7,80,3,52.9,6010618.153
1.7,80,3,53,9015927.229
1.7,80,3,53.1,9516812.075
1.7,80,3,53.2,5509733.307
1.7,80,3,53.3,7012387.845
1.7,80,3,53.4,6010618.153
1.7,80,3,53.5,4507963.614
1.7,80,3,53.6,6511502.999
1.7,80,3,53.7,5509733.307
1.7,80,3,53.8,10017696.92
1.7,80,3,53.9,7513272.691
1.7,80,3,54,5008848.461
1.7,80,3,54.1,6010618.153
1.7,80,3,54.2,6010618.153
1.7,80,3,54.3,8014157.537
1.7,80,3,54.4,2504424.23
1.7,80,3,54.5,4507963.614
1.7,80,3,54.6,4007078.768
1.7,80,3,54.7,5008848.461
1.7,80,3,54.8,7012387.845
1.7,80,3,54.9,4007078.768
1.7,80,3,55,5509733.307
1.7,80,3,55.1,5509733.307
1.7,80,3,55.2,6010618.153
1.7,80,3,55.3,5509733.307
1.7,80,3,55.4,2504424.23
1.7,80,3,55.5,3005309.076
1.7,80,3,55.6,6010618.153
1.7,80,3,55.7,5008848.461
1.7,80,3,55.8,8515042.383
1.7,80,3,55.9,5008848.461
1.7,80,3,56,4507963.614
1.7,80,3,56.1,7012387.845
1.7,80,3,56.2,4507963.614
1.7,80,3,56.3,7012387.845
1.7,80,3,56.4,4507963.614
1.7,80,3,56.5,7012387.845
1.7,80,3,56.6,4007078.768
1.7,80,3,56.7,4507963.614
1.7,80,3,56.8,4507963.614
1.7,80,3,56.9,6511502.999
1.7,80,3,57,6010618.153
1.7,80,3,57.1,8014157.537
1.7,80,3,57.2,5509733.307
1.7,80,3,57.3,5509733.307
1.7,80,3,57.4,7513272.691
1.7,80,3,57.5,3005309.076
1.7,80,3,57.6,3506193.922
1.7,80,3,57.7,4507963.614
1.7,80,3,57.8,8515042.383
1.7,80,3,57.9,5509733.307
1.7,80,3,58,6511502.999
1.7,80,3,58.1,12522121.15
1.7,80,3,58.2,4507963.614
1.7,80,3,58.3,5509733.307
1.7,80,3,58.4,4007078.768
1.7,80,3,58.5,3506193.922
1.7,80,3,58.6,4007078.768
1.7,80,3,58.7,2504424.23
1.7,80,3,58.8,6010618.153
1.7,80,3,58.9,5509733.307
1.7,80,3,59,4507963.614
1.7,80,3,59.1,5509733.307
1.7,80,3,59.2,8014157.537
1.7,80,3,59.3,4507963.614
1.7,80,3,59.4,4007078.768
1.7,80,3,59.5,9015927.229
1.7,80,3,59.6,4007078.768
1.7,80,3,59.7,4007078.768
1.7,80,3,59.8,6511502.999
1.7,80,3,59.9,6511502.999
1.7,80,3,60,4507963.614
1.7,80,3,60.1,4007078.768
1.7,80,3,60.2,2504424.23
1.7,80,3,60.3,5008848.461
1.7,80,3,60.4,2504424.23
1.7,80,3,60.5,4507963.614
1.7,80,3,60.6,4007078.768
1.7,80,3,60.7,6511502.999
1.7,80,3,60.8,1502654.538
1.7,80,3,60.9,6511502.999
1.7,80,3,61,4507963.614
1.7,80,3,61.1,6010618.153
1.7,80,3,61.2,4507963.614
1.7,80,3,61.3,6511502.999
1.7,80,3,61.4,5008848.461
1.7,80,3,61.5,6010618.153
1.7,80,3,61.6,4007078.768
1.7,80,3,61.7,6010618.153
1.7,80,3,61.8,3506193.922
1.7,80,3,61.9,4007078.768
1.7,80,3,62,2504424.23
1.7,80,3,62.1,6010618.153
1.7,80,3,62.2,4507963.614
1.7,80,3,62.3,3506193.922
1.7,80,3,62.4,4507963.614
1.7,80,3,62.5,3005309.076
1.7,80,3,62.6,5008848.461
1.7,80,3,62.7,5008848.461
1.7,80,3,62.8,5008848.461
1.7,80,3,62.9,3506193.922
1.7,80,3,63,4007078.768
1.7,80,3,63.1,3005309.076
1.7,80,3,63.2,9015927.229
1.7,80,3,63.3,4007078.768
1.7,80,3,63.4,4007078.768
1.7,80,3,63.5,1001769.692
1.7,80,3,63.6,5008848.461
1.7,80,3,63.7,5008848.461
1.7,80,3,63.8,3005309.076
1.7,80,3,63.9,4007078.768
1.7,80,3,64,2504424.23
1.7,80,3,64.1,3506193.922
1.7,80,3,64.2,3005309.076
1.7,80,3,64.3,1502654.538
1.7,80,3,64.4,2504424.23
1.7,80,3,64.5,3506193.922
1.7,80,3,64.6,4507963.614
1.7,80,3,64.7,2003539.384
1.7,80,3,64.8,4007078.768
1.7,80,3,64.9,3005309.076
1.7,80,3,65,3506193.922
1.7,80,3,65.1,2504424.23
1.7,80,3,65.2,1502654.538
1.7,80,3,65.3,5008848.461
1.7,80,3,65.4,3506193.922
1.7,80,3,65.5,3005309.076
1.7,80,3,65.6,2003539.384
1.7,80,3,65.7,4007078.768
1.7,80,3,65.8,4507963.614
1.7,80,3,65.9,3005309.076
1.7,80,3,66,1001769.692
1.7,80,3,66.1,4007078.768
1.7,80,3,66.2,3005309.076
1.7,80,3,66.3,3506193.922
1.7,80,3,66.4,3506193.922
1.7,80,3,66.5,2504424.23
1.7,80,3,66.6,1502654.538
1.7,80,3,66.7,1502654.538
1.7,80,3,66.8,5509733.307
1.7,80,3,66.9,1502654.538
1.7,80,3,67,5008848.461
1.7,80,3,67.1,2003539.384
1.7,80,3,67.2,2504424.23
1.7,80,3,67.3,3005309.076
1.7,80,3,67.4,3506193.922
1.7,80,3,67.5,1502654.538
1.7,80,3,67.6,3506193.922
1.7,80,3,67.7,4007078.768
1.7,80,3,67.8,2504424.23
1.7,80,3,67.9,4507963.614
1.7,80,3,68,1001769.692
1.7,80,3,68.1,4007078.768
1.7,80,3,68.2,2003539.384
1.7,80,3,68.3,3005309.076
1.7,80,3,68.4,4007078.768
1.7,80,3,68.5,3005309.076
1.7,80,3,68.6,3005309.076
1.7,80,3,68.7,4007078.768
1.7,80,3,68.8,1001769.692
1.7,80,3,69,1502654.538
1.7,80,3,69.1,4007078.768
1.7,80,3,69.2,3506193.922
1.7,80,3,69.3,2003539.384
1.7,80,3,69.4,3005309.076
1.7,80,3,69.5,4007078.768
1.7,80,3,69.6,4007078.768
1.7,80,3,69.7,3005309.076
1.7,80,3,69.8,2003539.384
1.7,80,3,69.9,3005309.076
1.7,80,3,70.1,2504424.23
1.7,80,3,70.2,2504424.23
1.7,80,3,70.3,2504424.23
1.7,80,3,70.4,2003539.384
1.7,80,3,70.5,3005309.076
1.7,80,3,70.6,4007078.768
1.7,80,3,70.7,2504424.23
1.7,80,3,70.8,3506193.922
1.7,80,3,70.9,1001769.692
1.7,80,3,71,2504424.23
1.7,80,3,71.1,1502654.538
1.7,80,3,71.2,1502654.538
1.7,80,3,71.3,2504424.23
1.7,80,3,71.4,1502654.538
1.7,80,3,71.5,2504424.23
1.7,80,3,71.6,1502654.538
1.7,80,3,71.7,3005309.076
1.7,80,3,71.8,3005309.076
1.7,80,3,71.9,2504424.23
1.7,80,3,72,3005309.076
1.7,80,3,72.1,1502654.538
1.7,80,3,72.2,1502654.538
1.7,80,3,72.3,2504424.23
1.7,80,3,72.4,2003539.384
1.7,80,3,72.5,1001769.692
1.7,80,3,72.6,1001769.692
1.7,80,3,72.7,2504424.23
1.7,80,3,72.8,2003539.384
1.7,80,3,72.9,2003539.384
1.7,80,3,73,1001769.692
1.7,80,3,73.1,2003539.384
1.7,80,3,73.2,1001769.692
1.7,80,3,73.3,1001769.692
1.7,80,3,73.4,1001769.692
1.7,80,3,73.6,2003539.384
1.7,80,3,73.7,2003539.384
1.7,80,3,73.8,1001769.692
1.7,80,3,73.9,2504424.23
1.7,80,3,74,1001769.692
1.7,80,3,74.1,3506193.922
1.7,80,3,74.2,500884.8461
1.7,80,3,74.3,1502654.538
1.7,80,3,74.4,1001769.692
1.7,80,3,74.5,500884.8461
1.7,80,3,74.6,1001769.692
1.7,80,3,74.7,3005309.076
1.7,80,3,74.8,1502654.538
1.7,80,3,75.1,1001769.692
1.7,80,3,75.2,1502654.538
1.7,80,3,75.3,2003539.384
1.7,80,3,75.4,2003539.384
1.7,80,3,75.5,1001769.692
1.7,80,3,75.7,1001769.692
1.7,80,3,75.8,500884.8461
1.7,80,3,75.9,500884.8461
1.7,80,3,76,1001769.692
1.7,80,3,76.1,500884.8461
1.7,80,3,76.2,500884.8461
1.7,80,3,76.3,2003539.384
1.7,80,3,76.4,500884.8461
1.7,80,3,76.5,500884.8461
1.7,80,3,76.6,500884.8461
1.7,80,3,76.7,500884.8461
1.7,80,3,76.8,2003539.384
1.7,80,3,76.9,500884.8461
1.7,80,3,77,500884.8461
1.7,80,3,77.1,500884.8461
1.7,80,3,77.2,1502654.538
1.7,80,3,77.3,1001769.692
1.7,80,3,77.4,2003539.384
1.7,80,3,77.5,500884.8461
1.7,80,3,77.7,1502654.538
1.7,80,3,77.8,1502654.538
1.7,80,3,78,1502654.538
1.7,80,3,78.3,500884.8461
1.7,80,3,78.4,500884.8461
1.7,80,3,79.1,1502654.538
1.7,80,3,79.2,1001769.692
1.7,80,3,79.9,500884.8461
1.7,150,3,3.1,532651.8791
1.7,150,3,3.3,1065303.758
1.7,150,3,3.4,532651.8791
1.7,150,3,3.5,1065303.758
1.7,150,3,3.6,532651.8791
1.7,150,3,3.7,4261215.033
1.7,150,3,3.8,2130607.516
1.7,150,3,3.9,2130607.516
1.7,150,3,4,3728563.153
1.7,150,3,4.1,1065303.758
1.7,150,3,4.2,2663259.395
1.7,150,3,4.3,2130607.516
1.7,150,3,4.4,5859170.67
1.7,150,3,4.5,7989778.186
1.7,150,3,4.6,9055081.944
1.7,150,3,4.7,7989778.186
1.7,150,3,4.8,9587733.823
1.7,150,3,4.9,13848948.86
1.7,150,3,5,13316296.98
1.7,150,3,5.1,12250993.22
1.7,150,3,5.2,14381600.73
1.7,150,3,5.3,12783645.1
1.7,150,3,5.4,20773423.28
1.7,150,3,5.5,25034638.32
1.7,150,3,5.6,21838727.04
1.7,150,3,5.7,22904030.8
1.7,150,3,5.8,25034638.32
1.7,150,3,5.9,20240771.4
1.7,150,3,6,22904030.8
1.7,150,3,6.1,35155024.02
1.7,150,3,6.2,37818283.41
1.7,150,3,6.3,33024416.5
1.7,150,3,6.4,27165245.83
1.7,150,3,6.5,33024416.5
1.7,150,3,6.6,45275409.72
1.7,150,3,6.7,31426460.86
1.7,150,3,6.8,42612150.33
1.7,150,3,6.9,41546846.57
1.7,150,3,7,48471320.99
1.7,150,3,7.1,39948890.93
1.7,150,3,7.2,39948890.93
1.7,150,3,7.3,45808061.6
1.7,150,3,7.4,160860867.5
1.7,150,3,7.5,50601928.51
1.7,150,3,7.6,46873365.36
1.7,150,3,7.7,43677454.08
1.7,150,3,7.8,52732536.03
1.7,150,3,7.9,42079498.45
1.7,150,3,8,57526402.94
1.7,150,3,8.1,43144802.2
1.7,150,3,8.2,46340713.48
1.7,150,3,8.3,315329912.4
1.7,150,3,8.4,2358049869
1.7,150,3,8.5,56461099.18
1.7,150,3,8.6,52732536.03
1.7,150,3,8.7,55395795.42
1.7,150,3,8.8,83626345.01
1.7,150,3,8.9,54863143.54
1.7,150,3,9,58591706.7
1.7,150,3,9.1,52732536.03
1.7,150,3,9.2,51667232.27
1.7,150,3,9.3,47938669.12
1.7,150,3,9.4,58059054.82
1.7,150,3,9.5,147011918.6
1.7,150,3,9.6,99605901.39
1.7,150,3,9.7,1369980633
1.7,150,3,9.8,199211802.8
1.7,150,3,9.9,118248717.2
1.7,150,3,10,597635408.3
1.7,150,3,10.1,61787617.97
1.7,150,3,10.2,75636566.83
1.7,150,3,10.3,41546846.57
1.7,150,3,10.4,35155024.02
1.7,150,3,10.5,35155024.02
1.7,150,3,10.6,31959112.74
1.7,150,3,10.7,48471320.99
1.7,150,3,10.8,42612150.33
1.7,150,3,10.9,44742757.84
1.7,150,3,11,55928447.3
1.7,150,3,11.1,45275409.72
1.7,150,3,11.2,38350935.29
1.7,150,3,11.3,265260635.8
1.7,150,3,11.4,45808061.6
1.7,150,3,11.5,33024416.5
1.7,150,3,11.6,67646788.64
1.7,150,3,11.7,58059054.82
1.7,150,3,11.8,35155024.02
1.7,150,3,11.9,35687675.9
1.7,150,3,12,45808061.6
1.7,150,3,12.1,38350935.29
1.7,150,3,12.2,32491764.62
1.7,150,3,12.3,35687675.9
1.7,150,3,12.4,39948890.93
1.7,150,3,12.5,40481542.81
1.7,150,3,12.6,34089720.26
1.7,150,3,12.7,37285631.53
1.7,150,3,12.8,35155024.02
1.7,150,3,12.9,39948890.93
1.7,150,3,13,38350935.29
1.7,150,3,13.1,35687675.9
1.7,150,3,13.2,34089720.26
1.7,150,3,13.3,40481542.81
1.7,150,3,13.4,33557068.38
1.7,150,3,13.5,30893808.99
1.7,150,3,13.6,35155024.02
1.7,150,3,13.7,41546846.57
1.7,150,3,13.8,30893808.99
1.7,150,3,13.9,28230549.59
1.7,150,3,14,34622372.14
1.7,150,3,14.1,31426460.86
1.7,150,3,14.2,39948890.93
1.7,150,3,14.3,39948890.93
1.7,150,3,14.4,38883587.17
1.7,150,3,14.5,32491764.62
1.7,150,3,14.6,33557068.38
1.7,150,3,14.7,31959112.74
1.7,150,3,14.8,34089720.26
1.7,150,3,14.9,36752979.66
1.7,150,3,15,35155024.02
1.7,150,3,15.1,37818283.41
1.7,150,3,15.2,34089720.26
1.7,150,3,15.3,41546846.57
1.7,150,3,15.4,27697897.71
1.7,150,3,15.5,35687675.9
1.7,150,3,15.6,42079498.45
1.7,150,3,15.7,30893808.99
1.7,150,3,15.8,31426460.86
1.7,150,3,15.9,34089720.26
1.7,150,3,16,28763201.47
1.7,150,3,16.1,33024416.5
1.7,150,3,16.2,37285631.53
1.7,150,3,16.3,23969334.56
1.7,150,3,16.4,36752979.66
1.7,150,3,16.5,32491764.62
1.7,150,3,16.6,31426460.86
1.7,150,3,16.7,33557068.38
1.7,150,3,16.8,32491764.62
1.7,150,3,16.9,34089720.26
1.7,150,3,17,31959112.74
1.7,150,3,17.1,28230549.59
1.7,150,3,17.2,44742757.84
1.7,150,3,17.3,30893808.99
1.7,150,3,17.4,37285631.53
1.7,150,3,17.5,35155024.02
1.7,150,3,17.6,33557068.38
1.7,150,3,17.7,34622372.14
1.7,150,3,17.8,30893808.99
1.7,150,3,17.9,35155024.02
1.7,150,3,18,33557068.38
1.7,150,3,18.1,29828505.23
1.7,150,3,18.2,35155024.02
1.7,150,3,18.3,42079498.45
1.7,150,3,18.4,33557068.38
1.7,150,3,18.5,32491764.62
1.7,150,3,18.6,33024416.5
1.7,150,3,18.7,46873365.36
1.7,150,3,18.8,29295853.35
1.7,150,3,18.9,30361157.11
1.7,150,3,19,32491764.62
1.7,150,3,19.1,28230549.59
1.7,150,3,19.2,28230549.59
1.7,150,3,19.3,27165245.83
1.7,150,3,19.4,23436682.68
1.7,150,3,19.5,35155024.02
1.7,150,3,19.6,34089720.26
1.7,150,3,19.7,35687675.9
1.7,150,3,19.8,35155024.02
1.7,150,3,19.9,30361157.11
1.7,150,3,20,23969334.56
1.7,150,3,20.1,30361157.11
1.7,150,3,20.2,23969334.56
1.7,150,3,20.3,39416239.05
1.7,150,3,20.4,31426460.86
1.7,150,3,20.5,28230549.59
1.7,150,3,20.6,30361157.11
1.7,150,3,20.7,18642815.77
1.7,150,3,20.8,34089720.26
1.7,150,3,20.9,22371378.92
1.7,150,3,21,30361157.11
1.7,150,3,21.1,30361157.11
1.7,150,3,21.2,26632593.95
1.7,150,3,21.3,29295853.35
1.7,150,3,21.4,27165245.83
1.7,150,3,21.5,25567290.2
1.7,150,3,21.6,22904030.8
1.7,150,3,21.7,23436682.68
1.7,150,3,21.8,29828505.23
1.7,150,3,21.9,30361157.11
1.7,150,3,22,28230549.59
1.7,150,3,22.1,31426460.86
1.7,150,3,22.2,31426460.86
1.7,150,3,22.3,29828505.23
1.7,150,3,22.4,29295853.35
1.7,150,3,22.5,28763201.47
1.7,150,3,22.6,18110163.89
1.7,150,3,22.7,27165245.83
1.7,150,3,22.8,27165245.83
1.7,150,3,22.9,26632593.95
1.7,150,3,23,27165245.83
1.7,150,3,23.1,28230549.59
1.7,150,3,23.2,22904030.8
1.7,150,3,23.3,24501986.44
1.7,150,3,23.4,25034638.32
1.7,150,3,23.5,22371378.92
1.7,150,3,23.6,37285631.53
1.7,150,3,23.7,24501986.44
1.7,150,3,23.8,25034638.32
1.7,150,3,23.9,26632593.95
1.7,150,3,24,18110163.89
1.7,150,3,24.1,23436682.68
1.7,150,3,24.2,28763201.47
1.7,150,3,24.3,22371378.92
1.7,150,3,24.4,30361157.11
1.7,150,3,24.5,33024416.5
1.7,150,3,24.6,26632593.95
1.7,150,3,24.7,31426460.86
1.7,150,3,24.8,23436682.68
1.7,150,3,24.9,21306075.16
1.7,150,3,25,25034638.32
1.7,150,3,25.1,19175467.65
1.7,150,3,25.2,22371378.92
1.7,150,3,25.3,18642815.77
1.7,150,3,25.4,31959112.74
1.7,150,3,25.5,23969334.56
1.7,150,3,25.6,20773423.28
1.7,150,3,25.7,17044860.13
1.7,150,3,25.8,25567290.2
1.7,150,3,25.9,28230549.59
1.7,150,3,26,22371378.92
1.7,150,3,26.1,19708119.53
1.7,150,3,26.2,26632593.95
1.7,150,3,26.3,25567290.2
1.7,150,3,26.4,22904030.8
1.7,150,3,26.5,21306075.16
1.7,150,3,26.6,22371378.92
1.7,150,3,26.7,19175467.65
1.7,150,3,26.8,23436682.68
1.7,150,3,26.9,23436682.68
1.7,150,3,27,18110163.89
1.7,150,3,27.1,22371378.92
1.7,150,3,27.2,17577512.01
1.7,150,3,27.3,17577512.01
1.7,150,3,27.4,23436682.68
1.7,150,3,27.5,21838727.04
1.7,150,3,27.6,23436682.68
1.7,150,3,27.7,14914252.61
1.7,150,3,27.8,17577512.01
1.7,150,3,27.9,28230549.59
1.7,150,3,28,11718341.34
1.7,150,3,28.1,17044860.13
1.7,150,3,28.2,19175467.65
1.7,150,3,28.3,18642815.77
1.7,150,3,28.4,22904030.8
1.7,150,3,28.5,29828505.23
1.7,150,3,28.6,17044860.13
1.7,150,3,28.7,20240771.4
1.7,150,3,28.8,20240771.4
1.7,150,3,28.9,21306075.16
1.7,150,3,29,12250993.22
1.7,150,3,29.1,22371378.92
1.7,150,3,29.2,21306075.16
1.7,150,3,29.3,17577512.01
1.7,150,3,29.4,23436682.68
1.7,150,3,29.5,27697897.71
1.7,150,3,29.6,21838727.04
1.7,150,3,29.7,20240771.4
1.7,150,3,29.8,22371378.92
1.7,150,3,29.9,16512208.25
1.7,150,3,30,25034638.32
1.7,150,3,30.1,22904030.8
1.7,150,3,30.2,19708119.53
1.7,150,3,30.3,22904030.8
1.7,150,3,30.4,15979556.37
1.7,150,3,30.5,22371378.92
1.7,150,3,30.6,19175467.65
1.7,150,3,30.7,22904030.8
1.7,150,3,30.8,15446904.49
1.7,150,3,30.9,19175467.65
1.7,150,3,31,20240771.4
1.7,150,3,31.1,17577512.01
1.7,150,3,31.2,23969334.56
1.7,150,3,31.3,15979556.37
1.7,150,3,31.4,18110163.89
1.7,150,3,31.5,19708119.53
1.7,150,3,31.6,16512208.25
1.7,150,3,31.7,20773423.28
1.7,150,3,31.8,11718341.34
1.7,150,3,31.9,17044860.13
1.7,150,3,32,15446904.49
1.7,150,3,32.1,17044860.13
1.7,150,3,32.2,17044860.13
1.7,150,3,32.3,15979556.37
1.7,150,3,32.4,18110163.89
1.7,150,3,32.5,18642815.77
1.7,150,3,32.6,21838727.04
1.7,150,3,32.7,18110163.89
1.7,150,3,32.8,17044860.13
1.7,150,3,32.9,15446904.49
1.7,150,3,33,16512208.25
1.7,150,3,33.1,19708119.53
1.7,150,3,33.2,12250993.22
1.7,150,3,33.3,14381600.73
1.7,150,3,33.4,15446904.49
1.7,150,3,33.5,11185689.46
1.7,150,3,33.6,15979556.37
1.7,150,3,33.7,22371378.92
1.7,150,3,33.8,19708119.53
1.7,150,3,33.9,19175467.65
1.7,150,3,34,12783645.1
1.7,150,3,34.1,18110163.89
1.7,150,3,34.2,14381600.73
1.7,150,3,34.3,17577512.01
1.7,150,3,34.4,11185689.46
1.7,150,3,34.5,15979556.37
1.7,150,3,34.6,16512208.25
1.7,150,3,34.7,14381600.73
1.7,150,3,34.8,13848948.86
1.7,150,3,34.9,14381600.73
1.7,150,3,35,20773423.28
1.7,150,3,35.1,22904030.8
1.7,150,3,35.2,15446904.49
1.7,150,3,35.3,19175467.65
1.7,150,3,35.4,19708119.53
1.7,150,3,35.5,17577512.01
1.7,150,3,35.6,13316296.98
1.7,150,3,35.7,17577512.01
1.7,150,3,35.8,20240771.4
1.7,150,3,35.9,18110163.89
1.7,150,3,36,20240771.4
1.7,150,3,36.1,15446904.49
1.7,150,3,36.2,17577512.01
1.7,150,3,36.3,11185689.46
1.7,150,3,36.4,21306075.16
1.7,150,3,36.5,18642815.77
1.7,150,3,36.6,15446904.49
1.7,150,3,36.7,15446904.49
1.7,150,3,36.8,13848948.86
1.7,150,3,36.9,19708119.53
1.7,150,3,37,15979556.37
1.7,150,3,37.1,17577512.01
1.7,150,3,37.2,14914252.61
1.7,150,3,37.3,16512208.25
1.7,150,3,37.4,18110163.89
1.7,150,3,37.5,13848948.86
1.7,150,3,37.6,14381600.73
1.7,150,3,37.7,11185689.46
1.7,150,3,37.8,22371378.92
1.7,150,3,37.9,14381600.73
1.7,150,3,38,12783645.1
1.7,150,3,38.1,15446904.49
1.7,150,3,38.2,14381600.73
1.7,150,3,38.3,19708119.53
1.7,150,3,38.4,14914252.61
1.7,150,3,38.5,15979556.37
1.7,150,3,38.6,15446904.49
1.7,150,3,38.7,15446904.49
1.7,150,3,38.8,13316296.98
1.7,150,3,38.9,15979556.37
1.7,150,3,39,13316296.98
1.7,150,3,39.1,12783645.1
1.7,150,3,39.2,14381600.73
1.7,150,3,39.3,11185689.46
1.7,150,3,39.4,10120385.7
1.7,150,3,39.5,18110163.89
1.7,150,3,39.6,18642815.77
1.7,150,3,39.7,13316296.98
1.7,150,3,39.8,19708119.53
1.7,150,3,39.9,15979556.37
1.7,150,3,40,16512208.25
1.7,150,3,40.1,18110163.89
1.7,150,3,40.2,18110163.89
1.7,150,3,40.3,14381600.73
1.7,150,3,40.4,14914252.61
1.7,150,3,40.5,14914252.61
1.7,150,3,40.6,9587733.823
1.7,150,3,40.7,19175467.65
1.7,150,3,40.8,11185689.46
1.7,150,3,40.9,10120385.7
1.7,150,3,41,11185689.46
1.7,150,3,41.1,14914252.61
1.7,150,3,41.2,12783645.1
1.7,150,3,41.3,10120385.7
1.7,150,3,41.4,12783645.1
1.7,150,3,41.5,17044860.13
1.7,150,3,41.6,15446904.49
1.7,150,3,41.7,13848948.86
1.7,150,3,41.8,13316296.98
1.7,150,3,41.9,17577512.01
1.7,150,3,42,13848948.86
1.7,150,3,42.1,11718341.34
1.7,150,3,42.2,17577512.01
1.7,150,3,42.3,16512208.25
1.7,150,3,42.4,19175467.65
1.7,150,3,42.5,11718341.34
1.7,150,3,42.6,12250993.22
1.7,150,3,42.7,20240771.4
1.7,150,3,42.8,10653037.58
1.7,150,3,42.9,7989778.186
1.7,150,3,43,13848948.86
1.7,150,3,43.1,11718341.34
1.7,150,3,43.2,20240771.4
1.7,150,3,43.3,12783645.1
1.7,150,3,43.4,8522430.065
1.7,150,3,43.5,13316296.98
1.7,150,3,43.6,12783645.1
1.7,150,3,43.7,11185689.46
1.7,150,3,43.8,10653037.58
1.7,150,3,43.9,9055081.944
1.7,150,3,44,9587733.823
1.7,150,3,44.1,9587733.823
1.7,150,3,44.2,8522430.065
1.7,150,3,44.3,9587733.823
1.7,150,3,44.4,14914252.61
1.7,150,3,44.5,9055081.944
1.7,150,3,44.6,15979556.37
1.7,150,3,44.7,9587733.823
1.7,150,3,44.8,11185689.46
1.7,150,3,44.9,10120385.7
1.7,150,3,45,10653037.58
1.7,150,3,45.1,12783645.1
1.7,150,3,45.2,12250993.22
1.7,150,3,45.3,9587733.823
1.7,150,3,45.4,12783645.1
1.7,150,3,45.5,10653037.58
1.7,150,3,45.6,10653037.58
1.7,150,3,45.7,10120385.7
1.7,150,3,45.8,8522430.065
1.7,150,3,45.9,6924474.428
1.7,150,3,46,11185689.46
1.7,150,3,46.1,17577512.01
1.7,150,3,46.2,11718341.34
1.7,150,3,46.3,12783645.1
1.7,150,3,46.4,10120385.7
1.7,150,3,46.5,14914252.61
1.7,150,3,46.6,11718341.34
1.7,150,3,46.7,12783645.1
1.7,150,3,46.8,9587733.823
1.7,150,3,46.9,9587733.823
1.7,150,3,47,12250993.22
1.7,150,3,47.1,10653037.58
1.7,150,3,47.2,16512208.25
1.7,150,3,47.3,9587733.823
1.7,150,3,47.4,14914252.61
1.7,150,3,47.5,11185689.46
1.7,150,3,47.6,17044860.13
1.7,150,3,47.7,6391822.549
1.7,150,3,47.8,10120385.7
1.7,150,3,47.9,11185689.46
1.7,150,3,48,10120385.7
1.7,150,3,48.1,11185689.46
1.7,150,3,48.2,11718341.34
1.7,150,3,48.3,12783645.1
1.7,150,3,48.4,9587733.823
1.7,150,3,48.5,12250993.22
1.7,150,3,48.6,12783645.1
1.7,150,3,48.7,13316296.98
1.7,150,3,48.8,7457126.307
1.7,150,3,48.9,8522430.065
1.7,150,3,49,13316296.98
1.7,150,3,49.1,13848948.86
1.7,150,3,49.2,13848948.86
1.7,150,3,49.3,17577512.01
1.7,150,3,49.4,9587733.823
1.7,150,3,49.5,12783645.1
1.7,150,3,49.6,9587733.823
1.7,150,3,49.7,11718341.34
1.7,150,3,49.8,12250993.22
1.7,150,3,49.9,13848948.86
1.7,150,3,50,8522430.065
1.7,150,3,50.1,7457126.307
1.7,150,3,50.2,16512208.25
1.7,150,3,50.3,9587733.823
1.7,150,3,50.4,12250993.22
1.7,150,3,50.5,12250993.22
1.7,150,3,50.6,11718341.34
1.7,150,3,50.7,10653037.58
1.7,150,3,50.8,9587733.823
1.7,150,3,50.9,9587733.823
1.7,150,3,51,11185689.46
1.7,150,3,51.1,5326518.791
1.7,150,3,51.2,7989778.186
1.7,150,3,51.3,14381600.73
1.7,150,3,51.4,10120385.7
1.7,150,3,51.5,8522430.065
1.7,150,3,51.6,11185689.46
1.7,150,3,51.7,7457126.307
1.7,150,3,51.8,11185689.46
1.7,150,3,51.9,9055081.944
1.7,150,3,52,11185689.46
1.7,150,3,52.1,10653037.58
1.7,150,3,52.2,7457126.307
1.7,150,3,52.3,7457126.307
1.7,150,3,52.4,12250993.22
1.7,150,3,52.5,10120385.7
1.7,150,3,52.6,12783645.1
1.7,150,3,52.7,9587733.823
1.7,150,3,52.8,10653037.58
1.7,150,3,52.9,8522430.065
1.7,150,3,53,6924474.428
1.7,150,3,53.1,7457126.307
1.7,150,3,53.2,11718341.34
1.7,150,3,53.3,5859170.67
1.7,150,3,53.4,13316296.98
1.7,150,3,53.5,10653037.58
1.7,150,3,53.6,11718341.34
1.7,150,3,53.7,11718341.34
1.7,150,3,53.8,5859170.67
1.7,150,3,53.9,8522430.065
1.7,150,3,54,7457126.307
1.7,150,3,54.1,7457126.307
1.7,150,3,54.2,6924474.428
1.7,150,3,54.3,7457126.307
1.7,150,3,54.4,8522430.065
1.7,150,3,54.5,7989778.186
1.7,150,3,54.6,10120385.7
1.7,150,3,54.7,7989778.186
1.7,150,3,54.8,12250993.22
1.7,150,3,54.9,10653037.58
1.7,150,3,55,7989778.186
1.7,150,3,55.1,12250993.22
1.7,150,3,55.2,8522430.065
1.7,150,3,55.3,9587733.823
1.7,150,3,55.4,9587733.823
1.7,150,3,55.5,9055081.944
1.7,150,3,55.6,11718341.34
1.7,150,3,55.7,7457126.307
1.7,150,3,55.8,6391822.549
1.7,150,3,55.9,10120385.7
1.7,150,3,56,9055081.944
1.7,150,3,56.1,9587733.823
1.7,150,3,56.2,13848948.86
1.7,150,3,56.3,9587733.823
1.7,150,3,56.4,6924474.428
1.7,150,3,56.5,11718341.34
1.7,150,3,56.6,7989778.186
1.7,150,3,56.7,9055081.944
1.7,150,3,56.8,7457126.307
1.7,150,3,56.9,7457126.307
1.7,150,3,57,9587733.823
1.7,150,3,57.1,9055081.944
1.7,150,3,57.2,7989778.186
1.7,150,3,57.3,9587733.823
1.7,150,3,57.4,7989778.186
1.7,150,3,57.5,8522430.065
1.7,150,3,57.6,11185689.46
1.7,150,3,57.7,7457126.307
1.7,150,3,57.8,13848948.86
1.7,150,3,57.9,10120385.7
1.7,150,3,58,5326518.791
1.7,150,3,58.1,75636566.83
1.7,150,3,58.2,4793866.912
1.7,150,3,58.3,10120385.7
1.7,150,3,58.4,10653037.58
1.7,150,3,58.5,6924474.428
1.7,150,3,58.6,7457126.307
1.7,150,3,58.7,11185689.46
1.7,150,3,58.8,5859170.67
1.7,150,3,58.9,9587733.823
1.7,150,3,59,4261215.033
1.7,150,3,59.1,9055081.944
1.7,150,3,59.2,7457126.307
1.7,150,3,59.3,5326518.791
1.7,150,3,59.4,6391822.549
1.7,150,3,59.5,125705843.5
1.7,150,3,59.6,11185689.46
1.7,150,3,59.7,8522430.065
1.7,150,3,59.8,9055081.944
1.7,150,3,59.9,8522430.065
1.7,150,3,60,9587733.823
1.7,150,3,60.1,7989778.186
1.7,150,3,60.2,7989778.186
1.7,150,3,60.3,7989778.186
1.7,150,3,60.4,7457126.307
1.7,150,3,60.5,6924474.428
1.7,150,3,60.6,5326518.791
1.7,150,3,60.7,6391822.549
1.7,150,3,60.8,5326518.791
1.7,150,3,60.9,5326518.791
1.7,150,3,61,8522430.065
1.7,150,3,61.1,12250993.22
1.7,150,3,61.2,11185689.46
1.7,150,3,61.3,12250993.22
1.7,150,3,61.4,5326518.791
1.7,150,3,61.5,7457126.307
1.7,150,3,61.6,8522430.065
1.7,150,3,61.7,11185689.46
1.7,150,3,61.8,7989778.186
1.7,150,3,61.9,10653037.58
1.7,150,3,62,4793866.912
1.7,150,3,62.1,7989778.186
1.7,150,3,62.2,7457126.307
1.7,150,3,62.3,8522430.065
1.7,150,3,62.4,7457126.307
1.7,150,3,62.5,9055081.944
1.7,150,3,62.6,3728563.153
1.7,150,3,62.7,6924474.428
1.7,150,3,62.8,5326518.791
1.7,150,3,62.9,7989778.186
1.7,150,3,63,10653037.58
1.7,150,3,63.1,7989778.186
1.7,150,3,63.2,4793866.912
1.7,150,3,63.3,5326518.791
1.7,150,3,63.4,9587733.823
1.7,150,3,63.5,7457126.307
1.7,150,3,63.6,7457126.307
1.7,150,3,63.7,5859170.67
1.7,150,3,63.8,9587733.823
1.7,150,3,63.9,5326518.791
1.7,150,3,64,7989778.186
1.7,150,3,64.1,8522430.065
1.7,150,3,64.2,4261215.033
1.7,150,3,64.3,5859170.67
1.7,150,3,64.4,8522430.065
1.7,150,3,64.5,7989778.186
1.7,150,3,64.6,3195911.274
1.7,150,3,64.7,6391822.549
1.7,150,3,64.8,4793866.912
1.7,150,3,64.9,7989778.186
1.7,150,3,65,9055081.944
1.7,150,3,65.1,10120385.7
1.7,150,3,65.2,9055081.944
1.7,150,3,65.3,9055081.944
1.7,150,3,65.4,5859170.67
1.7,150,3,65.5,9055081.944
1.7,150,3,65.6,7989778.186
1.7,150,3,65.7,8522430.065
1.7,150,3,65.8,8522430.065
1.7,150,3,65.9,10120385.7
1.7,150,3,66,6391822.549
1.7,150,3,66.1,9055081.944
1.7,150,3,66.2,6391822.549
1.7,150,3,66.3,7457126.307
1.7,150,3,66.4,7457126.307
1.7,150,3,66.5,5326518.791
1.7,150,3,66.6,4261215.033
1.7,150,3,66.7,9055081.944
1.7,150,3,66.8,9587733.823
1.7,150,3,66.9,7457126.307
1.7,150,3,67,3728563.153
1.7,150,3,67.1,18642815.77
1.7,150,3,67.2,2663259.395
1.7,150,3,67.3,6924474.428
1.7,150,3,67.4,35687675.9
1.7,150,3,67.5,2130607.516
1.7,150,3,67.6,9055081.944
1.7,150,3,67.7,5859170.67
1.7,150,3,67.8,7989778.186
1.7,150,3,67.9,5859170.67
1.7,150,3,68,7457126.307
1.7,150,3,68.1,6391822.549
1.7,150,3,68.2,8522430.065
1.7,150,3,68.3,11185689.46
1.7,150,3,68.4,8522430.065
1.7,150,3,68.5,3728563.153
1.7,150,3,68.6,7989778.186
1.7,150,3,68.7,4793866.912
1.7,150,3,68.8,6391822.549
1.7,150,3,68.9,7457126.307
1.7,150,3,69,7989778.186
1.7,150,3,69.1,6391822.549
1.7,150,3,69.2,14381600.73
1.7,150,3,69.3,15979556.37
1.7,150,3,69.4,3195911.274
1.7,150,3,69.5,4793866.912
1.7,150,3,69.6,15979556.37
1.7,150,3,69.7,4793866.912
1.7,150,3,69.8,6924474.428
1.7,150,3,69.9,5326518.791
1.7,150,3,70,4793866.912
1.7,150,3,70.1,5326518.791
1.7,150,3,70.2,6391822.549
1.7,150,3,70.3,7457126.307
1.7,150,3,70.4,7457126.307
1.7,150,3,70.5,6391822.549
1.7,150,3,70.6,7989778.186
1.7,150,3,70.7,7457126.307
1.7,150,3,70.8,5326518.791
1.7,150,3,70.9,3195911.274
1.7,150,3,71,5326518.791
1.7,150,3,71.1,3195911.274
1.7,150,3,71.2,6924474.428
1.7,150,3,71.3,5859170.67
1.7,150,3,71.4,7457126.307
1.7,150,3,71.5,7457126.307
1.7,150,3,71.6,4261215.033
1.7,150,3,71.7,6924474.428
1.7,150,3,71.8,8522430.065
1.7,150,3,71.9,5326518.791
1.7,150,3,72,5326518.791
1.7,150,3,72.1,4793866.912
1.7,150,3,72.2,5326518.791
1.7,150,3,72.3,7457126.307
1.7,150,3,72.4,3195911.274
1.7,150,3,72.5,7989778.186
1.7,150,3,72.6,6391822.549
1.7,150,3,72.7,4261215.033
1.7,150,3,72.8,7457126.307
1.7,150,3,72.9,3728563.153
1.7,150,3,73,6391822.549
1.7,150,3,73.1,4261215.033
1.7,150,3,73.2,8522430.065
1.7,150,3,73.3,4261215.033
1.7,150,3,73.4,7457126.307
1.7,150,3,73.5,6924474.428
1.7,150,3,73.6,5859170.67
1.7,150,3,73.7,2663259.395
1.7,150,3,73.8,4793866.912
1.7,150,3,73.9,4793866.912
1.7,150,3,74,5326518.791
1.7,150,3,74.1,4793866.912
1.7,150,3,74.2,6924474.428
1.7,150,3,74.3,5859170.67
1.7,150,3,74.4,4793866.912
1.7,150,3,74.5,8522430.065
1.7,150,3,74.6,4793866.912
1.7,150,3,74.7,3728563.153
1.7,150,3,74.8,6924474.428
1.7,150,3,74.9,4261215.033
1.7,150,3,75,6924474.428
1.7,150,3,75.1,4793866.912
1.7,150,3,75.2,2663259.395
1.7,150,3,75.3,5326518.791
1.7,150,3,75.4,4261215.033
1.7,150,3,75.5,5326518.791
1.7,150,3,75.6,6391822.549
1.7,150,3,75.7,5859170.67
1.7,150,3,75.8,7457126.307
1.7,150,3,75.9,4261215.033
1.7,150,3,76,7989778.186
1.7,150,3,76.1,6391822.549
1.7,150,3,76.2,14381600.73
1.7,150,3,76.3,3728563.153
1.7,150,3,76.4,5326518.791
1.7,150,3,76.5,3728563.153
1.7,150,3,76.6,7989778.186
1.7,150,3,76.7,6391822.549
1.7,150,3,76.8,4261215.033
1.7,150,3,76.9,4261215.033
1.7,150,3,77,9055081.944
1.7,150,3,77.1,5859170.67
1.7,150,3,77.2,6924474.428
1.7,150,3,77.3,7989778.186
1.7,150,3,77.4,5326518.791
1.7,150,3,77.5,7457126.307
1.7,150,3,77.6,5326518.791
1.7,150,3,77.7,7457126.307
1.7,150,3,77.8,2663259.395
1.7,150,3,77.9,5859170.67
1.7,150,3,78,3728563.153
1.7,150,3,78.1,7989778.186
1.7,150,3,78.2,5326518.791
1.7,150,3,78.3,6391822.549
1.7,150,3,78.4,9055081.944
1.7,150,3,78.5,4261215.033
1.7,150,3,78.6,4793866.912
1.7,150,3,78.7,5326518.791
1.7,150,3,78.8,4261215.033
1.7,150,3,78.9,5859170.67
1.7,150,3,79,4261215.033
1.7,150,3,79.1,5859170.67
1.7,150,3,79.2,2663259.395
1.7,150,3,79.3,4793866.912
1.7,150,3,79.4,6391822.549
1.7,150,3,79.5,5859170.67
1.7,150,3,79.6,3728563.153
1.7,150,3,79.7,6391822.549
1.7,150,3,79.8,6924474.428
1.7,150,3,79.9,5859170.67
1.7,150,3,80,2130607.516
1.7,150,3,80.1,4261215.033
1.7,150,3,80.2,5859170.67
1.7,150,3,80.3,5326518.791
1.7,150,3,80.4,4793866.912
1.7,150,3,80.5,5326518.791
1.7,150,3,80.6,4793866.912
1.7,150,3,80.7,4793866.912
1.7,150,3,80.8,1597955.637
1.7,150,3,80.9,5859170.67
1.7,150,3,81,2663259.395
1.7,150,3,81.1,7457126.307
1.7,150,3,81.2,6391822.549
1.7,150,3,81.3,1597955.637
1.7,150,3,81.4,3728563.153
1.7,150,3,81.5,9055081.944
1.7,150,3,81.6,4793866.912
1.7,150,3,81.7,3728563.153
1.7,150,3,81.8,4793866.912
1.7,150,3,81.9,10120385.7
1.7,150,3,82,8522430.065
1.7,150,3,82.1,5859170.67
1.7,150,3,82.2,5326518.791
1.7,150,3,82.3,5859170.67
1.7,150,3,82.4,5326518.791
1.7,150,3,82.5,6391822.549
1.7,150,3,82.6,6391822.549
1.7,150,3,82.7,5326518.791
1.7,150,3,82.8,4793866.912
1.7,150,3,82.9,6391822.549
1.7,150,3,83,2663259.395
1.7,150,3,83.1,4261215.033
1.7,150,3,83.2,4793866.912
1.7,150,3,83.3,4261215.033
1.7,150,3,83.4,4261215.033
1.7,150,3,83.5,2130607.516
1.7,150,3,83.6,2663259.395
1.7,150,3,83.7,6924474.428
1.7,150,3,83.8,6391822.549
1.7,150,3,83.9,2663259.395
1.7,150,3,84,6391822.549
1.7,150,3,84.1,5859170.67
1.7,150,3,84.2,4261215.033
1.7,150,3,84.3,7457126.307
1.7,150,3,84.4,8522430.065
1.7,150,3,84.5,2663259.395
1.7,150,3,84.6,5859170.67
1.7,150,3,84.7,4793866.912
1.7,150,3,84.8,4793866.912
1.7,150,3,84.9,3728563.153
1.7,150,3,85,5326518.791
1.7,150,3,85.1,5326518.791
1.7,150,3,85.2,5859170.67
1.7,150,3,85.3,4793866.912
1.7,150,3,85.4,4793866.912
1.7,150,3,85.5,4261215.033
1.7,150,3,85.6,4793866.912
1.7,150,3,85.7,3728563.153
1.7,150,3,85.8,6391822.549
1.7,150,3,85.9,5859170.67
1.7,150,3,86,4793866.912
1.7,150,3,86.1,4261215.033
1.7,150,3,86.2,3195911.274
1.7,150,3,86.3,5859170.67
1.7,150,3,86.4,4793866.912
1.7,150,3,86.5,7457126.307
1.7,150,3,86.6,4793866.912
1.7,150,3,86.7,4793866.912
1.7,150,3,86.8,6924474.428
1.7,150,3,86.9,3195911.274
1.7,150,3,87,3195911.274
1.7,150,3,87.1,6391822.549
1.7,150,3,87.2,4261215.033
1.7,150,3,87.3,4793866.912
1.7,150,3,87.4,5859170.67
1.7,150,3,87.5,4261215.033
1.7,150,3,87.6,3195911.274
1.7,150,3,87.7,5326518.791
1.7,150,3,87.8,4793866.912
1.7,150,3,87.9,5326518.791
1.7,150,3,88,6391822.549
1.7,150,3,88.1,4261215.033
1.7,150,3,88.2,3195911.274
1.7,150,3,88.3,2130607.516
1.7,150,3,88.4,3195911.274
1.7,150,3,88.5,2663259.395
1.7,150,3,88.6,5859170.67
1.7,150,3,88.7,6391822.549
1.7,150,3,88.8,3195911.274
1.7,150,3,88.9,5326518.791
1.7,150,3,89,4793866.912
1.7,150,3,89.1,6391822.549
1.7,150,3,89.2,5326518.791
1.7,150,3,89.3,7457126.307
1.7,150,3,89.4,3195911.274
1.7,150,3,89.5,1065303.758
1.7,150,3,89.6,5859170.67
1.7,150,3,89.7,2663259.395
1.7,150,3,89.8,2663259.395
1.7,150,3,89.9,3195911.274
1.7,150,3,90,3195911.274
1.7,150,3,90.1,3728563.153
1.7,150,3,90.2,6391822.549
1.7,150,3,90.3,4261215.033
1.7,150,3,90.4,6391822.549
1.7,150,3,90.5,5326518.791
1.7,150,3,90.6,3195911.274
1.7,150,3,90.7,4793866.912
1.7,150,3,90.8,6391822.549
1.7,150,3,90.9,6391822.549
1.7,150,3,91,6391822.549
1.7,150,3,91.1,2130607.516
1.7,150,3,91.2,4261215.033
1.7,150,3,91.3,3195911.274
1.7,150,3,91.4,5326518.791
1.7,150,3,91.5,3195911.274
1.7,150,3,91.6,4793866.912
1.7,150,3,91.7,3728563.153
1.7,150,3,91.8,6924474.428
1.7,150,3,91.9,6924474.428
1.7,150,3,92,6924474.428
1.7,150,3,92.1,4261215.033
1.7,150,3,92.2,4793866.912
1.7,150,3,92.3,5859170.67
1.7,150,3,92.4,4793866.912
1.7,150,3,92.5,6391822.549
1.7,150,3,92.6,1597955.637
1.7,150,3,92.7,2663259.395
1.7,150,3,92.8,4793866.912
1.7,150,3,92.9,2130607.516
1.7,150,3,93,4793866.912
1.7,150,3,93.1,6391822.549
1.7,150,3,93.2,5326518.791
1.7,150,3,93.3,4261215.033
1.7,150,3,93.4,4261215.033
1.7,150,3,93.5,2663259.395
1.7,150,3,93.6,5326518.791
1.7,150,3,93.7,3195911.274
1.7,150,3,93.8,4261215.033
1.7,150,3,93.9,4261215.033
1.7,150,3,94,5326518.791
1.7,150,3,94.1,5859170.67
1.7,150,3,94.2,5326518.791
1.7,150,3,94.3,1597955.637
1.7,150,3,94.4,4261215.033
1.7,150,3,94.5,2663259.395
1.7,150,3,94.6,4793866.912
1.7,150,3,94.7,5326518.791
1.7,150,3,94.8,1597955.637
1.7,150,3,94.9,4261215.033
1.7,150,3,95,4261215.033
1.7,150,3,95.1,2663259.395
1.7,150,3,95.2,3195911.274
1.7,150,3,95.3,2663259.395
1.7,150,3,95.4,2663259.395
1.7,150,3,95.5,3728563.153
1.7,150,3,95.6,4793866.912
1.7,150,3,95.7,2130607.516
1.7,150,3,95.8,3728563.153
1.7,150,3,95.9,2663259.395
1.7,150,3,96,2130607.516
1.7,150,3,96.1,3195911.274
1.7,150,3,96.2,7457126.307
1.7,150,3,96.3,5859170.67
1.7,150,3,96.4,1597955.637
1.7,150,3,96.5,4793866.912
1.7,150,3,96.6,1597955.637
1.7,150,3,96.7,1597955.637
1.7,150,3,96.8,3195911.274
1.7,150,3,96.9,4261215.033
1.7,150,3,97,3728563.153
1.7,150,3,97.1,3195911.274
1.7,150,3,97.2,4261215.033
1.7,150,3,97.3,4261215.033
1.7,150,3,97.4,3728563.153
1.7,150,3,97.5,3195911.274
1.7,150,3,97.6,1065303.758
1.7,150,3,97.7,2130607.516
1.7,150,3,97.8,4261215.033
1.7,150,3,97.9,4261215.033
1.7,150,3,98,4261215.033
1.7,150,3,98.1,4261215.033
1.7,150,3,98.2,5326518.791
1.7,150,3,98.3,4793866.912
1.7,150,3,98.4,3728563.153
1.7,150,3,98.5,3195911.274
1.7,150,3,98.6,3195911.274
1.7,150,3,98.7,4261215.033
1.7,150,3,98.8,6924474.428
1.7,150,3,98.9,2663259.395
1.7,150,3,99,6924474.428
1.7,150,3,99.1,4261215.033
1.7,150,3,99.2,4793866.912
1.7,150,3,99.3,532651.8791
1.7,150,3,99.4,3195911.274
1.7,150,3,99.5,2663259.395
1.7,150,3,99.6,3728563.153
1.7,150,3,99.7,4261215.033
1.7,150,3,99.8,5326518.791
1.7,150,3,99.9,3728563.153
1.7,150,3,100,3728563.153
1.7,150,3,100.1,2130607.516
1.7,150,3,100.2,1597955.637
1.7,150,3,100.3,3728563.153
1.7,150,3,100.4,3728563.153
1.7,150,3,100.5,4793866.912
1.7,150,3,100.6,532651.8791
1.7,150,3,100.7,4793866.912
1.7,150,3,100.8,2663259.395
1.7,150,3,100.9,2130607.516
1.7,150,3,101,5859170.67
1.7,150,3,101.1,4793866.912
1.7,150,3,101.2,2663259.395
1.7,150,3,101.3,6391822.549
1.7,150,3,101.4,2130607.516
1.7,150,3,101.5,4261215.033
1.7,150,3,101.6,4793866.912
1.7,150,3,101.7,3728563.153
1.7,150,3,101.8,3728563.153
1.7,150,3,101.9,2663259.395
1.7,150,3,102,2663259.395
1.7,150,3,102.1,3728563.153
1.7,150,3,102.2,1597955.637
1.7,150,3,102.3,1597955.637
1.7,150,3,102.4,4261215.033
1.7,150,3,102.5,3728563.153
1.7,150,3,102.6,4793866.912
1.7,150,3,102.7,5326518.791
1.7,150,3,102.8,3195911.274
1.7,150,3,102.9,5326518.791
1.7,150,3,103,2663259.395
1.7,150,3,103.1,2663259.395
1.7,150,3,103.2,4793866.912
1.7,150,3,103.3,3728563.153
1.7,150,3,103.4,1597955.637
1.7,150,3,103.5,3728563.153
1.7,150,3,103.6,1597955.637
1.7,150,3,103.7,2663259.395
1.7,150,3,103.8,4261215.033
1.7,150,3,103.9,2130607.516
1.7,150,3,104,2663259.395
1.7,150,3,104.1,5326518.791
1.7,150,3,104.2,5859170.67
1.7,150,3,104.3,4261215.033
1.7,150,3,104.4,2130607.516
1.7,150,3,104.5,4261215.033
1.7,150,3,104.6,5326518.791
1.7,150,3,104.7,1597955.637
1.7,150,3,104.8,3195911.274
1.7,150,3,104.9,2130607.516
1.7,150,3,105,3728563.153
1.7,150,3,105.1,1597955.637
1.7,150,3,105.2,4261215.033
1.7,150,3,105.3,2663259.395
1.7,150,3,105.4,3195911.274
1.7,150,3,105.5,2663259.395
1.7,150,3,105.6,3728563.153
1.7,150,3,105.7,3728563.153
1.7,150,3,105.8,2130607.516
1.7,150,3,105.9,2663259.395
1.7,150,3,106,3195911.274
1.7,150,3,106.1,3728563.153
1.7,150,3,106.2,1597955.637
1.7,150,3,106.3,2663259.395
1.7,150,3,106.4,2663259.395
1.7,150,3,106.5,2130607.516
1.7,150,3,106.6,2130607.516
1.7,150,3,106.7,2663259.395
1.7,150,3,106.8,4261215.033
1.7,150,3,106.9,3195911.274
1.7,150,3,107,3728563.153
1.7,150,3,107.1,1597955.637
1.7,150,3,107.2,3728563.153
1.7,150,3,107.3,6391822.549
1.7,150,3,107.4,3195911.274
1.7,150,3,107.5,1597955.637
1.7,150,3,107.6,2130607.516
1.7,150,3,107.7,3728563.153
1.7,150,3,107.8,1065303.758
1.7,150,3,107.9,1597955.637
1.7,150,3,108,2663259.395
1.7,150,3,108.1,4261215.033
1.7,150,3,108.2,4793866.912
1.7,150,3,108.3,3728563.153
1.7,150,3,108.4,4793866.912
1.7,150,3,108.5,3728563.153
1.7,150,3,108.6,2130607.516
1.7,150,3,108.7,3195911.274
1.7,150,3,108.8,3195911.274
1.7,150,3,108.9,3728563.153
1.7,150,3,109,1597955.637
1.7,150,3,109.1,4261215.033
1.7,150,3,109.2,4793866.912
1.7,150,3,109.3,2130607.516
1.7,150,3,109.4,4793866.912
1.7,150,3,109.5,4261215.033
1.7,150,3,109.6,3195911.274
1.7,150,3,109.7,4261215.033
1.7,150,3,109.8,2663259.395
1.7,150,3,109.9,1597955.637
1.7,150,3,110,3195911.274
1.7,150,3,110.1,2663259.395
1.7,150,3,110.2,1597955.637
1.7,150,3,110.3,2130607.516
1.7,150,3,110.4,3195911.274
1.7,150,3,110.5,1597955.637
1.7,150,3,110.6,4793866.912
1.7,150,3,110.7,4261215.033
1.7,150,3,110.8,1065303.758
1.7,150,3,110.9,2663259.395
1.7,150,3,111,1597955.637
1.7,150,3,111.1,3728563.153
1.7,150,3,111.2,5326518.791
1.7,150,3,111.3,3195911.274
1.7,150,3,111.4,3195911.274
1.7,150,3,111.5,3195911.274
1.7,150,3,111.6,1597955.637
1.7,150,3,111.7,3195911.274
1.7,150,3,111.8,3195911.274
1.7,150,3,111.9,1597955.637
1.7,150,3,112,3728563.153
1.7,150,3,112.1,1597955.637
1.7,150,3,112.2,2130607.516
1.7,150,3,112.3,5859170.67
1.7,150,3,112.4,2130607.516
1.7,150,3,112.5,2663259.395
1.7,150,3,112.6,3195911.274
1.7,150,3,112.7,1597955.637
1.7,150,3,112.8,2130607.516
1.7,150,3,112.9,2130607.516
1.7,150,3,113,2663259.395
1.7,150,3,113.1,4261215.033
1.7,150,3,113.2,4261215.033
1.7,150,3,113.3,4261215.033
1.7,150,3,113.4,532651.8791
1.7,150,3,113.5,3728563.153
1.7,150,3,113.6,1065303.758
1.7,150,3,113.7,2663259.395
1.7,150,3,113.8,2663259.395
1.7,150,3,113.9,2130607.516
1.7,150,3,114,1597955.637
1.7,150,3,114.1,2663259.395
1.7,150,3,114.2,2663259.395
1.7,150,3,114.3,2130607.516
1.7,150,3,114.4,3195911.274
1.7,150,3,114.5,2130607.516
1.7,150,3,114.6,4793866.912
1.7,150,3,114.7,1597955.637
1.7,150,3,114.8,1597955.637
1.7,150,3,114.9,3195911.274
1.7,150,3,115,3728563.153
1.7,150,3,115.1,2663259.395
1.7,150,3,115.2,3195911.274
1.7,150,3,115.3,1597955.637
1.7,150,3,115.4,3195911.274
1.7,150,3,115.5,2130607.516
1.7,150,3,115.6,3195911.274
1.7,150,3,115.7,6391822.549
1.7,150,3,115.8,2130607.516
1.7,150,3,115.9,1597955.637
1.7,150,3,116,2663259.395
1.7,150,3,116.1,1597955.637
1.7,150,3,116.2,3728563.153
1.7,150,3,116.3,3195911.274
1.7,150,3,116.4,2663259.395
1.7,150,3,116.5,2663259.395
1.7,150,3,116.6,1597955.637
1.7,150,3,116.7,1065303.758
1.7,150,3,116.8,1065303.758
1.7,150,3,116.9,2663259.395
1.7,150,3,117,2130607.516
1.7,150,3,117.1,532651.8791
1.7,150,3,117.2,1597955.637
1.7,150,3,117.3,1065303.758
1.7,150,3,117.4,1597955.637
1.7,150,3,117.5,2130607.516
1.7,150,3,117.6,7989778.186
1.7,150,3,117.7,2663259.395
1.7,150,3,117.8,3195911.274
1.7,150,3,117.9,2663259.395
1.7,150,3,118,3195911.274
1.7,150,3,118.1,1597955.637
1.7,150,3,118.2,3728563.153
1.7,150,3,118.3,2663259.395
1.7,150,3,118.4,2130607.516
1.7,150,3,118.5,1065303.758
1.7,150,3,118.6,4261215.033
1.7,150,3,118.7,1597955.637
1.7,150,3,118.8,2663259.395
1.7,150,3,118.9,1065303.758
1.7,150,3,119,2130607.516
1.7,150,3,119.1,3195911.274
1.7,150,3,119.2,1065303.758
1.7,150,3,119.3,2130607.516
1.7,150,3,119.4,2663259.395
1.7,150,3,119.5,2130607.516
1.7,150,3,119.6,1065303.758
1.7,150,3,119.7,1065303.758
1.7,150,3,119.8,3728563.153
1.7,150,3,119.9,532651.8791
1.7,150,3,120,2663259.395
1.7,150,3,120.1,1597955.637
1.7,150,3,120.2,2130607.516
1.7,150,3,120.3,1597955.637
1.7,150,3,120.4,2663259.395
1.7,150,3,120.5,2130607.516
1.7,150,3,120.6,1065303.758
1.7,150,3,120.7,3728563.153
1.7,150,3,120.8,2663259.395
1.7,150,3,120.9,4261215.033
1.7,150,3,121,2663259.395
1.7,150,3,121.1,2663259.395
1.7,150,3,121.2,2130607.516
1.7,150,3,121.3,4261215.033
1.7,150,3,121.4,1597955.637
1.7,150,3,121.5,3195911.274
1.7,150,3,121.6,3728563.153
1.7,150,3,121.7,1597955.637
1.7,150,3,121.8,2663259.395
1.7,150,3,121.9,2130607.516
1.7,150,3,122,3195911.274
1.7,150,3,122.1,3728563.153
1.7,150,3,122.2,1065303.758
1.7,150,3,122.3,1597955.637
1.7,150,3,122.4,1065303.758
1.7,150,3,122.5,1597955.637
1.7,150,3,122.6,2130607.516
1.7,150,3,122.7,532651.8791
1.7,150,3,122.8,1597955.637
1.7,150,3,122.9,1065303.758
1.7,150,3,123,2130607.516
1.7,150,3,123.1,2130607.516
1.7,150,3,123.2,2663259.395
1.7,150,3,123.3,3195911.274
1.7,150,3,123.4,2130607.516
1.7,150,3,123.5,1065303.758
1.7,150,3,123.6,3728563.153
1.7,150,3,123.7,1065303.758
1.7,150,3,123.8,5326518.791
1.7,150,3,123.9,1597955.637
1.7,150,3,124,1065303.758
1.7,150,3,124.1,1065303.758
1.7,150,3,124.2,5326518.791
1.7,150,3,124.3,1065303.758
1.7,150,3,124.4,3728563.153
1.7,150,3,124.5,3195911.274
1.7,150,3,124.6,532651.8791
1.7,150,3,124.7,2130607.516
1.7,150,3,124.8,1065303.758
1.7,150,3,124.9,1065303.758
1.7,150,3,125,3728563.153
1.7,150,3,125.1,2663259.395
1.7,150,3,125.2,1597955.637
1.7,150,3,125.3,1597955.637
1.7,150,3,125.4,2663259.395
1.7,150,3,125.5,2663259.395
1.7,150,3,125.6,1597955.637
1.7,150,3,125.7,1597955.637
1.7,150,3,125.8,2663259.395
1.7,150,3,125.9,1065303.758
1.7,150,3,126,3195911.274
1.7,150,3,126.1,532651.8791
1.7,150,3,126.2,2130607.516
1.7,150,3,126.3,1597955.637
1.7,150,3,126.4,2130607.516
1.7,150,3,126.5,2130607.516
1.7,150,3,126.6,2663259.395
1.7,150,3,126.7,2663259.395
1.7,150,3,126.8,1597955.637
1.7,150,3,126.9,3195911.274
1.7,150,3,127,1597955.637
1.7,150,3,127.1,1065303.758
1.7,150,3,127.2,3728563.153
1.7,150,3,127.3,2130607.516
1.7,150,3,127.4,1597955.637
1.7,150,3,127.5,1597955.637
1.7,150,3,127.6,1597955.637
1.7,150,3,127.7,2663259.395
1.7,150,3,127.8,1065303.758
1.7,150,3,127.9,3195911.274
1.7,150,3,128,2130607.516
1.7,150,3,128.1,1597955.637
1.7,150,3,128.2,1065303.758
1.7,150,3,128.4,2663259.395
1.7,150,3,128.5,4793866.912
1.7,150,3,128.6,1065303.758
1.7,150,3,128.7,1065303.758
1.7,150,3,128.8,1065303.758
1.7,150,3,128.9,2663259.395
1.7,150,3,129,1065303.758
1.7,150,3,129.1,3728563.153
1.7,150,3,129.2,1065303.758
1.7,150,3,129.3,4261215.033
1.7,150,3,129.4,2130607.516
1.7,150,3,129.5,2130607.516
1.7,150,3,129.6,3728563.153
1.7,150,3,129.7,3728563.153
1.7,150,3,129.8,1065303.758
1.7,150,3,129.9,532651.8791
1.7,150,3,130,532651.8791
1.7,150,3,130.1,1065303.758
1.7,150,3,130.2,3195911.274
1.7,150,3,130.3,1065303.758
1.7,150,3,130.4,2663259.395
1.7,150,3,130.5,2130607.516
1.7,150,3,130.6,2663259.395
1.7,150,3,130.7,2130607.516
1.7,150,3,130.8,532651.8791
1.7,150,3,130.9,1065303.758
1.7,150,3,131,1065303.758
1.7,150,3,131.1,2130607.516
1.7,150,3,131.2,1597955.637
1.7,150,3,131.3,2130607.516
1.7,150,3,131.4,1597955.637
1.7,150,3,131.5,1065303.758
1.7,150,3,131.6,2130607.516
1.7,150,3,131.8,532651.8791
1.7,150,3,131.9,1065303.758
1.7,150,3,132,2130607.516
1.7,150,3,132.1,1597955.637
1.7,150,3,132.2,3195911.274
1.7,150,3,132.3,1597955.637
1.7,150,3,132.4,2663259.395
1.7,150,3,132.5,2663259.395
1.7,150,3,132.6,2663259.395
1.7,150,3,132.7,2130607.516
1.7,150,3,132.8,3195911.274
1.7,150,3,132.9,1597955.637
1.7,150,3,133,2130607.516
1.7,150,3,133.1,2130607.516
1.7,150,3,133.2,2130607.516
1.7,150,3,133.3,2663259.395
1.7,150,3,133.4,2130607.516
1.7,150,3,133.5,2663259.395
1.7,150,3,133.7,1597955.637
1.7,150,3,133.8,1065303.758
1.7,150,3,133.9,2130607.516
1.7,150,3,134,2663259.395
1.7,150,3,134.2,1065303.758
1.7,150,3,134.3,1597955.637
1.7,150,3,134.4,3728563.153
1.7,150,3,134.5,1065303.758
1.7,150,3,134.6,1597955.637
1.7,150,3,134.7,532651.8791
1.7,150,3,134.8,2663259.395
1.7,150,3,134.9,3728563.153
1.7,150,3,135,3728563.153
1.7,150,3,135.2,1065303.758
1.7,150,3,135.3,2130607.516
1.7,150,3,135.4,2130607.516
1.7,150,3,135.5,2130607.516
1.7,150,3,135.6,3728563.153
1.7,150,3,135.7,2130607.516
1.7,150,3,135.8,532651.8791
1.7,150,3,135.9,2130607.516
1.7,150,3,136,1597955.637
1.7,150,3,136.1,3195911.274
1.7,150,3,136.2,1065303.758
1.7,150,3,136.3,3195911.274
1.7,150,3,136.4,1065303.758
1.7,150,3,136.7,532651.8791
1.7,150,3,136.8,532651.8791
1.7,150,3,136.9,1597955.637
1.7,150,3,137.1,2130607.516
1.7,150,3,137.3,1065303.758
1.7,150,3,137.4,532651.8791
1.7,150,3,137.5,1065303.758
1.7,150,3,137.6,2130607.516
1.7,150,3,137.7,1597955.637
1.7,150,3,137.8,1597955.637
1.7,150,3,137.9,1597955.637
1.7,150,3,138,1065303.758
1.7,150,3,138.1,2130607.516
1.7,150,3,138.2,532651.8791
1.7,150,3,138.3,532651.8791
1.7,150,3,138.4,3195911.274
1.7,150,3,138.5,1065303.758
1.7,150,3,138.6,2130607.516
1.7,150,3,138.7,1065303.758
1.7,150,3,138.8,532651.8791
1.7,150,3,138.9,1065303.758
1.7,150,3,139,532651.8791
1.7,150,3,139.1,1597955.637
1.7,150,3,139.2,1065303.758
1.7,150,3,139.3,2130607.516
1.7,150,3,139.4,2130607.516
1.7,150,3,139.5,532651.8791
1.7,150,3,139.6,532651.8791
1.7,150,3,139.7,1065303.758
1.7,150,3,139.8,1597955.637
1.7,150,3,139.9,1065303.758
1.7,150,3,140.1,2130607.516
1.7,150,3,140.2,532651.8791
1.7,150,3,140.3,1065303.758
1.7,150,3,140.4,1597955.637
1.7,150,3,140.5,1597955.637
1.7,150,3,140.6,2130607.516
1.7,150,3,140.7,2130607.516
1.7,150,3,140.8,1065303.758
1.7,150,3,140.9,2130607.516
1.7,150,3,141,532651.8791
1.7,150,3,141.1,1065303.758
1.7,150,3,141.2,1065303.758
1.7,150,3,141.3,532651.8791
1.7,150,3,141.4,1065303.758
1.7,150,3,141.5,532651.8791
1.7,150,3,141.6,532651.8791
1.7,150,3,141.8,1065303.758
1.7,150,3,141.9,1065303.758
1.7,150,3,142,532651.8791
1.7,150,3,142.1,1597955.637
1.7,150,3,142.2,1065303.758
1.7,150,3,142.3,1065303.758
1.7,150,3,142.4,532651.8791
1.7,150,3,142.5,2663259.395
1.7,150,3,142.6,1065303.758
1.7,150,3,142.7,532651.8791
1.7,150,3,142.9,2130607.516
1.7,150,3,143.1,1065303.758
1.7,150,3,143.2,1065303.758
1.7,150,3,143.3,2663259.395
1.7,150,3,143.4,2663259.395
1.7,150,3,143.5,532651.8791
1.7,150,3,143.6,1065303.758
1.7,150,3,143.7,532651.8791
1.7,150,3,143.8,1065303.758
1.7,150,3,143.9,532651.8791
1.7,150,3,144.2,1065303.758
1.7,150,3,144.3,1065303.758
1.7,150,3,144.4,1597955.637
1.7,150,3,144.5,532651.8791
1.7,150,3,144.6,532651.8791
1.7,150,3,144.8,532651.8791
1.7,150,3,144.9,1597955.637
1.7,150,3,145,532651.8791
1.7,150,3,145.2,532651.8791
1.7,150,3,145.3,1065303.758
1.7,150,3,145.4,1597955.637
1.7,150,3,145.5,2130607.516
1.7,150,3,145.7,2130607.516
1.7,150,3,145.8,532651.8791
1.7,150,3,145.9,1065303.758
1.7,150,3,146,532651.8791
1.7,150,3,146.1,1597955.637
1.7,150,3,146.2,532651.8791
1.7,150,3,146.3,1065303.758
1.7,150,3,146.4,532651.8791
1.7,150,3,146.7,1597955.637
1.7,150,3,146.9,2663259.395
1.7,150,3,147.1,1065303.758
1.7,150,3,147.2,1065303.758
1.7,150,3,147.3,532651.8791
1.7,150,3,147.5,532651.8791
1.7,150,3,147.6,532651.8791
1.7,150,3,147.7,532651.8791
1.7,150,3,147.9,532651.8791
1.7,150,3,148,532651.8791
1.7,150,3,148.2,532651.8791
1.7,150,3,148.3,1065303.758
1.7,150,3,148.5,1065303.758
1.7,150,3,148.8,532651.8791
1.7,150,3,148.9,532651.8791
1.7,150,3,149.1,1065303.758
1.7,150,3,149.4,532651.8791
1.7,150,3,149.5,532651.8791
1.7,40,5,4.7,288448.861
1.7,40,5,5.2,576897.7221
1.7,40,5,5.3,576897.7221
1.7,40,5,5.4,288448.861
1.7,40,5,5.5,576897.7221
1.7,40,5,5.6,1442244.305
1.7,40,5,5.8,576897.7221
1.7,40,5,5.9,576897.7221
1.7,40,5,6,2884488.61
1.7,40,5,6.1,1153795.444
1.7,40,5,6.2,865346.5831
1.7,40,5,6.3,2019142.027
1.7,40,5,6.4,1153795.444
1.7,40,5,6.5,3172937.471
1.7,40,5,6.6,2307590.888
1.7,40,5,6.7,2596039.749
1.7,40,5,6.8,3461386.332
1.7,40,5,6.9,3749835.193
1.7,40,5,7,3461386.332
1.7,40,5,7.1,4326732.915
1.7,40,5,7.2,4038284.054
1.7,40,5,7.3,6634323.804
1.7,40,5,7.4,14422443.05
1.7,40,5,7.5,4038284.054
1.7,40,5,7.6,5480528.36
1.7,40,5,7.7,6057426.082
1.7,40,5,7.8,9230363.553
1.7,40,5,7.9,8653465.831
1.7,40,5,8,8076568.109
1.7,40,5,8.1,8076568.109
1.7,40,5,8.2,9807261.275
1.7,40,5,8.3,47017164.35
1.7,40,5,8.4,316716849.4
1.7,40,5,8.5,8941914.692
1.7,40,5,8.6,8653465.831
1.7,40,5,8.7,12114852.16
1.7,40,5,8.8,14710891.91
1.7,40,5,8.9,11537954.44
1.7,40,5,9,12114852.16
1.7,40,5,9.1,10961056.72
1.7,40,5,9.2,14999340.77
1.7,40,5,9.3,14133994.19
1.7,40,5,9.4,9807261.275
1.7,40,5,9.5,23364357.74
1.7,40,5,9.6,19037624.83
1.7,40,5,9.7,230759088.8
1.7,40,5,9.8,29998681.55
1.7,40,5,9.9,27979539.52
1.7,40,5,10,117975584.2
1.7,40,5,10.1,12691749.89
1.7,40,5,10.2,16441585.08
1.7,40,5,10.3,3172937.471
1.7,40,5,10.4,7211221.526
1.7,40,5,10.5,3461386.332
1.7,40,5,10.6,4038284.054
1.7,40,5,10.7,6634323.804
1.7,40,5,10.8,7499670.387
1.7,40,5,10.9,6057426.082
1.7,40,5,11,5768977.221
1.7,40,5,11.1,5192079.498
1.7,40,5,11.2,4326732.915
1.7,40,5,11.3,32306272.44
1.7,40,5,11.4,5480528.36
1.7,40,5,11.5,6922772.665
1.7,40,5,11.6,8076568.109
1.7,40,5,11.7,4038284.054
1.7,40,5,11.8,2596039.749
1.7,40,5,11.9,2307590.888
1.7,40,5,12,5480528.36
1.7,40,5,12.1,3172937.471
1.7,40,5,12.2,2884488.61
1.7,40,5,12.3,2307590.888
1.7,40,5,12.4,2307590.888
1.7,40,5,12.5,5768977.221
1.7,40,5,12.6,4038284.054
1.7,40,5,12.7,2596039.749
1.7,40,5,12.8,4903630.637
1.7,40,5,12.9,5480528.36
1.7,40,5,13,3172937.471
1.7,40,5,13.1,4326732.915
1.7,40,5,13.2,3461386.332
1.7,40,5,13.3,5768977.221
1.7,40,5,13.4,5192079.498
1.7,40,5,13.5,3749835.193
1.7,40,5,13.6,4615181.776
1.7,40,5,13.7,4326732.915
1.7,40,5,13.8,2884488.61
1.7,40,5,13.9,5192079.498
1.7,40,5,14,7211221.526
1.7,40,5,14.1,6345874.943
1.7,40,5,14.2,6345874.943
1.7,40,5,14.3,5192079.498
1.7,40,5,14.4,7499670.387
1.7,40,5,14.5,6345874.943
1.7,40,5,14.6,4038284.054
1.7,40,5,14.7,5192079.498
1.7,40,5,14.8,6634323.804
1.7,40,5,14.9,5768977.221
1.7,40,5,15,7499670.387
1.7,40,5,15.1,4326732.915
1.7,40,5,15.2,7211221.526
1.7,40,5,15.3,6922772.665
1.7,40,5,15.4,7499670.387
1.7,40,5,15.5,5192079.498
1.7,40,5,15.6,8941914.692
1.7,40,5,15.7,5480528.36
1.7,40,5,15.8,5768977.221
1.7,40,5,15.9,6057426.082
1.7,40,5,16,6922772.665
1.7,40,5,16.1,6345874.943
1.7,40,5,16.2,8941914.692
1.7,40,5,16.3,8365016.97
1.7,40,5,16.4,6345874.943
1.7,40,5,16.5,7211221.526
1.7,40,5,16.6,8076568.109
1.7,40,5,16.7,4903630.637
1.7,40,5,16.8,6634323.804
1.7,40,5,16.9,5768977.221
1.7,40,5,17,5480528.36
1.7,40,5,17.1,8365016.97
1.7,40,5,17.2,4615181.776
1.7,40,5,17.3,6345874.943
1.7,40,5,17.4,6922772.665
1.7,40,5,17.5,9807261.275
1.7,40,5,17.6,6345874.943
1.7,40,5,17.7,8365016.97
1.7,40,5,17.8,6345874.943
1.7,40,5,17.9,7211221.526
1.7,40,5,18,3461386.332
1.7,40,5,18.1,5480528.36
1.7,40,5,18.2,8076568.109
1.7,40,5,18.3,8365016.97
1.7,40,5,18.4,8941914.692
1.7,40,5,18.5,5480528.36
1.7,40,5,18.6,7788119.248
1.7,40,5,18.7,8365016.97
1.7,40,5,18.8,8365016.97
1.7,40,5,18.9,6057426.082
1.7,40,5,19,7499670.387
1.7,40,5,19.1,6634323.804
1.7,40,5,19.2,8365016.97
1.7,40,5,19.3,5768977.221
1.7,40,5,19.4,4903630.637
1.7,40,5,19.5,7211221.526
1.7,40,5,19.6,9518812.414
1.7,40,5,19.7,5480528.36
1.7,40,5,19.8,6057426.082
1.7,40,5,19.9,5192079.498
1.7,40,5,20,6634323.804
1.7,40,5,20.1,6922772.665
1.7,40,5,20.2,7211221.526
1.7,40,5,20.3,7499670.387
1.7,40,5,20.4,6922772.665
1.7,40,5,20.5,7211221.526
1.7,40,5,20.6,8076568.109
1.7,40,5,20.7,6922772.665
1.7,40,5,20.8,5768977.221
1.7,40,5,20.9,8653465.831
1.7,40,5,21,6922772.665
1.7,40,5,21.1,7788119.248
1.7,40,5,21.2,11826403.3
1.7,40,5,21.3,7211221.526
1.7,40,5,21.4,8365016.97
1.7,40,5,21.5,6345874.943
1.7,40,5,21.6,5768977.221
1.7,40,5,21.7,7788119.248
1.7,40,5,21.8,3749835.193
1.7,40,5,21.9,9230363.553
1.7,40,5,22,7499670.387
1.7,40,5,22.1,6057426.082
1.7,40,5,22.2,8365016.97
1.7,40,5,22.3,6345874.943
1.7,40,5,22.4,3461386.332
1.7,40,5,22.5,8365016.97
1.7,40,5,22.6,5768977.221
1.7,40,5,22.7,6634323.804
1.7,40,5,22.8,4615181.776
1.7,40,5,22.9,6634323.804
1.7,40,5,23,5480528.36
1.7,40,5,23.1,4615181.776
1.7,40,5,23.2,6634323.804
1.7,40,5,23.3,5480528.36
1.7,40,5,23.4,9518812.414
1.7,40,5,23.5,3172937.471
1.7,40,5,23.6,5480528.36
1.7,40,5,23.7,8076568.109
1.7,40,5,23.8,9230363.553
1.7,40,5,23.9,6922772.665
1.7,40,5,24,7211221.526
1.7,40,5,24.1,8076568.109
1.7,40,5,24.2,5480528.36
1.7,40,5,24.3,4038284.054
1.7,40,5,24.4,6922772.665
1.7,40,5,24.5,7788119.248
1.7,40,5,24.6,4615181.776
1.7,40,5,24.7,8365016.97
1.7,40,5,24.8,6345874.943
1.7,40,5,24.9,8653465.831
1.7,40,5,25,5192079.498
1.7,40,5,25.1,4615181.776
1.7,40,5,25.2,7499670.387
1.7,40,5,25.3,6634323.804
1.7,40,5,25.4,4038284.054
1.7,40,5,25.5,7499670.387
1.7,40,5,25.6,8653465.831
1.7,40,5,25.7,4615181.776
1.7,40,5,25.8,6057426.082
1.7,40,5,25.9,7499670.387
1.7,40,5,26,8076568.109
1.7,40,5,26.1,5768977.221
1.7,40,5,26.2,4903630.637
1.7,40,5,26.3,4615181.776
1.7,40,5,26.4,8653465.831
1.7,40,5,26.5,5768977.221
1.7,40,5,26.6,4038284.054
1.7,40,5,26.7,7499670.387
1.7,40,5,26.8,2596039.749
1.7,40,5,26.9,4903630.637
1.7,40,5,27,4326732.915
1.7,40,5,27.1,7211221.526
1.7,40,5,27.2,6057426.082
1.7,40,5,27.3,4326732.915
1.7,40,5,27.4,6634323.804
1.7,40,5,27.5,5768977.221
1.7,40,5,27.6,4038284.054
1.7,40,5,27.7,4903630.637
1.7,40,5,27.8,4326732.915
1.7,40,5,27.9,4903630.637
1.7,40,5,28,3172937.471
1.7,40,5,28.1,6057426.082
1.7,40,5,28.2,5768977.221
1.7,40,5,28.3,2019142.027
1.7,40,5,28.4,6345874.943
1.7,40,5,28.5,7499670.387
1.7,40,5,28.6,4326732.915
1.7,40,5,28.7,3749835.193
1.7,40,5,28.8,3749835.193
1.7,40,5,28.9,3461386.332
1.7,40,5,29,3461386.332
1.7,40,5,29.1,4038284.054
1.7,40,5,29.2,2884488.61
1.7,40,5,29.3,5768977.221
1.7,40,5,29.4,4615181.776
1.7,40,5,29.5,5192079.498
1.7,40,5,29.6,3461386.332
1.7,40,5,29.7,5768977.221
1.7,40,5,29.8,3461386.332
1.7,40,5,29.9,5768977.221
1.7,40,5,30,5768977.221
1.7,40,5,30.1,3749835.193
1.7,40,5,30.2,2307590.888
1.7,40,5,30.3,4615181.776
1.7,40,5,30.4,5480528.36
1.7,40,5,30.5,4326732.915
1.7,40,5,30.6,4038284.054
1.7,40,5,30.7,3749835.193
1.7,40,5,30.8,2596039.749
1.7,40,5,30.9,2884488.61
1.7,40,5,31,2884488.61
1.7,40,5,31.1,3461386.332
1.7,40,5,31.2,4615181.776
1.7,40,5,31.3,5192079.498
1.7,40,5,31.4,1442244.305
1.7,40,5,31.5,3172937.471
1.7,40,5,31.6,4038284.054
1.7,40,5,31.7,2884488.61
1.7,40,5,31.8,2307590.888
1.7,40,5,31.9,3461386.332
1.7,40,5,32,4326732.915
1.7,40,5,32.1,4615181.776
1.7,40,5,32.2,2596039.749
1.7,40,5,32.3,2596039.749
1.7,40,5,32.4,2019142.027
1.7,40,5,32.5,2307590.888
1.7,40,5,32.6,1730693.166
1.7,40,5,32.7,2596039.749
1.7,40,5,32.8,4038284.054
1.7,40,5,32.9,4326732.915
1.7,40,5,33,2884488.61
1.7,40,5,33.1,3749835.193
1.7,40,5,33.2,1730693.166
1.7,40,5,33.3,4038284.054
1.7,40,5,33.4,2884488.61
1.7,40,5,33.5,2884488.61
1.7,40,5,33.6,2596039.749
1.7,40,5,33.7,2884488.61
1.7,40,5,33.8,2596039.749
1.7,40,5,33.9,1442244.305
1.7,40,5,34,2019142.027
1.7,40,5,34.1,3749835.193
1.7,40,5,34.2,2019142.027
1.7,40,5,34.3,4903630.637
1.7,40,5,34.4,2307590.888
1.7,40,5,34.5,2596039.749
1.7,40,5,34.6,865346.5831
1.7,40,5,34.7,3749835.193
1.7,40,5,34.8,2019142.027
1.7,40,5,34.9,1442244.305
1.7,40,5,35,2596039.749
1.7,40,5,35.1,2884488.61
1.7,40,5,35.2,1153795.444
1.7,40,5,35.3,1730693.166
1.7,40,5,35.4,3461386.332
1.7,40,5,35.5,1730693.166
1.7,40,5,35.6,4038284.054
1.7,40,5,35.7,576897.7221
1.7,40,5,35.8,2307590.888
1.7,40,5,35.9,2019142.027
1.7,40,5,36,1442244.305
1.7,40,5,36.1,1442244.305
1.7,40,5,36.2,288448.861
1.7,40,5,36.3,1442244.305
1.7,40,5,36.4,1730693.166
1.7,40,5,36.5,1442244.305
1.7,40,5,36.6,2307590.888
1.7,40,5,36.7,2307590.888
1.7,40,5,36.8,1153795.444
1.7,40,5,36.9,865346.5831
1.7,40,5,37,2307590.888
1.7,40,5,37.1,576897.7221
1.7,40,5,37.2,1442244.305
1.7,40,5,37.3,3461386.332
1.7,40,5,37.4,1442244.305
1.7,40,5,37.5,2019142.027
1.7,40,5,37.6,576897.7221
1.7,40,5,37.7,576897.7221
1.7,40,5,37.8,576897.7221
1.7,40,5,37.9,576897.7221
1.7,40,5,38,1730693.166
1.7,40,5,38.1,288448.861
1.7,40,5,38.2,1153795.444
1.7,40,5,38.3,865346.5831
1.7,40,5,38.4,1442244.305
1.7,40,5,38.5,576897.7221
1.7,40,5,38.6,2019142.027
1.7,40,5,38.7,288448.861
1.7,40,5,38.8,576897.7221
1.7,40,5,38.9,1153795.444
1.7,40,5,39,288448.861
1.7,40,5,39.1,1153795.444
1.7,40,5,39.2,576897.7221
1.7,40,5,39.3,576897.7221
1.7,40,5,39.4,288448.861
1.7,40,5,39.5,576897.7221
1.7,40,5,39.6,576897.7221
1.7,40,5,39.7,288448.861
1.7,40,5,39.8,288448.861
1.7,80,5,4.3,941689.6323
1.7,80,5,4.4,941689.6323
1.7,80,5,4.5,2354224.081
1.7,80,5,4.6,470844.8162
1.7,80,5,4.7,1412534.449
1.7,80,5,4.8,941689.6323
1.7,80,5,4.9,941689.6323
1.7,80,5,5,470844.8162
1.7,80,5,5.1,1883379.265
1.7,80,5,5.2,1412534.449
1.7,80,5,5.3,2825068.897
1.7,80,5,5.4,4708448.162
1.7,80,5,5.5,2354224.081
1.7,80,5,5.6,2825068.897
1.7,80,5,5.7,3295913.713
1.7,80,5,5.8,7533517.059
1.7,80,5,5.9,8946051.507
1.7,80,5,6,7062672.243
1.7,80,5,6.1,8475206.691
1.7,80,5,6.2,8946051.507
1.7,80,5,6.3,7062672.243
1.7,80,5,6.4,7062672.243
1.7,80,5,6.5,10829430.77
1.7,80,5,6.6,12712810.04
1.7,80,5,6.7,11300275.59
1.7,80,5,6.8,18362947.83
1.7,80,5,6.9,17421258.2
1.7,80,5,7,12241965.22
1.7,80,5,7.1,17892103.01
1.7,80,5,7.2,13654499.67
1.7,80,5,7.3,26838154.52
1.7,80,5,7.4,77689394.67
1.7,80,5,7.5,24954775.26
1.7,80,5,7.6,20246327.1
1.7,80,5,7.7,17421258.2
1.7,80,5,7.8,27779844.15
1.7,80,5,7.9,29192378.6
1.7,80,5,8,19775482.28
1.7,80,5,8.1,30604913.05
1.7,80,5,8.2,26367309.71
1.7,80,5,8.3,201992426.1
1.7,80,5,8.4,1588630410
1.7,80,5,8.5,27779844.15
1.7,80,5,8.6,30604913.05
1.7,80,5,8.7,32488292.32
1.7,80,5,8.8,48497016.07
1.7,80,5,8.9,32488292.32
1.7,80,5,9,39080119.74
1.7,80,5,9.1,36725895.66
1.7,80,5,9.2,44730257.54
1.7,80,5,9.3,31546602.68
1.7,80,5,9.4,34842516.4
1.7,80,5,9.5,107823462.9
1.7,80,5,9.6,63093205.37
1.7,80,5,9.7,1010903820
1.7,80,5,9.8,125715565.9
1.7,80,5,9.9,97464876.95
1.7,80,5,10,470373971.4
1.7,80,5,10.1,47555326.43
1.7,80,5,10.2,53205464.23
1.7,80,5,10.3,14125344.49
1.7,80,5,10.4,16479568.57
1.7,80,5,10.5,16479568.57
1.7,80,5,10.6,14596189.3
1.7,80,5,10.7,12712810.04
1.7,80,5,10.8,16950413.38
1.7,80,5,10.9,18362947.83
1.7,80,5,11,18833792.65
1.7,80,5,11.1,13183654.85
1.7,80,5,11.2,16950413.38
1.7,80,5,11.3,145020203.4
1.7,80,5,11.4,21658861.54
1.7,80,5,11.5,22600551.18
1.7,80,5,11.6,32488292.32
1.7,80,5,11.7,32488292.32
1.7,80,5,11.8,14596189.3
1.7,80,5,11.9,12712810.04
1.7,80,5,12,20717171.91
1.7,80,5,12.1,13183654.85
1.7,80,5,12.2,16479568.57
1.7,80,5,12.3,15537878.93
1.7,80,5,12.4,11771120.4
1.7,80,5,12.5,15537878.93
1.7,80,5,12.6,16008723.75
1.7,80,5,12.7,14125344.49
1.7,80,5,12.8,17892103.01
1.7,80,5,12.9,14125344.49
1.7,80,5,13,15537878.93
1.7,80,5,13.1,17421258.2
1.7,80,5,13.2,14125344.49
1.7,80,5,13.3,16950413.38
1.7,80,5,13.4,13183654.85
1.7,80,5,13.5,15537878.93
1.7,80,5,13.6,20246327.1
1.7,80,5,13.7,18833792.65
1.7,80,5,13.8,19775482.28
1.7,80,5,13.9,17892103.01
1.7,80,5,14,20717171.91
1.7,80,5,14.1,20717171.91
1.7,80,5,14.2,20717171.91
1.7,80,5,14.3,20717171.91
1.7,80,5,14.4,20246327.1
1.7,80,5,14.5,24013085.62
1.7,80,5,14.6,19775482.28
1.7,80,5,14.7,16008723.75
1.7,80,5,14.8,20717171.91
1.7,80,5,14.9,13183654.85
1.7,80,5,15,22129706.36
1.7,80,5,15.1,16950413.38
1.7,80,5,15.2,24013085.62
1.7,80,5,15.3,23071395.99
1.7,80,5,15.4,20717171.91
1.7,80,5,15.5,16479568.57
1.7,80,5,15.6,22129706.36
1.7,80,5,15.7,23071395.99
1.7,80,5,15.8,18362947.83
1.7,80,5,15.9,21188016.73
1.7,80,5,16,27779844.15
1.7,80,5,16.1,24954775.26
1.7,80,5,16.2,21658861.54
1.7,80,5,16.3,16950413.38
1.7,80,5,16.4,22129706.36
1.7,80,5,16.5,18833792.65
1.7,80,5,16.6,18833792.65
1.7,80,5,16.7,27779844.15
1.7,80,5,16.8,24483930.44
1.7,80,5,16.9,25896464.89
1.7,80,5,17,19775482.28
1.7,80,5,17.1,22600551.18
1.7,80,5,17.2,25425620.07
1.7,80,5,17.3,18362947.83
1.7,80,5,17.4,19304637.46
1.7,80,5,17.5,32017447.5
1.7,80,5,17.6,25896464.89
1.7,80,5,17.7,26367309.71
1.7,80,5,17.8,29192378.6
1.7,80,5,17.9,23542240.81
1.7,80,5,18,22600551.18
1.7,80,5,18.1,20717171.91
1.7,80,5,18.2,24013085.62
1.7,80,5,18.3,22129706.36
1.7,80,5,18.4,26367309.71
1.7,80,5,18.5,18362947.83
1.7,80,5,18.6,24483930.44
1.7,80,5,18.7,22129706.36
1.7,80,5,18.8,24013085.62
1.7,80,5,18.9,19775482.28
1.7,80,5,19,24483930.44
1.7,80,5,19.1,28250688.97
1.7,80,5,19.2,22600551.18
1.7,80,5,19.3,21658861.54
1.7,80,5,19.4,25896464.89
1.7,80,5,19.5,26367309.71
1.7,80,5,19.6,24483930.44
1.7,80,5,19.7,28250688.97
1.7,80,5,19.8,19775482.28
1.7,80,5,19.9,23071395.99
1.7,80,5,20,23542240.81
1.7,80,5,20.1,27779844.15
1.7,80,5,20.2,30134068.24
1.7,80,5,20.3,17892103.01
1.7,80,5,20.4,22129706.36
1.7,80,5,20.5,22129706.36
1.7,80,5,20.6,25896464.89
1.7,80,5,20.7,29192378.6
1.7,80,5,20.8,18362947.83
1.7,80,5,20.9,22129706.36
1.7,80,5,21,18833792.65
1.7,80,5,21.1,25896464.89
1.7,80,5,21.2,21188016.73
1.7,80,5,21.3,22129706.36
1.7,80,5,21.4,22600551.18
1.7,80,5,21.5,20717171.91
1.7,80,5,21.6,16950413.38
1.7,80,5,21.7,24483930.44
1.7,80,5,21.8,21658861.54
1.7,80,5,21.9,26838154.52
1.7,80,5,22,22129706.36
1.7,80,5,22.1,17421258.2
1.7,80,5,22.2,20717171.91
1.7,80,5,22.3,25425620.07
1.7,80,5,22.4,24483930.44
1.7,80,5,22.5,22129706.36
1.7,80,5,22.6,20246327.1
1.7,80,5,22.7,21658861.54
1.7,80,5,22.8,15067034.12
1.7,80,5,22.9,19304637.46
1.7,80,5,23,19304637.46
1.7,80,5,23.1,23071395.99
1.7,80,5,23.2,18833792.65
1.7,80,5,23.3,21658861.54
1.7,80,5,23.4,14125344.49
1.7,80,5,23.5,26838154.52
1.7,80,5,23.6,17421258.2
1.7,80,5,23.7,21658861.54
1.7,80,5,23.8,21658861.54
1.7,80,5,23.9,25425620.07
1.7,80,5,24,19304637.46
1.7,80,5,24.1,19304637.46
1.7,80,5,24.2,21658861.54
1.7,80,5,24.3,23071395.99
1.7,80,5,24.4,19775482.28
1.7,80,5,24.5,19775482.28
1.7,80,5,24.6,16950413.38
1.7,80,5,24.7,17892103.01
1.7,80,5,24.8,27308999.34
1.7,80,5,24.9,21188016.73
1.7,80,5,25,16479568.57
1.7,80,5,25.1,17421258.2
1.7,80,5,25.2,23542240.81
1.7,80,5,25.3,21658861.54
1.7,80,5,25.4,18833792.65
1.7,80,5,25.5,20717171.91
1.7,80,5,25.6,19775482.28
1.7,80,5,25.7,16479568.57
1.7,80,5,25.8,17421258.2
1.7,80,5,25.9,19775482.28
1.7,80,5,26,22129706.36
1.7,80,5,26.1,20717171.91
1.7,80,5,26.2,21658861.54
1.7,80,5,26.3,19304637.46
1.7,80,5,26.4,18833792.65
1.7,80,5,26.5,20717171.91
1.7,80,5,26.6,14596189.3
1.7,80,5,26.7,19304637.46
1.7,80,5,26.8,20717171.91
1.7,80,5,26.9,19775482.28
1.7,80,5,27,20717171.91
1.7,80,5,27.1,24013085.62
1.7,80,5,27.2,18833792.65
1.7,80,5,27.3,20246327.1
1.7,80,5,27.4,18833792.65
1.7,80,5,27.5,20717171.91
1.7,80,5,27.6,28250688.97
1.7,80,5,27.7,17421258.2
1.7,80,5,27.8,22129706.36
1.7,80,5,27.9,15067034.12
1.7,80,5,28,21658861.54
1.7,80,5,28.1,17892103.01
1.7,80,5,28.2,16008723.75
1.7,80,5,28.3,19304637.46
1.7,80,5,28.4,16479568.57
1.7,80,5,28.5,19775482.28
1.7,80,5,28.6,14125344.49
1.7,80,5,28.7,27779844.15
1.7,80,5,28.8,21188016.73
1.7,80,5,28.9,16479568.57
1.7,80,5,29,20717171.91
1.7,80,5,29.1,21658861.54
1.7,80,5,29.2,18833792.65
1.7,80,5,29.3,17892103.01
1.7,80,5,29.4,20246327.1
1.7,80,5,29.5,16479568.57
1.7,80,5,29.6,12241965.22
1.7,80,5,29.7,10829430.77
1.7,80,5,29.8,19304637.46
1.7,80,5,29.9,13654499.67
1.7,80,5,30,19304637.46
1.7,80,5,30.1,17421258.2
1.7,80,5,30.2,22129706.36
1.7,80,5,30.3,18833792.65
1.7,80,5,30.4,15067034.12
1.7,80,5,30.5,21188016.73
1.7,80,5,30.6,16008723.75
1.7,80,5,30.7,12712810.04
1.7,80,5,30.8,15537878.93
1.7,80,5,30.9,18362947.83
1.7,80,5,31,18362947.83
1.7,80,5,31.1,20246327.1
1.7,80,5,31.2,21658861.54
1.7,80,5,31.3,10358585.96
1.7,80,5,31.4,15537878.93
1.7,80,5,31.5,12241965.22
1.7,80,5,31.6,14596189.3
1.7,80,5,31.7,14125344.49
1.7,80,5,31.8,8946051.507
1.7,80,5,31.9,16479568.57
1.7,80,5,32,18362947.83
1.7,80,5,32.1,16008723.75
1.7,80,5,32.2,13183654.85
1.7,80,5,32.3,10829430.77
1.7,80,5,32.4,18833792.65
1.7,80,5,32.5,11300275.59
1.7,80,5,32.6,15067034.12
1.7,80,5,32.7,11771120.4
1.7,80,5,32.8,17421258.2
1.7,80,5,32.9,24483930.44
1.7,80,5,33,16008723.75
1.7,80,5,33.1,12712810.04
1.7,80,5,33.2,15537878.93
1.7,80,5,33.3,11771120.4
1.7,80,5,33.4,9416896.323
1.7,80,5,33.5,12241965.22
1.7,80,5,33.6,16479568.57
1.7,80,5,33.7,13654499.67
1.7,80,5,33.8,12241965.22
1.7,80,5,33.9,10829430.77
1.7,80,5,34,18833792.65
1.7,80,5,34.1,12712810.04
1.7,80,5,34.2,18833792.65
1.7,80,5,34.3,10358585.96
1.7,80,5,34.4,15537878.93
1.7,80,5,34.5,15537878.93
1.7,80,5,34.6,16008723.75
1.7,80,5,34.7,12241965.22
1.7,80,5,34.8,18362947.83
1.7,80,5,34.9,12241965.22
1.7,80,5,35,15537878.93
1.7,80,5,35.1,14596189.3
1.7,80,5,35.2,16479568.57
1.7,80,5,35.3,17892103.01
1.7,80,5,35.4,16479568.57
1.7,80,5,35.5,13654499.67
1.7,80,5,35.6,14596189.3
1.7,80,5,35.7,11300275.59
1.7,80,5,35.8,13183654.85
1.7,80,5,35.9,11300275.59
1.7,80,5,36,15537878.93
1.7,80,5,36.1,11771120.4
1.7,80,5,36.2,16479568.57
1.7,80,5,36.3,15067034.12
1.7,80,5,36.4,11771120.4
1.7,80,5,36.5,9887741.14
1.7,80,5,36.6,11300275.59
1.7,80,5,36.7,14596189.3
1.7,80,5,36.8,11771120.4
1.7,80,5,36.9,14596189.3
1.7,80,5,37,16950413.38
1.7,80,5,37.1,11300275.59
1.7,80,5,37.2,13183654.85
1.7,80,5,37.3,10829430.77
1.7,80,5,37.4,14125344.49
1.7,80,5,37.5,16479568.57
1.7,80,5,37.6,16479568.57
1.7,80,5,37.7,9887741.14
1.7,80,5,37.8,7533517.059
1.7,80,5,37.9,12712810.04
1.7,80,5,38,16008723.75
1.7,80,5,38.1,16479568.57
1.7,80,5,38.2,10829430.77
1.7,80,5,38.3,10829430.77
1.7,80,5,38.4,13183654.85
1.7,80,5,38.5,13654499.67
1.7,80,5,38.6,14596189.3
1.7,80,5,38.7,14125344.49
1.7,80,5,38.8,8004361.875
1.7,80,5,38.9,8946051.507
1.7,80,5,39,9416896.323
1.7,80,5,39.1,14596189.3
1.7,80,5,39.2,11300275.59
1.7,80,5,39.3,11771120.4
1.7,80,5,39.4,11300275.59
1.7,80,5,39.5,8946051.507
1.7,80,5,39.6,13183654.85
1.7,80,5,39.7,12241965.22
1.7,80,5,39.8,12712810.04
1.7,80,5,39.9,13183654.85
1.7,80,5,40,14596189.3
1.7,80,5,40.1,9416896.323
1.7,80,5,40.2,10829430.77
1.7,80,5,40.3,9416896.323
1.7,80,5,40.4,12241965.22
1.7,80,5,40.5,10358585.96
1.7,80,5,40.6,10829430.77
1.7,80,5,40.7,15067034.12
1.7,80,5,40.8,9887741.14
1.7,80,5,40.9,13183654.85
1.7,80,5,41,11771120.4
1.7,80,5,41.1,8946051.507
1.7,80,5,41.2,7533517.059
1.7,80,5,41.3,14125344.49
1.7,80,5,41.4,10358585.96
1.7,80,5,41.5,8946051.507
1.7,80,5,41.6,8946051.507
1.7,80,5,41.7,8946051.507
1.7,80,5,41.8,9416896.323
1.7,80,5,41.9,13654499.67
1.7,80,5,42,11300275.59
1.7,80,5,42.1,11771120.4
1.7,80,5,42.2,8004361.875
1.7,80,5,42.3,10829430.77
1.7,80,5,42.4,11771120.4
1.7,80,5,42.5,10358585.96
1.7,80,5,42.6,7062672.243
1.7,80,5,42.7,11300275.59
1.7,80,5,42.8,8004361.875
1.7,80,5,42.9,10829430.77
1.7,80,5,43,14125344.49
1.7,80,5,43.1,11300275.59
1.7,80,5,43.2,9887741.14
1.7,80,5,43.3,6591827.426
1.7,80,5,43.4,8475206.691
1.7,80,5,43.5,14125344.49
1.7,80,5,43.6,6120982.61
1.7,80,5,43.7,12241965.22
1.7,80,5,43.8,11771120.4
1.7,80,5,43.9,10358585.96
1.7,80,5,44,8475206.691
1.7,80,5,44.1,12241965.22
1.7,80,5,44.2,8475206.691
1.7,80,5,44.3,7533517.059
1.7,80,5,44.4,6120982.61
1.7,80,5,44.5,9887741.14
1.7,80,5,44.6,11771120.4
1.7,80,5,44.7,7062672.243
1.7,80,5,44.8,7062672.243
1.7,80,5,44.9,7062672.243
1.7,80,5,45,9416896.323
1.7,80,5,45.1,8004361.875
1.7,80,5,45.2,8004361.875
1.7,80,5,45.3,8475206.691
1.7,80,5,45.4,5650137.794
1.7,80,5,45.5,8004361.875
1.7,80,5,45.6,8004361.875
1.7,80,5,45.7,9416896.323
1.7,80,5,45.8,11771120.4
1.7,80,5,45.9,5650137.794
1.7,80,5,46,8475206.691
1.7,80,5,46.1,7533517.059
1.7,80,5,46.2,9416896.323
1.7,80,5,46.3,10829430.77
1.7,80,5,46.4,7533517.059
1.7,80,5,46.5,10358585.96
1.7,80,5,46.6,8946051.507
1.7,80,5,46.7,8946051.507
1.7,80,5,46.8,6591827.426
1.7,80,5,46.9,7062672.243
1.7,80,5,47,10358585.96
1.7,80,5,47.1,5179292.978
1.7,80,5,47.2,8004361.875
1.7,80,5,47.3,6591827.426
1.7,80,5,47.4,6120982.61
1.7,80,5,47.5,7533517.059
1.7,80,5,47.6,6120982.61
1.7,80,5,47.7,6120982.61
1.7,80,5,47.8,8946051.507
1.7,80,5,47.9,8004361.875
1.7,80,5,48,8946051.507
1.7,80,5,48.1,8946051.507
1.7,80,5,48.2,8946051.507
1.7,80,5,48.3,7062672.243
1.7,80,5,48.4,8475206.691
1.7,80,5,48.5,4708448.162
1.7,80,5,48.6,5650137.794
1.7,80,5,48.7,8004361.875
1.7,80,5,48.8,8004361.875
1.7,80,5,48.9,9887741.14
1.7,80,5,49,10358585.96
1.7,80,5,49.1,9416896.323
1.7,80,5,49.2,8946051.507
1.7,80,5,49.3,5179292.978
1.7,80,5,49.4,8004361.875
1.7,80,5,49.5,8475206.691
1.7,80,5,49.6,6591827.426
1.7,80,5,49.7,5179292.978
1.7,80,5,49.8,7533517.059
1.7,80,5,49.9,7062672.243
1.7,80,5,50,8475206.691
1.7,80,5,50.1,9416896.323
1.7,80,5,50.2,9416896.323
1.7,80,5,50.3,8946051.507
1.7,80,5,50.4,6120982.61
1.7,80,5,50.5,8004361.875
1.7,80,5,50.6,7533517.059
1.7,80,5,50.7,8004361.875
1.7,80,5,50.8,6120982.61
1.7,80,5,50.9,7062672.243
1.7,80,5,51,8946051.507
1.7,80,5,51.1,8946051.507
1.7,80,5,51.2,8946051.507
1.7,80,5,51.3,8946051.507
1.7,80,5,51.4,6591827.426
1.7,80,5,51.5,8946051.507
1.7,80,5,51.6,8004361.875
1.7,80,5,51.7,9416896.323
1.7,80,5,51.8,8946051.507
1.7,80,5,51.9,8004361.875
1.7,80,5,52,4708448.162
1.7,80,5,52.1,8004361.875
1.7,80,5,52.2,9887741.14
1.7,80,5,52.3,7533517.059
1.7,80,5,52.4,12712810.04
1.7,80,5,52.5,11771120.4
1.7,80,5,52.6,3766758.529
1.7,80,5,52.7,7533517.059
1.7,80,5,52.8,5650137.794
1.7,80,5,52.9,6120982.61
1.7,80,5,53,7533517.059
1.7,80,5,53.1,9416896.323
1.7,80,5,53.2,7533517.059
1.7,80,5,53.3,3295913.713
1.7,80,5,53.4,4708448.162
1.7,80,5,53.5,6591827.426
1.7,80,5,53.6,3295913.713
1.7,80,5,53.7,4708448.162
1.7,80,5,53.8,5179292.978
1.7,80,5,53.9,4708448.162
1.7,80,5,54,5179292.978
1.7,80,5,54.1,6120982.61
1.7,80,5,54.2,8004361.875
1.7,80,5,54.3,5650137.794
1.7,80,5,54.4,2825068.897
1.7,80,5,54.5,8946051.507
1.7,80,5,54.6,7533517.059
1.7,80,5,54.7,6591827.426
1.7,80,5,54.8,6120982.61
1.7,80,5,54.9,5179292.978
1.7,80,5,55,6591827.426
1.7,80,5,55.1,8004361.875
1.7,80,5,55.2,4237603.346
1.7,80,5,55.3,1412534.449
1.7,80,5,55.4,6591827.426
1.7,80,5,55.5,7533517.059
1.7,80,5,55.6,2354224.081
1.7,80,5,55.7,6591827.426
1.7,80,5,55.8,8004361.875
1.7,80,5,55.9,4708448.162
1.7,80,5,56,5179292.978
1.7,80,5,56.1,9416896.323
1.7,80,5,56.2,5650137.794
1.7,80,5,56.3,7062672.243
1.7,80,5,56.4,4237603.346
1.7,80,5,56.5,6120982.61
1.7,80,5,56.6,3766758.529
1.7,80,5,56.7,6120982.61
1.7,80,5,56.8,6120982.61
1.7,80,5,56.9,5179292.978
1.7,80,5,57,3766758.529
1.7,80,5,57.1,2825068.897
1.7,80,5,57.2,7533517.059
1.7,80,5,57.3,9416896.323
1.7,80,5,57.4,5179292.978
1.7,80,5,57.5,5650137.794
1.7,80,5,57.6,3766758.529
1.7,80,5,57.7,6120982.61
1.7,80,5,57.8,4237603.346
1.7,80,5,57.9,2825068.897
1.7,80,5,58,4708448.162
1.7,80,5,58.1,13654499.67
1.7,80,5,58.2,3295913.713
1.7,80,5,58.3,4708448.162
1.7,80,5,58.4,7533517.059
1.7,80,5,58.5,5179292.978
1.7,80,5,58.6,5179292.978
1.7,80,5,58.7,5650137.794
1.7,80,5,58.8,2354224.081
1.7,80,5,58.9,4708448.162
1.7,80,5,59,3295913.713
1.7,80,5,59.1,6120982.61
1.7,80,5,59.2,6120982.61
1.7,80,5,59.3,3295913.713
1.7,80,5,59.4,3295913.713
1.7,80,5,59.5,19304637.46
1.7,80,5,59.6,8004361.875
1.7,80,5,59.7,5179292.978
1.7,80,5,59.8,4708448.162
1.7,80,5,59.9,5650137.794
1.7,80,5,60,5650137.794
1.7,80,5,60.1,6591827.426
1.7,80,5,60.2,4237603.346
1.7,80,5,60.3,7062672.243
1.7,80,5,60.4,3766758.529
1.7,80,5,60.5,3295913.713
1.7,80,5,60.6,6120982.61
1.7,80,5,60.7,3766758.529
1.7,80,5,60.8,5650137.794
1.7,80,5,60.9,5179292.978
1.7,80,5,61,2825068.897
1.7,80,5,61.1,3766758.529
1.7,80,5,61.2,5179292.978
1.7,80,5,61.3,6591827.426
1.7,80,5,61.4,6120982.61
1.7,80,5,61.5,3766758.529
1.7,80,5,61.6,5650137.794
1.7,80,5,61.7,5179292.978
1.7,80,5,61.8,4708448.162
1.7,80,5,61.9,3295913.713
1.7,80,5,62,4708448.162
1.7,80,5,62.1,6120982.61
1.7,80,5,62.2,4237603.346
1.7,80,5,62.3,2825068.897
1.7,80,5,62.4,3766758.529
1.7,80,5,62.5,4237603.346
1.7,80,5,62.6,3766758.529
1.7,80,5,62.7,4237603.346
1.7,80,5,62.8,2825068.897
1.7,80,5,62.9,4708448.162
1.7,80,5,63,4237603.346
1.7,80,5,63.1,6591827.426
1.7,80,5,63.2,4237603.346
1.7,80,5,63.3,5179292.978
1.7,80,5,63.4,6120982.61
1.7,80,5,63.5,3766758.529
1.7,80,5,63.6,5650137.794
1.7,80,5,63.7,5179292.978
1.7,80,5,63.8,5650137.794
1.7,80,5,63.9,3766758.529
1.7,80,5,64,4237603.346
1.7,80,5,64.1,7062672.243
1.7,80,5,64.2,3766758.529
1.7,80,5,64.3,3295913.713
1.7,80,5,64.4,3295913.713
1.7,80,5,64.5,3295913.713
1.7,80,5,64.6,4708448.162
1.7,80,5,64.7,2825068.897
1.7,80,5,64.8,6591827.426
1.7,80,5,64.9,4708448.162
1.7,80,5,65,1883379.265
1.7,80,5,65.1,3295913.713
1.7,80,5,65.2,5650137.794
1.7,80,5,65.3,5179292.978
1.7,80,5,65.4,2825068.897
1.7,80,5,65.5,2825068.897
1.7,80,5,65.6,2354224.081
1.7,80,5,65.7,2354224.081
1.7,80,5,65.8,3295913.713
1.7,80,5,65.9,3766758.529
1.7,80,5,66,3295913.713
1.7,80,5,66.1,2354224.081
1.7,80,5,66.2,4237603.346
1.7,80,5,66.3,2825068.897
1.7,80,5,66.4,2825068.897
1.7,80,5,66.5,1883379.265
1.7,80,5,66.6,4708448.162
1.7,80,5,66.7,4237603.346
1.7,80,5,66.8,1412534.449
1.7,80,5,66.9,2354224.081
1.7,80,5,67,2354224.081
1.7,80,5,67.1,5650137.794
1.7,80,5,67.2,3766758.529
1.7,80,5,67.3,3295913.713
1.7,80,5,67.4,4708448.162
1.7,80,5,67.5,1883379.265
1.7,80,5,67.6,4708448.162
1.7,80,5,67.7,1883379.265
1.7,80,5,67.8,4708448.162
1.7,80,5,67.9,3766758.529
1.7,80,5,68,2825068.897
1.7,80,5,68.1,1883379.265
1.7,80,5,68.2,4237603.346
1.7,80,5,68.3,5179292.978
1.7,80,5,68.4,1883379.265
1.7,80,5,68.5,1412534.449
1.7,80,5,68.6,1883379.265
1.7,80,5,68.7,2825068.897
1.7,80,5,68.8,1883379.265
1.7,80,5,68.9,2354224.081
1.7,80,5,69,2825068.897
1.7,80,5,69.1,3295913.713
1.7,80,5,69.2,2825068.897
1.7,80,5,69.3,5179292.978
1.7,80,5,69.4,2354224.081
1.7,80,5,69.5,1883379.265
1.7,80,5,69.6,2825068.897
1.7,80,5,69.7,470844.8162
1.7,80,5,69.8,3766758.529
1.7,80,5,69.9,941689.6323
1.7,80,5,70,470844.8162
1.7,80,5,70.1,2354224.081
1.7,80,5,70.2,2825068.897
1.7,80,5,70.3,2825068.897
1.7,80,5,70.4,3295913.713
1.7,80,5,70.5,1883379.265
1.7,80,5,70.6,1412534.449
1.7,80,5,70.7,2354224.081
1.7,80,5,70.8,1883379.265
1.7,80,5,70.9,1883379.265
1.7,80,5,71,2825068.897
1.7,80,5,71.1,470844.8162
1.7,80,5,71.2,2825068.897
1.7,80,5,71.3,470844.8162
1.7,80,5,71.4,4237603.346
1.7,80,5,71.5,3766758.529
1.7,80,5,71.6,2354224.081
1.7,80,5,71.7,470844.8162
1.7,80,5,71.8,1883379.265
1.7,80,5,71.9,3295913.713
1.7,80,5,72.1,2354224.081
1.7,80,5,72.2,1412534.449
1.7,80,5,72.3,2354224.081
1.7,80,5,72.4,470844.8162
1.7,80,5,72.5,1883379.265
1.7,80,5,72.6,1883379.265
1.7,80,5,72.7,2825068.897
1.7,80,5,72.8,2825068.897
1.7,80,5,72.9,2354224.081
1.7,80,5,73,1412534.449
1.7,80,5,73.1,2354224.081
1.7,80,5,73.2,1412534.449
1.7,80,5,73.3,1883379.265
1.7,80,5,73.4,1412534.449
1.7,80,5,73.5,2825068.897
1.7,80,5,73.6,941689.6323
1.7,80,5,73.7,470844.8162
1.7,80,5,73.8,1412534.449
1.7,80,5,73.9,470844.8162
1.7,80,5,74,2825068.897
1.7,80,5,74.1,470844.8162
1.7,80,5,74.2,470844.8162
1.7,80,5,74.3,1412534.449
1.7,80,5,74.4,1883379.265
1.7,80,5,74.5,470844.8162
1.7,80,5,74.6,1412534.449
1.7,80,5,74.7,1412534.449
1.7,80,5,74.8,470844.8162
1.7,80,5,74.9,1412534.449
1.7,80,5,75,2354224.081
1.7,80,5,75.2,941689.6323
1.7,80,5,75.3,1412534.449
1.7,80,5,75.4,2825068.897
1.7,80,5,75.5,1883379.265
1.7,80,5,75.8,470844.8162
1.7,80,5,75.9,1883379.265
1.7,80,5,76,470844.8162
1.7,80,5,76.1,1883379.265
1.7,80,5,76.2,1412534.449
1.7,80,5,76.3,1412534.449
1.7,80,5,76.4,470844.8162
1.7,80,5,76.5,941689.6323
1.7,80,5,76.6,1412534.449
1.7,80,5,76.7,1412534.449
1.7,80,5,76.8,470844.8162
1.7,80,5,76.9,1883379.265
1.7,80,5,77.1,1883379.265
1.7,80,5,77.2,470844.8162
1.7,80,5,77.3,1883379.265
1.7,80,5,77.4,941689.6323
1.7,80,5,77.5,470844.8162
1.7,80,5,77.6,1412534.449
1.7,80,5,77.7,1883379.265
1.7,80,5,77.8,470844.8162
1.7,80,5,77.9,470844.8162
1.7,80,5,78,1412534.449
1.7,80,5,78.3,1883379.265
1.7,80,5,78.4,470844.8162
1.7,80,5,78.5,1412534.449
1.7,80,5,78.6,470844.8162
1.7,80,5,78.7,941689.6323
1.7,80,5,78.8,941689.6323
1.7,80,5,78.9,470844.8162
1.7,80,5,79.1,470844.8162
1.7,80,5,79.3,470844.8162
1.7,80,5,79.7,941689.6323
1.7,150,5,3.7,680109.1789
1.7,150,5,3.8,2040327.537
1.7,150,5,3.9,4760764.252
1.7,150,5,4,3400545.895
1.7,150,5,4.1,680109.1789
1.7,150,5,4.2,680109.1789
1.7,150,5,4.3,3400545.895
1.7,150,5,4.4,2720436.716
1.7,150,5,4.5,5440873.431
1.7,150,5,4.6,8161310.147
1.7,150,5,4.7,9521528.505
1.7,150,5,4.8,5440873.431
1.7,150,5,4.9,8161310.147
1.7,150,5,5,8161310.147
1.7,150,5,5.1,10881746.86
1.7,150,5,5.2,13602183.58
1.7,150,5,5.3,10881746.86
1.7,150,5,5.4,11561856.04
1.7,150,5,5.5,9521528.505
1.7,150,5,5.6,17682838.65
1.7,150,5,5.7,17002729.47
1.7,150,5,5.8,27204367.16
1.7,150,5,5.9,25164039.62
1.7,150,5,6,26524257.98
1.7,150,5,6.1,21083384.55
1.7,150,5,6.2,40126441.56
1.7,150,5,6.3,26524257.98
1.7,150,5,6.4,29244694.69
1.7,150,5,6.5,34685568.12
1.7,150,5,6.6,34005458.95
1.7,150,5,6.7,33325349.77
1.7,150,5,6.8,36045786.48
1.7,150,5,6.9,34005458.95
1.7,150,5,7,34685568.12
1.7,150,5,7.1,41486659.91
1.7,150,5,7.2,47607642.52
1.7,150,5,7.3,46927533.35
1.7,150,5,7.4,203352644.5
1.7,150,5,7.5,44887205.81
1.7,150,5,7.6,54408734.31
1.7,150,5,7.7,52368406.78
1.7,150,5,7.8,49647970.06
1.7,150,5,7.9,54408734.31
1.7,150,5,8,46927533.35
1.7,150,5,8.1,59849607.74
1.7,150,5,8.2,60529716.92
1.7,150,5,8.3,421667690.9
1.7,150,5,8.4,3225077726
1.7,150,5,8.5,57129171.03
1.7,150,5,8.6,53048515.96
1.7,150,5,8.7,53048515.96
1.7,150,5,8.8,105416922.7
1.7,150,5,8.9,67330808.71
1.7,150,5,9,68010917.89
1.7,150,5,9.1,59169498.57
1.7,150,5,9.2,53048515.96
1.7,150,5,9.3,58489389.39
1.7,150,5,9.4,61209826.1
1.7,150,5,9.5,214914500.5
1.7,150,5,9.6,121059433.8
1.7,150,5,9.7,1946472470
1.7,150,5,9.8,274764108.3
1.7,150,5,9.9,163906312.1
1.7,150,5,10,856257456.3
1.7,150,5,10.1,67330808.71
1.7,150,5,10.2,84333538.19
1.7,150,5,10.3,55088843.49
1.7,150,5,10.4,42846878.27
1.7,150,5,10.5,46247424.17
1.7,150,5,10.6,34685568.12
1.7,150,5,10.7,42166769.09
1.7,150,5,10.8,36725895.66
1.7,150,5,10.9,44887205.81
1.7,150,5,11,57809280.21
1.7,150,5,11.1,45567314.99
1.7,150,5,11.2,31965131.41
1.7,150,5,11.3,337334152.7
1.7,150,5,11.4,43526987.45
1.7,150,5,11.5,34685568.12
1.7,150,5,11.6,78212555.58
1.7,150,5,11.7,62570044.46
1.7,150,5,11.8,30604913.05
1.7,150,5,11.9,38086114.02
1.7,150,5,12,52368406.78
1.7,150,5,12.1,38086114.02
1.7,150,5,12.2,36725895.66
1.7,150,5,12.3,34685568.12
1.7,150,5,12.4,31965131.41
1.7,150,5,12.5,38766223.2
1.7,150,5,12.6,34685568.12
1.7,150,5,12.7,32645240.59
1.7,150,5,12.8,34685568.12
1.7,150,5,12.9,36045786.48
1.7,150,5,13,47607642.52
1.7,150,5,13.1,34685568.12
1.7,150,5,13.2,35365677.3
1.7,150,5,13.3,34005458.95
1.7,150,5,13.4,34685568.12
1.7,150,5,13.5,41486659.91
1.7,150,5,13.6,34005458.95
1.7,150,5,13.7,31285022.23
1.7,150,5,13.8,37406004.84
1.7,150,5,13.9,32645240.59
1.7,150,5,14,28564585.51
1.7,150,5,14.1,36725895.66
1.7,150,5,14.2,28564585.51
1.7,150,5,14.3,38766223.2
1.7,150,5,14.4,29924803.87
1.7,150,5,14.5,35365677.3
1.7,150,5,14.6,38086114.02
1.7,150,5,14.7,40126441.56
1.7,150,5,14.8,51008188.42
1.7,150,5,14.9,43526987.45
1.7,150,5,15,36725895.66
1.7,150,5,15.1,36725895.66
1.7,150,5,15.2,42846878.27
1.7,150,5,15.3,44887205.81
1.7,150,5,15.4,42846878.27
1.7,150,5,15.5,53728625.13
1.7,150,5,15.6,42166769.09
1.7,150,5,15.7,38086114.02
1.7,150,5,15.8,39446332.38
1.7,150,5,15.9,38086114.02
1.7,150,5,16,32645240.59
1.7,150,5,16.1,47607642.52
1.7,150,5,16.2,44887205.81
1.7,150,5,16.3,30604913.05
1.7,150,5,16.4,40806550.74
1.7,150,5,16.5,37406004.84
1.7,150,5,16.6,31285022.23
1.7,150,5,16.7,48967860.88
1.7,150,5,16.8,48287751.7
1.7,150,5,16.9,40806550.74
1.7,150,5,17,36725895.66
1.7,150,5,17.1,44207096.63
1.7,150,5,17.2,35365677.3
1.7,150,5,17.3,38766223.2
1.7,150,5,17.4,46247424.17
1.7,150,5,17.5,38086114.02
1.7,150,5,17.6,41486659.91
1.7,150,5,17.7,30604913.05
1.7,150,5,17.8,40126441.56
1.7,150,5,17.9,34685568.12
1.7,150,5,18,49647970.06
1.7,150,5,18.1,42846878.27
1.7,150,5,18.2,40806550.74
1.7,150,5,18.3,42846878.27
1.7,150,5,18.4,42846878.27
1.7,150,5,18.5,44207096.63
1.7,150,5,18.6,42846878.27
1.7,150,5,18.7,42846878.27
1.7,150,5,18.8,43526987.45
1.7,150,5,18.9,47607642.52
1.7,150,5,19,40126441.56
1.7,150,5,19.1,37406004.84
1.7,150,5,19.2,36725895.66
1.7,150,5,19.3,38766223.2
1.7,150,5,19.4,43526987.45
1.7,150,5,19.5,40806550.74
1.7,150,5,19.6,42846878.27
1.7,150,5,19.7,44207096.63
1.7,150,5,19.8,43526987.45
1.7,150,5,19.9,37406004.84
1.7,150,5,20,40126441.56
1.7,150,5,20.1,42166769.09
1.7,150,5,20.2,34005458.95
1.7,150,5,20.3,35365677.3
1.7,150,5,20.4,35365677.3
1.7,150,5,20.5,40806550.74
1.7,150,5,20.6,42166769.09
1.7,150,5,20.7,36725895.66
1.7,150,5,20.8,40806550.74
1.7,150,5,20.9,35365677.3
1.7,150,5,21,46927533.35
1.7,150,5,21.1,50328079.24
1.7,150,5,21.2,42166769.09
1.7,150,5,21.3,34005458.95
1.7,150,5,21.4,41486659.91
1.7,150,5,21.5,37406004.84
1.7,150,5,21.6,35365677.3
1.7,150,5,21.7,47607642.52
1.7,150,5,21.8,40126441.56
1.7,150,5,21.9,41486659.91
1.7,150,5,22,28564585.51
1.7,150,5,22.1,41486659.91
1.7,150,5,22.2,34005458.95
1.7,150,5,22.3,44207096.63
1.7,150,5,22.4,43526987.45
1.7,150,5,22.5,44887205.81
1.7,150,5,22.6,41486659.91
1.7,150,5,22.7,41486659.91
1.7,150,5,22.8,42166769.09
1.7,150,5,22.9,34005458.95
1.7,150,5,23,32645240.59
1.7,150,5,23.1,28564585.51
1.7,150,5,23.2,30604913.05
1.7,150,5,23.3,38766223.2
1.7,150,5,23.4,35365677.3
1.7,150,5,23.5,40806550.74
1.7,150,5,23.6,39446332.38
1.7,150,5,23.7,29244694.69
1.7,150,5,23.8,33325349.77
1.7,150,5,23.9,32645240.59
1.7,150,5,24,43526987.45
1.7,150,5,24.1,31285022.23
1.7,150,5,24.2,35365677.3
1.7,150,5,24.3,49647970.06
1.7,150,5,24.4,36045786.48
1.7,150,5,24.5,34685568.12
1.7,150,5,24.6,39446332.38
1.7,150,5,24.7,29924803.87
1.7,150,5,24.8,33325349.77
1.7,150,5,24.9,34005458.95
1.7,150,5,25,39446332.38
1.7,150,5,25.1,34685568.12
1.7,150,5,25.2,32645240.59
1.7,150,5,25.3,31965131.41
1.7,150,5,25.4,34685568.12
1.7,150,5,25.5,33325349.77
1.7,150,5,25.6,28564585.51
1.7,150,5,25.7,31285022.23
1.7,150,5,25.8,37406004.84
1.7,150,5,25.9,29924803.87
1.7,150,5,26,27204367.16
1.7,150,5,26.1,27884476.34
1.7,150,5,26.2,42846878.27
1.7,150,5,26.3,33325349.77
1.7,150,5,26.4,27884476.34
1.7,150,5,26.5,34685568.12
1.7,150,5,26.6,36725895.66
1.7,150,5,26.7,34685568.12
1.7,150,5,26.8,29924803.87
1.7,150,5,26.9,38086114.02
1.7,150,5,27,33325349.77
1.7,150,5,27.1,39446332.38
1.7,150,5,27.2,29244694.69
1.7,150,5,27.3,33325349.77
1.7,150,5,27.4,35365677.3
1.7,150,5,27.5,35365677.3
1.7,150,5,27.6,35365677.3
1.7,150,5,27.7,34005458.95
1.7,150,5,27.8,36045786.48
1.7,150,5,27.9,33325349.77
1.7,150,5,28,19723166.19
1.7,150,5,28.1,33325349.77
1.7,150,5,28.2,32645240.59
1.7,150,5,28.3,30604913.05
1.7,150,5,28.4,33325349.77
1.7,150,5,28.5,36045786.48
1.7,150,5,28.6,32645240.59
1.7,150,5,28.7,34005458.95
1.7,150,5,28.8,34005458.95
1.7,150,5,28.9,21763493.73
1.7,150,5,29,29244694.69
1.7,150,5,29.1,29244694.69
1.7,150,5,29.2,27884476.34
1.7,150,5,29.3,28564585.51
1.7,150,5,29.4,32645240.59
1.7,150,5,29.5,25844148.8
1.7,150,5,29.6,32645240.59
1.7,150,5,29.7,35365677.3
1.7,150,5,29.8,26524257.98
1.7,150,5,29.9,27884476.34
1.7,150,5,30,28564585.51
1.7,150,5,30.1,31285022.23
1.7,150,5,30.2,28564585.51
1.7,150,5,30.3,27204367.16
1.7,150,5,30.4,27204367.16
1.7,150,5,30.5,36045786.48
1.7,150,5,30.6,38766223.2
1.7,150,5,30.7,26524257.98
1.7,150,5,30.8,30604913.05
1.7,150,5,30.9,31965131.41
1.7,150,5,31,44207096.63
1.7,150,5,31.1,29924803.87
1.7,150,5,31.2,29924803.87
1.7,150,5,31.3,26524257.98
1.7,150,5,31.4,25164039.62
1.7,150,5,31.5,24483930.44
1.7,150,5,31.6,29244694.69
1.7,150,5,31.7,38086114.02
1.7,150,5,31.8,21083384.55
1.7,150,5,31.9,31965131.41
1.7,150,5,32,24483930.44
1.7,150,5,32.1,28564585.51
1.7,150,5,32.2,29244694.69
1.7,150,5,32.3,23803821.26
1.7,150,5,32.4,30604913.05
1.7,150,5,32.5,28564585.51
1.7,150,5,32.6,19043057.01
1.7,150,5,32.7,22443602.9
1.7,150,5,32.8,29244694.69
1.7,150,5,32.9,22443602.9
1.7,150,5,33,27884476.34
1.7,150,5,33.1,29244694.69
1.7,150,5,33.2,25844148.8
1.7,150,5,33.3,24483930.44
1.7,150,5,33.4,19723166.19
1.7,150,5,33.5,27204367.16
1.7,150,5,33.6,35365677.3
1.7,150,5,33.7,33325349.77
1.7,150,5,33.8,26524257.98
1.7,150,5,33.9,19043057.01
1.7,150,5,34,31965131.41
1.7,150,5,34.1,29244694.69
1.7,150,5,34.2,22443602.9
1.7,150,5,34.3,27884476.34
1.7,150,5,34.4,29244694.69
1.7,150,5,34.5,34005458.95
1.7,150,5,34.6,29244694.69
1.7,150,5,34.7,23123712.08
1.7,150,5,34.8,21763493.73
1.7,150,5,34.9,29244694.69
1.7,150,5,35,19043057.01
1.7,150,5,35.1,25164039.62
1.7,150,5,35.2,33325349.77
1.7,150,5,35.3,31285022.23
1.7,150,5,35.4,25844148.8
1.7,150,5,35.5,25164039.62
1.7,150,5,35.6,27884476.34
1.7,150,5,35.7,17002729.47
1.7,150,5,35.8,27204367.16
1.7,150,5,35.9,21083384.55
1.7,150,5,36,23803821.26
1.7,150,5,36.1,30604913.05
1.7,150,5,36.2,25164039.62
1.7,150,5,36.3,24483930.44
1.7,150,5,36.4,22443602.9
1.7,150,5,36.5,23803821.26
1.7,150,5,36.6,23803821.26
1.7,150,5,36.7,19723166.19
1.7,150,5,36.8,23123712.08
1.7,150,5,36.9,31285022.23
1.7,150,5,37,21083384.55
1.7,150,5,37.1,21763493.73
1.7,150,5,37.2,34005458.95
1.7,150,5,37.3,19723166.19
1.7,150,5,37.4,18362947.83
1.7,150,5,37.5,27204367.16
1.7,150,5,37.6,27204367.16
1.7,150,5,37.7,21763493.73
1.7,150,5,37.8,27884476.34
1.7,150,5,37.9,25164039.62
1.7,150,5,38,32645240.59
1.7,150,5,38.1,19723166.19
1.7,150,5,38.2,20403275.37
1.7,150,5,38.3,20403275.37
1.7,150,5,38.4,23123712.08
1.7,150,5,38.5,14282292.76
1.7,150,5,38.6,21083384.55
1.7,150,5,38.7,23803821.26
1.7,150,5,38.8,23123712.08
1.7,150,5,38.9,22443602.9
1.7,150,5,39,21763493.73
1.7,150,5,39.1,18362947.83
1.7,150,5,39.2,21763493.73
1.7,150,5,39.3,13602183.58
1.7,150,5,39.4,24483930.44
1.7,150,5,39.5,12241965.22
1.7,150,5,39.6,24483930.44
1.7,150,5,39.7,21763493.73
1.7,150,5,39.8,18362947.83
1.7,150,5,39.9,17002729.47
1.7,150,5,40,24483930.44
1.7,150,5,40.1,17002729.47
1.7,150,5,40.2,17682838.65
1.7,150,5,40.3,20403275.37
1.7,150,5,40.4,34005458.95
1.7,150,5,40.5,29244694.69
1.7,150,5,40.6,19043057.01
1.7,150,5,40.7,24483930.44
1.7,150,5,40.8,16322620.29
1.7,150,5,40.9,24483930.44
1.7,150,5,41,27204367.16
1.7,150,5,41.1,19723166.19
1.7,150,5,41.2,27204367.16
1.7,150,5,41.3,24483930.44
1.7,150,5,41.4,23803821.26
1.7,150,5,41.5,19043057.01
1.7,150,5,41.6,19723166.19
1.7,150,5,41.7,21763493.73
1.7,150,5,41.8,18362947.83
1.7,150,5,41.9,22443602.9
1.7,150,5,42,17002729.47
1.7,150,5,42.1,19043057.01
1.7,150,5,42.2,23803821.26
1.7,150,5,42.3,19043057.01
1.7,150,5,42.4,22443602.9
1.7,150,5,42.5,19043057.01
1.7,150,5,42.6,12922074.4
1.7,150,5,42.7,17002729.47
1.7,150,5,42.8,17682838.65
1.7,150,5,42.9,20403275.37
1.7,150,5,43,21083384.55
1.7,150,5,43.1,24483930.44
1.7,150,5,43.2,19043057.01
1.7,150,5,43.3,27204367.16
1.7,150,5,43.4,20403275.37
1.7,150,5,43.5,20403275.37
1.7,150,5,43.6,21083384.55
1.7,150,5,43.7,22443602.9
1.7,150,5,43.8,17002729.47
1.7,150,5,43.9,15642511.12
1.7,150,5,44,12241965.22
1.7,150,5,44.1,23803821.26
1.7,150,5,44.2,19723166.19
1.7,150,5,44.3,21083384.55
1.7,150,5,44.4,21083384.55
1.7,150,5,44.5,18362947.83
1.7,150,5,44.6,13602183.58
1.7,150,5,44.7,19043057.01
1.7,150,5,44.8,17002729.47
1.7,150,5,44.9,14962401.94
1.7,150,5,45,21083384.55
1.7,150,5,45.1,14282292.76
1.7,150,5,45.2,17682838.65
1.7,150,5,45.3,12241965.22
1.7,150,5,45.4,20403275.37
1.7,150,5,45.5,14282292.76
1.7,150,5,45.6,14282292.76
1.7,150,5,45.7,18362947.83
1.7,150,5,45.8,19043057.01
1.7,150,5,45.9,18362947.83
1.7,150,5,46,10881746.86
1.7,150,5,46.1,17682838.65
1.7,150,5,46.2,14962401.94
1.7,150,5,46.3,18362947.83
1.7,150,5,46.4,17682838.65
1.7,150,5,46.5,21763493.73
1.7,150,5,46.6,14962401.94
1.7,150,5,46.7,14282292.76
1.7,150,5,46.8,21083384.55
1.7,150,5,46.9,19043057.01
1.7,150,5,47,17682838.65
1.7,150,5,47.1,12241965.22
1.7,150,5,47.2,12922074.4
1.7,150,5,47.3,17002729.47
1.7,150,5,47.4,17682838.65
1.7,150,5,47.5,15642511.12
1.7,150,5,47.6,12241965.22
1.7,150,5,47.7,14282292.76
1.7,150,5,47.8,14282292.76
1.7,150,5,47.9,19723166.19
1.7,150,5,48,14282292.76
1.7,150,5,48.1,14282292.76
1.7,150,5,48.2,12241965.22
1.7,150,5,48.3,15642511.12
1.7,150,5,48.4,18362947.83
1.7,150,5,48.5,15642511.12
1.7,150,5,48.6,19043057.01
1.7,150,5,48.7,11561856.04
1.7,150,5,48.8,17002729.47
1.7,150,5,48.9,15642511.12
1.7,150,5,49,14962401.94
1.7,150,5,49.1,17002729.47
1.7,150,5,49.2,20403275.37
1.7,150,5,49.3,17682838.65
1.7,150,5,49.4,14962401.94
1.7,150,5,49.5,19043057.01
1.7,150,5,49.6,15642511.12
1.7,150,5,49.7,14282292.76
1.7,150,5,49.8,13602183.58
1.7,150,5,49.9,12922074.4
1.7,150,5,50,7481200.968
1.7,150,5,50.1,12241965.22
1.7,150,5,50.2,21763493.73
1.7,150,5,50.3,14282292.76
1.7,150,5,50.4,13602183.58
1.7,150,5,50.5,14962401.94
1.7,150,5,50.6,11561856.04
1.7,150,5,50.7,15642511.12
1.7,150,5,50.8,12922074.4
1.7,150,5,50.9,20403275.37
1.7,150,5,51,13602183.58
1.7,150,5,51.1,15642511.12
1.7,150,5,51.2,25164039.62
1.7,150,5,51.3,21083384.55
1.7,150,5,51.4,12922074.4
1.7,150,5,51.5,14962401.94
1.7,150,5,51.6,12922074.4
1.7,150,5,51.7,19043057.01
1.7,150,5,51.8,16322620.29
1.7,150,5,51.9,13602183.58
1.7,150,5,52,17682838.65
1.7,150,5,52.1,11561856.04
1.7,150,5,52.2,11561856.04
1.7,150,5,52.3,19723166.19
1.7,150,5,52.4,15642511.12
1.7,150,5,52.5,15642511.12
1.7,150,5,52.6,9521528.505
1.7,150,5,52.7,14962401.94
1.7,150,5,52.8,17002729.47
1.7,150,5,52.9,14282292.76
1.7,150,5,53,13602183.58
1.7,150,5,53.1,14962401.94
1.7,150,5,53.2,12241965.22
1.7,150,5,53.3,23803821.26
1.7,150,5,53.4,19723166.19
1.7,150,5,53.5,14962401.94
1.7,150,5,53.6,13602183.58
1.7,150,5,53.7,13602183.58
1.7,150,5,53.8,19723166.19
1.7,150,5,53.9,17002729.47
1.7,150,5,54,19043057.01
1.7,150,5,54.1,11561856.04
1.7,150,5,54.2,19043057.01
1.7,150,5,54.3,15642511.12
1.7,150,5,54.4,12922074.4
1.7,150,5,54.5,16322620.29
1.7,150,5,54.6,19723166.19
1.7,150,5,54.7,12241965.22
1.7,150,5,54.8,9521528.505
1.7,150,5,54.9,9521528.505
1.7,150,5,55,14282292.76
1.7,150,5,55.1,17682838.65
1.7,150,5,55.2,14962401.94
1.7,150,5,55.3,11561856.04
1.7,150,5,55.4,15642511.12
1.7,150,5,55.5,9521528.505
1.7,150,5,55.6,14962401.94
1.7,150,5,55.7,22443602.9
1.7,150,5,55.8,8161310.147
1.7,150,5,55.9,12922074.4
1.7,150,5,56,24483930.44
1.7,150,5,56.1,10201637.68
1.7,150,5,56.2,19043057.01
1.7,150,5,56.3,16322620.29
1.7,150,5,56.4,17682838.65
1.7,150,5,56.5,14962401.94
1.7,150,5,56.6,12922074.4
1.7,150,5,56.7,17682838.65
1.7,150,5,56.8,15642511.12
1.7,150,5,56.9,14282292.76
1.7,150,5,57,12922074.4
1.7,150,5,57.1,17002729.47
1.7,150,5,57.2,11561856.04
1.7,150,5,57.3,10881746.86
1.7,150,5,57.4,14282292.76
1.7,150,5,57.5,10881746.86
1.7,150,5,57.6,11561856.04
1.7,150,5,57.7,17682838.65
1.7,150,5,57.8,13602183.58
1.7,150,5,57.9,10881746.86
1.7,150,5,58,7481200.968
1.7,150,5,58.1,138062163.3
1.7,150,5,58.2,12241965.22
1.7,150,5,58.3,19043057.01
1.7,150,5,58.4,10881746.86
1.7,150,5,58.5,14282292.76
1.7,150,5,58.6,8161310.147
1.7,150,5,58.7,12241965.22
1.7,150,5,58.8,12241965.22
1.7,150,5,58.9,15642511.12
1.7,150,5,59,13602183.58
1.7,150,5,59.1,14282292.76
1.7,150,5,59.2,14962401.94
1.7,150,5,59.3,6801091.789
1.7,150,5,59.4,11561856.04
1.7,150,5,59.5,244839304.4
1.7,150,5,59.6,10201637.68
1.7,150,5,59.7,9521528.505
1.7,150,5,59.8,14962401.94
1.7,150,5,59.9,8161310.147
1.7,150,5,60,14962401.94
1.7,150,5,60.1,12922074.4
1.7,150,5,60.2,8841419.326
1.7,150,5,60.3,5440873.431
1.7,150,5,60.4,10881746.86
1.7,150,5,60.5,11561856.04
1.7,150,5,60.6,11561856.04
1.7,150,5,60.7,8841419.326
1.7,150,5,60.8,8161310.147
1.7,150,5,60.9,15642511.12
1.7,150,5,61,13602183.58
1.7,150,5,61.1,13602183.58
1.7,150,5,61.2,12241965.22
1.7,150,5,61.3,11561856.04
1.7,150,5,61.4,8841419.326
1.7,150,5,61.5,14282292.76
1.7,150,5,61.6,14282292.76
1.7,150,5,61.7,10201637.68
1.7,150,5,61.8,12922074.4
1.7,150,5,61.9,14282292.76
1.7,150,5,62,12922074.4
1.7,150,5,62.1,10881746.86
1.7,150,5,62.2,8161310.147
1.7,150,5,62.3,11561856.04
1.7,150,5,62.4,10881746.86
1.7,150,5,62.5,14282292.76
1.7,150,5,62.6,12241965.22
1.7,150,5,62.7,15642511.12
1.7,150,5,62.8,8841419.326
1.7,150,5,62.9,10201637.68
1.7,150,5,63,12922074.4
1.7,150,5,63.1,15642511.12
1.7,150,5,63.2,12241965.22
1.7,150,5,63.3,11561856.04
1.7,150,5,63.4,9521528.505
1.7,150,5,63.5,12922074.4
1.7,150,5,63.6,14962401.94
1.7,150,5,63.7,12241965.22
1.7,150,5,63.8,11561856.04
1.7,150,5,63.9,12922074.4
1.7,150,5,64,12922074.4
1.7,150,5,64.1,12241965.22
1.7,150,5,64.2,10881746.86
1.7,150,5,64.3,7481200.968
1.7,150,5,64.4,8841419.326
1.7,150,5,64.5,9521528.505
1.7,150,5,64.6,15642511.12
1.7,150,5,64.7,12241965.22
1.7,150,5,64.8,12922074.4
1.7,150,5,64.9,8161310.147
1.7,150,5,65,13602183.58
1.7,150,5,65.1,10881746.86
1.7,150,5,65.2,14962401.94
1.7,150,5,65.3,7481200.968
1.7,150,5,65.4,12922074.4
1.7,150,5,65.5,7481200.968
1.7,150,5,65.6,12922074.4
1.7,150,5,65.7,10881746.86
1.7,150,5,65.8,12922074.4
1.7,150,5,65.9,9521528.505
1.7,150,5,66,10201637.68
1.7,150,5,66.1,8841419.326
1.7,150,5,66.2,13602183.58
1.7,150,5,66.3,10881746.86
1.7,150,5,66.4,9521528.505
1.7,150,5,66.5,12241965.22
1.7,150,5,66.6,11561856.04
1.7,150,5,66.7,12922074.4
1.7,150,5,66.8,10881746.86
1.7,150,5,66.9,14282292.76
1.7,150,5,67,8841419.326
1.7,150,5,67.1,36725895.66
1.7,150,5,67.2,10201637.68
1.7,150,5,67.3,11561856.04
1.7,150,5,67.4,63250153.64
1.7,150,5,67.5,10201637.68
1.7,150,5,67.6,14962401.94
1.7,150,5,67.7,12241965.22
1.7,150,5,67.8,10881746.86
1.7,150,5,67.9,10881746.86
1.7,150,5,68,11561856.04
1.7,150,5,68.1,10881746.86
1.7,150,5,68.2,11561856.04
1.7,150,5,68.3,8841419.326
1.7,150,5,68.4,12922074.4
1.7,150,5,68.5,14282292.76
1.7,150,5,68.6,10881746.86
1.7,150,5,68.7,10201637.68
1.7,150,5,68.8,5440873.431
1.7,150,5,68.9,12241965.22
1.7,150,5,69,17682838.65
1.7,150,5,69.1,14282292.76
1.7,150,5,69.2,12241965.22
1.7,150,5,69.3,18362947.83
1.7,150,5,69.4,12922074.4
1.7,150,5,69.5,10201637.68
1.7,150,5,69.6,12922074.4
1.7,150,5,69.7,12241965.22
1.7,150,5,69.8,10881746.86
1.7,150,5,69.9,10881746.86
1.7,150,5,70,13602183.58
1.7,150,5,70.1,8841419.326
1.7,150,5,70.2,6801091.789
1.7,150,5,70.3,8841419.326
1.7,150,5,70.4,10201637.68
1.7,150,5,70.5,12241965.22
1.7,150,5,70.6,10881746.86
1.7,150,5,70.7,9521528.505
1.7,150,5,70.8,10201637.68
1.7,150,5,70.9,12241965.22
1.7,150,5,71,5440873.431
1.7,150,5,71.1,6120982.61
1.7,150,5,71.2,14282292.76
1.7,150,5,71.3,8841419.326
1.7,150,5,71.4,12922074.4
1.7,150,5,71.5,12241965.22
1.7,150,5,71.6,8161310.147
1.7,150,5,71.7,10881746.86
1.7,150,5,71.8,10201637.68
1.7,150,5,71.9,12241965.22
1.7,150,5,72,3400545.895
1.7,150,5,72.1,7481200.968
1.7,150,5,72.2,4080655.074
1.7,150,5,72.3,12922074.4
1.7,150,5,72.4,5440873.431
1.7,150,5,72.5,7481200.968
1.7,150,5,72.6,6801091.789
1.7,150,5,72.7,8841419.326
1.7,150,5,72.8,8161310.147
1.7,150,5,72.9,6801091.789
1.7,150,5,73,7481200.968
1.7,150,5,73.1,8161310.147
1.7,150,5,73.2,11561856.04
1.7,150,5,73.3,9521528.505
1.7,150,5,73.4,14962401.94
1.7,150,5,73.5,10881746.86
1.7,150,5,73.6,13602183.58
1.7,150,5,73.7,7481200.968
1.7,150,5,73.8,11561856.04
1.7,150,5,73.9,10201637.68
1.7,150,5,74,6120982.61
1.7,150,5,74.1,8841419.326
1.7,150,5,74.2,8841419.326
1.7,150,5,74.3,6801091.789
1.7,150,5,74.4,10201637.68
1.7,150,5,74.5,7481200.968
1.7,150,5,74.6,8161310.147
1.7,150,5,74.7,10881746.86
1.7,150,5,74.8,7481200.968
1.7,150,5,74.9,6120982.61
1.7,150,5,75,11561856.04
1.7,150,5,75.1,6120982.61
1.7,150,5,75.2,6801091.789
1.7,150,5,75.3,8161310.147
1.7,150,5,75.4,6801091.789
1.7,150,5,75.5,12241965.22
1.7,150,5,75.6,4760764.252
1.7,150,5,75.7,7481200.968
1.7,150,5,75.8,12922074.4
1.7,150,5,75.9,8841419.326
1.7,150,5,76,6801091.789
1.7,150,5,76.1,10201637.68
1.7,150,5,76.2,6801091.789
1.7,150,5,76.3,6120982.61
1.7,150,5,76.4,5440873.431
1.7,150,5,76.5,6801091.789
1.7,150,5,76.6,6801091.789
1.7,150,5,76.7,7481200.968
1.7,150,5,76.8,9521528.505
1.7,150,5,76.9,8841419.326
1.7,150,5,77,6801091.789
1.7,150,5,77.1,4080655.074
1.7,150,5,77.2,9521528.505
1.7,150,5,77.3,10881746.86
1.7,150,5,77.4,8841419.326
1.7,150,5,77.5,13602183.58
1.7,150,5,77.6,8161310.147
1.7,150,5,77.7,8841419.326
1.7,150,5,77.8,10201637.68
1.7,150,5,77.9,8841419.326
1.7,150,5,78,11561856.04
1.7,150,5,78.1,6801091.789
1.7,150,5,78.2,8841419.326
1.7,150,5,78.3,6801091.789
1.7,150,5,78.4,12241965.22
1.7,150,5,78.5,4080655.074
1.7,150,5,78.6,10201637.68
1.7,150,5,78.7,14962401.94
1.7,150,5,78.8,9521528.505
1.7,150,5,78.9,8161310.147
1.7,150,5,79,6120982.61
1.7,150,5,79.1,8161310.147
1.7,150,5,79.2,9521528.505
1.7,150,5,79.3,4080655.074
1.7,150,5,79.4,7481200.968
1.7,150,5,79.5,7481200.968
1.7,150,5,79.6,8841419.326
1.7,150,5,79.7,8161310.147
1.7,150,5,79.8,4080655.074
1.7,150,5,79.9,6801091.789
1.7,150,5,80,4080655.074
1.7,150,5,80.1,8161310.147
1.7,150,5,80.2,9521528.505
1.7,150,5,80.3,8161310.147
1.7,150,5,80.4,8841419.326
1.7,150,5,80.5,7481200.968
1.7,150,5,80.6,8161310.147
1.7,150,5,80.7,9521528.505
1.7,150,5,80.8,7481200.968
1.7,150,5,80.9,8841419.326
1.7,150,5,81,7481200.968
1.7,150,5,81.1,9521528.505
1.7,150,5,81.2,8161310.147
1.7,150,5,81.3,8161310.147
1.7,150,5,81.4,6120982.61
1.7,150,5,81.5,8841419.326
1.7,150,5,81.6,3400545.895
1.7,150,5,81.7,4080655.074
1.7,150,5,81.8,6120982.61
1.7,150,5,81.9,6120982.61
1.7,150,5,82,5440873.431
1.7,150,5,82.1,4080655.074
1.7,150,5,82.2,8841419.326
1.7,150,5,82.3,3400545.895
1.7,150,5,82.4,9521528.505
1.7,150,5,82.5,12241965.22
1.7,150,5,82.6,9521528.505
1.7,150,5,82.7,5440873.431
1.7,150,5,82.8,4760764.252
1.7,150,5,82.9,7481200.968
1.7,150,5,83,8161310.147
1.7,150,5,83.1,5440873.431
1.7,150,5,83.2,7481200.968
1.7,150,5,83.3,6120982.61
1.7,150,5,83.4,4760764.252
1.7,150,5,83.5,5440873.431
1.7,150,5,83.6,4760764.252
1.7,150,5,83.7,5440873.431
1.7,150,5,83.8,6120982.61
1.7,150,5,83.9,9521528.505
1.7,150,5,84,6801091.789
1.7,150,5,84.1,12241965.22
1.7,150,5,84.2,3400545.895
1.7,150,5,84.3,6120982.61
1.7,150,5,84.4,6801091.789
1.7,150,5,84.5,8161310.147
1.7,150,5,84.6,6801091.789
1.7,150,5,84.7,5440873.431
1.7,150,5,84.8,4760764.252
1.7,150,5,84.9,9521528.505
1.7,150,5,85,4760764.252
1.7,150,5,85.1,4080655.074
1.7,150,5,85.2,7481200.968
1.7,150,5,85.3,8841419.326
1.7,150,5,85.4,8161310.147
1.7,150,5,85.5,8841419.326
1.7,150,5,85.6,6120982.61
1.7,150,5,85.7,8161310.147
1.7,150,5,85.8,9521528.505
1.7,150,5,85.9,5440873.431
1.7,150,5,86,5440873.431
1.7,150,5,86.1,6801091.789
1.7,150,5,86.2,4760764.252
1.7,150,5,86.3,6120982.61
1.7,150,5,86.4,4760764.252
1.7,150,5,86.5,8161310.147
1.7,150,5,86.6,7481200.968
1.7,150,5,86.7,8161310.147
1.7,150,5,86.8,7481200.968
1.7,150,5,86.9,7481200.968
1.7,150,5,87,6120982.61
1.7,150,5,87.1,2720436.716
1.7,150,5,87.2,7481200.968
1.7,150,5,87.3,4080655.074
1.7,150,5,87.4,5440873.431
1.7,150,5,87.5,8161310.147
1.7,150,5,87.6,8161310.147
1.7,150,5,87.7,4760764.252
1.7,150,5,87.8,6120982.61
1.7,150,5,87.9,5440873.431
1.7,150,5,88,7481200.968
1.7,150,5,88.1,4080655.074
1.7,150,5,88.2,4760764.252
1.7,150,5,88.3,8161310.147
1.7,150,5,88.4,5440873.431
1.7,150,5,88.5,6801091.789
1.7,150,5,88.6,4760764.252
1.7,150,5,88.7,8841419.326
1.7,150,5,88.8,7481200.968
1.7,150,5,88.9,7481200.968
1.7,150,5,89,6120982.61
1.7,150,5,89.1,5440873.431
1.7,150,5,89.2,5440873.431
1.7,150,5,89.3,3400545.895
1.7,150,5,89.4,7481200.968
1.7,150,5,89.5,2720436.716
1.7,150,5,89.6,6120982.61
1.7,150,5,89.7,4760764.252
1.7,150,5,89.8,4760764.252
1.7,150,5,89.9,6801091.789
1.7,150,5,90,5440873.431
1.7,150,5,90.1,4760764.252
1.7,150,5,90.2,3400545.895
1.7,150,5,90.3,6120982.61
1.7,150,5,90.4,5440873.431
1.7,150,5,90.5,4080655.074
1.7,150,5,90.6,9521528.505
1.7,150,5,90.7,5440873.431
1.7,150,5,90.8,4760764.252
1.7,150,5,90.9,8841419.326
1.7,150,5,91,1360218.358
1.7,150,5,91.1,7481200.968
1.7,150,5,91.2,5440873.431
1.7,150,5,91.3,5440873.431
1.7,150,5,91.4,6120982.61
1.7,150,5,91.5,4760764.252
1.7,150,5,91.6,6120982.61
1.7,150,5,91.7,5440873.431
1.7,150,5,91.8,6120982.61
1.7,150,5,91.9,5440873.431
1.7,150,5,92,8161310.147
1.7,150,5,92.1,6120982.61
1.7,150,5,92.2,6801091.789
1.7,150,5,92.3,6120982.61
1.7,150,5,92.4,6120982.61
1.7,150,5,92.5,2720436.716
1.7,150,5,92.6,5440873.431
1.7,150,5,92.7,8161310.147
1.7,150,5,92.8,6120982.61
1.7,150,5,92.9,6120982.61
1.7,150,5,93,6801091.789
1.7,150,5,93.1,4760764.252
1.7,150,5,93.2,4760764.252
1.7,150,5,93.3,4760764.252
1.7,150,5,93.4,3400545.895
1.7,150,5,93.5,4760764.252
1.7,150,5,93.6,6120982.61
1.7,150,5,93.7,5440873.431
1.7,150,5,93.8,6120982.61
1.7,150,5,93.9,8161310.147
1.7,150,5,94,5440873.431
1.7,150,5,94.1,4760764.252
1.7,150,5,94.2,4760764.252
1.7,150,5,94.3,4760764.252
1.7,150,5,94.4,2040327.537
1.7,150,5,94.5,8841419.326
1.7,150,5,94.6,4760764.252
1.7,150,5,94.7,6120982.61
1.7,150,5,94.8,4760764.252
1.7,150,5,94.9,7481200.968
1.7,150,5,95,10201637.68
1.7,150,5,95.1,5440873.431
1.7,150,5,95.2,3400545.895
1.7,150,5,95.3,10881746.86
1.7,150,5,95.4,4080655.074
1.7,150,5,95.5,5440873.431
1.7,150,5,95.6,6801091.789
1.7,150,5,95.7,5440873.431
1.7,150,5,95.8,6120982.61
1.7,150,5,95.9,5440873.431
1.7,150,5,96,2720436.716
1.7,150,5,96.1,6801091.789
1.7,150,5,96.2,6120982.61
1.7,150,5,96.3,4760764.252
1.7,150,5,96.4,4760764.252
1.7,150,5,96.5,5440873.431
1.7,150,5,96.6,7481200.968
1.7,150,5,96.7,4760764.252
1.7,150,5,96.8,6801091.789
1.7,150,5,96.9,10201637.68
1.7,150,5,97,7481200.968
1.7,150,5,97.1,4760764.252
1.7,150,5,97.2,2720436.716
1.7,150,5,97.3,2720436.716
1.7,150,5,97.4,6801091.789
1.7,150,5,97.5,9521528.505
1.7,150,5,97.6,5440873.431
1.7,150,5,97.7,5440873.431
1.7,150,5,97.8,6120982.61
1.7,150,5,97.9,5440873.431
1.7,150,5,98,3400545.895
1.7,150,5,98.1,4080655.074
1.7,150,5,98.2,4080655.074
1.7,150,5,98.3,4080655.074
1.7,150,5,98.4,5440873.431
1.7,150,5,98.5,3400545.895
1.7,150,5,98.6,8841419.326
1.7,150,5,98.7,3400545.895
1.7,150,5,98.8,2720436.716
1.7,150,5,98.9,4760764.252
1.7,150,5,99,7481200.968
1.7,150,5,99.1,4760764.252
1.7,150,5,99.2,8161310.147
1.7,150,5,99.3,5440873.431
1.7,150,5,99.4,5440873.431
1.7,150,5,99.5,5440873.431
1.7,150,5,99.6,2040327.537
1.7,150,5,99.7,5440873.431
1.7,150,5,99.8,7481200.968
1.7,150,5,99.9,4760764.252
1.7,150,5,100,4080655.074
1.7,150,5,100.1,7481200.968
1.7,150,5,100.2,680109.1789
1.7,150,5,100.3,6801091.789
1.7,150,5,100.4,10201637.68
1.7,150,5,100.5,7481200.968
1.7,150,5,100.6,6120982.61
1.7,150,5,100.7,6801091.789
1.7,150,5,100.8,4080655.074
1.7,150,5,100.9,4080655.074
1.7,150,5,101,7481200.968
1.7,150,5,101.1,8841419.326
1.7,150,5,101.2,3400545.895
1.7,150,5,101.3,8161310.147
1.7,150,5,101.4,4080655.074
1.7,150,5,101.5,5440873.431
1.7,150,5,101.6,3400545.895
1.7,150,5,101.7,4080655.074
1.7,150,5,101.8,1360218.358
1.7,150,5,101.9,8841419.326
1.7,150,5,102,4760764.252
1.7,150,5,102.1,5440873.431
1.7,150,5,102.2,3400545.895
1.7,150,5,102.3,4760764.252
1.7,150,5,102.4,6120982.61
1.7,150,5,102.5,7481200.968
1.7,150,5,102.6,4080655.074
1.7,150,5,102.7,4080655.074
1.7,150,5,102.8,5440873.431
1.7,150,5,102.9,2720436.716
1.7,150,5,103,2040327.537
1.7,150,5,103.1,6801091.789
1.7,150,5,103.2,5440873.431
1.7,150,5,103.3,4080655.074
1.7,150,5,103.4,4760764.252
1.7,150,5,103.5,6120982.61
1.7,150,5,103.6,4080655.074
1.7,150,5,103.7,3400545.895
1.7,150,5,103.8,3400545.895
1.7,150,5,103.9,4080655.074
1.7,150,5,104,3400545.895
1.7,150,5,104.1,6120982.61
1.7,150,5,104.2,5440873.431
1.7,150,5,104.3,4760764.252
1.7,150,5,104.4,2720436.716
1.7,150,5,104.5,4760764.252
1.7,150,5,104.6,7481200.968
1.7,150,5,104.7,5440873.431
1.7,150,5,104.8,2040327.537
1.7,150,5,104.9,6120982.61
1.7,150,5,105,4080655.074
1.7,150,5,105.1,3400545.895
1.7,150,5,105.2,4760764.252
1.7,150,5,105.3,2720436.716
1.7,150,5,105.4,4760764.252
1.7,150,5,105.5,2720436.716
1.7,150,5,105.6,2040327.537
1.7,150,5,105.7,2720436.716
1.7,150,5,105.8,4080655.074
1.7,150,5,105.9,5440873.431
1.7,150,5,106,4080655.074
1.7,150,5,106.1,4080655.074
1.7,150,5,106.2,5440873.431
1.7,150,5,106.3,5440873.431
1.7,150,5,106.4,2720436.716
1.7,150,5,106.5,3400545.895
1.7,150,5,106.6,4080655.074
1.7,150,5,106.7,6120982.61
1.7,150,5,106.8,4760764.252
1.7,150,5,106.9,4760764.252
1.7,150,5,107,4080655.074
1.7,150,5,107.1,2040327.537
1.7,150,5,107.2,7481200.968
1.7,150,5,107.3,5440873.431
1.7,150,5,107.4,3400545.895
1.7,150,5,107.5,3400545.895
1.7,150,5,107.6,5440873.431
1.7,150,5,107.7,3400545.895
1.7,150,5,107.8,4080655.074
1.7,150,5,107.9,5440873.431
1.7,150,5,108,2720436.716
1.7,150,5,108.1,5440873.431
1.7,150,5,108.2,2040327.537
1.7,150,5,108.3,4760764.252
1.7,150,5,108.4,2040327.537
1.7,150,5,108.5,2040327.537
1.7,150,5,108.6,1360218.358
1.7,150,5,108.7,2720436.716
1.7,150,5,108.8,3400545.895
1.7,150,5,108.9,4080655.074
1.7,150,5,109,1360218.358
1.7,150,5,109.1,5440873.431
1.7,150,5,109.2,4760764.252
1.7,150,5,109.3,6801091.789
1.7,150,5,109.4,2720436.716
1.7,150,5,109.5,5440873.431
1.7,150,5,109.6,4760764.252
1.7,150,5,109.7,3400545.895
1.7,150,5,109.8,6801091.789
1.7,150,5,109.9,5440873.431
1.7,150,5,110,4760764.252
1.7,150,5,110.1,4080655.074
1.7,150,5,110.2,3400545.895
1.7,150,5,110.3,3400545.895
1.7,150,5,110.4,6801091.789
1.7,150,5,110.5,6120982.61
1.7,150,5,110.6,4080655.074
1.7,150,5,110.7,4760764.252
1.7,150,5,110.8,2720436.716
1.7,150,5,110.9,3400545.895
1.7,150,5,111,5440873.431
1.7,150,5,111.1,8161310.147
1.7,150,5,111.2,5440873.431
1.7,150,5,111.3,5440873.431
1.7,150,5,111.4,1360218.358
1.7,150,5,111.5,6801091.789
1.7,150,5,111.6,3400545.895
1.7,150,5,111.7,6120982.61
1.7,150,5,111.8,3400545.895
1.7,150,5,111.9,4760764.252
1.7,150,5,112,6801091.789
1.7,150,5,112.1,2040327.537
1.7,150,5,112.2,3400545.895
1.7,150,5,112.3,2720436.716
1.7,150,5,112.4,6120982.61
1.7,150,5,112.5,3400545.895
1.7,150,5,112.6,4760764.252
1.7,150,5,112.7,4760764.252
1.7,150,5,112.8,3400545.895
1.7,150,5,112.9,4080655.074
1.7,150,5,113,5440873.431
1.7,150,5,113.1,4080655.074
1.7,150,5,113.2,1360218.358
1.7,150,5,113.3,2040327.537
1.7,150,5,113.4,4760764.252
1.7,150,5,113.5,3400545.895
1.7,150,5,113.6,4080655.074
1.7,150,5,113.7,3400545.895
1.7,150,5,113.8,4080655.074
1.7,150,5,113.9,3400545.895
1.7,150,5,114,3400545.895
1.7,150,5,114.1,2720436.716
1.7,150,5,114.2,4760764.252
1.7,150,5,114.3,3400545.895
1.7,150,5,114.4,5440873.431
1.7,150,5,114.5,4080655.074
1.7,150,5,114.6,3400545.895
1.7,150,5,114.7,2040327.537
1.7,150,5,114.8,2040327.537
1.7,150,5,114.9,6801091.789
1.7,150,5,115,1360218.358
1.7,150,5,115.1,1360218.358
1.7,150,5,115.2,5440873.431
1.7,150,5,115.3,1360218.358
1.7,150,5,115.4,2040327.537
1.7,150,5,115.5,4080655.074
1.7,150,5,115.6,2720436.716
1.7,150,5,115.7,2040327.537
1.7,150,5,115.8,4760764.252
1.7,150,5,115.9,3400545.895
1.7,150,5,116,6801091.789
1.7,150,5,116.1,3400545.895
1.7,150,5,116.2,4080655.074
1.7,150,5,116.3,3400545.895
1.7,150,5,116.4,6801091.789
1.7,150,5,116.5,4080655.074
1.7,150,5,116.6,4080655.074
1.7,150,5,116.7,4080655.074
1.7,150,5,116.8,2720436.716
1.7,150,5,116.9,4760764.252
1.7,150,5,117,2720436.716
1.7,150,5,117.1,5440873.431
1.7,150,5,117.2,2040327.537
1.7,150,5,117.3,4080655.074
1.7,150,5,117.4,2040327.537
1.7,150,5,117.5,4760764.252
1.7,150,5,117.6,4080655.074
1.7,150,5,117.7,680109.1789
1.7,150,5,117.8,3400545.895
1.7,150,5,117.9,5440873.431
1.7,150,5,118,2720436.716
1.7,150,5,118.1,4080655.074
1.7,150,5,118.2,3400545.895
1.7,150,5,118.3,2720436.716
1.7,150,5,118.4,2040327.537
1.7,150,5,118.5,3400545.895
1.7,150,5,118.6,4080655.074
1.7,150,5,118.7,2720436.716
1.7,150,5,118.8,2720436.716
1.7,150,5,118.9,5440873.431
1.7,150,5,119,2040327.537
1.7,150,5,119.1,2720436.716
1.7,150,5,119.2,4080655.074
1.7,150,5,119.3,2720436.716
1.7,150,5,119.4,2040327.537
1.7,150,5,119.5,4080655.074
1.7,150,5,119.6,3400545.895
1.7,150,5,119.7,3400545.895
1.7,150,5,119.8,1360218.358
1.7,150,5,119.9,3400545.895
1.7,150,5,120,7481200.968
1.7,150,5,120.1,1360218.358
1.7,150,5,120.2,2720436.716
1.7,150,5,120.3,2720436.716
1.7,150,5,120.4,2040327.537
1.7,150,5,120.5,3400545.895
1.7,150,5,120.6,4760764.252
1.7,150,5,120.7,2040327.537
1.7,150,5,120.8,2040327.537
1.7,150,5,120.9,3400545.895
1.7,150,5,121,3400545.895
1.7,150,5,121.1,2040327.537
1.7,150,5,121.2,1360218.358
1.7,150,5,121.3,2720436.716
1.7,150,5,121.4,1360218.358
1.7,150,5,121.5,2720436.716
1.7,150,5,121.6,2040327.537
1.7,150,5,121.7,7481200.968
1.7,150,5,121.8,2040327.537
1.7,150,5,121.9,2720436.716
1.7,150,5,122,4080655.074
1.7,150,5,122.1,5440873.431
1.7,150,5,122.2,3400545.895
1.7,150,5,122.3,4080655.074
1.7,150,5,122.4,2040327.537
1.7,150,5,122.5,3400545.895
1.7,150,5,122.6,2040327.537
1.7,150,5,122.7,4080655.074
1.7,150,5,122.8,4760764.252
1.7,150,5,122.9,2720436.716
1.7,150,5,123,2040327.537
1.7,150,5,123.1,2040327.537
1.7,150,5,123.2,680109.1789
1.7,150,5,123.3,1360218.358
1.7,150,5,123.4,2720436.716
1.7,150,5,123.5,5440873.431
1.7,150,5,123.6,2040327.537
1.7,150,5,123.7,2040327.537
1.7,150,5,123.8,3400545.895
1.7,150,5,123.9,680109.1789
1.7,150,5,124,2040327.537
1.7,150,5,124.1,2720436.716
1.7,150,5,124.2,1360218.358
1.7,150,5,124.3,3400545.895
1.7,150,5,124.4,3400545.895
1.7,150,5,124.5,2040327.537
1.7,150,5,124.6,3400545.895
1.7,150,5,124.7,2040327.537
1.7,150,5,124.8,680109.1789
1.7,150,5,124.9,2040327.537
1.7,150,5,125,3400545.895
1.7,150,5,125.1,2720436.716
1.7,150,5,125.2,2040327.537
1.7,150,5,125.3,2720436.716
1.7,150,5,125.4,1360218.358
1.7,150,5,125.5,5440873.431
1.7,150,5,125.6,680109.1789
1.7,150,5,125.7,3400545.895
1.7,150,5,125.8,2040327.537
1.7,150,5,125.9,2720436.716
1.7,150,5,126,4760764.252
1.7,150,5,126.1,2720436.716
1.7,150,5,126.2,2040327.537
1.7,150,5,126.3,4080655.074
1.7,150,5,126.4,3400545.895
1.7,150,5,126.5,1360218.358
1.7,150,5,126.6,2040327.537
1.7,150,5,126.7,1360218.358
1.7,150,5,126.8,1360218.358
1.7,150,5,126.9,3400545.895
1.7,150,5,127,680109.1789
1.7,150,5,127.1,1360218.358
1.7,150,5,127.2,2720436.716
1.7,150,5,127.3,2040327.537
1.7,150,5,127.4,2720436.716
1.7,150,5,127.5,680109.1789
1.7,150,5,127.6,1360218.358
1.7,150,5,127.7,1360218.358
1.7,150,5,127.8,3400545.895
1.7,150,5,127.9,2720436.716
1.7,150,5,128,2720436.716
1.7,150,5,128.1,2720436.716
1.7,150,5,128.2,3400545.895
1.7,150,5,128.3,680109.1789
1.7,150,5,128.4,2040327.537
1.7,150,5,128.5,3400545.895
1.7,150,5,128.6,2040327.537
1.7,150,5,128.7,2040327.537
1.7,150,5,128.8,2040327.537
1.7,150,5,128.9,1360218.358
1.7,150,5,129,2720436.716
1.7,150,5,129.1,2720436.716
1.7,150,5,129.2,2720436.716
1.7,150,5,129.3,680109.1789
1.7,150,5,129.4,2040327.537
1.7,150,5,129.5,2040327.537
1.7,150,5,129.6,2720436.716
1.7,150,5,129.8,3400545.895
1.7,150,5,129.9,1360218.358
1.7,150,5,130,2040327.537
1.7,150,5,130.1,3400545.895
1.7,150,5,130.2,2040327.537
1.7,150,5,130.3,2040327.537
1.7,150,5,130.4,6120982.61
1.7,150,5,130.5,680109.1789
1.7,150,5,130.6,4080655.074
1.7,150,5,130.7,3400545.895
1.7,150,5,130.9,2720436.716
1.7,150,5,131.1,1360218.358
1.7,150,5,131.2,2720436.716
1.7,150,5,131.3,1360218.358
1.7,150,5,131.4,3400545.895
1.7,150,5,131.5,6120982.61
1.7,150,5,131.6,2040327.537
1.7,150,5,131.7,2720436.716
1.7,150,5,131.8,2040327.537
1.7,150,5,131.9,680109.1789
1.7,150,5,132,1360218.358
1.7,150,5,132.1,3400545.895
1.7,150,5,132.2,2040327.537
1.7,150,5,132.3,4760764.252
1.7,150,5,132.4,680109.1789
1.7,150,5,132.5,1360218.358
1.7,150,5,132.6,1360218.358
1.7,150,5,132.7,2040327.537
1.7,150,5,132.8,680109.1789
1.7,150,5,132.9,680109.1789
1.7,150,5,133,1360218.358
1.7,150,5,133.1,2720436.716
1.7,150,5,133.2,2040327.537
1.7,150,5,133.4,680109.1789
1.7,150,5,133.5,680109.1789
1.7,150,5,133.6,4080655.074
1.7,150,5,133.7,3400545.895
1.7,150,5,133.8,2040327.537
1.7,150,5,133.9,2040327.537
1.7,150,5,134,2040327.537
1.7,150,5,134.1,2720436.716
1.7,150,5,134.2,2040327.537
1.7,150,5,134.3,1360218.358
1.7,150,5,134.4,2720436.716
1.7,150,5,134.5,2720436.716
1.7,150,5,134.6,3400545.895
1.7,150,5,134.7,2040327.537
1.7,150,5,134.8,1360218.358
1.7,150,5,134.9,680109.1789
1.7,150,5,135,680109.1789
1.7,150,5,135.1,2040327.537
1.7,150,5,135.2,1360218.358
1.7,150,5,135.3,3400545.895
1.7,150,5,135.4,3400545.895
1.7,150,5,135.5,2720436.716
1.7,150,5,135.6,2040327.537
1.7,150,5,135.7,3400545.895
1.7,150,5,135.8,2040327.537
1.7,150,5,135.9,2720436.716
1.7,150,5,136,2720436.716
1.7,150,5,136.1,1360218.358
1.7,150,5,136.2,1360218.358
1.7,150,5,136.3,2040327.537
1.7,150,5,136.4,2720436.716
1.7,150,5,136.5,2040327.537
1.7,150,5,136.6,680109.1789
1.7,150,5,136.7,2040327.537
1.7,150,5,136.8,2040327.537
1.7,150,5,136.9,3400545.895
1.7,150,5,137,2040327.537
1.7,150,5,137.2,680109.1789
1.7,150,5,137.3,2040327.537
1.7,150,5,137.4,1360218.358
1.7,150,5,137.5,2720436.716
1.7,150,5,137.6,2040327.537
1.7,150,5,137.7,680109.1789
1.7,150,5,137.8,680109.1789
1.7,150,5,137.9,2040327.537
1.7,150,5,138,2720436.716
1.7,150,5,138.1,680109.1789
1.7,150,5,138.3,2040327.537
1.7,150,5,138.4,1360218.358
1.7,150,5,138.5,680109.1789
1.7,150,5,138.6,680109.1789
1.7,150,5,138.7,2040327.537
1.7,150,5,138.8,2720436.716
1.7,150,5,138.9,680109.1789
1.7,150,5,139,1360218.358
1.7,150,5,139.1,2040327.537
1.7,150,5,139.2,4760764.252
1.7,150,5,139.3,2040327.537
1.7,150,5,139.4,3400545.895
1.7,150,5,139.5,3400545.895
1.7,150,5,139.6,2720436.716
1.7,150,5,139.7,1360218.358
1.7,150,5,139.9,680109.1789
1.7,150,5,140,680109.1789
1.7,150,5,140.1,1360218.358
1.7,150,5,140.2,2040327.537
1.7,150,5,140.3,680109.1789
1.7,150,5,140.4,680109.1789
1.7,150,5,140.5,2040327.537
1.7,150,5,140.6,680109.1789
1.7,150,5,140.7,2040327.537
1.7,150,5,140.8,4080655.074
1.7,150,5,140.9,680109.1789
1.7,150,5,141,3400545.895
1.7,150,5,141.1,680109.1789
1.7,150,5,141.2,680109.1789
1.7,150,5,141.3,1360218.358
1.7,150,5,141.4,680109.1789
1.7,150,5,141.5,1360218.358
1.7,150,5,141.9,1360218.358
1.7,150,5,142,1360218.358
1.7,150,5,142.1,680109.1789
1.7,150,5,142.3,2040327.537
1.7,150,5,142.4,1360218.358
1.7,150,5,142.5,680109.1789
1.7,150,5,142.6,680109.1789
1.7,150,5,142.7,1360218.358
1.7,150,5,142.8,680109.1789
1.7,150,5,142.9,2720436.716
1.7,150,5,143,680109.1789
1.7,150,5,143.1,680109.1789
1.7,150,5,143.2,3400545.895
1.7,150,5,143.5,1360218.358
1.7,150,5,143.6,680109.1789
1.7,150,5,143.7,680109.1789
1.7,150,5,143.8,1360218.358
1.7,150,5,144,2720436.716
1.7,150,5,144.1,1360218.358
1.7,150,5,144.2,2040327.537
1.7,150,5,144.3,680109.1789
1.7,150,5,144.4,680109.1789
1.7,150,5,144.5,2040327.537
1.7,150,5,144.7,680109.1789
1.7,150,5,144.8,3400545.895
1.7,150,5,145,1360218.358
1.7,150,5,145.1,680109.1789
1.7,150,5,145.3,680109.1789
1.7,150,5,145.4,1360218.358
1.7,150,5,145.6,680109.1789
1.7,150,5,145.7,680109.1789
1.7,150,5,145.8,1360218.358
1.7,150,5,145.9,1360218.358
1.7,150,5,146,680109.1789
1.7,150,5,146.1,680109.1789
1.7,150,5,146.2,680109.1789
1.7,150,5,146.3,1360218.358
1.7,150,5,146.4,680109.1789
1.7,150,5,146.5,680109.1789
1.7,150,5,146.7,1360218.358
1.7,150,5,146.8,1360218.358
1.7,150,5,146.9,680109.1789
1.7,150,5,147,2040327.537
1.7,150,5,147.1,680109.1789
1.7,150,5,147.2,2040327.537
1.7,150,5,147.5,1360218.358
1.7,150,5,147.7,1360218.358
1.7,150,5,147.8,2720436.716
1.7,150,5,148,680109.1789
1.7,150,5,148.1,680109.1789
1.7,150,5,148.2,680109.1789
1.7,150,5,148.6,680109.1789
1.7,150,5,148.7,680109.1789
1.7,150,5,149.2,1360218.358
1.7,150,5,149.3,680109.1789
1.7,40,7,5.4,277158.8442
1.7,40,7,5.7,277158.8442
1.7,40,7,5.9,554317.6884
1.7,40,7,6,554317.6884
1.7,40,7,6.1,277158.8442
1.7,40,7,6.2,277158.8442
1.7,40,7,6.3,277158.8442
1.7,40,7,6.4,831476.5326
1.7,40,7,6.5,831476.5326
1.7,40,7,6.6,831476.5326
1.7,40,7,6.7,1108635.377
1.7,40,7,6.8,1662953.065
1.7,40,7,6.9,831476.5326
1.7,40,7,7,831476.5326
1.7,40,7,7.1,3325906.131
1.7,40,7,7.2,1108635.377
1.7,40,7,7.3,1385794.221
1.7,40,7,7.4,6928971.105
1.7,40,7,7.5,2771588.442
1.7,40,7,7.6,2771588.442
1.7,40,7,7.7,3880223.819
1.7,40,7,7.8,3603064.975
1.7,40,7,7.9,2771588.442
1.7,40,7,8,1940111.909
1.7,40,7,8.1,5266018.04
1.7,40,7,8.2,4157382.663
1.7,40,7,8.3,22449866.38
1.7,40,7,8.4,191793920.2
1.7,40,7,8.5,5820335.728
1.7,40,7,8.6,5266018.04
1.7,40,7,8.7,5820335.728
1.7,40,7,8.8,8314765.326
1.7,40,7,8.9,6651812.261
1.7,40,7,9,8591924.171
1.7,40,7,9.1,6374653.417
1.7,40,7,9.2,6651812.261
1.7,40,7,9.3,7206129.949
1.7,40,7,9.4,9146241.859
1.7,40,7,9.5,20786913.32
1.7,40,7,9.6,11917830.3
1.7,40,7,9.7,163246559.2
1.7,40,7,9.8,21341231
1.7,40,7,9.9,15520895.28
1.7,40,7,10,74555729.09
1.7,40,7,10.1,8869083.015
1.7,40,7,10.2,9146241.859
1.7,40,7,10.3,1385794.221
1.7,40,7,10.4,831476.5326
1.7,40,7,10.5,1108635.377
1.7,40,7,10.6,3325906.131
1.7,40,7,10.7,3048747.286
1.7,40,7,10.8,2494429.598
1.7,40,7,10.9,3603064.975
1.7,40,7,11,4711700.352
1.7,40,7,11.1,3325906.131
1.7,40,7,11.2,5266018.04
1.7,40,7,11.3,16075212.96
1.7,40,7,11.4,2217270.754
1.7,40,7,11.5,3603064.975
1.7,40,7,11.6,1940111.909
1.7,40,7,11.7,2494429.598
1.7,40,7,11.8,3048747.286
1.7,40,7,11.9,1940111.909
1.7,40,7,12,2494429.598
1.7,40,7,12.1,3603064.975
1.7,40,7,12.2,1108635.377
1.7,40,7,12.3,1940111.909
1.7,40,7,12.4,1662953.065
1.7,40,7,12.5,554317.6884
1.7,40,7,12.6,1385794.221
1.7,40,7,12.7,831476.5326
1.7,40,7,12.8,1385794.221
1.7,40,7,12.9,3048747.286
1.7,40,7,13,1662953.065
1.7,40,7,13.1,1108635.377
1.7,40,7,13.2,1940111.909
1.7,40,7,13.3,1940111.909
1.7,40,7,13.4,2217270.754
1.7,40,7,13.5,1940111.909
1.7,40,7,13.6,3325906.131
1.7,40,7,13.7,3880223.819
1.7,40,7,13.8,1940111.909
1.7,40,7,13.9,3048747.286
1.7,40,7,14,2217270.754
1.7,40,7,14.1,3048747.286
1.7,40,7,14.2,2494429.598
1.7,40,7,14.3,1662953.065
1.7,40,7,14.4,3048747.286
1.7,40,7,14.5,2771588.442
1.7,40,7,14.6,5820335.728
1.7,40,7,14.7,2494429.598
1.7,40,7,14.8,4711700.352
1.7,40,7,14.9,4711700.352
1.7,40,7,15,3603064.975
1.7,40,7,15.1,3880223.819
1.7,40,7,15.2,2771588.442
1.7,40,7,15.3,4711700.352
1.7,40,7,15.4,2494429.598
1.7,40,7,15.5,3880223.819
1.7,40,7,15.6,3603064.975
1.7,40,7,15.7,5820335.728
1.7,40,7,15.8,3048747.286
1.7,40,7,15.9,6651812.261
1.7,40,7,16,3880223.819
1.7,40,7,16.1,4434541.507
1.7,40,7,16.2,7483288.794
1.7,40,7,16.3,5543176.884
1.7,40,7,16.4,3325906.131
1.7,40,7,16.5,5266018.04
1.7,40,7,16.6,6097494.573
1.7,40,7,16.7,4157382.663
1.7,40,7,16.8,4157382.663
1.7,40,7,16.9,5266018.04
1.7,40,7,17,5266018.04
1.7,40,7,17.1,3880223.819
1.7,40,7,17.2,4988859.196
1.7,40,7,17.3,5820335.728
1.7,40,7,17.4,8037606.482
1.7,40,7,17.5,6097494.573
1.7,40,7,17.6,4434541.507
1.7,40,7,17.7,4711700.352
1.7,40,7,17.8,4157382.663
1.7,40,7,17.9,5820335.728
1.7,40,7,18,6928971.105
1.7,40,7,18.1,4988859.196
1.7,40,7,18.2,6651812.261
1.7,40,7,18.3,3048747.286
1.7,40,7,18.4,2771588.442
1.7,40,7,18.5,6374653.417
1.7,40,7,18.6,4157382.663
1.7,40,7,18.7,5820335.728
1.7,40,7,18.8,4711700.352
1.7,40,7,18.9,4988859.196
1.7,40,7,19,3880223.819
1.7,40,7,19.1,6928971.105
1.7,40,7,19.2,4988859.196
1.7,40,7,19.3,4711700.352
1.7,40,7,19.4,2771588.442
1.7,40,7,19.5,5543176.884
1.7,40,7,19.6,8037606.482
1.7,40,7,19.7,4988859.196
1.7,40,7,19.8,3048747.286
1.7,40,7,19.9,5820335.728
1.7,40,7,20,6097494.573
1.7,40,7,20.1,4157382.663
1.7,40,7,20.2,3880223.819
1.7,40,7,20.3,6651812.261
1.7,40,7,20.4,6651812.261
1.7,40,7,20.5,7760447.638
1.7,40,7,20.6,6928971.105
1.7,40,7,20.7,3325906.131
1.7,40,7,20.8,5543176.884
1.7,40,7,20.9,5543176.884
1.7,40,7,21,5820335.728
1.7,40,7,21.1,6651812.261
1.7,40,7,21.2,7206129.949
1.7,40,7,21.3,6651812.261
1.7,40,7,21.4,6097494.573
1.7,40,7,21.5,6097494.573
1.7,40,7,21.6,4711700.352
1.7,40,7,21.7,4711700.352
1.7,40,7,21.8,4434541.507
1.7,40,7,21.9,4434541.507
1.7,40,7,22,5820335.728
1.7,40,7,22.1,4988859.196
1.7,40,7,22.2,4711700.352
1.7,40,7,22.3,8037606.482
1.7,40,7,22.4,4434541.507
1.7,40,7,22.5,4711700.352
1.7,40,7,22.6,5543176.884
1.7,40,7,22.7,4157382.663
1.7,40,7,22.8,6374653.417
1.7,40,7,22.9,5543176.884
1.7,40,7,23,7206129.949
1.7,40,7,23.1,4711700.352
1.7,40,7,23.2,6374653.417
1.7,40,7,23.3,5266018.04
1.7,40,7,23.4,4157382.663
1.7,40,7,23.5,5820335.728
1.7,40,7,23.6,4434541.507
1.7,40,7,23.7,3880223.819
1.7,40,7,23.8,3603064.975
1.7,40,7,23.9,3603064.975
1.7,40,7,24,3325906.131
1.7,40,7,24.1,5543176.884
1.7,40,7,24.2,6651812.261
1.7,40,7,24.3,3880223.819
1.7,40,7,24.4,4988859.196
1.7,40,7,24.5,5820335.728
1.7,40,7,24.6,4711700.352
1.7,40,7,24.7,3880223.819
1.7,40,7,24.8,6928971.105
1.7,40,7,24.9,6928971.105
1.7,40,7,25,4988859.196
1.7,40,7,25.1,4711700.352
1.7,40,7,25.2,4711700.352
1.7,40,7,25.3,5543176.884
1.7,40,7,25.4,4434541.507
1.7,40,7,25.5,3603064.975
1.7,40,7,25.6,5543176.884
1.7,40,7,25.7,6374653.417
1.7,40,7,25.8,4988859.196
1.7,40,7,25.9,5266018.04
1.7,40,7,26,3325906.131
1.7,40,7,26.1,4434541.507
1.7,40,7,26.2,4711700.352
1.7,40,7,26.3,6097494.573
1.7,40,7,26.4,3880223.819
1.7,40,7,26.5,5266018.04
1.7,40,7,26.6,6651812.261
1.7,40,7,26.7,7206129.949
1.7,40,7,26.8,5266018.04
1.7,40,7,26.9,2217270.754
1.7,40,7,27,4711700.352
1.7,40,7,27.1,6374653.417
1.7,40,7,27.2,3603064.975
1.7,40,7,27.3,4988859.196
1.7,40,7,27.4,3880223.819
1.7,40,7,27.5,4157382.663
1.7,40,7,27.6,4711700.352
1.7,40,7,27.7,4711700.352
1.7,40,7,27.8,3880223.819
1.7,40,7,27.9,7206129.949
1.7,40,7,28,4434541.507
1.7,40,7,28.1,4711700.352
1.7,40,7,28.2,3603064.975
1.7,40,7,28.3,5266018.04
1.7,40,7,28.4,5266018.04
1.7,40,7,28.5,3603064.975
1.7,40,7,28.6,5543176.884
1.7,40,7,28.7,4157382.663
1.7,40,7,28.8,3603064.975
1.7,40,7,28.9,4988859.196
1.7,40,7,29,4988859.196
1.7,40,7,29.1,4157382.663
1.7,40,7,29.2,3325906.131
1.7,40,7,29.3,4157382.663
1.7,40,7,29.4,4434541.507
1.7,40,7,29.5,3880223.819
1.7,40,7,29.6,4157382.663
1.7,40,7,29.7,5266018.04
1.7,40,7,29.8,4434541.507
1.7,40,7,29.9,3048747.286
1.7,40,7,30,4711700.352
1.7,40,7,30.1,5266018.04
1.7,40,7,30.2,3325906.131
1.7,40,7,30.3,6374653.417
1.7,40,7,30.4,2217270.754
1.7,40,7,30.5,3325906.131
1.7,40,7,30.6,2771588.442
1.7,40,7,30.7,5266018.04
1.7,40,7,30.8,3048747.286
1.7,40,7,30.9,3048747.286
1.7,40,7,31,3325906.131
1.7,40,7,31.1,2494429.598
1.7,40,7,31.2,3325906.131
1.7,40,7,31.3,3325906.131
1.7,40,7,31.4,3880223.819
1.7,40,7,31.5,2494429.598
1.7,40,7,31.6,1940111.909
1.7,40,7,31.7,3048747.286
1.7,40,7,31.8,4157382.663
1.7,40,7,31.9,4711700.352
1.7,40,7,32,2771588.442
1.7,40,7,32.1,3325906.131
1.7,40,7,32.2,1385794.221
1.7,40,7,32.3,2217270.754
1.7,40,7,32.4,4711700.352
1.7,40,7,32.5,4434541.507
1.7,40,7,32.6,3603064.975
1.7,40,7,32.7,2217270.754
1.7,40,7,32.8,1385794.221
1.7,40,7,32.9,4711700.352
1.7,40,7,33,1940111.909
1.7,40,7,33.1,1108635.377
1.7,40,7,33.2,3048747.286
1.7,40,7,33.3,2771588.442
1.7,40,7,33.4,1385794.221
1.7,40,7,33.5,1385794.221
1.7,40,7,33.6,3325906.131
1.7,40,7,33.7,3048747.286
1.7,40,7,33.8,2217270.754
1.7,40,7,33.9,4711700.352
1.7,40,7,34,2217270.754
1.7,40,7,34.1,1385794.221
1.7,40,7,34.2,2217270.754
1.7,40,7,34.3,3325906.131
1.7,40,7,34.4,2771588.442
1.7,40,7,34.5,2217270.754
1.7,40,7,34.6,1940111.909
1.7,40,7,34.7,3603064.975
1.7,40,7,34.8,3048747.286
1.7,40,7,34.9,1940111.909
1.7,40,7,35,2217270.754
1.7,40,7,35.1,2217270.754
1.7,40,7,35.2,2217270.754
1.7,40,7,35.3,2494429.598
1.7,40,7,35.4,2217270.754
1.7,40,7,35.5,1662953.065
1.7,40,7,35.6,2494429.598
1.7,40,7,35.7,1940111.909
1.7,40,7,35.8,1108635.377
1.7,40,7,35.9,2771588.442
1.7,40,7,36,1940111.909
1.7,40,7,36.1,1385794.221
1.7,40,7,36.2,1108635.377
1.7,40,7,36.3,1662953.065
1.7,40,7,36.4,2217270.754
1.7,40,7,36.5,1385794.221
1.7,40,7,36.6,2494429.598
1.7,40,7,36.7,277158.8442
1.7,40,7,36.8,2217270.754
1.7,40,7,36.9,2217270.754
1.7,40,7,37,1108635.377
1.7,40,7,37.1,1662953.065
1.7,40,7,37.2,1662953.065
1.7,40,7,37.3,831476.5326
1.7,40,7,37.4,1662953.065
1.7,40,7,37.5,1940111.909
1.7,40,7,37.6,2217270.754
1.7,40,7,37.7,1385794.221
1.7,40,7,37.8,554317.6884
1.7,40,7,37.9,1108635.377
1.7,40,7,38,831476.5326
1.7,40,7,38.1,554317.6884
1.7,40,7,38.2,831476.5326
1.7,40,7,38.3,2217270.754
1.7,40,7,38.4,1662953.065
1.7,40,7,38.5,1108635.377
1.7,40,7,38.6,831476.5326
1.7,40,7,38.7,277158.8442
1.7,40,7,38.8,554317.6884
1.7,40,7,38.9,277158.8442
1.7,40,7,39,831476.5326
1.7,40,7,39.1,831476.5326
1.7,40,7,39.2,1662953.065
1.7,40,7,39.3,1108635.377
1.7,40,7,39.4,1108635.377
1.7,40,7,39.5,831476.5326
1.7,40,7,39.7,277158.8442
1.7,40,7,39.8,554317.6884
1.7,80,7,4.6,433019.1535
1.7,80,7,5.1,433019.1535
1.7,80,7,5.2,1299057.46
1.7,80,7,5.3,433019.1535
1.7,80,7,5.4,866038.307
1.7,80,7,5.5,433019.1535
1.7,80,7,5.6,866038.307
1.7,80,7,5.7,1299057.46
1.7,80,7,5.8,1299057.46
1.7,80,7,5.9,1732076.614
1.7,80,7,6,866038.307
1.7,80,7,6.1,1732076.614
1.7,80,7,6.2,2598114.921
1.7,80,7,6.3,3031134.074
1.7,80,7,6.4,3897172.381
1.7,80,7,6.5,3031134.074
1.7,80,7,6.6,5629248.995
1.7,80,7,6.7,5196229.842
1.7,80,7,6.8,5196229.842
1.7,80,7,6.9,6928306.456
1.7,80,7,7,7794344.763
1.7,80,7,7.1,6495287.302
1.7,80,7,7.2,7794344.763
1.7,80,7,7.3,9526421.377
1.7,80,7,7.4,47632106.88
1.7,80,7,7.5,5629248.995
1.7,80,7,7.6,10392459.68
1.7,80,7,7.7,12124536.3
1.7,80,7,7.8,13856612.91
1.7,80,7,7.9,16021708.68
1.7,80,7,8,12124536.3
1.7,80,7,8.1,12124536.3
1.7,80,7,8.2,13856612.91
1.7,80,7,8.3,122977439.6
1.7,80,7,8.4,909340222.3
1.7,80,7,8.5,14722651.22
1.7,80,7,8.6,19918881.06
1.7,80,7,8.7,16021708.68
1.7,80,7,8.8,29012283.28
1.7,80,7,8.9,19485861.91
1.7,80,7,9,19918881.06
1.7,80,7,9.1,23816053.44
1.7,80,7,9.2,22516995.98
1.7,80,7,9.3,19918881.06
1.7,80,7,9.4,20784919.37
1.7,80,7,9.5,77077409.32
1.7,80,7,9.6,41569838.73
1.7,80,7,9.7,704955181.9
1.7,80,7,9.8,98295347.84
1.7,80,7,9.9,51096260.11
1.7,80,7,10,348147399.4
1.7,80,7,10.1,26414168.36
1.7,80,7,10.2,40703800.43
1.7,80,7,10.3,9526421.377
1.7,80,7,10.4,6495287.302
1.7,80,7,10.5,5629248.995
1.7,80,7,10.6,9526421.377
1.7,80,7,10.7,9526421.377
1.7,80,7,10.8,9093402.223
1.7,80,7,10.9,9959440.53
1.7,80,7,11,12557555.45
1.7,80,7,11.1,9093402.223
1.7,80,7,11.2,12557555.45
1.7,80,7,11.3,70582122.02
1.7,80,7,11.4,13856612.91
1.7,80,7,11.5,12557555.45
1.7,80,7,11.6,13423593.76
1.7,80,7,11.7,11258497.99
1.7,80,7,11.8,7794344.763
1.7,80,7,11.9,6062268.149
1.7,80,7,12,11258497.99
1.7,80,7,12.1,4763210.688
1.7,80,7,12.2,4763210.688
1.7,80,7,12.3,6062268.149
1.7,80,7,12.4,8227363.916
1.7,80,7,12.5,7361325.609
1.7,80,7,12.6,5629248.995
1.7,80,7,12.7,9093402.223
1.7,80,7,12.8,9526421.377
1.7,80,7,12.9,7361325.609
1.7,80,7,13,7794344.763
1.7,80,7,13.1,3897172.381
1.7,80,7,13.2,3897172.381
1.7,80,7,13.3,6495287.302
1.7,80,7,13.4,9959440.53
1.7,80,7,13.5,9093402.223
1.7,80,7,13.6,7794344.763
1.7,80,7,13.7,6928306.456
1.7,80,7,13.8,12124536.3
1.7,80,7,13.9,12124536.3
1.7,80,7,14,7794344.763
1.7,80,7,14.1,5629248.995
1.7,80,7,14.2,10825478.84
1.7,80,7,14.3,11258497.99
1.7,80,7,14.4,8227363.916
1.7,80,7,14.5,11258497.99
1.7,80,7,14.6,11691517.14
1.7,80,7,14.7,10825478.84
1.7,80,7,14.8,8660383.07
1.7,80,7,14.9,9959440.53
1.7,80,7,15,10392459.68
1.7,80,7,15.1,9526421.377
1.7,80,7,15.2,11258497.99
1.7,80,7,15.3,11691517.14
1.7,80,7,15.4,14722651.22
1.7,80,7,15.5,13856612.91
1.7,80,7,15.6,11691517.14
1.7,80,7,15.7,14289632.06
1.7,80,7,15.8,13423593.76
1.7,80,7,15.9,12990574.6
1.7,80,7,16,13423593.76
1.7,80,7,16.1,9093402.223
1.7,80,7,16.2,9526421.377
1.7,80,7,16.3,11691517.14
1.7,80,7,16.4,16887746.99
1.7,80,7,16.5,21650957.67
1.7,80,7,16.6,12990574.6
1.7,80,7,16.7,13423593.76
1.7,80,7,16.8,19918881.06
1.7,80,7,16.9,12990574.6
1.7,80,7,17,16021708.68
1.7,80,7,17.1,19485861.91
1.7,80,7,17.2,16021708.68
1.7,80,7,17.3,13856612.91
1.7,80,7,17.4,18186804.45
1.7,80,7,17.5,15155670.37
1.7,80,7,17.6,19485861.91
1.7,80,7,17.7,14289632.06
1.7,80,7,17.8,11691517.14
1.7,80,7,17.9,10392459.68
1.7,80,7,18,12557555.45
1.7,80,7,18.1,15588689.53
1.7,80,7,18.2,21217938.52
1.7,80,7,18.3,15588689.53
1.7,80,7,18.4,14289632.06
1.7,80,7,18.5,17320766.14
1.7,80,7,18.6,17320766.14
1.7,80,7,18.7,20351900.21
1.7,80,7,18.8,15155670.37
1.7,80,7,18.9,18619823.6
1.7,80,7,19,16021708.68
1.7,80,7,19.1,19052842.75
1.7,80,7,19.2,20351900.21
1.7,80,7,19.3,19485861.91
1.7,80,7,19.4,19918881.06
1.7,80,7,19.5,15588689.53
1.7,80,7,19.6,19485861.91
1.7,80,7,19.7,13856612.91
1.7,80,7,19.8,19485861.91
1.7,80,7,19.9,15588689.53
1.7,80,7,20,18619823.6
1.7,80,7,20.1,20351900.21
1.7,80,7,20.2,21650957.67
1.7,80,7,20.3,18619823.6
1.7,80,7,20.4,18619823.6
1.7,80,7,20.5,15588689.53
1.7,80,7,20.6,20351900.21
1.7,80,7,20.7,17753785.29
1.7,80,7,20.8,23383034.29
1.7,80,7,20.9,16887746.99
1.7,80,7,21,13856612.91
1.7,80,7,21.1,17753785.29
1.7,80,7,21.2,19052842.75
1.7,80,7,21.3,19918881.06
1.7,80,7,21.4,18186804.45
1.7,80,7,21.5,19485861.91
1.7,80,7,21.6,19918881.06
1.7,80,7,21.7,17320766.14
1.7,80,7,21.8,16454727.83
1.7,80,7,21.9,20784919.37
1.7,80,7,22,16887746.99
1.7,80,7,22.1,20351900.21
1.7,80,7,22.2,16454727.83
1.7,80,7,22.3,18619823.6
1.7,80,7,22.4,19485861.91
1.7,80,7,22.5,16887746.99
1.7,80,7,22.6,19052842.75
1.7,80,7,22.7,15588689.53
1.7,80,7,22.8,18619823.6
1.7,80,7,22.9,16021708.68
1.7,80,7,23,16021708.68
1.7,80,7,23.1,15155670.37
1.7,80,7,23.2,17320766.14
1.7,80,7,23.3,20351900.21
1.7,80,7,23.4,16454727.83
1.7,80,7,23.5,19485861.91
1.7,80,7,23.6,12557555.45
1.7,80,7,23.7,19485861.91
1.7,80,7,23.8,19485861.91
1.7,80,7,23.9,24682091.75
1.7,80,7,24,14722651.22
1.7,80,7,24.1,21217938.52
1.7,80,7,24.2,18186804.45
1.7,80,7,24.3,18619823.6
1.7,80,7,24.4,13856612.91
1.7,80,7,24.5,15588689.53
1.7,80,7,24.6,15155670.37
1.7,80,7,24.7,16887746.99
1.7,80,7,24.8,12557555.45
1.7,80,7,24.9,16454727.83
1.7,80,7,25,19052842.75
1.7,80,7,25.1,16887746.99
1.7,80,7,25.2,19918881.06
1.7,80,7,25.3,20351900.21
1.7,80,7,25.4,18619823.6
1.7,80,7,25.5,18186804.45
1.7,80,7,25.6,16021708.68
1.7,80,7,25.7,17320766.14
1.7,80,7,25.8,15155670.37
1.7,80,7,25.9,16454727.83
1.7,80,7,26,16887746.99
1.7,80,7,26.1,16887746.99
1.7,80,7,26.2,19918881.06
1.7,80,7,26.3,11691517.14
1.7,80,7,26.4,18186804.45
1.7,80,7,26.5,16887746.99
1.7,80,7,26.6,16021708.68
1.7,80,7,26.7,18186804.45
1.7,80,7,26.8,18186804.45
1.7,80,7,26.9,18619823.6
1.7,80,7,27,18619823.6
1.7,80,7,27.1,19052842.75
1.7,80,7,27.2,20784919.37
1.7,80,7,27.3,16454727.83
1.7,80,7,27.4,19918881.06
1.7,80,7,27.5,11691517.14
1.7,80,7,27.6,20351900.21
1.7,80,7,27.7,18186804.45
1.7,80,7,27.8,16454727.83
1.7,80,7,27.9,12124536.3
1.7,80,7,28,15155670.37
1.7,80,7,28.1,16021708.68
1.7,80,7,28.2,20351900.21
1.7,80,7,28.3,16887746.99
1.7,80,7,28.4,14289632.06
1.7,80,7,28.5,19485861.91
1.7,80,7,28.6,16454727.83
1.7,80,7,28.7,16454727.83
1.7,80,7,28.8,13856612.91
1.7,80,7,28.9,12124536.3
1.7,80,7,29,17753785.29
1.7,80,7,29.1,15155670.37
1.7,80,7,29.2,16887746.99
1.7,80,7,29.3,17320766.14
1.7,80,7,29.4,16021708.68
1.7,80,7,29.5,16887746.99
1.7,80,7,29.6,19052842.75
1.7,80,7,29.7,17320766.14
1.7,80,7,29.8,14289632.06
1.7,80,7,29.9,16887746.99
1.7,80,7,30,19918881.06
1.7,80,7,30.1,15155670.37
1.7,80,7,30.2,13423593.76
1.7,80,7,30.3,16021708.68
1.7,80,7,30.4,15155670.37
1.7,80,7,30.5,16887746.99
1.7,80,7,30.6,19485861.91
1.7,80,7,30.7,16021708.68
1.7,80,7,30.8,17753785.29
1.7,80,7,30.9,16021708.68
1.7,80,7,31,21217938.52
1.7,80,7,31.1,8227363.916
1.7,80,7,31.2,12124536.3
1.7,80,7,31.3,14722651.22
1.7,80,7,31.4,12990574.6
1.7,80,7,31.5,16887746.99
1.7,80,7,31.6,11258497.99
1.7,80,7,31.7,14289632.06
1.7,80,7,31.8,12990574.6
1.7,80,7,31.9,10392459.68
1.7,80,7,32,12557555.45
1.7,80,7,32.1,12557555.45
1.7,80,7,32.2,14289632.06
1.7,80,7,32.3,17320766.14
1.7,80,7,32.4,9959440.53
1.7,80,7,32.5,15588689.53
1.7,80,7,32.6,12990574.6
1.7,80,7,32.7,10392459.68
1.7,80,7,32.8,12990574.6
1.7,80,7,32.9,15588689.53
1.7,80,7,33,10825478.84
1.7,80,7,33.1,15155670.37
1.7,80,7,33.2,13856612.91
1.7,80,7,33.3,17320766.14
1.7,80,7,33.4,16887746.99
1.7,80,7,33.5,12990574.6
1.7,80,7,33.6,16454727.83
1.7,80,7,33.7,12124536.3
1.7,80,7,33.8,10825478.84
1.7,80,7,33.9,12990574.6
1.7,80,7,34,11691517.14
1.7,80,7,34.1,13856612.91
1.7,80,7,34.2,16887746.99
1.7,80,7,34.3,20351900.21
1.7,80,7,34.4,9093402.223
1.7,80,7,34.5,15155670.37
1.7,80,7,34.6,15155670.37
1.7,80,7,34.7,12557555.45
1.7,80,7,34.8,15588689.53
1.7,80,7,34.9,13856612.91
1.7,80,7,35,11691517.14
1.7,80,7,35.1,11691517.14
1.7,80,7,35.2,16454727.83
1.7,80,7,35.3,9093402.223
1.7,80,7,35.4,12557555.45
1.7,80,7,35.5,14722651.22
1.7,80,7,35.6,11258497.99
1.7,80,7,35.7,13423593.76
1.7,80,7,35.8,12557555.45
1.7,80,7,35.9,12990574.6
1.7,80,7,36,11691517.14
1.7,80,7,36.1,10392459.68
1.7,80,7,36.2,14289632.06
1.7,80,7,36.3,9959440.53
1.7,80,7,36.4,8660383.07
1.7,80,7,36.5,11691517.14
1.7,80,7,36.6,13856612.91
1.7,80,7,36.7,12990574.6
1.7,80,7,36.8,11258497.99
1.7,80,7,36.9,15588689.53
1.7,80,7,37,13856612.91
1.7,80,7,37.1,12557555.45
1.7,80,7,37.2,16021708.68
1.7,80,7,37.3,13423593.76
1.7,80,7,37.4,13423593.76
1.7,80,7,37.5,14722651.22
1.7,80,7,37.6,12124536.3
1.7,80,7,37.7,14289632.06
1.7,80,7,37.8,13423593.76
1.7,80,7,37.9,10392459.68
1.7,80,7,38,13856612.91
1.7,80,7,38.1,11258497.99
1.7,80,7,38.2,11691517.14
1.7,80,7,38.3,12124536.3
1.7,80,7,38.4,10825478.84
1.7,80,7,38.5,9959440.53
1.7,80,7,38.6,7361325.609
1.7,80,7,38.7,14289632.06
1.7,80,7,38.8,12124536.3
1.7,80,7,38.9,13856612.91
1.7,80,7,39,16021708.68
1.7,80,7,39.1,13423593.76
1.7,80,7,39.2,9526421.377
1.7,80,7,39.3,8660383.07
1.7,80,7,39.4,7794344.763
1.7,80,7,39.5,8227363.916
1.7,80,7,39.6,11691517.14
1.7,80,7,39.7,14722651.22
1.7,80,7,39.8,11258497.99
1.7,80,7,39.9,9093402.223
1.7,80,7,40,15588689.53
1.7,80,7,40.1,13423593.76
1.7,80,7,40.2,12124536.3
1.7,80,7,40.3,10825478.84
1.7,80,7,40.4,9526421.377
1.7,80,7,40.5,11258497.99
1.7,80,7,40.6,10392459.68
1.7,80,7,40.7,10825478.84
1.7,80,7,40.8,11691517.14
1.7,80,7,40.9,11258497.99
1.7,80,7,41,12990574.6
1.7,80,7,41.1,11691517.14
1.7,80,7,41.2,10392459.68
1.7,80,7,41.3,8660383.07
1.7,80,7,41.4,7361325.609
1.7,80,7,41.5,8660383.07
1.7,80,7,41.6,6928306.456
1.7,80,7,41.7,11691517.14
1.7,80,7,41.8,10392459.68
1.7,80,7,41.9,11258497.99
1.7,80,7,42,13423593.76
1.7,80,7,42.1,9959440.53
1.7,80,7,42.2,10392459.68
1.7,80,7,42.3,12124536.3
1.7,80,7,42.4,8660383.07
1.7,80,7,42.5,10825478.84
1.7,80,7,42.6,9093402.223
1.7,80,7,42.7,10825478.84
1.7,80,7,42.8,11258497.99
1.7,80,7,42.9,11691517.14
1.7,80,7,43,9093402.223
1.7,80,7,43.1,9526421.377
1.7,80,7,43.2,9526421.377
1.7,80,7,43.3,9526421.377
1.7,80,7,43.4,7794344.763
1.7,80,7,43.5,10825478.84
1.7,80,7,43.6,11691517.14
1.7,80,7,43.7,10825478.84
1.7,80,7,43.8,9526421.377
1.7,80,7,43.9,13856612.91
1.7,80,7,44,9526421.377
1.7,80,7,44.1,10392459.68
1.7,80,7,44.2,9526421.377
1.7,80,7,44.3,9526421.377
1.7,80,7,44.4,8227363.916
1.7,80,7,44.5,6495287.302
1.7,80,7,44.6,9959440.53
1.7,80,7,44.7,10825478.84
1.7,80,7,44.8,12557555.45
1.7,80,7,44.9,9093402.223
1.7,80,7,45,9093402.223
1.7,80,7,45.1,6062268.149
1.7,80,7,45.2,11258497.99
1.7,80,7,45.3,6928306.456
1.7,80,7,45.4,7361325.609
1.7,80,7,45.5,8660383.07
1.7,80,7,45.6,8660383.07
1.7,80,7,45.7,7794344.763
1.7,80,7,45.8,2165095.767
1.7,80,7,45.9,7361325.609
1.7,80,7,46,7361325.609
1.7,80,7,46.1,7361325.609
1.7,80,7,46.2,5196229.842
1.7,80,7,46.3,6495287.302
1.7,80,7,46.4,6495287.302
1.7,80,7,46.5,12124536.3
1.7,80,7,46.6,9093402.223
1.7,80,7,46.7,8227363.916
1.7,80,7,46.8,6495287.302
1.7,80,7,46.9,6495287.302
1.7,80,7,47,6062268.149
1.7,80,7,47.1,7361325.609
1.7,80,7,47.2,6495287.302
1.7,80,7,47.3,6495287.302
1.7,80,7,47.4,5629248.995
1.7,80,7,47.5,4763210.688
1.7,80,7,47.6,6928306.456
1.7,80,7,47.7,7794344.763
1.7,80,7,47.8,4330191.535
1.7,80,7,47.9,5629248.995
1.7,80,7,48,8227363.916
1.7,80,7,48.1,9526421.377
1.7,80,7,48.2,7794344.763
1.7,80,7,48.3,8227363.916
1.7,80,7,48.4,9959440.53
1.7,80,7,48.5,8660383.07
1.7,80,7,48.6,10392459.68
1.7,80,7,48.7,7361325.609
1.7,80,7,48.8,7794344.763
1.7,80,7,48.9,4763210.688
1.7,80,7,49,8660383.07
1.7,80,7,49.1,9959440.53
1.7,80,7,49.2,8660383.07
1.7,80,7,49.3,9526421.377
1.7,80,7,49.4,6495287.302
1.7,80,7,49.5,7794344.763
1.7,80,7,49.6,7794344.763
1.7,80,7,49.7,6495287.302
1.7,80,7,49.8,7794344.763
1.7,80,7,49.9,4763210.688
1.7,80,7,50,6062268.149
1.7,80,7,50.1,7794344.763
1.7,80,7,50.2,6062268.149
1.7,80,7,50.3,8227363.916
1.7,80,7,50.4,9959440.53
1.7,80,7,50.5,6062268.149
1.7,80,7,50.6,4763210.688
1.7,80,7,50.7,5196229.842
1.7,80,7,50.8,8227363.916
1.7,80,7,50.9,6928306.456
1.7,80,7,51,8227363.916
1.7,80,7,51.1,9526421.377
1.7,80,7,51.2,6062268.149
1.7,80,7,51.3,4763210.688
1.7,80,7,51.4,9093402.223
1.7,80,7,51.5,9526421.377
1.7,80,7,51.6,3464153.228
1.7,80,7,51.7,7361325.609
1.7,80,7,51.8,5196229.842
1.7,80,7,51.9,6928306.456
1.7,80,7,52,8660383.07
1.7,80,7,52.1,5196229.842
1.7,80,7,52.2,5629248.995
1.7,80,7,52.3,5196229.842
1.7,80,7,52.4,4763210.688
1.7,80,7,52.5,6928306.456
1.7,80,7,52.6,4763210.688
1.7,80,7,52.7,4763210.688
1.7,80,7,52.8,9526421.377
1.7,80,7,52.9,9959440.53
1.7,80,7,53,6495287.302
1.7,80,7,53.1,9959440.53
1.7,80,7,53.2,9526421.377
1.7,80,7,53.3,4330191.535
1.7,80,7,53.4,6928306.456
1.7,80,7,53.5,5629248.995
1.7,80,7,53.6,6495287.302
1.7,80,7,53.7,9526421.377
1.7,80,7,53.8,8660383.07
1.7,80,7,53.9,7361325.609
1.7,80,7,54,7361325.609
1.7,80,7,54.1,8227363.916
1.7,80,7,54.2,7794344.763
1.7,80,7,54.3,8227363.916
1.7,80,7,54.4,6062268.149
1.7,80,7,54.5,5629248.995
1.7,80,7,54.6,5629248.995
1.7,80,7,54.7,3464153.228
1.7,80,7,54.8,6495287.302
1.7,80,7,54.9,8660383.07
1.7,80,7,55,7361325.609
1.7,80,7,55.1,5629248.995
1.7,80,7,55.2,5196229.842
1.7,80,7,55.3,4330191.535
1.7,80,7,55.4,2598114.921
1.7,80,7,55.5,4763210.688
1.7,80,7,55.6,6062268.149
1.7,80,7,55.7,3464153.228
1.7,80,7,55.8,3897172.381
1.7,80,7,55.9,7361325.609
1.7,80,7,56,5196229.842
1.7,80,7,56.1,6495287.302
1.7,80,7,56.2,6928306.456
1.7,80,7,56.3,5629248.995
1.7,80,7,56.4,6495287.302
1.7,80,7,56.5,3031134.074
1.7,80,7,56.6,5629248.995
1.7,80,7,56.7,6495287.302
1.7,80,7,56.8,4330191.535
1.7,80,7,56.9,10392459.68
1.7,80,7,57,5196229.842
1.7,80,7,57.1,3031134.074
1.7,80,7,57.2,3897172.381
1.7,80,7,57.3,3897172.381
1.7,80,7,57.4,4763210.688
1.7,80,7,57.5,5629248.995
1.7,80,7,57.6,5196229.842
1.7,80,7,57.7,3897172.381
1.7,80,7,57.8,8227363.916
1.7,80,7,57.9,5629248.995
1.7,80,7,58,4330191.535
1.7,80,7,58.1,10392459.68
1.7,80,7,58.2,6928306.456
1.7,80,7,58.3,6928306.456
1.7,80,7,58.4,3897172.381
1.7,80,7,58.5,5629248.995
1.7,80,7,58.6,6062268.149
1.7,80,7,58.7,5629248.995
1.7,80,7,58.8,6062268.149
1.7,80,7,58.9,4330191.535
1.7,80,7,59,4330191.535
1.7,80,7,59.1,6062268.149
1.7,80,7,59.2,8227363.916
1.7,80,7,59.3,4763210.688
1.7,80,7,59.4,6062268.149
1.7,80,7,59.5,17320766.14
1.7,80,7,59.6,4330191.535
1.7,80,7,59.7,6495287.302
1.7,80,7,59.8,2165095.767
1.7,80,7,59.9,3031134.074
1.7,80,7,60,4330191.535
1.7,80,7,60.1,5196229.842
1.7,80,7,60.2,6062268.149
1.7,80,7,60.3,4330191.535
1.7,80,7,60.4,5196229.842
1.7,80,7,60.5,4763210.688
1.7,80,7,60.6,6495287.302
1.7,80,7,60.7,3897172.381
1.7,80,7,60.8,3031134.074
1.7,80,7,60.9,6495287.302
1.7,80,7,61,3464153.228
1.7,80,7,61.1,5629248.995
1.7,80,7,61.2,4330191.535
1.7,80,7,61.3,1732076.614
1.7,80,7,61.4,4330191.535
1.7,80,7,61.5,7794344.763
1.7,80,7,61.6,3897172.381
1.7,80,7,61.7,4763210.688
1.7,80,7,61.8,3031134.074
1.7,80,7,61.9,3464153.228
1.7,80,7,62,2598114.921
1.7,80,7,62.1,4330191.535
1.7,80,7,62.2,3031134.074
1.7,80,7,62.3,3464153.228
1.7,80,7,62.4,3464153.228
1.7,80,7,62.5,4330191.535
1.7,80,7,62.6,3464153.228
1.7,80,7,62.7,4763210.688
1.7,80,7,62.8,1732076.614
1.7,80,7,62.9,5196229.842
1.7,80,7,63,1299057.46
1.7,80,7,63.1,2165095.767
1.7,80,7,63.2,4763210.688
1.7,80,7,63.3,3897172.381
1.7,80,7,63.4,3031134.074
1.7,80,7,63.5,4763210.688
1.7,80,7,63.6,4330191.535
1.7,80,7,63.7,3897172.381
1.7,80,7,63.8,3897172.381
1.7,80,7,63.9,866038.307
1.7,80,7,64,3897172.381
1.7,80,7,64.1,2598114.921
1.7,80,7,64.2,3464153.228
1.7,80,7,64.3,2598114.921
1.7,80,7,64.4,3031134.074
1.7,80,7,64.5,3897172.381
1.7,80,7,64.6,3464153.228
1.7,80,7,64.7,3897172.381
1.7,80,7,64.8,3897172.381
1.7,80,7,64.9,2598114.921
1.7,80,7,65,2598114.921
1.7,80,7,65.1,3464153.228
1.7,80,7,65.2,3464153.228
1.7,80,7,65.3,3897172.381
1.7,80,7,65.4,2598114.921
1.7,80,7,65.5,1732076.614
1.7,80,7,65.6,1732076.614
1.7,80,7,65.7,3031134.074
1.7,80,7,65.8,3031134.074
1.7,80,7,65.9,4763210.688
1.7,80,7,66,3897172.381
1.7,80,7,66.1,3897172.381
1.7,80,7,66.2,4763210.688
1.7,80,7,66.3,6062268.149
1.7,80,7,66.4,3464153.228
1.7,80,7,66.5,1732076.614
1.7,80,7,66.6,3897172.381
1.7,80,7,66.7,3031134.074
1.7,80,7,66.8,4330191.535
1.7,80,7,66.9,3464153.228
1.7,80,7,67,2165095.767
1.7,80,7,67.1,4330191.535
1.7,80,7,67.2,2165095.767
1.7,80,7,67.3,2165095.767
1.7,80,7,67.4,5196229.842
1.7,80,7,67.5,3897172.381
1.7,80,7,67.6,3031134.074
1.7,80,7,67.7,3464153.228
1.7,80,7,67.8,1732076.614
1.7,80,7,67.9,1299057.46
1.7,80,7,68,3031134.074
1.7,80,7,68.1,2598114.921
1.7,80,7,68.2,3031134.074
1.7,80,7,68.3,3031134.074
1.7,80,7,68.4,2165095.767
1.7,80,7,68.5,1732076.614
1.7,80,7,68.6,3897172.381
1.7,80,7,68.7,3031134.074
1.7,80,7,68.8,866038.307
1.7,80,7,68.9,2165095.767
1.7,80,7,69,3031134.074
1.7,80,7,69.1,2165095.767
1.7,80,7,69.2,2598114.921
1.7,80,7,69.3,1732076.614
1.7,80,7,69.4,866038.307
1.7,80,7,69.5,2165095.767
1.7,80,7,69.6,3464153.228
1.7,80,7,69.7,3464153.228
1.7,80,7,69.8,3897172.381
1.7,80,7,69.9,2598114.921
1.7,80,7,70,1732076.614
1.7,80,7,70.1,4763210.688
1.7,80,7,70.2,2165095.767
1.7,80,7,70.3,3031134.074
1.7,80,7,70.5,4330191.535
1.7,80,7,70.6,2165095.767
1.7,80,7,70.7,3464153.228
1.7,80,7,70.8,2165095.767
1.7,80,7,70.9,2165095.767
1.7,80,7,71,2165095.767
1.7,80,7,71.1,3897172.381
1.7,80,7,71.2,3464153.228
1.7,80,7,71.3,1299057.46
1.7,80,7,71.4,3464153.228
1.7,80,7,71.5,1732076.614
1.7,80,7,71.6,2165095.767
1.7,80,7,71.7,2165095.767
1.7,80,7,71.8,866038.307
1.7,80,7,71.9,866038.307
1.7,80,7,72,1732076.614
1.7,80,7,72.1,1732076.614
1.7,80,7,72.2,2165095.767
1.7,80,7,72.3,2165095.767
1.7,80,7,72.4,2598114.921
1.7,80,7,72.5,2165095.767
1.7,80,7,72.6,1299057.46
1.7,80,7,72.7,2165095.767
1.7,80,7,72.8,1732076.614
1.7,80,7,72.9,2165095.767
1.7,80,7,73,1732076.614
1.7,80,7,73.1,866038.307
1.7,80,7,73.2,2598114.921
1.7,80,7,73.3,1299057.46
1.7,80,7,73.4,1732076.614
1.7,80,7,73.5,866038.307
1.7,80,7,73.6,2165095.767
1.7,80,7,73.7,1732076.614
1.7,80,7,73.8,866038.307
1.7,80,7,73.9,866038.307
1.7,80,7,74,433019.1535
1.7,80,7,74.1,2598114.921
1.7,80,7,74.2,1732076.614
1.7,80,7,74.3,433019.1535
1.7,80,7,74.4,1732076.614
1.7,80,7,74.5,3897172.381
1.7,80,7,74.6,866038.307
1.7,80,7,74.7,433019.1535
1.7,80,7,74.8,1299057.46
1.7,80,7,74.9,1299057.46
1.7,80,7,75,1299057.46
1.7,80,7,75.1,2598114.921
1.7,80,7,75.2,433019.1535
1.7,80,7,75.3,1299057.46
1.7,80,7,75.4,1299057.46
1.7,80,7,75.5,433019.1535
1.7,80,7,75.6,1732076.614
1.7,80,7,75.7,433019.1535
1.7,80,7,75.8,1299057.46
1.7,80,7,75.9,1299057.46
1.7,80,7,76,1299057.46
1.7,80,7,76.1,866038.307
1.7,80,7,76.2,1299057.46
1.7,80,7,76.3,1732076.614
1.7,80,7,76.4,1299057.46
1.7,80,7,76.5,1299057.46
1.7,80,7,76.6,433019.1535
1.7,80,7,76.7,1732076.614
1.7,80,7,76.8,866038.307
1.7,80,7,76.9,433019.1535
1.7,80,7,77,1299057.46
1.7,80,7,77.1,433019.1535
1.7,80,7,77.2,433019.1535
1.7,80,7,77.3,1732076.614
1.7,80,7,77.4,1299057.46
1.7,80,7,77.6,1299057.46
1.7,80,7,77.7,433019.1535
1.7,80,7,77.8,1299057.46
1.7,80,7,77.9,866038.307
1.7,80,7,78,1732076.614
1.7,80,7,78.2,1732076.614
1.7,80,7,78.4,1299057.46
1.7,80,7,78.5,433019.1535
1.7,80,7,78.6,433019.1535
1.7,80,7,79,1299057.46
1.7,80,7,79.2,433019.1535
1.7,80,7,79.5,433019.1535
1.7,150,7,3.6,686574.0951
1.7,150,7,3.7,686574.0951
1.7,150,7,3.8,686574.0951
1.7,150,7,3.9,686574.0951
1.7,150,7,4,686574.0951
1.7,150,7,4.1,5492592.761
1.7,150,7,4.2,2059722.285
1.7,150,7,4.3,686574.0951
1.7,150,7,4.4,3432870.475
1.7,150,7,4.5,4119444.57
1.7,150,7,4.6,4119444.57
1.7,150,7,4.7,6865740.951
1.7,150,7,4.8,1373148.19
1.7,150,7,4.9,7552315.046
1.7,150,7,5,8925463.236
1.7,150,7,5.1,8238889.141
1.7,150,7,5.2,8238889.141
1.7,150,7,5.3,10985185.52
1.7,150,7,5.4,12358333.71
1.7,150,7,5.5,12358333.71
1.7,150,7,5.6,8238889.141
1.7,150,7,5.7,12358333.71
1.7,150,7,5.8,16477778.28
1.7,150,7,5.9,15791204.19
1.7,150,7,6,14418056
1.7,150,7,6.1,19224074.66
1.7,150,7,6.2,20597222.85
1.7,150,7,6.3,22656945.14
1.7,150,7,6.4,19910648.76
1.7,150,7,6.5,28836111.99
1.7,150,7,6.6,20597222.85
1.7,150,7,6.7,25403241.52
1.7,150,7,6.8,30209260.18
1.7,150,7,6.9,26089815.61
1.7,150,7,7,36388427.04
1.7,150,7,7.1,32955556.56
1.7,150,7,7.2,33642130.66
1.7,150,7,7.3,29522686.09
1.7,150,7,7.4,179882412.9
1.7,150,7,7.5,43940742.08
1.7,150,7,7.6,47373612.56
1.7,150,7,7.7,39134723.42
1.7,150,7,7.8,34328704.75
1.7,150,7,7.9,49433334.84
1.7,150,7,8,48746760.75
1.7,150,7,8.1,47373612.56
1.7,150,7,8.2,49433334.84
1.7,150,7,8.3,396839826.9
1.7,150,7,8.4,3015433426
1.7,150,7,8.5,50119908.94
1.7,150,7,8.6,44627316.18
1.7,150,7,8.7,42567593.89
1.7,150,7,8.8,101612966.1
1.7,150,7,8.9,59731946.27
1.7,150,7,9,55612501.7
1.7,150,7,9.1,54925927.61
1.7,150,7,9.2,65224539.03
1.7,150,7,9.3,61105094.46
1.7,150,7,9.4,60418520.37
1.7,150,7,9.5,214897691.8
1.7,150,7,9.6,124956485.3
1.7,150,7,9.7,2065901452
1.7,150,7,9.8,262271304.3
1.7,150,7,9.9,153792597.3
1.7,150,7,10,986606974.6
1.7,150,7,10.1,78269446.84
1.7,150,7,10.2,93374076.93
1.7,150,7,10.3,37761575.23
1.7,150,7,10.4,32268982.47
1.7,150,7,10.5,29522686.09
1.7,150,7,10.6,36388427.04
1.7,150,7,10.7,30895834.28
1.7,150,7,10.8,36388427.04
1.7,150,7,10.9,32955556.56
1.7,150,7,11,38448149.32
1.7,150,7,11.1,27462963.8
1.7,150,7,11.2,35701852.94
1.7,150,7,11.3,291793990.4
1.7,150,7,11.4,49433334.84
1.7,150,7,11.5,39134723.42
1.7,150,7,11.6,43254167.99
1.7,150,7,11.7,56299075.8
1.7,150,7,11.8,31582408.37
1.7,150,7,11.9,24716667.42
1.7,150,7,12,37075001.13
1.7,150,7,12.1,20597222.85
1.7,150,7,12.2,24716667.42
1.7,150,7,12.3,26089815.61
1.7,150,7,12.4,26776389.71
1.7,150,7,12.5,29522686.09
1.7,150,7,12.6,30895834.28
1.7,150,7,12.7,22656945.14
1.7,150,7,12.8,29522686.09
1.7,150,7,12.9,29522686.09
1.7,150,7,13,27462963.8
1.7,150,7,13.1,24030093.33
1.7,150,7,13.2,33642130.66
1.7,150,7,13.3,26776389.71
1.7,150,7,13.4,26089815.61
1.7,150,7,13.5,43940742.08
1.7,150,7,13.6,30895834.28
1.7,150,7,13.7,30209260.18
1.7,150,7,13.8,31582408.37
1.7,150,7,13.9,39134723.42
1.7,150,7,14,37075001.13
1.7,150,7,14.1,35015278.85
1.7,150,7,14.2,23343519.23
1.7,150,7,14.3,39134723.42
1.7,150,7,14.4,25403241.52
1.7,150,7,14.5,36388427.04
1.7,150,7,14.6,38448149.32
1.7,150,7,14.7,35015278.85
1.7,150,7,14.8,41881019.8
1.7,150,7,14.9,46000464.37
1.7,150,7,15,35701852.94
1.7,150,7,15.1,43254167.99
1.7,150,7,15.2,34328704.75
1.7,150,7,15.3,35015278.85
1.7,150,7,15.4,43940742.08
1.7,150,7,15.5,36388427.04
1.7,150,7,15.6,30895834.28
1.7,150,7,15.7,39821297.51
1.7,150,7,15.8,28149537.9
1.7,150,7,15.9,37075001.13
1.7,150,7,16,37761575.23
1.7,150,7,16.1,49433334.84
1.7,150,7,16.2,34328704.75
1.7,150,7,16.3,41194445.7
1.7,150,7,16.4,33642130.66
1.7,150,7,16.5,37761575.23
1.7,150,7,16.6,41881019.8
1.7,150,7,16.7,28149537.9
1.7,150,7,16.8,39821297.51
1.7,150,7,16.9,40507871.61
1.7,150,7,17,39821297.51
1.7,150,7,17.1,38448149.32
1.7,150,7,17.2,40507871.61
1.7,150,7,17.3,33642130.66
1.7,150,7,17.4,43940742.08
1.7,150,7,17.5,29522686.09
1.7,150,7,17.6,34328704.75
1.7,150,7,17.7,47373612.56
1.7,150,7,17.8,50806483.04
1.7,150,7,17.9,45313890.27
1.7,150,7,18,37075001.13
1.7,150,7,18.1,43940742.08
1.7,150,7,18.2,54925927.61
1.7,150,7,18.3,43254167.99
1.7,150,7,18.4,31582408.37
1.7,150,7,18.5,52866205.32
1.7,150,7,18.6,41881019.8
1.7,150,7,18.7,46000464.37
1.7,150,7,18.8,45313890.27
1.7,150,7,18.9,46687038.46
1.7,150,7,19,39821297.51
1.7,150,7,19.1,41194445.7
1.7,150,7,19.2,44627316.18
1.7,150,7,19.3,39134723.42
1.7,150,7,19.4,39821297.51
1.7,150,7,19.5,39821297.51
1.7,150,7,19.6,47373612.56
1.7,150,7,19.7,34328704.75
1.7,150,7,19.8,40507871.61
1.7,150,7,19.9,39134723.42
1.7,150,7,20,44627316.18
1.7,150,7,20.1,42567593.89
1.7,150,7,20.2,39821297.51
1.7,150,7,20.3,37075001.13
1.7,150,7,20.4,38448149.32
1.7,150,7,20.5,44627316.18
1.7,150,7,20.6,41194445.7
1.7,150,7,20.7,41194445.7
1.7,150,7,20.8,40507871.61
1.7,150,7,20.9,40507871.61
1.7,150,7,21,42567593.89
1.7,150,7,21.1,45313890.27
1.7,150,7,21.2,39134723.42
1.7,150,7,21.3,46000464.37
1.7,150,7,21.4,44627316.18
1.7,150,7,21.5,37075001.13
1.7,150,7,21.6,44627316.18
1.7,150,7,21.7,44627316.18
1.7,150,7,21.8,36388427.04
1.7,150,7,21.9,48746760.75
1.7,150,7,22,50119908.94
1.7,150,7,22.1,41881019.8
1.7,150,7,22.2,39134723.42
1.7,150,7,22.3,41881019.8
1.7,150,7,22.4,38448149.32
1.7,150,7,22.5,44627316.18
1.7,150,7,22.6,46687038.46
1.7,150,7,22.7,43940742.08
1.7,150,7,22.8,35701852.94
1.7,150,7,22.9,41194445.7
1.7,150,7,23,39821297.51
1.7,150,7,23.1,40507871.61
1.7,150,7,23.2,37761575.23
1.7,150,7,23.3,39134723.42
1.7,150,7,23.4,33642130.66
1.7,150,7,23.5,35015278.85
1.7,150,7,23.6,50119908.94
1.7,150,7,23.7,37075001.13
1.7,150,7,23.8,41881019.8
1.7,150,7,23.9,43940742.08
1.7,150,7,24,28836111.99
1.7,150,7,24.1,44627316.18
1.7,150,7,24.2,40507871.61
1.7,150,7,24.3,55612501.7
1.7,150,7,24.4,48746760.75
1.7,150,7,24.5,47373612.56
1.7,150,7,24.6,32268982.47
1.7,150,7,24.7,37075001.13
1.7,150,7,24.8,29522686.09
1.7,150,7,24.9,33642130.66
1.7,150,7,25,42567593.89
1.7,150,7,25.1,30895834.28
1.7,150,7,25.2,50806483.04
1.7,150,7,25.3,36388427.04
1.7,150,7,25.4,37075001.13
1.7,150,7,25.5,51493057.13
1.7,150,7,25.6,48060186.65
1.7,150,7,25.7,43254167.99
1.7,150,7,25.8,36388427.04
1.7,150,7,25.9,37075001.13
1.7,150,7,26,35701852.94
1.7,150,7,26.1,41881019.8
1.7,150,7,26.2,37075001.13
1.7,150,7,26.3,37075001.13
1.7,150,7,26.4,43940742.08
1.7,150,7,26.5,37075001.13
1.7,150,7,26.6,41194445.7
1.7,150,7,26.7,32268982.47
1.7,150,7,26.8,40507871.61
1.7,150,7,26.9,38448149.32
1.7,150,7,27,39134723.42
1.7,150,7,27.1,42567593.89
1.7,150,7,27.2,37075001.13
1.7,150,7,27.3,43254167.99
1.7,150,7,27.4,37761575.23
1.7,150,7,27.5,39821297.51
1.7,150,7,27.6,39134723.42
1.7,150,7,27.7,38448149.32
1.7,150,7,27.8,37075001.13
1.7,150,7,27.9,34328704.75
1.7,150,7,28,35701852.94
1.7,150,7,28.1,30209260.18
1.7,150,7,28.2,39821297.51
1.7,150,7,28.3,39821297.51
1.7,150,7,28.4,35015278.85
1.7,150,7,28.5,31582408.37
1.7,150,7,28.6,36388427.04
1.7,150,7,28.7,46687038.46
1.7,150,7,28.8,33642130.66
1.7,150,7,28.9,42567593.89
1.7,150,7,29,28149537.9
1.7,150,7,29.1,32268982.47
1.7,150,7,29.2,32268982.47
1.7,150,7,29.3,37761575.23
1.7,150,7,29.4,26089815.61
1.7,150,7,29.5,42567593.89
1.7,150,7,29.6,43940742.08
1.7,150,7,29.7,30209260.18
1.7,150,7,29.8,41881019.8
1.7,150,7,29.9,35701852.94
1.7,150,7,30,30895834.28
1.7,150,7,30.1,44627316.18
1.7,150,7,30.2,34328704.75
1.7,150,7,30.3,30895834.28
1.7,150,7,30.4,34328704.75
1.7,150,7,30.5,30209260.18
1.7,150,7,30.6,35701852.94
1.7,150,7,30.7,40507871.61
1.7,150,7,30.8,33642130.66
1.7,150,7,30.9,36388427.04
1.7,150,7,31,26776389.71
1.7,150,7,31.1,38448149.32
1.7,150,7,31.2,32955556.56
1.7,150,7,31.3,37075001.13
1.7,150,7,31.4,32955556.56
1.7,150,7,31.5,31582408.37
1.7,150,7,31.6,34328704.75
1.7,150,7,31.7,40507871.61
1.7,150,7,31.8,41881019.8
1.7,150,7,31.9,24030093.33
1.7,150,7,32,39134723.42
1.7,150,7,32.1,28836111.99
1.7,150,7,32.2,26776389.71
1.7,150,7,32.3,37075001.13
1.7,150,7,32.4,38448149.32
1.7,150,7,32.5,31582408.37
1.7,150,7,32.6,35015278.85
1.7,150,7,32.7,24030093.33
1.7,150,7,32.8,32955556.56
1.7,150,7,32.9,24030093.33
1.7,150,7,33,34328704.75
1.7,150,7,33.1,30895834.28
1.7,150,7,33.2,31582408.37
1.7,150,7,33.3,29522686.09
1.7,150,7,33.4,35701852.94
1.7,150,7,33.5,30209260.18
1.7,150,7,33.6,30895834.28
1.7,150,7,33.7,30209260.18
1.7,150,7,33.8,31582408.37
1.7,150,7,33.9,28836111.99
1.7,150,7,34,30209260.18
1.7,150,7,34.1,39134723.42
1.7,150,7,34.2,26089815.61
1.7,150,7,34.3,34328704.75
1.7,150,7,34.4,33642130.66
1.7,150,7,34.5,34328704.75
1.7,150,7,34.6,21283796.95
1.7,150,7,34.7,30209260.18
1.7,150,7,34.8,37761575.23
1.7,150,7,34.9,19910648.76
1.7,150,7,35,29522686.09
1.7,150,7,35.1,29522686.09
1.7,150,7,35.2,30895834.28
1.7,150,7,35.3,26089815.61
1.7,150,7,35.4,25403241.52
1.7,150,7,35.5,30895834.28
1.7,150,7,35.6,23343519.23
1.7,150,7,35.7,28836111.99
1.7,150,7,35.8,27462963.8
1.7,150,7,35.9,35015278.85
1.7,150,7,36,29522686.09
1.7,150,7,36.1,31582408.37
1.7,150,7,36.2,21283796.95
1.7,150,7,36.3,36388427.04
1.7,150,7,36.4,25403241.52
1.7,150,7,36.5,24030093.33
1.7,150,7,36.6,31582408.37
1.7,150,7,36.7,21283796.95
1.7,150,7,36.8,34328704.75
1.7,150,7,36.9,28836111.99
1.7,150,7,37,31582408.37
1.7,150,7,37.1,26776389.71
1.7,150,7,37.2,24716667.42
1.7,150,7,37.3,26089815.61
1.7,150,7,37.4,35015278.85
1.7,150,7,37.5,26776389.71
1.7,150,7,37.6,26089815.61
1.7,150,7,37.7,34328704.75
1.7,150,7,37.8,28836111.99
1.7,150,7,37.9,26776389.71
1.7,150,7,38,29522686.09
1.7,150,7,38.1,30209260.18
1.7,150,7,38.2,30209260.18
1.7,150,7,38.3,26089815.61
1.7,150,7,38.4,30895834.28
1.7,150,7,38.5,22656945.14
1.7,150,7,38.6,28149537.9
1.7,150,7,38.7,24716667.42
1.7,150,7,38.8,25403241.52
1.7,150,7,38.9,26089815.61
1.7,150,7,39,24030093.33
1.7,150,7,39.1,28149537.9
1.7,150,7,39.2,26089815.61
1.7,150,7,39.3,24030093.33
1.7,150,7,39.4,30209260.18
1.7,150,7,39.5,21283796.95
1.7,150,7,39.6,27462963.8
1.7,150,7,39.7,22656945.14
1.7,150,7,39.8,19910648.76
1.7,150,7,39.9,32268982.47
1.7,150,7,40,19224074.66
1.7,150,7,40.1,21283796.95
1.7,150,7,40.2,28149537.9
1.7,150,7,40.3,30209260.18
1.7,150,7,40.4,28149537.9
1.7,150,7,40.5,30895834.28
1.7,150,7,40.6,25403241.52
1.7,150,7,40.7,30209260.18
1.7,150,7,40.8,26089815.61
1.7,150,7,40.9,25403241.52
1.7,150,7,41,22656945.14
1.7,150,7,41.1,20597222.85
1.7,150,7,41.2,26089815.61
1.7,150,7,41.3,31582408.37
1.7,150,7,41.4,26776389.71
1.7,150,7,41.5,24030093.33
1.7,150,7,41.6,21283796.95
1.7,150,7,41.7,19910648.76
1.7,150,7,41.8,27462963.8
1.7,150,7,41.9,23343519.23
1.7,150,7,42,24716667.42
1.7,150,7,42.1,26089815.61
1.7,150,7,42.2,22656945.14
1.7,150,7,42.3,21283796.95
1.7,150,7,42.4,24030093.33
1.7,150,7,42.5,25403241.52
1.7,150,7,42.6,24030093.33
1.7,150,7,42.7,27462963.8
1.7,150,7,42.8,29522686.09
1.7,150,7,42.9,17164352.38
1.7,150,7,43,18537500.57
1.7,150,7,43.1,19910648.76
1.7,150,7,43.2,21283796.95
1.7,150,7,43.3,21970371.04
1.7,150,7,43.4,20597222.85
1.7,150,7,43.5,31582408.37
1.7,150,7,43.6,18537500.57
1.7,150,7,43.7,21283796.95
1.7,150,7,43.8,17850926.47
1.7,150,7,43.9,19224074.66
1.7,150,7,44,25403241.52
1.7,150,7,44.1,28149537.9
1.7,150,7,44.2,26089815.61
1.7,150,7,44.3,21283796.95
1.7,150,7,44.4,28836111.99
1.7,150,7,44.5,18537500.57
1.7,150,7,44.6,25403241.52
1.7,150,7,44.7,26089815.61
1.7,150,7,44.8,16477778.28
1.7,150,7,44.9,23343519.23
1.7,150,7,45,15791204.19
1.7,150,7,45.1,19910648.76
1.7,150,7,45.2,26776389.71
1.7,150,7,45.3,19910648.76
1.7,150,7,45.4,26089815.61
1.7,150,7,45.5,17164352.38
1.7,150,7,45.6,19224074.66
1.7,150,7,45.7,19224074.66
1.7,150,7,45.8,30895834.28
1.7,150,7,45.9,21970371.04
1.7,150,7,46,26089815.61
1.7,150,7,46.1,14418056
1.7,150,7,46.2,21283796.95
1.7,150,7,46.3,19224074.66
1.7,150,7,46.4,23343519.23
1.7,150,7,46.5,25403241.52
1.7,150,7,46.6,21283796.95
1.7,150,7,46.7,19910648.76
1.7,150,7,46.8,22656945.14
1.7,150,7,46.9,24030093.33
1.7,150,7,47,18537500.57
1.7,150,7,47.1,21970371.04
1.7,150,7,47.2,31582408.37
1.7,150,7,47.3,21283796.95
1.7,150,7,47.4,18537500.57
1.7,150,7,47.5,17850926.47
1.7,150,7,47.6,15791204.19
1.7,150,7,47.7,18537500.57
1.7,150,7,47.8,19910648.76
1.7,150,7,47.9,19910648.76
1.7,150,7,48,21283796.95
1.7,150,7,48.1,16477778.28
1.7,150,7,48.2,15104630.09
1.7,150,7,48.3,21283796.95
1.7,150,7,48.4,18537500.57
1.7,150,7,48.5,19224074.66
1.7,150,7,48.6,24716667.42
1.7,150,7,48.7,26776389.71
1.7,150,7,48.8,19224074.66
1.7,150,7,48.9,19910648.76
1.7,150,7,49,28149537.9
1.7,150,7,49.1,21970371.04
1.7,150,7,49.2,12358333.71
1.7,150,7,49.3,22656945.14
1.7,150,7,49.4,20597222.85
1.7,150,7,49.5,24716667.42
1.7,150,7,49.6,15104630.09
1.7,150,7,49.7,18537500.57
1.7,150,7,49.8,18537500.57
1.7,150,7,49.9,19224074.66
1.7,150,7,50,24030093.33
1.7,150,7,50.1,24030093.33
1.7,150,7,50.2,17164352.38
1.7,150,7,50.3,21970371.04
1.7,150,7,50.4,23343519.23
1.7,150,7,50.5,16477778.28
1.7,150,7,50.6,15104630.09
1.7,150,7,50.7,17850926.47
1.7,150,7,50.8,21970371.04
1.7,150,7,50.9,17164352.38
1.7,150,7,51,38448149.32
1.7,150,7,51.1,24716667.42
1.7,150,7,51.2,20597222.85
1.7,150,7,51.3,24716667.42
1.7,150,7,51.4,19910648.76
1.7,150,7,51.5,23343519.23
1.7,150,7,51.6,14418056
1.7,150,7,51.7,15791204.19
1.7,150,7,51.8,24030093.33
1.7,150,7,51.9,17850926.47
1.7,150,7,52,17850926.47
1.7,150,7,52.1,13731481.9
1.7,150,7,52.2,26776389.71
1.7,150,7,52.3,17850926.47
1.7,150,7,52.4,16477778.28
1.7,150,7,52.5,18537500.57
1.7,150,7,52.6,10298611.43
1.7,150,7,52.7,17164352.38
1.7,150,7,52.8,15791204.19
1.7,150,7,52.9,17850926.47
1.7,150,7,53,21970371.04
1.7,150,7,53.1,18537500.57
1.7,150,7,53.2,12358333.71
1.7,150,7,53.3,19224074.66
1.7,150,7,53.4,21970371.04
1.7,150,7,53.5,21283796.95
1.7,150,7,53.6,21283796.95
1.7,150,7,53.7,21970371.04
1.7,150,7,53.8,22656945.14
1.7,150,7,53.9,17850926.47
1.7,150,7,54,20597222.85
1.7,150,7,54.1,15791204.19
1.7,150,7,54.2,17164352.38
1.7,150,7,54.3,13731481.9
1.7,150,7,54.4,19224074.66
1.7,150,7,54.5,19224074.66
1.7,150,7,54.6,21283796.95
1.7,150,7,54.7,16477778.28
1.7,150,7,54.8,21283796.95
1.7,150,7,54.9,21283796.95
1.7,150,7,55,15791204.19
1.7,150,7,55.1,19224074.66
1.7,150,7,55.2,17850926.47
1.7,150,7,55.3,20597222.85
1.7,150,7,55.4,19224074.66
1.7,150,7,55.5,21970371.04
1.7,150,7,55.6,18537500.57
1.7,150,7,55.7,12358333.71
1.7,150,7,55.8,15104630.09
1.7,150,7,55.9,16477778.28
1.7,150,7,56,21970371.04
1.7,150,7,56.1,15791204.19
1.7,150,7,56.2,15791204.19
1.7,150,7,56.3,13731481.9
1.7,150,7,56.4,14418056
1.7,150,7,56.5,19224074.66
1.7,150,7,56.6,10985185.52
1.7,150,7,56.7,19224074.66
1.7,150,7,56.8,17164352.38
1.7,150,7,56.9,12358333.71
1.7,150,7,57,23343519.23
1.7,150,7,57.1,13044907.81
1.7,150,7,57.2,21970371.04
1.7,150,7,57.3,13044907.81
1.7,150,7,57.4,12358333.71
1.7,150,7,57.5,18537500.57
1.7,150,7,57.6,13731481.9
1.7,150,7,57.7,19910648.76
1.7,150,7,57.8,13731481.9
1.7,150,7,57.9,15104630.09
1.7,150,7,58,16477778.28
1.7,150,7,58.1,187434728
1.7,150,7,58.2,16477778.28
1.7,150,7,58.3,15104630.09
1.7,150,7,58.4,10985185.52
1.7,150,7,58.5,17164352.38
1.7,150,7,58.6,15791204.19
1.7,150,7,58.7,17164352.38
1.7,150,7,58.8,13731481.9
1.7,150,7,58.9,19224074.66
1.7,150,7,59,8925463.236
1.7,150,7,59.1,24030093.33
1.7,150,7,59.2,10985185.52
1.7,150,7,59.3,11671759.62
1.7,150,7,59.4,17850926.47
1.7,150,7,59.5,318570380.1
1.7,150,7,59.6,17164352.38
1.7,150,7,59.7,15791204.19
1.7,150,7,59.8,9612037.331
1.7,150,7,59.9,10298611.43
1.7,150,7,60,13731481.9
1.7,150,7,60.1,15104630.09
1.7,150,7,60.2,10985185.52
1.7,150,7,60.3,21970371.04
1.7,150,7,60.4,6179166.856
1.7,150,7,60.5,11671759.62
1.7,150,7,60.6,17164352.38
1.7,150,7,60.7,17850926.47
1.7,150,7,60.8,16477778.28
1.7,150,7,60.9,13731481.9
1.7,150,7,61,9612037.331
1.7,150,7,61.1,14418056
1.7,150,7,61.2,17164352.38
1.7,150,7,61.3,13731481.9
1.7,150,7,61.4,10298611.43
1.7,150,7,61.5,22656945.14
1.7,150,7,61.6,19224074.66
1.7,150,7,61.7,17850926.47
1.7,150,7,61.8,14418056
1.7,150,7,61.9,13044907.81
1.7,150,7,62,10985185.52
1.7,150,7,62.1,15104630.09
1.7,150,7,62.2,15104630.09
1.7,150,7,62.3,13731481.9
1.7,150,7,62.4,15791204.19
1.7,150,7,62.5,11671759.62
1.7,150,7,62.6,9612037.331
1.7,150,7,62.7,10985185.52
1.7,150,7,62.8,18537500.57
1.7,150,7,62.9,16477778.28
1.7,150,7,63,10985185.52
1.7,150,7,63.1,19224074.66
1.7,150,7,63.2,13731481.9
1.7,150,7,63.3,20597222.85
1.7,150,7,63.4,10985185.52
1.7,150,7,63.5,12358333.71
1.7,150,7,63.6,13731481.9
1.7,150,7,63.7,13044907.81
1.7,150,7,63.8,13044907.81
1.7,150,7,63.9,15791204.19
1.7,150,7,64,13731481.9
1.7,150,7,64.1,8925463.236
1.7,150,7,64.2,12358333.71
1.7,150,7,64.3,12358333.71
1.7,150,7,64.4,13731481.9
1.7,150,7,64.5,20597222.85
1.7,150,7,64.6,11671759.62
1.7,150,7,64.7,12358333.71
1.7,150,7,64.8,14418056
1.7,150,7,64.9,11671759.62
1.7,150,7,65,12358333.71
1.7,150,7,65.1,11671759.62
1.7,150,7,65.2,12358333.71
1.7,150,7,65.3,9612037.331
1.7,150,7,65.4,11671759.62
1.7,150,7,65.5,10985185.52
1.7,150,7,65.6,17850926.47
1.7,150,7,65.7,8238889.141
1.7,150,7,65.8,14418056
1.7,150,7,65.9,13044907.81
1.7,150,7,66,17164352.38
1.7,150,7,66.1,15104630.09
1.7,150,7,66.2,10985185.52
1.7,150,7,66.3,13731481.9
1.7,150,7,66.4,13044907.81
1.7,150,7,66.5,6865740.951
1.7,150,7,66.6,15791204.19
1.7,150,7,66.7,13044907.81
1.7,150,7,66.8,8925463.236
1.7,150,7,66.9,21283796.95
1.7,150,7,67,6865740.951
1.7,150,7,67.1,46000464.37
1.7,150,7,67.2,12358333.71
1.7,150,7,67.3,13731481.9
1.7,150,7,67.4,67970835.41
1.7,150,7,67.5,13044907.81
1.7,150,7,67.6,11671759.62
1.7,150,7,67.7,14418056
1.7,150,7,67.8,13044907.81
1.7,150,7,67.9,15104630.09
1.7,150,7,68,15791204.19
1.7,150,7,68.1,12358333.71
1.7,150,7,68.2,13044907.81
1.7,150,7,68.3,13044907.81
1.7,150,7,68.4,7552315.046
1.7,150,7,68.5,8925463.236
1.7,150,7,68.6,13044907.81
1.7,150,7,68.7,13044907.81
1.7,150,7,68.8,6865740.951
1.7,150,7,68.9,10985185.52
1.7,150,7,69,14418056
1.7,150,7,69.1,8238889.141
1.7,150,7,69.2,19910648.76
1.7,150,7,69.3,26776389.71
1.7,150,7,69.4,11671759.62
1.7,150,7,69.5,15104630.09
1.7,150,7,69.6,22656945.14
1.7,150,7,69.7,14418056
1.7,150,7,69.8,11671759.62
1.7,150,7,69.9,11671759.62
1.7,150,7,70,9612037.331
1.7,150,7,70.1,14418056
1.7,150,7,70.2,12358333.71
1.7,150,7,70.3,8238889.141
1.7,150,7,70.4,13731481.9
1.7,150,7,70.5,12358333.71
1.7,150,7,70.6,7552315.046
1.7,150,7,70.7,11671759.62
1.7,150,7,70.8,10985185.52
1.7,150,7,70.9,8925463.236
1.7,150,7,71,8925463.236
1.7,150,7,71.1,6865740.951
1.7,150,7,71.2,10985185.52
1.7,150,7,71.3,8238889.141
1.7,150,7,71.4,11671759.62
1.7,150,7,71.5,17164352.38
1.7,150,7,71.6,11671759.62
1.7,150,7,71.7,9612037.331
1.7,150,7,71.8,10298611.43
1.7,150,7,71.9,10985185.52
1.7,150,7,72,10298611.43
1.7,150,7,72.1,10985185.52
1.7,150,7,72.2,13044907.81
1.7,150,7,72.3,13731481.9
1.7,150,7,72.4,10985185.52
1.7,150,7,72.5,9612037.331
1.7,150,7,72.6,16477778.28
1.7,150,7,72.7,15791204.19
1.7,150,7,72.8,8925463.236
1.7,150,7,72.9,8925463.236
1.7,150,7,73,9612037.331
1.7,150,7,73.1,10985185.52
1.7,150,7,73.2,10298611.43
1.7,150,7,73.3,10298611.43
1.7,150,7,73.4,10985185.52
1.7,150,7,73.5,11671759.62
1.7,150,7,73.6,12358333.71
1.7,150,7,73.7,10298611.43
1.7,150,7,73.8,10298611.43
1.7,150,7,73.9,13044907.81
1.7,150,7,74,8238889.141
1.7,150,7,74.1,8238889.141
1.7,150,7,74.2,9612037.331
1.7,150,7,74.3,15104630.09
1.7,150,7,74.4,13044907.81
1.7,150,7,74.5,10985185.52
1.7,150,7,74.6,10985185.52
1.7,150,7,74.7,11671759.62
1.7,150,7,74.8,15104630.09
1.7,150,7,74.9,8925463.236
1.7,150,7,75,13731481.9
1.7,150,7,75.1,10985185.52
1.7,150,7,75.2,18537500.57
1.7,150,7,75.3,7552315.046
1.7,150,7,75.4,10985185.52
1.7,150,7,75.5,8238889.141
1.7,150,7,75.6,11671759.62
1.7,150,7,75.7,10298611.43
1.7,150,7,75.8,7552315.046
1.7,150,7,75.9,11671759.62
1.7,150,7,76,10298611.43
1.7,150,7,76.1,9612037.331
1.7,150,7,76.2,8238889.141
1.7,150,7,76.3,9612037.331
1.7,150,7,76.4,10298611.43
1.7,150,7,76.5,6865740.951
1.7,150,7,76.6,11671759.62
1.7,150,7,76.7,9612037.331
1.7,150,7,76.8,15104630.09
1.7,150,7,76.9,12358333.71
1.7,150,7,77,6179166.856
1.7,150,7,77.1,14418056
1.7,150,7,77.2,4119444.57
1.7,150,7,77.3,10298611.43
1.7,150,7,77.4,8925463.236
1.7,150,7,77.5,8925463.236
1.7,150,7,77.6,7552315.046
1.7,150,7,77.7,12358333.71
1.7,150,7,77.8,10298611.43
1.7,150,7,77.9,9612037.331
1.7,150,7,78,8238889.141
1.7,150,7,78.1,6865740.951
1.7,150,7,78.2,10298611.43
1.7,150,7,78.3,10985185.52
1.7,150,7,78.4,5492592.761
1.7,150,7,78.5,9612037.331
1.7,150,7,78.6,10298611.43
1.7,150,7,78.7,6179166.856
1.7,150,7,78.8,10298611.43
1.7,150,7,78.9,10298611.43
1.7,150,7,79,13731481.9
1.7,150,7,79.1,8925463.236
1.7,150,7,79.2,10985185.52
1.7,150,7,79.3,9612037.331
1.7,150,7,79.4,10985185.52
1.7,150,7,79.5,10985185.52
1.7,150,7,79.6,8925463.236
1.7,150,7,79.7,8925463.236
1.7,150,7,79.8,7552315.046
1.7,150,7,79.9,6179166.856
1.7,150,7,80,7552315.046
1.7,150,7,80.1,11671759.62
1.7,150,7,80.2,12358333.71
1.7,150,7,80.3,8925463.236
1.7,150,7,80.4,10298611.43
1.7,150,7,80.5,11671759.62
1.7,150,7,80.6,10298611.43
1.7,150,7,80.7,9612037.331
1.7,150,7,80.8,10985185.52
1.7,150,7,80.9,10298611.43
1.7,150,7,81,7552315.046
1.7,150,7,81.1,11671759.62
1.7,150,7,81.2,8238889.141
1.7,150,7,81.3,10985185.52
1.7,150,7,81.4,9612037.331
1.7,150,7,81.5,8925463.236
1.7,150,7,81.6,13044907.81
1.7,150,7,81.7,4806018.665
1.7,150,7,81.8,10298611.43
1.7,150,7,81.9,8238889.141
1.7,150,7,82,9612037.331
1.7,150,7,82.1,6865740.951
1.7,150,7,82.2,4806018.665
1.7,150,7,82.3,6865740.951
1.7,150,7,82.4,6865740.951
1.7,150,7,82.5,6179166.856
1.7,150,7,82.6,9612037.331
1.7,150,7,82.7,5492592.761
1.7,150,7,82.8,10298611.43
1.7,150,7,82.9,12358333.71
1.7,150,7,83,9612037.331
1.7,150,7,83.1,10298611.43
1.7,150,7,83.2,8238889.141
1.7,150,7,83.3,8238889.141
1.7,150,7,83.4,4119444.57
1.7,150,7,83.5,6865740.951
1.7,150,7,83.6,9612037.331
1.7,150,7,83.7,8925463.236
1.7,150,7,83.8,11671759.62
1.7,150,7,83.9,4119444.57
1.7,150,7,84,9612037.331
1.7,150,7,84.1,6865740.951
1.7,150,7,84.2,6865740.951
1.7,150,7,84.3,7552315.046
1.7,150,7,84.4,6865740.951
1.7,150,7,84.5,6865740.951
1.7,150,7,84.6,7552315.046
1.7,150,7,84.7,11671759.62
1.7,150,7,84.8,7552315.046
1.7,150,7,84.9,7552315.046
1.7,150,7,85,9612037.331
1.7,150,7,85.1,8925463.236
1.7,150,7,85.2,9612037.331
1.7,150,7,85.3,8925463.236
1.7,150,7,85.4,9612037.331
1.7,150,7,85.5,9612037.331
1.7,150,7,85.6,13731481.9
1.7,150,7,85.7,4119444.57
1.7,150,7,85.8,8238889.141
1.7,150,7,85.9,8238889.141
1.7,150,7,86,6865740.951
1.7,150,7,86.1,9612037.331
1.7,150,7,86.2,4806018.665
1.7,150,7,86.3,10985185.52
1.7,150,7,86.4,4806018.665
1.7,150,7,86.5,7552315.046
1.7,150,7,86.6,12358333.71
1.7,150,7,86.7,7552315.046
1.7,150,7,86.8,9612037.331
1.7,150,7,86.9,6179166.856
1.7,150,7,87,5492592.761
1.7,150,7,87.1,8925463.236
1.7,150,7,87.2,5492592.761
1.7,150,7,87.3,6865740.951
1.7,150,7,87.4,4806018.665
1.7,150,7,87.5,8238889.141
1.7,150,7,87.6,6179166.856
1.7,150,7,87.7,4806018.665
1.7,150,7,87.8,8925463.236
1.7,150,7,87.9,5492592.761
1.7,150,7,88,6179166.856
1.7,150,7,88.1,6179166.856
1.7,150,7,88.2,7552315.046
1.7,150,7,88.3,7552315.046
1.7,150,7,88.4,4806018.665
1.7,150,7,88.5,10985185.52
1.7,150,7,88.6,8925463.236
1.7,150,7,88.7,10298611.43
1.7,150,7,88.8,8925463.236
1.7,150,7,88.9,8925463.236
1.7,150,7,89,8238889.141
1.7,150,7,89.1,7552315.046
1.7,150,7,89.2,6865740.951
1.7,150,7,89.3,10298611.43
1.7,150,7,89.4,7552315.046
1.7,150,7,89.5,10298611.43
1.7,150,7,89.6,7552315.046
1.7,150,7,89.7,4806018.665
1.7,150,7,89.8,6865740.951
1.7,150,7,89.9,4119444.57
1.7,150,7,90,5492592.761
1.7,150,7,90.1,8238889.141
1.7,150,7,90.2,8238889.141
1.7,150,7,90.3,4119444.57
1.7,150,7,90.4,6179166.856
1.7,150,7,90.5,6179166.856
1.7,150,7,90.6,11671759.62
1.7,150,7,90.7,4806018.665
1.7,150,7,90.8,4119444.57
1.7,150,7,90.9,4806018.665
1.7,150,7,91,7552315.046
1.7,150,7,91.1,2746296.38
1.7,150,7,91.2,6179166.856
1.7,150,7,91.3,5492592.761
1.7,150,7,91.4,7552315.046
1.7,150,7,91.5,8238889.141
1.7,150,7,91.6,8238889.141
1.7,150,7,91.7,4806018.665
1.7,150,7,91.8,5492592.761
1.7,150,7,91.9,7552315.046
1.7,150,7,92,2746296.38
1.7,150,7,92.1,10985185.52
1.7,150,7,92.2,6865740.951
1.7,150,7,92.3,5492592.761
1.7,150,7,92.4,6865740.951
1.7,150,7,92.5,7552315.046
1.7,150,7,92.6,6865740.951
1.7,150,7,92.7,4806018.665
1.7,150,7,92.8,4806018.665
1.7,150,7,92.9,8925463.236
1.7,150,7,93,6865740.951
1.7,150,7,93.1,4806018.665
1.7,150,7,93.2,5492592.761
1.7,150,7,93.3,8925463.236
1.7,150,7,93.4,4806018.665
1.7,150,7,93.5,7552315.046
1.7,150,7,93.6,8925463.236
1.7,150,7,93.7,5492592.761
1.7,150,7,93.8,8925463.236
1.7,150,7,93.9,4119444.57
1.7,150,7,94,6179166.856
1.7,150,7,94.1,2746296.38
1.7,150,7,94.2,2059722.285
1.7,150,7,94.3,4806018.665
1.7,150,7,94.4,4806018.665
1.7,150,7,94.5,4806018.665
1.7,150,7,94.6,9612037.331
1.7,150,7,94.7,8925463.236
1.7,150,7,94.8,4806018.665
1.7,150,7,94.9,3432870.475
1.7,150,7,95,5492592.761
1.7,150,7,95.1,6865740.951
1.7,150,7,95.2,8925463.236
1.7,150,7,95.3,4119444.57
1.7,150,7,95.4,5492592.761
1.7,150,7,95.5,9612037.331
1.7,150,7,95.6,6865740.951
1.7,150,7,95.7,3432870.475
1.7,150,7,95.8,3432870.475
1.7,150,7,95.9,4119444.57
1.7,150,7,96,6179166.856
1.7,150,7,96.1,4806018.665
1.7,150,7,96.2,6179166.856
1.7,150,7,96.3,4119444.57
1.7,150,7,96.4,5492592.761
1.7,150,7,96.5,7552315.046
1.7,150,7,96.6,6179166.856
1.7,150,7,96.7,6865740.951
1.7,150,7,96.8,8238889.141
1.7,150,7,96.9,7552315.046
1.7,150,7,97,7552315.046
1.7,150,7,97.1,4119444.57
1.7,150,7,97.2,6179166.856
1.7,150,7,97.3,6865740.951
1.7,150,7,97.4,5492592.761
1.7,150,7,97.5,6179166.856
1.7,150,7,97.6,6179166.856
1.7,150,7,97.7,8238889.141
1.7,150,7,97.8,9612037.331
1.7,150,7,97.9,8925463.236
1.7,150,7,98,8238889.141
1.7,150,7,98.1,6865740.951
1.7,150,7,98.2,3432870.475
1.7,150,7,98.3,4806018.665
1.7,150,7,98.4,6865740.951
1.7,150,7,98.5,4806018.665
1.7,150,7,98.6,9612037.331
1.7,150,7,98.7,5492592.761
1.7,150,7,98.8,7552315.046
1.7,150,7,98.9,4119444.57
1.7,150,7,99,4119444.57
1.7,150,7,99.1,4806018.665
1.7,150,7,99.2,2746296.38
1.7,150,7,99.3,8238889.141
1.7,150,7,99.4,7552315.046
1.7,150,7,99.5,6179166.856
1.7,150,7,99.6,6179166.856
1.7,150,7,99.7,5492592.761
1.7,150,7,99.8,6865740.951
1.7,150,7,99.9,4119444.57
1.7,150,7,100,6865740.951
1.7,150,7,100.1,9612037.331
1.7,150,7,100.2,5492592.761
1.7,150,7,100.3,8238889.141
1.7,150,7,100.4,2746296.38
1.7,150,7,100.5,6179166.856
1.7,150,7,100.6,4806018.665
1.7,150,7,100.7,5492592.761
1.7,150,7,100.8,6179166.856
1.7,150,7,100.9,2059722.285
1.7,150,7,101,4119444.57
1.7,150,7,101.1,8238889.141
1.7,150,7,101.2,1373148.19
1.7,150,7,101.3,6179166.856
1.7,150,7,101.4,8238889.141
1.7,150,7,101.5,4119444.57
1.7,150,7,101.6,6179166.856
1.7,150,7,101.7,4806018.665
1.7,150,7,101.8,3432870.475
1.7,150,7,101.9,4806018.665
1.7,150,7,102,2059722.285
1.7,150,7,102.1,7552315.046
1.7,150,7,102.2,7552315.046
1.7,150,7,102.3,4119444.57
1.7,150,7,102.4,7552315.046
1.7,150,7,102.5,4806018.665
1.7,150,7,102.6,4806018.665
1.7,150,7,102.7,4806018.665
1.7,150,7,102.8,4806018.665
1.7,150,7,102.9,7552315.046
1.7,150,7,103,7552315.046
1.7,150,7,103.1,2746296.38
1.7,150,7,103.2,7552315.046
1.7,150,7,103.3,5492592.761
1.7,150,7,103.4,5492592.761
1.7,150,7,103.5,4806018.665
1.7,150,7,103.6,1373148.19
1.7,150,7,103.7,3432870.475
1.7,150,7,103.8,2059722.285
1.7,150,7,103.9,4806018.665
1.7,150,7,104,7552315.046
1.7,150,7,104.1,10298611.43
1.7,150,7,104.2,2746296.38
1.7,150,7,104.3,5492592.761
1.7,150,7,104.4,5492592.761
1.7,150,7,104.5,3432870.475
1.7,150,7,104.6,4806018.665
1.7,150,7,104.7,2746296.38
1.7,150,7,104.8,4806018.665
1.7,150,7,104.9,3432870.475
1.7,150,7,105,4806018.665
1.7,150,7,105.1,6865740.951
1.7,150,7,105.2,5492592.761
1.7,150,7,105.3,5492592.761
1.7,150,7,105.4,4806018.665
1.7,150,7,105.5,2746296.38
1.7,150,7,105.6,8238889.141
1.7,150,7,105.7,2746296.38
1.7,150,7,105.8,1373148.19
1.7,150,7,105.9,4119444.57
1.7,150,7,106,2746296.38
1.7,150,7,106.1,2746296.38
1.7,150,7,106.2,5492592.761
1.7,150,7,106.3,3432870.475
1.7,150,7,106.4,5492592.761
1.7,150,7,106.5,4806018.665
1.7,150,7,106.6,8238889.141
1.7,150,7,106.7,4806018.665
1.7,150,7,106.8,6179166.856
1.7,150,7,106.9,6179166.856
1.7,150,7,107,5492592.761
1.7,150,7,107.1,6179166.856
1.7,150,7,107.2,3432870.475
1.7,150,7,107.3,8238889.141
1.7,150,7,107.4,4119444.57
1.7,150,7,107.5,4806018.665
1.7,150,7,107.6,5492592.761
1.7,150,7,107.7,2746296.38
1.7,150,7,107.8,5492592.761
1.7,150,7,107.9,1373148.19
1.7,150,7,108,5492592.761
1.7,150,7,108.1,6865740.951
1.7,150,7,108.2,2059722.285
1.7,150,7,108.3,2746296.38
1.7,150,7,108.4,4806018.665
1.7,150,7,108.5,7552315.046
1.7,150,7,108.6,4119444.57
1.7,150,7,108.7,6179166.856
1.7,150,7,108.8,2059722.285
1.7,150,7,108.9,5492592.761
1.7,150,7,109,2746296.38
1.7,150,7,109.1,7552315.046
1.7,150,7,109.2,4806018.665
1.7,150,7,109.3,9612037.331
1.7,150,7,109.4,3432870.475
1.7,150,7,109.5,6865740.951
1.7,150,7,109.6,3432870.475
1.7,150,7,109.7,5492592.761
1.7,150,7,109.8,9612037.331
1.7,150,7,109.9,6179166.856
1.7,150,7,110,5492592.761
1.7,150,7,110.1,3432870.475
1.7,150,7,110.2,1373148.19
1.7,150,7,110.3,2746296.38
1.7,150,7,110.4,2059722.285
1.7,150,7,110.5,4119444.57
1.7,150,7,110.6,4119444.57
1.7,150,7,110.7,6179166.856
1.7,150,7,110.8,6865740.951
1.7,150,7,110.9,3432870.475
1.7,150,7,111,2746296.38
1.7,150,7,111.1,2059722.285
1.7,150,7,111.2,4806018.665
1.7,150,7,111.3,5492592.761
1.7,150,7,111.4,5492592.761
1.7,150,7,111.5,3432870.475
1.7,150,7,111.6,4806018.665
1.7,150,7,111.7,4806018.665
1.7,150,7,111.8,4806018.665
1.7,150,7,111.9,686574.0951
1.7,150,7,112,2746296.38
1.7,150,7,112.1,3432870.475
1.7,150,7,112.2,1373148.19
1.7,150,7,112.3,686574.0951
1.7,150,7,112.4,2746296.38
1.7,150,7,112.5,2059722.285
1.7,150,7,112.6,6179166.856
1.7,150,7,112.7,5492592.761
1.7,150,7,112.8,4806018.665
1.7,150,7,112.9,4806018.665
1.7,150,7,113,4119444.57
1.7,150,7,113.1,6179166.856
1.7,150,7,113.2,3432870.475
1.7,150,7,113.3,2746296.38
1.7,150,7,113.4,4119444.57
1.7,150,7,113.5,4806018.665
1.7,150,7,113.6,2059722.285
1.7,150,7,113.7,2746296.38
1.7,150,7,113.8,4119444.57
1.7,150,7,113.9,2746296.38
1.7,150,7,114,4119444.57
1.7,150,7,114.1,2746296.38
1.7,150,7,114.2,2746296.38
1.7,150,7,114.3,4119444.57
1.7,150,7,114.4,4119444.57
1.7,150,7,114.5,5492592.761
1.7,150,7,114.6,3432870.475
1.7,150,7,114.7,6179166.856
1.7,150,7,114.8,4119444.57
1.7,150,7,114.9,4806018.665
1.7,150,7,115,5492592.761
1.7,150,7,115.1,4806018.665
1.7,150,7,115.2,2746296.38
1.7,150,7,115.3,5492592.761
1.7,150,7,115.4,5492592.761
1.7,150,7,115.5,2059722.285
1.7,150,7,115.6,2746296.38
1.7,150,7,115.7,5492592.761
1.7,150,7,115.8,2746296.38
1.7,150,7,115.9,3432870.475
1.7,150,7,116,4119444.57
1.7,150,7,116.1,5492592.761
1.7,150,7,116.2,2746296.38
1.7,150,7,116.3,6179166.856
1.7,150,7,116.4,2059722.285
1.7,150,7,116.5,8925463.236
1.7,150,7,116.6,2059722.285
1.7,150,7,116.7,4806018.665
1.7,150,7,116.8,5492592.761
1.7,150,7,116.9,4119444.57
1.7,150,7,117,2059722.285
1.7,150,7,117.1,5492592.761
1.7,150,7,117.2,2059722.285
1.7,150,7,117.3,3432870.475
1.7,150,7,117.4,2059722.285
1.7,150,7,117.5,4806018.665
1.7,150,7,117.6,5492592.761
1.7,150,7,117.7,4119444.57
1.7,150,7,117.8,3432870.475
1.7,150,7,117.9,1373148.19
1.7,150,7,118,2746296.38
1.7,150,7,118.1,6865740.951
1.7,150,7,118.2,2059722.285
1.7,150,7,118.3,3432870.475
1.7,150,7,118.4,686574.0951
1.7,150,7,118.5,3432870.475
1.7,150,7,118.6,4806018.665
1.7,150,7,118.7,1373148.19
1.7,150,7,118.8,4806018.665
1.7,150,7,118.9,4806018.665
1.7,150,7,119,6865740.951
1.7,150,7,119.1,4119444.57
1.7,150,7,119.2,2746296.38
1.7,150,7,119.3,5492592.761
1.7,150,7,119.4,1373148.19
1.7,150,7,119.5,8925463.236
1.7,150,7,119.6,2059722.285
1.7,150,7,119.7,4119444.57
1.7,150,7,119.8,5492592.761
1.7,150,7,119.9,4119444.57
1.7,150,7,120,2059722.285
1.7,150,7,120.1,2746296.38
1.7,150,7,120.2,2746296.38
1.7,150,7,120.3,2746296.38
1.7,150,7,120.4,1373148.19
1.7,150,7,120.5,2059722.285
1.7,150,7,120.6,2746296.38
1.7,150,7,120.7,2059722.285
1.7,150,7,120.8,2059722.285
1.7,150,7,120.9,2059722.285
1.7,150,7,121,4119444.57
1.7,150,7,121.1,2059722.285
1.7,150,7,121.2,1373148.19
1.7,150,7,121.3,5492592.761
1.7,150,7,121.4,1373148.19
1.7,150,7,121.5,2059722.285
1.7,150,7,121.6,3432870.475
1.7,150,7,121.7,4806018.665
1.7,150,7,121.8,2746296.38
1.7,150,7,121.9,6179166.856
1.7,150,7,122,2746296.38
1.7,150,7,122.1,2746296.38
1.7,150,7,122.2,3432870.475
1.7,150,7,122.3,2059722.285
1.7,150,7,122.4,2059722.285
1.7,150,7,122.5,3432870.475
1.7,150,7,122.6,2746296.38
1.7,150,7,122.7,4806018.665
1.7,150,7,122.8,2746296.38
1.7,150,7,122.9,2059722.285
1.7,150,7,123,5492592.761
1.7,150,7,123.1,4806018.665
1.7,150,7,123.2,7552315.046
1.7,150,7,123.3,2059722.285
1.7,150,7,123.4,4806018.665
1.7,150,7,123.5,5492592.761
1.7,150,7,123.6,7552315.046
1.7,150,7,123.7,686574.0951
1.7,150,7,123.8,2059722.285
1.7,150,7,123.9,6865740.951
1.7,150,7,124,3432870.475
1.7,150,7,124.1,2746296.38
1.7,150,7,124.2,2059722.285
1.7,150,7,124.3,4119444.57
1.7,150,7,124.4,4119444.57
1.7,150,7,124.5,2059722.285
1.7,150,7,124.6,2746296.38
1.7,150,7,124.7,6179166.856
1.7,150,7,124.8,4806018.665
1.7,150,7,124.9,4119444.57
1.7,150,7,125,2059722.285
1.7,150,7,125.1,1373148.19
1.7,150,7,125.2,3432870.475
1.7,150,7,125.3,1373148.19
1.7,150,7,125.4,4119444.57
1.7,150,7,125.5,1373148.19
1.7,150,7,125.6,2746296.38
1.7,150,7,125.7,3432870.475
1.7,150,7,125.9,2746296.38
1.7,150,7,126,1373148.19
1.7,150,7,126.1,1373148.19
1.7,150,7,126.2,2059722.285
1.7,150,7,126.3,3432870.475
1.7,150,7,126.4,2746296.38
1.7,150,7,126.5,1373148.19
1.7,150,7,126.6,2746296.38
1.7,150,7,126.7,3432870.475
1.7,150,7,126.8,2746296.38
1.7,150,7,126.9,2059722.285
1.7,150,7,127,4119444.57
1.7,150,7,127.1,1373148.19
1.7,150,7,127.2,2059722.285
1.7,150,7,127.3,2059722.285
1.7,150,7,127.4,2746296.38
1.7,150,7,127.5,686574.0951
1.7,150,7,127.6,2746296.38
1.7,150,7,127.7,3432870.475
1.7,150,7,127.8,1373148.19
1.7,150,7,127.9,3432870.475
1.7,150,7,128,4119444.57
1.7,150,7,128.1,4806018.665
1.7,150,7,128.2,3432870.475
1.7,150,7,128.3,4119444.57
1.7,150,7,128.4,686574.0951
1.7,150,7,128.5,2746296.38
1.7,150,7,128.6,1373148.19
1.7,150,7,128.7,2059722.285
1.7,150,7,128.8,4806018.665
1.7,150,7,128.9,2746296.38
1.7,150,7,129,2059722.285
1.7,150,7,129.1,2059722.285
1.7,150,7,129.2,1373148.19
1.7,150,7,129.3,2059722.285
1.7,150,7,129.4,3432870.475
1.7,150,7,129.5,2059722.285
1.7,150,7,129.6,3432870.475
1.7,150,7,129.7,5492592.761
1.7,150,7,129.8,2059722.285
1.7,150,7,129.9,686574.0951
1.7,150,7,130,686574.0951
1.7,150,7,130.1,2059722.285
1.7,150,7,130.2,3432870.475
1.7,150,7,130.3,686574.0951
1.7,150,7,130.4,2059722.285
1.7,150,7,130.5,2746296.38
1.7,150,7,130.6,2746296.38
1.7,150,7,130.7,2059722.285
1.7,150,7,130.8,2059722.285
1.7,150,7,130.9,686574.0951
1.7,150,7,131.1,1373148.19
1.7,150,7,131.2,3432870.475
1.7,150,7,131.3,2059722.285
1.7,150,7,131.4,1373148.19
1.7,150,7,131.5,2059722.285
1.7,150,7,131.6,2746296.38
1.7,150,7,131.7,4119444.57
1.7,150,7,131.8,3432870.475
1.7,150,7,131.9,2059722.285
1.7,150,7,132,2746296.38
1.7,150,7,132.1,1373148.19
1.7,150,7,132.2,1373148.19
1.7,150,7,132.3,3432870.475
1.7,150,7,132.4,1373148.19
1.7,150,7,132.5,1373148.19
1.7,150,7,132.6,2746296.38
1.7,150,7,132.8,1373148.19
1.7,150,7,132.9,2059722.285
1.7,150,7,133,2746296.38
1.7,150,7,133.1,3432870.475
1.7,150,7,133.2,2059722.285
1.7,150,7,133.3,3432870.475
1.7,150,7,133.4,4119444.57
1.7,150,7,133.5,1373148.19
1.7,150,7,133.7,1373148.19
1.7,150,7,133.8,686574.0951
1.7,150,7,133.9,3432870.475
1.7,150,7,134,1373148.19
1.7,150,7,134.1,1373148.19
1.7,150,7,134.2,2746296.38
1.7,150,7,134.3,2059722.285
1.7,150,7,134.4,1373148.19
1.7,150,7,134.6,1373148.19
1.7,150,7,134.7,2746296.38
1.7,150,7,134.8,1373148.19
1.7,150,7,134.9,2746296.38
1.7,150,7,135,1373148.19
1.7,150,7,135.1,2746296.38
1.7,150,7,135.2,686574.0951
1.7,150,7,135.3,3432870.475
1.7,150,7,135.4,686574.0951
1.7,150,7,135.5,1373148.19
1.7,150,7,135.6,1373148.19
1.7,150,7,135.7,1373148.19
1.7,150,7,135.8,1373148.19
1.7,150,7,135.9,2059722.285
1.7,150,7,136,686574.0951
1.7,150,7,136.1,2059722.285
1.7,150,7,136.2,686574.0951
1.7,150,7,136.4,3432870.475
1.7,150,7,136.5,2746296.38
1.7,150,7,136.6,1373148.19
1.7,150,7,136.7,2746296.38
1.7,150,7,136.8,1373148.19
1.7,150,7,136.9,2059722.285
1.7,150,7,137,1373148.19
1.7,150,7,137.1,686574.0951
1.7,150,7,137.2,686574.0951
1.7,150,7,137.3,2059722.285
1.7,150,7,137.4,2059722.285
1.7,150,7,137.6,1373148.19
1.7,150,7,137.7,1373148.19
1.7,150,7,137.8,2059722.285
1.7,150,7,137.9,1373148.19
1.7,150,7,138,3432870.475
1.7,150,7,138.1,2059722.285
1.7,150,7,138.2,2059722.285
1.7,150,7,138.3,686574.0951
1.7,150,7,138.4,1373148.19
1.7,150,7,138.5,1373148.19
1.7,150,7,138.7,1373148.19
1.7,150,7,138.8,686574.0951
1.7,150,7,138.9,1373148.19
1.7,150,7,139,3432870.475
1.7,150,7,139.1,2059722.285
1.7,150,7,139.2,1373148.19
1.7,150,7,139.3,3432870.475
1.7,150,7,139.4,686574.0951
1.7,150,7,139.5,686574.0951
1.7,150,7,139.6,2746296.38
1.7,150,7,139.7,1373148.19
1.7,150,7,139.8,2059722.285
1.7,150,7,139.9,2059722.285
1.7,150,7,140,2059722.285
1.7,150,7,140.1,686574.0951
1.7,150,7,140.2,1373148.19
1.7,150,7,140.3,686574.0951
1.7,150,7,140.4,1373148.19
1.7,150,7,140.5,1373148.19
1.7,150,7,140.7,2746296.38
1.7,150,7,140.8,686574.0951
1.7,150,7,140.9,686574.0951
1.7,150,7,141,686574.0951
1.7,150,7,141.1,1373148.19
1.7,150,7,141.2,1373148.19
1.7,150,7,141.3,2059722.285
1.7,150,7,141.4,2059722.285
1.7,150,7,141.5,2059722.285
1.7,150,7,141.6,686574.0951
1.7,150,7,141.7,2746296.38
1.7,150,7,141.8,686574.0951
1.7,150,7,141.9,686574.0951
1.7,150,7,142.1,2059722.285
1.7,150,7,142.2,1373148.19
1.7,150,7,142.3,686574.0951
1.7,150,7,142.4,1373148.19
1.7,150,7,142.5,1373148.19
1.7,150,7,142.6,2059722.285
1.7,150,7,142.8,2746296.38
1.7,150,7,142.9,686574.0951
1.7,150,7,143,2059722.285
1.7,150,7,143.1,686574.0951
1.7,150,7,143.2,1373148.19
1.7,150,7,143.3,1373148.19
1.7,150,7,143.4,686574.0951
1.7,150,7,143.6,686574.0951
1.7,150,7,143.9,2059722.285
1.7,150,7,144,1373148.19
1.7,150,7,144.1,686574.0951
1.7,150,7,144.2,686574.0951
1.7,150,7,144.3,1373148.19
1.7,150,7,144.5,686574.0951
1.7,150,7,144.6,1373148.19
1.7,150,7,144.8,686574.0951
1.7,150,7,144.9,1373148.19
1.7,150,7,145,2746296.38
1.7,150,7,145.3,686574.0951
1.7,150,7,145.6,686574.0951
1.7,150,7,145.7,1373148.19
1.7,150,7,145.8,686574.0951
1.7,150,7,145.9,686574.0951
1.7,150,7,146,686574.0951
1.7,150,7,146.1,686574.0951
1.7,150,7,146.2,1373148.19
1.7,150,7,146.3,686574.0951
1.7,150,7,146.8,686574.0951
1.7,150,7,147,686574.0951
1.7,150,7,147.2,686574.0951
1.7,150,7,147.3,686574.0951
1.7,150,7,147.8,2059722.285
1.7,150,7,147.9,1373148.19
1.7,150,7,148,686574.0951
1.7,150,7,148.1,686574.0951
1.7,150,7,148.2,686574.0951
1.7,150,7,148.6,1373148.19
1.7,150,7,149.3,686574.0951
1.7,150,7,149.9,686574.0951
5,40,1,3.3,72645.19854
5,40,1,3.4,217935.5956
5,40,1,3.5,290580.7942
5,40,1,3.6,363225.9927
5,40,1,3.7,363225.9927
5,40,1,3.8,653806.7869
5,40,1,3.9,871742.3825
5,40,1,4,1670839.566
5,40,1,4.1,1743484.765
5,40,1,4.2,1743484.765
5,40,1,4.3,2542581.949
5,40,1,4.4,3486969.53
5,40,1,4.5,3995485.92
5,40,1,4.6,4867228.302
5,40,1,4.7,6320132.273
5,40,1,4.8,7046584.258
5,40,1,4.9,6610713.067
5,40,1,5,8717423.825
5,40,1,5.1,7700391.045
5,40,1,5.2,9153295.016
5,40,1,5.3,11042070.18
5,40,1,5.4,10606198.99
5,40,1,5.5,12277038.55
5,40,1,5.6,13439361.73
5,40,1,5.7,15255491.69
5,40,1,5.8,15764008.08
5,40,1,5.9,15473427.29
5,40,1,6,14601684.91
5,40,1,6.1,17798073.64
5,40,1,6.2,19614203.61
5,40,1,6.3,19323622.81
5,40,1,6.4,18669816.03
5,40,1,6.5,19832139.2
5,40,1,6.6,19686848.8
5,40,1,6.7,21866204.76
5,40,1,6.8,23028527.94
5,40,1,6.9,17943364.04
5,40,1,7,24408786.71
5,40,1,7.1,22520011.55
5,40,1,7.2,22665301.94
5,40,1,7.3,21648269.17
5,40,1,7.4,66688292.26
5,40,1,7.5,23391753.93
5,40,1,7.6,24989948.3
5,40,1,7.7,22883237.54
5,40,1,7.8,25716400.28
5,40,1,7.9,24844657.9
5,40,1,8,23827625.12
5,40,1,8.1,26224916.67
5,40,1,8.2,24190851.11
5,40,1,8.3,117104060
5,40,1,8.4,830189328.9
5,40,1,8.5,25643755.09
5,40,1,8.6,26079626.28
5,40,1,8.7,25062593.5
5,40,1,8.8,34942340.5
5,40,1,8.9,24481431.91
5,40,1,9,24772012.7
5,40,1,9.1,22447366.35
5,40,1,9.2,26878723.46
5,40,1,9.3,27677820.64
5,40,1,9.4,25498464.69
5,40,1,9.5,52813059.34
5,40,1,9.6,36685825.26
5,40,1,9.7,394826654.1
5,40,1,9.8,61457837.97
5,40,1,9.9,45403249.09
5,40,1,10,198539327.6
5,40,1,10.1,26951368.66
5,40,1,10.2,30946854.58
5,40,1,10.3,23754979.92
5,40,1,10.4,19832139.2
5,40,1,10.5,21938849.96
5,40,1,10.6,19904784.4
5,40,1,10.7,19033042.02
5,40,1,10.8,21938849.96
5,40,1,10.9,20703881.58
5,40,1,11,21793559.56
5,40,1,11.1,19614203.61
5,40,1,11.2,19686848.8
5,40,1,11.3,91242369.37
5,40,1,11.4,20413300.79
5,40,1,11.5,18669816.03
5,40,1,11.6,26733433.06
5,40,1,11.7,28622208.23
5,40,1,11.8,19904784.4
5,40,1,11.9,17580138.05
5,40,1,12,22520011.55
5,40,1,12.1,16853686.06
5,40,1,12.2,18597170.83
5,40,1,12.3,18887751.62
5,40,1,12.4,16708395.66
5,40,1,12.5,19105687.22
5,40,1,12.6,18451880.43
5,40,1,12.7,17216912.05
5,40,1,12.8,17507492.85
5,40,1,12.9,16199879.27
5,40,1,13,17507492.85
5,40,1,13.1,17071621.66
5,40,1,13.2,17652783.25
5,40,1,13.3,18815106.42
5,40,1,13.4,16272524.47
5,40,1,13.5,16054588.88
5,40,1,13.6,16127234.08
5,40,1,13.7,16054588.88
5,40,1,13.8,17798073.64
5,40,1,13.9,16998976.46
5,40,1,14,17580138.05
5,40,1,14.1,16853686.06
5,40,1,14.2,17652783.25
5,40,1,14.3,14020523.32
5,40,1,14.4,16926331.26
5,40,1,14.5,18379235.23
5,40,1,14.6,15764008.08
5,40,1,14.7,17216912.05
5,40,1,14.8,18016009.24
5,40,1,14.9,15328136.89
5,40,1,15,15182846.5
5,40,1,15.1,15909298.48
5,40,1,15.2,15037556.1
5,40,1,15.3,16199879.27
5,40,1,15.4,14601684.91
5,40,1,15.5,17507492.85
5,40,1,15.6,14311104.11
5,40,1,15.7,15836653.28
5,40,1,15.8,14601684.91
5,40,1,15.9,14238458.91
5,40,1,16,14746975.3
5,40,1,16.1,13584652.13
5,40,1,16.2,12204393.35
5,40,1,16.3,16490460.07
5,40,1,16.4,16417814.87
5,40,1,16.5,13657297.33
5,40,1,16.6,13148780.94
5,40,1,16.7,15328136.89
5,40,1,16.8,14311104.11
5,40,1,16.9,14456394.51
5,40,1,17,12567619.35
5,40,1,17.1,14093168.52
5,40,1,17.2,12349683.75
5,40,1,17.3,12930845.34
5,40,1,17.4,12930845.34
5,40,1,17.5,13294071.33
5,40,1,17.6,13439361.73
5,40,1,17.7,13221426.13
5,40,1,17.8,13221426.13
5,40,1,17.9,13003490.54
5,40,1,18,12858200.14
5,40,1,18.1,12712909.74
5,40,1,18.2,13802587.72
5,40,1,18.3,12349683.75
5,40,1,18.4,11768522.16
5,40,1,18.5,11986457.76
5,40,1,18.6,12059102.96
5,40,1,18.7,10533553.79
5,40,1,18.8,11986457.76
5,40,1,18.9,11187360.58
5,40,1,19,11986457.76
5,40,1,19.1,12567619.35
5,40,1,19.2,10606198.99
5,40,1,19.3,11477941.37
5,40,1,19.4,13294071.33
5,40,1,19.5,11913812.56
5,40,1,19.6,11550586.57
5,40,1,19.7,11550586.57
5,40,1,19.8,10242972.99
5,40,1,19.9,10969424.98
5,40,1,20,11986457.76
5,40,1,20.1,12494974.15
5,40,1,20.2,10170327.8
5,40,1,20.3,10388263.39
5,40,1,20.4,11405296.17
5,40,1,20.5,10969424.98
5,40,1,20.6,8063617.038
5,40,1,20.7,9661811.406
5,40,1,20.8,8790069.023
5,40,1,20.9,9298585.413
5,40,1,21,8644778.626
5,40,1,21.1,10170327.8
5,40,1,21.2,7990971.84
5,40,1,21.3,9298585.413
5,40,1,21.4,10460908.59
5,40,1,21.5,11114715.38
5,40,1,21.6,9371230.612
5,40,1,21.7,10170327.8
5,40,1,21.8,10460908.59
5,40,1,21.9,8935359.421
5,40,1,22,9298585.413
5,40,1,22.1,11477941.37
5,40,1,22.2,8354197.832
5,40,1,22.3,10170327.8
5,40,1,22.4,8499488.229
5,40,1,22.5,8354197.832
5,40,1,22.6,9443875.81
5,40,1,22.7,8136262.237
5,40,1,22.8,9298585.413
5,40,1,22.9,9080649.818
5,40,1,23,8717423.825
5,40,1,23.1,10170327.8
5,40,1,23.2,8572133.428
5,40,1,23.3,8136262.237
5,40,1,23.4,10751489.38
5,40,1,23.5,8281552.634
5,40,1,23.6,8935359.421
5,40,1,23.7,8790069.023
5,40,1,23.8,9661811.406
5,40,1,23.9,8354197.832
5,40,1,24,7773036.244
5,40,1,24.1,8426843.031
5,40,1,24.2,7264519.854
5,40,1,24.3,7700391.045
5,40,1,24.4,6901293.861
5,40,1,24.5,9516521.009
5,40,1,24.6,6901293.861
5,40,1,24.7,7918326.641
5,40,1,24.8,7773036.244
5,40,1,24.9,8426843.031
5,40,1,25,7409810.251
5,40,1,25.1,6174841.876
5,40,1,25.2,8136262.237
5,40,1,25.3,7046584.258
5,40,1,25.4,7409810.251
5,40,1,25.5,8281552.634
5,40,1,25.6,7337165.053
5,40,1,25.7,7482455.45
5,40,1,25.8,6973939.06
5,40,1,25.9,8572133.428
5,40,1,26,7555100.648
5,40,1,26.1,7264519.854
5,40,1,26.2,6828648.663
5,40,1,26.3,6174841.876
5,40,1,26.4,6973939.06
5,40,1,26.5,7264519.854
5,40,1,26.6,6102196.677
5,40,1,26.7,6174841.876
5,40,1,26.8,6901293.861
5,40,1,26.9,6392777.472
5,40,1,27,6610713.067
5,40,1,27.1,6901293.861
5,40,1,27.2,6029551.479
5,40,1,27.3,4286066.714
5,40,1,27.4,6901293.861
5,40,1,27.5,6901293.861
5,40,1,27.6,6392777.472
5,40,1,27.7,5956906.28
5,40,1,27.8,6174841.876
5,40,1,27.9,5593680.288
5,40,1,28,5375744.692
5,40,1,28.1,5811615.883
5,40,1,28.2,4867228.302
5,40,1,28.3,6247487.075
5,40,1,28.4,5012518.699
5,40,1,28.5,6029551.479
5,40,1,28.6,5738970.685
5,40,1,28.7,5811615.883
5,40,1,28.8,5012518.699
5,40,1,28.9,5738970.685
5,40,1,29,6610713.067
5,40,1,29.1,4794583.104
5,40,1,29.2,5811615.883
5,40,1,29.3,4939873.501
5,40,1,29.4,5593680.288
5,40,1,29.5,5738970.685
5,40,1,29.6,4576647.508
5,40,1,29.7,5085163.898
5,40,1,29.8,5303099.494
5,40,1,29.9,3632259.927
5,40,1,30,5230454.295
5,40,1,30.1,4213421.515
5,40,1,30.2,3777550.324
5,40,1,30.3,5012518.699
5,40,1,30.4,5738970.685
5,40,1,30.5,5448389.891
5,40,1,30.6,4358711.912
5,40,1,30.7,4504002.31
5,40,1,30.8,3632259.927
5,40,1,30.9,4504002.31
5,40,1,31,4867228.302
5,40,1,31.1,4504002.31
5,40,1,31.2,4140776.317
5,40,1,31.3,4576647.508
5,40,1,31.4,3995485.92
5,40,1,31.5,3632259.927
5,40,1,31.6,4721937.905
5,40,1,31.7,3196388.736
5,40,1,31.8,4068131.118
5,40,1,31.9,2978453.14
5,40,1,32,3704905.126
5,40,1,32.1,3777550.324
5,40,1,32.2,3414324.331
5,40,1,32.3,3341679.133
5,40,1,32.4,4939873.501
5,40,1,32.5,3850195.523
5,40,1,32.6,2978453.14
5,40,1,32.7,3922840.721
5,40,1,32.8,3486969.53
5,40,1,32.9,2687872.346
5,40,1,33,3777550.324
5,40,1,33.1,3123743.537
5,40,1,33.2,3559614.729
5,40,1,33.3,4068131.118
5,40,1,33.4,2978453.14
5,40,1,33.5,3777550.324
5,40,1,33.6,2179355.956
5,40,1,33.7,2833162.743
5,40,1,33.8,3269033.934
5,40,1,33.9,3269033.934
5,40,1,34,3051098.339
5,40,1,34.1,3341679.133
5,40,1,34.2,2034065.559
5,40,1,34.3,2687872.346
5,40,1,34.4,2542581.949
5,40,1,34.5,3486969.53
5,40,1,34.6,2542581.949
5,40,1,34.7,1816129.964
5,40,1,34.8,2760517.545
5,40,1,34.9,3414324.331
5,40,1,35,3123743.537
5,40,1,35.1,2760517.545
5,40,1,35.2,3559614.729
5,40,1,35.3,2760517.545
5,40,1,35.4,3123743.537
5,40,1,35.5,2905807.942
5,40,1,35.6,2687872.346
5,40,1,35.7,1816129.964
5,40,1,35.8,2179355.956
5,40,1,35.9,1888775.162
5,40,1,36,1670839.566
5,40,1,36.1,1525549.169
5,40,1,36.2,2106710.758
5,40,1,36.3,2252001.155
5,40,1,36.4,1816129.964
5,40,1,36.5,2179355.956
5,40,1,36.6,2469936.75
5,40,1,36.7,1525549.169
5,40,1,36.8,2106710.758
5,40,1,36.9,1961420.361
5,40,1,37,1525549.169
5,40,1,37.1,1961420.361
5,40,1,37.2,1452903.971
5,40,1,37.3,1598194.368
5,40,1,37.4,1961420.361
5,40,1,37.5,1525549.169
5,40,1,37.6,1670839.566
5,40,1,37.7,1307613.574
5,40,1,37.8,1017032.78
5,40,1,37.9,1380258.772
5,40,1,38,1598194.368
5,40,1,38.1,799097.184
5,40,1,38.2,799097.184
5,40,1,38.3,1162323.177
5,40,1,38.4,871742.3825
5,40,1,38.5,653806.7869
5,40,1,38.6,1017032.78
5,40,1,38.7,799097.184
5,40,1,38.8,1162323.177
5,40,1,38.9,1017032.78
5,40,1,39,944387.581
5,40,1,39.1,653806.7869
5,40,1,39.2,653806.7869
5,40,1,39.3,944387.581
5,40,1,39.4,871742.3825
5,40,1,39.5,435871.1912
5,40,1,39.6,290580.7942
5,40,1,39.7,145290.3971
5,40,1,39.8,145290.3971
5,40,1,39.9,72645.19854
5,40,1,40,72645.19854
5,80,1,2.9,81108.71682
5,80,1,3.1,81108.71682
5,80,1,3.3,81108.71682
5,80,1,3.4,243326.1505
5,80,1,3.5,162217.4336
5,80,1,3.6,648869.7345
5,80,1,3.7,648869.7345
5,80,1,3.8,1297739.469
5,80,1,3.9,648869.7345
5,80,1,4,1946609.204
5,80,1,4.1,1622174.336
5,80,1,4.2,2919913.805
5,80,1,4.3,3406566.106
5,80,1,4.4,3731000.974
5,80,1,4.5,4785414.292
5,80,1,4.6,6002045.045
5,80,1,4.7,7948654.248
5,80,1,4.8,8759741.416
5,80,1,4.9,9733046.018
5,80,1,5,9084176.284
5,80,1,5.1,9895263.452
5,80,1,5.2,11922981.37
5,80,1,5.3,14761786.46
5,80,1,5.4,14437351.59
5,80,1,5.5,11922981.37
5,80,1,5.6,15248438.76
5,80,1,5.7,17195047.97
5,80,1,5.8,17113939.25
5,80,1,5.9,18655004.87
5,80,1,6,16951721.81
5,80,1,6.1,19222765.89
5,80,1,6.2,18736113.58
5,80,1,6.3,19466092.04
5,80,1,6.4,20358287.92
5,80,1,6.5,20926048.94
5,80,1,6.6,22467114.56
5,80,1,6.7,23440419.16
5,80,1,6.8,22304897.12
5,80,1,6.9,24413723.76
5,80,1,7,25143702.21
5,80,1,7.1,23197093.01
5,80,1,7.2,27901398.59
5,80,1,7.3,27414746.28
5,80,1,7.4,87516305.45
5,80,1,7.5,26117006.82
5,80,1,7.6,28874703.19
5,80,1,7.7,29442464.2
5,80,1,7.8,25549245.8
5,80,1,7.9,27333637.57
5,80,1,8,26035898.1
5,80,1,8.1,28631377.04
5,80,1,8.2,25630354.51
5,80,1,8.3,154998757.8
5,80,1,8.4,1135035383
5,80,1,8.5,26360332.97
5,80,1,8.6,26279224.25
5,80,1,8.7,26684767.83
5,80,1,8.8,39499945.09
5,80,1,8.9,27171420.13
5,80,1,9,27901398.59
5,80,1,9.1,25630354.51
5,80,1,9.2,27414746.28
5,80,1,9.3,27739181.15
5,80,1,9.4,27901398.59
5,80,1,9.5,75917758.94
5,80,1,9.6,43798707.08
5,80,1,9.7,586740457.5
5,80,1,9.8,79324325.05
5,80,1,9.9,50611839.29
5,80,1,10,257682393.3
5,80,1,10.1,29361355.49
5,80,1,10.2,36336705.13
5,80,1,10.3,25873680.66
5,80,1,10.4,20682722.79
5,80,1,10.5,24008180.18
5,80,1,10.6,24170397.61
5,80,1,10.7,23521527.88
5,80,1,10.8,22710440.71
5,80,1,10.9,23197093.01
5,80,1,11,26684767.83
5,80,1,11.1,24008180.18
5,80,1,11.2,23845962.74
5,80,1,11.3,127827337.7
5,80,1,11.4,24900376.06
5,80,1,11.5,25549245.8
5,80,1,11.6,33903443.63
5,80,1,11.7,35931161.55
5,80,1,11.8,20520505.35
5,80,1,11.9,21899353.54
5,80,1,12,22710440.71
5,80,1,12.1,18898331.02
5,80,1,12.2,21737136.11
5,80,1,12.3,20926048.94
5,80,1,12.4,21169375.09
5,80,1,12.5,17276156.68
5,80,1,12.6,17843917.7
5,80,1,12.7,16383960.8
5,80,1,12.8,18492787.43
5,80,1,12.9,20196070.49
5,80,1,13,18979439.74
5,80,1,13.1,20926048.94
5,80,1,13.2,17519482.83
5,80,1,13.3,20033853.05
5,80,1,13.4,18411678.72
5,80,1,13.5,19547200.75
5,80,1,13.6,18979439.74
5,80,1,13.7,17357265.4
5,80,1,13.8,15491764.91
5,80,1,13.9,19466092.04
5,80,1,14,18087243.85
5,80,1,14.1,17681700.27
5,80,1,14.2,19466092.04
5,80,1,14.3,17113939.25
5,80,1,14.4,18573896.15
5,80,1,14.5,19303874.6
5,80,1,14.6,16140634.65
5,80,1,14.7,19222765.89
5,80,1,14.8,19547200.75
5,80,1,14.9,18573896.15
5,80,1,15,16302852.08
5,80,1,15.1,17438374.12
5,80,1,15.2,15978417.21
5,80,1,15.3,17519482.83
5,80,1,15.4,15329547.48
5,80,1,15.5,17600591.55
5,80,1,15.6,16951721.81
5,80,1,15.7,19628309.47
5,80,1,15.8,16465069.51
5,80,1,15.9,16221743.36
5,80,1,16,15653982.35
5,80,1,16.1,17113939.25
5,80,1,16.2,16546178.23
5,80,1,16.3,14599569.03
5,80,1,16.4,16059525.93
5,80,1,16.5,13626264.43
5,80,1,16.6,14437351.59
5,80,1,16.7,15329547.48
5,80,1,16.8,15086221.33
5,80,1,16.9,16627286.95
5,80,1,17,15167330.04
5,80,1,17.1,14194025.44
5,80,1,17.2,14761786.46
5,80,1,17.3,15329547.48
5,80,1,17.4,13626264.43
5,80,1,17.5,14437351.59
5,80,1,17.6,14842895.18
5,80,1,17.7,15086221.33
5,80,1,17.8,15248438.76
5,80,1,17.9,13788481.86
5,80,1,18,15248438.76
5,80,1,18.1,15978417.21
5,80,1,18.2,15248438.76
5,80,1,18.3,16383960.8
5,80,1,18.4,12896285.97
5,80,1,18.5,14031808.01
5,80,1,18.6,13382938.27
5,80,1,18.7,11355220.35
5,80,1,18.8,13788481.86
5,80,1,18.9,15005112.61
5,80,1,19,14112916.73
5,80,1,19.1,13382938.27
5,80,1,19.2,13382938.27
5,80,1,19.3,15410656.2
5,80,1,19.4,12085198.81
5,80,1,19.5,16140634.65
5,80,1,19.6,13788481.86
5,80,1,19.7,12490742.39
5,80,1,19.8,13139612.12
5,80,1,19.9,14924003.89
5,80,1,20,12247416.24
5,80,1,20.1,13788481.86
5,80,1,20.2,10300807.04
5,80,1,20.3,11841872.66
5,80,1,20.4,13301829.56
5,80,1,20.5,12328524.96
5,80,1,20.6,11355220.35
5,80,1,20.7,12652959.82
5,80,1,20.8,12409633.67
5,80,1,20.9,14518460.31
5,80,1,21,14275134.16
5,80,1,21.1,12409633.67
5,80,1,21.2,12004090.09
5,80,1,21.3,13139612.12
5,80,1,21.4,14112916.73
5,80,1,21.5,10787459.34
5,80,1,21.6,11598546.5
5,80,1,21.7,11193002.92
5,80,1,21.8,12734068.54
5,80,1,21.9,9976372.169
5,80,1,22,11598546.5
5,80,1,22.1,11517437.79
5,80,1,22.2,13139612.12
5,80,1,22.3,10868568.05
5,80,1,22.4,11598546.5
5,80,1,22.5,12652959.82
5,80,1,22.6,11111894.2
5,80,1,22.7,10949676.77
5,80,1,22.8,12004090.09
5,80,1,22.9,11274111.64
5,80,1,23,10300807.04
5,80,1,23.1,11922981.37
5,80,1,23.2,9489719.868
5,80,1,23.3,11760763.94
5,80,1,23.4,12247416.24
5,80,1,23.5,12004090.09
5,80,1,23.6,11517437.79
5,80,1,23.7,11111894.2
5,80,1,23.8,12004090.09
5,80,1,23.9,10138589.6
5,80,1,24,10138589.6
5,80,1,24.1,10787459.34
5,80,1,24.2,10949676.77
5,80,1,24.3,8435306.549
5,80,1,24.4,10219698.32
5,80,1,24.5,10219698.32
5,80,1,24.6,11841872.66
5,80,1,24.7,9651937.301
5,80,1,24.8,8759741.416
5,80,1,24.9,10625241.9
5,80,1,25,10787459.34
5,80,1,25.1,9733046.018
5,80,1,25.2,8435306.549
5,80,1,25.3,10706350.62
5,80,1,25.4,9408611.151
5,80,1,25.5,10625241.9
5,80,1,25.6,11111894.2
5,80,1,25.7,10544133.19
5,80,1,25.8,9651937.301
5,80,1,25.9,9084176.284
5,80,1,26,8597523.983
5,80,1,26.1,9489719.868
5,80,1,26.2,10138589.6
5,80,1,26.3,8840850.133
5,80,1,26.4,8759741.416
5,80,1,26.5,10381915.75
5,80,1,26.6,10381915.75
5,80,1,26.7,9327502.434
5,80,1,26.8,8597523.983
5,80,1,26.9,9408611.151
5,80,1,27,8840850.133
5,80,1,27.1,8191980.399
5,80,1,27.2,10706350.62
5,80,1,27.3,12004090.09
5,80,1,27.4,8029762.965
5,80,1,27.5,8435306.549
5,80,1,27.6,9084176.284
5,80,1,27.7,9489719.868
5,80,1,27.8,8597523.983
5,80,1,27.9,8840850.133
5,80,1,28,8516415.266
5,80,1,28.1,7705328.098
5,80,1,28.2,8273089.115
5,80,1,28.3,9408611.151
5,80,1,28.4,8921958.85
5,80,1,28.5,7867545.531
5,80,1,28.6,8678632.7
5,80,1,28.7,9489719.868
5,80,1,28.8,8921958.85
5,80,1,28.9,7948654.248
5,80,1,29,8435306.549
5,80,1,29.1,8678632.7
5,80,1,29.2,8435306.549
5,80,1,29.3,8840850.133
5,80,1,29.4,8354197.832
5,80,1,29.5,8273089.115
5,80,1,29.6,7218675.797
5,80,1,29.7,6813132.213
5,80,1,29.8,7462001.947
5,80,1,29.9,8678632.7
5,80,1,30,6813132.213
5,80,1,30.1,8029762.965
5,80,1,30.2,6732023.496
5,80,1,30.3,8759741.416
5,80,1,30.4,7137567.08
5,80,1,30.5,7218675.797
5,80,1,30.6,7786436.815
5,80,1,30.7,7056458.363
5,80,1,30.8,8516415.266
5,80,1,30.9,9003067.567
5,80,1,31,6488697.345
5,80,1,31.1,8191980.399
5,80,1,31.2,7380893.23
5,80,1,31.3,7380893.23
5,80,1,31.4,7948654.248
5,80,1,31.5,8029762.965
5,80,1,31.6,7137567.08
5,80,1,31.7,7624219.381
5,80,1,31.8,6894240.93
5,80,1,31.9,6326479.912
5,80,1,32,8921958.85
5,80,1,32.1,8273089.115
5,80,1,32.2,6732023.496
5,80,1,32.3,6975349.646
5,80,1,32.4,7624219.381
5,80,1,32.5,7462001.947
5,80,1,32.6,7137567.08
5,80,1,32.7,7137567.08
5,80,1,32.8,7056458.363
5,80,1,32.9,6326479.912
5,80,1,33,7624219.381
5,80,1,33.1,6894240.93
5,80,1,33.2,7380893.23
5,80,1,33.3,6975349.646
5,80,1,33.4,6407588.629
5,80,1,33.5,7786436.815
5,80,1,33.6,6245371.195
5,80,1,33.7,7786436.815
5,80,1,33.8,5515392.744
5,80,1,33.9,7705328.098
5,80,1,34,7462001.947
5,80,1,34.1,5839827.611
5,80,1,34.2,5109849.16
5,80,1,34.3,7137567.08
5,80,1,34.4,6569806.062
5,80,1,34.5,5677610.177
5,80,1,34.6,6894240.93
5,80,1,34.7,5353175.31
5,80,1,34.8,6407588.629
5,80,1,34.9,7299784.514
5,80,1,35,6164262.478
5,80,1,35.1,6975349.646
5,80,1,35.2,5920936.328
5,80,1,35.3,6326479.912
5,80,1,35.4,6326479.912
5,80,1,35.5,6650914.779
5,80,1,35.6,6488697.345
5,80,1,35.7,6894240.93
5,80,1,35.8,8110871.682
5,80,1,35.9,6488697.345
5,80,1,36,6245371.195
5,80,1,36.1,6488697.345
5,80,1,36.2,6245371.195
5,80,1,36.3,8029762.965
5,80,1,36.4,6002045.045
5,80,1,36.5,6813132.213
5,80,1,36.6,6002045.045
5,80,1,36.7,6245371.195
5,80,1,36.8,6164262.478
5,80,1,36.9,6975349.646
5,80,1,37,5839827.611
5,80,1,37.1,6002045.045
5,80,1,37.2,5758718.894
5,80,1,37.3,5272066.593
5,80,1,37.4,5190957.876
5,80,1,37.5,5839827.611
5,80,1,37.6,6245371.195
5,80,1,37.7,5920936.328
5,80,1,37.8,6083153.761
5,80,1,37.9,5920936.328
5,80,1,38,4379870.708
5,80,1,38.1,5677610.177
5,80,1,38.2,6894240.93
5,80,1,38.3,5028740.443
5,80,1,38.4,5190957.876
5,80,1,38.5,4785414.292
5,80,1,38.6,5434284.027
5,80,1,38.7,4542088.142
5,80,1,38.8,5353175.31
5,80,1,38.9,6002045.045
5,80,1,39,5109849.16
5,80,1,39.1,5028740.443
5,80,1,39.2,5758718.894
5,80,1,39.3,4947631.726
5,80,1,39.4,3974327.124
5,80,1,39.5,5596501.46
5,80,1,39.6,5028740.443
5,80,1,39.7,4298761.991
5,80,1,39.8,5596501.46
5,80,1,39.9,4704305.575
5,80,1,40,5758718.894
5,80,1,40.1,6650914.779
5,80,1,40.2,4704305.575
5,80,1,40.3,4785414.292
5,80,1,40.4,5920936.328
5,80,1,40.5,5596501.46
5,80,1,40.6,5272066.593
5,80,1,40.7,5190957.876
5,80,1,40.8,4542088.142
5,80,1,40.9,4460979.425
5,80,1,41,4460979.425
5,80,1,41.1,5272066.593
5,80,1,41.2,4542088.142
5,80,1,41.3,5839827.611
5,80,1,41.4,4947631.726
5,80,1,41.5,4785414.292
5,80,1,41.6,4704305.575
5,80,1,41.7,4379870.708
5,80,1,41.8,4785414.292
5,80,1,41.9,5272066.593
5,80,1,42,4298761.991
5,80,1,42.1,5272066.593
5,80,1,42.2,5839827.611
5,80,1,42.3,3893218.407
5,80,1,42.4,4055435.841
5,80,1,42.5,4623196.859
5,80,1,42.6,4055435.841
5,80,1,42.7,5353175.31
5,80,1,42.8,5677610.177
5,80,1,42.9,5677610.177
5,80,1,43,4704305.575
5,80,1,43.1,4866523.009
5,80,1,43.2,4866523.009
5,80,1,43.3,4785414.292
5,80,1,43.4,5028740.443
5,80,1,43.5,5028740.443
5,80,1,43.6,5353175.31
5,80,1,43.7,4379870.708
5,80,1,43.8,4785414.292
5,80,1,43.9,3812109.69
5,80,1,44,5353175.31
5,80,1,44.1,4460979.425
5,80,1,44.2,4542088.142
5,80,1,44.3,5515392.744
5,80,1,44.4,4947631.726
5,80,1,44.5,4866523.009
5,80,1,44.6,3893218.407
5,80,1,44.7,5596501.46
5,80,1,44.8,4623196.859
5,80,1,44.9,4298761.991
5,80,1,45,4542088.142
5,80,1,45.1,4623196.859
5,80,1,45.2,3812109.69
5,80,1,45.3,4217653.275
5,80,1,45.4,4460979.425
5,80,1,45.5,3568783.54
5,80,1,45.6,4298761.991
5,80,1,45.7,3893218.407
5,80,1,45.8,3893218.407
5,80,1,45.9,4217653.275
5,80,1,46,4136544.558
5,80,1,46.1,4055435.841
5,80,1,46.2,5515392.744
5,80,1,46.3,4298761.991
5,80,1,46.4,4785414.292
5,80,1,46.5,3649892.257
5,80,1,46.6,3893218.407
5,80,1,46.7,4379870.708
5,80,1,46.8,4298761.991
5,80,1,46.9,5515392.744
5,80,1,47,4217653.275
5,80,1,47.1,3649892.257
5,80,1,47.2,3731000.974
5,80,1,47.3,4379870.708
5,80,1,47.4,5920936.328
5,80,1,47.5,3731000.974
5,80,1,47.6,5272066.593
5,80,1,47.7,4460979.425
5,80,1,47.8,3649892.257
5,80,1,47.9,3893218.407
5,80,1,48,4623196.859
5,80,1,48.1,4298761.991
5,80,1,48.2,4379870.708
5,80,1,48.3,4542088.142
5,80,1,48.4,3568783.54
5,80,1,48.5,2838805.089
5,80,1,48.6,2514370.221
5,80,1,48.7,4217653.275
5,80,1,48.8,3568783.54
5,80,1,48.9,6002045.045
5,80,1,49,3244348.673
5,80,1,49.1,3406566.106
5,80,1,49.2,3893218.407
5,80,1,49.3,4136544.558
5,80,1,49.4,4704305.575
5,80,1,49.5,4055435.841
5,80,1,49.6,4136544.558
5,80,1,49.7,3893218.407
5,80,1,49.8,4460979.425
5,80,1,49.9,2919913.805
5,80,1,50,3812109.69
5,80,1,50.1,2838805.089
5,80,1,50.2,3487674.823
5,80,1,50.3,3649892.257
5,80,1,50.4,2919913.805
5,80,1,50.5,4460979.425
5,80,1,50.6,3082131.239
5,80,1,50.7,4623196.859
5,80,1,50.8,3812109.69
5,80,1,50.9,3325457.39
5,80,1,51,2838805.089
5,80,1,51.1,4704305.575
5,80,1,51.2,3325457.39
5,80,1,51.3,3487674.823
5,80,1,51.4,2757696.372
5,80,1,51.5,3487674.823
5,80,1,51.6,2919913.805
5,80,1,51.7,4379870.708
5,80,1,51.8,3649892.257
5,80,1,51.9,3244348.673
5,80,1,52,3082131.239
5,80,1,52.1,2676587.655
5,80,1,52.2,3487674.823
5,80,1,52.3,2757696.372
5,80,1,52.4,3487674.823
5,80,1,52.5,2757696.372
5,80,1,52.6,3649892.257
5,80,1,52.7,3487674.823
5,80,1,52.8,3082131.239
5,80,1,52.9,3974327.124
5,80,1,53,3487674.823
5,80,1,53.1,3406566.106
5,80,1,53.2,4217653.275
5,80,1,53.3,4217653.275
5,80,1,53.4,3487674.823
5,80,1,53.5,2919913.805
5,80,1,53.6,3082131.239
5,80,1,53.7,3001022.522
5,80,1,53.8,3244348.673
5,80,1,53.9,3568783.54
5,80,1,54,3406566.106
5,80,1,54.1,2676587.655
5,80,1,54.2,3163239.956
5,80,1,54.3,3731000.974
5,80,1,54.4,3568783.54
5,80,1,54.5,3649892.257
5,80,1,54.6,3568783.54
5,80,1,54.7,3487674.823
5,80,1,54.8,2433261.505
5,80,1,54.9,3406566.106
5,80,1,55,3082131.239
5,80,1,55.1,3001022.522
5,80,1,55.2,3001022.522
5,80,1,55.3,2271044.071
5,80,1,55.4,2919913.805
5,80,1,55.5,2757696.372
5,80,1,55.6,3649892.257
5,80,1,55.7,3001022.522
5,80,1,55.8,3568783.54
5,80,1,55.9,3731000.974
5,80,1,56,2433261.505
5,80,1,56.1,3568783.54
5,80,1,56.2,3082131.239
5,80,1,56.3,3001022.522
5,80,1,56.4,3893218.407
5,80,1,56.5,3244348.673
5,80,1,56.6,3406566.106
5,80,1,56.7,2919913.805
5,80,1,56.8,3082131.239
5,80,1,56.9,3163239.956
5,80,1,57,2676587.655
5,80,1,57.1,3487674.823
5,80,1,57.2,2352152.788
5,80,1,57.3,3325457.39
5,80,1,57.4,3082131.239
5,80,1,57.5,1946609.204
5,80,1,57.6,3649892.257
5,80,1,57.7,2676587.655
5,80,1,57.8,2514370.221
5,80,1,57.9,2838805.089
5,80,1,58,1865500.487
5,80,1,58.1,6164262.478
5,80,1,58.2,3163239.956
5,80,1,58.3,2352152.788
5,80,1,58.4,2595478.938
5,80,1,58.5,3649892.257
5,80,1,58.6,2838805.089
5,80,1,58.7,1946609.204
5,80,1,58.8,2676587.655
5,80,1,58.9,2919913.805
5,80,1,59,2919913.805
5,80,1,59.1,3082131.239
5,80,1,59.2,3163239.956
5,80,1,59.3,2352152.788
5,80,1,59.4,3487674.823
5,80,1,59.5,7299784.514
5,80,1,59.6,2919913.805
5,80,1,59.7,3812109.69
5,80,1,59.8,3163239.956
5,80,1,59.9,2189935.354
5,80,1,60,2676587.655
5,80,1,60.1,2676587.655
5,80,1,60.2,1541065.62
5,80,1,60.3,2514370.221
5,80,1,60.4,3001022.522
5,80,1,60.5,2676587.655
5,80,1,60.6,2027717.92
5,80,1,60.7,3001022.522
5,80,1,60.8,3082131.239
5,80,1,60.9,3082131.239
5,80,1,61,1784391.77
5,80,1,61.1,3244348.673
5,80,1,61.2,2838805.089
5,80,1,61.3,1946609.204
5,80,1,61.4,2108826.637
5,80,1,61.5,2676587.655
5,80,1,61.6,2189935.354
5,80,1,61.7,2271044.071
5,80,1,61.8,2189935.354
5,80,1,61.9,2352152.788
5,80,1,62,2757696.372
5,80,1,62.1,2919913.805
5,80,1,62.2,2757696.372
5,80,1,62.3,2757696.372
5,80,1,62.4,1297739.469
5,80,1,62.5,1865500.487
5,80,1,62.6,3731000.974
5,80,1,62.7,2595478.938
5,80,1,62.8,2514370.221
5,80,1,62.9,3082131.239
5,80,1,63,2189935.354
5,80,1,63.1,2676587.655
5,80,1,63.2,1784391.77
5,80,1,63.3,3649892.257
5,80,1,63.4,3163239.956
5,80,1,63.5,2027717.92
5,80,1,63.6,2514370.221
5,80,1,63.7,2514370.221
5,80,1,63.8,2027717.92
5,80,1,63.9,1865500.487
5,80,1,64,2271044.071
5,80,1,64.1,1865500.487
5,80,1,64.2,2919913.805
5,80,1,64.3,2514370.221
5,80,1,64.4,2433261.505
5,80,1,64.5,1865500.487
5,80,1,64.6,1297739.469
5,80,1,64.7,2027717.92
5,80,1,64.8,2189935.354
5,80,1,64.9,2676587.655
5,80,1,65,2514370.221
5,80,1,65.1,1622174.336
5,80,1,65.2,2271044.071
5,80,1,65.3,2514370.221
5,80,1,65.4,2352152.788
5,80,1,65.5,2189935.354
5,80,1,65.6,3893218.407
5,80,1,65.7,1865500.487
5,80,1,65.8,2271044.071
5,80,1,65.9,2514370.221
5,80,1,66,1622174.336
5,80,1,66.1,2271044.071
5,80,1,66.2,1784391.77
5,80,1,66.3,1946609.204
5,80,1,66.4,1622174.336
5,80,1,66.5,2271044.071
5,80,1,66.6,1703283.053
5,80,1,66.7,2027717.92
5,80,1,66.8,2433261.505
5,80,1,66.9,2676587.655
5,80,1,67,1784391.77
5,80,1,67.1,2027717.92
5,80,1,67.2,2676587.655
5,80,1,67.3,3163239.956
5,80,1,67.4,3001022.522
5,80,1,67.5,2189935.354
5,80,1,67.6,2108826.637
5,80,1,67.7,1703283.053
5,80,1,67.8,1784391.77
5,80,1,67.9,1622174.336
5,80,1,68,1784391.77
5,80,1,68.1,2433261.505
5,80,1,68.2,1703283.053
5,80,1,68.3,2595478.938
5,80,1,68.4,1459956.903
5,80,1,68.5,1135522.035
5,80,1,68.6,2838805.089
5,80,1,68.7,2433261.505
5,80,1,68.8,2514370.221
5,80,1,68.9,2514370.221
5,80,1,69,2108826.637
5,80,1,69.1,1622174.336
5,80,1,69.2,1297739.469
5,80,1,69.3,2919913.805
5,80,1,69.4,2189935.354
5,80,1,69.5,1946609.204
5,80,1,69.6,1703283.053
5,80,1,69.7,2027717.92
5,80,1,69.8,1946609.204
5,80,1,69.9,1865500.487
5,80,1,70,1297739.469
5,80,1,70.1,2189935.354
5,80,1,70.2,2676587.655
5,80,1,70.3,1946609.204
5,80,1,70.4,2108826.637
5,80,1,70.5,1135522.035
5,80,1,70.6,2108826.637
5,80,1,70.7,2027717.92
5,80,1,70.8,1784391.77
5,80,1,70.9,1946609.204
5,80,1,71,567761.0177
5,80,1,71.1,1946609.204
5,80,1,71.2,1946609.204
5,80,1,71.3,1622174.336
5,80,1,71.4,1054413.319
5,80,1,71.5,2027717.92
5,80,1,71.6,973304.6018
5,80,1,71.7,1703283.053
5,80,1,71.8,1054413.319
5,80,1,71.9,1378848.186
5,80,1,72,2027717.92
5,80,1,72.1,1459956.903
5,80,1,72.2,2189935.354
5,80,1,72.3,1946609.204
5,80,1,72.4,1216630.752
5,80,1,72.5,1216630.752
5,80,1,72.6,973304.6018
5,80,1,72.7,1541065.62
5,80,1,72.8,1297739.469
5,80,1,72.9,1378848.186
5,80,1,73,1459956.903
5,80,1,73.1,1135522.035
5,80,1,73.2,1541065.62
5,80,1,73.3,1378848.186
5,80,1,73.4,648869.7345
5,80,1,73.5,2189935.354
5,80,1,73.6,1297739.469
5,80,1,73.7,1784391.77
5,80,1,73.8,892195.885
5,80,1,73.9,1378848.186
5,80,1,74,1135522.035
5,80,1,74.1,1135522.035
5,80,1,74.2,1054413.319
5,80,1,74.3,973304.6018
5,80,1,74.4,1297739.469
5,80,1,74.5,1297739.469
5,80,1,74.6,892195.885
5,80,1,74.7,1378848.186
5,80,1,74.8,1622174.336
5,80,1,74.9,1297739.469
5,80,1,75,1378848.186
5,80,1,75.1,1135522.035
5,80,1,75.2,1703283.053
5,80,1,75.3,1622174.336
5,80,1,75.4,486652.3009
5,80,1,75.5,729978.4514
5,80,1,75.6,324434.8673
5,80,1,75.7,973304.6018
5,80,1,75.8,973304.6018
5,80,1,75.9,892195.885
5,80,1,76,1216630.752
5,80,1,76.1,729978.4514
5,80,1,76.2,1459956.903
5,80,1,76.3,1784391.77
5,80,1,76.4,973304.6018
5,80,1,76.5,729978.4514
5,80,1,76.6,648869.7345
5,80,1,76.7,892195.885
5,80,1,76.8,1703283.053
5,80,1,76.9,811087.1682
5,80,1,77,567761.0177
5,80,1,77.1,486652.3009
5,80,1,77.2,1054413.319
5,80,1,77.3,567761.0177
5,80,1,77.4,567761.0177
5,80,1,77.5,648869.7345
5,80,1,77.6,405543.5841
5,80,1,77.7,892195.885
5,80,1,77.8,892195.885
5,80,1,77.9,648869.7345
5,80,1,78,405543.5841
5,80,1,78.1,567761.0177
5,80,1,78.2,567761.0177
5,80,1,78.3,648869.7345
5,80,1,78.4,973304.6018
5,80,1,78.5,567761.0177
5,80,1,78.6,567761.0177
5,80,1,78.7,648869.7345
5,80,1,78.8,243326.1505
5,80,1,78.9,324434.8673
5,80,1,79,162217.4336
5,80,1,79.1,243326.1505
5,80,1,79.2,729978.4514
5,80,1,79.3,81108.71682
5,80,1,79.4,486652.3009
5,80,1,79.5,243326.1505
5,80,1,79.6,162217.4336
5,80,1,79.8,324434.8673
5,150,1,3,104427.4729
5,150,1,3.1,417709.8916
5,150,1,3.2,522137.3645
5,150,1,3.3,626564.8374
5,150,1,3.4,626564.8374
5,150,1,3.5,939847.2561
5,150,1,3.6,835419.7832
5,150,1,3.7,1984121.985
5,150,1,3.8,1879694.512
5,150,1,3.9,3654961.552
5,150,1,4,3446106.606
5,150,1,4.1,4594808.808
5,150,1,4.2,6474503.32
5,150,1,4.3,9085190.143
5,150,1,4.4,10964884.65
5,150,1,4.5,8980762.67
5,150,1,4.6,11487022.02
5,150,1,4.7,13366716.53
5,150,1,4.8,12531296.75
5,150,1,4.9,14306563.79
5,150,1,5,16395113.25
5,150,1,5.1,17439387.97
5,150,1,5.2,20572212.16
5,150,1,5.3,20885494.58
5,150,1,5.4,25167020.97
5,150,1,5.5,23287326.46
5,150,1,5.6,26942288.01
5,150,1,5.7,26942288.01
5,150,1,5.8,24853738.55
5,150,1,5.9,29239692.41
5,150,1,6,26106868.23
5,150,1,6.1,26420150.64
5,150,1,6.2,34461066.06
5,150,1,6.3,30597249.56
5,150,1,6.4,32894653.96
5,150,1,6.5,32476944.07
5,150,1,6.6,33103508.91
5,150,1,6.7,38638164.97
5,150,1,6.8,35087630.9
5,150,1,6.9,33103508.91
5,150,1,7,33312363.86
5,150,1,7.1,33207936.38
5,150,1,7.2,36445188.04
5,150,1,7.3,32790226.49
5,150,1,7.4,78111749.73
5,150,1,7.5,40517859.49
5,150,1,7.6,34565493.53
5,150,1,7.7,38638164.97
5,150,1,7.8,40622286.96
5,150,1,7.9,37698317.72
5,150,1,8,40100149.59
5,150,1,8.1,38116027.61
5,150,1,8.2,35609768.26
5,150,1,8.3,124373120.2
5,150,1,8.4,775582841.3
5,150,1,8.5,36445188.04
5,150,1,8.6,34983203.42
5,150,1,8.7,36027478.15
5,150,1,8.8,45217095.77
5,150,1,8.9,36967325.41
5,150,1,9,36862897.93
5,150,1,9.1,38429310.03
5,150,1,9.2,39995722.12
5,150,1,9.3,38011600.14
5,150,1,9.4,40100149.59
5,150,1,9.5,66833582.66
5,150,1,9.6,48141065.01
5,150,1,9.7,421051570.7
5,150,1,9.8,80304726.66
5,150,1,9.9,53884576.02
5,150,1,10,197263496.3
5,150,1,10.1,38951447.39
5,150,1,10.2,38011600.14
5,150,1,10.3,32163661.65
5,150,1,10.4,36027478.15
5,150,1,10.5,33103508.91
5,150,1,10.6,34878775.95
5,150,1,10.7,31850379.24
5,150,1,10.8,31119386.93
5,150,1,10.9,30910531.98
5,150,1,11,32372516.6
5,150,1,11.1,34043356.17
5,150,1,11.2,25584730.86
5,150,1,11.3,106202739.9
5,150,1,11.4,29448547.36
5,150,1,11.5,31850379.24
5,150,1,11.6,41353279.27
5,150,1,11.7,37593890.25
5,150,1,11.8,31223814.4
5,150,1,11.9,31641524.29
5,150,1,12,28613127.58
5,150,1,12.1,30388394.61
5,150,1,12.2,29761829.78
5,150,1,12.3,29866257.25
5,150,1,12.4,29866257.25
5,150,1,12.5,28717555.05
5,150,1,12.6,28717555.05
5,150,1,12.7,28404272.63
5,150,1,12.8,25689158.33
5,150,1,12.9,25062593.5
5,150,1,13,25271448.44
5,150,1,13.1,28299845.16
5,150,1,13.2,27464425.37
5,150,1,13.3,24749311.08
5,150,1,13.4,24540456.13
5,150,1,13.5,26524578.12
5,150,1,13.6,25375875.92
5,150,1,13.7,25375875.92
5,150,1,13.8,27464425.37
5,150,1,13.9,23600608.88
5,150,1,14,25167020.97
5,150,1,14.1,27359997.9
5,150,1,14.2,23705036.35
5,150,1,14.3,25584730.86
5,150,1,14.4,26733433.06
5,150,1,14.5,26211295.7
5,150,1,14.6,27359997.9
5,150,1,14.7,22974044.04
5,150,1,14.8,24644883.61
5,150,1,14.9,22243051.73
5,150,1,15,21616486.89
5,150,1,15.1,23809463.82
5,150,1,15.2,22347479.2
5,150,1,15.3,23182898.98
5,150,1,15.4,24853738.55
5,150,1,15.5,25793585.81
5,150,1,15.6,22451906.67
5,150,1,15.7,21512059.42
5,150,1,15.8,24227173.71
5,150,1,15.9,25584730.86
5,150,1,16,20989922.05
5,150,1,16.1,23496181.4
5,150,1,16.2,21720914.36
5,150,1,16.3,22869616.57
5,150,1,16.4,24331601.19
5,150,1,16.5,23809463.82
5,150,1,16.6,20154502.27
5,150,1,16.7,20572212.16
5,150,1,16.8,19527937.43
5,150,1,16.9,19945647.32
5,150,1,17,20885494.58
5,150,1,17.1,20154502.27
5,150,1,17.2,21198777
5,150,1,17.3,24644883.61
5,150,1,17.4,20676639.63
5,150,1,17.5,22974044.04
5,150,1,17.6,20572212.16
5,150,1,17.7,20154502.27
5,150,1,17.8,19632364.91
5,150,1,17.9,21825341.84
5,150,1,18,18692517.65
5,150,1,18.1,21616486.89
5,150,1,18.2,20781067.11
5,150,1,18.3,21198777
5,150,1,18.4,18588090.18
5,150,1,18.5,14619846.21
5,150,1,18.6,19945647.32
5,150,1,18.7,19945647.32
5,150,1,18.8,20781067.11
5,150,1,18.9,17439387.97
5,150,1,19,15246411.04
5,150,1,19.1,17126105.56
5,150,1,19.2,21198777
5,150,1,19.3,18379235.23
5,150,1,19.4,16812823.14
5,150,1,19.5,18796945.12
5,150,1,19.6,18588090.18
5,150,1,19.7,19214655.01
5,150,1,19.8,19005800.07
5,150,1,19.9,18274807.76
5,150,1,20,15664120.94
5,150,1,20.1,16499540.72
5,150,1,20.2,18379235.23
5,150,1,20.3,15768548.41
5,150,1,20.4,16499540.72
5,150,1,20.5,16081830.83
5,150,1,20.6,18065952.81
5,150,1,20.7,16186258.3
5,150,1,20.8,14097708.84
5,150,1,20.9,15664120.94
5,150,1,21,15559693.46
5,150,1,21.1,16290685.77
5,150,1,21.2,17334960.5
5,150,1,21.3,14515418.73
5,150,1,21.4,13784426.42
5,150,1,21.5,15977403.35
5,150,1,21.6,17439387.97
5,150,1,21.7,16812823.14
5,150,1,21.8,16290685.77
5,150,1,21.9,17230533.03
5,150,1,22,16290685.77
5,150,1,22.1,14306563.79
5,150,1,22.2,16290685.77
5,150,1,22.3,16917250.61
5,150,1,22.4,17857097.87
5,150,1,22.5,13784426.42
5,150,1,22.6,14306563.79
5,150,1,22.7,13471144
5,150,1,22.8,15664120.94
5,150,1,22.9,14410991.26
5,150,1,23,15664120.94
5,150,1,23.1,14933128.63
5,150,1,23.2,15977403.35
5,150,1,23.3,12322441.8
5,150,1,23.4,13679998.95
5,150,1,23.5,15455265.99
5,150,1,23.6,14933128.63
5,150,1,23.7,14410991.26
5,150,1,23.8,16081830.83
5,150,1,23.9,15141983.57
5,150,1,24,15246411.04
5,150,1,24.1,12740151.69
5,150,1,24.2,13888853.9
5,150,1,24.3,13053434.11
5,150,1,24.4,12844579.17
5,150,1,24.5,13888853.9
5,150,1,24.6,14202136.31
5,150,1,24.7,12740151.69
5,150,1,24.8,15350838.52
5,150,1,24.9,12844579.17
5,150,1,25,12740151.69
5,150,1,25.1,14202136.31
5,150,1,25.2,13366716.53
5,150,1,25.3,12949006.64
5,150,1,25.4,14306563.79
5,150,1,25.5,12949006.64
5,150,1,25.6,16290685.77
5,150,1,25.7,13888853.9
5,150,1,25.8,12322441.8
5,150,1,25.9,11173739.6
5,150,1,26,12740151.69
5,150,1,26.1,12844579.17
5,150,1,26.2,12949006.64
5,150,1,26.3,13888853.9
5,150,1,26.4,12740151.69
5,150,1,26.5,13575571.48
5,150,1,26.6,13575571.48
5,150,1,26.7,13262289.06
5,150,1,26.8,12322441.8
5,150,1,26.9,12218014.33
5,150,1,27,13366716.53
5,150,1,27.1,10547174.76
5,150,1,27.2,10025037.4
5,150,1,27.3,12740151.69
5,150,1,27.4,11173739.6
5,150,1,27.5,13471144
5,150,1,27.6,11695876.97
5,150,1,27.7,12531296.75
5,150,1,27.8,12426869.28
5,150,1,27.9,12740151.69
5,150,1,28,11591449.49
5,150,1,28.1,11382594.55
5,150,1,28.2,10129464.87
5,150,1,28.3,13471144
5,150,1,28.4,11487022.02
5,150,1,28.5,11904731.91
5,150,1,28.6,9711754.98
5,150,1,28.7,12949006.64
5,150,1,28.8,12218014.33
5,150,1,28.9,11278167.07
5,150,1,29,10756029.71
5,150,1,29.1,10233892.34
5,150,1,29.2,12009159.38
5,150,1,29.3,10025037.4
5,150,1,29.4,11069312.13
5,150,1,29.5,10651602.24
5,150,1,29.6,9502900.034
5,150,1,29.7,10338319.82
5,150,1,29.8,10860457.18
5,150,1,29.9,12426869.28
5,150,1,30,10651602.24
5,150,1,30.1,11591449.49
5,150,1,30.2,7518778.049
5,150,1,30.3,9816182.453
5,150,1,30.4,8354197.832
5,150,1,30.5,10338319.82
5,150,1,30.6,10860457.18
5,150,1,30.7,10338319.82
5,150,1,30.8,8667480.251
5,150,1,30.9,10129464.87
5,150,1,31,8980762.67
5,150,1,31.1,9607327.507
5,150,1,31.2,8876335.197
5,150,1,31.3,11069312.13
5,150,1,31.4,9502900.034
5,150,1,31.5,9294045.088
5,150,1,31.6,8040915.414
5,150,1,31.7,10233892.34
5,150,1,31.8,9294045.088
5,150,1,31.9,9189617.615
5,150,1,32,10442747.29
5,150,1,32.1,9711754.98
5,150,1,32.2,9085190.143
5,150,1,32.3,9189617.615
5,150,1,32.4,11173739.6
5,150,1,32.5,9816182.453
5,150,1,32.6,8876335.197
5,150,1,32.7,12009159.38
5,150,1,32.8,10860457.18
5,150,1,32.9,7623205.522
5,150,1,33,10025037.4
5,150,1,33.1,11487022.02
5,150,1,33.2,10860457.18
5,150,1,33.3,8980762.67
5,150,1,33.4,8145342.886
5,150,1,33.5,9607327.507
5,150,1,33.6,8354197.832
5,150,1,33.7,9607327.507
5,150,1,33.8,7936487.941
5,150,1,33.9,9085190.143
5,150,1,34,6474503.32
5,150,1,34.1,8667480.251
5,150,1,34.2,10025037.4
5,150,1,34.3,8040915.414
5,150,1,34.4,8040915.414
5,150,1,34.5,8040915.414
5,150,1,34.6,7414350.576
5,150,1,34.7,8040915.414
5,150,1,34.8,8458625.305
5,150,1,34.9,7832060.468
5,150,1,35,5952365.955
5,150,1,35.1,8458625.305
5,150,1,35.2,6683358.266
5,150,1,35.3,7414350.576
5,150,1,35.4,7727632.995
5,150,1,35.5,8563052.778
5,150,1,35.6,8458625.305
5,150,1,35.7,7727632.995
5,150,1,35.8,8040915.414
5,150,1,35.9,8980762.67
5,150,1,36,8980762.67
5,150,1,36.1,6370075.847
5,150,1,36.2,6787785.739
5,150,1,36.3,8145342.886
5,150,1,36.4,8145342.886
5,150,1,36.5,8980762.67
5,150,1,36.6,6474503.32
5,150,1,36.7,7727632.995
5,150,1,36.8,6161220.901
5,150,1,36.9,9085190.143
5,150,1,37,6161220.901
5,150,1,37.1,9189617.615
5,150,1,37.2,7205495.63
5,150,1,37.3,8040915.414
5,150,1,37.4,7101068.157
5,150,1,37.5,8458625.305
5,150,1,37.6,7623205.522
5,150,1,37.7,6892213.212
5,150,1,37.8,8771907.724
5,150,1,37.9,8040915.414
5,150,1,38,7309923.103
5,150,1,38.1,6370075.847
5,150,1,38.2,7936487.941
5,150,1,38.3,7205495.63
5,150,1,38.4,8980762.67
5,150,1,38.5,6578930.793
5,150,1,38.6,6892213.212
5,150,1,38.7,7832060.468
5,150,1,38.8,7414350.576
5,150,1,38.9,6683358.266
5,150,1,39,7936487.941
5,150,1,39.1,7101068.157
5,150,1,39.2,6892213.212
5,150,1,39.3,7832060.468
5,150,1,39.4,8040915.414
5,150,1,39.5,8040915.414
5,150,1,39.6,7936487.941
5,150,1,39.7,5743511.01
5,150,1,39.8,6892213.212
5,150,1,39.9,7518778.049
5,150,1,40,6265648.374
5,150,1,40.1,7101068.157
5,150,1,40.2,5639083.537
5,150,1,40.3,7309923.103
5,150,1,40.4,6370075.847
5,150,1,40.5,6056793.428
5,150,1,40.6,5952365.955
5,150,1,40.7,8667480.251
5,150,1,40.8,7414350.576
5,150,1,40.9,7832060.468
5,150,1,41,6683358.266
5,150,1,41.1,6892213.212
5,150,1,41.2,5430228.591
5,150,1,41.3,6683358.266
5,150,1,41.4,5430228.591
5,150,1,41.5,6892213.212
5,150,1,41.6,6578930.793
5,150,1,41.7,7623205.522
5,150,1,41.8,6578930.793
5,150,1,41.9,7101068.157
5,150,1,42,6056793.428
5,150,1,42.1,5847938.483
5,150,1,42.2,7518778.049
5,150,1,42.3,6474503.32
5,150,1,42.4,5012518.699
5,150,1,42.5,6474503.32
5,150,1,42.6,6161220.901
5,150,1,42.7,6787785.739
5,150,1,42.8,7518778.049
5,150,1,42.9,6996640.684
5,150,1,43,6996640.684
5,150,1,43.1,6787785.739
5,150,1,43.2,5952365.955
5,150,1,43.3,7205495.63
5,150,1,43.4,5743511.01
5,150,1,43.5,6578930.793
5,150,1,43.6,6265648.374
5,150,1,43.7,8040915.414
5,150,1,43.8,6578930.793
5,150,1,43.9,5534656.064
5,150,1,44,6578930.793
5,150,1,44.1,6683358.266
5,150,1,44.2,6056793.428
5,150,1,44.3,5952365.955
5,150,1,44.4,5534656.064
5,150,1,44.5,5534656.064
5,150,1,44.6,6892213.212
5,150,1,44.7,4908091.226
5,150,1,44.8,4699236.281
5,150,1,44.9,6683358.266
5,150,1,45,5012518.699
5,150,1,45.1,6474503.32
5,150,1,45.2,5012518.699
5,150,1,45.3,5847938.483
5,150,1,45.4,6161220.901
5,150,1,45.5,6370075.847
5,150,1,45.6,6056793.428
5,150,1,45.7,6370075.847
5,150,1,45.8,5743511.01
5,150,1,45.9,5012518.699
5,150,1,46,5012518.699
5,150,1,46.1,5847938.483
5,150,1,46.2,5743511.01
5,150,1,46.3,6370075.847
5,150,1,46.4,4803663.754
5,150,1,46.5,4072671.443
5,150,1,46.6,4490381.335
5,150,1,46.7,5012518.699
5,150,1,46.8,4699236.281
5,150,1,46.9,5534656.064
5,150,1,47,5012518.699
5,150,1,47.1,5639083.537
5,150,1,47.2,5116946.172
5,150,1,47.3,5639083.537
5,150,1,47.4,4803663.754
5,150,1,47.5,4072671.443
5,150,1,47.6,4594808.808
5,150,1,47.7,4490381.335
5,150,1,47.8,5221373.645
5,150,1,47.9,5221373.645
5,150,1,48,5116946.172
5,150,1,48.1,6578930.793
5,150,1,48.2,4072671.443
5,150,1,48.3,5430228.591
5,150,1,48.4,5430228.591
5,150,1,48.5,6161220.901
5,150,1,48.6,5430228.591
5,150,1,48.7,4594808.808
5,150,1,48.8,4385953.862
5,150,1,48.9,5430228.591
5,150,1,49,5534656.064
5,150,1,49.1,5847938.483
5,150,1,49.2,4281526.389
5,150,1,49.3,5012518.699
5,150,1,49.4,5534656.064
5,150,1,49.5,5221373.645
5,150,1,49.6,4803663.754
5,150,1,49.7,4803663.754
5,150,1,49.8,5952365.955
5,150,1,49.9,5534656.064
5,150,1,50,5639083.537
5,150,1,50.1,4594808.808
5,150,1,50.2,5012518.699
5,150,1,50.3,5952365.955
5,150,1,50.4,5116946.172
5,150,1,50.5,5012518.699
5,150,1,50.6,4594808.808
5,150,1,50.7,4803663.754
5,150,1,50.8,5221373.645
5,150,1,50.9,3654961.552
5,150,1,51,5325801.118
5,150,1,51.1,4385953.862
5,150,1,51.2,5116946.172
5,150,1,51.3,6787785.739
5,150,1,51.4,4281526.389
5,150,1,51.5,5325801.118
5,150,1,51.6,3654961.552
5,150,1,51.7,5116946.172
5,150,1,51.8,4385953.862
5,150,1,51.9,4177098.916
5,150,1,52,4385953.862
5,150,1,52.1,5534656.064
5,150,1,52.2,4281526.389
5,150,1,52.3,4281526.389
5,150,1,52.4,3968243.97
5,150,1,52.5,4699236.281
5,150,1,52.6,4072671.443
5,150,1,52.7,5012518.699
5,150,1,52.8,3863816.497
5,150,1,52.9,5116946.172
5,150,1,53,2610686.823
5,150,1,53.1,4699236.281
5,150,1,53.2,3968243.97
5,150,1,53.3,3863816.497
5,150,1,53.4,3550534.079
5,150,1,53.5,2923969.241
5,150,1,53.6,5116946.172
5,150,1,53.7,4908091.226
5,150,1,53.8,5012518.699
5,150,1,53.9,5116946.172
5,150,1,54,3446106.606
5,150,1,54.1,4803663.754
5,150,1,54.2,4490381.335
5,150,1,54.3,4803663.754
5,150,1,54.4,5116946.172
5,150,1,54.5,3863816.497
5,150,1,54.6,3863816.497
5,150,1,54.7,4072671.443
5,150,1,54.8,3863816.497
5,150,1,54.9,4594808.808
5,150,1,55,4594808.808
5,150,1,55.1,4072671.443
5,150,1,55.2,3446106.606
5,150,1,55.3,3654961.552
5,150,1,55.4,4385953.862
5,150,1,55.5,3341679.133
5,150,1,55.6,3446106.606
5,150,1,55.7,3550534.079
5,150,1,55.8,5012518.699
5,150,1,55.9,4072671.443
5,150,1,56,3028396.714
5,150,1,56.1,3654961.552
5,150,1,56.2,4699236.281
5,150,1,56.3,3237251.66
5,150,1,56.4,4908091.226
5,150,1,56.5,3863816.497
5,150,1,56.6,3550534.079
5,150,1,56.7,3863816.497
5,150,1,56.8,3654961.552
5,150,1,56.9,4803663.754
5,150,1,57,4385953.862
5,150,1,57.1,3341679.133
5,150,1,57.2,3654961.552
5,150,1,57.3,3863816.497
5,150,1,57.4,3446106.606
5,150,1,57.5,5221373.645
5,150,1,57.6,3341679.133
5,150,1,57.7,4072671.443
5,150,1,57.8,4385953.862
5,150,1,57.9,3341679.133
5,150,1,58,4281526.389
5,150,1,58.1,17230533.03
5,150,1,58.2,3550534.079
5,150,1,58.3,4490381.335
5,150,1,58.4,4803663.754
5,150,1,58.5,3550534.079
5,150,1,58.6,3968243.97
5,150,1,58.7,3968243.97
5,150,1,58.8,2506259.35
5,150,1,58.9,4385953.862
5,150,1,59,4177098.916
5,150,1,59.1,3446106.606
5,150,1,59.2,2715114.295
5,150,1,59.3,3132824.187
5,150,1,59.4,3132824.187
5,150,1,59.5,28926409.99
5,150,1,59.6,3341679.133
5,150,1,59.7,3341679.133
5,150,1,59.8,3550534.079
5,150,1,59.9,4385953.862
5,150,1,60,3341679.133
5,150,1,60.1,3759389.025
5,150,1,60.2,3863816.497
5,150,1,60.3,2401831.877
5,150,1,60.4,3237251.66
5,150,1,60.5,4072671.443
5,150,1,60.6,3759389.025
5,150,1,60.7,3132824.187
5,150,1,60.8,2506259.35
5,150,1,60.9,2506259.35
5,150,1,61,3446106.606
5,150,1,61.1,3863816.497
5,150,1,61.2,3446106.606
5,150,1,61.3,2819541.768
5,150,1,61.4,2923969.241
5,150,1,61.5,2819541.768
5,150,1,61.6,2923969.241
5,150,1,61.7,4281526.389
5,150,1,61.8,3132824.187
5,150,1,61.9,4490381.335
5,150,1,62,3028396.714
5,150,1,62.1,4177098.916
5,150,1,62.2,3132824.187
5,150,1,62.3,4281526.389
5,150,1,62.4,4385953.862
5,150,1,62.5,3759389.025
5,150,1,62.6,3968243.97
5,150,1,62.7,2715114.295
5,150,1,62.8,3759389.025
5,150,1,62.9,3237251.66
5,150,1,63,3237251.66
5,150,1,63.1,3237251.66
5,150,1,63.2,2923969.241
5,150,1,63.3,3654961.552
5,150,1,63.4,3446106.606
5,150,1,63.5,3654961.552
5,150,1,63.6,2715114.295
5,150,1,63.7,3341679.133
5,150,1,63.8,3132824.187
5,150,1,63.9,1984121.985
5,150,1,64,2610686.823
5,150,1,64.1,2715114.295
5,150,1,64.2,3550534.079
5,150,1,64.3,3446106.606
5,150,1,64.4,4177098.916
5,150,1,64.5,3341679.133
5,150,1,64.6,2506259.35
5,150,1,64.7,2819541.768
5,150,1,64.8,3132824.187
5,150,1,64.9,3863816.497
5,150,1,65,2610686.823
5,150,1,65.1,3550534.079
5,150,1,65.2,2506259.35
5,150,1,65.3,3759389.025
5,150,1,65.4,3132824.187
5,150,1,65.5,2923969.241
5,150,1,65.6,3968243.97
5,150,1,65.7,2923969.241
5,150,1,65.8,2088549.458
5,150,1,65.9,3028396.714
5,150,1,66,2506259.35
5,150,1,66.1,2923969.241
5,150,1,66.2,3968243.97
5,150,1,66.3,2610686.823
5,150,1,66.4,3341679.133
5,150,1,66.5,3446106.606
5,150,1,66.6,2610686.823
5,150,1,66.7,2610686.823
5,150,1,66.8,3446106.606
5,150,1,66.9,3341679.133
5,150,1,67,2088549.458
5,150,1,67.1,4699236.281
5,150,1,67.2,3654961.552
5,150,1,67.3,3237251.66
5,150,1,67.4,8145342.886
5,150,1,67.5,3028396.714
5,150,1,67.6,3028396.714
5,150,1,67.7,3446106.606
5,150,1,67.8,2610686.823
5,150,1,67.9,4072671.443
5,150,1,68,2923969.241
5,150,1,68.1,4072671.443
5,150,1,68.2,4908091.226
5,150,1,68.3,2819541.768
5,150,1,68.4,2506259.35
5,150,1,68.5,3446106.606
5,150,1,68.6,2923969.241
5,150,1,68.7,2923969.241
5,150,1,68.8,2401831.877
5,150,1,68.9,3550534.079
5,150,1,69,3028396.714
5,150,1,69.1,2923969.241
5,150,1,69.2,5116946.172
5,150,1,69.3,4072671.443
5,150,1,69.4,3446106.606
5,150,1,69.5,2088549.458
5,150,1,69.6,3968243.97
5,150,1,69.7,2923969.241
5,150,1,69.8,3237251.66
5,150,1,69.9,2819541.768
5,150,1,70,2401831.877
5,150,1,70.1,4072671.443
5,150,1,70.2,2192976.931
5,150,1,70.3,2088549.458
5,150,1,70.4,2297404.404
5,150,1,70.5,2715114.295
5,150,1,70.6,2923969.241
5,150,1,70.7,2192976.931
5,150,1,70.8,2401831.877
5,150,1,70.9,2819541.768
5,150,1,71,3341679.133
5,150,1,71.1,2715114.295
5,150,1,71.2,2610686.823
5,150,1,71.3,3341679.133
5,150,1,71.4,3132824.187
5,150,1,71.5,1984121.985
5,150,1,71.6,3237251.66
5,150,1,71.7,2506259.35
5,150,1,71.8,2192976.931
5,150,1,71.9,1984121.985
5,150,1,72,2088549.458
5,150,1,72.1,2401831.877
5,150,1,72.2,1461984.621
5,150,1,72.3,3028396.714
5,150,1,72.4,3550534.079
5,150,1,72.5,3028396.714
5,150,1,72.6,3654961.552
5,150,1,72.7,3132824.187
5,150,1,72.8,2192976.931
5,150,1,72.9,3028396.714
5,150,1,73,2192976.931
5,150,1,73.1,3028396.714
5,150,1,73.2,2715114.295
5,150,1,73.3,2088549.458
5,150,1,73.4,2401831.877
5,150,1,73.5,3968243.97
5,150,1,73.6,2401831.877
5,150,1,73.7,2297404.404
5,150,1,73.8,2192976.931
5,150,1,73.9,2401831.877
5,150,1,74,3446106.606
5,150,1,74.1,2715114.295
5,150,1,74.2,2506259.35
5,150,1,74.3,2610686.823
5,150,1,74.4,2715114.295
5,150,1,74.5,2506259.35
5,150,1,74.6,2088549.458
5,150,1,74.7,2506259.35
5,150,1,74.8,2610686.823
5,150,1,74.9,2088549.458
5,150,1,75,2923969.241
5,150,1,75.1,1879694.512
5,150,1,75.2,2819541.768
5,150,1,75.3,1775267.039
5,150,1,75.4,2297404.404
5,150,1,75.5,2192976.931
5,150,1,75.6,3028396.714
5,150,1,75.7,2401831.877
5,150,1,75.8,2297404.404
5,150,1,75.9,1775267.039
5,150,1,76,2506259.35
5,150,1,76.1,2192976.931
5,150,1,76.2,2715114.295
5,150,1,76.3,2610686.823
5,150,1,76.4,1984121.985
5,150,1,76.5,1670839.566
5,150,1,76.6,2401831.877
5,150,1,76.7,1357557.148
5,150,1,76.8,2401831.877
5,150,1,76.9,1879694.512
5,150,1,77,3550534.079
5,150,1,77.1,1984121.985
5,150,1,77.2,3132824.187
5,150,1,77.3,2610686.823
5,150,1,77.4,2401831.877
5,150,1,77.5,1670839.566
5,150,1,77.6,3028396.714
5,150,1,77.7,2610686.823
5,150,1,77.8,2297404.404
5,150,1,77.9,2819541.768
5,150,1,78,2506259.35
5,150,1,78.1,1984121.985
5,150,1,78.2,2506259.35
5,150,1,78.3,2297404.404
5,150,1,78.4,2401831.877
5,150,1,78.5,1566412.094
5,150,1,78.6,1670839.566
5,150,1,78.7,3341679.133
5,150,1,78.8,2715114.295
5,150,1,78.9,1461984.621
5,150,1,79,2192976.931
5,150,1,79.1,1670839.566
5,150,1,79.2,2715114.295
5,150,1,79.3,2297404.404
5,150,1,79.4,2715114.295
5,150,1,79.5,1357557.148
5,150,1,79.6,1566412.094
5,150,1,79.7,2297404.404
5,150,1,79.8,2088549.458
5,150,1,79.9,2088549.458
5,150,1,80,1357557.148
5,150,1,80.1,2297404.404
5,150,1,80.2,2088549.458
5,150,1,80.3,2192976.931
5,150,1,80.4,2297404.404
5,150,1,80.5,1148702.202
5,150,1,80.6,1879694.512
5,150,1,80.7,1566412.094
5,150,1,80.8,1879694.512
5,150,1,80.9,1879694.512
5,150,1,81,1148702.202
5,150,1,81.1,1984121.985
5,150,1,81.2,2715114.295
5,150,1,81.3,1566412.094
5,150,1,81.4,1461984.621
5,150,1,81.5,1775267.039
5,150,1,81.6,1044274.729
5,150,1,81.7,1775267.039
5,150,1,81.8,1670839.566
5,150,1,81.9,1984121.985
5,150,1,82,2088549.458
5,150,1,82.1,2088549.458
5,150,1,82.2,2088549.458
5,150,1,82.3,2401831.877
5,150,1,82.4,2088549.458
5,150,1,82.5,1879694.512
5,150,1,82.6,1984121.985
5,150,1,82.7,2088549.458
5,150,1,82.8,2088549.458
5,150,1,82.9,2088549.458
5,150,1,83,2192976.931
5,150,1,83.1,2506259.35
5,150,1,83.2,1879694.512
5,150,1,83.3,2297404.404
5,150,1,83.4,1984121.985
5,150,1,83.5,2088549.458
5,150,1,83.6,1879694.512
5,150,1,83.7,2715114.295
5,150,1,83.8,2192976.931
5,150,1,83.9,3341679.133
5,150,1,84,1461984.621
5,150,1,84.1,2401831.877
5,150,1,84.2,1670839.566
5,150,1,84.3,2923969.241
5,150,1,84.4,2610686.823
5,150,1,84.5,2401831.877
5,150,1,84.6,1984121.985
5,150,1,84.7,1148702.202
5,150,1,84.8,2297404.404
5,150,1,84.9,2401831.877
5,150,1,85,1984121.985
5,150,1,85.1,1879694.512
5,150,1,85.2,1879694.512
5,150,1,85.3,2923969.241
5,150,1,85.4,1879694.512
5,150,1,85.5,2610686.823
5,150,1,85.6,2401831.877
5,150,1,85.7,1670839.566
5,150,1,85.8,1253129.675
5,150,1,85.9,1148702.202
5,150,1,86,2610686.823
5,150,1,86.1,1566412.094
5,150,1,86.2,1670839.566
5,150,1,86.3,1879694.512
5,150,1,86.4,2401831.877
5,150,1,86.5,2088549.458
5,150,1,86.6,1670839.566
5,150,1,86.7,2610686.823
5,150,1,86.8,1775267.039
5,150,1,86.9,1775267.039
5,150,1,87,1044274.729
5,150,1,87.1,1566412.094
5,150,1,87.2,1879694.512
5,150,1,87.3,2819541.768
5,150,1,87.4,1984121.985
5,150,1,87.5,2088549.458
5,150,1,87.6,1566412.094
5,150,1,87.7,2088549.458
5,150,1,87.8,2506259.35
5,150,1,87.9,1879694.512
5,150,1,88,1461984.621
5,150,1,88.1,1984121.985
5,150,1,88.2,1566412.094
5,150,1,88.3,2610686.823
5,150,1,88.4,1566412.094
5,150,1,88.5,2819541.768
5,150,1,88.6,1670839.566
5,150,1,88.7,1879694.512
5,150,1,88.8,1879694.512
5,150,1,88.9,1461984.621
5,150,1,89,1566412.094
5,150,1,89.1,1775267.039
5,150,1,89.2,1670839.566
5,150,1,89.3,1566412.094
5,150,1,89.4,1566412.094
5,150,1,89.5,1670839.566
5,150,1,89.6,1461984.621
5,150,1,89.7,1148702.202
5,150,1,89.8,2192976.931
5,150,1,89.9,1670839.566
5,150,1,90,1044274.729
5,150,1,90.1,2401831.877
5,150,1,90.2,1879694.512
5,150,1,90.3,1461984.621
5,150,1,90.4,2088549.458
5,150,1,90.5,2192976.931
5,150,1,90.6,2401831.877
5,150,1,90.7,1775267.039
5,150,1,90.8,1461984.621
5,150,1,90.9,1670839.566
5,150,1,91,1253129.675
5,150,1,91.1,1670839.566
5,150,1,91.2,1775267.039
5,150,1,91.3,1357557.148
5,150,1,91.4,1253129.675
5,150,1,91.5,1148702.202
5,150,1,91.6,1357557.148
5,150,1,91.7,2297404.404
5,150,1,91.8,1775267.039
5,150,1,91.9,1984121.985
5,150,1,92,1044274.729
5,150,1,92.1,1566412.094
5,150,1,92.2,2192976.931
5,150,1,92.3,1253129.675
5,150,1,92.4,2088549.458
5,150,1,92.5,1148702.202
5,150,1,92.6,1357557.148
5,150,1,92.7,2297404.404
5,150,1,92.8,1984121.985
5,150,1,92.9,1879694.512
5,150,1,93,1148702.202
5,150,1,93.1,1879694.512
5,150,1,93.2,1461984.621
5,150,1,93.3,1566412.094
5,150,1,93.4,1984121.985
5,150,1,93.5,2297404.404
5,150,1,93.6,1775267.039
5,150,1,93.7,835419.7832
5,150,1,93.8,2297404.404
5,150,1,93.9,1253129.675
5,150,1,94,1357557.148
5,150,1,94.1,1670839.566
5,150,1,94.2,1148702.202
5,150,1,94.3,1357557.148
5,150,1,94.4,1775267.039
5,150,1,94.5,1566412.094
5,150,1,94.6,1566412.094
5,150,1,94.7,1357557.148
5,150,1,94.8,1566412.094
5,150,1,94.9,2088549.458
5,150,1,95,1670839.566
5,150,1,95.1,1357557.148
5,150,1,95.2,1148702.202
5,150,1,95.3,1357557.148
5,150,1,95.4,1879694.512
5,150,1,95.5,2923969.241
5,150,1,95.6,1461984.621
5,150,1,95.7,1357557.148
5,150,1,95.8,1253129.675
5,150,1,95.9,1670839.566
5,150,1,96,1566412.094
5,150,1,96.1,1357557.148
5,150,1,96.2,2297404.404
5,150,1,96.3,1461984.621
5,150,1,96.4,1461984.621
5,150,1,96.5,1044274.729
5,150,1,96.6,1775267.039
5,150,1,96.7,1044274.729
5,150,1,96.8,1044274.729
5,150,1,96.9,1253129.675
5,150,1,97,1253129.675
5,150,1,97.1,1461984.621
5,150,1,97.2,1357557.148
5,150,1,97.3,939847.2561
5,150,1,97.4,1357557.148
5,150,1,97.5,1670839.566
5,150,1,97.6,1566412.094
5,150,1,97.7,939847.2561
5,150,1,97.8,1984121.985
5,150,1,97.9,1461984.621
5,150,1,98,939847.2561
5,150,1,98.1,1566412.094
5,150,1,98.2,1253129.675
5,150,1,98.3,1044274.729
5,150,1,98.4,1670839.566
5,150,1,98.5,1357557.148
5,150,1,98.6,1566412.094
5,150,1,98.7,939847.2561
5,150,1,98.8,1461984.621
5,150,1,98.9,1566412.094
5,150,1,99,1461984.621
5,150,1,99.1,1461984.621
5,150,1,99.2,522137.3645
5,150,1,99.3,1566412.094
5,150,1,99.4,1357557.148
5,150,1,99.5,1461984.621
5,150,1,99.6,626564.8374
5,150,1,99.7,1879694.512
5,150,1,99.8,1461984.621
5,150,1,99.9,1253129.675
5,150,1,100,1148702.202
5,150,1,100.1,1044274.729
5,150,1,100.2,1253129.675
5,150,1,100.3,1984121.985
5,150,1,100.4,2401831.877
5,150,1,100.5,1253129.675
5,150,1,100.6,1357557.148
5,150,1,100.7,1357557.148
5,150,1,100.8,730992.3103
5,150,1,100.9,1566412.094
5,150,1,101,1879694.512
5,150,1,101.1,1670839.566
5,150,1,101.2,1044274.729
5,150,1,101.3,1253129.675
5,150,1,101.4,2192976.931
5,150,1,101.5,1775267.039
5,150,1,101.6,1148702.202
5,150,1,101.7,1357557.148
5,150,1,101.8,1044274.729
5,150,1,101.9,939847.2561
5,150,1,102,1461984.621
5,150,1,102.1,1461984.621
5,150,1,102.2,1879694.512
5,150,1,102.3,1253129.675
5,150,1,102.4,939847.2561
5,150,1,102.5,1984121.985
5,150,1,102.6,1670839.566
5,150,1,102.7,1461984.621
5,150,1,102.8,1357557.148
5,150,1,102.9,1148702.202
5,150,1,103,939847.2561
5,150,1,103.1,2088549.458
5,150,1,103.2,1253129.675
5,150,1,103.3,1357557.148
5,150,1,103.4,1984121.985
5,150,1,103.5,417709.8916
5,150,1,103.6,1148702.202
5,150,1,103.7,1253129.675
5,150,1,103.8,1253129.675
5,150,1,103.9,1461984.621
5,150,1,104,1357557.148
5,150,1,104.1,1670839.566
5,150,1,104.2,1357557.148
5,150,1,104.3,2715114.295
5,150,1,104.4,1253129.675
5,150,1,104.5,1253129.675
5,150,1,104.6,730992.3103
5,150,1,104.7,1775267.039
5,150,1,104.8,1775267.039
5,150,1,104.9,1044274.729
5,150,1,105,1357557.148
5,150,1,105.1,1044274.729
5,150,1,105.2,522137.3645
5,150,1,105.3,1670839.566
5,150,1,105.4,1775267.039
5,150,1,105.5,939847.2561
5,150,1,105.6,1044274.729
5,150,1,105.7,1357557.148
5,150,1,105.8,939847.2561
5,150,1,105.9,1670839.566
5,150,1,106,1357557.148
5,150,1,106.1,1253129.675
5,150,1,106.2,1357557.148
5,150,1,106.3,1253129.675
5,150,1,106.4,1044274.729
5,150,1,106.5,1775267.039
5,150,1,106.6,1148702.202
5,150,1,106.7,1461984.621
5,150,1,106.8,1775267.039
5,150,1,106.9,1566412.094
5,150,1,107,1044274.729
5,150,1,107.1,939847.2561
5,150,1,107.2,1461984.621
5,150,1,107.3,1461984.621
5,150,1,107.4,1984121.985
5,150,1,107.5,1357557.148
5,150,1,107.6,1044274.729
5,150,1,107.7,939847.2561
5,150,1,107.8,939847.2561
5,150,1,107.9,1357557.148
5,150,1,108,1044274.729
5,150,1,108.1,1357557.148
5,150,1,108.2,835419.7832
5,150,1,108.3,1044274.729
5,150,1,108.4,1253129.675
5,150,1,108.5,1357557.148
5,150,1,108.6,1148702.202
5,150,1,108.7,1775267.039
5,150,1,108.8,1670839.566
5,150,1,108.9,1253129.675
5,150,1,109,313282.4187
5,150,1,109.1,1044274.729
5,150,1,109.2,1775267.039
5,150,1,109.3,835419.7832
5,150,1,109.4,1148702.202
5,150,1,109.5,1566412.094
5,150,1,109.6,1044274.729
5,150,1,109.7,522137.3645
5,150,1,109.8,1670839.566
5,150,1,109.9,1044274.729
5,150,1,110,1253129.675
5,150,1,110.1,1253129.675
5,150,1,110.2,939847.2561
5,150,1,110.3,626564.8374
5,150,1,110.4,1044274.729
5,150,1,110.5,835419.7832
5,150,1,110.6,730992.3103
5,150,1,110.7,939847.2561
5,150,1,110.8,1044274.729
5,150,1,110.9,626564.8374
5,150,1,111,1148702.202
5,150,1,111.1,626564.8374
5,150,1,111.2,626564.8374
5,150,1,111.3,1984121.985
5,150,1,111.4,1148702.202
5,150,1,111.5,835419.7832
5,150,1,111.6,1253129.675
5,150,1,111.7,626564.8374
5,150,1,111.8,939847.2561
5,150,1,111.9,1775267.039
5,150,1,112,1044274.729
5,150,1,112.1,730992.3103
5,150,1,112.2,626564.8374
5,150,1,112.3,522137.3645
5,150,1,112.4,1357557.148
5,150,1,112.5,417709.8916
5,150,1,112.6,1357557.148
5,150,1,112.7,1148702.202
5,150,1,112.8,1566412.094
5,150,1,112.9,1044274.729
5,150,1,113,313282.4187
5,150,1,113.1,1148702.202
5,150,1,113.2,1253129.675
5,150,1,113.3,730992.3103
5,150,1,113.4,1148702.202
5,150,1,113.5,1148702.202
5,150,1,113.6,1253129.675
5,150,1,113.7,835419.7832
5,150,1,113.8,1044274.729
5,150,1,113.9,939847.2561
5,150,1,114,939847.2561
5,150,1,114.1,1253129.675
5,150,1,114.2,1357557.148
5,150,1,114.3,522137.3645
5,150,1,114.4,1148702.202
5,150,1,114.5,1461984.621
5,150,1,114.6,1879694.512
5,150,1,114.7,1044274.729
5,150,1,114.8,730992.3103
5,150,1,114.9,730992.3103
5,150,1,115,1461984.621
5,150,1,115.1,1357557.148
5,150,1,115.2,1044274.729
5,150,1,115.3,1670839.566
5,150,1,115.4,1253129.675
5,150,1,115.5,1357557.148
5,150,1,115.6,1670839.566
5,150,1,115.7,522137.3645
5,150,1,115.8,835419.7832
5,150,1,115.9,1253129.675
5,150,1,116,1357557.148
5,150,1,116.1,1044274.729
5,150,1,116.2,1044274.729
5,150,1,116.3,1148702.202
5,150,1,116.4,1357557.148
5,150,1,116.5,522137.3645
5,150,1,116.6,1148702.202
5,150,1,116.7,1148702.202
5,150,1,116.8,1566412.094
5,150,1,116.9,1670839.566
5,150,1,117,1148702.202
5,150,1,117.1,1044274.729
5,150,1,117.2,835419.7832
5,150,1,117.3,1148702.202
5,150,1,117.4,1148702.202
5,150,1,117.5,939847.2561
5,150,1,117.6,1253129.675
5,150,1,117.7,730992.3103
5,150,1,117.8,626564.8374
5,150,1,117.9,939847.2561
5,150,1,118,730992.3103
5,150,1,118.1,730992.3103
5,150,1,118.2,522137.3645
5,150,1,118.3,417709.8916
5,150,1,118.4,939847.2561
5,150,1,118.5,939847.2561
5,150,1,118.6,939847.2561
5,150,1,118.7,939847.2561
5,150,1,118.8,626564.8374
5,150,1,118.9,1044274.729
5,150,1,119,1044274.729
5,150,1,119.1,730992.3103
5,150,1,119.2,730992.3103
5,150,1,119.3,626564.8374
5,150,1,119.4,626564.8374
5,150,1,119.5,730992.3103
5,150,1,119.6,1044274.729
5,150,1,119.7,1253129.675
5,150,1,119.8,730992.3103
5,150,1,119.9,1253129.675
5,150,1,120,730992.3103
5,150,1,120.1,626564.8374
5,150,1,120.2,313282.4187
5,150,1,120.3,1044274.729
5,150,1,120.4,1044274.729
5,150,1,120.5,1357557.148
5,150,1,120.6,626564.8374
5,150,1,120.7,1148702.202
5,150,1,120.8,1044274.729
5,150,1,120.9,835419.7832
5,150,1,121,313282.4187
5,150,1,121.1,730992.3103
5,150,1,121.2,835419.7832
5,150,1,121.3,313282.4187
5,150,1,121.4,730992.3103
5,150,1,121.5,939847.2561
5,150,1,121.6,208854.9458
5,150,1,121.7,730992.3103
5,150,1,121.8,730992.3103
5,150,1,121.9,417709.8916
5,150,1,122,835419.7832
5,150,1,122.1,730992.3103
5,150,1,122.2,1148702.202
5,150,1,122.3,939847.2561
5,150,1,122.4,939847.2561
5,150,1,122.5,626564.8374
5,150,1,122.6,626564.8374
5,150,1,122.7,522137.3645
5,150,1,122.8,730992.3103
5,150,1,122.9,313282.4187
5,150,1,123,1253129.675
5,150,1,123.1,522137.3645
5,150,1,123.2,626564.8374
5,150,1,123.3,522137.3645
5,150,1,123.4,730992.3103
5,150,1,123.5,417709.8916
5,150,1,123.6,1148702.202
5,150,1,123.7,835419.7832
5,150,1,123.8,417709.8916
5,150,1,123.9,1148702.202
5,150,1,124,939847.2561
5,150,1,124.1,835419.7832
5,150,1,124.2,1148702.202
5,150,1,124.3,730992.3103
5,150,1,124.4,939847.2561
5,150,1,124.5,1044274.729
5,150,1,124.6,313282.4187
5,150,1,124.7,1357557.148
5,150,1,124.8,1148702.202
5,150,1,124.9,730992.3103
5,150,1,125,835419.7832
5,150,1,125.1,626564.8374
5,150,1,125.2,730992.3103
5,150,1,125.3,835419.7832
5,150,1,125.4,1044274.729
5,150,1,125.5,835419.7832
5,150,1,125.6,730992.3103
5,150,1,125.7,730992.3103
5,150,1,125.8,939847.2561
5,150,1,125.9,626564.8374
5,150,1,126,1357557.148
5,150,1,126.1,313282.4187
5,150,1,126.2,626564.8374
5,150,1,126.3,939847.2561
5,150,1,126.4,939847.2561
5,150,1,126.5,1253129.675
5,150,1,126.6,730992.3103
5,150,1,126.7,522137.3645
5,150,1,126.8,835419.7832
5,150,1,126.9,835419.7832
5,150,1,127,939847.2561
5,150,1,127.1,835419.7832
5,150,1,127.2,835419.7832
5,150,1,127.3,522137.3645
5,150,1,127.4,939847.2561
5,150,1,127.5,626564.8374
5,150,1,127.6,1253129.675
5,150,1,127.7,730992.3103
5,150,1,127.8,1044274.729
5,150,1,127.9,522137.3645
5,150,1,128,939847.2561
5,150,1,128.1,939847.2561
5,150,1,128.2,208854.9458
5,150,1,128.3,626564.8374
5,150,1,128.4,1148702.202
5,150,1,128.5,626564.8374
5,150,1,128.6,1148702.202
5,150,1,128.7,626564.8374
5,150,1,128.8,1148702.202
5,150,1,128.9,626564.8374
5,150,1,129,626564.8374
5,150,1,129.1,730992.3103
5,150,1,129.2,522137.3645
5,150,1,129.3,522137.3645
5,150,1,129.4,417709.8916
5,150,1,129.5,939847.2561
5,150,1,129.6,417709.8916
5,150,1,129.7,417709.8916
5,150,1,129.8,835419.7832
5,150,1,129.9,1148702.202
5,150,1,130,522137.3645
5,150,1,130.1,208854.9458
5,150,1,130.2,730992.3103
5,150,1,130.3,730992.3103
5,150,1,130.4,835419.7832
5,150,1,130.5,626564.8374
5,150,1,130.6,835419.7832
5,150,1,130.7,626564.8374
5,150,1,130.8,939847.2561
5,150,1,130.9,626564.8374
5,150,1,131,835419.7832
5,150,1,131.1,1044274.729
5,150,1,131.2,835419.7832
5,150,1,131.3,939847.2561
5,150,1,131.4,939847.2561
5,150,1,131.5,939847.2561
5,150,1,131.6,939847.2561
5,150,1,131.7,1044274.729
5,150,1,131.8,417709.8916
5,150,1,131.9,1044274.729
5,150,1,132,417709.8916
5,150,1,132.1,1148702.202
5,150,1,132.2,208854.9458
5,150,1,132.3,730992.3103
5,150,1,132.4,730992.3103
5,150,1,132.5,626564.8374
5,150,1,132.6,522137.3645
5,150,1,132.7,313282.4187
5,150,1,132.8,522137.3645
5,150,1,132.9,626564.8374
5,150,1,133,939847.2561
5,150,1,133.1,835419.7832
5,150,1,133.2,313282.4187
5,150,1,133.3,939847.2561
5,150,1,133.4,939847.2561
5,150,1,133.5,313282.4187
5,150,1,133.6,626564.8374
5,150,1,133.7,1044274.729
5,150,1,133.8,522137.3645
5,150,1,133.9,730992.3103
5,150,1,134,626564.8374
5,150,1,134.1,730992.3103
5,150,1,134.2,730992.3103
5,150,1,134.3,522137.3645
5,150,1,134.4,939847.2561
5,150,1,134.5,730992.3103
5,150,1,134.6,1044274.729
5,150,1,134.7,522137.3645
5,150,1,134.8,1044274.729
5,150,1,134.9,208854.9458
5,150,1,135,417709.8916
5,150,1,135.1,313282.4187
5,150,1,135.2,417709.8916
5,150,1,135.3,1044274.729
5,150,1,135.4,626564.8374
5,150,1,135.5,1044274.729
5,150,1,135.6,522137.3645
5,150,1,135.7,522137.3645
5,150,1,135.8,835419.7832
5,150,1,135.9,1253129.675
5,150,1,136,522137.3645
5,150,1,136.1,835419.7832
5,150,1,136.2,626564.8374
5,150,1,136.3,417709.8916
5,150,1,136.4,730992.3103
5,150,1,136.5,313282.4187
5,150,1,136.6,522137.3645
5,150,1,136.7,522137.3645
5,150,1,136.8,939847.2561
5,150,1,136.9,835419.7832
5,150,1,137,313282.4187
5,150,1,137.1,939847.2561
5,150,1,137.2,626564.8374
5,150,1,137.3,1148702.202
5,150,1,137.4,313282.4187
5,150,1,137.5,522137.3645
5,150,1,137.6,313282.4187
5,150,1,137.7,417709.8916
5,150,1,137.8,1148702.202
5,150,1,137.9,1357557.148
5,150,1,138,730992.3103
5,150,1,138.1,522137.3645
5,150,1,138.2,626564.8374
5,150,1,138.3,208854.9458
5,150,1,138.4,835419.7832
5,150,1,138.5,835419.7832
5,150,1,138.6,522137.3645
5,150,1,138.7,835419.7832
5,150,1,138.8,522137.3645
5,150,1,138.9,835419.7832
5,150,1,139,1044274.729
5,150,1,139.1,730992.3103
5,150,1,139.2,522137.3645
5,150,1,139.3,522137.3645
5,150,1,139.4,417709.8916
5,150,1,139.5,626564.8374
5,150,1,139.6,417709.8916
5,150,1,139.7,626564.8374
5,150,1,139.8,1044274.729
5,150,1,139.9,626564.8374
5,150,1,140,730992.3103
5,150,1,140.1,626564.8374
5,150,1,140.2,835419.7832
5,150,1,140.3,417709.8916
5,150,1,140.4,730992.3103
5,150,1,140.5,626564.8374
5,150,1,140.6,417709.8916
5,150,1,140.7,730992.3103
5,150,1,140.8,313282.4187
5,150,1,140.9,626564.8374
5,150,1,141,1148702.202
5,150,1,141.1,417709.8916
5,150,1,141.2,313282.4187
5,150,1,141.3,835419.7832
5,150,1,141.4,522137.3645
5,150,1,141.5,626564.8374
5,150,1,141.6,417709.8916
5,150,1,141.7,417709.8916
5,150,1,141.8,835419.7832
5,150,1,141.9,939847.2561
5,150,1,142,313282.4187
5,150,1,142.1,417709.8916
5,150,1,142.2,208854.9458
5,150,1,142.3,313282.4187
5,150,1,142.4,626564.8374
5,150,1,142.5,417709.8916
5,150,1,142.6,522137.3645
5,150,1,142.7,1148702.202
5,150,1,142.8,522137.3645
5,150,1,142.9,417709.8916
5,150,1,143,417709.8916
5,150,1,143.1,417709.8916
5,150,1,143.2,835419.7832
5,150,1,143.3,835419.7832
5,150,1,143.4,730992.3103
5,150,1,143.5,522137.3645
5,150,1,143.6,730992.3103
5,150,1,143.7,208854.9458
5,150,1,143.8,522137.3645
5,150,1,143.9,208854.9458
5,150,1,144,208854.9458
5,150,1,144.1,939847.2561
5,150,1,144.2,313282.4187
5,150,1,144.3,730992.3103
5,150,1,144.4,313282.4187
5,150,1,144.5,104427.4729
5,150,1,144.6,730992.3103
5,150,1,144.7,522137.3645
5,150,1,144.8,313282.4187
5,150,1,144.9,522137.3645
5,150,1,145,313282.4187
5,150,1,145.1,626564.8374
5,150,1,145.2,104427.4729
5,150,1,145.3,626564.8374
5,150,1,145.4,730992.3103
5,150,1,145.5,626564.8374
5,150,1,145.6,313282.4187
5,150,1,145.7,522137.3645
5,150,1,145.8,939847.2561
5,150,1,145.9,522137.3645
5,150,1,146,313282.4187
5,150,1,146.1,522137.3645
5,150,1,146.2,522137.3645
5,150,1,146.3,626564.8374
5,150,1,146.4,208854.9458
5,150,1,146.5,313282.4187
5,150,1,146.6,730992.3103
5,150,1,146.7,522137.3645
5,150,1,146.8,417709.8916
5,150,1,146.9,417709.8916
5,150,1,147,835419.7832
5,150,1,147.1,417709.8916
5,150,1,147.2,208854.9458
5,150,1,147.3,313282.4187
5,150,1,147.4,208854.9458
5,150,1,147.5,104427.4729
5,150,1,147.6,417709.8916
5,150,1,147.7,313282.4187
5,150,1,147.8,522137.3645
5,150,1,147.9,208854.9458
5,150,1,148,626564.8374
5,150,1,148.1,522137.3645
5,150,1,148.2,208854.9458
5,150,1,148.3,208854.9458
5,150,1,148.4,208854.9458
5,150,1,148.5,417709.8916
5,150,1,148.6,208854.9458
5,150,1,148.7,208854.9458
5,150,1,148.8,104427.4729
5,150,1,148.9,208854.9458
5,150,1,149,208854.9458
5,150,1,149.1,104427.4729
5,150,1,149.2,104427.4729
5,150,1,149.3,417709.8916
5,150,1,149.5,208854.9458
5,150,1,149.8,208854.9458
5,150,1,149.9,104427.4729
5,40,3,4,67700.14451
5,40,3,4.1,67700.14451
5,40,3,4.2,203100.4335
5,40,3,4.3,135400.289
5,40,3,4.4,406200.867
5,40,3,4.5,406200.867
5,40,3,4.6,203100.4335
5,40,3,4.7,744701.5896
5,40,3,4.8,1015502.168
5,40,3,4.9,677001.4451
5,40,3,5,677001.4451
5,40,3,5.1,1083202.312
5,40,3,5.2,1760203.757
5,40,3,5.3,1895604.046
5,40,3,5.4,2166404.624
5,40,3,5.5,3249606.936
5,40,3,5.6,3249606.936
5,40,3,5.7,3655807.803
5,40,3,5.8,4468209.538
5,40,3,5.9,4874410.405
5,40,3,6,6228413.295
5,40,3,6.1,5957612.717
5,40,3,6.2,7582416.185
5,40,3,6.3,6905414.74
5,40,3,6.4,6905414.74
5,40,3,6.5,7920916.907
5,40,3,6.6,8259417.63
5,40,3,6.7,8056317.196
5,40,3,6.8,7988617.052
5,40,3,6.9,9951921.243
5,40,3,7,11035123.55
5,40,3,7.1,9816520.954
5,40,3,7.2,10696622.83
5,40,3,7.3,10696622.83
5,40,3,7.4,35948776.73
5,40,3,7.5,12118325.87
5,40,3,7.6,13472328.76
5,40,3,7.7,14149330.2
5,40,3,7.8,13472328.76
5,40,3,7.9,13810829.48
5,40,3,8,14487830.92
5,40,3,8.1,15164832.37
5,40,3,8.2,17195836.7
5,40,3,8.3,81240173.41
5,40,3,8.4,557442989.9
5,40,3,8.5,16315734.83
5,40,3,8.6,17534337.43
5,40,3,8.7,15638733.38
5,40,3,8.8,23627350.43
5,40,3,8.9,18008238.44
5,40,3,9,15909533.96
5,40,3,9.1,16248034.68
5,40,3,9.2,18143638.73
5,40,3,9.3,18685239.88
5,40,3,9.4,20242343.21
5,40,3,9.5,44208194.36
5,40,3,9.6,27418558.53
5,40,3,9.7,326111596.1
5,40,3,9.8,47999402.46
5,40,3,9.9,36151877.17
5,40,3,10,158147537.6
5,40,3,10.1,22137947.25
5,40,3,10.2,20716244.22
5,40,3,10.3,10155021.68
5,40,3,10.4,10019621.39
5,40,3,10.5,9951921.243
5,40,3,10.6,12186026.01
5,40,3,10.7,11170523.84
5,40,3,10.8,12727627.17
5,40,3,10.9,11982925.58
5,40,3,11,13404628.61
5,40,3,11.1,11441324.42
5,40,3,11.2,11644424.86
5,40,3,11.3,54769416.91
5,40,3,11.4,12118325.87
5,40,3,11.5,11644424.86
5,40,3,11.6,14217030.35
5,40,3,11.7,11373624.28
5,40,3,11.8,9342619.942
5,40,3,11.9,9681120.665
5,40,3,12,12050625.72
5,40,3,12.1,8597918.352
5,40,3,12.2,9139519.509
5,40,3,12.3,8597918.352
5,40,3,12.4,8665618.497
5,40,3,12.5,8259417.63
5,40,3,12.6,9681120.665
5,40,3,12.7,8530218.208
5,40,3,12.8,10696622.83
5,40,3,12.9,9071819.364
5,40,3,13,8124017.341
5,40,3,13.1,8259417.63
5,40,3,13.2,10290421.97
5,40,3,13.3,9410320.087
5,40,3,13.4,9342619.942
5,40,3,13.5,9478020.231
5,40,3,13.6,9681120.665
5,40,3,13.7,9951921.243
5,40,3,13.8,12118325.87
5,40,3,13.9,10019621.39
5,40,3,14,10561222.54
5,40,3,14.1,9071819.364
5,40,3,14.2,9274919.798
5,40,3,14.3,10155021.68
5,40,3,14.4,9207219.653
5,40,3,14.5,10087321.53
5,40,3,14.6,10290421.97
5,40,3,14.7,11847525.29
5,40,3,14.8,9681120.665
5,40,3,14.9,11238223.99
5,40,3,15,9207219.653
5,40,3,15.1,10561222.54
5,40,3,15.2,10155021.68
5,40,3,15.3,9478020.231
5,40,3,15.4,10764322.98
5,40,3,15.5,11847525.29
5,40,3,15.6,10425822.25
5,40,3,15.7,10155021.68
5,40,3,15.8,10425822.25
5,40,3,15.9,10222721.82
5,40,3,16,9004119.22
5,40,3,16.1,10155021.68
5,40,3,16.2,8530218.208
5,40,3,16.3,10358122.11
5,40,3,16.4,13201528.18
5,40,3,16.5,8665618.497
5,40,3,16.6,10425822.25
5,40,3,16.7,10493522.4
5,40,3,16.8,8801018.786
5,40,3,16.9,11035123.55
5,40,3,17,9207219.653
5,40,3,17.1,10696622.83
5,40,3,17.2,10561222.54
5,40,3,17.3,9274919.798
5,40,3,17.4,9071819.364
5,40,3,17.5,9342619.942
5,40,3,17.6,10222721.82
5,40,3,17.7,10493522.4
5,40,3,17.8,9951921.243
5,40,3,17.9,10290421.97
5,40,3,18,8056317.196
5,40,3,18.1,12050625.72
5,40,3,18.2,9207219.653
5,40,3,18.3,9274919.798
5,40,3,18.4,11035123.55
5,40,3,18.5,8801018.786
5,40,3,18.6,9748820.809
5,40,3,18.7,9816520.954
5,40,3,18.8,9071819.364
5,40,3,18.9,10222721.82
5,40,3,19,8733318.641
5,40,3,19.1,10222721.82
5,40,3,19.2,7853216.763
5,40,3,19.3,8665618.497
5,40,3,19.4,10764322.98
5,40,3,19.5,10493522.4
5,40,3,19.6,8327117.774
5,40,3,19.7,8394817.919
5,40,3,19.8,10155021.68
5,40,3,19.9,7785516.618
5,40,3,20,8868718.93
5,40,3,20.1,8530218.208
5,40,3,20.2,8259417.63
5,40,3,20.3,9816520.954
5,40,3,20.4,9410320.087
5,40,3,20.5,9545720.376
5,40,3,20.6,8801018.786
5,40,3,20.7,9004119.22
5,40,3,20.8,8665618.497
5,40,3,20.9,8801018.786
5,40,3,21,8530218.208
5,40,3,21.1,9207219.653
5,40,3,21.2,7785516.618
5,40,3,21.3,8327117.774
5,40,3,21.4,7920916.907
5,40,3,21.5,6837714.595
5,40,3,21.6,9207219.653
5,40,3,21.7,8327117.774
5,40,3,21.8,7785516.618
5,40,3,21.9,9816520.954
5,40,3,22,7379315.751
5,40,3,22.1,8259417.63
5,40,3,22.2,6837714.595
5,40,3,22.3,7514716.04
5,40,3,22.4,7717816.474
5,40,3,22.5,7176215.318
5,40,3,22.6,8394817.919
5,40,3,22.7,8597918.352
5,40,3,22.8,7988617.052
5,40,3,22.9,7717816.474
5,40,3,23,7582416.185
5,40,3,23.1,8191717.485
5,40,3,23.2,6973114.884
5,40,3,23.3,8191717.485
5,40,3,23.4,6702314.306
5,40,3,23.5,6702314.306
5,40,3,23.6,8597918.352
5,40,3,23.7,6837714.595
5,40,3,23.8,7514716.04
5,40,3,23.9,8191717.485
5,40,3,24,7920916.907
5,40,3,24.1,7920916.907
5,40,3,24.2,7650116.329
5,40,3,24.3,6431513.728
5,40,3,24.4,6566914.017
5,40,3,24.5,8530218.208
5,40,3,24.6,7447015.896
5,40,3,24.7,7243915.462
5,40,3,24.8,6296113.439
5,40,3,24.9,7311615.607
5,40,3,25,6431513.728
5,40,3,25.1,5619111.994
5,40,3,25.2,5551411.85
5,40,3,25.3,6905414.74
5,40,3,25.4,8327117.774
5,40,3,25.5,7040815.029
5,40,3,25.6,7582416.185
5,40,3,25.7,6160713.15
5,40,3,25.8,5957612.717
5,40,3,25.9,5483711.705
5,40,3,26,5686812.139
5,40,3,26.1,6702314.306
5,40,3,26.2,6431513.728
5,40,3,26.3,5686812.139
5,40,3,26.4,7108515.173
5,40,3,26.5,6160713.15
5,40,3,26.6,5619111.994
5,40,3,26.7,6702314.306
5,40,3,26.8,5754512.283
5,40,3,26.9,7108515.173
5,40,3,27,5212911.127
5,40,3,27.1,6228413.295
5,40,3,27.2,5889912.572
5,40,3,27.3,5686812.139
5,40,3,27.4,4062008.67
5,40,3,27.5,5416011.561
5,40,3,27.6,5619111.994
5,40,3,27.7,5551411.85
5,40,3,27.8,4874410.405
5,40,3,27.9,5145210.983
5,40,3,28,5077510.838
5,40,3,28.1,4942110.549
5,40,3,28.2,4874410.405
5,40,3,28.3,5212911.127
5,40,3,28.4,4874410.405
5,40,3,28.5,4603609.827
5,40,3,28.6,4739010.116
5,40,3,28.7,5348311.416
5,40,3,28.8,5822212.428
5,40,3,28.9,4603609.827
5,40,3,29,4062008.67
5,40,3,29.1,5754512.283
5,40,3,29.2,4129708.815
5,40,3,29.3,3926608.381
5,40,3,29.4,4942110.549
5,40,3,29.5,5348311.416
5,40,3,29.6,4739010.116
5,40,3,29.7,4739010.116
5,40,3,29.8,4129708.815
5,40,3,29.9,4739010.116
5,40,3,30,5212911.127
5,40,3,30.1,3791208.092
5,40,3,30.2,3723507.948
5,40,3,30.3,3181906.792
5,40,3,30.4,3385007.225
5,40,3,30.5,3858908.237
5,40,3,30.6,4197408.959
5,40,3,30.7,4129708.815
5,40,3,30.8,4806710.26
5,40,3,30.9,5077510.838
5,40,3,31,4535909.682
5,40,3,31.1,3588107.659
5,40,3,31.2,4535909.682
5,40,3,31.3,2911106.214
5,40,3,31.4,3114206.647
5,40,3,31.5,3791208.092
5,40,3,31.6,3926608.381
5,40,3,31.7,3452707.37
5,40,3,31.8,4739010.116
5,40,3,31.9,3994308.526
5,40,3,32,4332809.248
5,40,3,32.1,3588107.659
5,40,3,32.2,3520407.514
5,40,3,32.3,3994308.526
5,40,3,32.4,2911106.214
5,40,3,32.5,3588107.659
5,40,3,32.6,3317307.081
5,40,3,32.7,3114206.647
5,40,3,32.8,3249606.936
5,40,3,32.9,2640305.636
5,40,3,33,3926608.381
5,40,3,33.1,3181906.792
5,40,3,33.2,3249606.936
5,40,3,33.3,2708005.78
5,40,3,33.4,3249606.936
5,40,3,33.5,2843406.069
5,40,3,33.6,3317307.081
5,40,3,33.7,3317307.081
5,40,3,33.8,3181906.792
5,40,3,33.9,2234104.769
5,40,3,34,2640305.636
5,40,3,34.1,1760203.757
5,40,3,34.2,2098704.48
5,40,3,34.3,2775705.925
5,40,3,34.4,3046506.503
5,40,3,34.5,1760203.757
5,40,3,34.6,2437205.202
5,40,3,34.7,1827903.902
5,40,3,34.8,2166404.624
5,40,3,34.9,2572605.491
5,40,3,35,2369505.058
5,40,3,35.1,2098704.48
5,40,3,35.2,2640305.636
5,40,3,35.3,2708005.78
5,40,3,35.4,2504905.347
5,40,3,35.5,2708005.78
5,40,3,35.6,1827903.902
5,40,3,35.7,2437205.202
5,40,3,35.8,1421703.035
5,40,3,35.9,2369505.058
5,40,3,36,2098704.48
5,40,3,36.1,2031004.335
5,40,3,36.2,1692503.613
5,40,3,36.3,1827903.902
5,40,3,36.4,1421703.035
5,40,3,36.5,1692503.613
5,40,3,36.6,1150902.457
5,40,3,36.7,1963304.191
5,40,3,36.8,1963304.191
5,40,3,36.9,1692503.613
5,40,3,37,1218602.601
5,40,3,37.1,1760203.757
5,40,3,37.2,1015502.168
5,40,3,37.3,1827903.902
5,40,3,37.4,1557103.324
5,40,3,37.5,1489403.179
5,40,3,37.6,1421703.035
5,40,3,37.7,1218602.601
5,40,3,37.8,1692503.613
5,40,3,37.9,1489403.179
5,40,3,38,1692503.613
5,40,3,38.1,947802.0231
5,40,3,38.2,1489403.179
5,40,3,38.3,1150902.457
5,40,3,38.4,1286302.746
5,40,3,38.5,812401.7341
5,40,3,38.6,609301.3006
5,40,3,38.7,947802.0231
5,40,3,38.8,880101.8786
5,40,3,38.9,880101.8786
5,40,3,39,473901.0116
5,40,3,39.1,609301.3006
5,40,3,39.2,677001.4451
5,40,3,39.3,203100.4335
5,40,3,39.4,473901.0116
5,40,3,39.5,406200.867
5,40,3,39.6,203100.4335
5,40,3,39.7,406200.867
5,40,3,39.8,338500.7225
5,40,3,39.9,67700.14451
5,40,3,40,67700.14451
5,80,3,3.4,101140.4096
5,80,3,3.5,202280.8192
5,80,3,3.6,303421.2288
5,80,3,3.7,202280.8192
5,80,3,3.8,303421.2288
5,80,3,3.9,505702.048
5,80,3,4,809123.2767
5,80,3,4.1,1314825.325
5,80,3,4.2,910263.6863
5,80,3,4.3,1719386.963
5,80,3,4.4,3034212.288
5,80,3,4.5,3944475.974
5,80,3,4.6,4753599.251
5,80,3,4.7,4753599.251
5,80,3,4.8,7079828.671
5,80,3,4.9,6270705.395
5,80,3,5,9001496.454
5,80,3,5.1,9406058.092
5,80,3,5.2,10518602.6
5,80,3,5.3,8091232.767
5,80,3,5.4,12541410.79
5,80,3,5.5,11934568.33
5,80,3,5.6,14361938.16
5,80,3,5.7,12642551.2
5,80,3,5.8,16789307.99
5,80,3,5.9,14867640.21
5,80,3,6,21340626.42
5,80,3,6.1,21644047.65
5,80,3,6.2,21644047.65
5,80,3,6.3,22857732.57
5,80,3,6.4,27712472.23
5,80,3,6.5,25285102.4
5,80,3,6.6,27206770.18
5,80,3,6.7,25689664.04
5,80,3,6.8,31555807.79
5,80,3,6.9,26195366.08
5,80,3,7,32971773.53
5,80,3,7.1,29937561.24
5,80,3,7.2,31859229.02
5,80,3,7.3,37826513.19
5,80,3,7.4,139776046.1
5,80,3,7.5,32263790.66
5,80,3,7.6,37725372.78
5,80,3,7.7,41770989.16
5,80,3,7.8,35601424.18
5,80,3,7.9,39849321.38
5,80,3,8,42681252.85
5,80,3,8.1,39242478.92
5,80,3,8.2,43692656.94
5,80,3,8.3,287946746.1
5,80,3,8.4,2244609110
5,80,3,8.5,42175550.8
5,80,3,8.6,44501780.22
5,80,3,8.7,45715465.14
5,80,3,8.8,74843903.1
5,80,3,8.9,46828009.64
5,80,3,9,45007482.27
5,80,3,9.1,45917745.95
5,80,3,9.2,42074410.39
5,80,3,9.3,47738273.33
5,80,3,9.4,46221167.18
5,80,3,9.5,139674905.6
5,80,3,9.6,86272769.38
5,80,3,9.7,1258490117
5,80,3,9.8,177905980.5
5,80,3,9.9,110748748.5
5,80,3,10,589142885.9
5,80,3,10.1,53907838.31
5,80,3,10.2,60481964.94
5,80,3,10.3,33679756.39
5,80,3,10.4,31252386.56
5,80,3,10.5,28218174.28
5,80,3,10.6,29128437.96
5,80,3,10.7,31758088.61
5,80,3,10.8,33376335.17
5,80,3,10.9,30746684.52
5,80,3,11,39950461.79
5,80,3,11.1,32466071.48
5,80,3,11.2,33882037.21
5,80,3,11.3,218463284.7
5,80,3,11.4,35399143.36
5,80,3,11.5,35095722.13
5,80,3,11.6,50974766.43
5,80,3,11.7,51480468.48
5,80,3,11.8,28723876.32
5,80,3,11.9,28015893.46
5,80,3,12,38028794.01
5,80,3,12.1,26195366.08
5,80,3,12.2,27813612.64
5,80,3,12.3,26802208.54
5,80,3,12.4,27409051
5,80,3,12.5,26094225.67
5,80,3,12.6,27712472.23
5,80,3,12.7,24172557.89
5,80,3,12.8,27813612.64
5,80,3,12.9,25487383.22
5,80,3,13,26498787.31
5,80,3,13.1,24273698.3
5,80,3,13.2,28218174.28
5,80,3,13.3,28521595.5
5,80,3,13.4,30139842.06
5,80,3,13.5,31050105.74
5,80,3,13.6,29937561.24
5,80,3,13.7,28420455.1
5,80,3,13.8,25487383.22
5,80,3,13.9,27914753.05
5,80,3,14,25487383.22
5,80,3,14.1,26903348.95
5,80,3,14.2,30342122.88
5,80,3,14.3,28622735.91
5,80,3,14.4,29937561.24
5,80,3,14.5,30038701.65
5,80,3,14.6,28218174.28
5,80,3,14.7,27914753.05
5,80,3,14.8,29937561.24
5,80,3,14.9,32668352.3
5,80,3,15,29532999.6
5,80,3,15.1,29330718.78
5,80,3,15.2,29937561.24
5,80,3,15.3,26296506.49
5,80,3,15.4,27004489.36
5,80,3,15.5,27105629.77
5,80,3,15.6,29634140.01
5,80,3,15.7,24880540.76
5,80,3,15.8,30342122.88
5,80,3,15.9,27712472.23
5,80,3,16,25993085.26
5,80,3,16.1,29937561.24
5,80,3,16.2,27409051
5,80,3,16.3,28420455.1
5,80,3,16.4,28117033.87
5,80,3,16.5,27510191.41
5,80,3,16.6,27105629.77
5,80,3,16.7,29836420.83
5,80,3,16.8,28723876.32
5,80,3,16.9,29634140.01
5,80,3,17,28015893.46
5,80,3,17.1,27611331.82
5,80,3,17.2,25487383.22
5,80,3,17.3,28926157.14
5,80,3,17.4,24981681.17
5,80,3,17.5,33275194.76
5,80,3,17.6,27712472.23
5,80,3,17.7,25891944.86
5,80,3,17.8,26599927.72
5,80,3,17.9,26094225.67
5,80,3,18,25891944.86
5,80,3,18.1,27813612.64
5,80,3,18.2,31353526.97
5,80,3,18.3,28825016.73
5,80,3,18.4,26701068.13
5,80,3,18.5,27914753.05
5,80,3,18.6,30139842.06
5,80,3,18.7,26397646.9
5,80,3,18.8,30139842.06
5,80,3,18.9,26599927.72
5,80,3,19,28825016.73
5,80,3,19.1,28218174.28
5,80,3,19.2,28825016.73
5,80,3,19.3,27813612.64
5,80,3,19.4,28723876.32
5,80,3,19.5,28622735.91
5,80,3,19.6,28218174.28
5,80,3,19.7,25285102.4
5,80,3,19.8,22655451.75
5,80,3,19.9,25588523.63
5,80,3,20,27914753.05
5,80,3,20.1,28319314.69
5,80,3,20.2,23565715.43
5,80,3,20.3,22250890.11
5,80,3,20.4,25689664.04
5,80,3,20.5,23060013.39
5,80,3,20.6,25183961.99
5,80,3,20.7,24475979.12
5,80,3,20.8,22857732.57
5,80,3,20.9,26802208.54
5,80,3,21,27307910.59
5,80,3,21.1,25689664.04
5,80,3,21.2,23565715.43
5,80,3,21.3,20733783.97
5,80,3,21.4,23363434.62
5,80,3,21.5,25082821.58
5,80,3,21.6,26094225.67
5,80,3,21.7,24880540.76
5,80,3,21.8,23060013.39
5,80,3,21.9,25487383.22
5,80,3,22,23970277.07
5,80,3,22.1,23869136.66
5,80,3,22.2,27914753.05
5,80,3,22.3,23869136.66
5,80,3,22.4,24172557.89
5,80,3,22.5,24273698.3
5,80,3,22.6,24779400.35
5,80,3,22.7,24678259.94
5,80,3,22.8,23060013.39
5,80,3,22.9,25082821.58
5,80,3,23,21340626.42
5,80,3,23.1,24475979.12
5,80,3,23.2,20025801.1
5,80,3,23.3,22857732.57
5,80,3,23.4,22655451.75
5,80,3,23.5,24172557.89
5,80,3,23.6,23767996.25
5,80,3,23.7,23060013.39
5,80,3,23.8,21441766.83
5,80,3,23.9,20228081.92
5,80,3,24,20632643.56
5,80,3,24.1,21239486.01
5,80,3,24.2,21441766.83
5,80,3,24.3,20126941.51
5,80,3,24.4,21138345.6
5,80,3,24.5,20936064.79
5,80,3,24.6,20632643.56
5,80,3,24.7,23363434.62
5,80,3,24.8,21239486.01
5,80,3,24.9,22857732.57
5,80,3,25,23869136.66
5,80,3,25.1,20329222.33
5,80,3,25.2,21846328.47
5,80,3,25.3,21037205.19
5,80,3,25.4,22554311.34
5,80,3,25.5,21846328.47
5,80,3,25.6,25487383.22
5,80,3,25.7,18913256.59
5,80,3,25.8,20126941.51
5,80,3,25.9,21441766.83
5,80,3,26,21037205.19
5,80,3,26.1,21846328.47
5,80,3,26.2,18913256.59
5,80,3,26.3,17699571.68
5,80,3,26.4,20531503.15
5,80,3,26.5,21542907.24
5,80,3,26.6,19722379.87
5,80,3,26.7,22048609.29
5,80,3,26.8,19014397
5,80,3,26.9,19823520.28
5,80,3,27,19115537.41
5,80,3,27.1,20126941.51
5,80,3,27.2,17497290.86
5,80,3,27.3,19115537.41
5,80,3,27.4,20126941.51
5,80,3,27.5,19823520.28
5,80,3,27.6,18508694.96
5,80,3,27.7,20834924.38
5,80,3,27.8,20126941.51
5,80,3,27.9,18710975.77
5,80,3,28,19216677.82
5,80,3,28.1,18913256.59
5,80,3,28.2,16789307.99
5,80,3,28.3,18205273.73
5,80,3,28.4,17800712.09
5,80,3,28.5,17092729.22
5,80,3,28.6,19520099.05
5,80,3,28.7,18104133.32
5,80,3,28.8,18407554.55
5,80,3,28.9,18609835.36
5,80,3,29,20025801.1
5,80,3,29.1,18710975.77
5,80,3,29.2,15879044.31
5,80,3,29.3,19621239.46
5,80,3,29.4,17901852.5
5,80,3,29.5,16485886.76
5,80,3,29.6,17901852.5
5,80,3,29.7,18306414.14
5,80,3,29.8,16789307.99
5,80,3,29.9,16688167.58
5,80,3,30,18609835.36
5,80,3,30.1,14665359.39
5,80,3,30.2,17800712.09
5,80,3,30.3,16890448.4
5,80,3,30.4,15980184.72
5,80,3,30.5,15676763.49
5,80,3,30.6,16991588.81
5,80,3,30.7,15676763.49
5,80,3,30.8,18306414.14
5,80,3,30.9,17092729.22
5,80,3,31,18104133.32
5,80,3,31.1,16890448.4
5,80,3,31.2,16890448.4
5,80,3,31.3,16789307.99
5,80,3,31.4,17396150.45
5,80,3,31.5,13047112.84
5,80,3,31.6,15879044.31
5,80,3,31.7,18205273.73
5,80,3,31.8,15879044.31
5,80,3,31.9,17295010.04
5,80,3,32,15980184.72
5,80,3,32.1,17396150.45
5,80,3,32.2,13148253.25
5,80,3,32.3,17092729.22
5,80,3,32.4,14361938.16
5,80,3,32.5,17295010.04
5,80,3,32.6,13653955.29
5,80,3,32.7,13350534.07
5,80,3,32.8,13856236.11
5,80,3,32.9,14867640.21
5,80,3,33,17193869.63
5,80,3,33.1,13047112.84
5,80,3,33.2,14564218.98
5,80,3,33.3,12945972.43
5,80,3,33.4,14361938.16
5,80,3,33.5,13047112.84
5,80,3,33.6,15171061.44
5,80,3,33.7,14361938.16
5,80,3,33.8,16283605.94
5,80,3,33.9,14766499.8
5,80,3,34,14159657.34
5,80,3,34.1,13755095.7
5,80,3,34.2,15171061.44
5,80,3,34.3,13957376.52
5,80,3,34.4,15171061.44
5,80,3,34.5,12743691.61
5,80,3,34.6,14463078.57
5,80,3,34.7,13856236.11
5,80,3,34.8,14159657.34
5,80,3,34.9,13451674.48
5,80,3,35,15777903.9
5,80,3,35.1,12136849.15
5,80,3,35.2,13451674.48
5,80,3,35.3,12945972.43
5,80,3,35.4,12945972.43
5,80,3,35.5,12440270.38
5,80,3,35.6,16485886.76
5,80,3,35.7,13451674.48
5,80,3,35.8,12945972.43
5,80,3,35.9,12945972.43
5,80,3,36,14665359.39
5,80,3,36.1,11631147.1
5,80,3,36.2,12339129.97
5,80,3,36.3,12945972.43
5,80,3,36.4,13552814.89
5,80,3,36.5,12945972.43
5,80,3,36.6,13451674.48
5,80,3,36.7,13755095.7
5,80,3,36.8,15069921.03
5,80,3,36.9,10822023.83
5,80,3,37,11934568.33
5,80,3,37.1,13047112.84
5,80,3,37.2,13856236.11
5,80,3,37.3,12642551.2
5,80,3,37.4,13552814.89
5,80,3,37.5,12237989.56
5,80,3,37.6,11428866.28
5,80,3,37.7,11934568.33
5,80,3,37.8,13047112.84
5,80,3,37.9,11631147.1
5,80,3,38,8495794.406
5,80,3,38.1,11226585.46
5,80,3,38.2,13653955.29
5,80,3,38.3,11530006.69
5,80,3,38.4,11833427.92
5,80,3,38.5,10012900.55
5,80,3,38.6,10417462.19
5,80,3,38.7,11125445.06
5,80,3,38.8,11833427.92
5,80,3,38.9,11024304.65
5,80,3,39,11226585.46
5,80,3,39.1,11327725.87
5,80,3,39.2,10012900.55
5,80,3,39.3,10720883.42
5,80,3,39.4,13350534.07
5,80,3,39.5,12440270.38
5,80,3,39.6,12440270.38
5,80,3,39.7,11631147.1
5,80,3,39.8,10822023.83
5,80,3,39.9,9406058.092
5,80,3,40,10417462.19
5,80,3,40.1,11024304.65
5,80,3,40.2,9203777.273
5,80,3,40.3,12743691.61
5,80,3,40.4,11327725.87
5,80,3,40.5,12339129.97
5,80,3,40.6,11327725.87
5,80,3,40.7,9304917.682
5,80,3,40.8,11631147.1
5,80,3,40.9,9608338.911
5,80,3,41,11428866.28
5,80,3,41.1,12743691.61
5,80,3,41.2,8698075.225
5,80,3,41.3,9911760.14
5,80,3,41.4,11732287.51
5,80,3,41.5,11125445.06
5,80,3,41.6,9709479.321
5,80,3,41.7,9810619.73
5,80,3,41.8,9304917.682
5,80,3,41.9,10417462.19
5,80,3,42,9507198.502
5,80,3,42.1,8596934.815
5,80,3,42.2,10619743.01
5,80,3,42.3,12339129.97
5,80,3,42.4,11125445.06
5,80,3,42.5,10417462.19
5,80,3,42.6,9203777.273
5,80,3,42.7,10012900.55
5,80,3,42.8,11934568.33
5,80,3,42.9,8698075.225
5,80,3,43,10417462.19
5,80,3,43.1,8799215.634
5,80,3,43.2,9001496.454
5,80,3,43.3,10114040.96
5,80,3,43.4,10012900.55
5,80,3,43.5,8596934.815
5,80,3,43.6,10923164.24
5,80,3,43.7,7383249.9
5,80,3,43.8,6978688.262
5,80,3,43.9,11732287.51
5,80,3,44,10012900.55
5,80,3,44.1,9406058.092
5,80,3,44.2,8698075.225
5,80,3,44.3,8596934.815
5,80,3,44.4,8698075.225
5,80,3,44.5,8192373.177
5,80,3,44.6,8293513.586
5,80,3,44.7,6978688.262
5,80,3,44.8,9608338.911
5,80,3,44.9,7888951.948
5,80,3,45,10215181.37
5,80,3,45.1,7383249.9
5,80,3,45.2,9709479.321
5,80,3,45.3,9304917.682
5,80,3,45.4,9810619.73
5,80,3,45.5,8394653.996
5,80,3,45.6,8394653.996
5,80,3,45.7,8091232.767
5,80,3,45.8,7585530.719
5,80,3,45.9,8192373.177
5,80,3,46,9507198.502
5,80,3,46.1,9911760.14
5,80,3,46.2,9001496.454
5,80,3,46.3,8900356.044
5,80,3,46.4,8293513.586
5,80,3,46.5,9001496.454
5,80,3,46.6,6776407.443
5,80,3,46.7,7484390.31
5,80,3,46.8,7282109.491
5,80,3,46.9,8495794.406
5,80,3,47,8091232.767
5,80,3,47.1,7282109.491
5,80,3,47.2,8495794.406
5,80,3,47.3,7787811.539
5,80,3,47.4,7282109.491
5,80,3,47.5,8495794.406
5,80,3,47.6,8394653.996
5,80,3,47.7,8394653.996
5,80,3,47.8,6574126.623
5,80,3,47.9,8495794.406
5,80,3,48,8698075.225
5,80,3,48.1,7990092.358
5,80,3,48.2,9709479.321
5,80,3,48.3,8698075.225
5,80,3,48.4,9304917.682
5,80,3,48.5,9709479.321
5,80,3,48.6,9608338.911
5,80,3,48.7,8192373.177
5,80,3,48.8,7383249.9
5,80,3,48.9,7686671.129
5,80,3,49,10417462.19
5,80,3,49.1,7787811.539
5,80,3,49.2,7787811.539
5,80,3,49.3,8495794.406
5,80,3,49.4,8293513.586
5,80,3,49.5,8799215.634
5,80,3,49.6,7282109.491
5,80,3,49.7,6675267.033
5,80,3,49.8,7383249.9
5,80,3,49.9,6978688.262
5,80,3,50,7180969.081
5,80,3,50.1,7180969.081
5,80,3,50.2,5765003.347
5,80,3,50.3,5967284.166
5,80,3,50.4,8091232.767
5,80,3,50.5,5765003.347
5,80,3,50.6,7484390.31
5,80,3,50.7,8698075.225
5,80,3,50.8,8293513.586
5,80,3,50.9,6169564.985
5,80,3,51,6574126.623
5,80,3,51.1,6877547.852
5,80,3,51.2,6675267.033
5,80,3,51.3,8293513.586
5,80,3,51.4,6776407.443
5,80,3,51.5,7585530.719
5,80,3,51.6,7990092.358
5,80,3,51.7,4854739.66
5,80,3,51.8,8192373.177
5,80,3,51.9,6472986.214
5,80,3,52,5967284.166
5,80,3,52.1,6877547.852
5,80,3,52.2,7383249.9
5,80,3,52.3,6371845.804
5,80,3,52.4,7282109.491
5,80,3,52.5,6675267.033
5,80,3,52.6,7282109.491
5,80,3,52.7,6574126.623
5,80,3,52.8,7888951.948
5,80,3,52.9,5562722.528
5,80,3,53,6978688.262
5,80,3,53.1,6978688.262
5,80,3,53.2,8293513.586
5,80,3,53.3,5866143.756
5,80,3,53.4,6675267.033
5,80,3,53.5,6978688.262
5,80,3,53.6,6068424.575
5,80,3,53.7,6978688.262
5,80,3,53.8,5562722.528
5,80,3,53.9,4551318.432
5,80,3,54,5967284.166
5,80,3,54.1,7990092.358
5,80,3,54.2,7484390.31
5,80,3,54.3,7383249.9
5,80,3,54.4,5562722.528
5,80,3,54.5,7282109.491
5,80,3,54.6,6776407.443
5,80,3,54.7,5562722.528
5,80,3,54.8,4450178.022
5,80,3,54.9,6574126.623
5,80,3,55,4652458.841
5,80,3,55.1,4854739.66
5,80,3,55.2,5259301.299
5,80,3,55.3,6068424.575
5,80,3,55.4,4349037.612
5,80,3,55.5,5461582.118
5,80,3,55.6,5967284.166
5,80,3,55.7,7383249.9
5,80,3,55.8,6169564.985
5,80,3,55.9,6371845.804
5,80,3,56,4955880.07
5,80,3,56.1,5461582.118
5,80,3,56.2,5866143.756
5,80,3,56.3,6472986.214
5,80,3,56.4,5562722.528
5,80,3,56.5,5158160.889
5,80,3,56.6,6371845.804
5,80,3,56.7,5967284.166
5,80,3,56.8,5360441.708
5,80,3,56.9,4753599.251
5,80,3,57,4652458.841
5,80,3,57.1,6371845.804
5,80,3,57.2,5259301.299
5,80,3,57.3,5259301.299
5,80,3,57.4,5057020.48
5,80,3,57.5,6574126.623
5,80,3,57.6,5259301.299
5,80,3,57.7,5967284.166
5,80,3,57.8,4247897.203
5,80,3,57.9,4146756.793
5,80,3,58,4955880.07
5,80,3,58.1,9911760.14
5,80,3,58.2,4652458.841
5,80,3,58.3,4652458.841
5,80,3,58.4,5158160.889
5,80,3,58.5,4652458.841
5,80,3,58.6,4247897.203
5,80,3,58.7,5057020.48
5,80,3,58.8,3843335.564
5,80,3,58.9,5461582.118
5,80,3,59,6472986.214
5,80,3,59.1,4551318.432
5,80,3,59.2,4551318.432
5,80,3,59.3,4652458.841
5,80,3,59.4,5158160.889
5,80,3,59.5,16081325.13
5,80,3,59.6,5158160.889
5,80,3,59.7,4247897.203
5,80,3,59.8,5562722.528
5,80,3,59.9,4450178.022
5,80,3,60,4045616.384
5,80,3,60.1,4247897.203
5,80,3,60.2,5663862.937
5,80,3,60.3,4349037.612
5,80,3,60.4,4450178.022
5,80,3,60.5,5461582.118
5,80,3,60.6,4450178.022
5,80,3,60.7,3742195.155
5,80,3,60.8,5866143.756
5,80,3,60.9,4551318.432
5,80,3,61,4551318.432
5,80,3,61.1,4652458.841
5,80,3,61.2,5057020.48
5,80,3,61.3,3034212.288
5,80,3,61.4,4753599.251
5,80,3,61.5,4854739.66
5,80,3,61.6,4753599.251
5,80,3,61.7,4955880.07
5,80,3,61.8,3944475.974
5,80,3,61.9,3539914.336
5,80,3,62,2831931.469
5,80,3,62.1,3034212.288
5,80,3,62.2,5057020.48
5,80,3,62.3,4146756.793
5,80,3,62.4,4955880.07
5,80,3,62.5,4247897.203
5,80,3,62.6,4146756.793
5,80,3,62.7,3944475.974
5,80,3,62.8,3742195.155
5,80,3,62.9,5057020.48
5,80,3,63,4551318.432
5,80,3,63.1,3641054.745
5,80,3,63.2,4045616.384
5,80,3,63.3,3337633.517
5,80,3,63.4,4652458.841
5,80,3,63.5,3843335.564
5,80,3,63.6,2933071.878
5,80,3,63.7,2730791.059
5,80,3,63.8,3539914.336
5,80,3,63.9,4450178.022
5,80,3,64,3438773.926
5,80,3,64.1,3539914.336
5,80,3,64.2,3944475.974
5,80,3,64.3,3236493.107
5,80,3,64.4,2528510.24
5,80,3,64.5,3135352.697
5,80,3,64.6,3337633.517
5,80,3,64.7,4450178.022
5,80,3,64.8,3438773.926
5,80,3,64.9,3539914.336
5,80,3,65,3843335.564
5,80,3,65.1,2629650.649
5,80,3,65.2,4349037.612
5,80,3,65.3,4652458.841
5,80,3,65.4,4045616.384
5,80,3,65.5,4146756.793
5,80,3,65.6,3641054.745
5,80,3,65.7,2831931.469
5,80,3,65.8,3337633.517
5,80,3,65.9,3135352.697
5,80,3,66,3438773.926
5,80,3,66.1,4045616.384
5,80,3,66.2,2933071.878
5,80,3,66.3,4146756.793
5,80,3,66.4,2730791.059
5,80,3,66.5,3843335.564
5,80,3,66.6,2831931.469
5,80,3,66.7,3843335.564
5,80,3,66.8,3135352.697
5,80,3,66.9,3641054.745
5,80,3,67,2326229.421
5,80,3,67.1,4854739.66
5,80,3,67.2,2831931.469
5,80,3,67.3,3034212.288
5,80,3,67.4,6472986.214
5,80,3,67.5,3641054.745
5,80,3,67.6,2427369.83
5,80,3,67.7,2528510.24
5,80,3,67.8,2427369.83
5,80,3,67.9,3438773.926
5,80,3,68,3843335.564
5,80,3,68.1,2427369.83
5,80,3,68.2,2427369.83
5,80,3,68.3,2831931.469
5,80,3,68.4,2933071.878
5,80,3,68.5,3135352.697
5,80,3,68.6,2831931.469
5,80,3,68.7,2225089.011
5,80,3,68.8,2831931.469
5,80,3,68.9,3944475.974
5,80,3,69,3034212.288
5,80,3,69.1,1921667.782
5,80,3,69.2,2730791.059
5,80,3,69.3,3135352.697
5,80,3,69.4,2730791.059
5,80,3,69.5,2123948.601
5,80,3,69.6,3539914.336
5,80,3,69.7,2730791.059
5,80,3,69.8,2022808.192
5,80,3,69.9,2427369.83
5,80,3,70,2528510.24
5,80,3,70.1,1921667.782
5,80,3,70.2,1517106.144
5,80,3,70.3,2326229.421
5,80,3,70.4,2225089.011
5,80,3,70.5,2225089.011
5,80,3,70.6,2326229.421
5,80,3,70.7,2629650.649
5,80,3,70.8,2326229.421
5,80,3,70.9,2427369.83
5,80,3,71,1618246.553
5,80,3,71.1,2225089.011
5,80,3,71.2,2427369.83
5,80,3,71.3,2022808.192
5,80,3,71.4,1011404.096
5,80,3,71.5,1820527.373
5,80,3,71.6,1921667.782
5,80,3,71.7,1618246.553
5,80,3,71.8,1618246.553
5,80,3,71.9,1921667.782
5,80,3,72,2629650.649
5,80,3,72.1,1921667.782
5,80,3,72.2,2629650.649
5,80,3,72.3,2730791.059
5,80,3,72.4,2326229.421
5,80,3,72.5,1921667.782
5,80,3,72.6,1112544.506
5,80,3,72.7,2022808.192
5,80,3,72.8,1517106.144
5,80,3,72.9,1618246.553
5,80,3,73,1820527.373
5,80,3,73.1,1618246.553
5,80,3,73.2,1415965.734
5,80,3,73.3,2123948.601
5,80,3,73.4,1112544.506
5,80,3,73.5,1921667.782
5,80,3,73.6,1820527.373
5,80,3,73.7,1921667.782
5,80,3,73.8,2123948.601
5,80,3,73.9,1517106.144
5,80,3,74,1213684.915
5,80,3,74.1,1921667.782
5,80,3,74.2,2022808.192
5,80,3,74.3,1213684.915
5,80,3,74.4,1213684.915
5,80,3,74.5,1314825.325
5,80,3,74.6,1719386.963
5,80,3,74.7,1415965.734
5,80,3,74.8,1314825.325
5,80,3,74.9,1415965.734
5,80,3,75,1921667.782
5,80,3,75.1,809123.2767
5,80,3,75.2,1820527.373
5,80,3,75.3,1213684.915
5,80,3,75.4,910263.6863
5,80,3,75.5,1213684.915
5,80,3,75.6,910263.6863
5,80,3,75.7,1112544.506
5,80,3,75.8,1415965.734
5,80,3,75.9,809123.2767
5,80,3,76,1213684.915
5,80,3,76.1,1314825.325
5,80,3,76.2,910263.6863
5,80,3,76.3,1618246.553
5,80,3,76.4,1213684.915
5,80,3,76.5,910263.6863
5,80,3,76.6,809123.2767
5,80,3,76.7,809123.2767
5,80,3,76.8,809123.2767
5,80,3,76.9,1415965.734
5,80,3,77,707982.8671
5,80,3,77.1,404561.6384
5,80,3,77.2,303421.2288
5,80,3,77.3,1112544.506
5,80,3,77.4,1719386.963
5,80,3,77.5,1213684.915
5,80,3,77.6,303421.2288
5,80,3,77.7,606842.4575
5,80,3,77.8,1011404.096
5,80,3,77.9,1112544.506
5,80,3,78,202280.8192
5,80,3,78.1,101140.4096
5,80,3,78.2,910263.6863
5,80,3,78.3,303421.2288
5,80,3,78.4,303421.2288
5,80,3,78.5,707982.8671
5,80,3,78.6,505702.048
5,80,3,78.7,910263.6863
5,80,3,78.8,202280.8192
5,80,3,78.9,202280.8192
5,80,3,79,505702.048
5,80,3,79.1,101140.4096
5,80,3,79.2,101140.4096
5,80,3,79.3,303421.2288
5,80,3,79.4,101140.4096
5,80,3,79.6,101140.4096
5,150,3,2.9,106558.6458
5,150,3,3.1,213117.2916
5,150,3,3.2,106558.6458
5,150,3,3.3,319675.9375
5,150,3,3.4,213117.2916
5,150,3,3.5,959027.8124
5,150,3,3.6,532793.2291
5,150,3,3.7,1065586.458
5,150,3,3.8,2131172.916
5,150,3,3.9,1918055.625
5,150,3,4,2344290.208
5,150,3,4.1,3303318.02
5,150,3,4.2,3942669.895
5,150,3,4.3,7459105.207
5,150,3,4.4,5221373.645
5,150,3,4.5,6926311.978
5,150,3,4.6,9270602.186
5,150,3,4.7,9696836.77
5,150,3,4.8,13213272.08
5,150,3,4.9,12041126.98
5,150,3,5,12573920.21
5,150,3,5.1,12573920.21
5,150,3,5.2,16623148.75
5,150,3,5.3,17369059.27
5,150,3,5.4,23336343.43
5,150,3,5.5,22164198.33
5,150,3,5.6,24401929.89
5,150,3,5.7,23229784.79
5,150,3,5.8,29942979.48
5,150,3,5.9,26000309.58
5,150,3,6,26852778.75
5,150,3,6.1,29410186.25
5,150,3,6.2,28451158.43
5,150,3,6.3,28877393.02
5,150,3,6.4,37934877.91
5,150,3,6.5,37295526.04
5,150,3,6.6,37295526.04
5,150,3,6.7,40279168.12
5,150,3,6.8,40918519.99
5,150,3,6.9,40492285.41
5,150,3,7,39959492.18
5,150,3,7.1,41984106.45
5,150,3,7.2,47205480.1
5,150,3,7.3,44115279.37
5,150,3,7.4,154829712.4
5,150,3,7.5,47844831.97
5,150,3,7.6,45926776.35
5,150,3,7.7,50508798.12
5,150,3,7.8,47951390.62
5,150,3,7.9,44115279.37
5,150,3,8,50508798.12
5,150,3,8.1,52000619.16
5,150,3,8.2,56902316.87
5,150,3,8.3,311364363.1
5,150,3,8.4,2389577632
5,150,3,8.5,52107177.81
5,150,3,8.6,52639971.03
5,150,3,8.7,53172764.26
5,150,3,8.8,87484648.22
5,150,3,8.9,55623613.12
5,150,3,9,52426853.74
5,150,3,9.1,51574384.58
5,150,3,9.2,52000619.16
5,150,3,9.3,53385881.56
5,150,3,9.4,55303937.18
5,150,3,9.5,158985499.6
5,150,3,9.6,93984725.61
5,150,3,9.7,1353401361
5,150,3,9.8,189780948.2
5,150,3,9.9,119985035.2
5,150,3,10,589056194.1
5,150,3,10.1,65746684.47
5,150,3,10.2,69902471.66
5,150,3,10.3,46779245.51
5,150,3,10.4,42943134.27
5,150,3,10.5,38467671.14
5,150,3,10.6,42623458.33
5,150,3,10.7,37934877.91
5,150,3,10.8,41877547.81
5,150,3,10.9,45393983.12
5,150,3,11,50721915.41
5,150,3,11.1,39213581.66
5,150,3,11.2,39959492.18
5,150,3,11.3,252011197.4
5,150,3,11.4,43262810.2
5,150,3,11.5,48164507.91
5,150,3,11.6,65107332.6
5,150,3,11.7,64894215.3
5,150,3,11.8,39000464.37
5,150,3,11.9,39000464.37
5,150,3,12,46672686.87
5,150,3,12.1,33246297.5
5,150,3,12.2,36229939.58
5,150,3,12.3,34844677.18
5,150,3,12.4,34205325.31
5,150,3,12.5,35590587.7
5,150,3,12.6,34418442.6
5,150,3,12.7,36336498.22
5,150,3,12.8,34418442.6
5,150,3,12.9,35910263.64
5,150,3,13,39639816.24
5,150,3,13.1,36443056.87
5,150,3,13.2,37828319.27
5,150,3,13.3,30582331.35
5,150,3,13.4,36975850.1
5,150,3,13.5,37828319.27
5,150,3,13.6,35377470.41
5,150,3,13.7,37188967.39
5,150,3,13.8,33033180.2
5,150,3,13.9,34098766.66
5,150,3,14,37721760.62
5,150,3,14.1,37828319.27
5,150,3,14.2,35377470.41
5,150,3,14.3,34525001.25
5,150,3,14.4,33779090.72
5,150,3,14.5,33672532.08
5,150,3,14.6,35377470.41
5,150,3,14.7,36549615.52
5,150,3,14.8,33139738.85
5,150,3,14.9,35910263.64
5,150,3,15,33139738.85
5,150,3,15.1,35484029.06
5,150,3,15.2,37402084.68
5,150,3,15.3,36336498.22
5,150,3,15.4,35697146.35
5,150,3,15.5,34311883.95
5,150,3,15.6,36443056.87
5,150,3,15.7,33885649.37
5,150,3,15.8,35697146.35
5,150,3,15.9,31008565.93
5,150,3,16,33565973.43
5,150,3,16.1,32606945.62
5,150,3,16.2,31221683.23
5,150,3,16.3,36549615.52
5,150,3,16.4,35697146.35
5,150,3,16.5,33352856.14
5,150,3,16.6,35270911.77
5,150,3,16.7,34098766.66
5,150,3,16.8,34311883.95
5,150,3,16.9,33139738.85
5,150,3,17,36869291.45
5,150,3,17.1,33565973.43
5,150,3,17.2,31967593.75
5,150,3,17.3,31754476.45
5,150,3,17.4,32606945.62
5,150,3,17.5,33672532.08
5,150,3,17.6,32180711.04
5,150,3,17.7,36869291.45
5,150,3,17.8,29942979.48
5,150,3,17.9,33672532.08
5,150,3,18,35377470.41
5,150,3,18.1,32074152.39
5,150,3,18.2,34418442.6
5,150,3,18.3,31541359.16
5,150,3,18.4,33885649.37
5,150,3,18.5,30688890
5,150,3,18.6,32606945.62
5,150,3,18.7,34525001.25
5,150,3,18.8,31221683.23
5,150,3,18.9,34525001.25
5,150,3,19,31328241.87
5,150,3,19.1,33992208.02
5,150,3,19.2,31328241.87
5,150,3,19.3,28983951.66
5,150,3,19.4,28983951.66
5,150,3,19.5,33565973.43
5,150,3,19.6,28344599.79
5,150,3,19.7,30369214.06
5,150,3,19.8,26746220.1
5,150,3,19.9,28238041.14
5,150,3,20,26533102.81
5,150,3,20.1,26000309.58
5,150,3,20.2,27279013.33
5,150,3,20.3,28557717.08
5,150,3,20.4,30156096.77
5,150,3,20.5,32820062.91
5,150,3,20.6,33246297.5
5,150,3,20.7,30369214.06
5,150,3,20.8,28557717.08
5,150,3,20.9,29942979.48
5,150,3,21,30156096.77
5,150,3,21.1,32926621.56
5,150,3,21.2,29729862.18
5,150,3,21.3,31115124.58
5,150,3,21.4,28024923.85
5,150,3,21.5,33246297.5
5,150,3,21.6,28877393.02
5,150,3,21.7,29303627.6
5,150,3,21.8,27172454.68
5,150,3,21.9,30369214.06
5,150,3,22,29090510.31
5,150,3,22.1,25893750.93
5,150,3,22.2,25787192.29
5,150,3,22.3,30049538.12
5,150,3,22.4,28557717.08
5,150,3,22.5,27279013.33
5,150,3,22.6,25787192.29
5,150,3,22.7,29836420.83
5,150,3,22.8,25041281.77
5,150,3,22.9,23762578.02
5,150,3,23,28344599.79
5,150,3,23.1,24082253.96
5,150,3,23.2,26746220.1
5,150,3,23.3,24721605.83
5,150,3,23.4,28877393.02
5,150,3,23.5,25574075
5,150,3,23.6,29516744.89
5,150,3,23.7,25574075
5,150,3,23.8,26106868.23
5,150,3,23.9,25574075
5,150,3,24,26639661.45
5,150,3,24.1,25574075
5,150,3,24.2,27918365.2
5,150,3,24.3,26426544.16
5,150,3,24.4,26000309.58
5,150,3,24.5,25893750.93
5,150,3,24.6,24401929.89
5,150,3,24.7,26746220.1
5,150,3,24.8,26639661.45
5,150,3,24.9,26213426.87
5,150,3,25,25680633.64
5,150,3,25.1,25254399.06
5,150,3,25.2,23123226.14
5,150,3,25.3,26533102.81
5,150,3,25.4,25254399.06
5,150,3,25.5,21098611.87
5,150,3,25.6,25787192.29
5,150,3,25.7,24508488.54
5,150,3,25.8,23336343.43
5,150,3,25.9,23123226.14
5,150,3,26,22910108.85
5,150,3,26.1,22590432.91
5,150,3,26.2,25680633.64
5,150,3,26.3,24721605.83
5,150,3,26.4,23656019.37
5,150,3,26.5,23975695.31
5,150,3,26.6,25147840.41
5,150,3,26.7,24934723.12
5,150,3,26.8,25680633.64
5,150,3,26.9,22057639.68
5,150,3,27,22377315.62
5,150,3,27.1,24508488.54
5,150,3,27.2,24082253.96
5,150,3,27.3,20352701.35
5,150,3,27.4,20459260
5,150,3,27.5,21631405.1
5,150,3,27.6,22270756.98
5,150,3,27.7,23229784.79
5,150,3,27.8,21737963.75
5,150,3,27.9,21205170.52
5,150,3,28,22910108.85
5,150,3,28.1,22164198.33
5,150,3,28.2,23016667.5
5,150,3,28.3,23869136.66
5,150,3,28.4,21311729.16
5,150,3,28.5,22910108.85
5,150,3,28.6,21205170.52
5,150,3,28.7,20033025.41
5,150,3,28.8,19606790.83
5,150,3,28.9,22057639.68
5,150,3,29,23229784.79
5,150,3,29.1,22483874.27
5,150,3,29.2,21418287.81
5,150,3,29.3,23123226.14
5,150,3,29.4,24934723.12
5,150,3,29.5,22270756.98
5,150,3,29.6,20459260
5,150,3,29.7,20565818.64
5,150,3,29.8,22910108.85
5,150,3,29.9,20459260
5,150,3,30,20246142.71
5,150,3,30.1,16836266.04
5,150,3,30.2,19393673.54
5,150,3,30.3,19606790.83
5,150,3,30.4,23229784.79
5,150,3,30.5,18647763.02
5,150,3,30.6,19819908.12
5,150,3,30.7,20352701.35
5,150,3,30.8,20885494.58
5,150,3,30.9,19393673.54
5,150,3,31,20352701.35
5,150,3,31.1,18647763.02
5,150,3,31.2,16623148.75
5,150,3,31.3,20992053.23
5,150,3,31.4,20885494.58
5,150,3,31.5,19500232.18
5,150,3,31.6,18221528.44
5,150,3,31.7,18328087.08
5,150,3,31.8,18860880.31
5,150,3,31.9,20246142.71
5,150,3,32,19073997.6
5,150,3,32.1,18647763.02
5,150,3,32.2,16942824.69
5,150,3,32.3,22910108.85
5,150,3,32.4,16942824.69
5,150,3,32.5,20246142.71
5,150,3,32.6,21737963.75
5,150,3,32.7,17262500.62
5,150,3,32.8,14491975.83
5,150,3,32.9,15664120.94
5,150,3,33,17688735.21
5,150,3,33.1,18967438.96
5,150,3,33.2,18114969.79
5,150,3,33.3,18860880.31
5,150,3,33.4,16090355.52
5,150,3,33.5,18114969.79
5,150,3,33.6,18860880.31
5,150,3,33.7,16836266.04
5,150,3,33.8,17475617.91
5,150,3,33.9,18328087.08
5,150,3,34,16090355.52
5,150,3,34.1,16090355.52
5,150,3,34.2,16942824.69
5,150,3,34.3,19180556.25
5,150,3,34.4,16090355.52
5,150,3,34.5,15770679.58
5,150,3,34.6,19073997.6
5,150,3,34.7,18114969.79
5,150,3,34.8,20033025.41
5,150,3,34.9,17901852.5
5,150,3,35,18967438.96
5,150,3,35.1,15664120.94
5,150,3,35.2,17582176.56
5,150,3,35.3,16623148.75
5,150,3,35.4,17262500.62
5,150,3,35.5,18754321.66
5,150,3,35.6,15237886.35
5,150,3,35.7,17688735.21
5,150,3,35.8,15024769.06
5,150,3,35.9,16196914.16
5,150,3,36,15451003.64
5,150,3,36.1,19606790.83
5,150,3,36.2,16196914.16
5,150,3,36.3,16942824.69
5,150,3,36.4,17901852.5
5,150,3,36.5,18114969.79
5,150,3,36.6,15024769.06
5,150,3,36.7,15664120.94
5,150,3,36.8,16729707.39
5,150,3,36.9,19606790.83
5,150,3,37,16090355.52
5,150,3,37.1,16090355.52
5,150,3,37.2,14705093.12
5,150,3,37.3,15557562.29
5,150,3,37.4,15451003.64
5,150,3,37.5,14918210.41
5,150,3,37.6,15131327.71
5,150,3,37.7,16836266.04
5,150,3,37.8,17901852.5
5,150,3,37.9,15237886.35
5,150,3,38,14385417.19
5,150,3,38.1,15664120.94
5,150,3,38.2,13852623.96
5,150,3,38.3,14172299.89
5,150,3,38.4,13746065.31
5,150,3,38.5,11188657.81
5,150,3,38.6,14918210.41
5,150,3,38.7,16196914.16
5,150,3,38.8,13639506.66
5,150,3,38.9,14705093.12
5,150,3,39,16729707.39
5,150,3,39.1,13746065.31
5,150,3,39.2,13213272.08
5,150,3,39.3,14918210.41
5,150,3,39.4,15451003.64
5,150,3,39.5,15344445
5,150,3,39.6,14065741.25
5,150,3,39.7,14278858.54
5,150,3,39.8,13319830.73
5,150,3,39.9,15237886.35
5,150,3,40,14491975.83
5,150,3,40.1,13746065.31
5,150,3,40.2,12254244.27
5,150,3,40.3,15024769.06
5,150,3,40.4,14385417.19
5,150,3,40.5,14491975.83
5,150,3,40.6,16729707.39
5,150,3,40.7,10868981.87
5,150,3,40.8,13000154.79
5,150,3,40.9,15877238.23
5,150,3,41,13532948.02
5,150,3,41.1,13426389.37
5,150,3,41.2,11828009.69
5,150,3,41.3,14918210.41
5,150,3,41.4,14491975.83
5,150,3,41.5,15237886.35
5,150,3,41.6,13532948.02
5,150,3,41.7,13000154.79
5,150,3,41.8,13959182.6
5,150,3,41.9,12893596.14
5,150,3,42,12360802.92
5,150,3,42.1,15024769.06
5,150,3,42.2,12573920.21
5,150,3,42.3,12573920.21
5,150,3,42.4,15451003.64
5,150,3,42.5,13213272.08
5,150,3,42.6,15451003.64
5,150,3,42.7,12467361.56
5,150,3,42.8,13213272.08
5,150,3,42.9,12041126.98
5,150,3,43,12893596.14
5,150,3,43.1,13532948.02
5,150,3,43.2,15664120.94
5,150,3,43.3,14172299.89
5,150,3,43.4,11934568.33
5,150,3,43.5,15451003.64
5,150,3,43.6,11828009.69
5,150,3,43.7,13319830.73
5,150,3,43.8,12787037.5
5,150,3,43.9,11508333.75
5,150,3,44,10123071.35
5,150,3,44.1,13852623.96
5,150,3,44.2,13000154.79
5,150,3,44.3,10868981.87
5,150,3,44.4,10868981.87
5,150,3,44.5,11721451.04
5,150,3,44.6,13426389.37
5,150,3,44.7,11828009.69
5,150,3,44.8,11614892.39
5,150,3,44.9,14065741.25
5,150,3,45,12147685.62
5,150,3,45.1,13959182.6
5,150,3,45.2,11508333.75
5,150,3,45.3,14278858.54
5,150,3,45.4,9803395.415
5,150,3,45.5,12787037.5
5,150,3,45.6,10123071.35
5,150,3,45.7,11295216.46
5,150,3,45.8,12573920.21
5,150,3,45.9,11295216.46
5,150,3,46,10123071.35
5,150,3,46.1,13000154.79
5,150,3,46.2,9909954.061
5,150,3,46.3,14065741.25
5,150,3,46.4,11188657.81
5,150,3,46.5,12467361.56
5,150,3,46.6,11295216.46
5,150,3,46.7,10123071.35
5,150,3,46.8,13746065.31
5,150,3,46.9,11082099.17
5,150,3,47,12787037.5
5,150,3,47.1,10229630
5,150,3,47.2,12254244.27
5,150,3,47.3,10123071.35
5,150,3,47.4,12467361.56
5,150,3,47.5,10762423.23
5,150,3,47.6,11721451.04
5,150,3,47.7,11828009.69
5,150,3,47.8,13106713.44
5,150,3,47.9,11508333.75
5,150,3,48,10442747.29
5,150,3,48.1,11082099.17
5,150,3,48.2,11295216.46
5,150,3,48.3,10975540.52
5,150,3,48.4,11188657.81
5,150,3,48.5,10975540.52
5,150,3,48.6,9590278.124
5,150,3,48.7,9057484.895
5,150,3,48.8,12573920.21
5,150,3,48.9,10762423.23
5,150,3,49,10123071.35
5,150,3,49.1,10016512.71
5,150,3,49.2,9377160.832
5,150,3,49.3,7459105.207
5,150,3,49.4,9909954.061
5,150,3,49.5,9803395.415
5,150,3,49.6,11828009.69
5,150,3,49.7,9590278.124
5,150,3,49.8,10655864.58
5,150,3,49.9,10549305.94
5,150,3,50,10442747.29
5,150,3,50.1,10016512.71
5,150,3,50.2,9377160.832
5,150,3,50.3,11508333.75
5,150,3,50.4,9164043.54
5,150,3,50.5,10655864.58
5,150,3,50.6,10229630
5,150,3,50.7,8098457.082
5,150,3,50.8,10229630
5,150,3,50.9,10655864.58
5,150,3,51,11401775.1
5,150,3,51.1,10229630
5,150,3,51.2,10762423.23
5,150,3,51.3,10336188.64
5,150,3,51.4,11295216.46
5,150,3,51.5,11295216.46
5,150,3,51.6,8631250.311
5,150,3,51.7,11401775.1
5,150,3,51.8,9909954.061
5,150,3,51.9,10229630
5,150,3,52,12680478.85
5,150,3,52.1,10975540.52
5,150,3,52.2,10762423.23
5,150,3,52.3,9909954.061
5,150,3,52.4,7352546.562
5,150,3,52.5,9909954.061
5,150,3,52.6,8737808.957
5,150,3,52.7,10655864.58
5,150,3,52.8,11401775.1
5,150,3,52.9,8737808.957
5,150,3,53,12147685.62
5,150,3,53.1,12254244.27
5,150,3,53.2,9270602.186
5,150,3,53.3,9590278.124
5,150,3,53.4,10442747.29
5,150,3,53.5,12147685.62
5,150,3,53.6,8737808.957
5,150,3,53.7,9590278.124
5,150,3,53.8,8524691.666
5,150,3,53.9,10016512.71
5,150,3,54,8524691.666
5,150,3,54.1,9164043.54
5,150,3,54.2,11295216.46
5,150,3,54.3,9909954.061
5,150,3,54.4,10229630
5,150,3,54.5,8950926.249
5,150,3,54.6,10229630
5,150,3,54.7,7245987.916
5,150,3,54.8,9909954.061
5,150,3,54.9,7459105.207
5,150,3,55,9803395.415
5,150,3,55.1,9270602.186
5,150,3,55.2,9377160.832
5,150,3,55.3,9696836.77
5,150,3,55.4,10016512.71
5,150,3,55.5,9164043.54
5,150,3,55.6,9377160.832
5,150,3,55.7,10123071.35
5,150,3,55.8,8737808.957
5,150,3,55.9,12041126.98
5,150,3,56,7991898.436
5,150,3,56.1,8950926.249
5,150,3,56.2,10229630
5,150,3,56.3,9803395.415
5,150,3,56.4,11188657.81
5,150,3,56.5,8418133.02
5,150,3,56.6,11614892.39
5,150,3,56.7,9270602.186
5,150,3,56.8,8844367.603
5,150,3,56.9,7352546.562
5,150,3,57,10016512.71
5,150,3,57.1,10655864.58
5,150,3,57.2,8098457.082
5,150,3,57.3,9909954.061
5,150,3,57.4,8950926.249
5,150,3,57.5,8950926.249
5,150,3,57.6,9270602.186
5,150,3,57.7,8950926.249
5,150,3,57.8,10442747.29
5,150,3,57.9,7672222.499
5,150,3,58,8418133.02
5,150,3,58.1,75230403.95
5,150,3,58.2,10336188.64
5,150,3,58.3,8098457.082
5,150,3,58.4,8950926.249
5,150,3,58.5,8737808.957
5,150,3,58.6,10123071.35
5,150,3,58.7,9590278.124
5,150,3,58.8,8631250.311
5,150,3,58.9,7885339.791
5,150,3,59,7032870.624
5,150,3,59.1,8524691.666
5,150,3,59.2,7885339.791
5,150,3,59.3,6926311.978
5,150,3,59.4,9590278.124
5,150,3,59.5,136075390.7
5,150,3,59.6,10336188.64
5,150,3,59.7,11828009.69
5,150,3,59.8,8098457.082
5,150,3,59.9,7672222.499
5,150,3,60,7139429.27
5,150,3,60.1,7459105.207
5,150,3,60.2,7672222.499
5,150,3,60.3,7139429.27
5,150,3,60.4,7885339.791
5,150,3,60.5,8205015.728
5,150,3,60.6,6819753.332
5,150,3,60.7,6713194.687
5,150,3,60.8,6819753.332
5,150,3,60.9,9057484.895
5,150,3,61,8418133.02
5,150,3,61.1,9696836.77
5,150,3,61.2,9590278.124
5,150,3,61.3,8311574.374
5,150,3,61.4,7139429.27
5,150,3,61.5,6926311.978
5,150,3,61.6,7459105.207
5,150,3,61.7,7352546.562
5,150,3,61.8,8844367.603
5,150,3,61.9,6819753.332
5,150,3,62,6606636.041
5,150,3,62.1,7032870.624
5,150,3,62.2,6926311.978
5,150,3,62.3,9590278.124
5,150,3,62.4,6926311.978
5,150,3,62.5,6926311.978
5,150,3,62.6,7352546.562
5,150,3,62.7,8311574.374
5,150,3,62.8,7778781.145
5,150,3,62.9,7032870.624
5,150,3,63,8737808.957
5,150,3,63.1,8524691.666
5,150,3,63.2,6393518.749
5,150,3,63.3,9270602.186
5,150,3,63.4,7672222.499
5,150,3,63.5,5647608.228
5,150,3,63.6,7885339.791
5,150,3,63.7,7139429.27
5,150,3,63.8,5754166.874
5,150,3,63.9,6180401.458
5,150,3,64,7778781.145
5,150,3,64.1,7352546.562
5,150,3,64.2,7672222.499
5,150,3,64.3,8418133.02
5,150,3,64.4,6500077.395
5,150,3,64.5,8098457.082
5,150,3,64.6,7352546.562
5,150,3,64.7,7459105.207
5,150,3,64.8,6180401.458
5,150,3,64.9,9483719.478
5,150,3,65,5860725.52
5,150,3,65.1,8950926.249
5,150,3,65.2,7139429.27
5,150,3,65.3,7352546.562
5,150,3,65.4,7778781.145
5,150,3,65.5,7565663.853
5,150,3,65.6,5647608.228
5,150,3,65.7,8098457.082
5,150,3,65.8,7991898.436
5,150,3,65.9,6606636.041
5,150,3,66,7245987.916
5,150,3,66.1,7352546.562
5,150,3,66.2,7352546.562
5,150,3,66.3,6819753.332
5,150,3,66.4,8524691.666
5,150,3,66.5,6926311.978
5,150,3,66.6,7245987.916
5,150,3,66.7,9590278.124
5,150,3,66.8,7352546.562
5,150,3,66.9,6926311.978
5,150,3,67,6926311.978
5,150,3,67.1,20139584.06
5,150,3,67.2,9164043.54
5,150,3,67.3,6819753.332
5,150,3,67.4,33672532.08
5,150,3,67.5,7139429.27
5,150,3,67.6,8418133.02
5,150,3,67.7,5754166.874
5,150,3,67.8,8205015.728
5,150,3,67.9,7991898.436
5,150,3,68,7672222.499
5,150,3,68.1,7245987.916
5,150,3,68.2,6286960.103
5,150,3,68.3,7245987.916
5,150,3,68.4,7565663.853
5,150,3,68.5,7672222.499
5,150,3,68.6,7139429.27
5,150,3,68.7,6500077.395
5,150,3,68.8,7245987.916
5,150,3,68.9,8844367.603
5,150,3,69,6073842.812
5,150,3,69.1,6500077.395
5,150,3,69.2,9696836.77
5,150,3,69.3,12467361.56
5,150,3,69.4,8098457.082
5,150,3,69.5,8631250.311
5,150,3,69.6,8418133.02
5,150,3,69.7,6286960.103
5,150,3,69.8,6073842.812
5,150,3,69.9,6713194.687
5,150,3,70,6926311.978
5,150,3,70.1,6713194.687
5,150,3,70.2,6286960.103
5,150,3,70.3,5754166.874
5,150,3,70.4,6500077.395
5,150,3,70.5,5754166.874
5,150,3,70.6,5541049.583
5,150,3,70.7,5221373.645
5,150,3,70.8,5647608.228
5,150,3,70.9,7565663.853
5,150,3,71,6606636.041
5,150,3,71.1,4688580.416
5,150,3,71.2,6180401.458
5,150,3,71.3,6180401.458
5,150,3,71.4,6393518.749
5,150,3,71.5,5860725.52
5,150,3,71.6,5327932.291
5,150,3,71.7,6819753.332
5,150,3,71.8,4795139.062
5,150,3,71.9,6286960.103
5,150,3,72,7885339.791
5,150,3,72.1,5647608.228
5,150,3,72.2,5114814.999
5,150,3,72.3,6819753.332
5,150,3,72.4,5647608.228
5,150,3,72.5,6286960.103
5,150,3,72.6,5541049.583
5,150,3,72.7,5327932.291
5,150,3,72.8,5008256.354
5,150,3,72.9,4582021.77
5,150,3,73,6180401.458
5,150,3,73.1,6819753.332
5,150,3,73.2,6500077.395
5,150,3,73.3,6500077.395
5,150,3,73.4,7139429.27
5,150,3,73.5,5327932.291
5,150,3,73.6,5327932.291
5,150,3,73.7,6606636.041
5,150,3,73.8,5434490.937
5,150,3,73.9,5754166.874
5,150,3,74,6819753.332
5,150,3,74.1,4582021.77
5,150,3,74.2,5221373.645
5,150,3,74.3,5114814.999
5,150,3,74.4,5008256.354
5,150,3,74.5,6180401.458
5,150,3,74.6,5754166.874
5,150,3,74.7,5754166.874
5,150,3,74.8,5327932.291
5,150,3,74.9,5327932.291
5,150,3,75,5754166.874
5,150,3,75.1,5647608.228
5,150,3,75.2,5541049.583
5,150,3,75.3,5967284.166
5,150,3,75.4,6180401.458
5,150,3,75.5,6073842.812
5,150,3,75.6,4795139.062
5,150,3,75.7,4901697.708
5,150,3,75.8,6286960.103
5,150,3,75.9,6713194.687
5,150,3,76,5860725.52
5,150,3,76.1,4582021.77
5,150,3,76.2,6713194.687
5,150,3,76.3,6500077.395
5,150,3,76.4,6180401.458
5,150,3,76.5,5754166.874
5,150,3,76.6,4901697.708
5,150,3,76.7,5114814.999
5,150,3,76.8,5327932.291
5,150,3,76.9,5860725.52
5,150,3,77,6180401.458
5,150,3,77.1,4582021.77
5,150,3,77.2,5647608.228
5,150,3,77.3,5114814.999
5,150,3,77.4,5434490.937
5,150,3,77.5,5647608.228
5,150,3,77.6,6180401.458
5,150,3,77.7,5221373.645
5,150,3,77.8,4901697.708
5,150,3,77.9,4155787.187
5,150,3,78,5221373.645
5,150,3,78.1,5541049.583
5,150,3,78.2,6286960.103
5,150,3,78.3,4795139.062
5,150,3,78.4,5541049.583
5,150,3,78.5,6286960.103
5,150,3,78.6,4262345.833
5,150,3,78.7,6926311.978
5,150,3,78.8,6073842.812
5,150,3,78.9,5647608.228
5,150,3,79,4582021.77
5,150,3,79.1,4049228.541
5,150,3,79.2,6393518.749
5,150,3,79.3,4262345.833
5,150,3,79.4,6393518.749
5,150,3,79.5,5434490.937
5,150,3,79.6,6286960.103
5,150,3,79.7,3836111.249
5,150,3,79.8,4155787.187
5,150,3,79.9,4368904.479
5,150,3,80,4049228.541
5,150,3,80.1,5754166.874
5,150,3,80.2,5327932.291
5,150,3,80.3,6393518.749
5,150,3,80.4,6073842.812
5,150,3,80.5,4795139.062
5,150,3,80.6,4582021.77
5,150,3,80.7,5008256.354
5,150,3,80.8,5008256.354
5,150,3,80.9,4155787.187
5,150,3,81,5967284.166
5,150,3,81.1,5327932.291
5,150,3,81.2,4795139.062
5,150,3,81.3,4795139.062
5,150,3,81.4,4901697.708
5,150,3,81.5,5327932.291
5,150,3,81.6,5754166.874
5,150,3,81.7,5541049.583
5,150,3,81.8,4688580.416
5,150,3,81.9,6500077.395
5,150,3,82,5008256.354
5,150,3,82.1,4368904.479
5,150,3,82.2,4049228.541
5,150,3,82.3,4475463.124
5,150,3,82.4,5221373.645
5,150,3,82.5,5754166.874
5,150,3,82.6,5647608.228
5,150,3,82.7,5434490.937
5,150,3,82.8,4582021.77
5,150,3,82.9,5327932.291
5,150,3,83,5860725.52
5,150,3,83.1,3942669.895
5,150,3,83.2,5221373.645
5,150,3,83.3,5327932.291
5,150,3,83.4,4475463.124
5,150,3,83.5,4582021.77
5,150,3,83.6,5860725.52
5,150,3,83.7,4368904.479
5,150,3,83.8,4262345.833
5,150,3,83.9,4901697.708
5,150,3,84,5327932.291
5,150,3,84.1,5967284.166
5,150,3,84.2,4688580.416
5,150,3,84.3,5860725.52
5,150,3,84.4,5008256.354
5,150,3,84.5,4262345.833
5,150,3,84.6,6286960.103
5,150,3,84.7,5434490.937
5,150,3,84.8,4901697.708
5,150,3,84.9,4368904.479
5,150,3,85,4262345.833
5,150,3,85.1,5221373.645
5,150,3,85.2,5114814.999
5,150,3,85.3,3090200.729
5,150,3,85.4,5221373.645
5,150,3,85.5,4582021.77
5,150,3,85.6,6073842.812
5,150,3,85.7,4262345.833
5,150,3,85.8,5754166.874
5,150,3,85.9,5114814.999
5,150,3,86,5647608.228
5,150,3,86.1,3196759.375
5,150,3,86.2,4688580.416
5,150,3,86.3,4795139.062
5,150,3,86.4,4901697.708
5,150,3,86.5,5647608.228
5,150,3,86.6,4688580.416
5,150,3,86.7,5008256.354
5,150,3,86.8,4795139.062
5,150,3,86.9,4901697.708
5,150,3,87,3622993.958
5,150,3,87.1,5541049.583
5,150,3,87.2,4582021.77
5,150,3,87.3,5434490.937
5,150,3,87.4,4688580.416
5,150,3,87.5,4368904.479
5,150,3,87.6,5327932.291
5,150,3,87.7,5221373.645
5,150,3,87.8,4475463.124
5,150,3,87.9,5221373.645
5,150,3,88,4901697.708
5,150,3,88.1,3409876.666
5,150,3,88.2,5541049.583
5,150,3,88.3,4901697.708
5,150,3,88.4,4901697.708
5,150,3,88.5,4368904.479
5,150,3,88.6,5327932.291
5,150,3,88.7,2663966.145
5,150,3,88.8,3942669.895
5,150,3,88.9,4795139.062
5,150,3,89,4262345.833
5,150,3,89.1,4262345.833
5,150,3,89.2,5647608.228
5,150,3,89.3,4688580.416
5,150,3,89.4,3516435.312
5,150,3,89.5,5114814.999
5,150,3,89.6,3622993.958
5,150,3,89.7,4688580.416
5,150,3,89.8,4049228.541
5,150,3,89.9,4368904.479
5,150,3,90,2983642.083
5,150,3,90.1,3090200.729
5,150,3,90.2,4688580.416
5,150,3,90.3,4688580.416
5,150,3,90.4,3196759.375
5,150,3,90.5,5008256.354
5,150,3,90.6,3303318.02
5,150,3,90.7,3516435.312
5,150,3,90.8,6393518.749
5,150,3,90.9,4901697.708
5,150,3,91,5008256.354
5,150,3,91.1,5327932.291
5,150,3,91.2,5221373.645
5,150,3,91.3,4155787.187
5,150,3,91.4,4262345.833
5,150,3,91.5,3409876.666
5,150,3,91.6,3729552.604
5,150,3,91.7,2557407.5
5,150,3,91.8,5114814.999
5,150,3,91.9,4368904.479
5,150,3,92,4155787.187
5,150,3,92.1,3729552.604
5,150,3,92.2,4582021.77
5,150,3,92.3,3942669.895
5,150,3,92.4,4262345.833
5,150,3,92.5,4262345.833
5,150,3,92.6,4155787.187
5,150,3,92.7,5541049.583
5,150,3,92.8,4049228.541
5,150,3,92.9,4155787.187
5,150,3,93,5647608.228
5,150,3,93.1,3836111.249
5,150,3,93.2,4049228.541
5,150,3,93.3,3196759.375
5,150,3,93.4,4368904.479
5,150,3,93.5,4262345.833
5,150,3,93.6,5541049.583
5,150,3,93.7,4262345.833
5,150,3,93.8,4262345.833
5,150,3,93.9,3516435.312
5,150,3,94,4475463.124
5,150,3,94.1,4475463.124
5,150,3,94.2,5221373.645
5,150,3,94.3,4049228.541
5,150,3,94.4,5008256.354
5,150,3,94.5,3729552.604
5,150,3,94.6,3090200.729
5,150,3,94.7,4368904.479
5,150,3,94.8,4368904.479
5,150,3,94.9,2237731.562
5,150,3,95,4049228.541
5,150,3,95.1,3836111.249
5,150,3,95.2,3729552.604
5,150,3,95.3,4475463.124
5,150,3,95.4,4368904.479
5,150,3,95.5,4582021.77
5,150,3,95.6,3836111.249
5,150,3,95.7,4795139.062
5,150,3,95.8,3516435.312
5,150,3,95.9,2770524.791
5,150,3,96,3516435.312
5,150,3,96.1,3303318.02
5,150,3,96.2,2877083.437
5,150,3,96.3,3729552.604
5,150,3,96.4,4582021.77
5,150,3,96.5,4155787.187
5,150,3,96.6,3729552.604
5,150,3,96.7,3516435.312
5,150,3,96.8,3303318.02
5,150,3,96.9,3836111.249
5,150,3,97,3942669.895
5,150,3,97.1,3303318.02
5,150,3,97.2,3409876.666
5,150,3,97.3,4155787.187
5,150,3,97.4,4155787.187
5,150,3,97.5,3729552.604
5,150,3,97.6,3836111.249
5,150,3,97.7,3303318.02
5,150,3,97.8,2557407.5
5,150,3,97.9,2877083.437
5,150,3,98,3090200.729
5,150,3,98.1,3942669.895
5,150,3,98.2,3409876.666
5,150,3,98.3,3090200.729
5,150,3,98.4,4368904.479
5,150,3,98.5,4049228.541
5,150,3,98.6,3516435.312
5,150,3,98.7,3409876.666
5,150,3,98.8,4688580.416
5,150,3,98.9,3090200.729
5,150,3,99,3409876.666
5,150,3,99.1,5327932.291
5,150,3,99.2,2877083.437
5,150,3,99.3,4475463.124
5,150,3,99.4,3196759.375
5,150,3,99.5,4688580.416
5,150,3,99.6,2983642.083
5,150,3,99.7,2983642.083
5,150,3,99.8,2770524.791
5,150,3,99.9,4262345.833
5,150,3,100,3729552.604
5,150,3,100.1,4368904.479
5,150,3,100.2,3409876.666
5,150,3,100.3,2983642.083
5,150,3,100.4,3196759.375
5,150,3,100.5,3942669.895
5,150,3,100.6,4368904.479
5,150,3,100.7,3622993.958
5,150,3,100.8,3622993.958
5,150,3,100.9,3942669.895
5,150,3,101,3622993.958
5,150,3,101.1,2983642.083
5,150,3,101.2,2237731.562
5,150,3,101.3,2663966.145
5,150,3,101.4,3196759.375
5,150,3,101.5,3303318.02
5,150,3,101.6,3303318.02
5,150,3,101.7,4262345.833
5,150,3,101.8,4582021.77
5,150,3,101.9,3622993.958
5,150,3,102,3090200.729
5,150,3,102.1,2237731.562
5,150,3,102.2,3836111.249
5,150,3,102.3,3942669.895
5,150,3,102.4,2557407.5
5,150,3,102.5,2983642.083
5,150,3,102.6,3942669.895
5,150,3,102.7,3942669.895
5,150,3,102.8,3622993.958
5,150,3,102.9,4155787.187
5,150,3,103,2983642.083
5,150,3,103.1,2983642.083
5,150,3,103.2,4688580.416
5,150,3,103.3,3729552.604
5,150,3,103.4,3303318.02
5,150,3,103.5,2770524.791
5,150,3,103.6,4155787.187
5,150,3,103.7,3836111.249
5,150,3,103.8,3836111.249
5,150,3,103.9,2237731.562
5,150,3,104,2663966.145
5,150,3,104.1,3090200.729
5,150,3,104.2,3409876.666
5,150,3,104.3,3196759.375
5,150,3,104.4,2877083.437
5,150,3,104.5,3516435.312
5,150,3,104.6,2770524.791
5,150,3,104.7,3409876.666
5,150,3,104.8,3516435.312
5,150,3,104.9,2877083.437
5,150,3,105,3409876.666
5,150,3,105.1,3836111.249
5,150,3,105.2,2983642.083
5,150,3,105.3,3942669.895
5,150,3,105.4,3196759.375
5,150,3,105.5,3090200.729
5,150,3,105.6,3409876.666
5,150,3,105.7,2877083.437
5,150,3,105.8,2877083.437
5,150,3,105.9,3303318.02
5,150,3,106,2344290.208
5,150,3,106.1,3196759.375
5,150,3,106.2,4475463.124
5,150,3,106.3,2983642.083
5,150,3,106.4,3516435.312
5,150,3,106.5,3516435.312
5,150,3,106.6,4262345.833
5,150,3,106.7,3942669.895
5,150,3,106.8,3622993.958
5,150,3,106.9,3836111.249
5,150,3,107,2770524.791
5,150,3,107.1,3196759.375
5,150,3,107.2,2557407.5
5,150,3,107.3,4049228.541
5,150,3,107.4,4368904.479
5,150,3,107.5,2237731.562
5,150,3,107.6,2770524.791
5,150,3,107.7,2877083.437
5,150,3,107.8,2450848.854
5,150,3,107.9,2237731.562
5,150,3,108,1918055.625
5,150,3,108.1,3090200.729
5,150,3,108.2,2344290.208
5,150,3,108.3,3090200.729
5,150,3,108.4,2983642.083
5,150,3,108.5,3090200.729
5,150,3,108.6,3196759.375
5,150,3,108.7,2663966.145
5,150,3,108.8,3516435.312
5,150,3,108.9,4049228.541
5,150,3,109,3303318.02
5,150,3,109.1,2131172.916
5,150,3,109.2,2131172.916
5,150,3,109.3,2663966.145
5,150,3,109.4,2131172.916
5,150,3,109.5,2770524.791
5,150,3,109.6,2024614.271
5,150,3,109.7,2877083.437
5,150,3,109.8,4155787.187
5,150,3,109.9,3836111.249
5,150,3,110,2450848.854
5,150,3,110.1,3090200.729
5,150,3,110.2,3090200.729
5,150,3,110.3,3303318.02
5,150,3,110.4,3196759.375
5,150,3,110.5,3303318.02
5,150,3,110.6,3409876.666
5,150,3,110.7,3090200.729
5,150,3,110.8,2983642.083
5,150,3,110.9,1918055.625
5,150,3,111,3942669.895
5,150,3,111.1,1385262.396
5,150,3,111.2,2983642.083
5,150,3,111.3,3090200.729
5,150,3,111.4,2877083.437
5,150,3,111.5,2877083.437
5,150,3,111.6,2557407.5
5,150,3,111.7,2344290.208
5,150,3,111.8,2663966.145
5,150,3,111.9,2877083.437
5,150,3,112,3942669.895
5,150,3,112.1,3729552.604
5,150,3,112.2,3622993.958
5,150,3,112.3,1918055.625
5,150,3,112.4,3942669.895
5,150,3,112.5,4262345.833
5,150,3,112.6,2663966.145
5,150,3,112.7,3090200.729
5,150,3,112.8,2237731.562
5,150,3,112.9,1918055.625
5,150,3,113,2663966.145
5,150,3,113.1,2450848.854
5,150,3,113.2,3729552.604
5,150,3,113.3,2557407.5
5,150,3,113.4,2344290.208
5,150,3,113.5,2450848.854
5,150,3,113.6,2663966.145
5,150,3,113.7,3196759.375
5,150,3,113.8,4049228.541
5,150,3,113.9,2557407.5
5,150,3,114,3090200.729
5,150,3,114.1,2344290.208
5,150,3,114.2,2131172.916
5,150,3,114.3,2237731.562
5,150,3,114.4,1811496.979
5,150,3,114.5,2557407.5
5,150,3,114.6,2237731.562
5,150,3,114.7,2344290.208
5,150,3,114.8,2024614.271
5,150,3,114.9,1918055.625
5,150,3,115,3090200.729
5,150,3,115.1,2877083.437
5,150,3,115.2,2770524.791
5,150,3,115.3,2024614.271
5,150,3,115.4,3303318.02
5,150,3,115.5,2344290.208
5,150,3,115.6,2344290.208
5,150,3,115.7,2344290.208
5,150,3,115.8,3196759.375
5,150,3,115.9,2557407.5
5,150,3,116,2131172.916
5,150,3,116.1,1811496.979
5,150,3,116.2,2024614.271
5,150,3,116.3,2877083.437
5,150,3,116.4,2663966.145
5,150,3,116.5,3303318.02
5,150,3,116.6,2557407.5
5,150,3,116.7,1918055.625
5,150,3,116.8,2344290.208
5,150,3,116.9,2770524.791
5,150,3,117,2877083.437
5,150,3,117.1,2450848.854
5,150,3,117.2,2450848.854
5,150,3,117.3,2237731.562
5,150,3,117.4,2024614.271
5,150,3,117.5,3622993.958
5,150,3,117.6,2557407.5
5,150,3,117.7,2877083.437
5,150,3,117.8,2450848.854
5,150,3,117.9,3196759.375
5,150,3,118,2450848.854
5,150,3,118.1,1172145.104
5,150,3,118.2,2237731.562
5,150,3,118.3,2131172.916
5,150,3,118.4,2877083.437
5,150,3,118.5,2344290.208
5,150,3,118.6,1811496.979
5,150,3,118.7,2131172.916
5,150,3,118.8,2663966.145
5,150,3,118.9,2770524.791
5,150,3,119,2450848.854
5,150,3,119.1,1598379.687
5,150,3,119.2,2557407.5
5,150,3,119.3,2770524.791
5,150,3,119.4,2877083.437
5,150,3,119.5,2877083.437
5,150,3,119.6,2877083.437
5,150,3,119.7,2557407.5
5,150,3,119.8,1811496.979
5,150,3,119.9,2450848.854
5,150,3,120,2237731.562
5,150,3,120.1,2237731.562
5,150,3,120.2,2344290.208
5,150,3,120.3,3303318.02
5,150,3,120.4,1491821.041
5,150,3,120.5,2983642.083
5,150,3,120.6,1598379.687
5,150,3,120.7,1918055.625
5,150,3,120.8,2877083.437
5,150,3,120.9,2770524.791
5,150,3,121,2131172.916
5,150,3,121.1,2770524.791
5,150,3,121.2,2131172.916
5,150,3,121.3,2877083.437
5,150,3,121.4,1704938.333
5,150,3,121.5,2344290.208
5,150,3,121.6,2770524.791
5,150,3,121.7,2557407.5
5,150,3,121.8,2237731.562
5,150,3,121.9,2663966.145
5,150,3,122,3196759.375
5,150,3,122.1,2024614.271
5,150,3,122.2,2344290.208
5,150,3,122.3,2450848.854
5,150,3,122.4,2237731.562
5,150,3,122.5,1811496.979
5,150,3,122.6,2237731.562
5,150,3,122.7,1598379.687
5,150,3,122.8,2450848.854
5,150,3,122.9,2237731.562
5,150,3,123,2344290.208
5,150,3,123.1,3303318.02
5,150,3,123.2,1491821.041
5,150,3,123.3,2131172.916
5,150,3,123.4,1918055.625
5,150,3,123.5,2557407.5
5,150,3,123.6,2450848.854
5,150,3,123.7,2663966.145
5,150,3,123.8,2983642.083
5,150,3,123.9,2663966.145
5,150,3,124,2663966.145
5,150,3,124.1,2450848.854
5,150,3,124.2,2024614.271
5,150,3,124.3,2450848.854
5,150,3,124.4,2024614.271
5,150,3,124.5,2131172.916
5,150,3,124.6,2877083.437
5,150,3,124.7,1918055.625
5,150,3,124.8,1918055.625
5,150,3,124.9,1811496.979
5,150,3,125,2770524.791
5,150,3,125.1,2663966.145
5,150,3,125.2,2877083.437
5,150,3,125.3,2770524.791
5,150,3,125.4,1598379.687
5,150,3,125.5,1704938.333
5,150,3,125.6,2024614.271
5,150,3,125.7,2983642.083
5,150,3,125.8,1918055.625
5,150,3,125.9,2237731.562
5,150,3,126,1385262.396
5,150,3,126.1,2024614.271
5,150,3,126.2,2344290.208
5,150,3,126.3,2344290.208
5,150,3,126.4,2770524.791
5,150,3,126.5,1598379.687
5,150,3,126.6,2450848.854
5,150,3,126.7,1811496.979
5,150,3,126.8,2344290.208
5,150,3,126.9,2663966.145
5,150,3,127,2557407.5
5,150,3,127.1,1811496.979
5,150,3,127.2,1598379.687
5,150,3,127.3,2024614.271
5,150,3,127.4,2450848.854
5,150,3,127.5,1811496.979
5,150,3,127.6,2131172.916
5,150,3,127.7,2237731.562
5,150,3,127.8,2237731.562
5,150,3,127.9,2770524.791
5,150,3,128,2557407.5
5,150,3,128.1,2344290.208
5,150,3,128.2,2237731.562
5,150,3,128.3,1918055.625
5,150,3,128.4,1704938.333
5,150,3,128.5,1172145.104
5,150,3,128.6,2024614.271
5,150,3,128.7,1704938.333
5,150,3,128.8,2663966.145
5,150,3,128.9,1598379.687
5,150,3,129,2024614.271
5,150,3,129.1,1172145.104
5,150,3,129.2,1704938.333
5,150,3,129.3,1918055.625
5,150,3,129.4,1918055.625
5,150,3,129.5,2131172.916
5,150,3,129.6,1918055.625
5,150,3,129.7,2344290.208
5,150,3,129.8,1918055.625
5,150,3,129.9,2450848.854
5,150,3,130,1811496.979
5,150,3,130.1,2663966.145
5,150,3,130.2,1598379.687
5,150,3,130.3,1704938.333
5,150,3,130.4,2024614.271
5,150,3,130.5,1385262.396
5,150,3,130.6,2237731.562
5,150,3,130.7,1172145.104
5,150,3,130.8,3516435.312
5,150,3,130.9,1704938.333
5,150,3,131,1385262.396
5,150,3,131.1,2663966.145
5,150,3,131.2,1811496.979
5,150,3,131.3,1811496.979
5,150,3,131.4,1811496.979
5,150,3,131.5,1918055.625
5,150,3,131.6,2450848.854
5,150,3,131.7,1918055.625
5,150,3,131.8,2450848.854
5,150,3,131.9,1491821.041
5,150,3,132,2131172.916
5,150,3,132.1,1811496.979
5,150,3,132.2,1918055.625
5,150,3,132.3,1918055.625
5,150,3,132.4,1704938.333
5,150,3,132.5,1918055.625
5,150,3,132.6,1704938.333
5,150,3,132.7,2770524.791
5,150,3,132.8,1704938.333
5,150,3,132.9,1811496.979
5,150,3,133,3196759.375
5,150,3,133.1,2237731.562
5,150,3,133.2,2450848.854
5,150,3,133.3,2237731.562
5,150,3,133.4,2237731.562
5,150,3,133.5,1918055.625
5,150,3,133.6,1811496.979
5,150,3,133.7,2663966.145
5,150,3,133.8,2237731.562
5,150,3,133.9,1704938.333
5,150,3,134,959027.8124
5,150,3,134.1,2237731.562
5,150,3,134.2,1065586.458
5,150,3,134.3,1491821.041
5,150,3,134.4,1811496.979
5,150,3,134.5,1918055.625
5,150,3,134.6,1278703.75
5,150,3,134.7,1811496.979
5,150,3,134.8,1811496.979
5,150,3,134.9,1385262.396
5,150,3,135,1598379.687
5,150,3,135.1,745910.5207
5,150,3,135.2,2024614.271
5,150,3,135.3,2237731.562
5,150,3,135.4,1278703.75
5,150,3,135.5,2344290.208
5,150,3,135.6,1811496.979
5,150,3,135.7,1172145.104
5,150,3,135.8,2237731.562
5,150,3,135.9,1811496.979
5,150,3,136,1491821.041
5,150,3,136.1,1065586.458
5,150,3,136.2,1918055.625
5,150,3,136.3,1278703.75
5,150,3,136.4,1385262.396
5,150,3,136.5,1918055.625
5,150,3,136.6,1385262.396
5,150,3,136.7,1385262.396
5,150,3,136.8,1172145.104
5,150,3,136.9,1172145.104
5,150,3,137,2131172.916
5,150,3,137.1,2024614.271
5,150,3,137.2,1172145.104
5,150,3,137.3,1811496.979
5,150,3,137.4,1172145.104
5,150,3,137.5,1918055.625
5,150,3,137.6,1598379.687
5,150,3,137.7,1598379.687
5,150,3,137.8,1491821.041
5,150,3,137.9,1385262.396
5,150,3,138,1811496.979
5,150,3,138.1,959027.8124
5,150,3,138.2,1385262.396
5,150,3,138.3,1598379.687
5,150,3,138.4,1704938.333
5,150,3,138.5,1491821.041
5,150,3,138.6,959027.8124
5,150,3,138.7,1278703.75
5,150,3,138.8,1918055.625
5,150,3,138.9,1385262.396
5,150,3,139,1491821.041
5,150,3,139.1,1811496.979
5,150,3,139.2,1278703.75
5,150,3,139.3,1065586.458
5,150,3,139.4,1704938.333
5,150,3,139.5,1278703.75
5,150,3,139.6,959027.8124
5,150,3,139.7,1491821.041
5,150,3,139.8,1598379.687
5,150,3,139.9,1918055.625
5,150,3,140,959027.8124
5,150,3,140.1,852469.1666
5,150,3,140.2,959027.8124
5,150,3,140.3,1491821.041
5,150,3,140.4,1385262.396
5,150,3,140.5,1385262.396
5,150,3,140.6,1065586.458
5,150,3,140.7,1172145.104
5,150,3,140.8,745910.5207
5,150,3,140.9,1385262.396
5,150,3,141,1278703.75
5,150,3,141.1,1704938.333
5,150,3,141.2,959027.8124
5,150,3,141.3,1385262.396
5,150,3,141.4,1065586.458
5,150,3,141.5,1278703.75
5,150,3,141.6,1491821.041
5,150,3,141.7,1491821.041
5,150,3,141.8,1065586.458
5,150,3,141.9,745910.5207
5,150,3,142,532793.2291
5,150,3,142.1,1598379.687
5,150,3,142.2,959027.8124
5,150,3,142.3,852469.1666
5,150,3,142.4,745910.5207
5,150,3,142.5,959027.8124
5,150,3,142.6,1065586.458
5,150,3,142.7,852469.1666
5,150,3,142.8,1172145.104
5,150,3,142.9,1172145.104
5,150,3,143,852469.1666
5,150,3,143.1,959027.8124
5,150,3,143.2,1172145.104
5,150,3,143.3,1811496.979
5,150,3,143.4,1172145.104
5,150,3,143.5,1172145.104
5,150,3,143.6,1704938.333
5,150,3,143.7,959027.8124
5,150,3,143.8,1065586.458
5,150,3,143.9,1065586.458
5,150,3,144,1811496.979
5,150,3,144.1,1278703.75
5,150,3,144.2,1065586.458
5,150,3,144.3,639351.8749
5,150,3,144.4,1065586.458
5,150,3,144.5,745910.5207
5,150,3,144.6,959027.8124
5,150,3,144.7,1172145.104
5,150,3,144.8,1278703.75
5,150,3,144.9,1172145.104
5,150,3,145,532793.2291
5,150,3,145.1,426234.5833
5,150,3,145.2,745910.5207
5,150,3,145.3,639351.8749
5,150,3,145.4,426234.5833
5,150,3,145.5,426234.5833
5,150,3,145.6,745910.5207
5,150,3,145.7,745910.5207
5,150,3,145.8,852469.1666
5,150,3,145.9,745910.5207
5,150,3,146,532793.2291
5,150,3,146.1,532793.2291
5,150,3,146.2,426234.5833
5,150,3,146.3,639351.8749
5,150,3,146.4,639351.8749
5,150,3,146.5,106558.6458
5,150,3,146.6,639351.8749
5,150,3,146.7,319675.9375
5,150,3,146.8,532793.2291
5,150,3,146.9,532793.2291
5,150,3,147,745910.5207
5,150,3,147.1,426234.5833
5,150,3,147.2,319675.9375
5,150,3,147.3,319675.9375
5,150,3,147.4,426234.5833
5,150,3,147.5,639351.8749
5,150,3,147.6,745910.5207
5,150,3,147.7,852469.1666
5,150,3,147.8,532793.2291
5,150,3,147.9,426234.5833
5,150,3,148,319675.9375
5,150,3,148.1,106558.6458
5,150,3,148.2,426234.5833
5,150,3,148.3,106558.6458
5,150,3,148.4,639351.8749
5,150,3,148.5,319675.9375
5,150,3,148.6,532793.2291
5,150,3,148.7,745910.5207
5,150,3,148.8,319675.9375
5,150,3,148.9,426234.5833
5,150,3,149,213117.2916
5,150,3,149.1,106558.6458
5,150,3,149.2,213117.2916
5,150,3,149.3,106558.6458
5,150,3,149.4,319675.9375
5,150,3,149.6,213117.2916
5,150,3,149.7,213117.2916
5,150,3,149.9,106558.6458
5,40,5,4.9,64362.07883
5,40,5,5,128724.1577
5,40,5,5.1,257448.3153
5,40,5,5.2,386172.473
5,40,5,5.3,450534.5518
5,40,5,5.4,193086.2365
5,40,5,5.5,257448.3153
5,40,5,5.6,514896.6306
5,40,5,5.7,707982.8671
5,40,5,5.8,965431.1825
5,40,5,5.9,901069.1036
5,40,5,6,1544689.892
5,40,5,6.1,1737776.128
5,40,5,6.2,1480327.813
5,40,5,6.3,1673414.05
5,40,5,6.4,2188310.68
5,40,5,6.5,2188310.68
5,40,5,6.6,2123948.601
5,40,5,6.7,3668638.493
5,40,5,6.8,3733000.572
5,40,5,6.9,3733000.572
5,40,5,7,3668638.493
5,40,5,7.1,4569707.597
5,40,5,7.2,4827155.912
5,40,5,7.3,4891517.991
5,40,5,7.4,15961795.55
5,40,5,7.5,5663862.937
5,40,5,7.6,6371845.804
5,40,5,7.7,7079828.671
5,40,5,7.8,7594725.302
5,40,5,7.9,7980897.775
5,40,5,8,7079828.671
5,40,5,8.1,7530363.223
5,40,5,8.2,10362294.69
5,40,5,8.3,42543334.11
5,40,5,8.4,322968911.6
5,40,5,8.5,9654311.825
5,40,5,8.6,10233570.53
5,40,5,8.7,10233570.53
5,40,5,8.8,13902209.03
5,40,5,8.9,10812829.24
5,40,5,9,11585174.19
5,40,5,9.1,11392087.95
5,40,5,9.2,10941553.4
5,40,5,9.3,11778260.43
5,40,5,9.4,11520812.11
5,40,5,9.5,28190590.53
5,40,5,9.6,20467141.07
5,40,5,9.7,220375757.9
5,40,5,9.8,34304988.02
5,40,5,9.9,23556520.85
5,40,5,10,112440551.7
5,40,5,10.1,15961795.55
5,40,5,10.2,12550605.37
5,40,5,10.3,3539914.336
5,40,5,10.4,4762793.833
5,40,5,10.5,4183535.124
5,40,5,10.6,6050035.41
5,40,5,10.7,4827155.912
5,40,5,10.8,4376621.36
5,40,5,10.9,5792587.095
5,40,5,11,6693656.198
5,40,5,11.1,5084604.228
5,40,5,11.2,5213328.385
5,40,5,11.3,29670918.34
5,40,5,11.4,5342052.543
5,40,5,11.5,6178759.568
5,40,5,11.6,7272914.908
5,40,5,11.7,6693656.198
5,40,5,11.8,4440983.439
5,40,5,11.9,4183535.124
5,40,5,12,3990448.888
5,40,5,12.1,3604276.415
5,40,5,12.2,3539914.336
5,40,5,12.3,4054810.966
5,40,5,12.4,3733000.572
5,40,5,12.5,4440983.439
5,40,5,12.6,3733000.572
5,40,5,12.7,3668638.493
5,40,5,12.8,4119173.045
5,40,5,12.9,3990448.888
5,40,5,13,3990448.888
5,40,5,13.1,4247897.203
5,40,5,13.2,5342052.543
5,40,5,13.3,5535138.779
5,40,5,13.4,3990448.888
5,40,5,13.5,5213328.385
5,40,5,13.6,4505345.518
5,40,5,13.7,4891517.991
5,40,5,13.8,5406414.622
5,40,5,13.9,6178759.568
5,40,5,14,5277690.464
5,40,5,14.1,6564932.041
5,40,5,14.2,4376621.36
5,40,5,14.3,5728225.016
5,40,5,14.4,4891517.991
5,40,5,14.5,5342052.543
5,40,5,14.6,5792587.095
5,40,5,14.7,6114397.489
5,40,5,14.8,5856949.174
5,40,5,14.9,6371845.804
5,40,5,15,5406414.622
5,40,5,15.1,5535138.779
5,40,5,15.2,5985673.331
5,40,5,15.3,5663862.937
5,40,5,15.4,6822380.356
5,40,5,15.5,5342052.543
5,40,5,15.6,6951104.514
5,40,5,15.7,6886742.435
5,40,5,15.8,6822380.356
5,40,5,15.9,7208552.829
5,40,5,16,7980897.775
5,40,5,16.1,7466001.144
5,40,5,16.2,7272914.908
5,40,5,16.3,6629294.12
5,40,5,16.4,7144190.75
5,40,5,16.5,6436207.883
5,40,5,16.6,6371845.804
5,40,5,16.7,7337276.987
5,40,5,16.8,6822380.356
5,40,5,16.9,5728225.016
5,40,5,17,7144190.75
5,40,5,17.1,7337276.987
5,40,5,17.2,8173984.012
5,40,5,17.3,6500569.962
5,40,5,17.4,7337276.987
5,40,5,17.5,7530363.223
5,40,5,17.6,6951104.514
5,40,5,17.7,6693656.198
5,40,5,17.8,7144190.75
5,40,5,17.9,8560156.484
5,40,5,18,6822380.356
5,40,5,18.1,6758018.277
5,40,5,18.2,7015466.593
5,40,5,18.3,7144190.75
5,40,5,18.4,7401639.066
5,40,5,18.5,7079828.671
5,40,5,18.6,6371845.804
5,40,5,18.7,6436207.883
5,40,5,18.8,8302708.169
5,40,5,18.9,6886742.435
5,40,5,19,6114397.489
5,40,5,19.1,8302708.169
5,40,5,19.2,7337276.987
5,40,5,19.3,5985673.331
5,40,5,19.4,7530363.223
5,40,5,19.5,7337276.987
5,40,5,19.6,6178759.568
5,40,5,19.7,7594725.302
5,40,5,19.8,6564932.041
5,40,5,19.9,6564932.041
5,40,5,20,5792587.095
5,40,5,20.1,7272914.908
5,40,5,20.2,7787811.539
5,40,5,20.3,8495794.406
5,40,5,20.4,7144190.75
5,40,5,20.5,6758018.277
5,40,5,20.6,7530363.223
5,40,5,20.7,6886742.435
5,40,5,20.8,6758018.277
5,40,5,20.9,8238346.09
5,40,5,21,6436207.883
5,40,5,21.1,6822380.356
5,40,5,21.2,7208552.829
5,40,5,21.3,6951104.514
5,40,5,21.4,6629294.12
5,40,5,21.5,7852173.617
5,40,5,21.6,5792587.095
5,40,5,21.7,5985673.331
5,40,5,21.8,7144190.75
5,40,5,21.9,6951104.514
5,40,5,22,6050035.41
5,40,5,22.1,6500569.962
5,40,5,22.2,6436207.883
5,40,5,22.3,6629294.12
5,40,5,22.4,6307483.725
5,40,5,22.5,6951104.514
5,40,5,22.6,6758018.277
5,40,5,22.7,5213328.385
5,40,5,22.8,7144190.75
5,40,5,22.9,7144190.75
5,40,5,23,7466001.144
5,40,5,23.1,6822380.356
5,40,5,23.2,7530363.223
5,40,5,23.3,6178759.568
5,40,5,23.4,5599500.858
5,40,5,23.5,6050035.41
5,40,5,23.6,6693656.198
5,40,5,23.7,5728225.016
5,40,5,23.8,6243121.647
5,40,5,23.9,5535138.779
5,40,5,24,6500569.962
5,40,5,24.1,7787811.539
5,40,5,24.2,6758018.277
5,40,5,24.3,7079828.671
5,40,5,24.4,5985673.331
5,40,5,24.5,6371845.804
5,40,5,24.6,4762793.833
5,40,5,24.7,6822380.356
5,40,5,24.8,5535138.779
5,40,5,24.9,6436207.883
5,40,5,25,5728225.016
5,40,5,25.1,6178759.568
5,40,5,25.2,5792587.095
5,40,5,25.3,5470776.701
5,40,5,25.4,5728225.016
5,40,5,25.5,5599500.858
5,40,5,25.6,4891517.991
5,40,5,25.7,5728225.016
5,40,5,25.8,6114397.489
5,40,5,25.9,6436207.883
5,40,5,26,5535138.779
5,40,5,26.1,5084604.228
5,40,5,26.2,6243121.647
5,40,5,26.3,5663862.937
5,40,5,26.4,5535138.779
5,40,5,26.5,4827155.912
5,40,5,26.6,5084604.228
5,40,5,26.7,4247897.203
5,40,5,26.8,5277690.464
5,40,5,26.9,6371845.804
5,40,5,27,5728225.016
5,40,5,27.1,4955880.07
5,40,5,27.2,5470776.701
5,40,5,27.3,4054810.966
5,40,5,27.4,4891517.991
5,40,5,27.5,5792587.095
5,40,5,27.6,5856949.174
5,40,5,27.7,5084604.228
5,40,5,27.8,4762793.833
5,40,5,27.9,5599500.858
5,40,5,28,5342052.543
5,40,5,28.1,5020242.149
5,40,5,28.2,4827155.912
5,40,5,28.3,4376621.36
5,40,5,28.4,4698431.755
5,40,5,28.5,4891517.991
5,40,5,28.6,4634069.676
5,40,5,28.7,3539914.336
5,40,5,28.8,3990448.888
5,40,5,28.9,4762793.833
5,40,5,29,3539914.336
5,40,5,29.1,3990448.888
5,40,5,29.2,4505345.518
5,40,5,29.3,5020242.149
5,40,5,29.4,2960655.626
5,40,5,29.5,3411190.178
5,40,5,29.6,4247897.203
5,40,5,29.7,3282466.02
5,40,5,29.8,4119173.045
5,40,5,29.9,3861724.73
5,40,5,30,4569707.597
5,40,5,30.1,5213328.385
5,40,5,30.2,4569707.597
5,40,5,30.3,4376621.36
5,40,5,30.4,4634069.676
5,40,5,30.5,3733000.572
5,40,5,30.6,4054810.966
5,40,5,30.7,3604276.415
5,40,5,30.8,3861724.73
5,40,5,30.9,3411190.178
5,40,5,31,4183535.124
5,40,5,31.1,3411190.178
5,40,5,31.2,2896293.547
5,40,5,31.3,4247897.203
5,40,5,31.4,3218103.942
5,40,5,31.5,3218103.942
5,40,5,31.6,3089379.784
5,40,5,31.7,3411190.178
5,40,5,31.8,3990448.888
5,40,5,31.9,3604276.415
5,40,5,32,3025017.705
5,40,5,32.1,2960655.626
5,40,5,32.2,3604276.415
5,40,5,32.3,3733000.572
5,40,5,32.4,3411190.178
5,40,5,32.5,3282466.02
5,40,5,32.6,2960655.626
5,40,5,32.7,3282466.02
5,40,5,32.8,3282466.02
5,40,5,32.9,3604276.415
5,40,5,33,3346828.099
5,40,5,33.1,3668638.493
5,40,5,33.2,3089379.784
5,40,5,33.3,2445758.996
5,40,5,33.4,2638845.232
5,40,5,33.5,2896293.547
5,40,5,33.6,2123948.601
5,40,5,33.7,2445758.996
5,40,5,33.8,2445758.996
5,40,5,33.9,2445758.996
5,40,5,34,2638845.232
5,40,5,34.1,2831931.469
5,40,5,34.2,2703207.311
5,40,5,34.3,2510121.074
5,40,5,34.4,2381396.917
5,40,5,34.5,2638845.232
5,40,5,34.6,3346828.099
5,40,5,34.7,2767569.39
5,40,5,34.8,2317034.838
5,40,5,34.9,1995224.444
5,40,5,35,1995224.444
5,40,5,35.1,1802138.207
5,40,5,35.2,2638845.232
5,40,5,35.3,3025017.705
5,40,5,35.4,2574483.153
5,40,5,35.5,2574483.153
5,40,5,35.6,1995224.444
5,40,5,35.7,2767569.39
5,40,5,35.8,1609051.971
5,40,5,35.9,2059586.523
5,40,5,36,1930862.365
5,40,5,36.1,2767569.39
5,40,5,36.2,1802138.207
5,40,5,36.3,2445758.996
5,40,5,36.4,2059586.523
5,40,5,36.5,2188310.68
5,40,5,36.6,2188310.68
5,40,5,36.7,1609051.971
5,40,5,36.8,1544689.892
5,40,5,36.9,1415965.734
5,40,5,37,1866500.286
5,40,5,37.1,1609051.971
5,40,5,37.2,1094155.34
5,40,5,37.3,1094155.34
5,40,5,37.4,1415965.734
5,40,5,37.5,1351603.655
5,40,5,37.6,1737776.128
5,40,5,37.7,1415965.734
5,40,5,37.8,1351603.655
5,40,5,37.9,1094155.34
5,40,5,38,2059586.523
5,40,5,38.1,1029793.261
5,40,5,38.2,1222879.498
5,40,5,38.3,836707.0248
5,40,5,38.4,579258.7095
5,40,5,38.5,1094155.34
5,40,5,38.6,1029793.261
5,40,5,38.7,707982.8671
5,40,5,38.8,643620.7883
5,40,5,38.9,450534.5518
5,40,5,39,579258.7095
5,40,5,39.1,643620.7883
5,40,5,39.2,386172.473
5,40,5,39.3,514896.6306
5,40,5,39.4,257448.3153
5,40,5,39.5,193086.2365
5,40,5,39.6,450534.5518
5,40,5,39.7,257448.3153
5,40,5,39.8,450534.5518
5,40,5,39.9,193086.2365
5,40,5,40,64362.07883
5,80,5,3.6,104427.4729
5,80,5,4,104427.4729
5,80,5,4.1,208854.9458
5,80,5,4.2,208854.9458
5,80,5,4.3,208854.9458
5,80,5,4.4,417709.8916
5,80,5,4.5,417709.8916
5,80,5,4.6,939847.2561
5,80,5,4.7,313282.4187
5,80,5,4.8,835419.7832
5,80,5,4.9,1461984.621
5,80,5,5,1461984.621
5,80,5,5.1,2819541.768
5,80,5,5.2,2192976.931
5,80,5,5.3,3654961.552
5,80,5,5.4,2923969.241
5,80,5,5.5,4072671.443
5,80,5,5.6,4281526.389
5,80,5,5.7,3968243.97
5,80,5,5.8,4177098.916
5,80,5,5.9,7623205.522
5,80,5,6,7936487.941
5,80,5,6.1,8354197.832
5,80,5,6.2,9711754.98
5,80,5,6.3,11382594.55
5,80,5,6.4,10025037.4
5,80,5,6.5,14619846.21
5,80,5,6.6,12322441.8
5,80,5,6.7,10860457.18
5,80,5,6.8,14097708.84
5,80,5,6.9,14828701.15
5,80,5,7,18483662.7
5,80,5,7.1,18065952.81
5,80,5,7.2,18379235.23
5,80,5,7.3,18901372.6
5,80,5,7.4,82602131.07
5,80,5,7.5,20676639.63
5,80,5,7.6,23705036.35
5,80,5,7.7,19632364.91
5,80,5,7.8,20885494.58
5,80,5,7.9,26315723.17
5,80,5,8,27151142.95
5,80,5,8.1,24122746.24
5,80,5,8.2,29135264.94
5,80,5,8.3,194757237
5,80,5,8.4,1564636827
5,80,5,8.5,32894653.96
5,80,5,8.6,28404272.63
5,80,5,8.7,30806104.51
5,80,5,8.8,54615568.33
5,80,5,8.9,31014959.45
5,80,5,9,32894653.96
5,80,5,9.1,35400913.31
5,80,5,9.2,36758470.46
5,80,5,9.3,41353279.27
5,80,5,9.4,35923050.68
5,80,5,9.5,115496785
5,80,5,9.6,69757551.9
5,80,5,9.7,1028506181
5,80,5,9.8,137113271.9
5,80,5,9.9,89076634.39
5,80,5,10,476920268.7
5,80,5,10.1,41562134.22
5,80,5,10.2,45739233.13
5,80,5,10.3,15664120.94
5,80,5,10.4,17021678.08
5,80,5,10.5,15455265.99
5,80,5,10.6,19527937.43
5,80,5,10.7,18901372.6
5,80,5,10.8,18796945.12
5,80,5,10.9,16708395.66
5,80,5,11,21825341.84
5,80,5,11.1,20467784.69
5,80,5,11.2,22869616.57
5,80,5,11.3,145154187.3
5,80,5,11.4,18379235.23
5,80,5,11.5,23705036.35
5,80,5,11.6,29135264.94
5,80,5,11.7,26629005.59
5,80,5,11.8,15141983.57
5,80,5,11.9,16499540.72
5,80,5,12,18170380.29
5,80,5,12.1,15350838.52
5,80,5,12.2,13888853.9
5,80,5,12.3,13888853.9
5,80,5,12.4,13262289.06
5,80,5,12.5,15455265.99
5,80,5,12.6,14828701.15
5,80,5,12.7,15872975.88
5,80,5,12.8,15350838.52
5,80,5,12.9,13366716.53
5,80,5,13,16081830.83
5,80,5,13.1,15141983.57
5,80,5,13.2,16395113.25
5,80,5,13.3,17648242.92
5,80,5,13.4,18065952.81
5,80,5,13.5,15559693.46
5,80,5,13.6,17648242.92
5,80,5,13.7,16603968.19
5,80,5,13.8,16186258.3
5,80,5,13.9,18274807.76
5,80,5,14,19005800.07
5,80,5,14.1,15246411.04
5,80,5,14.2,21616486.89
5,80,5,14.3,19841219.85
5,80,5,14.4,19319082.49
5,80,5,14.5,21303204.47
5,80,5,14.6,19527937.43
5,80,5,14.7,18692517.65
5,80,5,14.8,17126105.56
5,80,5,14.9,18901372.6
5,80,5,15,20154502.27
5,80,5,15.1,21303204.47
5,80,5,15.2,20467784.69
5,80,5,15.3,18692517.65
5,80,5,15.4,19005800.07
5,80,5,15.5,25584730.86
5,80,5,15.6,20258929.74
5,80,5,15.7,18901372.6
5,80,5,15.8,18588090.18
5,80,5,15.9,23078471.51
5,80,5,16,22869616.57
5,80,5,16.1,23496181.4
5,80,5,16.2,22869616.57
5,80,5,16.3,20676639.63
5,80,5,16.4,21720914.36
5,80,5,16.5,20885494.58
5,80,5,16.6,24436028.66
5,80,5,16.7,19736792.38
5,80,5,16.8,22974044.04
5,80,5,16.9,23078471.51
5,80,5,17,22347479.2
5,80,5,17.1,21512059.42
5,80,5,17.2,20363357.22
5,80,5,17.3,22869616.57
5,80,5,17.4,21929769.31
5,80,5,17.5,24436028.66
5,80,5,17.6,24540456.13
5,80,5,17.7,21198777
5,80,5,17.8,24331601.19
5,80,5,17.9,23913891.29
5,80,5,18,24958166.02
5,80,5,18.1,22869616.57
5,80,5,18.2,20572212.16
5,80,5,18.3,21825341.84
5,80,5,18.4,21720914.36
5,80,5,18.5,24018318.77
5,80,5,18.6,22869616.57
5,80,5,18.7,21720914.36
5,80,5,18.8,22347479.2
5,80,5,18.9,23078471.51
5,80,5,19,21303204.47
5,80,5,19.1,25480303.39
5,80,5,19.2,22974044.04
5,80,5,19.3,22138624.26
5,80,5,19.4,24227173.71
5,80,5,19.5,22347479.2
5,80,5,19.6,25480303.39
5,80,5,19.7,22974044.04
5,80,5,19.8,22451906.67
5,80,5,19.9,24958166.02
5,80,5,20,24018318.77
5,80,5,20.1,23705036.35
5,80,5,20.2,21720914.36
5,80,5,20.3,21616486.89
5,80,5,20.4,23913891.29
5,80,5,20.5,21094349.53
5,80,5,20.6,22765189.09
5,80,5,20.7,20572212.16
5,80,5,20.8,22347479.2
5,80,5,20.9,22660761.62
5,80,5,21,23391753.93
5,80,5,21.1,24122746.24
5,80,5,21.2,20676639.63
5,80,5,21.3,20154502.27
5,80,5,21.4,22869616.57
5,80,5,21.5,21929769.31
5,80,5,21.6,21512059.42
5,80,5,21.7,22869616.57
5,80,5,21.8,22347479.2
5,80,5,21.9,22765189.09
5,80,5,22,22451906.67
5,80,5,22.1,20258929.74
5,80,5,22.2,21512059.42
5,80,5,22.3,20050074.8
5,80,5,22.4,20989922.05
5,80,5,22.5,21407631.95
5,80,5,22.6,22974044.04
5,80,5,22.7,22765189.09
5,80,5,22.8,20572212.16
5,80,5,22.9,21512059.42
5,80,5,23,23078471.51
5,80,5,23.1,20467784.69
5,80,5,23.2,20885494.58
5,80,5,23.3,20989922.05
5,80,5,23.4,21303204.47
5,80,5,23.5,19736792.38
5,80,5,23.6,21303204.47
5,80,5,23.7,21407631.95
5,80,5,23.8,22556334.15
5,80,5,23.9,23287326.46
5,80,5,24,20572212.16
5,80,5,24.1,22869616.57
5,80,5,24.2,21198777
5,80,5,24.3,20676639.63
5,80,5,24.4,18588090.18
5,80,5,24.5,20676639.63
5,80,5,24.6,17230533.03
5,80,5,24.7,22034196.78
5,80,5,24.8,19214655.01
5,80,5,24.9,19841219.85
5,80,5,25,22974044.04
5,80,5,25.1,19214655.01
5,80,5,25.2,20676639.63
5,80,5,25.3,19319082.49
5,80,5,25.4,22243051.73
5,80,5,25.5,19527937.43
5,80,5,25.6,20989922.05
5,80,5,25.7,20885494.58
5,80,5,25.8,19005800.07
5,80,5,25.9,18274807.76
5,80,5,26,19319082.49
5,80,5,26.1,17857097.87
5,80,5,26.2,20258929.74
5,80,5,26.3,17439387.97
5,80,5,26.4,17648242.92
5,80,5,26.5,21720914.36
5,80,5,26.6,19110227.54
5,80,5,26.7,20258929.74
5,80,5,26.8,18274807.76
5,80,5,26.9,18483662.7
5,80,5,27,18796945.12
5,80,5,27.1,19632364.91
5,80,5,27.2,19005800.07
5,80,5,27.3,20050074.8
5,80,5,27.4,18483662.7
5,80,5,27.5,20676639.63
5,80,5,27.6,18692517.65
5,80,5,27.7,21094349.53
5,80,5,27.8,19527937.43
5,80,5,27.9,20989922.05
5,80,5,28,19214655.01
5,80,5,28.1,17334960.5
5,80,5,28.2,17439387.97
5,80,5,28.3,19632364.91
5,80,5,28.4,17439387.97
5,80,5,28.5,17961525.34
5,80,5,28.6,18483662.7
5,80,5,28.7,18588090.18
5,80,5,28.8,18065952.81
5,80,5,28.9,17543815.45
5,80,5,29,18588090.18
5,80,5,29.1,17648242.92
5,80,5,29.2,17752670.39
5,80,5,29.3,16290685.77
5,80,5,29.4,15872975.88
5,80,5,29.5,15559693.46
5,80,5,29.6,18170380.29
5,80,5,29.7,18796945.12
5,80,5,29.8,17961525.34
5,80,5,29.9,15559693.46
5,80,5,30,17230533.03
5,80,5,30.1,17126105.56
5,80,5,30.2,18796945.12
5,80,5,30.3,16499540.72
5,80,5,30.4,13679998.95
5,80,5,30.5,15246411.04
5,80,5,30.6,16499540.72
5,80,5,30.7,18379235.23
5,80,5,30.8,16917250.61
5,80,5,30.9,15664120.94
5,80,5,31,14828701.15
5,80,5,31.1,15455265.99
5,80,5,31.2,15872975.88
5,80,5,31.3,16290685.77
5,80,5,31.4,13471144
5,80,5,31.5,16290685.77
5,80,5,31.6,14619846.21
5,80,5,31.7,14097708.84
5,80,5,31.8,14933128.63
5,80,5,31.9,15872975.88
5,80,5,32,15246411.04
5,80,5,32.1,13888853.9
5,80,5,32.2,14619846.21
5,80,5,32.3,15141983.57
5,80,5,32.4,17752670.39
5,80,5,32.5,14410991.26
5,80,5,32.6,16081830.83
5,80,5,32.7,13784426.42
5,80,5,32.8,16186258.3
5,80,5,32.9,13679998.95
5,80,5,33,16395113.25
5,80,5,33.1,15141983.57
5,80,5,33.2,14097708.84
5,80,5,33.3,18274807.76
5,80,5,33.4,15559693.46
5,80,5,33.5,15141983.57
5,80,5,33.6,15037556.1
5,80,5,33.7,12844579.17
5,80,5,33.8,15246411.04
5,80,5,33.9,14306563.79
5,80,5,34,14724273.68
5,80,5,34.1,14306563.79
5,80,5,34.2,14306563.79
5,80,5,34.3,16290685.77
5,80,5,34.4,15037556.1
5,80,5,34.5,15768548.41
5,80,5,34.6,15246411.04
5,80,5,34.7,13366716.53
5,80,5,34.8,12635724.22
5,80,5,34.9,16395113.25
5,80,5,35,14097708.84
5,80,5,35.1,13784426.42
5,80,5,35.2,13784426.42
5,80,5,35.3,14306563.79
5,80,5,35.4,14515418.73
5,80,5,35.5,13157861.59
5,80,5,35.6,12009159.38
5,80,5,35.7,12009159.38
5,80,5,35.8,11904731.91
5,80,5,35.9,12949006.64
5,80,5,36,14306563.79
5,80,5,36.1,14306563.79
5,80,5,36.2,13262289.06
5,80,5,36.3,13471144
5,80,5,36.4,15350838.52
5,80,5,36.5,13679998.95
5,80,5,36.6,12531296.75
5,80,5,36.7,11173739.6
5,80,5,36.8,11278167.07
5,80,5,36.9,10129464.87
5,80,5,37,15246411.04
5,80,5,37.1,13575571.48
5,80,5,37.2,12844579.17
5,80,5,37.3,13053434.11
5,80,5,37.4,13679998.95
5,80,5,37.5,12949006.64
5,80,5,37.6,12844579.17
5,80,5,37.7,13262289.06
5,80,5,37.8,11278167.07
5,80,5,37.9,14724273.68
5,80,5,38,10756029.71
5,80,5,38.1,11278167.07
5,80,5,38.2,10860457.18
5,80,5,38.3,12426869.28
5,80,5,38.4,12009159.38
5,80,5,38.5,14097708.84
5,80,5,38.6,13262289.06
5,80,5,38.7,14306563.79
5,80,5,38.8,12322441.8
5,80,5,38.9,12844579.17
5,80,5,39,11695876.97
5,80,5,39.1,11382594.55
5,80,5,39.2,13366716.53
5,80,5,39.3,11695876.97
5,80,5,39.4,12218014.33
5,80,5,39.5,10442747.29
5,80,5,39.6,12635724.22
5,80,5,39.7,10025037.4
5,80,5,39.8,11069312.13
5,80,5,39.9,10338319.82
5,80,5,40,11487022.02
5,80,5,40.1,13471144
5,80,5,40.2,10442747.29
5,80,5,40.3,10651602.24
5,80,5,40.4,12740151.69
5,80,5,40.5,12426869.28
5,80,5,40.6,10025037.4
5,80,5,40.7,13262289.06
5,80,5,40.8,11800304.44
5,80,5,40.9,10964884.65
5,80,5,41,9189617.615
5,80,5,41.1,10860457.18
5,80,5,41.2,10338319.82
5,80,5,41.3,9711754.98
5,80,5,41.4,9294045.088
5,80,5,41.5,9711754.98
5,80,5,41.6,11487022.02
5,80,5,41.7,11695876.97
5,80,5,41.8,12844579.17
5,80,5,41.9,11487022.02
5,80,5,42,10129464.87
5,80,5,42.1,10860457.18
5,80,5,42.2,10651602.24
5,80,5,42.3,10964884.65
5,80,5,42.4,10547174.76
5,80,5,42.5,10129464.87
5,80,5,42.6,8563052.778
5,80,5,42.7,9085190.143
5,80,5,42.8,10756029.71
5,80,5,42.9,10233892.34
5,80,5,43,10233892.34
5,80,5,43.1,10129464.87
5,80,5,43.2,9920609.926
5,80,5,43.3,10338319.82
5,80,5,43.4,8876335.197
5,80,5,43.5,10129464.87
5,80,5,43.6,10547174.76
5,80,5,43.7,11487022.02
5,80,5,43.8,8040915.414
5,80,5,43.9,10964884.65
5,80,5,44,9398472.561
5,80,5,44.1,7623205.522
5,80,5,44.2,9607327.507
5,80,5,44.3,6787785.739
5,80,5,44.4,10756029.71
5,80,5,44.5,7832060.468
5,80,5,44.6,9502900.034
5,80,5,44.7,10233892.34
5,80,5,44.8,10025037.4
5,80,5,44.9,8354197.832
5,80,5,45,7623205.522
5,80,5,45.1,10964884.65
5,80,5,45.2,7832060.468
5,80,5,45.3,9816182.453
5,80,5,45.4,9502900.034
5,80,5,45.5,9085190.143
5,80,5,45.6,8354197.832
5,80,5,45.7,9502900.034
5,80,5,45.8,9398472.561
5,80,5,45.9,9920609.926
5,80,5,46,9398472.561
5,80,5,46.1,8771907.724
5,80,5,46.2,8145342.886
5,80,5,46.3,8354197.832
5,80,5,46.4,9920609.926
5,80,5,46.5,7623205.522
5,80,5,46.6,8771907.724
5,80,5,46.7,9085190.143
5,80,5,46.8,7309923.103
5,80,5,46.9,7727632.995
5,80,5,47,7936487.941
5,80,5,47.1,7936487.941
5,80,5,47.2,7101068.157
5,80,5,47.3,9607327.507
5,80,5,47.4,6265648.374
5,80,5,47.5,8771907.724
5,80,5,47.6,7518778.049
5,80,5,47.7,8876335.197
5,80,5,47.8,8771907.724
5,80,5,47.9,7414350.576
5,80,5,48,8563052.778
5,80,5,48.1,8354197.832
5,80,5,48.2,9502900.034
5,80,5,48.3,8980762.67
5,80,5,48.4,8040915.414
5,80,5,48.5,8876335.197
5,80,5,48.6,9711754.98
5,80,5,48.7,5430228.591
5,80,5,48.8,7101068.157
5,80,5,48.9,8667480.251
5,80,5,49,8040915.414
5,80,5,49.1,6474503.32
5,80,5,49.2,8354197.832
5,80,5,49.3,8771907.724
5,80,5,49.4,6683358.266
5,80,5,49.5,6996640.684
5,80,5,49.6,8040915.414
5,80,5,49.7,6056793.428
5,80,5,49.8,7101068.157
5,80,5,49.9,6892213.212
5,80,5,50,7309923.103
5,80,5,50.1,7832060.468
5,80,5,50.2,6265648.374
5,80,5,50.3,7727632.995
5,80,5,50.4,7727632.995
5,80,5,50.5,5430228.591
5,80,5,50.6,6996640.684
5,80,5,50.7,8145342.886
5,80,5,50.8,7414350.576
5,80,5,50.9,6578930.793
5,80,5,51,6996640.684
5,80,5,51.1,7414350.576
5,80,5,51.2,7936487.941
5,80,5,51.3,7101068.157
5,80,5,51.4,6996640.684
5,80,5,51.5,6370075.847
5,80,5,51.6,7414350.576
5,80,5,51.7,7518778.049
5,80,5,51.8,7101068.157
5,80,5,51.9,6578930.793
5,80,5,52,6892213.212
5,80,5,52.1,6996640.684
5,80,5,52.2,7936487.941
5,80,5,52.3,8249770.359
5,80,5,52.4,6474503.32
5,80,5,52.5,6265648.374
5,80,5,52.6,6683358.266
5,80,5,52.7,7309923.103
5,80,5,52.8,6056793.428
5,80,5,52.9,5325801.118
5,80,5,53,6683358.266
5,80,5,53.1,6474503.32
5,80,5,53.2,5952365.955
5,80,5,53.3,6056793.428
5,80,5,53.4,7936487.941
5,80,5,53.5,7205495.63
5,80,5,53.6,8249770.359
5,80,5,53.7,6683358.266
5,80,5,53.8,6265648.374
5,80,5,53.9,5952365.955
5,80,5,54,7727632.995
5,80,5,54.1,6370075.847
5,80,5,54.2,6161220.901
5,80,5,54.3,4699236.281
5,80,5,54.4,5430228.591
5,80,5,54.5,6474503.32
5,80,5,54.6,6056793.428
5,80,5,54.7,5116946.172
5,80,5,54.8,5639083.537
5,80,5,54.9,6265648.374
5,80,5,55,5534656.064
5,80,5,55.1,5012518.699
5,80,5,55.2,5639083.537
5,80,5,55.3,6056793.428
5,80,5,55.4,5221373.645
5,80,5,55.5,7101068.157
5,80,5,55.6,5847938.483
5,80,5,55.7,5639083.537
5,80,5,55.8,6265648.374
5,80,5,55.9,5534656.064
5,80,5,56,6161220.901
5,80,5,56.1,5534656.064
5,80,5,56.2,5221373.645
5,80,5,56.3,3968243.97
5,80,5,56.4,5847938.483
5,80,5,56.5,3968243.97
5,80,5,56.6,5325801.118
5,80,5,56.7,5534656.064
5,80,5,56.8,4385953.862
5,80,5,56.9,4908091.226
5,80,5,57,4594808.808
5,80,5,57.1,5430228.591
5,80,5,57.2,4908091.226
5,80,5,57.3,6683358.266
5,80,5,57.4,4803663.754
5,80,5,57.5,5116946.172
5,80,5,57.6,4699236.281
5,80,5,57.7,5325801.118
5,80,5,57.8,5847938.483
5,80,5,57.9,5847938.483
5,80,5,58,4908091.226
5,80,5,58.1,10442747.29
5,80,5,58.2,5325801.118
5,80,5,58.3,4385953.862
5,80,5,58.4,4803663.754
5,80,5,58.5,5847938.483
5,80,5,58.6,4908091.226
5,80,5,58.7,5221373.645
5,80,5,58.8,4699236.281
5,80,5,58.9,4177098.916
5,80,5,59,5952365.955
5,80,5,59.1,6056793.428
5,80,5,59.2,5116946.172
5,80,5,59.3,3863816.497
5,80,5,59.4,5221373.645
5,80,5,59.5,14097708.84
5,80,5,59.6,4594808.808
5,80,5,59.7,5534656.064
5,80,5,59.8,4908091.226
5,80,5,59.9,5012518.699
5,80,5,60,4072671.443
5,80,5,60.1,5743511.01
5,80,5,60.2,5221373.645
5,80,5,60.3,3863816.497
5,80,5,60.4,5430228.591
5,80,5,60.5,4594808.808
5,80,5,60.6,5221373.645
5,80,5,60.7,4490381.335
5,80,5,60.8,2923969.241
5,80,5,60.9,3759389.025
5,80,5,61,3968243.97
5,80,5,61.1,3028396.714
5,80,5,61.2,3863816.497
5,80,5,61.3,3968243.97
5,80,5,61.4,5221373.645
5,80,5,61.5,4385953.862
5,80,5,61.6,3968243.97
5,80,5,61.7,4908091.226
5,80,5,61.8,5221373.645
5,80,5,61.9,4699236.281
5,80,5,62,4385953.862
5,80,5,62.1,4072671.443
5,80,5,62.2,3446106.606
5,80,5,62.3,3968243.97
5,80,5,62.4,4072671.443
5,80,5,62.5,2610686.823
5,80,5,62.6,4490381.335
5,80,5,62.7,3341679.133
5,80,5,62.8,3654961.552
5,80,5,62.9,2923969.241
5,80,5,63,3132824.187
5,80,5,63.1,4281526.389
5,80,5,63.2,3968243.97
5,80,5,63.3,3550534.079
5,80,5,63.4,2819541.768
5,80,5,63.5,3446106.606
5,80,5,63.6,4281526.389
5,80,5,63.7,3654961.552
5,80,5,63.8,3654961.552
5,80,5,63.9,4072671.443
5,80,5,64,2819541.768
5,80,5,64.1,4072671.443
5,80,5,64.2,4281526.389
5,80,5,64.3,2506259.35
5,80,5,64.4,3341679.133
5,80,5,64.5,3654961.552
5,80,5,64.6,5012518.699
5,80,5,64.7,3968243.97
5,80,5,64.8,4072671.443
5,80,5,64.9,3028396.714
5,80,5,65,4072671.443
5,80,5,65.1,3132824.187
5,80,5,65.2,3550534.079
5,80,5,65.3,3446106.606
5,80,5,65.4,3132824.187
5,80,5,65.5,2819541.768
5,80,5,65.6,2610686.823
5,80,5,65.7,2506259.35
5,80,5,65.8,3341679.133
5,80,5,65.9,3446106.606
5,80,5,66,3237251.66
5,80,5,66.1,3028396.714
5,80,5,66.2,4072671.443
5,80,5,66.3,2297404.404
5,80,5,66.4,3237251.66
5,80,5,66.5,2819541.768
5,80,5,66.6,3341679.133
5,80,5,66.7,3446106.606
5,80,5,66.8,2506259.35
5,80,5,66.9,2819541.768
5,80,5,67,2819541.768
5,80,5,67.1,2923969.241
5,80,5,67.2,2610686.823
5,80,5,67.3,3028396.714
5,80,5,67.4,4699236.281
5,80,5,67.5,2297404.404
5,80,5,67.6,3132824.187
5,80,5,67.7,2819541.768
5,80,5,67.8,3341679.133
5,80,5,67.9,2923969.241
5,80,5,68,3028396.714
5,80,5,68.1,3654961.552
5,80,5,68.2,3028396.714
5,80,5,68.3,2506259.35
5,80,5,68.4,2401831.877
5,80,5,68.5,3132824.187
5,80,5,68.6,3341679.133
5,80,5,68.7,3237251.66
5,80,5,68.8,2088549.458
5,80,5,68.9,2715114.295
5,80,5,69,3341679.133
5,80,5,69.1,3341679.133
5,80,5,69.2,2506259.35
5,80,5,69.3,3654961.552
5,80,5,69.4,3132824.187
5,80,5,69.5,2088549.458
5,80,5,69.6,3759389.025
5,80,5,69.7,2506259.35
5,80,5,69.8,1566412.094
5,80,5,69.9,1566412.094
5,80,5,70,2715114.295
5,80,5,70.1,2923969.241
5,80,5,70.2,2401831.877
5,80,5,70.3,2088549.458
5,80,5,70.4,2192976.931
5,80,5,70.5,3132824.187
5,80,5,70.6,2297404.404
5,80,5,70.7,3237251.66
5,80,5,70.8,2192976.931
5,80,5,70.9,2819541.768
5,80,5,71,2506259.35
5,80,5,71.1,1775267.039
5,80,5,71.2,2401831.877
5,80,5,71.3,2715114.295
5,80,5,71.4,2401831.877
5,80,5,71.5,1775267.039
5,80,5,71.6,1879694.512
5,80,5,71.7,2506259.35
5,80,5,71.8,2506259.35
5,80,5,71.9,2401831.877
5,80,5,72,1566412.094
5,80,5,72.1,2088549.458
5,80,5,72.2,2192976.931
5,80,5,72.3,2715114.295
5,80,5,72.4,2297404.404
5,80,5,72.5,1984121.985
5,80,5,72.6,1879694.512
5,80,5,72.7,2088549.458
5,80,5,72.8,2192976.931
5,80,5,72.9,1670839.566
5,80,5,73,2192976.931
5,80,5,73.1,2192976.931
5,80,5,73.2,1566412.094
5,80,5,73.3,1461984.621
5,80,5,73.4,1148702.202
5,80,5,73.5,1253129.675
5,80,5,73.6,1148702.202
5,80,5,73.7,1879694.512
5,80,5,73.8,1879694.512
5,80,5,73.9,1357557.148
5,80,5,74,939847.2561
5,80,5,74.1,1357557.148
5,80,5,74.2,2192976.931
5,80,5,74.3,1461984.621
5,80,5,74.4,1984121.985
5,80,5,74.5,835419.7832
5,80,5,74.6,1148702.202
5,80,5,74.7,1984121.985
5,80,5,74.8,1566412.094
5,80,5,74.9,1044274.729
5,80,5,75,1566412.094
5,80,5,75.1,1044274.729
5,80,5,75.2,1044274.729
5,80,5,75.3,1879694.512
5,80,5,75.4,1670839.566
5,80,5,75.5,1253129.675
5,80,5,75.6,1357557.148
5,80,5,75.7,730992.3103
5,80,5,75.8,1879694.512
5,80,5,75.9,1044274.729
5,80,5,76,730992.3103
5,80,5,76.1,1148702.202
5,80,5,76.2,939847.2561
5,80,5,76.3,1566412.094
5,80,5,76.4,626564.8374
5,80,5,76.5,1357557.148
5,80,5,76.6,1461984.621
5,80,5,76.7,1566412.094
5,80,5,76.8,208854.9458
5,80,5,76.9,730992.3103
5,80,5,77,1044274.729
5,80,5,77.1,626564.8374
5,80,5,77.2,417709.8916
5,80,5,77.3,1461984.621
5,80,5,77.4,1357557.148
5,80,5,77.5,939847.2561
5,80,5,77.6,208854.9458
5,80,5,77.7,835419.7832
5,80,5,77.8,208854.9458
5,80,5,77.9,104427.4729
5,80,5,78,522137.3645
5,80,5,78.1,730992.3103
5,80,5,78.2,626564.8374
5,80,5,78.3,313282.4187
5,80,5,78.4,522137.3645
5,80,5,78.5,626564.8374
5,80,5,78.6,522137.3645
5,80,5,78.7,730992.3103
5,80,5,78.8,626564.8374
5,80,5,78.9,730992.3103
5,80,5,79,522137.3645
5,80,5,79.1,417709.8916
5,80,5,79.2,104427.4729
5,80,5,79.3,626564.8374
5,80,5,79.4,208854.9458
5,80,5,79.5,313282.4187
5,80,5,79.6,313282.4187
5,80,5,79.7,417709.8916
5,80,5,79.8,104427.4729
5,80,5,79.9,208854.9458
5,150,5,2.9,208854.9458
5,150,5,3.2,208854.9458
5,150,5,3.4,417709.8916
5,150,5,3.5,417709.8916
5,150,5,3.6,835419.7832
5,150,5,3.7,1253129.675
5,150,5,3.8,1461984.621
5,150,5,3.9,1670839.566
5,150,5,4,1670839.566
5,150,5,4.1,2088549.458
5,150,5,4.2,2715114.295
5,150,5,4.3,3759389.025
5,150,5,4.4,5639083.537
5,150,5,4.5,3550534.079
5,150,5,4.6,3968243.97
5,150,5,4.7,8145342.886
5,150,5,4.8,7727632.995
5,150,5,4.9,9189617.615
5,150,5,5,9816182.453
5,150,5,5.1,11695876.97
5,150,5,5.2,15664120.94
5,150,5,5.3,11069312.13
5,150,5,5.4,16708395.66
5,150,5,5.5,11487022.02
5,150,5,5.6,18379235.23
5,150,5,5.7,20467784.69
5,150,5,5.8,21512059.42
5,150,5,5.9,21720914.36
5,150,5,6,25898013.28
5,150,5,6.1,28404272.63
5,150,5,6.2,31537096.82
5,150,5,6.3,28821982.52
5,150,5,6.4,29657402.3
5,150,5,6.5,30283967.14
5,150,5,6.6,34043356.17
5,150,5,6.7,36131905.62
5,150,5,6.8,32999081.44
5,150,5,6.9,37385035.3
5,150,5,7,42815263.89
5,150,5,7.1,43024118.84
5,150,5,7.2,46574652.91
5,150,5,7.3,48663202.37
5,150,5,7.4,181077238
5,150,5,7.5,49498622.16
5,150,5,7.6,51378316.67
5,150,5,7.7,53049156.23
5,150,5,7.8,45530378.19
5,150,5,7.9,46365797.97
5,150,5,8,53466866.13
5,150,5,8.1,55137705.69
5,150,5,8.2,60567934.28
5,150,5,8.3,408311419.1
5,150,5,8.4,3190885862
5,150,5,8.5,57852819.99
5,150,5,8.6,58479384.83
5,150,5,8.7,64953888.15
5,150,5,8.8,104218618
5,150,5,8.9,59105949.66
5,150,5,9,57435110.1
5,150,5,9.1,60985644.18
5,150,5,9.2,62656483.74
5,150,5,9.3,68713277.17
5,150,5,9.4,66624727.71
5,150,5,9.5,222639372.2
5,150,5,9.6,125104112.5
5,150,5,9.7,1970128704
5,150,5,9.8,262948376.8
5,150,5,9.9,154761514.8
5,150,5,10,888677794.4
5,150,5,10.1,74770070.6
5,150,5,10.2,78529459.62
5,150,5,10.3,42815263.89
5,150,5,10.4,41144424.32
5,150,5,10.5,40517859.49
5,150,5,10.6,40517859.49
5,150,5,10.7,41562134.22
5,150,5,10.8,40726714.43
5,150,5,10.9,42815263.89
5,150,5,11,50542896.89
5,150,5,11.1,42188699.05
5,150,5,11.2,43441828.73
5,150,5,11.3,316832952.8
5,150,5,11.4,40100149.59
5,150,5,11.5,43441828.73
5,150,5,11.6,63283048.58
5,150,5,11.7,67877857.39
5,150,5,11.8,34043356.17
5,150,5,11.9,35087630.9
5,150,5,12,41562134.22
5,150,5,12.1,33416791.33
5,150,5,12.2,31119386.93
5,150,5,12.3,35923050.68
5,150,5,12.4,33207936.38
5,150,5,12.5,35505340.79
5,150,5,12.6,30075112.2
5,150,5,12.7,35087630.9
5,150,5,12.8,36340760.57
5,150,5,12.9,36967325.41
5,150,5,13,38847019.92
5,150,5,13.1,34461066.06
5,150,5,13.2,36549615.52
5,150,5,13.3,34252211.11
5,150,5,13.4,42815263.89
5,150,5,13.5,31745951.76
5,150,5,13.6,36758470.46
5,150,5,13.7,38847019.92
5,150,5,13.8,35923050.68
5,150,5,13.9,38847019.92
5,150,5,14,37385035.3
5,150,5,14.1,38220455.08
5,150,5,14.2,35296485.84
5,150,5,14.3,39055874.87
5,150,5,14.4,33625646.27
5,150,5,14.5,39682439.7
5,150,5,14.6,40309004.54
5,150,5,14.7,34878775.95
5,150,5,14.8,35296485.84
5,150,5,14.9,38220455.08
5,150,5,15,40309004.54
5,150,5,15.1,39682439.7
5,150,5,15.2,38220455.08
5,150,5,15.3,44277248.51
5,150,5,15.4,40935569.38
5,150,5,15.5,38847019.92
5,150,5,15.6,43232973.78
5,150,5,15.7,42606408.94
5,150,5,15.8,33625646.27
5,150,5,15.9,38429310.03
5,150,5,16,41562134.22
5,150,5,16.1,40517859.49
5,150,5,16.2,43441828.73
5,150,5,16.3,37593890.25
5,150,5,16.4,43650683.67
5,150,5,16.5,36758470.46
5,150,5,16.6,42815263.89
5,150,5,16.7,43024118.84
5,150,5,16.8,45530378.19
5,150,5,16.9,40309004.54
5,150,5,17,44903813.35
5,150,5,17.1,37802745.19
5,150,5,17.2,40726714.43
5,150,5,17.3,47410072.7
5,150,5,17.4,36131905.62
5,150,5,17.5,39891294.65
5,150,5,17.6,39473584.76
5,150,5,17.7,39473584.76
5,150,5,17.8,41144424.32
5,150,5,17.9,40935569.38
5,150,5,18,43024118.84
5,150,5,18.1,39055874.87
5,150,5,18.2,36340760.57
5,150,5,18.3,40517859.49
5,150,5,18.4,34043356.17
5,150,5,18.5,40935569.38
5,150,5,18.6,41770989.16
5,150,5,18.7,39682439.7
5,150,5,18.8,39682439.7
5,150,5,18.9,42815263.89
5,150,5,19,39891294.65
5,150,5,19.1,38429310.03
5,150,5,19.2,43859538.62
5,150,5,19.3,38011600.14
5,150,5,19.4,45739233.13
5,150,5,19.5,35505340.79
5,150,5,19.6,40309004.54
5,150,5,19.7,43859538.62
5,150,5,19.8,40935569.38
5,150,5,19.9,43441828.73
5,150,5,20,35714195.73
5,150,5,20.1,39473584.76
5,150,5,20.2,41979844.11
5,150,5,20.3,40726714.43
5,150,5,20.4,33207936.38
5,150,5,20.5,44068393.57
5,150,5,20.6,39264729.81
5,150,5,20.7,37176180.35
5,150,5,20.8,41562134.22
5,150,5,20.9,38847019.92
5,150,5,21,43024118.84
5,150,5,21.1,38847019.92
5,150,5,21.2,38429310.03
5,150,5,21.3,39891294.65
5,150,5,21.4,41562134.22
5,150,5,21.5,35923050.68
5,150,5,21.6,39055874.87
5,150,5,21.7,42606408.94
5,150,5,21.8,42188699.05
5,150,5,21.9,37802745.19
5,150,5,22,41979844.11
5,150,5,22.1,37385035.3
5,150,5,22.2,39891294.65
5,150,5,22.3,40100149.59
5,150,5,22.4,34461066.06
5,150,5,22.5,32999081.44
5,150,5,22.6,37593890.25
5,150,5,22.7,35923050.68
5,150,5,22.8,32999081.44
5,150,5,22.9,35087630.9
5,150,5,23,36758470.46
5,150,5,23.1,35714195.73
5,150,5,23.2,36758470.46
5,150,5,23.3,32581371.55
5,150,5,23.4,35505340.79
5,150,5,23.5,34043356.17
5,150,5,23.6,34461066.06
5,150,5,23.7,30075112.2
5,150,5,23.8,37593890.25
5,150,5,23.9,35714195.73
5,150,5,24,37385035.3
5,150,5,24.1,34252211.11
5,150,5,24.2,34669921
5,150,5,24.3,34043356.17
5,150,5,24.4,30492822.09
5,150,5,24.5,35505340.79
5,150,5,24.6,36549615.52
5,150,5,24.7,33834501.22
5,150,5,24.8,36340760.57
5,150,5,24.9,34878775.95
5,150,5,25,30701677.03
5,150,5,25.1,33207936.38
5,150,5,25.2,35505340.79
5,150,5,25.3,41770989.16
5,150,5,25.4,29448547.36
5,150,5,25.5,34252211.11
5,150,5,25.6,30910531.98
5,150,5,25.7,35505340.79
5,150,5,25.8,35714195.73
5,150,5,25.9,34461066.06
5,150,5,26,32163661.65
5,150,5,26.1,32372516.6
5,150,5,26.2,34669921
5,150,5,26.3,34461066.06
5,150,5,26.4,32581371.55
5,150,5,26.5,31537096.82
5,150,5,26.6,34252211.11
5,150,5,26.7,28404272.63
5,150,5,26.8,31954806.71
5,150,5,26.9,30492822.09
5,150,5,27,36131905.62
5,150,5,27.1,37802745.19
5,150,5,27.2,31954806.71
5,150,5,27.3,28195417.68
5,150,5,27.4,36549615.52
5,150,5,27.5,35714195.73
5,150,5,27.6,33834501.22
5,150,5,27.7,34043356.17
5,150,5,27.8,29448547.36
5,150,5,27.9,31537096.82
5,150,5,28,31537096.82
5,150,5,28.1,31954806.71
5,150,5,28.2,32163661.65
5,150,5,28.3,28821982.52
5,150,5,28.4,34669921
5,150,5,28.5,30075112.2
5,150,5,28.6,27986562.74
5,150,5,28.7,34669921
5,150,5,28.8,28821982.52
5,150,5,28.9,29866257.25
5,150,5,29,26942288.01
5,150,5,29.1,31954806.71
5,150,5,29.2,35087630.9
5,150,5,29.3,32581371.55
5,150,5,29.4,28821982.52
5,150,5,29.5,31119386.93
5,150,5,29.6,31954806.71
5,150,5,29.7,25689158.33
5,150,5,29.8,30492822.09
5,150,5,29.9,33207936.38
5,150,5,30,33834501.22
5,150,5,30.1,29239692.41
5,150,5,30.2,26106868.23
5,150,5,30.3,27151142.95
5,150,5,30.4,27986562.74
5,150,5,30.5,27986562.74
5,150,5,30.6,25689158.33
5,150,5,30.7,32790226.49
5,150,5,30.8,29030837.47
5,150,5,30.9,32581371.55
5,150,5,31,30910531.98
5,150,5,31.1,31119386.93
5,150,5,31.2,27359997.9
5,150,5,31.3,32999081.44
5,150,5,31.4,27359997.9
5,150,5,31.5,32581371.55
5,150,5,31.6,29239692.41
5,150,5,31.7,27568852.85
5,150,5,31.8,31537096.82
5,150,5,31.9,29866257.25
5,150,5,32,29239692.41
5,150,5,32.1,28195417.68
5,150,5,32.2,27986562.74
5,150,5,32.3,29239692.41
5,150,5,32.4,29448547.36
5,150,5,32.5,28821982.52
5,150,5,32.6,20467784.69
5,150,5,32.7,28195417.68
5,150,5,32.8,24853738.55
5,150,5,32.9,26942288.01
5,150,5,33,26315723.17
5,150,5,33.1,27777707.79
5,150,5,33.2,26733433.06
5,150,5,33.3,27359997.9
5,150,5,33.4,26315723.17
5,150,5,33.5,25062593.5
5,150,5,33.6,26315723.17
5,150,5,33.7,28195417.68
5,150,5,33.8,25689158.33
5,150,5,33.9,24436028.66
5,150,5,34,25898013.28
5,150,5,34.1,28404272.63
5,150,5,34.2,26733433.06
5,150,5,34.3,25062593.5
5,150,5,34.4,25480303.39
5,150,5,34.5,26942288.01
5,150,5,34.6,27777707.79
5,150,5,34.7,22347479.2
5,150,5,34.8,26733433.06
5,150,5,34.9,26942288.01
5,150,5,35,22765189.09
5,150,5,35.1,22765189.09
5,150,5,35.2,27568852.85
5,150,5,35.3,23809463.82
5,150,5,35.4,26524578.12
5,150,5,35.5,24436028.66
5,150,5,35.6,27777707.79
5,150,5,35.7,26106868.23
5,150,5,35.8,25480303.39
5,150,5,35.9,23182898.98
5,150,5,36,26733433.06
5,150,5,36.1,22974044.04
5,150,5,36.2,24436028.66
5,150,5,36.3,22974044.04
5,150,5,36.4,22556334.15
5,150,5,36.5,23182898.98
5,150,5,36.6,23182898.98
5,150,5,36.7,21720914.36
5,150,5,36.8,23391753.93
5,150,5,36.9,19423509.96
5,150,5,37,17961525.34
5,150,5,37.1,24644883.61
5,150,5,37.2,24436028.66
5,150,5,37.3,25480303.39
5,150,5,37.4,26106868.23
5,150,5,37.5,22765189.09
5,150,5,37.6,23809463.82
5,150,5,37.7,22974044.04
5,150,5,37.8,24227173.71
5,150,5,37.9,24853738.55
5,150,5,38,23391753.93
5,150,5,38.1,23809463.82
5,150,5,38.2,24018318.77
5,150,5,38.3,22138624.26
5,150,5,38.4,18379235.23
5,150,5,38.5,19423509.96
5,150,5,38.6,25062593.5
5,150,5,38.7,22138624.26
5,150,5,38.8,24018318.77
5,150,5,38.9,20676639.63
5,150,5,39,20467784.69
5,150,5,39.1,21512059.42
5,150,5,39.2,20885494.58
5,150,5,39.3,22138624.26
5,150,5,39.4,23809463.82
5,150,5,39.5,22347479.2
5,150,5,39.6,23600608.88
5,150,5,39.7,19214655.01
5,150,5,39.8,22138624.26
5,150,5,39.9,21512059.42
5,150,5,40,26315723.17
5,150,5,40.1,20050074.8
5,150,5,40.2,19423509.96
5,150,5,40.3,19214655.01
5,150,5,40.4,20258929.74
5,150,5,40.5,19423509.96
5,150,5,40.6,22556334.15
5,150,5,40.7,21094349.53
5,150,5,40.8,19005800.07
5,150,5,40.9,20885494.58
5,150,5,41,20258929.74
5,150,5,41.1,22347479.2
5,150,5,41.2,23391753.93
5,150,5,41.3,25271448.44
5,150,5,41.4,19632364.91
5,150,5,41.5,24853738.55
5,150,5,41.6,20258929.74
5,150,5,41.7,19423509.96
5,150,5,41.8,22765189.09
5,150,5,41.9,21094349.53
5,150,5,42,20050074.8
5,150,5,42.1,19005800.07
5,150,5,42.2,20676639.63
5,150,5,42.3,18170380.29
5,150,5,42.4,21929769.31
5,150,5,42.5,20676639.63
5,150,5,42.6,16917250.61
5,150,5,42.7,21720914.36
5,150,5,42.8,21512059.42
5,150,5,42.9,18379235.23
5,150,5,43,22974044.04
5,150,5,43.1,19632364.91
5,150,5,43.2,20050074.8
5,150,5,43.3,18170380.29
5,150,5,43.4,18379235.23
5,150,5,43.5,17334960.5
5,150,5,43.6,19841219.85
5,150,5,43.7,18588090.18
5,150,5,43.8,17334960.5
5,150,5,43.9,17961525.34
5,150,5,44,18796945.12
5,150,5,44.1,17334960.5
5,150,5,44.2,21929769.31
5,150,5,44.3,16708395.66
5,150,5,44.4,18796945.12
5,150,5,44.5,14202136.31
5,150,5,44.6,19841219.85
5,150,5,44.7,17752670.39
5,150,5,44.8,19214655.01
5,150,5,44.9,19214655.01
5,150,5,45,19005800.07
5,150,5,45.1,15664120.94
5,150,5,45.2,20050074.8
5,150,5,45.3,17126105.56
5,150,5,45.4,21303204.47
5,150,5,45.5,15664120.94
5,150,5,45.6,19423509.96
5,150,5,45.7,17961525.34
5,150,5,45.8,18379235.23
5,150,5,45.9,17752670.39
5,150,5,46,12740151.69
5,150,5,46.1,18170380.29
5,150,5,46.2,18796945.12
5,150,5,46.3,19423509.96
5,150,5,46.4,19005800.07
5,150,5,46.5,19841219.85
5,150,5,46.6,15455265.99
5,150,5,46.7,18379235.23
5,150,5,46.8,19841219.85
5,150,5,46.9,17126105.56
5,150,5,47,19214655.01
5,150,5,47.1,17752670.39
5,150,5,47.2,17126105.56
5,150,5,47.3,18379235.23
5,150,5,47.4,19005800.07
5,150,5,47.5,16081830.83
5,150,5,47.6,18796945.12
5,150,5,47.7,17752670.39
5,150,5,47.8,14410991.26
5,150,5,47.9,17961525.34
5,150,5,48,15872975.88
5,150,5,48.1,16917250.61
5,150,5,48.2,21094349.53
5,150,5,48.3,17961525.34
5,150,5,48.4,16499540.72
5,150,5,48.5,12531296.75
5,150,5,48.6,16499540.72
5,150,5,48.7,15872975.88
5,150,5,48.8,17961525.34
5,150,5,48.9,19632364.91
5,150,5,49,16290685.77
5,150,5,49.1,16499540.72
5,150,5,49.2,16081830.83
5,150,5,49.3,17543815.45
5,150,5,49.4,17752670.39
5,150,5,49.5,17543815.45
5,150,5,49.6,14410991.26
5,150,5,49.7,16708395.66
5,150,5,49.8,16081830.83
5,150,5,49.9,15037556.1
5,150,5,50,15455265.99
5,150,5,50.1,15246411.04
5,150,5,50.2,16081830.83
5,150,5,50.3,13157861.59
5,150,5,50.4,18170380.29
5,150,5,50.5,15872975.88
5,150,5,50.6,15872975.88
5,150,5,50.7,16708395.66
5,150,5,50.8,16081830.83
5,150,5,50.9,13157861.59
5,150,5,51,16708395.66
5,150,5,51.1,19423509.96
5,150,5,51.2,14619846.21
5,150,5,51.3,16081830.83
5,150,5,51.4,15246411.04
5,150,5,51.5,16917250.61
5,150,5,51.6,17334960.5
5,150,5,51.7,17126105.56
5,150,5,51.8,16499540.72
5,150,5,51.9,15664120.94
5,150,5,52,15246411.04
5,150,5,52.1,17543815.45
5,150,5,52.2,18379235.23
5,150,5,52.3,15037556.1
5,150,5,52.4,11904731.91
5,150,5,52.5,13157861.59
5,150,5,52.6,13784426.42
5,150,5,52.7,13366716.53
5,150,5,52.8,16917250.61
5,150,5,52.9,14828701.15
5,150,5,53,16499540.72
5,150,5,53.1,14619846.21
5,150,5,53.2,16081830.83
5,150,5,53.3,12949006.64
5,150,5,53.4,14619846.21
5,150,5,53.5,14828701.15
5,150,5,53.6,11695876.97
5,150,5,53.7,17961525.34
5,150,5,53.8,12531296.75
5,150,5,53.9,17334960.5
5,150,5,54,13575571.48
5,150,5,54.1,12531296.75
5,150,5,54.2,14619846.21
5,150,5,54.3,12322441.8
5,150,5,54.4,15664120.94
5,150,5,54.5,12740151.69
5,150,5,54.6,13575571.48
5,150,5,54.7,16499540.72
5,150,5,54.8,13366716.53
5,150,5,54.9,17752670.39
5,150,5,55,13784426.42
5,150,5,55.1,16290685.77
5,150,5,55.2,16499540.72
5,150,5,55.3,15037556.1
5,150,5,55.4,12322441.8
5,150,5,55.5,12113586.86
5,150,5,55.6,15664120.94
5,150,5,55.7,13784426.42
5,150,5,55.8,13366716.53
5,150,5,55.9,13993281.37
5,150,5,56,14202136.31
5,150,5,56.1,12740151.69
5,150,5,56.2,10025037.4
5,150,5,56.3,10442747.29
5,150,5,56.4,13366716.53
5,150,5,56.5,13784426.42
5,150,5,56.6,13575571.48
5,150,5,56.7,14410991.26
5,150,5,56.8,17752670.39
5,150,5,56.9,15037556.1
5,150,5,57,14202136.31
5,150,5,57.1,13575571.48
5,150,5,57.2,12740151.69
5,150,5,57.3,16081830.83
5,150,5,57.4,11278167.07
5,150,5,57.5,12113586.86
5,150,5,57.6,12113586.86
5,150,5,57.7,13993281.37
5,150,5,57.8,14202136.31
5,150,5,57.9,13575571.48
5,150,5,58,12322441.8
5,150,5,58.1,143065637.9
5,150,5,58.2,13993281.37
5,150,5,58.3,13784426.42
5,150,5,58.4,16917250.61
5,150,5,58.5,11487022.02
5,150,5,58.6,15872975.88
5,150,5,58.7,11487022.02
5,150,5,58.8,14619846.21
5,150,5,58.9,15664120.94
5,150,5,59,15246411.04
5,150,5,59.1,16708395.66
5,150,5,59.2,14202136.31
5,150,5,59.3,9816182.453
5,150,5,59.4,10025037.4
5,150,5,59.5,236214943.7
5,150,5,59.6,11904731.91
5,150,5,59.7,11695876.97
5,150,5,59.8,13993281.37
5,150,5,59.9,13366716.53
5,150,5,60,15037556.1
5,150,5,60.1,9816182.453
5,150,5,60.2,12949006.64
5,150,5,60.3,11487022.02
5,150,5,60.4,11487022.02
5,150,5,60.5,12322441.8
5,150,5,60.6,14828701.15
5,150,5,60.7,14619846.21
5,150,5,60.8,13366716.53
5,150,5,60.9,11695876.97
5,150,5,61,10860457.18
5,150,5,61.1,11904731.91
5,150,5,61.2,12531296.75
5,150,5,61.3,8771907.724
5,150,5,61.4,10860457.18
5,150,5,61.5,11695876.97
5,150,5,61.6,14828701.15
5,150,5,61.7,12113586.86
5,150,5,61.8,13575571.48
5,150,5,61.9,10860457.18
5,150,5,62,9816182.453
5,150,5,62.1,14410991.26
5,150,5,62.2,13366716.53
5,150,5,62.3,13575571.48
5,150,5,62.4,12322441.8
5,150,5,62.5,11487022.02
5,150,5,62.6,12322441.8
5,150,5,62.7,12949006.64
5,150,5,62.8,15246411.04
5,150,5,62.9,6683358.266
5,150,5,63,11904731.91
5,150,5,63.1,11069312.13
5,150,5,63.2,8980762.67
5,150,5,63.3,11487022.02
5,150,5,63.4,10651602.24
5,150,5,63.5,10442747.29
5,150,5,63.6,12531296.75
5,150,5,63.7,12949006.64
5,150,5,63.8,13784426.42
5,150,5,63.9,11487022.02
5,150,5,64,9816182.453
5,150,5,64.1,10442747.29
5,150,5,64.2,11904731.91
5,150,5,64.3,11904731.91
5,150,5,64.4,12113586.86
5,150,5,64.5,13157861.59
5,150,5,64.6,11069312.13
5,150,5,64.7,12949006.64
5,150,5,64.8,12740151.69
5,150,5,64.9,12113586.86
5,150,5,65,10025037.4
5,150,5,65.1,10233892.34
5,150,5,65.2,12949006.64
5,150,5,65.3,11695876.97
5,150,5,65.4,9816182.453
5,150,5,65.5,9607327.507
5,150,5,65.6,11487022.02
5,150,5,65.7,13575571.48
5,150,5,65.8,9189617.615
5,150,5,65.9,9189617.615
5,150,5,66,11487022.02
5,150,5,66.1,9398472.561
5,150,5,66.2,10651602.24
5,150,5,66.3,11904731.91
5,150,5,66.4,9816182.453
5,150,5,66.5,8563052.778
5,150,5,66.6,11487022.02
5,150,5,66.7,10651602.24
5,150,5,66.8,11487022.02
5,150,5,66.9,11695876.97
5,150,5,67,11695876.97
5,150,5,67.1,34878775.95
5,150,5,67.2,12322441.8
5,150,5,67.3,11487022.02
5,150,5,67.4,54719995.8
5,150,5,67.5,8563052.778
5,150,5,67.6,8980762.67
5,150,5,67.7,9398472.561
5,150,5,67.8,11069312.13
5,150,5,67.9,10025037.4
5,150,5,68,11278167.07
5,150,5,68.1,10442747.29
5,150,5,68.2,9189617.615
5,150,5,68.3,11069312.13
5,150,5,68.4,9189617.615
5,150,5,68.5,11278167.07
5,150,5,68.6,8980762.67
5,150,5,68.7,9398472.561
5,150,5,68.8,12531296.75
5,150,5,68.9,10025037.4
5,150,5,69,10651602.24
5,150,5,69.1,10233892.34
5,150,5,69.2,19005800.07
5,150,5,69.3,20050074.8
5,150,5,69.4,8145342.886
5,150,5,69.5,10025037.4
5,150,5,69.6,10025037.4
5,150,5,69.7,10860457.18
5,150,5,69.8,8771907.724
5,150,5,69.9,10860457.18
5,150,5,70,10860457.18
5,150,5,70.1,10442747.29
5,150,5,70.2,8145342.886
5,150,5,70.3,9398472.561
5,150,5,70.4,10233892.34
5,150,5,70.5,7101068.157
5,150,5,70.6,11904731.91
5,150,5,70.7,11695876.97
5,150,5,70.8,9189617.615
5,150,5,70.9,10442747.29
5,150,5,71,7518778.049
5,150,5,71.1,8771907.724
5,150,5,71.2,9607327.507
5,150,5,71.3,7518778.049
5,150,5,71.4,9398472.561
5,150,5,71.5,10651602.24
5,150,5,71.6,8980762.67
5,150,5,71.7,7518778.049
5,150,5,71.8,8145342.886
5,150,5,71.9,10233892.34
5,150,5,72,9607327.507
5,150,5,72.1,9607327.507
5,150,5,72.2,8145342.886
5,150,5,72.3,7309923.103
5,150,5,72.4,8980762.67
5,150,5,72.5,10025037.4
5,150,5,72.6,6683358.266
5,150,5,72.7,8354197.832
5,150,5,72.8,8771907.724
5,150,5,72.9,10025037.4
5,150,5,73,9607327.507
5,150,5,73.1,7101068.157
5,150,5,73.2,8980762.67
5,150,5,73.3,9398472.561
5,150,5,73.4,7518778.049
5,150,5,73.5,8771907.724
5,150,5,73.6,10233892.34
5,150,5,73.7,8145342.886
5,150,5,73.8,8980762.67
5,150,5,73.9,9607327.507
5,150,5,74,7309923.103
5,150,5,74.1,7101068.157
5,150,5,74.2,8980762.67
5,150,5,74.3,9607327.507
5,150,5,74.4,7518778.049
5,150,5,74.5,8563052.778
5,150,5,74.6,8980762.67
5,150,5,74.7,11278167.07
5,150,5,74.8,8145342.886
5,150,5,74.9,8980762.67
5,150,5,75,7309923.103
5,150,5,75.1,7727632.995
5,150,5,75.2,7101068.157
5,150,5,75.3,7727632.995
5,150,5,75.4,7936487.941
5,150,5,75.5,7518778.049
5,150,5,75.6,6892213.212
5,150,5,75.7,7309923.103
5,150,5,75.8,7309923.103
5,150,5,75.9,8563052.778
5,150,5,76,9398472.561
5,150,5,76.1,8354197.832
5,150,5,76.2,7309923.103
5,150,5,76.3,10025037.4
5,150,5,76.4,6265648.374
5,150,5,76.5,8563052.778
5,150,5,76.6,7518778.049
5,150,5,76.7,6892213.212
5,150,5,76.8,9607327.507
5,150,5,76.9,8563052.778
5,150,5,77,8980762.67
5,150,5,77.1,7309923.103
5,150,5,77.2,7936487.941
5,150,5,77.3,8563052.778
5,150,5,77.4,7309923.103
5,150,5,77.5,7727632.995
5,150,5,77.6,9607327.507
5,150,5,77.7,8145342.886
5,150,5,77.8,7309923.103
5,150,5,77.9,9398472.561
5,150,5,78,7309923.103
5,150,5,78.1,9816182.453
5,150,5,78.2,8771907.724
5,150,5,78.3,10442747.29
5,150,5,78.4,8145342.886
5,150,5,78.5,8771907.724
5,150,5,78.6,6474503.32
5,150,5,78.7,9189617.615
5,150,5,78.8,10860457.18
5,150,5,78.9,8145342.886
5,150,5,79,8563052.778
5,150,5,79.1,7518778.049
5,150,5,79.2,6265648.374
5,150,5,79.3,7309923.103
5,150,5,79.4,8980762.67
5,150,5,79.5,4177098.916
5,150,5,79.6,7727632.995
5,150,5,79.7,10025037.4
5,150,5,79.8,6683358.266
5,150,5,79.9,6683358.266
5,150,5,80,7309923.103
5,150,5,80.1,8354197.832
5,150,5,80.2,7727632.995
5,150,5,80.3,6265648.374
5,150,5,80.4,6683358.266
5,150,5,80.5,7936487.941
5,150,5,80.6,6474503.32
5,150,5,80.7,6892213.212
5,150,5,80.8,7936487.941
5,150,5,80.9,5639083.537
5,150,5,81,7309923.103
5,150,5,81.1,8354197.832
5,150,5,81.2,8771907.724
5,150,5,81.3,5639083.537
5,150,5,81.4,5639083.537
5,150,5,81.5,7518778.049
5,150,5,81.6,8771907.724
5,150,5,81.7,5012518.699
5,150,5,81.8,7309923.103
5,150,5,81.9,6892213.212
5,150,5,82,6474503.32
5,150,5,82.1,7936487.941
5,150,5,82.2,6265648.374
5,150,5,82.3,6265648.374
5,150,5,82.4,6474503.32
5,150,5,82.5,6474503.32
5,150,5,82.6,7309923.103
5,150,5,82.7,6056793.428
5,150,5,82.8,7518778.049
5,150,5,82.9,6265648.374
5,150,5,83,5847938.483
5,150,5,83.1,5430228.591
5,150,5,83.2,8354197.832
5,150,5,83.3,10651602.24
5,150,5,83.4,8771907.724
5,150,5,83.5,7727632.995
5,150,5,83.6,10651602.24
5,150,5,83.7,5847938.483
5,150,5,83.8,5847938.483
5,150,5,83.9,6265648.374
5,150,5,84,5847938.483
5,150,5,84.1,6683358.266
5,150,5,84.2,6892213.212
5,150,5,84.3,6056793.428
5,150,5,84.4,5012518.699
5,150,5,84.5,7101068.157
5,150,5,84.6,8145342.886
5,150,5,84.7,5430228.591
5,150,5,84.8,8771907.724
5,150,5,84.9,6683358.266
5,150,5,85,6056793.428
5,150,5,85.1,8145342.886
5,150,5,85.2,7518778.049
5,150,5,85.3,8563052.778
5,150,5,85.4,7936487.941
5,150,5,85.5,5430228.591
5,150,5,85.6,6265648.374
5,150,5,85.7,5847938.483
5,150,5,85.8,5430228.591
5,150,5,85.9,5639083.537
5,150,5,86,6683358.266
5,150,5,86.1,7727632.995
5,150,5,86.2,7936487.941
5,150,5,86.3,7727632.995
5,150,5,86.4,7936487.941
5,150,5,86.5,8145342.886
5,150,5,86.6,8354197.832
5,150,5,86.7,7518778.049
5,150,5,86.8,5221373.645
5,150,5,86.9,5847938.483
5,150,5,87,8980762.67
5,150,5,87.1,5847938.483
5,150,5,87.2,6892213.212
5,150,5,87.3,4803663.754
5,150,5,87.4,7518778.049
5,150,5,87.5,7727632.995
5,150,5,87.6,6056793.428
5,150,5,87.7,7518778.049
5,150,5,87.8,4594808.808
5,150,5,87.9,6892213.212
5,150,5,88,6474503.32
5,150,5,88.1,7518778.049
5,150,5,88.2,6892213.212
5,150,5,88.3,6892213.212
5,150,5,88.4,7309923.103
5,150,5,88.5,7936487.941
5,150,5,88.6,4594808.808
5,150,5,88.7,7309923.103
5,150,5,88.8,6056793.428
5,150,5,88.9,5221373.645
5,150,5,89,5639083.537
5,150,5,89.1,4803663.754
5,150,5,89.2,6892213.212
5,150,5,89.3,6265648.374
5,150,5,89.4,4177098.916
5,150,5,89.5,7936487.941
5,150,5,89.6,6056793.428
5,150,5,89.7,5012518.699
5,150,5,89.8,7309923.103
5,150,5,89.9,9189617.615
5,150,5,90,6683358.266
5,150,5,90.1,5430228.591
5,150,5,90.2,5221373.645
5,150,5,90.3,5639083.537
5,150,5,90.4,7309923.103
5,150,5,90.5,5639083.537
5,150,5,90.6,6474503.32
5,150,5,90.7,8563052.778
5,150,5,90.8,7101068.157
5,150,5,90.9,5221373.645
5,150,5,91,7727632.995
5,150,5,91.1,5847938.483
5,150,5,91.2,6474503.32
5,150,5,91.3,8145342.886
5,150,5,91.4,6056793.428
5,150,5,91.5,6265648.374
5,150,5,91.6,4385953.862
5,150,5,91.7,5430228.591
5,150,5,91.8,4385953.862
5,150,5,91.9,5639083.537
5,150,5,92,3968243.97
5,150,5,92.1,7727632.995
5,150,5,92.2,4803663.754
5,150,5,92.3,5430228.591
5,150,5,92.4,4594808.808
5,150,5,92.5,5639083.537
5,150,5,92.6,7101068.157
5,150,5,92.7,6265648.374
5,150,5,92.8,5847938.483
5,150,5,92.9,4177098.916
5,150,5,93,5639083.537
5,150,5,93.1,5847938.483
5,150,5,93.2,5639083.537
5,150,5,93.3,5221373.645
5,150,5,93.4,6683358.266
5,150,5,93.5,6056793.428
5,150,5,93.6,4594808.808
5,150,5,93.7,7518778.049
5,150,5,93.8,7101068.157
5,150,5,93.9,5639083.537
5,150,5,94,6683358.266
5,150,5,94.1,7309923.103
5,150,5,94.2,4594808.808
5,150,5,94.3,6474503.32
5,150,5,94.4,4803663.754
5,150,5,94.5,7101068.157
5,150,5,94.6,4803663.754
5,150,5,94.7,5221373.645
5,150,5,94.8,4803663.754
5,150,5,94.9,4594808.808
5,150,5,95,5639083.537
5,150,5,95.1,7936487.941
5,150,5,95.2,5430228.591
5,150,5,95.3,6265648.374
5,150,5,95.4,5012518.699
5,150,5,95.5,5221373.645
5,150,5,95.6,5430228.591
5,150,5,95.7,8145342.886
5,150,5,95.8,5430228.591
5,150,5,95.9,6474503.32
5,150,5,96,7101068.157
5,150,5,96.1,4803663.754
5,150,5,96.2,6474503.32
5,150,5,96.3,5430228.591
5,150,5,96.4,6056793.428
5,150,5,96.5,6056793.428
5,150,5,96.6,5639083.537
5,150,5,96.7,7309923.103
5,150,5,96.8,4177098.916
5,150,5,96.9,4803663.754
5,150,5,97,5430228.591
5,150,5,97.1,4803663.754
5,150,5,97.2,5221373.645
5,150,5,97.3,5847938.483
5,150,5,97.4,5430228.591
5,150,5,97.5,6056793.428
5,150,5,97.6,4594808.808
5,150,5,97.7,4594808.808
5,150,5,97.8,5639083.537
5,150,5,97.9,6265648.374
5,150,5,98,6265648.374
5,150,5,98.1,5012518.699
5,150,5,98.2,4803663.754
5,150,5,98.3,4803663.754
5,150,5,98.4,4803663.754
5,150,5,98.5,5847938.483
5,150,5,98.6,6056793.428
5,150,5,98.7,6474503.32
5,150,5,98.8,6474503.32
5,150,5,98.9,7727632.995
5,150,5,99,5847938.483
5,150,5,99.1,5847938.483
5,150,5,99.2,6056793.428
5,150,5,99.3,5012518.699
5,150,5,99.4,3759389.025
5,150,5,99.5,5639083.537
5,150,5,99.6,3968243.97
5,150,5,99.7,4385953.862
5,150,5,99.8,6892213.212
5,150,5,99.9,5639083.537
5,150,5,100,6474503.32
5,150,5,100.1,3759389.025
5,150,5,100.2,5012518.699
5,150,5,100.3,6265648.374
5,150,5,100.4,6265648.374
5,150,5,100.5,3759389.025
5,150,5,100.6,6683358.266
5,150,5,100.7,5430228.591
5,150,5,100.8,4177098.916
5,150,5,100.9,5221373.645
5,150,5,101,4803663.754
5,150,5,101.1,3968243.97
5,150,5,101.2,8563052.778
5,150,5,101.3,6056793.428
5,150,5,101.4,5639083.537
5,150,5,101.5,5847938.483
5,150,5,101.6,2506259.35
5,150,5,101.7,5430228.591
5,150,5,101.8,5847938.483
5,150,5,101.9,3132824.187
5,150,5,102,4803663.754
5,150,5,102.1,3968243.97
5,150,5,102.2,7518778.049
5,150,5,102.3,3759389.025
5,150,5,102.4,2297404.404
5,150,5,102.5,4594808.808
5,150,5,102.6,4385953.862
5,150,5,102.7,5012518.699
5,150,5,102.8,5012518.699
5,150,5,102.9,5430228.591
5,150,5,103,5012518.699
5,150,5,103.1,5430228.591
5,150,5,103.2,4803663.754
5,150,5,103.3,5012518.699
5,150,5,103.4,6474503.32
5,150,5,103.5,3550534.079
5,150,5,103.6,4594808.808
5,150,5,103.7,3968243.97
5,150,5,103.8,4385953.862
5,150,5,103.9,5847938.483
5,150,5,104,4177098.916
5,150,5,104.1,6683358.266
5,150,5,104.2,4385953.862
5,150,5,104.3,5430228.591
5,150,5,104.4,4177098.916
5,150,5,104.5,3341679.133
5,150,5,104.6,5012518.699
5,150,5,104.7,4385953.862
5,150,5,104.8,5430228.591
5,150,5,104.9,3550534.079
5,150,5,105,4177098.916
5,150,5,105.1,6056793.428
5,150,5,105.2,6056793.428
5,150,5,105.3,5221373.645
5,150,5,105.4,4177098.916
5,150,5,105.5,4803663.754
5,150,5,105.6,3968243.97
5,150,5,105.7,4385953.862
5,150,5,105.8,4803663.754
5,150,5,105.9,3968243.97
5,150,5,106,3550534.079
5,150,5,106.1,4803663.754
5,150,5,106.2,3759389.025
5,150,5,106.3,3132824.187
5,150,5,106.4,3968243.97
5,150,5,106.5,3968243.97
5,150,5,106.6,5221373.645
5,150,5,106.7,4803663.754
5,150,5,106.8,5221373.645
5,150,5,106.9,3968243.97
5,150,5,107,1461984.621
5,150,5,107.1,5639083.537
5,150,5,107.2,4594808.808
5,150,5,107.3,2923969.241
5,150,5,107.4,5221373.645
5,150,5,107.5,5430228.591
5,150,5,107.6,4385953.862
5,150,5,107.7,4803663.754
5,150,5,107.8,4803663.754
5,150,5,107.9,3341679.133
5,150,5,108,6056793.428
5,150,5,108.1,3550534.079
5,150,5,108.2,4385953.862
5,150,5,108.3,3968243.97
5,150,5,108.4,3968243.97
5,150,5,108.5,1879694.512
5,150,5,108.6,4177098.916
5,150,5,108.7,5012518.699
5,150,5,108.8,5012518.699
5,150,5,108.9,4177098.916
5,150,5,109,3550534.079
5,150,5,109.1,4177098.916
5,150,5,109.2,4803663.754
5,150,5,109.3,5639083.537
5,150,5,109.4,6683358.266
5,150,5,109.5,4385953.862
5,150,5,109.6,4177098.916
5,150,5,109.7,2297404.404
5,150,5,109.8,5012518.699
5,150,5,109.9,4385953.862
5,150,5,110,5012518.699
5,150,5,110.1,4803663.754
5,150,5,110.2,2715114.295
5,150,5,110.3,4594808.808
5,150,5,110.4,2297404.404
5,150,5,110.5,4385953.862
5,150,5,110.6,5012518.699
5,150,5,110.7,3968243.97
5,150,5,110.8,2506259.35
5,150,5,110.9,3968243.97
5,150,5,111,5221373.645
5,150,5,111.1,3968243.97
5,150,5,111.2,3132824.187
5,150,5,111.3,4385953.862
5,150,5,111.4,3759389.025
5,150,5,111.5,3550534.079
5,150,5,111.6,5221373.645
5,150,5,111.7,3550534.079
5,150,5,111.8,3132824.187
5,150,5,111.9,2715114.295
5,150,5,112,4385953.862
5,150,5,112.1,4385953.862
5,150,5,112.2,4594808.808
5,150,5,112.3,3759389.025
5,150,5,112.4,3132824.187
5,150,5,112.5,5639083.537
5,150,5,112.6,3550534.079
5,150,5,112.7,3759389.025
5,150,5,112.8,2923969.241
5,150,5,112.9,5012518.699
5,150,5,113,4594808.808
5,150,5,113.1,3550534.079
5,150,5,113.2,4385953.862
5,150,5,113.3,3550534.079
5,150,5,113.4,2297404.404
5,150,5,113.5,3968243.97
5,150,5,113.6,3550534.079
5,150,5,113.7,3759389.025
5,150,5,113.8,3341679.133
5,150,5,113.9,5639083.537
5,150,5,114,3341679.133
5,150,5,114.1,2715114.295
5,150,5,114.2,2923969.241
5,150,5,114.3,4594808.808
5,150,5,114.4,3968243.97
5,150,5,114.5,4177098.916
5,150,5,114.6,4177098.916
5,150,5,114.7,4177098.916
5,150,5,114.8,3341679.133
5,150,5,114.9,3968243.97
5,150,5,115,3759389.025
5,150,5,115.1,4385953.862
5,150,5,115.2,4177098.916
5,150,5,115.3,3132824.187
5,150,5,115.4,2088549.458
5,150,5,115.5,3550534.079
5,150,5,115.6,2923969.241
5,150,5,115.7,2506259.35
5,150,5,115.8,3341679.133
5,150,5,115.9,4177098.916
5,150,5,116,3132824.187
5,150,5,116.1,2923969.241
5,150,5,116.2,2506259.35
5,150,5,116.3,3132824.187
5,150,5,116.4,3759389.025
5,150,5,116.5,3550534.079
5,150,5,116.6,3550534.079
5,150,5,116.7,2923969.241
5,150,5,116.8,3968243.97
5,150,5,116.9,3968243.97
5,150,5,117,3341679.133
5,150,5,117.1,2715114.295
5,150,5,117.2,4594808.808
5,150,5,117.3,3132824.187
5,150,5,117.4,1044274.729
5,150,5,117.5,3132824.187
5,150,5,117.6,2297404.404
5,150,5,117.7,2923969.241
5,150,5,117.8,3341679.133
5,150,5,117.9,2923969.241
5,150,5,118,1253129.675
5,150,5,118.1,3132824.187
5,150,5,118.2,3759389.025
5,150,5,118.3,3759389.025
5,150,5,118.4,2297404.404
5,150,5,118.5,2923969.241
5,150,5,118.6,3759389.025
5,150,5,118.7,2506259.35
5,150,5,118.8,4385953.862
5,150,5,118.9,4177098.916
5,150,5,119,3132824.187
5,150,5,119.1,4177098.916
5,150,5,119.2,3968243.97
5,150,5,119.3,3341679.133
5,150,5,119.4,3132824.187
5,150,5,119.5,2715114.295
5,150,5,119.6,2506259.35
5,150,5,119.7,4803663.754
5,150,5,119.8,3968243.97
5,150,5,119.9,3341679.133
5,150,5,120,2923969.241
5,150,5,120.1,3759389.025
5,150,5,120.2,1879694.512
5,150,5,120.3,2088549.458
5,150,5,120.4,2923969.241
5,150,5,120.5,2506259.35
5,150,5,120.6,3550534.079
5,150,5,120.7,2715114.295
5,150,5,120.8,3132824.187
5,150,5,120.9,2923969.241
5,150,5,121,5221373.645
5,150,5,121.1,3341679.133
5,150,5,121.2,2506259.35
5,150,5,121.3,3968243.97
5,150,5,121.4,4385953.862
5,150,5,121.5,3759389.025
5,150,5,121.6,3341679.133
5,150,5,121.7,3759389.025
5,150,5,121.8,1879694.512
5,150,5,121.9,3968243.97
5,150,5,122,5012518.699
5,150,5,122.1,5012518.699
5,150,5,122.2,2088549.458
5,150,5,122.3,3759389.025
5,150,5,122.4,2923969.241
5,150,5,122.5,4177098.916
5,150,5,122.6,3132824.187
5,150,5,122.7,3759389.025
5,150,5,122.8,2297404.404
5,150,5,122.9,2715114.295
5,150,5,123,4177098.916
5,150,5,123.1,2506259.35
5,150,5,123.2,3968243.97
5,150,5,123.3,2715114.295
5,150,5,123.4,5012518.699
5,150,5,123.5,2923969.241
5,150,5,123.6,5012518.699
5,150,5,123.7,2715114.295
5,150,5,123.8,2506259.35
5,150,5,123.9,1879694.512
5,150,5,124,2088549.458
5,150,5,124.1,3759389.025
5,150,5,124.2,2088549.458
5,150,5,124.3,3132824.187
5,150,5,124.4,3341679.133
5,150,5,124.5,2715114.295
5,150,5,124.6,1253129.675
5,150,5,124.7,4385953.862
5,150,5,124.8,2088549.458
5,150,5,124.9,2506259.35
5,150,5,125,4385953.862
5,150,5,125.1,2506259.35
5,150,5,125.2,2923969.241
5,150,5,125.3,2715114.295
5,150,5,125.4,2923969.241
5,150,5,125.5,2506259.35
5,150,5,125.6,2506259.35
5,150,5,125.7,2923969.241
5,150,5,125.8,4177098.916
5,150,5,125.9,2923969.241
5,150,5,126,2297404.404
5,150,5,126.1,2088549.458
5,150,5,126.2,2506259.35
5,150,5,126.3,2923969.241
5,150,5,126.4,1879694.512
5,150,5,126.5,2297404.404
5,150,5,126.6,2715114.295
5,150,5,126.7,1670839.566
5,150,5,126.8,2506259.35
5,150,5,126.9,2297404.404
5,150,5,127,2506259.35
5,150,5,127.1,2923969.241
5,150,5,127.2,2923969.241
5,150,5,127.3,2506259.35
5,150,5,127.4,2297404.404
5,150,5,127.5,1670839.566
5,150,5,127.6,2923969.241
5,150,5,127.7,2297404.404
5,150,5,127.8,2715114.295
5,150,5,127.9,2088549.458
5,150,5,128,2088549.458
5,150,5,128.1,2715114.295
5,150,5,128.2,1879694.512
5,150,5,128.3,2923969.241
5,150,5,128.4,2506259.35
5,150,5,128.5,1461984.621
5,150,5,128.6,1461984.621
5,150,5,128.7,2715114.295
5,150,5,128.8,2088549.458
5,150,5,128.9,3132824.187
5,150,5,129,2506259.35
5,150,5,129.1,2506259.35
5,150,5,129.2,3132824.187
5,150,5,129.3,2715114.295
5,150,5,129.4,2715114.295
5,150,5,129.5,3759389.025
5,150,5,129.6,2088549.458
5,150,5,129.7,2923969.241
5,150,5,129.8,3132824.187
5,150,5,129.9,1879694.512
5,150,5,130,1879694.512
5,150,5,130.1,2506259.35
5,150,5,130.2,2923969.241
5,150,5,130.3,1044274.729
5,150,5,130.4,1879694.512
5,150,5,130.5,1670839.566
5,150,5,130.6,1670839.566
5,150,5,130.7,3132824.187
5,150,5,130.8,1253129.675
5,150,5,130.9,1879694.512
5,150,5,131,2088549.458
5,150,5,131.1,3550534.079
5,150,5,131.2,2297404.404
5,150,5,131.3,2297404.404
5,150,5,131.4,2923969.241
5,150,5,131.5,2297404.404
5,150,5,131.6,2088549.458
5,150,5,131.7,1670839.566
5,150,5,131.8,2088549.458
5,150,5,131.9,1670839.566
5,150,5,132,2297404.404
5,150,5,132.1,2506259.35
5,150,5,132.2,1879694.512
5,150,5,132.3,2715114.295
5,150,5,132.4,1670839.566
5,150,5,132.5,2297404.404
5,150,5,132.6,3341679.133
5,150,5,132.7,1253129.675
5,150,5,132.8,2923969.241
5,150,5,132.9,1879694.512
5,150,5,133,1879694.512
5,150,5,133.1,2506259.35
5,150,5,133.2,2297404.404
5,150,5,133.3,1879694.512
5,150,5,133.4,2923969.241
5,150,5,133.5,2297404.404
5,150,5,133.6,2088549.458
5,150,5,133.7,1044274.729
5,150,5,133.8,1253129.675
5,150,5,133.9,2715114.295
5,150,5,134,2297404.404
5,150,5,134.1,1253129.675
5,150,5,134.2,1461984.621
5,150,5,134.3,1879694.512
5,150,5,134.4,2088549.458
5,150,5,134.5,2297404.404
5,150,5,134.6,1461984.621
5,150,5,134.7,2506259.35
5,150,5,134.8,1461984.621
5,150,5,134.9,2297404.404
5,150,5,135,1879694.512
5,150,5,135.1,1670839.566
5,150,5,135.2,1879694.512
5,150,5,135.3,1879694.512
5,150,5,135.4,2088549.458
5,150,5,135.5,1879694.512
5,150,5,135.6,1879694.512
5,150,5,135.7,1044274.729
5,150,5,135.8,1670839.566
5,150,5,135.9,2088549.458
5,150,5,136,2506259.35
5,150,5,136.1,1044274.729
5,150,5,136.2,1253129.675
5,150,5,136.3,2088549.458
5,150,5,136.4,1461984.621
5,150,5,136.5,1670839.566
5,150,5,136.6,2297404.404
5,150,5,136.7,1670839.566
5,150,5,136.8,1253129.675
5,150,5,136.9,2506259.35
5,150,5,137,2297404.404
5,150,5,137.1,2297404.404
5,150,5,137.2,1461984.621
5,150,5,137.3,1461984.621
5,150,5,137.4,1461984.621
5,150,5,137.5,1253129.675
5,150,5,137.6,2088549.458
5,150,5,137.7,1253129.675
5,150,5,137.8,1670839.566
5,150,5,137.9,1253129.675
5,150,5,138,1461984.621
5,150,5,138.1,2088549.458
5,150,5,138.2,1461984.621
5,150,5,138.3,1461984.621
5,150,5,138.4,1253129.675
5,150,5,138.5,1044274.729
5,150,5,138.6,1670839.566
5,150,5,138.7,626564.8374
5,150,5,138.8,1670839.566
5,150,5,138.9,1879694.512
5,150,5,139,1253129.675
5,150,5,139.1,1044274.729
5,150,5,139.2,1670839.566
5,150,5,139.3,1253129.675
5,150,5,139.4,1670839.566
5,150,5,139.5,1044274.729
5,150,5,139.6,1879694.512
5,150,5,139.7,1044274.729
5,150,5,139.8,1461984.621
5,150,5,139.9,417709.8916
5,150,5,140,1879694.512
5,150,5,140.1,835419.7832
5,150,5,140.2,1879694.512
5,150,5,140.3,1044274.729
5,150,5,140.4,835419.7832
5,150,5,140.5,2088549.458
5,150,5,140.6,835419.7832
5,150,5,140.7,1670839.566
5,150,5,140.8,626564.8374
5,150,5,140.9,208854.9458
5,150,5,141,2506259.35
5,150,5,141.1,1044274.729
5,150,5,141.2,835419.7832
5,150,5,141.3,417709.8916
5,150,5,141.4,1879694.512
5,150,5,141.5,1253129.675
5,150,5,141.6,835419.7832
5,150,5,141.7,626564.8374
5,150,5,141.8,1879694.512
5,150,5,141.9,1044274.729
5,150,5,142,1253129.675
5,150,5,142.1,626564.8374
5,150,5,142.2,1461984.621
5,150,5,142.3,417709.8916
5,150,5,142.4,1044274.729
5,150,5,142.5,1044274.729
5,150,5,142.6,1670839.566
5,150,5,142.7,835419.7832
5,150,5,142.8,2297404.404
5,150,5,142.9,1044274.729
5,150,5,143,835419.7832
5,150,5,143.1,835419.7832
5,150,5,143.2,1044274.729
5,150,5,143.3,1461984.621
5,150,5,143.4,1461984.621
5,150,5,143.5,626564.8374
5,150,5,143.6,626564.8374
5,150,5,143.7,1044274.729
5,150,5,143.8,208854.9458
5,150,5,143.9,1253129.675
5,150,5,144,417709.8916
5,150,5,144.1,1044274.729
5,150,5,144.2,208854.9458
5,150,5,144.3,1253129.675
5,150,5,144.4,626564.8374
5,150,5,144.5,1253129.675
5,150,5,144.6,1670839.566
5,150,5,144.7,1461984.621
5,150,5,144.8,1044274.729
5,150,5,144.9,835419.7832
5,150,5,145,2297404.404
5,150,5,145.1,626564.8374
5,150,5,145.2,1670839.566
5,150,5,145.3,1044274.729
5,150,5,145.4,835419.7832
5,150,5,145.5,835419.7832
5,150,5,145.6,1253129.675
5,150,5,145.7,626564.8374
5,150,5,145.9,835419.7832
5,150,5,146,835419.7832
5,150,5,146.1,626564.8374
5,150,5,146.3,1461984.621
5,150,5,146.4,835419.7832
5,150,5,146.5,835419.7832
5,150,5,146.6,626564.8374
5,150,5,146.7,626564.8374
5,150,5,146.8,626564.8374
5,150,5,146.9,208854.9458
5,150,5,147,626564.8374
5,150,5,147.1,626564.8374
5,150,5,147.2,208854.9458
5,150,5,147.3,626564.8374
5,150,5,147.5,417709.8916
5,150,5,147.6,1253129.675
5,150,5,147.7,1253129.675
5,150,5,147.8,626564.8374
5,150,5,147.9,1044274.729
5,150,5,148.2,835419.7832
5,150,5,148.4,417709.8916
5,150,5,148.8,208854.9458
5,150,5,148.9,417709.8916
5,150,5,149.3,417709.8916
5,150,5,149.4,417709.8916
5,150,5,149.5,208854.9458
5,150,5,149.8,208854.9458
5,40,7,5.3,70321.53057
5,40,7,5.6,281286.1223
5,40,7,5.7,210964.5917
5,40,7,5.8,70321.53057
5,40,7,5.9,281286.1223
5,40,7,6,281286.1223
5,40,7,6.1,351607.6529
5,40,7,6.2,843858.3669
5,40,7,6.3,703215.3057
5,40,7,6.4,843858.3669
5,40,7,6.5,703215.3057
5,40,7,6.6,843858.3669
5,40,7,6.7,1336109.081
5,40,7,6.8,1195466.02
5,40,7,6.9,984501.428
5,40,7,7,1265787.55
5,40,7,7.1,1828359.795
5,40,7,7.2,2601896.631
5,40,7,7.3,2812861.223
5,40,7,7.4,7032153.057
5,40,7,7.5,1969002.856
5,40,7,7.6,2883182.754
5,40,7,7.7,3234790.406
5,40,7,7.8,3094147.345
5,40,7,7.9,2883182.754
5,40,7,8,4219291.834
5,40,7,8.1,3797362.651
5,40,7,8.2,4570899.487
5,40,7,8.3,27003467.74
5,40,7,8.4,188321058.9
5,40,7,8.5,5555400.915
5,40,7,8.6,6047651.629
5,40,7,8.7,7032153.057
5,40,7,8.8,9001155.914
5,40,7,8.9,7383760.71
5,40,7,9,7172796.119
5,40,7,9.1,7524403.771
5,40,7,9.2,7805689.894
5,40,7,9.3,7805689.894
5,40,7,9.4,7735368.363
5,40,7,9.5,19830671.62
5,40,7,9.6,12024981.73
5,40,7,9.7,150206789.3
5,40,7,9.8,21518388.36
5,40,7,9.9,18142954.89
5,40,7,10,76017574.55
5,40,7,10.1,11814017.14
5,40,7,10.2,9282442.036
5,40,7,10.3,1758038.264
5,40,7,10.4,1687716.734
5,40,7,10.5,1617395.203
5,40,7,10.6,2812861.223
5,40,7,10.7,2390932.04
5,40,7,10.8,2179967.448
5,40,7,10.9,2039324.387
5,40,7,11,2461253.57
5,40,7,11.1,2601896.631
5,40,7,11.2,2742539.692
5,40,7,11.3,12657875.5
5,40,7,11.4,2531575.101
5,40,7,11.5,3023825.815
5,40,7,11.6,3164468.876
5,40,7,11.7,2320610.509
5,40,7,11.8,2320610.509
5,40,7,11.9,1969002.856
5,40,7,12,1969002.856
5,40,7,12.1,1758038.264
5,40,7,12.2,1547073.673
5,40,7,12.3,1547073.673
5,40,7,12.4,1265787.55
5,40,7,12.5,1195466.02
5,40,7,12.6,2390932.04
5,40,7,12.7,2672218.162
5,40,7,12.8,2250288.978
5,40,7,12.9,1476752.142
5,40,7,13,1687716.734
5,40,7,13.1,2390932.04
5,40,7,13.2,2250288.978
5,40,7,13.3,3094147.345
5,40,7,13.4,1969002.856
5,40,7,13.5,2250288.978
5,40,7,13.6,1969002.856
5,40,7,13.7,2039324.387
5,40,7,13.8,2390932.04
5,40,7,13.9,1687716.734
5,40,7,14,2109645.917
5,40,7,14.1,2742539.692
5,40,7,14.2,2953504.284
5,40,7,14.3,2109645.917
5,40,7,14.4,3023825.815
5,40,7,14.5,2390932.04
5,40,7,14.6,3023825.815
5,40,7,14.7,2531575.101
5,40,7,14.8,2953504.284
5,40,7,14.9,3586398.059
5,40,7,15,3516076.529
5,40,7,15.1,3305111.937
5,40,7,15.2,3656719.59
5,40,7,15.3,4289613.365
5,40,7,15.4,3727041.12
5,40,7,15.5,3586398.059
5,40,7,15.6,4570899.487
5,40,7,15.7,4359934.896
5,40,7,15.8,4500577.957
5,40,7,15.9,4359934.896
5,40,7,16,5274114.793
5,40,7,16.1,4922507.14
5,40,7,16.2,4570899.487
5,40,7,16.3,5203793.263
5,40,7,16.4,4500577.957
5,40,7,16.5,4711542.548
5,40,7,16.6,3445754.998
5,40,7,16.7,5274114.793
5,40,7,16.8,3867684.182
5,40,7,16.9,4219291.834
5,40,7,17,5625722.446
5,40,7,17.1,4992828.671
5,40,7,17.2,5766365.507
5,40,7,17.3,4781864.079
5,40,7,17.4,6188294.691
5,40,7,17.5,4219291.834
5,40,7,17.6,5344436.324
5,40,7,17.7,5414757.854
5,40,7,17.8,5133471.732
5,40,7,17.9,5133471.732
5,40,7,18,5414757.854
5,40,7,18.1,5836687.038
5,40,7,18.2,4359934.896
5,40,7,18.3,4992828.671
5,40,7,18.4,4711542.548
5,40,7,18.5,4992828.671
5,40,7,18.6,5625722.446
5,40,7,18.7,5063150.201
5,40,7,18.8,5203793.263
5,40,7,18.9,5274114.793
5,40,7,19,4570899.487
5,40,7,19.1,5907008.568
5,40,7,19.2,5766365.507
5,40,7,19.3,5274114.793
5,40,7,19.4,5907008.568
5,40,7,19.5,6469580.813
5,40,7,19.6,5133471.732
5,40,7,19.7,6399259.282
5,40,7,19.8,5977330.099
5,40,7,19.9,5203793.263
5,40,7,20,5133471.732
5,40,7,20.1,5344436.324
5,40,7,20.2,5766365.507
5,40,7,20.3,5625722.446
5,40,7,20.4,5766365.507
5,40,7,20.5,6258616.221
5,40,7,20.6,6258616.221
5,40,7,20.7,5625722.446
5,40,7,20.8,6610223.874
5,40,7,20.9,6117973.16
5,40,7,21,6328937.752
5,40,7,21.1,6328937.752
5,40,7,21.2,4781864.079
5,40,7,21.3,4148970.304
5,40,7,21.4,5836687.038
5,40,7,21.5,6258616.221
5,40,7,21.6,5766365.507
5,40,7,21.7,6117973.16
5,40,7,21.8,6258616.221
5,40,7,21.9,6188294.691
5,40,7,22,6188294.691
5,40,7,22.1,5274114.793
5,40,7,22.2,5696043.977
5,40,7,22.3,4289613.365
5,40,7,22.4,5414757.854
5,40,7,22.5,5696043.977
5,40,7,22.6,4781864.079
5,40,7,22.7,5555400.915
5,40,7,22.8,4359934.896
5,40,7,22.9,6680545.405
5,40,7,23,5696043.977
5,40,7,23.1,5836687.038
5,40,7,23.2,6258616.221
5,40,7,23.3,6117973.16
5,40,7,23.4,6680545.405
5,40,7,23.5,5344436.324
5,40,7,23.6,6399259.282
5,40,7,23.7,6047651.629
5,40,7,23.8,6117973.16
5,40,7,23.9,5766365.507
5,40,7,24,5063150.201
5,40,7,24.1,4992828.671
5,40,7,24.2,5696043.977
5,40,7,24.3,5836687.038
5,40,7,24.4,5907008.568
5,40,7,24.5,5203793.263
5,40,7,24.6,5133471.732
5,40,7,24.7,6539902.343
5,40,7,24.8,5766365.507
5,40,7,24.9,5696043.977
5,40,7,25,4430256.426
5,40,7,25.1,5485079.385
5,40,7,25.2,6399259.282
5,40,7,25.3,5133471.732
5,40,7,25.4,4008327.243
5,40,7,25.5,7383760.71
5,40,7,25.6,5555400.915
5,40,7,25.7,6047651.629
5,40,7,25.8,6117973.16
5,40,7,25.9,6047651.629
5,40,7,26,5203793.263
5,40,7,26.1,5203793.263
5,40,7,26.2,4641221.018
5,40,7,26.3,4148970.304
5,40,7,26.4,4570899.487
5,40,7,26.5,5977330.099
5,40,7,26.6,5625722.446
5,40,7,26.7,4852185.61
5,40,7,26.8,5414757.854
5,40,7,26.9,4359934.896
5,40,7,27,5625722.446
5,40,7,27.1,4148970.304
5,40,7,27.2,3867684.182
5,40,7,27.3,5344436.324
5,40,7,27.4,4359934.896
5,40,7,27.5,4711542.548
5,40,7,27.6,4781864.079
5,40,7,27.7,3164468.876
5,40,7,27.8,4430256.426
5,40,7,27.9,3867684.182
5,40,7,28,3375433.468
5,40,7,28.1,4219291.834
5,40,7,28.2,4992828.671
5,40,7,28.3,4852185.61
5,40,7,28.4,4781864.079
5,40,7,28.5,4148970.304
5,40,7,28.6,4219291.834
5,40,7,28.7,3445754.998
5,40,7,28.8,3867684.182
5,40,7,28.9,4289613.365
5,40,7,29,4359934.896
5,40,7,29.1,4781864.079
5,40,7,29.2,3938005.712
5,40,7,29.3,4219291.834
5,40,7,29.4,2883182.754
5,40,7,29.5,3867684.182
5,40,7,29.6,2812861.223
5,40,7,29.7,3516076.529
5,40,7,29.8,3656719.59
5,40,7,29.9,3656719.59
5,40,7,30,3727041.12
5,40,7,30.1,3586398.059
5,40,7,30.2,3586398.059
5,40,7,30.3,4430256.426
5,40,7,30.4,3656719.59
5,40,7,30.5,2953504.284
5,40,7,30.6,3516076.529
5,40,7,30.7,4641221.018
5,40,7,30.8,3445754.998
5,40,7,30.9,3727041.12
5,40,7,31,3234790.406
5,40,7,31.1,3305111.937
5,40,7,31.2,3656719.59
5,40,7,31.3,3656719.59
5,40,7,31.4,2672218.162
5,40,7,31.5,2531575.101
5,40,7,31.6,3234790.406
5,40,7,31.7,2812861.223
5,40,7,31.8,2742539.692
5,40,7,31.9,3867684.182
5,40,7,32,2883182.754
5,40,7,32.1,2953504.284
5,40,7,32.2,3867684.182
5,40,7,32.3,2672218.162
5,40,7,32.4,2531575.101
5,40,7,32.5,3094147.345
5,40,7,32.6,2039324.387
5,40,7,32.7,3094147.345
5,40,7,32.8,3586398.059
5,40,7,32.9,2812861.223
5,40,7,33,3234790.406
5,40,7,33.1,2953504.284
5,40,7,33.2,2672218.162
5,40,7,33.3,2179967.448
5,40,7,33.4,3234790.406
5,40,7,33.5,2953504.284
5,40,7,33.6,3234790.406
5,40,7,33.7,2953504.284
5,40,7,33.8,3516076.529
5,40,7,33.9,3445754.998
5,40,7,34,2953504.284
5,40,7,34.1,3445754.998
5,40,7,34.2,2672218.162
5,40,7,34.3,1547073.673
5,40,7,34.4,2601896.631
5,40,7,34.5,2109645.917
5,40,7,34.6,2390932.04
5,40,7,34.7,1828359.795
5,40,7,34.8,1758038.264
5,40,7,34.9,2109645.917
5,40,7,35,2039324.387
5,40,7,35.1,1687716.734
5,40,7,35.2,2109645.917
5,40,7,35.3,1969002.856
5,40,7,35.4,2109645.917
5,40,7,35.5,2601896.631
5,40,7,35.6,2531575.101
5,40,7,35.7,1758038.264
5,40,7,35.8,2039324.387
5,40,7,35.9,1758038.264
5,40,7,36,1969002.856
5,40,7,36.1,1547073.673
5,40,7,36.2,1195466.02
5,40,7,36.3,1547073.673
5,40,7,36.4,2179967.448
5,40,7,36.5,1195466.02
5,40,7,36.6,1125144.489
5,40,7,36.7,984501.428
5,40,7,36.8,1476752.142
5,40,7,36.9,2179967.448
5,40,7,37,1476752.142
5,40,7,37.1,1336109.081
5,40,7,37.2,843858.3669
5,40,7,37.3,1195466.02
5,40,7,37.4,1195466.02
5,40,7,37.5,1125144.489
5,40,7,37.6,1054822.959
5,40,7,37.7,1195466.02
5,40,7,37.8,984501.428
5,40,7,37.9,1054822.959
5,40,7,38,984501.428
5,40,7,38.1,1406430.611
5,40,7,38.2,1125144.489
5,40,7,38.3,984501.428
5,40,7,38.4,632893.7752
5,40,7,38.5,773536.8363
5,40,7,38.6,843858.3669
5,40,7,38.7,703215.3057
5,40,7,38.8,632893.7752
5,40,7,38.9,421929.1834
5,40,7,39,773536.8363
5,40,7,39.1,914179.8975
5,40,7,39.2,773536.8363
5,40,7,39.3,703215.3057
5,40,7,39.4,632893.7752
5,40,7,39.5,351607.6529
5,40,7,39.6,210964.5917
5,40,7,39.7,281286.1223
5,40,7,39.8,210964.5917
5,40,7,39.9,70321.53057
5,80,7,4.2,208854.9458
5,80,7,4.8,104427.4729
5,80,7,4.9,104427.4729
5,80,7,5,313282.4187
5,80,7,5.1,313282.4187
5,80,7,5.2,626564.8374
5,80,7,5.3,313282.4187
5,80,7,5.4,1044274.729
5,80,7,5.5,417709.8916
5,80,7,5.6,208854.9458
5,80,7,5.7,1566412.094
5,80,7,5.8,1461984.621
5,80,7,5.9,1044274.729
5,80,7,6,1670839.566
5,80,7,6.1,1148702.202
5,80,7,6.2,2401831.877
5,80,7,6.3,3968243.97
5,80,7,6.4,3446106.606
5,80,7,6.5,3654961.552
5,80,7,6.6,4803663.754
5,80,7,6.7,5012518.699
5,80,7,6.8,5325801.118
5,80,7,6.9,5952365.955
5,80,7,7,6578930.793
5,80,7,7.1,7518778.049
5,80,7,7.2,9398472.561
5,80,7,7.3,8667480.251
5,80,7,7.4,38011600.14
5,80,7,7.5,10442747.29
5,80,7,7.6,11173739.6
5,80,7,7.7,11487022.02
5,80,7,7.8,12635724.22
5,80,7,7.9,13471144
5,80,7,8,13784426.42
5,80,7,8.1,12949006.64
5,80,7,8.2,15037556.1
5,80,7,8.3,112781670.7
5,80,7,8.4,920423746.2
5,80,7,8.5,17961525.34
5,80,7,8.6,17230533.03
5,80,7,8.7,21512059.42
5,80,7,8.8,27777707.79
5,80,7,8.9,19214655.01
5,80,7,9,19736792.38
5,80,7,9.1,24018318.77
5,80,7,9.2,21407631.95
5,80,7,9.3,24331601.19
5,80,7,9.4,21198777
5,80,7,9.5,74247933.23
5,80,7,9.6,44799385.88
5,80,7,9.7,713448494.9
5,80,7,9.8,95029000.34
5,80,7,9.9,64118468.36
5,80,7,10,345968217.7
5,80,7,10.1,35609768.26
5,80,7,10.2,33521218.8
5,80,7,10.3,8145342.886
5,80,7,10.4,7309923.103
5,80,7,10.5,7727632.995
5,80,7,10.6,7832060.468
5,80,7,10.7,7414350.576
5,80,7,10.8,8667480.251
5,80,7,10.9,10860457.18
5,80,7,11,12113586.86
5,80,7,11.1,9920609.926
5,80,7,11.2,9398472.561
5,80,7,11.3,74874498.07
5,80,7,11.4,10129464.87
5,80,7,11.5,9398472.561
5,80,7,11.6,13157861.59
5,80,7,11.7,13471144
5,80,7,11.8,8040915.414
5,80,7,11.9,7414350.576
5,80,7,12,8771907.724
5,80,7,12.1,6578930.793
5,80,7,12.2,6056793.428
5,80,7,12.3,6370075.847
5,80,7,12.4,6370075.847
5,80,7,12.5,6056793.428
5,80,7,12.6,5534656.064
5,80,7,12.7,6892213.212
5,80,7,12.8,6056793.428
5,80,7,12.9,6996640.684
5,80,7,13,7205495.63
5,80,7,13.1,7205495.63
5,80,7,13.2,7727632.995
5,80,7,13.3,7832060.468
5,80,7,13.4,7414350.576
5,80,7,13.5,9816182.453
5,80,7,13.6,7832060.468
5,80,7,13.7,11904731.91
5,80,7,13.8,9189617.615
5,80,7,13.9,8458625.305
5,80,7,14,10025037.4
5,80,7,14.1,8563052.778
5,80,7,14.2,9189617.615
5,80,7,14.3,7936487.941
5,80,7,14.4,10651602.24
5,80,7,14.5,12113586.86
5,80,7,14.6,8980762.67
5,80,7,14.7,11695876.97
5,80,7,14.8,13262289.06
5,80,7,14.9,12531296.75
5,80,7,15,11382594.55
5,80,7,15.1,12322441.8
5,80,7,15.2,12322441.8
5,80,7,15.3,12009159.38
5,80,7,15.4,12218014.33
5,80,7,15.5,12113586.86
5,80,7,15.6,15350838.52
5,80,7,15.7,12531296.75
5,80,7,15.8,12740151.69
5,80,7,15.9,15350838.52
5,80,7,16,13784426.42
5,80,7,16.1,15246411.04
5,80,7,16.2,12113586.86
5,80,7,16.3,16499540.72
5,80,7,16.4,13262289.06
5,80,7,16.5,15037556.1
5,80,7,16.6,14410991.26
5,80,7,16.7,14933128.63
5,80,7,16.8,14619846.21
5,80,7,16.9,13993281.37
5,80,7,17,16395113.25
5,80,7,17.1,16499540.72
5,80,7,17.2,15350838.52
5,80,7,17.3,15664120.94
5,80,7,17.4,17439387.97
5,80,7,17.5,17021678.08
5,80,7,17.6,16290685.77
5,80,7,17.7,19214655.01
5,80,7,17.8,15455265.99
5,80,7,17.9,18170380.29
5,80,7,18,15455265.99
5,80,7,18.1,17961525.34
5,80,7,18.2,17961525.34
5,80,7,18.3,16081830.83
5,80,7,18.4,20050074.8
5,80,7,18.5,15559693.46
5,80,7,18.6,18901372.6
5,80,7,18.7,15768548.41
5,80,7,18.8,15977403.35
5,80,7,18.9,16499540.72
5,80,7,19,16081830.83
5,80,7,19.1,19319082.49
5,80,7,19.2,15037556.1
5,80,7,19.3,18274807.76
5,80,7,19.4,15559693.46
5,80,7,19.5,15977403.35
5,80,7,19.6,16395113.25
5,80,7,19.7,17439387.97
5,80,7,19.8,16290685.77
5,80,7,19.9,17961525.34
5,80,7,20,19110227.54
5,80,7,20.1,17961525.34
5,80,7,20.2,17857097.87
5,80,7,20.3,18588090.18
5,80,7,20.4,20781067.11
5,80,7,20.5,18170380.29
5,80,7,20.6,19841219.85
5,80,7,20.7,17961525.34
5,80,7,20.8,19110227.54
5,80,7,20.9,16499540.72
5,80,7,21,19214655.01
5,80,7,21.1,14724273.68
5,80,7,21.2,20467784.69
5,80,7,21.3,19736792.38
5,80,7,21.4,17543815.45
5,80,7,21.5,18274807.76
5,80,7,21.6,20363357.22
5,80,7,21.7,18065952.81
5,80,7,21.8,18170380.29
5,80,7,21.9,18274807.76
5,80,7,22,20885494.58
5,80,7,22.1,19110227.54
5,80,7,22.2,17543815.45
5,80,7,22.3,20154502.27
5,80,7,22.4,20050074.8
5,80,7,22.5,17126105.56
5,80,7,22.6,18065952.81
5,80,7,22.7,21303204.47
5,80,7,22.8,19214655.01
5,80,7,22.9,20154502.27
5,80,7,23,15977403.35
5,80,7,23.1,17752670.39
5,80,7,23.2,19945647.32
5,80,7,23.3,16499540.72
5,80,7,23.4,17857097.87
5,80,7,23.5,20363357.22
5,80,7,23.6,17334960.5
5,80,7,23.7,17752670.39
5,80,7,23.8,16812823.14
5,80,7,23.9,17230533.03
5,80,7,24,18796945.12
5,80,7,24.1,19214655.01
5,80,7,24.2,20781067.11
5,80,7,24.3,19319082.49
5,80,7,24.4,15559693.46
5,80,7,24.5,19527937.43
5,80,7,24.6,18274807.76
5,80,7,24.7,17334960.5
5,80,7,24.8,14828701.15
5,80,7,24.9,18065952.81
5,80,7,25,17021678.08
5,80,7,25.1,18901372.6
5,80,7,25.2,16603968.19
5,80,7,25.3,17126105.56
5,80,7,25.4,18901372.6
5,80,7,25.5,21825341.84
5,80,7,25.6,18170380.29
5,80,7,25.7,16186258.3
5,80,7,25.8,17439387.97
5,80,7,25.9,18588090.18
5,80,7,26,14202136.31
5,80,7,26.1,17961525.34
5,80,7,26.2,17961525.34
5,80,7,26.3,16603968.19
5,80,7,26.4,17857097.87
5,80,7,26.5,15455265.99
5,80,7,26.6,17543815.45
5,80,7,26.7,19736792.38
5,80,7,26.8,17439387.97
5,80,7,26.9,15768548.41
5,80,7,27,16186258.3
5,80,7,27.1,16812823.14
5,80,7,27.2,18170380.29
5,80,7,27.3,16917250.61
5,80,7,27.4,15872975.88
5,80,7,27.5,15246411.04
5,80,7,27.6,18483662.7
5,80,7,27.7,17543815.45
5,80,7,27.8,17334960.5
5,80,7,27.9,14724273.68
5,80,7,28,17543815.45
5,80,7,28.1,16395113.25
5,80,7,28.2,17230533.03
5,80,7,28.3,14828701.15
5,80,7,28.4,15872975.88
5,80,7,28.5,18901372.6
5,80,7,28.6,14515418.73
5,80,7,28.7,15872975.88
5,80,7,28.8,16081830.83
5,80,7,28.9,16499540.72
5,80,7,29,16186258.3
5,80,7,29.1,17648242.92
5,80,7,29.2,14933128.63
5,80,7,29.3,14619846.21
5,80,7,29.4,14828701.15
5,80,7,29.5,16917250.61
5,80,7,29.6,17648242.92
5,80,7,29.7,16081830.83
5,80,7,29.8,16812823.14
5,80,7,29.9,16290685.77
5,80,7,30,15977403.35
5,80,7,30.1,14306563.79
5,80,7,30.2,16186258.3
5,80,7,30.3,14410991.26
5,80,7,30.4,15141983.57
5,80,7,30.5,14306563.79
5,80,7,30.6,13053434.11
5,80,7,30.7,17439387.97
5,80,7,30.8,14933128.63
5,80,7,30.9,14306563.79
5,80,7,31,14306563.79
5,80,7,31.1,16499540.72
5,80,7,31.2,14515418.73
5,80,7,31.3,15977403.35
5,80,7,31.4,14724273.68
5,80,7,31.5,16603968.19
5,80,7,31.6,17021678.08
5,80,7,31.7,14306563.79
5,80,7,31.8,15141983.57
5,80,7,31.9,14202136.31
5,80,7,32,16708395.66
5,80,7,32.1,17021678.08
5,80,7,32.2,14724273.68
5,80,7,32.3,15037556.1
5,80,7,32.4,15977403.35
5,80,7,32.5,15037556.1
5,80,7,32.6,14097708.84
5,80,7,32.7,14097708.84
5,80,7,32.8,14515418.73
5,80,7,32.9,14202136.31
5,80,7,33,15037556.1
5,80,7,33.1,14410991.26
5,80,7,33.2,12635724.22
5,80,7,33.3,15037556.1
5,80,7,33.4,16186258.3
5,80,7,33.5,16081830.83
5,80,7,33.6,12740151.69
5,80,7,33.7,13053434.11
5,80,7,33.8,12322441.8
5,80,7,33.9,16395113.25
5,80,7,34,14828701.15
5,80,7,34.1,13993281.37
5,80,7,34.2,15246411.04
5,80,7,34.3,12844579.17
5,80,7,34.4,12322441.8
5,80,7,34.5,12426869.28
5,80,7,34.6,12949006.64
5,80,7,34.7,14202136.31
5,80,7,34.8,11904731.91
5,80,7,34.9,13366716.53
5,80,7,35,14410991.26
5,80,7,35.1,15246411.04
5,80,7,35.2,10860457.18
5,80,7,35.3,12949006.64
5,80,7,35.4,13471144
5,80,7,35.5,14202136.31
5,80,7,35.6,11069312.13
5,80,7,35.7,12844579.17
5,80,7,35.8,13575571.48
5,80,7,35.9,15141983.57
5,80,7,36,12844579.17
5,80,7,36.1,15246411.04
5,80,7,36.2,13053434.11
5,80,7,36.3,12113586.86
5,80,7,36.4,13366716.53
5,80,7,36.5,11069312.13
5,80,7,36.6,11487022.02
5,80,7,36.7,11278167.07
5,80,7,36.8,12635724.22
5,80,7,36.9,10442747.29
5,80,7,37,13888853.9
5,80,7,37.1,13053434.11
5,80,7,37.2,12009159.38
5,80,7,37.3,15350838.52
5,80,7,37.4,11487022.02
5,80,7,37.5,10233892.34
5,80,7,37.6,13679998.95
5,80,7,37.7,11382594.55
5,80,7,37.8,11278167.07
5,80,7,37.9,8980762.67
5,80,7,38,13888853.9
5,80,7,38.1,12949006.64
5,80,7,38.2,14097708.84
5,80,7,38.3,11069312.13
5,80,7,38.4,10129464.87
5,80,7,38.5,12635724.22
5,80,7,38.6,13157861.59
5,80,7,38.7,9294045.088
5,80,7,38.8,13262289.06
5,80,7,38.9,11487022.02
5,80,7,39,11487022.02
5,80,7,39.1,12009159.38
5,80,7,39.2,11173739.6
5,80,7,39.3,10651602.24
5,80,7,39.4,12426869.28
5,80,7,39.5,11904731.91
5,80,7,39.6,9085190.143
5,80,7,39.7,12844579.17
5,80,7,39.8,10338319.82
5,80,7,39.9,12218014.33
5,80,7,40,11591449.49
5,80,7,40.1,9294045.088
5,80,7,40.2,11695876.97
5,80,7,40.3,11487022.02
5,80,7,40.4,8771907.724
5,80,7,40.5,12009159.38
5,80,7,40.6,11382594.55
5,80,7,40.7,11173739.6
5,80,7,40.8,10233892.34
5,80,7,40.9,11173739.6
5,80,7,41,11382594.55
5,80,7,41.1,11591449.49
5,80,7,41.2,10860457.18
5,80,7,41.3,10442747.29
5,80,7,41.4,11591449.49
5,80,7,41.5,10547174.76
5,80,7,41.6,9711754.98
5,80,7,41.7,9920609.926
5,80,7,41.8,9398472.561
5,80,7,41.9,10964884.65
5,80,7,42,9920609.926
5,80,7,42.1,10233892.34
5,80,7,42.2,10442747.29
5,80,7,42.3,9294045.088
5,80,7,42.4,11278167.07
5,80,7,42.5,9398472.561
5,80,7,42.6,9711754.98
5,80,7,42.7,11591449.49
5,80,7,42.8,10756029.71
5,80,7,42.9,11069312.13
5,80,7,43,11278167.07
5,80,7,43.1,9294045.088
5,80,7,43.2,9607327.507
5,80,7,43.3,9294045.088
5,80,7,43.4,8458625.305
5,80,7,43.5,9294045.088
5,80,7,43.6,10442747.29
5,80,7,43.7,9711754.98
5,80,7,43.8,8771907.724
5,80,7,43.9,8249770.359
5,80,7,44,10338319.82
5,80,7,44.1,9816182.453
5,80,7,44.2,10547174.76
5,80,7,44.3,10233892.34
5,80,7,44.4,8145342.886
5,80,7,44.5,10651602.24
5,80,7,44.6,10338319.82
5,80,7,44.7,9607327.507
5,80,7,44.8,7101068.157
5,80,7,44.9,9816182.453
5,80,7,45,10129464.87
5,80,7,45.1,10233892.34
5,80,7,45.2,8876335.197
5,80,7,45.3,9085190.143
5,80,7,45.4,8980762.67
5,80,7,45.5,8667480.251
5,80,7,45.6,9502900.034
5,80,7,45.7,8876335.197
5,80,7,45.8,10547174.76
5,80,7,45.9,6787785.739
5,80,7,46,9398472.561
5,80,7,46.1,9398472.561
5,80,7,46.2,8354197.832
5,80,7,46.3,7727632.995
5,80,7,46.4,9085190.143
5,80,7,46.5,6578930.793
5,80,7,46.6,8876335.197
5,80,7,46.7,8145342.886
5,80,7,46.8,7936487.941
5,80,7,46.9,8563052.778
5,80,7,47,8771907.724
5,80,7,47.1,6578930.793
5,80,7,47.2,6892213.212
5,80,7,47.3,9711754.98
5,80,7,47.4,8563052.778
5,80,7,47.5,8667480.251
5,80,7,47.6,7727632.995
5,80,7,47.7,8145342.886
5,80,7,47.8,7518778.049
5,80,7,47.9,7101068.157
5,80,7,48,7518778.049
5,80,7,48.1,7309923.103
5,80,7,48.2,5325801.118
5,80,7,48.3,7727632.995
5,80,7,48.4,7936487.941
5,80,7,48.5,8458625.305
5,80,7,48.6,6578930.793
5,80,7,48.7,7205495.63
5,80,7,48.8,7727632.995
5,80,7,48.9,8667480.251
5,80,7,49,8040915.414
5,80,7,49.1,8458625.305
5,80,7,49.2,7623205.522
5,80,7,49.3,8563052.778
5,80,7,49.4,6683358.266
5,80,7,49.5,9189617.615
5,80,7,49.6,6056793.428
5,80,7,49.7,7518778.049
5,80,7,49.8,6578930.793
5,80,7,49.9,7936487.941
5,80,7,50,8145342.886
5,80,7,50.1,7414350.576
5,80,7,50.2,9085190.143
5,80,7,50.3,6578930.793
5,80,7,50.4,8458625.305
5,80,7,50.5,6683358.266
5,80,7,50.6,6787785.739
5,80,7,50.7,6892213.212
5,80,7,50.8,7623205.522
5,80,7,50.9,8876335.197
5,80,7,51,5430228.591
5,80,7,51.1,6474503.32
5,80,7,51.2,7309923.103
5,80,7,51.3,6892213.212
5,80,7,51.4,6892213.212
5,80,7,51.5,6892213.212
5,80,7,51.6,6892213.212
5,80,7,51.7,6265648.374
5,80,7,51.8,7309923.103
5,80,7,51.9,6474503.32
5,80,7,52,6265648.374
5,80,7,52.1,5325801.118
5,80,7,52.2,6370075.847
5,80,7,52.3,6683358.266
5,80,7,52.4,7832060.468
5,80,7,52.5,5430228.591
5,80,7,52.6,7205495.63
5,80,7,52.7,6161220.901
5,80,7,52.8,6056793.428
5,80,7,52.9,6996640.684
5,80,7,53,6892213.212
5,80,7,53.1,5847938.483
5,80,7,53.2,6578930.793
5,80,7,53.3,5012518.699
5,80,7,53.4,6996640.684
5,80,7,53.5,5847938.483
5,80,7,53.6,4072671.443
5,80,7,53.7,6265648.374
5,80,7,53.8,6161220.901
5,80,7,53.9,5952365.955
5,80,7,54,8249770.359
5,80,7,54.1,7101068.157
5,80,7,54.2,6056793.428
5,80,7,54.3,5743511.01
5,80,7,54.4,6370075.847
5,80,7,54.5,7205495.63
5,80,7,54.6,6474503.32
5,80,7,54.7,7727632.995
5,80,7,54.8,5534656.064
5,80,7,54.9,4699236.281
5,80,7,55,5639083.537
5,80,7,55.1,5847938.483
5,80,7,55.2,7414350.576
5,80,7,55.3,6056793.428
5,80,7,55.4,6683358.266
5,80,7,55.5,6161220.901
5,80,7,55.6,4908091.226
5,80,7,55.7,4594808.808
5,80,7,55.8,6683358.266
5,80,7,55.9,4699236.281
5,80,7,56,6787785.739
5,80,7,56.1,5221373.645
5,80,7,56.2,6370075.847
5,80,7,56.3,5116946.172
5,80,7,56.4,5952365.955
5,80,7,56.5,5430228.591
5,80,7,56.6,5325801.118
5,80,7,56.7,5221373.645
5,80,7,56.8,5847938.483
5,80,7,56.9,6683358.266
5,80,7,57,6996640.684
5,80,7,57.1,5221373.645
5,80,7,57.2,4594808.808
5,80,7,57.3,5639083.537
5,80,7,57.4,4908091.226
5,80,7,57.5,8040915.414
5,80,7,57.6,4908091.226
5,80,7,57.7,5221373.645
5,80,7,57.8,5325801.118
5,80,7,57.9,5116946.172
5,80,7,58,4594808.808
5,80,7,58.1,13157861.59
5,80,7,58.2,5534656.064
5,80,7,58.3,5743511.01
5,80,7,58.4,4177098.916
5,80,7,58.5,4594808.808
5,80,7,58.6,3654961.552
5,80,7,58.7,4908091.226
5,80,7,58.8,4699236.281
5,80,7,58.9,5116946.172
5,80,7,59,4699236.281
5,80,7,59.1,4803663.754
5,80,7,59.2,3654961.552
5,80,7,59.3,5743511.01
5,80,7,59.4,4281526.389
5,80,7,59.5,18170380.29
5,80,7,59.6,4699236.281
5,80,7,59.7,4177098.916
5,80,7,59.8,5847938.483
5,80,7,59.9,5639083.537
5,80,7,60,4908091.226
5,80,7,60.1,4803663.754
5,80,7,60.2,4177098.916
5,80,7,60.3,4385953.862
5,80,7,60.4,5430228.591
5,80,7,60.5,4908091.226
5,80,7,60.6,4385953.862
5,80,7,60.7,4281526.389
5,80,7,60.8,5116946.172
5,80,7,60.9,5325801.118
5,80,7,61,4072671.443
5,80,7,61.1,4490381.335
5,80,7,61.2,5534656.064
5,80,7,61.3,3863816.497
5,80,7,61.4,4908091.226
5,80,7,61.5,4385953.862
5,80,7,61.6,3446106.606
5,80,7,61.7,5116946.172
5,80,7,61.8,4177098.916
5,80,7,61.9,3968243.97
5,80,7,62,5116946.172
5,80,7,62.1,3968243.97
5,80,7,62.2,4699236.281
5,80,7,62.3,4594808.808
5,80,7,62.4,3028396.714
5,80,7,62.5,4908091.226
5,80,7,62.6,5221373.645
5,80,7,62.7,4594808.808
5,80,7,62.8,4177098.916
5,80,7,62.9,4281526.389
5,80,7,63,3968243.97
5,80,7,63.1,2715114.295
5,80,7,63.2,3132824.187
5,80,7,63.3,3028396.714
5,80,7,63.4,3550534.079
5,80,7,63.5,4699236.281
5,80,7,63.6,3341679.133
5,80,7,63.7,3654961.552
5,80,7,63.8,4177098.916
5,80,7,63.9,3550534.079
5,80,7,64,3132824.187
5,80,7,64.1,4594808.808
5,80,7,64.2,3968243.97
5,80,7,64.3,1984121.985
5,80,7,64.4,3550534.079
5,80,7,64.5,3654961.552
5,80,7,64.6,3341679.133
5,80,7,64.7,3550534.079
5,80,7,64.8,4594808.808
5,80,7,64.9,3654961.552
5,80,7,65,3132824.187
5,80,7,65.1,3028396.714
5,80,7,65.2,4177098.916
5,80,7,65.3,3237251.66
5,80,7,65.4,4072671.443
5,80,7,65.5,3028396.714
5,80,7,65.6,3654961.552
5,80,7,65.7,2610686.823
5,80,7,65.8,3341679.133
5,80,7,65.9,3550534.079
5,80,7,66,3550534.079
5,80,7,66.1,2715114.295
5,80,7,66.2,2610686.823
5,80,7,66.3,2819541.768
5,80,7,66.4,2610686.823
5,80,7,66.5,3968243.97
5,80,7,66.6,3863816.497
5,80,7,66.7,4072671.443
5,80,7,66.8,3446106.606
5,80,7,66.9,3759389.025
5,80,7,67,3237251.66
5,80,7,67.1,4385953.862
5,80,7,67.2,2506259.35
5,80,7,67.3,3132824.187
5,80,7,67.4,5430228.591
5,80,7,67.5,3028396.714
5,80,7,67.6,2297404.404
5,80,7,67.7,2715114.295
5,80,7,67.8,3446106.606
5,80,7,67.9,3028396.714
5,80,7,68,2192976.931
5,80,7,68.1,2088549.458
5,80,7,68.2,3759389.025
5,80,7,68.3,2819541.768
5,80,7,68.4,2506259.35
5,80,7,68.5,4177098.916
5,80,7,68.6,3550534.079
5,80,7,68.7,3028396.714
5,80,7,68.8,1775267.039
5,80,7,68.9,2610686.823
5,80,7,69,1879694.512
5,80,7,69.1,2610686.823
5,80,7,69.2,3550534.079
5,80,7,69.3,3446106.606
5,80,7,69.4,2923969.241
5,80,7,69.5,2192976.931
5,80,7,69.6,3446106.606
5,80,7,69.7,2192976.931
5,80,7,69.8,2088549.458
5,80,7,69.9,1670839.566
5,80,7,70,1775267.039
5,80,7,70.1,1775267.039
5,80,7,70.2,3028396.714
5,80,7,70.3,1357557.148
5,80,7,70.4,2819541.768
5,80,7,70.5,1253129.675
5,80,7,70.6,1566412.094
5,80,7,70.7,2297404.404
5,80,7,70.8,1775267.039
5,80,7,70.9,1670839.566
5,80,7,71,1984121.985
5,80,7,71.1,2715114.295
5,80,7,71.2,2088549.458
5,80,7,71.3,1984121.985
5,80,7,71.4,2610686.823
5,80,7,71.5,1775267.039
5,80,7,71.6,2297404.404
5,80,7,71.7,1566412.094
5,80,7,71.8,1148702.202
5,80,7,71.9,2610686.823
5,80,7,72,1566412.094
5,80,7,72.1,2297404.404
5,80,7,72.2,1461984.621
5,80,7,72.3,1566412.094
5,80,7,72.4,1566412.094
5,80,7,72.5,2192976.931
5,80,7,72.6,2088549.458
5,80,7,72.7,1357557.148
5,80,7,72.8,2401831.877
5,80,7,72.9,1357557.148
5,80,7,73,1775267.039
5,80,7,73.1,2192976.931
5,80,7,73.2,2192976.931
5,80,7,73.3,1253129.675
5,80,7,73.4,2401831.877
5,80,7,73.5,1357557.148
5,80,7,73.6,1461984.621
5,80,7,73.7,1044274.729
5,80,7,73.8,1566412.094
5,80,7,73.9,1984121.985
5,80,7,74,1879694.512
5,80,7,74.1,1357557.148
5,80,7,74.2,417709.8916
5,80,7,74.3,1044274.729
5,80,7,74.4,1357557.148
5,80,7,74.5,1148702.202
5,80,7,74.6,1879694.512
5,80,7,74.7,730992.3103
5,80,7,74.8,1879694.512
5,80,7,74.9,1148702.202
5,80,7,75,939847.2561
5,80,7,75.1,939847.2561
5,80,7,75.2,1253129.675
5,80,7,75.3,626564.8374
5,80,7,75.4,1879694.512
5,80,7,75.5,835419.7832
5,80,7,75.6,730992.3103
5,80,7,75.7,1253129.675
5,80,7,75.8,730992.3103
5,80,7,75.9,1148702.202
5,80,7,76,1148702.202
5,80,7,76.1,939847.2561
5,80,7,76.2,939847.2561
5,80,7,76.3,1148702.202
5,80,7,76.4,835419.7832
5,80,7,76.5,939847.2561
5,80,7,76.6,626564.8374
5,80,7,76.7,730992.3103
5,80,7,76.8,1566412.094
5,80,7,76.9,522137.3645
5,80,7,77,730992.3103
5,80,7,77.1,626564.8374
5,80,7,77.2,1044274.729
5,80,7,77.3,522137.3645
5,80,7,77.4,313282.4187
5,80,7,77.5,1148702.202
5,80,7,77.6,939847.2561
5,80,7,77.7,626564.8374
5,80,7,77.8,417709.8916
5,80,7,77.9,417709.8916
5,80,7,78,208854.9458
5,80,7,78.1,522137.3645
5,80,7,78.2,522137.3645
5,80,7,78.3,730992.3103
5,80,7,78.4,626564.8374
5,80,7,78.5,522137.3645
5,80,7,78.6,522137.3645
5,80,7,78.7,313282.4187
5,80,7,78.8,208854.9458
5,80,7,78.9,417709.8916
5,80,7,79,417709.8916
5,80,7,79.1,313282.4187
5,80,7,79.2,208854.9458
5,80,7,79.3,522137.3645
5,80,7,79.4,208854.9458
5,80,7,79.5,313282.4187
5,80,7,79.7,104427.4729
5,80,7,79.8,104427.4729
5,80,7,79.9,104427.4729
5,150,7,3.5,208854.9458
5,150,7,3.6,417709.8916
5,150,7,3.7,417709.8916
5,150,7,3.8,626564.8374
5,150,7,3.9,835419.7832
5,150,7,4,835419.7832
5,150,7,4.1,1253129.675
5,150,7,4.2,626564.8374
5,150,7,4.3,2297404.404
5,150,7,4.4,2088549.458
5,150,7,4.5,2923969.241
5,150,7,4.6,4803663.754
5,150,7,4.7,4803663.754
5,150,7,4.8,4594808.808
5,150,7,4.9,5847938.483
5,150,7,5,5639083.537
5,150,7,5.1,6056793.428
5,150,7,5.2,7727632.995
5,150,7,5.3,7101068.157
5,150,7,5.4,13157861.59
5,150,7,5.5,7309923.103
5,150,7,5.6,10442747.29
5,150,7,5.7,13575571.48
5,150,7,5.8,11695876.97
5,150,7,5.9,16917250.61
5,150,7,6,17334960.5
5,150,7,6.1,16081830.83
5,150,7,6.2,18796945.12
5,150,7,6.3,19841219.85
5,150,7,6.4,21094349.53
5,150,7,6.5,21512059.42
5,150,7,6.6,23809463.82
5,150,7,6.7,25689158.33
5,150,7,6.8,25271448.44
5,150,7,6.9,27151142.95
5,150,7,7,36758470.46
5,150,7,7.1,30283967.14
5,150,7,7.2,35714195.73
5,150,7,7.3,33207936.38
5,150,7,7.4,158938613.8
5,150,7,7.5,36549615.52
5,150,7,7.6,37802745.19
5,150,7,7.7,39682439.7
5,150,7,7.8,39891294.65
5,150,7,7.9,46992362.81
5,150,7,8,44486103.46
5,150,7,8.1,48245492.48
5,150,7,8.2,50751751.83
5,150,7,8.3,393691572.8
5,150,7,8.4,3068914574
5,150,7,8.5,48663202.37
5,150,7,8.6,57643965.04
5,150,7,8.7,49707477.1
5,150,7,8.8,100250374
5,150,7,8.9,53049156.23
5,150,7,9,55973125.48
5,150,7,9.1,63909613.42
5,150,7,9.2,53466866.13
5,150,7,9.3,67251292.55
5,150,7,9.4,68504422.22
5,150,7,9.5,228487310.7
5,150,7,9.6,125104112.5
5,150,7,9.7,2101916175
5,150,7,9.8,273808834
5,150,7,9.9,161444873.1
5,150,7,10,919588326.4
5,150,7,10.1,89389916.8
5,150,7,10.2,85212817.89
5,150,7,10.3,34878775.95
5,150,7,10.4,36967325.41
5,150,7,10.5,32790226.49
5,150,7,10.6,37385035.3
5,150,7,10.7,34252211.11
5,150,7,10.8,33625646.27
5,150,7,10.9,37593890.25
5,150,7,11,46992362.81
5,150,7,11.1,36758470.46
5,150,7,11.2,38638164.97
5,150,7,11.3,299289137.3
5,150,7,11.4,37802745.19
5,150,7,11.5,40935569.38
5,150,7,11.6,58479384.83
5,150,7,11.7,58897094.72
5,150,7,11.8,32581371.55
5,150,7,11.9,34043356.17
5,150,7,12,35087630.9
5,150,7,12.1,27151142.95
5,150,7,12.2,26315723.17
5,150,7,12.3,26942288.01
5,150,7,12.4,24853738.55
5,150,7,12.5,30075112.2
5,150,7,12.6,23391753.93
5,150,7,12.7,25689158.33
5,150,7,12.8,29239692.41
5,150,7,12.9,31537096.82
5,150,7,13,26315723.17
5,150,7,13.1,33834501.22
5,150,7,13.2,32999081.44
5,150,7,13.3,31954806.71
5,150,7,13.4,32372516.6
5,150,7,13.5,31328241.87
5,150,7,13.6,28404272.63
5,150,7,13.7,33416791.33
5,150,7,13.8,31745951.76
5,150,7,13.9,35505340.79
5,150,7,14,36967325.41
5,150,7,14.1,32999081.44
5,150,7,14.2,29030837.47
5,150,7,14.3,43232973.78
5,150,7,14.4,30701677.03
5,150,7,14.5,32790226.49
5,150,7,14.6,35087630.9
5,150,7,14.7,28821982.52
5,150,7,14.8,39055874.87
5,150,7,14.9,30075112.2
5,150,7,15,42397554
5,150,7,15.1,32999081.44
5,150,7,15.2,39682439.7
5,150,7,15.3,38220455.08
5,150,7,15.4,38011600.14
5,150,7,15.5,39682439.7
5,150,7,15.6,32790226.49
5,150,7,15.7,39264729.81
5,150,7,15.8,40100149.59
5,150,7,15.9,42397554
5,150,7,16,40309004.54
5,150,7,16.1,39682439.7
5,150,7,16.2,39264729.81
5,150,7,16.3,39264729.81
5,150,7,16.4,36967325.41
5,150,7,16.5,39055874.87
5,150,7,16.6,38638164.97
5,150,7,16.7,43024118.84
5,150,7,16.8,43650683.67
5,150,7,16.9,41353279.27
5,150,7,17,43650683.67
5,150,7,17.1,37385035.3
5,150,7,17.2,44486103.46
5,150,7,17.3,44068393.57
5,150,7,17.4,39682439.7
5,150,7,17.5,42815263.89
5,150,7,17.6,40517859.49
5,150,7,17.7,39891294.65
5,150,7,17.8,42397554
5,150,7,17.9,38429310.03
5,150,7,18,46783507.86
5,150,7,18.1,39264729.81
5,150,7,18.2,43650683.67
5,150,7,18.3,42397554
5,150,7,18.4,41770989.16
5,150,7,18.5,44486103.46
5,150,7,18.6,43859538.62
5,150,7,18.7,37593890.25
5,150,7,18.8,40726714.43
5,150,7,18.9,45739233.13
5,150,7,19,41144424.32
5,150,7,19.1,37802745.19
5,150,7,19.2,43232973.78
5,150,7,19.3,44903813.35
5,150,7,19.4,47618927.64
5,150,7,19.5,38011600.14
5,150,7,19.6,36340760.57
5,150,7,19.7,39682439.7
5,150,7,19.8,41562134.22
5,150,7,19.9,41353279.27
5,150,7,20,40100149.59
5,150,7,20.1,47410072.7
5,150,7,20.2,43650683.67
5,150,7,20.3,44486103.46
5,150,7,20.4,45739233.13
5,150,7,20.5,40517859.49
5,150,7,20.6,37802745.19
5,150,7,20.7,47201217.75
5,150,7,20.8,37385035.3
5,150,7,20.9,36758470.46
5,150,7,21,38847019.92
5,150,7,21.1,38847019.92
5,150,7,21.2,39264729.81
5,150,7,21.3,42815263.89
5,150,7,21.4,43650683.67
5,150,7,21.5,40309004.54
5,150,7,21.6,46783507.86
5,150,7,21.7,38220455.08
5,150,7,21.8,38011600.14
5,150,7,21.9,40726714.43
5,150,7,22,44068393.57
5,150,7,22.1,45321523.24
5,150,7,22.2,39682439.7
5,150,7,22.3,41144424.32
5,150,7,22.4,51587171.61
5,150,7,22.5,43441828.73
5,150,7,22.6,38220455.08
5,150,7,22.7,45112668.29
5,150,7,22.8,39264729.81
5,150,7,22.9,46783507.86
5,150,7,23,39055874.87
5,150,7,23.1,40726714.43
5,150,7,23.2,42815263.89
5,150,7,23.3,42606408.94
5,150,7,23.4,42188699.05
5,150,7,23.5,38638164.97
5,150,7,23.6,36131905.62
5,150,7,23.7,41353279.27
5,150,7,23.8,41353279.27
5,150,7,23.9,43441828.73
5,150,7,24,38011600.14
5,150,7,24.1,40935569.38
5,150,7,24.2,41562134.22
5,150,7,24.3,42606408.94
5,150,7,24.4,43232973.78
5,150,7,24.5,39682439.7
5,150,7,24.6,40309004.54
5,150,7,24.7,44277248.51
5,150,7,24.8,38847019.92
5,150,7,24.9,35087630.9
5,150,7,25,40935569.38
5,150,7,25.1,42606408.94
5,150,7,25.2,41353279.27
5,150,7,25.3,43441828.73
5,150,7,25.4,42815263.89
5,150,7,25.5,37176180.35
5,150,7,25.6,38220455.08
5,150,7,25.7,38011600.14
5,150,7,25.8,36131905.62
5,150,7,25.9,39264729.81
5,150,7,26,41562134.22
5,150,7,26.1,38847019.92
5,150,7,26.2,38847019.92
5,150,7,26.3,40517859.49
5,150,7,26.4,41144424.32
5,150,7,26.5,35923050.68
5,150,7,26.6,35087630.9
5,150,7,26.7,39891294.65
5,150,7,26.8,39264729.81
5,150,7,26.9,35505340.79
5,150,7,27,38638164.97
5,150,7,27.1,35505340.79
5,150,7,27.2,38638164.97
5,150,7,27.3,38429310.03
5,150,7,27.4,36549615.52
5,150,7,27.5,39891294.65
5,150,7,27.6,34252211.11
5,150,7,27.7,40726714.43
5,150,7,27.8,33834501.22
5,150,7,27.9,36967325.41
5,150,7,28,41770989.16
5,150,7,28.1,36340760.57
5,150,7,28.2,32790226.49
5,150,7,28.3,36340760.57
5,150,7,28.4,36131905.62
5,150,7,28.5,35296485.84
5,150,7,28.6,38429310.03
5,150,7,28.7,38220455.08
5,150,7,28.8,32163661.65
5,150,7,28.9,33416791.33
5,150,7,29,33416791.33
5,150,7,29.1,35087630.9
5,150,7,29.2,33834501.22
5,150,7,29.3,38220455.08
5,150,7,29.4,31954806.71
5,150,7,29.5,32163661.65
5,150,7,29.6,40100149.59
5,150,7,29.7,35087630.9
5,150,7,29.8,34669921
5,150,7,29.9,35714195.73
5,150,7,30,36340760.57
5,150,7,30.1,36967325.41
5,150,7,30.2,35714195.73
5,150,7,30.3,38429310.03
5,150,7,30.4,32372516.6
5,150,7,30.5,31328241.87
5,150,7,30.6,36967325.41
5,150,7,30.7,31954806.71
5,150,7,30.8,38220455.08
5,150,7,30.9,32581371.55
5,150,7,31,32163661.65
5,150,7,31.1,36549615.52
5,150,7,31.2,33416791.33
5,150,7,31.3,30910531.98
5,150,7,31.4,32372516.6
5,150,7,31.5,32581371.55
5,150,7,31.6,28404272.63
5,150,7,31.7,35923050.68
5,150,7,31.8,36549615.52
5,150,7,31.9,32372516.6
5,150,7,32,31954806.71
5,150,7,32.1,32163661.65
5,150,7,32.2,33625646.27
5,150,7,32.3,37176180.35
5,150,7,32.4,30283967.14
5,150,7,32.5,34669921
5,150,7,32.6,30910531.98
5,150,7,32.7,27777707.79
5,150,7,32.8,35087630.9
5,150,7,32.9,37385035.3
5,150,7,33,35087630.9
5,150,7,33.1,31328241.87
5,150,7,33.2,32163661.65
5,150,7,33.3,33834501.22
5,150,7,33.4,25271448.44
5,150,7,33.5,27986562.74
5,150,7,33.6,28613127.58
5,150,7,33.7,31328241.87
5,150,7,33.8,30910531.98
5,150,7,33.9,27151142.95
5,150,7,34,32372516.6
5,150,7,34.1,33834501.22
5,150,7,34.2,28821982.52
5,150,7,34.3,31537096.82
5,150,7,34.4,31119386.93
5,150,7,34.5,29657402.3
5,150,7,34.6,30492822.09
5,150,7,34.7,30283967.14
5,150,7,34.8,28821982.52
5,150,7,34.9,28195417.68
5,150,7,35,31119386.93
5,150,7,35.1,32581371.55
5,150,7,35.2,24227173.71
5,150,7,35.3,29030837.47
5,150,7,35.4,29030837.47
5,150,7,35.5,28821982.52
5,150,7,35.6,25271448.44
5,150,7,35.7,26733433.06
5,150,7,35.8,30492822.09
5,150,7,35.9,33834501.22
5,150,7,36,32163661.65
5,150,7,36.1,31119386.93
5,150,7,36.2,29657402.3
5,150,7,36.3,27151142.95
5,150,7,36.4,33625646.27
5,150,7,36.5,32163661.65
5,150,7,36.6,27986562.74
5,150,7,36.7,26524578.12
5,150,7,36.8,28195417.68
5,150,7,36.9,28404272.63
5,150,7,37,29030837.47
5,150,7,37.1,30701677.03
5,150,7,37.2,31537096.82
5,150,7,37.3,30283967.14
5,150,7,37.4,27777707.79
5,150,7,37.5,26942288.01
5,150,7,37.6,28195417.68
5,150,7,37.7,26315723.17
5,150,7,37.8,23809463.82
5,150,7,37.9,27359997.9
5,150,7,38,29448547.36
5,150,7,38.1,22974044.04
5,150,7,38.2,26106868.23
5,150,7,38.3,26524578.12
5,150,7,38.4,29866257.25
5,150,7,38.5,31328241.87
5,150,7,38.6,28404272.63
5,150,7,38.7,28195417.68
5,150,7,38.8,28613127.58
5,150,7,38.9,24227173.71
5,150,7,39,26106868.23
5,150,7,39.1,26942288.01
5,150,7,39.2,29030837.47
5,150,7,39.3,26315723.17
5,150,7,39.4,26733433.06
5,150,7,39.5,22347479.2
5,150,7,39.6,30492822.09
5,150,7,39.7,26733433.06
5,150,7,39.8,27568852.85
5,150,7,39.9,26106868.23
5,150,7,40,23391753.93
5,150,7,40.1,27568852.85
5,150,7,40.2,32163661.65
5,150,7,40.3,24227173.71
5,150,7,40.4,27151142.95
5,150,7,40.5,24853738.55
5,150,7,40.6,24853738.55
5,150,7,40.7,25898013.28
5,150,7,40.8,26106868.23
5,150,7,40.9,21720914.36
5,150,7,41,29448547.36
5,150,7,41.1,22138624.26
5,150,7,41.2,22974044.04
5,150,7,41.3,27359997.9
5,150,7,41.4,29866257.25
5,150,7,41.5,29448547.36
5,150,7,41.6,26733433.06
5,150,7,41.7,19423509.96
5,150,7,41.8,23600608.88
5,150,7,41.9,25689158.33
5,150,7,42,25480303.39
5,150,7,42.1,22765189.09
5,150,7,42.2,23600608.88
5,150,7,42.3,23391753.93
5,150,7,42.4,24436028.66
5,150,7,42.5,22347479.2
5,150,7,42.6,26524578.12
5,150,7,42.7,22974044.04
5,150,7,42.8,26106868.23
5,150,7,42.9,22347479.2
5,150,7,43,22347479.2
5,150,7,43.1,21303204.47
5,150,7,43.2,20258929.74
5,150,7,43.3,23600608.88
5,150,7,43.4,22765189.09
5,150,7,43.5,23600608.88
5,150,7,43.6,20467784.69
5,150,7,43.7,22974044.04
5,150,7,43.8,21094349.53
5,150,7,43.9,19841219.85
5,150,7,44,20885494.58
5,150,7,44.1,22347479.2
5,150,7,44.2,23391753.93
5,150,7,44.3,22765189.09
5,150,7,44.4,22765189.09
5,150,7,44.5,25062593.5
5,150,7,44.6,26315723.17
5,150,7,44.7,21929769.31
5,150,7,44.8,24018318.77
5,150,7,44.9,20258929.74
5,150,7,45,20258929.74
5,150,7,45.1,21094349.53
5,150,7,45.2,28195417.68
5,150,7,45.3,19214655.01
5,150,7,45.4,23391753.93
5,150,7,45.5,18379235.23
5,150,7,45.6,21512059.42
5,150,7,45.7,22347479.2
5,150,7,45.8,20258929.74
5,150,7,45.9,19841219.85
5,150,7,46,20676639.63
5,150,7,46.1,19423509.96
5,150,7,46.2,24853738.55
5,150,7,46.3,26733433.06
5,150,7,46.4,18379235.23
5,150,7,46.5,17334960.5
5,150,7,46.6,19214655.01
5,150,7,46.7,20258929.74
5,150,7,46.8,19632364.91
5,150,7,46.9,21094349.53
5,150,7,47,20467784.69
5,150,7,47.1,22138624.26
5,150,7,47.2,18379235.23
5,150,7,47.3,20676639.63
5,150,7,47.4,23391753.93
5,150,7,47.5,23600608.88
5,150,7,47.6,20467784.69
5,150,7,47.7,22347479.2
5,150,7,47.8,20676639.63
5,150,7,47.9,23391753.93
5,150,7,48,24018318.77
5,150,7,48.1,18588090.18
5,150,7,48.2,18796945.12
5,150,7,48.3,19632364.91
5,150,7,48.4,22765189.09
5,150,7,48.5,16499540.72
5,150,7,48.6,25689158.33
5,150,7,48.7,17334960.5
5,150,7,48.8,20885494.58
5,150,7,48.9,19632364.91
5,150,7,49,25271448.44
5,150,7,49.1,20258929.74
5,150,7,49.2,19214655.01
5,150,7,49.3,19841219.85
5,150,7,49.4,24644883.61
5,150,7,49.5,17961525.34
5,150,7,49.6,17543815.45
5,150,7,49.7,18588090.18
5,150,7,49.8,17543815.45
5,150,7,49.9,21094349.53
5,150,7,50,15037556.1
5,150,7,50.1,19632364.91
5,150,7,50.2,20050074.8
5,150,7,50.3,17961525.34
5,150,7,50.4,18379235.23
5,150,7,50.5,22347479.2
5,150,7,50.6,21094349.53
5,150,7,50.7,22138624.26
5,150,7,50.8,19005800.07
5,150,7,50.9,20258929.74
5,150,7,51,20258929.74
5,150,7,51.1,16917250.61
5,150,7,51.2,18588090.18
5,150,7,51.3,19423509.96
5,150,7,51.4,20050074.8
5,150,7,51.5,17543815.45
5,150,7,51.6,18170380.29
5,150,7,51.7,15037556.1
5,150,7,51.8,18379235.23
5,150,7,51.9,19632364.91
5,150,7,52,21720914.36
5,150,7,52.1,17752670.39
5,150,7,52.2,16917250.61
5,150,7,52.3,19423509.96
5,150,7,52.4,18588090.18
5,150,7,52.5,16290685.77
5,150,7,52.6,15664120.94
5,150,7,52.7,14619846.21
5,150,7,52.8,18170380.29
5,150,7,52.9,16499540.72
5,150,7,53,16917250.61
5,150,7,53.1,17543815.45
5,150,7,53.2,17543815.45
5,150,7,53.3,19423509.96
5,150,7,53.4,21929769.31
5,150,7,53.5,21094349.53
5,150,7,53.6,17752670.39
5,150,7,53.7,16290685.77
5,150,7,53.8,17752670.39
5,150,7,53.9,17752670.39
5,150,7,54,16917250.61
5,150,7,54.1,14410991.26
5,150,7,54.2,16081830.83
5,150,7,54.3,17961525.34
5,150,7,54.4,18796945.12
5,150,7,54.5,20885494.58
5,150,7,54.6,17126105.56
5,150,7,54.7,15664120.94
5,150,7,54.8,15037556.1
5,150,7,54.9,14828701.15
5,150,7,55,17334960.5
5,150,7,55.1,16499540.72
5,150,7,55.2,19423509.96
5,150,7,55.3,15246411.04
5,150,7,55.4,18170380.29
5,150,7,55.5,15664120.94
5,150,7,55.6,15037556.1
5,150,7,55.7,13366716.53
5,150,7,55.8,17543815.45
5,150,7,55.9,17543815.45
5,150,7,56,19841219.85
5,150,7,56.1,15872975.88
5,150,7,56.2,17334960.5
5,150,7,56.3,16499540.72
5,150,7,56.4,15872975.88
5,150,7,56.5,16081830.83
5,150,7,56.6,17126105.56
5,150,7,56.7,13157861.59
5,150,7,56.8,12740151.69
5,150,7,56.9,14410991.26
5,150,7,57,16917250.61
5,150,7,57.1,18170380.29
5,150,7,57.2,15664120.94
5,150,7,57.3,16917250.61
5,150,7,57.4,17961525.34
5,150,7,57.5,17334960.5
5,150,7,57.6,16499540.72
5,150,7,57.7,15246411.04
5,150,7,57.8,15246411.04
5,150,7,57.9,14828701.15
5,150,7,58,16499540.72
5,150,7,58.1,184210062.2
5,150,7,58.2,16290685.77
5,150,7,58.3,14619846.21
5,150,7,58.4,19841219.85
5,150,7,58.5,15246411.04
5,150,7,58.6,14828701.15
5,150,7,58.7,14619846.21
5,150,7,58.8,13993281.37
5,150,7,58.9,17126105.56
5,150,7,59,16499540.72
5,150,7,59.1,16290685.77
5,150,7,59.2,16708395.66
5,150,7,59.3,15455265.99
5,150,7,59.4,13993281.37
5,150,7,59.5,293858908.7
5,150,7,59.6,17126105.56
5,150,7,59.7,14619846.21
5,150,7,59.8,17543815.45
5,150,7,59.9,16499540.72
5,150,7,60,13993281.37
5,150,7,60.1,14619846.21
5,150,7,60.2,13784426.42
5,150,7,60.3,10233892.34
5,150,7,60.4,13575571.48
5,150,7,60.5,14410991.26
5,150,7,60.6,13366716.53
5,150,7,60.7,12740151.69
5,150,7,60.8,15872975.88
5,150,7,60.9,13784426.42
5,150,7,61,13157861.59
5,150,7,61.1,12113586.86
5,150,7,61.2,12949006.64
5,150,7,61.3,13784426.42
5,150,7,61.4,14410991.26
5,150,7,61.5,16708395.66
5,150,7,61.6,13366716.53
5,150,7,61.7,15037556.1
5,150,7,61.8,13157861.59
5,150,7,61.9,15664120.94
5,150,7,62,14410991.26
5,150,7,62.1,14828701.15
5,150,7,62.2,15455265.99
5,150,7,62.3,15664120.94
5,150,7,62.4,16290685.77
5,150,7,62.5,16499540.72
5,150,7,62.6,17961525.34
5,150,7,62.7,15872975.88
5,150,7,62.8,11695876.97
5,150,7,62.9,10233892.34
5,150,7,63,13575571.48
5,150,7,63.1,13784426.42
5,150,7,63.2,15664120.94
5,150,7,63.3,13366716.53
5,150,7,63.4,14619846.21
5,150,7,63.5,16081830.83
5,150,7,63.6,13366716.53
5,150,7,63.7,13993281.37
5,150,7,63.8,14828701.15
5,150,7,63.9,14202136.31
5,150,7,64,12949006.64
5,150,7,64.1,14202136.31
5,150,7,64.2,12740151.69
5,150,7,64.3,13575571.48
5,150,7,64.4,13575571.48
5,150,7,64.5,15037556.1
5,150,7,64.6,15664120.94
5,150,7,64.7,12113586.86
5,150,7,64.8,13993281.37
5,150,7,64.9,14410991.26
5,150,7,65,12531296.75
5,150,7,65.1,12740151.69
5,150,7,65.2,13366716.53
5,150,7,65.3,12531296.75
5,150,7,65.4,12740151.69
5,150,7,65.5,12322441.8
5,150,7,65.6,13366716.53
5,150,7,65.7,12322441.8
5,150,7,65.8,14410991.26
5,150,7,65.9,12531296.75
5,150,7,66,12531296.75
5,150,7,66.1,12740151.69
5,150,7,66.2,14619846.21
5,150,7,66.3,12113586.86
5,150,7,66.4,11904731.91
5,150,7,66.5,13366716.53
5,150,7,66.6,8771907.724
5,150,7,66.7,12531296.75
5,150,7,66.8,13157861.59
5,150,7,66.9,13366716.53
5,150,7,67,15664120.94
5,150,7,67.1,45112668.29
5,150,7,67.2,9607327.507
5,150,7,67.3,15455265.99
5,150,7,67.4,73934650.82
5,150,7,67.5,8563052.778
5,150,7,67.6,12322441.8
5,150,7,67.7,13993281.37
5,150,7,67.8,12531296.75
5,150,7,67.9,9607327.507
5,150,7,68,16499540.72
5,150,7,68.1,13366716.53
5,150,7,68.2,16708395.66
5,150,7,68.3,12740151.69
5,150,7,68.4,11904731.91
5,150,7,68.5,11695876.97
5,150,7,68.6,11069312.13
5,150,7,68.7,11904731.91
5,150,7,68.8,12113586.86
5,150,7,68.9,11487022.02
5,150,7,69,12949006.64
5,150,7,69.1,11487022.02
5,150,7,69.2,23600608.88
5,150,7,69.3,24436028.66
5,150,7,69.4,11069312.13
5,150,7,69.5,11487022.02
5,150,7,69.6,20467784.69
5,150,7,69.7,9189617.615
5,150,7,69.8,13157861.59
5,150,7,69.9,14202136.31
5,150,7,70,10025037.4
5,150,7,70.1,12322441.8
5,150,7,70.2,10651602.24
5,150,7,70.3,11904731.91
5,150,7,70.4,12949006.64
5,150,7,70.5,9607327.507
5,150,7,70.6,11904731.91
5,150,7,70.7,11069312.13
5,150,7,70.8,13157861.59
5,150,7,70.9,9398472.561
5,150,7,71,10025037.4
5,150,7,71.1,11069312.13
5,150,7,71.2,12531296.75
5,150,7,71.3,8145342.886
5,150,7,71.4,11069312.13
5,150,7,71.5,15246411.04
5,150,7,71.6,11695876.97
5,150,7,71.7,12322441.8
5,150,7,71.8,11695876.97
5,150,7,71.9,12113586.86
5,150,7,72,11069312.13
5,150,7,72.1,9816182.453
5,150,7,72.2,8354197.832
5,150,7,72.3,11278167.07
5,150,7,72.4,12740151.69
5,150,7,72.5,6056793.428
5,150,7,72.6,9816182.453
5,150,7,72.7,8145342.886
5,150,7,72.8,7936487.941
5,150,7,72.9,11487022.02
5,150,7,73,9607327.507
5,150,7,73.1,11904731.91
5,150,7,73.2,8980762.67
5,150,7,73.3,11487022.02
5,150,7,73.4,9189617.615
5,150,7,73.5,10651602.24
5,150,7,73.6,14619846.21
5,150,7,73.7,11487022.02
5,150,7,73.8,8354197.832
5,150,7,73.9,8980762.67
5,150,7,74,7101068.157
5,150,7,74.1,9398472.561
5,150,7,74.2,8980762.67
5,150,7,74.3,9398472.561
5,150,7,74.4,11278167.07
5,150,7,74.5,9398472.561
5,150,7,74.6,11278167.07
5,150,7,74.7,8145342.886
5,150,7,74.8,11695876.97
5,150,7,74.9,8980762.67
5,150,7,75,8771907.724
5,150,7,75.1,9398472.561
5,150,7,75.2,13993281.37
5,150,7,75.3,11278167.07
5,150,7,75.4,9189617.615
5,150,7,75.5,10651602.24
5,150,7,75.6,5847938.483
5,150,7,75.7,10233892.34
5,150,7,75.8,7101068.157
5,150,7,75.9,6474503.32
5,150,7,76,11278167.07
5,150,7,76.1,10233892.34
5,150,7,76.2,9398472.561
5,150,7,76.3,7936487.941
5,150,7,76.4,10651602.24
5,150,7,76.5,9816182.453
5,150,7,76.6,7727632.995
5,150,7,76.7,9607327.507
5,150,7,76.8,7727632.995
5,150,7,76.9,8354197.832
5,150,7,77,8980762.67
5,150,7,77.1,10860457.18
5,150,7,77.2,7518778.049
5,150,7,77.3,11904731.91
5,150,7,77.4,10442747.29
5,150,7,77.5,7727632.995
5,150,7,77.6,10025037.4
5,150,7,77.7,10233892.34
5,150,7,77.8,11487022.02
5,150,7,77.9,9816182.453
5,150,7,78,8980762.67
5,150,7,78.1,7518778.049
5,150,7,78.2,8563052.778
5,150,7,78.3,8771907.724
5,150,7,78.4,6265648.374
5,150,7,78.5,10025037.4
5,150,7,78.6,7518778.049
5,150,7,78.7,9189617.615
5,150,7,78.8,8354197.832
5,150,7,78.9,7936487.941
5,150,7,79,8980762.67
5,150,7,79.1,8563052.778
5,150,7,79.2,12113586.86
5,150,7,79.3,8980762.67
5,150,7,79.4,9607327.507
5,150,7,79.5,8563052.778
5,150,7,79.6,7936487.941
5,150,7,79.7,8354197.832
5,150,7,79.8,7936487.941
5,150,7,79.9,6056793.428
5,150,7,80,8145342.886
5,150,7,80.1,7936487.941
5,150,7,80.2,9816182.453
5,150,7,80.3,8980762.67
5,150,7,80.4,8771907.724
5,150,7,80.5,6474503.32
5,150,7,80.6,9607327.507
5,150,7,80.7,7936487.941
5,150,7,80.8,9816182.453
5,150,7,80.9,8563052.778
5,150,7,81,6474503.32
5,150,7,81.1,9816182.453
5,150,7,81.2,7936487.941
5,150,7,81.3,10442747.29
5,150,7,81.4,8354197.832
5,150,7,81.5,8771907.724
5,150,7,81.6,10025037.4
5,150,7,81.7,7101068.157
5,150,7,81.8,8980762.67
5,150,7,81.9,6683358.266
5,150,7,82,8980762.67
5,150,7,82.1,9816182.453
5,150,7,82.2,8771907.724
5,150,7,82.3,11904731.91
5,150,7,82.4,8145342.886
5,150,7,82.5,11069312.13
5,150,7,82.6,7727632.995
5,150,7,82.7,8145342.886
5,150,7,82.8,7309923.103
5,150,7,82.9,6474503.32
5,150,7,83,8771907.724
5,150,7,83.1,7101068.157
5,150,7,83.2,7727632.995
5,150,7,83.3,6892213.212
5,150,7,83.4,6892213.212
5,150,7,83.5,8563052.778
5,150,7,83.6,8145342.886
5,150,7,83.7,8145342.886
5,150,7,83.8,7936487.941
5,150,7,83.9,8563052.778
5,150,7,84,8145342.886
5,150,7,84.1,7101068.157
5,150,7,84.2,8354197.832
5,150,7,84.3,5847938.483
5,150,7,84.4,7936487.941
5,150,7,84.5,8354197.832
5,150,7,84.6,8980762.67
5,150,7,84.7,9816182.453
5,150,7,84.8,9398472.561
5,150,7,84.9,7727632.995
5,150,7,85,6265648.374
5,150,7,85.1,9398472.561
5,150,7,85.2,6265648.374
5,150,7,85.3,6474503.32
5,150,7,85.4,7309923.103
5,150,7,85.5,7309923.103
5,150,7,85.6,7727632.995
5,150,7,85.7,8563052.778
5,150,7,85.8,8980762.67
5,150,7,85.9,7518778.049
5,150,7,86,6056793.428
5,150,7,86.1,7936487.941
5,150,7,86.2,7309923.103
5,150,7,86.3,10651602.24
5,150,7,86.4,9189617.615
5,150,7,86.5,7518778.049
5,150,7,86.6,6265648.374
5,150,7,86.7,6265648.374
5,150,7,86.8,8354197.832
5,150,7,86.9,7309923.103
5,150,7,87,8145342.886
5,150,7,87.1,6683358.266
5,150,7,87.2,8771907.724
5,150,7,87.3,5430228.591
5,150,7,87.4,9816182.453
5,150,7,87.5,6474503.32
5,150,7,87.6,7518778.049
5,150,7,87.7,6265648.374
5,150,7,87.8,7936487.941
5,150,7,87.9,6056793.428
5,150,7,88,6474503.32
5,150,7,88.1,7727632.995
5,150,7,88.2,6892213.212
5,150,7,88.3,7101068.157
5,150,7,88.4,11069312.13
5,150,7,88.5,7309923.103
5,150,7,88.6,7727632.995
5,150,7,88.7,7727632.995
5,150,7,88.8,7518778.049
5,150,7,88.9,8354197.832
5,150,7,89,8145342.886
5,150,7,89.1,7101068.157
5,150,7,89.2,10025037.4
5,150,7,89.3,9398472.561
5,150,7,89.4,7936487.941
5,150,7,89.5,7309923.103
5,150,7,89.6,5639083.537
5,150,7,89.7,6683358.266
5,150,7,89.8,7727632.995
5,150,7,89.9,7101068.157
5,150,7,90,7518778.049
5,150,7,90.1,5847938.483
5,150,7,90.2,6892213.212
5,150,7,90.3,5847938.483
5,150,7,90.4,8771907.724
5,150,7,90.5,8771907.724
5,150,7,90.6,5639083.537
5,150,7,90.7,7727632.995
5,150,7,90.8,7518778.049
5,150,7,90.9,7518778.049
5,150,7,91,7518778.049
5,150,7,91.1,8145342.886
5,150,7,91.2,6056793.428
5,150,7,91.3,5430228.591
5,150,7,91.4,7518778.049
5,150,7,91.5,7101068.157
5,150,7,91.6,9607327.507
5,150,7,91.7,7101068.157
5,150,7,91.8,6474503.32
5,150,7,91.9,5847938.483
5,150,7,92,8354197.832
5,150,7,92.1,5847938.483
5,150,7,92.2,8145342.886
5,150,7,92.3,7518778.049
5,150,7,92.4,6056793.428
5,150,7,92.5,4594808.808
5,150,7,92.6,9816182.453
5,150,7,92.7,5221373.645
5,150,7,92.8,5639083.537
5,150,7,92.9,5639083.537
5,150,7,93,6056793.428
5,150,7,93.1,11069312.13
5,150,7,93.2,6056793.428
5,150,7,93.3,6474503.32
5,150,7,93.4,5012518.699
5,150,7,93.5,6474503.32
5,150,7,93.6,8771907.724
5,150,7,93.7,6056793.428
5,150,7,93.8,7518778.049
5,150,7,93.9,6683358.266
5,150,7,94,4803663.754
5,150,7,94.1,5639083.537
5,150,7,94.2,6892213.212
5,150,7,94.3,6892213.212
5,150,7,94.4,7518778.049
5,150,7,94.5,5012518.699
5,150,7,94.6,7309923.103
5,150,7,94.7,6474503.32
5,150,7,94.8,8771907.724
5,150,7,94.9,6265648.374
5,150,7,95,6683358.266
5,150,7,95.1,5430228.591
5,150,7,95.2,7101068.157
5,150,7,95.3,6892213.212
5,150,7,95.4,9189617.615
5,150,7,95.5,6056793.428
5,150,7,95.6,6056793.428
5,150,7,95.7,4177098.916
5,150,7,95.8,5639083.537
5,150,7,95.9,5847938.483
5,150,7,96,5847938.483
5,150,7,96.1,8563052.778
5,150,7,96.2,7518778.049
5,150,7,96.3,3132824.187
5,150,7,96.4,7309923.103
5,150,7,96.5,4177098.916
5,150,7,96.6,6892213.212
5,150,7,96.7,5639083.537
5,150,7,96.8,4803663.754
5,150,7,96.9,6056793.428
5,150,7,97,7309923.103
5,150,7,97.1,4803663.754
5,150,7,97.2,3968243.97
5,150,7,97.3,5221373.645
5,150,7,97.4,5012518.699
5,150,7,97.5,4803663.754
5,150,7,97.6,4803663.754
5,150,7,97.7,4385953.862
5,150,7,97.8,7101068.157
5,150,7,97.9,5847938.483
5,150,7,98,5221373.645
5,150,7,98.1,4385953.862
5,150,7,98.2,4177098.916
5,150,7,98.3,7309923.103
5,150,7,98.4,5430228.591
5,150,7,98.5,5430228.591
5,150,7,98.6,5221373.645
5,150,7,98.7,6265648.374
5,150,7,98.8,7518778.049
5,150,7,98.9,5012518.699
5,150,7,99,5430228.591
5,150,7,99.1,6474503.32
5,150,7,99.2,6892213.212
5,150,7,99.3,5847938.483
5,150,7,99.4,6265648.374
5,150,7,99.5,5847938.483
5,150,7,99.6,6892213.212
5,150,7,99.7,4594808.808
5,150,7,99.8,6683358.266
5,150,7,99.9,5639083.537
5,150,7,100,5221373.645
5,150,7,100.1,6056793.428
5,150,7,100.2,6683358.266
5,150,7,100.3,4385953.862
5,150,7,100.4,5639083.537
5,150,7,100.5,5430228.591
5,150,7,100.6,5639083.537
5,150,7,100.7,5847938.483
5,150,7,100.8,5847938.483
5,150,7,100.9,7101068.157
5,150,7,101,5012518.699
5,150,7,101.1,5847938.483
5,150,7,101.2,6892213.212
5,150,7,101.3,4177098.916
5,150,7,101.4,4177098.916
5,150,7,101.5,5221373.645
5,150,7,101.6,5639083.537
5,150,7,101.7,5430228.591
5,150,7,101.8,7727632.995
5,150,7,101.9,4594808.808
5,150,7,102,5012518.699
5,150,7,102.1,6683358.266
5,150,7,102.2,4803663.754
5,150,7,102.3,4385953.862
5,150,7,102.4,5012518.699
5,150,7,102.5,6056793.428
5,150,7,102.6,5430228.591
5,150,7,102.7,4385953.862
5,150,7,102.8,6474503.32
5,150,7,102.9,6474503.32
5,150,7,103,6265648.374
5,150,7,103.1,6056793.428
5,150,7,103.2,5221373.645
5,150,7,103.3,6892213.212
5,150,7,103.4,5221373.645
5,150,7,103.5,4803663.754
5,150,7,103.6,5221373.645
5,150,7,103.7,4594808.808
5,150,7,103.8,5012518.699
5,150,7,103.9,5221373.645
5,150,7,104,4803663.754
5,150,7,104.1,4594808.808
5,150,7,104.2,3341679.133
5,150,7,104.3,5012518.699
5,150,7,104.4,6474503.32
5,150,7,104.5,4385953.862
5,150,7,104.6,6056793.428
5,150,7,104.7,3132824.187
5,150,7,104.8,5847938.483
5,150,7,104.9,4385953.862
5,150,7,105,3968243.97
5,150,7,105.1,6056793.428
5,150,7,105.2,3759389.025
5,150,7,105.3,6265648.374
5,150,7,105.4,4594808.808
5,150,7,105.5,3550534.079
5,150,7,105.6,5012518.699
5,150,7,105.7,2506259.35
5,150,7,105.8,5012518.699
5,150,7,105.9,4803663.754
5,150,7,106,5012518.699
5,150,7,106.1,5639083.537
5,150,7,106.2,3968243.97
5,150,7,106.3,3759389.025
5,150,7,106.4,3968243.97
5,150,7,106.5,3550534.079
5,150,7,106.6,4594808.808
5,150,7,106.7,2923969.241
5,150,7,106.8,3968243.97
5,150,7,106.9,3759389.025
5,150,7,107,3968243.97
5,150,7,107.1,3759389.025
5,150,7,107.2,4177098.916
5,150,7,107.3,6474503.32
5,150,7,107.4,5430228.591
5,150,7,107.5,3341679.133
5,150,7,107.6,5430228.591
5,150,7,107.7,5847938.483
5,150,7,107.8,5430228.591
5,150,7,107.9,3550534.079
5,150,7,108,5430228.591
5,150,7,108.1,6056793.428
5,150,7,108.2,4803663.754
5,150,7,108.3,5430228.591
5,150,7,108.4,3968243.97
5,150,7,108.5,3550534.079
5,150,7,108.6,3550534.079
5,150,7,108.7,5847938.483
5,150,7,108.8,4803663.754
5,150,7,108.9,5221373.645
5,150,7,109,3968243.97
5,150,7,109.1,5847938.483
5,150,7,109.2,4177098.916
5,150,7,109.3,5430228.591
5,150,7,109.4,4385953.862
5,150,7,109.5,5847938.483
5,150,7,109.6,4385953.862
5,150,7,109.7,5639083.537
5,150,7,109.8,2297404.404
5,150,7,109.9,3341679.133
5,150,7,110,3550534.079
5,150,7,110.1,3968243.97
5,150,7,110.2,3132824.187
5,150,7,110.3,4803663.754
5,150,7,110.4,3550534.079
5,150,7,110.5,3968243.97
5,150,7,110.6,5221373.645
5,150,7,110.7,5847938.483
5,150,7,110.8,3968243.97
5,150,7,110.9,5639083.537
5,150,7,111,3759389.025
5,150,7,111.1,5639083.537
5,150,7,111.2,4803663.754
5,150,7,111.3,5639083.537
5,150,7,111.4,3759389.025
5,150,7,111.5,6474503.32
5,150,7,111.6,3550534.079
5,150,7,111.7,5221373.645
5,150,7,111.8,3759389.025
5,150,7,111.9,4385953.862
5,150,7,112,4803663.754
5,150,7,112.1,5221373.645
5,150,7,112.2,5430228.591
5,150,7,112.3,5430228.591
5,150,7,112.4,4177098.916
5,150,7,112.5,3132824.187
5,150,7,112.6,4594808.808
5,150,7,112.7,2715114.295
5,150,7,112.8,3759389.025
5,150,7,112.9,4594808.808
5,150,7,113,3341679.133
5,150,7,113.1,4594808.808
5,150,7,113.2,5430228.591
5,150,7,113.3,3550534.079
5,150,7,113.4,4803663.754
5,150,7,113.5,4177098.916
5,150,7,113.6,3759389.025
5,150,7,113.7,4177098.916
5,150,7,113.8,3968243.97
5,150,7,113.9,2923969.241
5,150,7,114,4803663.754
5,150,7,114.1,3759389.025
5,150,7,114.2,5639083.537
5,150,7,114.3,3132824.187
5,150,7,114.4,3759389.025
5,150,7,114.5,6056793.428
5,150,7,114.6,4594808.808
5,150,7,114.7,4594808.808
5,150,7,114.8,4385953.862
5,150,7,114.9,5221373.645
5,150,7,115,4177098.916
5,150,7,115.1,4594808.808
5,150,7,115.2,4803663.754
5,150,7,115.3,4594808.808
5,150,7,115.4,3968243.97
5,150,7,115.5,4385953.862
5,150,7,115.6,5012518.699
5,150,7,115.7,3132824.187
5,150,7,115.8,2715114.295
5,150,7,115.9,2297404.404
5,150,7,116,4803663.754
5,150,7,116.1,3968243.97
5,150,7,116.2,3968243.97
5,150,7,116.3,3550534.079
5,150,7,116.4,3968243.97
5,150,7,116.5,4385953.862
5,150,7,116.6,3968243.97
5,150,7,116.7,2923969.241
5,150,7,116.8,2088549.458
5,150,7,116.9,4385953.862
5,150,7,117,3759389.025
5,150,7,117.1,2506259.35
5,150,7,117.2,3759389.025
5,150,7,117.3,3341679.133
5,150,7,117.4,2923969.241
5,150,7,117.5,3341679.133
5,150,7,117.6,2923969.241
5,150,7,117.7,3759389.025
5,150,7,117.8,3341679.133
5,150,7,117.9,2923969.241
5,150,7,118,3550534.079
5,150,7,118.1,3968243.97
5,150,7,118.2,2506259.35
5,150,7,118.3,3968243.97
5,150,7,118.4,3341679.133
5,150,7,118.5,4177098.916
5,150,7,118.6,4177098.916
5,150,7,118.7,3550534.079
5,150,7,118.8,3759389.025
5,150,7,118.9,2506259.35
5,150,7,119,4385953.862
5,150,7,119.1,3132824.187
5,150,7,119.2,3132824.187
5,150,7,119.3,4385953.862
5,150,7,119.4,3132824.187
5,150,7,119.5,2923969.241
5,150,7,119.6,3968243.97
5,150,7,119.7,3132824.187
5,150,7,119.8,2297404.404
5,150,7,119.9,3550534.079
5,150,7,120,5639083.537
5,150,7,120.1,2506259.35
5,150,7,120.2,2923969.241
5,150,7,120.3,3341679.133
5,150,7,120.4,2506259.35
5,150,7,120.5,5012518.699
5,150,7,120.6,2715114.295
5,150,7,120.7,3968243.97
5,150,7,120.8,2923969.241
5,150,7,120.9,2506259.35
5,150,7,121,3759389.025
5,150,7,121.1,4177098.916
5,150,7,121.2,3968243.97
5,150,7,121.3,3341679.133
5,150,7,121.4,2923969.241
5,150,7,121.5,3759389.025
5,150,7,121.6,2923969.241
5,150,7,121.7,4385953.862
5,150,7,121.8,3132824.187
5,150,7,121.9,4594808.808
5,150,7,122,3132824.187
5,150,7,122.1,3968243.97
5,150,7,122.2,2923969.241
5,150,7,122.3,3759389.025
5,150,7,122.4,4385953.862
5,150,7,122.5,3132824.187
5,150,7,122.6,2923969.241
5,150,7,122.7,3968243.97
5,150,7,122.8,2923969.241
5,150,7,122.9,2506259.35
5,150,7,123,2088549.458
5,150,7,123.1,3759389.025
5,150,7,123.2,3341679.133
5,150,7,123.3,3132824.187
5,150,7,123.4,3132824.187
5,150,7,123.5,3132824.187
5,150,7,123.6,2506259.35
5,150,7,123.7,3550534.079
5,150,7,123.8,3550534.079
5,150,7,123.9,2297404.404
5,150,7,124,2715114.295
5,150,7,124.1,2297404.404
5,150,7,124.2,2923969.241
5,150,7,124.3,1461984.621
5,150,7,124.4,1879694.512
5,150,7,124.5,2506259.35
5,150,7,124.6,2088549.458
5,150,7,124.7,1461984.621
5,150,7,124.8,1879694.512
5,150,7,124.9,3550534.079
5,150,7,125,3132824.187
5,150,7,125.1,2715114.295
5,150,7,125.2,4177098.916
5,150,7,125.3,3132824.187
5,150,7,125.4,3132824.187
5,150,7,125.5,3132824.187
5,150,7,125.6,3132824.187
5,150,7,125.7,1879694.512
5,150,7,125.8,1670839.566
5,150,7,125.9,2506259.35
5,150,7,126,3550534.079
5,150,7,126.1,2715114.295
5,150,7,126.2,3341679.133
5,150,7,126.3,1670839.566
5,150,7,126.4,1670839.566
5,150,7,126.5,3550534.079
5,150,7,126.6,3132824.187
5,150,7,126.7,3759389.025
5,150,7,126.8,1670839.566
5,150,7,126.9,3341679.133
5,150,7,127,2297404.404
5,150,7,127.1,2506259.35
5,150,7,127.2,2923969.241
5,150,7,127.3,4385953.862
5,150,7,127.4,2923969.241
5,150,7,127.5,1670839.566
5,150,7,127.6,2715114.295
5,150,7,127.7,1879694.512
5,150,7,127.8,2297404.404
5,150,7,127.9,2297404.404
5,150,7,128,2506259.35
5,150,7,128.1,2088549.458
5,150,7,128.2,2297404.404
5,150,7,128.3,1670839.566
5,150,7,128.4,2506259.35
5,150,7,128.5,2297404.404
5,150,7,128.6,2715114.295
5,150,7,128.7,1461984.621
5,150,7,128.8,2923969.241
5,150,7,128.9,2297404.404
5,150,7,129,3759389.025
5,150,7,129.1,2088549.458
5,150,7,129.2,2297404.404
5,150,7,129.3,2297404.404
5,150,7,129.4,2297404.404
5,150,7,129.5,1253129.675
5,150,7,129.6,2506259.35
5,150,7,129.7,3341679.133
5,150,7,129.8,2506259.35
5,150,7,129.9,2297404.404
5,150,7,130,2923969.241
5,150,7,130.1,2506259.35
5,150,7,130.2,2088549.458
5,150,7,130.3,2297404.404
5,150,7,130.4,3132824.187
5,150,7,130.5,1670839.566
5,150,7,130.6,3132824.187
5,150,7,130.7,2923969.241
5,150,7,130.8,3132824.187
5,150,7,130.9,2715114.295
5,150,7,131,2088549.458
5,150,7,131.1,3132824.187
5,150,7,131.2,2297404.404
5,150,7,131.3,3550534.079
5,150,7,131.4,1044274.729
5,150,7,131.5,1670839.566
5,150,7,131.6,3132824.187
5,150,7,131.7,2923969.241
5,150,7,131.8,1670839.566
5,150,7,131.9,1461984.621
5,150,7,132,1670839.566
5,150,7,132.1,1461984.621
5,150,7,132.2,2715114.295
5,150,7,132.3,2297404.404
5,150,7,132.4,1253129.675
5,150,7,132.5,2297404.404
5,150,7,132.6,2715114.295
5,150,7,132.7,2088549.458
5,150,7,132.8,1879694.512
5,150,7,132.9,2088549.458
5,150,7,133,1253129.675
5,150,7,133.1,835419.7832
5,150,7,133.2,1253129.675
5,150,7,133.3,3132824.187
5,150,7,133.4,2088549.458
5,150,7,133.5,2923969.241
5,150,7,133.6,3132824.187
5,150,7,133.7,1253129.675
5,150,7,133.8,2923969.241
5,150,7,133.9,2088549.458
5,150,7,134,1253129.675
5,150,7,134.1,1879694.512
5,150,7,134.2,1670839.566
5,150,7,134.3,2506259.35
5,150,7,134.4,2506259.35
5,150,7,134.5,2088549.458
5,150,7,134.6,2297404.404
5,150,7,134.7,2715114.295
5,150,7,134.8,1044274.729
5,150,7,134.9,2088549.458
5,150,7,135,1879694.512
5,150,7,135.1,1461984.621
5,150,7,135.2,2088549.458
5,150,7,135.3,1670839.566
5,150,7,135.4,2923969.241
5,150,7,135.5,2088549.458
5,150,7,135.6,1461984.621
5,150,7,135.7,2088549.458
5,150,7,135.8,2923969.241
5,150,7,135.9,3132824.187
5,150,7,136,2506259.35
5,150,7,136.1,1044274.729
5,150,7,136.2,2506259.35
5,150,7,136.3,2506259.35
5,150,7,136.4,3132824.187
5,150,7,136.5,835419.7832
5,150,7,136.6,1670839.566
5,150,7,136.7,1044274.729
5,150,7,136.8,2297404.404
5,150,7,136.9,1670839.566
5,150,7,137,1461984.621
5,150,7,137.1,3968243.97
5,150,7,137.2,1044274.729
5,150,7,137.3,1670839.566
5,150,7,137.4,2297404.404
5,150,7,137.5,2088549.458
5,150,7,137.6,2088549.458
5,150,7,137.7,1879694.512
5,150,7,137.8,3132824.187
5,150,7,137.9,1670839.566
5,150,7,138,2088549.458
5,150,7,138.1,2506259.35
5,150,7,138.2,1461984.621
5,150,7,138.3,2088549.458
5,150,7,138.4,1670839.566
5,150,7,138.5,1670839.566
5,150,7,138.6,1253129.675
5,150,7,138.7,1253129.675
5,150,7,138.8,835419.7832
5,150,7,138.9,1670839.566
5,150,7,139,417709.8916
5,150,7,139.1,1670839.566
5,150,7,139.2,1670839.566
5,150,7,139.3,1670839.566
5,150,7,139.4,417709.8916
5,150,7,139.5,417709.8916
5,150,7,139.6,1461984.621
5,150,7,139.7,1879694.512
5,150,7,139.8,1461984.621
5,150,7,139.9,626564.8374
5,150,7,140,835419.7832
5,150,7,140.1,1670839.566
5,150,7,140.2,1044274.729
5,150,7,140.3,2506259.35
5,150,7,140.4,1461984.621
5,150,7,140.5,1879694.512
5,150,7,140.6,2088549.458
5,150,7,140.7,1253129.675
5,150,7,140.8,1044274.729
5,150,7,140.9,1044274.729
5,150,7,141,1670839.566
5,150,7,141.1,417709.8916
5,150,7,141.2,1879694.512
5,150,7,141.3,1461984.621
5,150,7,141.4,1044274.729
5,150,7,141.5,1879694.512
5,150,7,141.6,1879694.512
5,150,7,141.7,1044274.729
5,150,7,141.8,1253129.675
5,150,7,141.9,835419.7832
5,150,7,142,1253129.675
5,150,7,142.1,1044274.729
5,150,7,142.2,1044274.729
5,150,7,142.3,1044274.729
5,150,7,142.4,1044274.729
5,150,7,142.5,1044274.729
5,150,7,142.6,626564.8374
5,150,7,142.7,626564.8374
5,150,7,142.8,626564.8374
5,150,7,142.9,1044274.729
5,150,7,143,626564.8374
5,150,7,143.1,1044274.729
5,150,7,143.2,1253129.675
5,150,7,143.3,835419.7832
5,150,7,143.4,835419.7832
5,150,7,143.5,835419.7832
5,150,7,143.6,835419.7832
5,150,7,143.7,626564.8374
5,150,7,143.8,626564.8374
5,150,7,143.9,835419.7832
5,150,7,144,1461984.621
5,150,7,144.1,417709.8916
5,150,7,144.2,1044274.729
5,150,7,144.3,626564.8374
5,150,7,144.4,417709.8916
5,150,7,144.5,835419.7832
5,150,7,144.6,626564.8374
5,150,7,144.7,626564.8374
5,150,7,144.8,208854.9458
5,150,7,144.9,835419.7832
5,150,7,145,1253129.675
5,150,7,145.1,835419.7832
5,150,7,145.2,835419.7832
5,150,7,145.3,417709.8916
5,150,7,145.4,1670839.566
5,150,7,145.5,626564.8374
5,150,7,145.6,835419.7832
5,150,7,145.7,835419.7832
5,150,7,145.8,208854.9458
5,150,7,145.9,417709.8916
5,150,7,146,626564.8374
5,150,7,146.1,626564.8374
5,150,7,146.2,1044274.729
5,150,7,146.3,417709.8916
5,150,7,146.4,1253129.675
5,150,7,146.5,208854.9458
5,150,7,146.6,208854.9458
5,150,7,146.7,417709.8916
5,150,7,146.8,208854.9458
5,150,7,146.9,626564.8374
5,150,7,147,208854.9458
5,150,7,147.1,626564.8374
5,150,7,147.2,208854.9458
5,150,7,147.3,626564.8374
5,150,7,147.4,417709.8916
5,150,7,147.5,626564.8374
5,150,7,147.7,626564.8374
5,150,7,147.8,208854.9458
5,150,7,148,417709.8916
5,150,7,148.1,835419.7832
5,150,7,148.2,208854.9458
5,150,7,148.5,835419.7832
5,150,7,148.7,417709.8916
5,150,7,148.8,208854.9458
5,150,7,148.9,208854.9458
5,150,7,149,208854.9458
5,150,7,149.2,626564.8374
5,150,7,149.3,417709.8916
5,150,7,149.7,417709.8916
5,150,7,149.8,208854.9458
5,150,7,149.9,208854.9458
10,40,1,3.3,45588.90662
10,40,1,3.4,113972.2665
10,40,1,3.5,182355.6265
10,40,1,3.6,410300.1596
10,40,1,3.7,638244.6927
10,40,1,3.8,911778.1324
10,40,1,3.9,911778.1324
10,40,1,4,1162517.119
10,40,1,4.1,1709583.998
10,40,1,4.2,2233856.424
10,40,1,4.3,2826512.21
10,40,1,4.4,3008867.837
10,40,1,4.5,4194179.409
10,40,1,4.6,4376535.035
10,40,1,4.7,5083163.088
10,40,1,4.8,6382446.927
10,40,1,4.9,7385402.872
10,40,1,5,7613347.405
10,40,1,5.1,8297181.005
10,40,1,5.2,9664848.203
10,40,1,5.3,10439859.62
10,40,1,5.4,11078104.31
10,40,1,5.5,12172238.07
10,40,1,5.6,12901660.57
10,40,1,5.7,13357549.64
10,40,1,5.8,13995794.33
10,40,1,5.9,15226694.81
10,40,1,6,15819350.6
10,40,1,6.1,16913484.36
10,40,1,6.2,16685539.82
10,40,1,6.3,18121590.38
10,40,1,6.4,19261313.05
10,40,1,6.5,18531890.54
10,40,1,6.6,21586347.28
10,40,1,6.7,22338564.24
10,40,1,6.8,21791497.36
10,40,1,6.9,21723114
10,40,1,7,21107663.76
10,40,1,7.1,24435653.95
10,40,1,7.2,23090781.2
10,40,1,7.3,23204753.47
10,40,1,7.4,66423036.94
10,40,1,7.5,23341520.19
10,40,1,7.6,25256254.27
10,40,1,7.7,24800365.2
10,40,1,7.8,24754776.29
10,40,1,7.9,23159164.56
10,40,1,8,25712143.33
10,40,1,8.1,24914337.47
10,40,1,8.2,26669510.37
10,40,1,8.3,117824529.2
10,40,1,8.4,831769601.3
10,40,1,8.5,25073898.64
10,40,1,8.6,26282004.67
10,40,1,8.7,26031265.68
10,40,1,8.8,35171841.46
10,40,1,8.9,25598171.07
10,40,1,9,26851866
10,40,1,9.1,25005515.28
10,40,1,9.2,25529787.71
10,40,1,9.3,25438609.89
10,40,1,9.4,24731981.84
10,40,1,9.5,55732438.34
10,40,1,9.6,38135120.39
10,40,1,9.7,398811755.1
10,40,1,9.8,62684746.6
10,40,1,9.9,44813895.21
10,40,1,10,201708117.3
10,40,1,10.1,25962882.32
10,40,1,10.2,30932073.14
10,40,1,10.3,21996647.44
10,40,1,10.4,19762791.02
10,40,1,10.5,20378241.26
10,40,1,10.6,21016485.95
10,40,1,10.7,20332652.35
10,40,1,10.8,19489257.58
10,40,1,10.9,20583391.34
10,40,1,11,24184914.96
10,40,1,11.1,20970897.04
10,40,1,11.2,20948102.59
10,40,1,11.3,89627790.41
10,40,1,11.4,20446624.62
10,40,1,11.5,20492213.53
10,40,1,11.6,28834983.44
10,40,1,11.7,27581288.5
10,40,1,11.8,18873807.34
10,40,1,11.9,18349534.91
10,40,1,12,20765746.96
10,40,1,12.1,18189973.74
10,40,1,12.2,16822306.54
10,40,1,12.3,17870851.39
10,40,1,12.4,18623068.35
10,40,1,12.5,16594362.01
10,40,1,12.6,16731128.73
10,40,1,12.7,17802468.03
10,40,1,12.8,17437756.78
10,40,1,12.9,17734084.67
10,40,1,13,16845101
10,40,1,13.1,17437756.78
10,40,1,13.2,16548773.1
10,40,1,13.3,15956117.32
10,40,1,13.4,17665701.31
10,40,1,13.5,15842145.05
10,40,1,13.6,15705378.33
10,40,1,13.7,17483345.69
10,40,1,13.8,17004662.17
10,40,1,13.9,16503184.2
10,40,1,14,15659789.42
10,40,1,14.1,16184061.85
10,40,1,14.2,16731128.73
10,40,1,14.3,16617156.46
10,40,1,14.4,15386255.98
10,40,1,14.5,16001706.22
10,40,1,14.6,16913484.36
10,40,1,14.7,16138472.94
10,40,1,14.8,15910528.41
10,40,1,14.9,15272283.72
10,40,1,15,15340667.08
10,40,1,15.1,15477433.8
10,40,1,15.2,14451683.4
10,40,1,15.3,15568611.61
10,40,1,15.4,14679627.93
10,40,1,15.5,14223738.87
10,40,1,15.6,15978911.77
10,40,1,15.7,14907572.46
10,40,1,15.8,14861983.56
10,40,1,15.9,15112722.54
10,40,1,16,15568611.61
10,40,1,16.1,14975955.82
10,40,1,16.2,14292122.23
10,40,1,16.3,14542861.21
10,40,1,16.4,14018588.79
10,40,1,16.5,14383300.04
10,40,1,16.6,13881822.07
10,40,1,16.7,14474477.85
10,40,1,16.8,13836233.16
10,40,1,16.9,12422977.05
10,40,1,17,12149443.61
10,40,1,17.1,12856071.67
10,40,1,17.2,12924455.03
10,40,1,17.3,13494316.36
10,40,1,17.4,12354593.69
10,40,1,17.5,13950205.43
10,40,1,17.6,13403138.55
10,40,1,17.7,13289166.28
10,40,1,17.8,12582538.23
10,40,1,17.9,12878866.12
10,40,1,18,13243577.37
10,40,1,18.1,13175194.01
10,40,1,18.2,12947249.48
10,40,1,18.3,11397226.65
10,40,1,18.4,12195032.52
10,40,1,18.5,12309004.79
10,40,1,18.6,12514154.87
10,40,1,18.7,11169282.12
10,40,1,18.8,10462654.07
10,40,1,18.9,12354593.69
10,40,1,19,12559743.77
10,40,1,19.1,10758981.96
10,40,1,19.2,11625171.19
10,40,1,19.3,11533993.37
10,40,1,19.4,11647965.64
10,40,1,19.5,11100898.76
10,40,1,19.6,11488404.47
10,40,1,19.7,11488404.47
10,40,1,19.8,11237665.48
10,40,1,19.9,11533993.37
10,40,1,20,11351637.75
10,40,1,20.1,11169282.12
10,40,1,20.2,10872954.23
10,40,1,20.3,11078104.31
10,40,1,20.4,11078104.31
10,40,1,20.5,10736187.51
10,40,1,20.6,9642053.75
10,40,1,20.7,10052353.91
10,40,1,20.8,10371476.26
10,40,1,20.9,11214871.03
10,40,1,21,9983970.55
10,40,1,21.1,9368520.31
10,40,1,21.2,9892792.736
10,40,1,21.3,9619259.297
10,40,1,21.4,10120737.27
10,40,1,21.5,9938381.643
10,40,1,21.6,9778820.47
10,40,1,21.7,10166326.18
10,40,1,21.8,9094986.87
10,40,1,21.9,9983970.55
10,40,1,22,9459698.123
10,40,1,22.1,9391314.763
10,40,1,22.2,9505287.03
10,40,1,22.3,9003809.057
10,40,1,22.4,9528081.483
10,40,1,22.5,9208959.137
10,40,1,22.6,8730275.618
10,40,1,22.7,8547919.991
10,40,1,22.8,8593508.898
10,40,1,22.9,9163370.23
10,40,1,23,8570714.444
10,40,1,23.1,8433947.725
10,40,1,23.2,8160414.285
10,40,1,23.3,8707481.164
10,40,1,23.4,8183208.738
10,40,1,23.5,8092030.925
10,40,1,23.6,8342769.911
10,40,1,23.7,8000853.112
10,40,1,23.8,8525125.538
10,40,1,23.9,8411153.271
10,40,1,24,7818497.485
10,40,1,24.1,7727319.672
10,40,1,24.2,8114825.378
10,40,1,24.3,8046442.018
10,40,1,24.4,7841291.938
10,40,1,24.5,8411153.271
10,40,1,24.6,7613347.405
10,40,1,24.7,7727319.672
10,40,1,24.8,8183208.738
10,40,1,24.9,7203047.246
10,40,1,25,6997897.166
10,40,1,25.1,7362608.419
10,40,1,25.2,7203047.246
10,40,1,25.3,7704525.219
10,40,1,25.4,6701569.273
10,40,1,25.5,7522169.592
10,40,1,25.6,6792747.086
10,40,1,25.7,6997897.166
10,40,1,25.8,6131707.94
10,40,1,25.9,7089074.979
10,40,1,26,6496419.193
10,40,1,26.1,7020691.619
10,40,1,26.2,7134663.886
10,40,1,26.3,7066280.526
10,40,1,26.4,7681730.765
10,40,1,26.5,6861130.446
10,40,1,26.6,6633185.913
10,40,1,26.7,6542008.1
10,40,1,26.8,6314063.567
10,40,1,26.9,5926557.86
10,40,1,27,6861130.446
10,40,1,27.1,5949352.314
10,40,1,27.2,6496419.193
10,40,1,27.3,5789791.141
10,40,1,27.4,5835380.047
10,40,1,27.5,5812585.594
10,40,1,27.6,5835380.047
10,40,1,27.7,5789791.141
10,40,1,27.8,6040530.127
10,40,1,27.9,6063324.58
10,40,1,28,5812585.594
10,40,1,28.1,5675818.874
10,40,1,28.2,5630229.967
10,40,1,28.3,5949352.314
10,40,1,28.4,5835380.047
10,40,1,28.5,5698613.327
10,40,1,28.6,5561846.608
10,40,1,28.7,5880968.954
10,40,1,28.8,5470668.794
10,40,1,28.9,5447874.341
10,40,1,29,5311107.621
10,40,1,29.1,4946396.368
10,40,1,29.2,4855218.555
10,40,1,29.3,5698613.327
10,40,1,29.4,5356696.528
10,40,1,29.5,4946396.368
10,40,1,29.6,4786835.195
10,40,1,29.7,5060368.635
10,40,1,29.8,5607435.514
10,40,1,29.9,5219929.808
10,40,1,30,5197135.355
10,40,1,30.1,4695657.382
10,40,1,30.2,4490507.302
10,40,1,30.3,4832424.102
10,40,1,30.4,4764040.742
10,40,1,30.5,5151546.448
10,40,1,30.6,4923601.915
10,40,1,30.7,4946396.368
10,40,1,30.8,4558890.662
10,40,1,30.9,4627274.022
10,40,1,31,4239768.316
10,40,1,31.1,4809629.648
10,40,1,31.2,4148590.502
10,40,1,31.3,4809629.648
10,40,1,31.4,3920645.969
10,40,1,31.5,4467712.849
10,40,1,31.6,4490507.302
10,40,1,31.7,4239768.316
10,40,1,31.8,3989029.329
10,40,1,31.9,4285357.222
10,40,1,32,4080207.142
10,40,1,32.1,3647112.53
10,40,1,32.2,3966234.876
10,40,1,32.3,3943440.423
10,40,1,32.4,3761084.796
10,40,1,32.5,4194179.409
10,40,1,32.6,3624318.076
10,40,1,32.7,2940484.477
10,40,1,32.8,3327990.183
10,40,1,32.9,3783879.249
10,40,1,33,3464756.903
10,40,1,33.1,3327990.183
10,40,1,33.2,3373579.09
10,40,1,33.3,2917690.024
10,40,1,33.4,3145634.557
10,40,1,33.5,3989029.329
10,40,1,33.6,3305195.73
10,40,1,33.7,3419167.996
10,40,1,33.8,3031662.29
10,40,1,33.9,2963278.93
10,40,1,34,3031662.29
10,40,1,34.1,2644156.584
10,40,1,34.2,3875057.063
10,40,1,34.3,3327990.183
10,40,1,34.4,2803717.757
10,40,1,34.5,3214017.917
10,40,1,34.6,2826512.21
10,40,1,34.7,2552978.771
10,40,1,34.8,2826512.21
10,40,1,34.9,2849306.664
10,40,1,35,2689745.491
10,40,1,35.1,2894895.57
10,40,1,35.2,2598567.677
10,40,1,35.3,2986073.384
10,40,1,35.4,2484595.411
10,40,1,35.5,2621362.131
10,40,1,35.6,2894895.57
10,40,1,35.7,2507389.864
10,40,1,35.8,2507389.864
10,40,1,35.9,2142678.611
10,40,1,36,1823556.265
10,40,1,36.1,1914734.078
10,40,1,36.2,2325034.238
10,40,1,36.3,2188267.518
10,40,1,36.4,2256650.878
10,40,1,36.5,2325034.238
10,40,1,36.6,2028706.345
10,40,1,36.7,1572817.278
10,40,1,36.8,1800761.811
10,40,1,36.9,1390461.652
10,40,1,37,1686789.545
10,40,1,37.1,1686789.545
10,40,1,37.2,1960322.985
10,40,1,37.3,1276489.385
10,40,1,37.4,1663995.092
10,40,1,37.5,1413256.105
10,40,1,37.6,1162517.119
10,40,1,37.7,1390461.652
10,40,1,37.8,1071339.306
10,40,1,37.9,1185311.572
10,40,1,38,1025750.399
10,40,1,38.1,1094133.759
10,40,1,38.2,1208106.025
10,40,1,38.3,1002955.946
10,40,1,38.4,1253694.932
10,40,1,38.5,775011.4125
10,40,1,38.6,1185311.572
10,40,1,38.7,661039.146
10,40,1,38.8,683833.5993
10,40,1,38.9,797805.8658
10,40,1,39,820600.3191
10,40,1,39.1,797805.8658
10,40,1,39.2,501477.9728
10,40,1,39.3,615450.2394
10,40,1,39.4,410300.1596
10,40,1,39.5,387505.7063
10,40,1,39.6,569861.3327
10,40,1,39.7,319122.3463
10,40,1,39.8,182355.6265
10,40,1,39.9,159561.1732
10,40,1,40,22794.45331
10,80,1,3,26026.50266
10,80,1,3.2,130132.5133
10,80,1,3.3,130132.5133
10,80,1,3.4,286291.5293
10,80,1,3.5,416424.0425
10,80,1,3.6,468477.0479
10,80,1,3.7,884901.0904
10,80,1,3.8,1015033.604
10,80,1,3.9,1353378.138
10,80,1,4,2030067.207
10,80,1,4.1,2498544.255
10,80,1,4.2,3227286.33
10,80,1,4.3,3773842.886
10,80,1,4.4,4346425.944
10,80,1,4.5,5725830.585
10,80,1,4.6,6480599.162
10,80,1,4.7,6766890.691
10,80,1,4.8,8172321.835
10,80,1,4.9,8666825.386
10,80,1,5,9421593.963
10,80,1,5.1,10306495.05
10,80,1,5.2,11685899.69
10,80,1,5.3,12284509.26
10,80,1,5.4,12388615.27
10,80,1,5.5,15173451.05
10,80,1,5.6,15199477.55
10,80,1,5.7,14991265.53
10,80,1,5.8,16630935.2
10,80,1,5.9,18218551.86
10,80,1,6,18687028.91
10,80,1,6.1,18973320.44
10,80,1,6.2,19962327.54
10,80,1,6.3,18608949.4
10,80,1,6.4,19962327.54
10,80,1,6.5,20092460.05
10,80,1,6.6,22252659.77
10,80,1,6.7,23033454.85
10,80,1,6.8,24100541.46
10,80,1,6.9,24022461.95
10,80,1,7,24542992.01
10,80,1,7.1,24881336.54
10,80,1,7.2,24386832.99
10,80,1,7.3,24126567.97
10,80,1,7.4,83440967.53
10,80,1,7.5,24881336.54
10,80,1,7.6,27588092.82
10,80,1,7.7,24595045.01
10,80,1,7.8,24933389.55
10,80,1,7.9,27796304.84
10,80,1,8,25844317.14
10,80,1,8.1,27640145.82
10,80,1,8.2,28915444.45
10,80,1,8.3,153322127.2
10,80,1,8.4,1139153995
10,80,1,8.5,26651138.72
10,80,1,8.6,26729218.23
10,80,1,8.7,26416900.2
10,80,1,8.8,40132867.1
10,80,1,8.9,25558025.61
10,80,1,9,26260741.18
10,80,1,9.1,26573059.22
10,80,1,9.2,27223721.78
10,80,1,9.3,28629152.93
10,80,1,9.4,27015509.76
10,80,1,9.5,72171491.87
10,80,1,9.6,44297107.53
10,80,1,9.7,587157900
10,80,1,9.8,84716266.16
10,80,1,9.9,54577576.08
10,80,1,10,263960790
10,80,1,10.1,29149682.98
10,80,1,10.2,34276904
10,80,1,10.3,24360806.49
10,80,1,10.4,22851269.33
10,80,1,10.5,22148553.76
10,80,1,10.6,22747163.32
10,80,1,10.7,22695110.32
10,80,1,10.8,23241666.87
10,80,1,10.9,22304712.78
10,80,1,11,25245707.58
10,80,1,11.1,22018421.25
10,80,1,11.2,21940341.74
10,80,1,11.3,125265557.3
10,80,1,11.4,22851269.33
10,80,1,11.5,22226633.27
10,80,1,11.6,35291937.61
10,80,1,11.7,34016638.98
10,80,1,11.8,22486898.3
10,80,1,11.9,20508884.1
10,80,1,12,23137560.86
10,80,1,12.1,21081467.15
10,80,1,12.2,20326698.58
10,80,1,12.3,19207558.96
10,80,1,12.4,19571930
10,80,1,12.5,20404778.08
10,80,1,12.6,19025373.44
10,80,1,12.7,17802127.82
10,80,1,12.8,19129479.45
10,80,1,12.9,20144513.06
10,80,1,13,19025373.44
10,80,1,13.1,18348684.37
10,80,1,13.2,17750074.81
10,80,1,13.3,19519876.99
10,80,1,13.4,18765108.42
10,80,1,13.5,19207558.96
10,80,1,13.6,20352725.08
10,80,1,13.7,17125438.75
10,80,1,13.8,19285638.47
10,80,1,13.9,18739081.91
10,80,1,14,16526829.19
10,80,1,14.1,18478816.89
10,80,1,14.2,18166498.86
10,80,1,14.3,17541862.79
10,80,1,14.4,17802127.82
10,80,1,14.5,16110405.15
10,80,1,14.6,18010339.84
10,80,1,14.7,17698021.81
10,80,1,14.8,16500802.69
10,80,1,14.9,17307624.27
10,80,1,15,17776101.32
10,80,1,15.1,16761067.71
10,80,1,15.2,16084378.64
10,80,1,15.3,18114445.85
10,80,1,15.4,17854180.82
10,80,1,15.5,16761067.71
10,80,1,15.6,16500802.69
10,80,1,15.7,16865173.72
10,80,1,15.8,17021332.74
10,80,1,15.9,17385703.78
10,80,1,16,15641928.1
10,80,1,16.1,16500802.69
10,80,1,16.2,17281597.77
10,80,1,16.3,15850140.12
10,80,1,16.4,16500802.69
10,80,1,16.5,14965239.03
10,80,1,16.6,15902193.12
10,80,1,16.7,15667954.6
10,80,1,16.8,16188484.65
10,80,1,16.9,15069345.04
10,80,1,17,14002258.43
10,80,1,17.1,16422723.18
10,80,1,17.2,15641928.1
10,80,1,17.3,15173451.05
10,80,1,17.4,15459742.58
10,80,1,17.5,15902193.12
10,80,1,17.6,14288549.96
10,80,1,17.7,14887159.52
10,80,1,17.8,14861133.02
10,80,1,17.9,14731000.51
10,80,1,18,14392655.97
10,80,1,18.1,14965239.03
10,80,1,18.2,15329610.07
10,80,1,18.3,14600867.99
10,80,1,18.4,14574841.49
10,80,1,18.5,13689940.4
10,80,1,18.6,13481728.38
10,80,1,18.7,15121398.05
10,80,1,18.8,14574841.49
10,80,1,18.9,13481728.38
10,80,1,19,13039277.83
10,80,1,19.1,13403648.87
10,80,1,19.2,13429675.37
10,80,1,19.3,13924178.92
10,80,1,19.4,13689940.4
10,80,1,19.5,13820072.91
10,80,1,19.6,13221463.35
10,80,1,19.7,13689940.4
10,80,1,19.8,12831065.81
10,80,1,19.9,13299542.86
10,80,1,20,13065304.33
10,80,1,20.1,12857092.31
10,80,1,20.2,14158417.45
10,80,1,20.3,12518747.78
10,80,1,20.4,12909145.32
10,80,1,20.5,12596827.29
10,80,1,20.6,12857092.31
10,80,1,20.7,12779012.81
10,80,1,20.8,13091330.84
10,80,1,20.9,12154376.74
10,80,1,21,11425634.67
10,80,1,21.1,11659873.19
10,80,1,21.2,12466694.77
10,80,1,21.3,11321528.66
10,80,1,21.4,12258482.75
10,80,1,21.5,12492721.28
10,80,1,21.6,11217422.65
10,80,1,21.7,12102323.74
10,80,1,21.8,11737952.7
10,80,1,21.9,10722919.1
10,80,1,22,11790005.7
10,80,1,22.1,11555767.18
10,80,1,22.2,11165369.64
10,80,1,22.3,11451661.17
10,80,1,22.4,11711926.2
10,80,1,22.5,11477687.67
10,80,1,22.6,11555767.18
10,80,1,22.7,10618813.08
10,80,1,22.8,11737952.7
10,80,1,22.9,11243449.15
10,80,1,23,12154376.74
10,80,1,23.1,11139343.14
10,80,1,23.2,10931131.12
10,80,1,23.3,11269475.65
10,80,1,23.4,10228415.55
10,80,1,23.5,11009210.62
10,80,1,23.6,11243449.15
10,80,1,23.7,9942124.016
10,80,1,23.8,10046230.03
10,80,1,23.9,10696892.59
10,80,1,24,11217422.65
10,80,1,24.1,10254442.05
10,80,1,24.2,9395567.46
10,80,1,24.3,9707885.492
10,80,1,24.4,10748945.6
10,80,1,24.5,10176362.54
10,80,1,24.6,10098283.03
10,80,1,24.7,10072256.53
10,80,1,24.8,11035237.13
10,80,1,24.9,9733911.995
10,80,1,25,10332521.56
10,80,1,25.1,10020203.52
10,80,1,25.2,10540733.58
10,80,1,25.3,8927090.412
10,80,1,25.4,9942124.016
10,80,1,25.5,9317487.952
10,80,1,25.6,9785965
10,80,1,25.7,9942124.016
10,80,1,25.8,10072256.53
10,80,1,25.9,10124309.53
10,80,1,26,9083249.428
10,80,1,26.1,8953116.915
10,80,1,26.2,9057222.925
10,80,1,26.3,10566760.08
10,80,1,26.4,10046230.03
10,80,1,26.5,9317487.952
10,80,1,26.6,9733911.995
10,80,1,26.7,9395567.46
10,80,1,26.8,9369540.957
10,80,1,26.9,9421593.963
10,80,1,27,8614772.38
10,80,1,27.1,8692851.888
10,80,1,27.2,8224374.84
10,80,1,27.3,8718878.391
10,80,1,27.4,9265434.947
10,80,1,27.5,8016162.819
10,80,1,27.6,8562719.375
10,80,1,27.7,8744904.894
10,80,1,27.8,8692851.888
10,80,1,27.9,9005169.92
10,80,1,28,7703844.787
10,80,1,28.1,8354507.354
10,80,1,28.2,8692851.888
10,80,1,28.3,8614772.38
10,80,1,28.4,9603779.481
10,80,1,28.5,8718878.391
10,80,1,28.6,7964109.814
10,80,1,28.7,9135302.433
10,80,1,28.8,8822984.402
10,80,1,28.9,8406560.359
10,80,1,29,8406560.359
10,80,1,29.1,7703844.787
10,80,1,29.2,7547685.771
10,80,1,29.3,7677818.284
10,80,1,29.4,8380533.856
10,80,1,29.5,7860003.803
10,80,1,29.6,7860003.803
10,80,1,29.7,8172321.835
10,80,1,29.8,8224374.84
10,80,1,29.9,7886030.306
10,80,1,30,8432586.862
10,80,1,30.1,8380533.856
10,80,1,30.2,8068215.824
10,80,1,30.3,7938083.311
10,80,1,30.4,7521659.269
10,80,1,30.5,7938083.311
10,80,1,30.6,8614772.38
10,80,1,30.7,6975102.713
10,80,1,30.8,6740864.189
10,80,1,30.9,7755897.792
10,80,1,31,7547685.771
10,80,1,31.1,7183314.734
10,80,1,31.2,7521659.269
10,80,1,31.3,8796957.899
10,80,1,31.4,7235367.739
10,80,1,31.5,6766890.691
10,80,1,31.6,7547685.771
10,80,1,31.7,7287420.745
10,80,1,31.8,7781924.295
10,80,1,31.9,7651791.782
10,80,1,32,7339473.75
10,80,1,32.1,6584705.173
10,80,1,32.2,6818943.697
10,80,1,32.3,7339473.75
10,80,1,32.4,8016162.819
10,80,1,32.5,6870996.702
10,80,1,32.6,7339473.75
10,80,1,32.7,6792917.194
10,80,1,32.8,7547685.771
10,80,1,32.9,7729871.29
10,80,1,33,6454572.66
10,80,1,33.1,7157288.231
10,80,1,33.2,6949076.21
10,80,1,33.3,6897023.205
10,80,1,33.4,6714837.686
10,80,1,33.5,7183314.734
10,80,1,33.6,6740864.189
10,80,1,33.7,6740864.189
10,80,1,33.8,6246360.638
10,80,1,33.9,6792917.194
10,80,1,34,6220334.136
10,80,1,34.1,6766890.691
10,80,1,34.2,6662784.681
10,80,1,34.3,6454572.66
10,80,1,34.4,6818943.697
10,80,1,34.5,6168281.13
10,80,1,34.6,6246360.638
10,80,1,34.7,5934042.606
10,80,1,34.8,6662784.681
10,80,1,34.9,5960069.109
10,80,1,35,6688811.183
10,80,1,35.1,5934042.606
10,80,1,35.2,5543645.066
10,80,1,35.3,6506625.665
10,80,1,35.4,6350466.649
10,80,1,35.5,6090201.622
10,80,1,35.6,5986095.612
10,80,1,35.7,6818943.697
10,80,1,35.8,6949076.21
10,80,1,35.9,5231327.035
10,80,1,36,5908016.104
10,80,1,36.1,5855963.098
10,80,1,36.2,6766890.691
10,80,1,36.3,5153247.527
10,80,1,36.4,5986095.612
10,80,1,36.5,6506625.665
10,80,1,36.6,5908016.104
10,80,1,36.7,5986095.612
10,80,1,36.8,5934042.606
10,80,1,36.9,6610731.675
10,80,1,37,6324440.146
10,80,1,37.1,7157288.231
10,80,1,37.2,6116228.125
10,80,1,37.3,5699804.082
10,80,1,37.4,6038148.617
10,80,1,37.5,6220334.136
10,80,1,37.6,6090201.622
10,80,1,37.7,5803910.093
10,80,1,37.8,5960069.109
10,80,1,37.9,5543645.066
10,80,1,38,5101194.521
10,80,1,38.1,5803910.093
10,80,1,38.2,4762849.987
10,80,1,38.3,5205300.532
10,80,1,38.4,5231327.035
10,80,1,38.5,5283380.04
10,80,1,38.6,5855963.098
10,80,1,38.7,4658743.976
10,80,1,38.8,5205300.532
10,80,1,38.9,5257353.537
10,80,1,39,5439539.056
10,80,1,39.1,5569671.569
10,80,1,39.2,5569671.569
10,80,1,39.3,6090201.622
10,80,1,39.4,5231327.035
10,80,1,39.5,5179274.029
10,80,1,39.6,5127221.024
10,80,1,39.7,5023115.013
10,80,1,39.8,5439539.056
10,80,1,39.9,4892982.5
10,80,1,40,5465565.558
10,80,1,40.1,4866955.997
10,80,1,40.2,5309406.542
10,80,1,40.3,5543645.066
10,80,1,40.4,5283380.04
10,80,1,40.5,5829936.596
10,80,1,40.6,5023115.013
10,80,1,40.7,5595698.072
10,80,1,40.8,4971062.008
10,80,1,40.9,4919009.003
10,80,1,41,5439539.056
10,80,1,41.1,5543645.066
10,80,1,41.2,5361459.548
10,80,1,41.3,4606690.971
10,80,1,41.4,4658743.976
10,80,1,41.5,4502584.96
10,80,1,41.6,5829936.596
10,80,1,41.7,5179274.029
10,80,1,41.8,5153247.527
10,80,1,41.9,5075168.019
10,80,1,42,4971062.008
10,80,1,42.1,4892982.5
10,80,1,42.2,4971062.008
10,80,1,42.3,4814902.992
10,80,1,42.4,5231327.035
10,80,1,42.5,5257353.537
10,80,1,42.6,4762849.987
10,80,1,42.7,5387486.05
10,80,1,42.8,4528611.463
10,80,1,42.9,5049141.516
10,80,1,43,4866955.997
10,80,1,43.1,4840929.495
10,80,1,43.2,4684770.479
10,80,1,43.3,4684770.479
10,80,1,43.4,4060134.415
10,80,1,43.5,5179274.029
10,80,1,43.6,4762849.987
10,80,1,43.7,4684770.479
10,80,1,43.8,4632717.473
10,80,1,43.9,4554637.965
10,80,1,44,5179274.029
10,80,1,44.1,4398478.949
10,80,1,44.2,4788876.489
10,80,1,44.3,4554637.965
10,80,1,44.4,4762849.987
10,80,1,44.5,4346425.944
10,80,1,44.6,4684770.479
10,80,1,44.7,4684770.479
10,80,1,44.8,4919009.003
10,80,1,44.9,4164240.425
10,80,1,45,4216293.431
10,80,1,45.1,4997088.511
10,80,1,45.2,4242319.933
10,80,1,45.3,4502584.96
10,80,1,45.4,4164240.425
10,80,1,45.5,4138213.923
10,80,1,45.6,4788876.489
10,80,1,45.7,4216293.431
10,80,1,45.8,4164240.425
10,80,1,45.9,4606690.971
10,80,1,46,4762849.987
10,80,1,46.1,4320399.441
10,80,1,46.2,4840929.495
10,80,1,46.3,4294372.939
10,80,1,46.4,4528611.463
10,80,1,46.5,3617683.87
10,80,1,46.6,4268346.436
10,80,1,46.7,4945035.505
10,80,1,46.8,3591657.367
10,80,1,46.9,4424505.452
10,80,1,47,4294372.939
10,80,1,47.1,4632717.473
10,80,1,47.2,4606690.971
10,80,1,47.3,3669736.875
10,80,1,47.4,4398478.949
10,80,1,47.5,4060134.415
10,80,1,47.6,3487551.356
10,80,1,47.7,3721789.88
10,80,1,47.8,3903975.399
10,80,1,47.9,3409471.848
10,80,1,48,4346425.944
10,80,1,48.1,4112187.42
10,80,1,48.2,4502584.96
10,80,1,48.3,4450531.955
10,80,1,48.4,3617683.87
10,80,1,48.5,3956028.404
10,80,1,48.6,3695763.378
10,80,1,48.7,4164240.425
10,80,1,48.8,4008081.41
10,80,1,48.9,3930001.902
10,80,1,49,3617683.87
10,80,1,49.1,3565630.864
10,80,1,49.2,4060134.415
10,80,1,49.3,3695763.378
10,80,1,49.4,4008081.41
10,80,1,49.5,4008081.41
10,80,1,49.6,3721789.88
10,80,1,49.7,4268346.436
10,80,1,49.8,3513577.859
10,80,1,49.9,3565630.864
10,80,1,50,3539604.362
10,80,1,50.1,3799869.388
10,80,1,50.2,3487551.356
10,80,1,50.3,4294372.939
10,80,1,50.4,3617683.87
10,80,1,50.5,4450531.955
10,80,1,50.6,3669736.875
10,80,1,50.7,3175233.324
10,80,1,50.8,3539604.362
10,80,1,50.9,3461524.854
10,80,1,51,4034107.912
10,80,1,51.1,3617683.87
10,80,1,51.2,3357418.843
10,80,1,51.3,3617683.87
10,80,1,51.4,3747816.383
10,80,1,51.5,3409471.848
10,80,1,51.6,3903975.399
10,80,1,51.7,2628676.769
10,80,1,51.8,3435498.351
10,80,1,51.9,4372452.447
10,80,1,52,3357418.843
10,80,1,52.1,2967021.303
10,80,1,52.2,3721789.88
10,80,1,52.3,3643710.372
10,80,1,52.4,3591657.367
10,80,1,52.5,3591657.367
10,80,1,52.6,3253312.832
10,80,1,52.7,3201259.827
10,80,1,52.8,3747816.383
10,80,1,52.9,2967021.303
10,80,1,53,3487551.356
10,80,1,53.1,3331392.34
10,80,1,53.2,3617683.87
10,80,1,53.3,3123180.319
10,80,1,53.4,3253312.832
10,80,1,53.5,3513577.859
10,80,1,53.6,2862915.293
10,80,1,53.7,3383445.346
10,80,1,53.8,3357418.843
10,80,1,53.9,3227286.33
10,80,1,54,3513577.859
10,80,1,54.1,3149206.822
10,80,1,54.2,3227286.33
10,80,1,54.3,3045100.811
10,80,1,54.4,2914968.298
10,80,1,54.5,3227286.33
10,80,1,54.6,2862915.293
10,80,1,54.7,3357418.843
10,80,1,54.8,3461524.854
10,80,1,54.9,2993047.806
10,80,1,55,2810862.287
10,80,1,55.1,2914968.298
10,80,1,55.2,2940994.801
10,80,1,55.3,2888941.795
10,80,1,55.4,3851922.394
10,80,1,55.5,3227286.33
10,80,1,55.6,3435498.351
10,80,1,55.7,3539604.362
10,80,1,55.8,3227286.33
10,80,1,55.9,3227286.33
10,80,1,56,2810862.287
10,80,1,56.1,3253312.832
10,80,1,56.2,3019074.308
10,80,1,56.3,2784835.785
10,80,1,56.4,3175233.324
10,80,1,56.5,3097153.816
10,80,1,56.6,3279339.335
10,80,1,56.7,2993047.806
10,80,1,56.8,3097153.816
10,80,1,56.9,3331392.34
10,80,1,57,3097153.816
10,80,1,57.1,3331392.34
10,80,1,57.2,2810862.287
10,80,1,57.3,3721789.88
10,80,1,57.4,2732782.779
10,80,1,57.5,2810862.287
10,80,1,57.6,3019074.308
10,80,1,57.7,2680729.774
10,80,1,57.8,3227286.33
10,80,1,57.9,2967021.303
10,80,1,58,2784835.785
10,80,1,58.1,6012122.114
10,80,1,58.2,2316358.737
10,80,1,58.3,2993047.806
10,80,1,58.4,2758809.282
10,80,1,58.5,2394438.245
10,80,1,58.6,2472517.753
10,80,1,58.7,3123180.319
10,80,1,58.8,2784835.785
10,80,1,58.9,3019074.308
10,80,1,59,2784835.785
10,80,1,59.1,3643710.372
10,80,1,59.2,2758809.282
10,80,1,59.3,3149206.822
10,80,1,59.4,2264305.731
10,80,1,59.5,8406560.359
10,80,1,59.6,2628676.769
10,80,1,59.7,2498544.255
10,80,1,59.8,2706756.277
10,80,1,59.9,2940994.801
10,80,1,60,2524570.758
10,80,1,60.1,2680729.774
10,80,1,60.2,2810862.287
10,80,1,60.3,2706756.277
10,80,1,60.4,2732782.779
10,80,1,60.5,2602650.266
10,80,1,60.6,2993047.806
10,80,1,60.7,2472517.753
10,80,1,60.8,2732782.779
10,80,1,60.9,2446491.25
10,80,1,61,2472517.753
10,80,1,61.1,2550597.261
10,80,1,61.2,2602650.266
10,80,1,61.3,2732782.779
10,80,1,61.4,3045100.811
10,80,1,61.5,2342385.239
10,80,1,61.6,2628676.769
10,80,1,61.7,2602650.266
10,80,1,61.8,2836888.79
10,80,1,61.9,2550597.261
10,80,1,62,2160199.721
10,80,1,62.1,2758809.282
10,80,1,62.2,2654703.271
10,80,1,62.3,2810862.287
10,80,1,62.4,2264305.731
10,80,1,62.5,2862915.293
10,80,1,62.6,2186226.223
10,80,1,62.7,2160199.721
10,80,1,62.8,2368411.742
10,80,1,62.9,2420464.747
10,80,1,63,2446491.25
10,80,1,63.1,2628676.769
10,80,1,63.2,2264305.731
10,80,1,63.3,2212252.726
10,80,1,63.4,2550597.261
10,80,1,63.5,2290332.234
10,80,1,63.6,2550597.261
10,80,1,63.7,2810862.287
10,80,1,63.8,2862915.293
10,80,1,63.9,1795828.683
10,80,1,64,2290332.234
10,80,1,64.1,2160199.721
10,80,1,64.2,1925961.197
10,80,1,64.3,2550597.261
10,80,1,64.4,2446491.25
10,80,1,64.5,2550597.261
10,80,1,64.6,2550597.261
10,80,1,64.7,2212252.726
10,80,1,64.8,2160199.721
10,80,1,64.9,2238279.229
10,80,1,65,2056093.71
10,80,1,65.1,2186226.223
10,80,1,65.2,2186226.223
10,80,1,65.3,2004040.705
10,80,1,65.4,2212252.726
10,80,1,65.5,2524570.758
10,80,1,65.6,2160199.721
10,80,1,65.7,2342385.239
10,80,1,65.8,1847881.689
10,80,1,65.9,2134173.218
10,80,1,66,2186226.223
10,80,1,66.1,2316358.737
10,80,1,66.2,2446491.25
10,80,1,66.3,2264305.731
10,80,1,66.4,2160199.721
10,80,1,66.5,2186226.223
10,80,1,66.6,2316358.737
10,80,1,66.7,2836888.79
10,80,1,66.8,2212252.726
10,80,1,66.9,1978014.202
10,80,1,67,1978014.202
10,80,1,67.1,2784835.785
10,80,1,67.2,2186226.223
10,80,1,67.3,1978014.202
10,80,1,67.4,2993047.806
10,80,1,67.5,2160199.721
10,80,1,67.6,2134173.218
10,80,1,67.7,1743775.678
10,80,1,67.8,2160199.721
10,80,1,67.9,2472517.753
10,80,1,68,2030067.207
10,80,1,68.1,2368411.742
10,80,1,68.2,2238279.229
10,80,1,68.3,1613643.165
10,80,1,68.4,2186226.223
10,80,1,68.5,2186226.223
10,80,1,68.6,2082120.213
10,80,1,68.7,1743775.678
10,80,1,68.8,1561590.16
10,80,1,68.9,2420464.747
10,80,1,69,2290332.234
10,80,1,69.1,2056093.71
10,80,1,69.2,1717749.176
10,80,1,69.3,2134173.218
10,80,1,69.4,2316358.737
10,80,1,69.5,1951987.699
10,80,1,69.6,1587616.662
10,80,1,69.7,1743775.678
10,80,1,69.8,1978014.202
10,80,1,69.9,1717749.176
10,80,1,70,2108146.715
10,80,1,70.1,1327351.636
10,80,1,70.2,2030067.207
10,80,1,70.3,1899934.694
10,80,1,70.4,1795828.683
10,80,1,70.5,1665696.17
10,80,1,70.6,1847881.689
10,80,1,70.7,1613643.165
10,80,1,70.8,1327351.636
10,80,1,70.9,1951987.699
10,80,1,71,1717749.176
10,80,1,71.1,1899934.694
10,80,1,71.2,1769802.181
10,80,1,71.3,1847881.689
10,80,1,71.4,1535563.657
10,80,1,71.5,1431457.646
10,80,1,71.6,1561590.16
10,80,1,71.7,1665696.17
10,80,1,71.8,1171192.62
10,80,1,71.9,1587616.662
10,80,1,72,1613643.165
10,80,1,72.1,1743775.678
10,80,1,72.2,1509537.154
10,80,1,72.3,1275298.63
10,80,1,72.4,1353378.138
10,80,1,72.5,1457484.149
10,80,1,72.6,1613643.165
10,80,1,72.7,1431457.646
10,80,1,72.8,1899934.694
10,80,1,72.9,1899934.694
10,80,1,73,1873908.191
10,80,1,73.1,1327351.636
10,80,1,73.2,1275298.63
10,80,1,73.3,1405431.144
10,80,1,73.4,1743775.678
10,80,1,73.5,1405431.144
10,80,1,73.6,1535563.657
10,80,1,73.7,1483510.652
10,80,1,73.8,1301325.133
10,80,1,73.9,1457484.149
10,80,1,74,1249272.128
10,80,1,74.1,989007.1011
10,80,1,74.2,1327351.636
10,80,1,74.3,1743775.678
10,80,1,74.4,1145166.117
10,80,1,74.5,1223245.625
10,80,1,74.6,1301325.133
10,80,1,74.7,1223245.625
10,80,1,74.8,910927.5931
10,80,1,74.9,1587616.662
10,80,1,75,1327351.636
10,80,1,75.1,1327351.636
10,80,1,75.2,989007.1011
10,80,1,75.3,1119139.614
10,80,1,75.4,1015033.604
10,80,1,75.5,832848.0851
10,80,1,75.6,1405431.144
10,80,1,75.7,1041060.106
10,80,1,75.8,1145166.117
10,80,1,75.9,989007.1011
10,80,1,76,832848.0851
10,80,1,76.1,1041060.106
10,80,1,76.2,1249272.128
10,80,1,76.3,936954.0957
10,80,1,76.4,1015033.604
10,80,1,76.5,702715.5718
10,80,1,76.6,910927.5931
10,80,1,76.7,1041060.106
10,80,1,76.8,1093113.112
10,80,1,76.9,728742.0745
10,80,1,77,754768.5771
10,80,1,77.1,884901.0904
10,80,1,77.2,806821.5824
10,80,1,77.3,780795.0798
10,80,1,77.4,650662.5665
10,80,1,77.5,572583.0585
10,80,1,77.6,728742.0745
10,80,1,77.7,702715.5718
10,80,1,77.8,806821.5824
10,80,1,77.9,806821.5824
10,80,1,78,468477.0479
10,80,1,78.1,572583.0585
10,80,1,78.2,364371.0372
10,80,1,78.3,624636.0638
10,80,1,78.4,702715.5718
10,80,1,78.5,416424.0425
10,80,1,78.6,442450.5452
10,80,1,78.7,494503.5505
10,80,1,78.8,572583.0585
10,80,1,78.9,338344.5346
10,80,1,79,494503.5505
10,80,1,79.1,364371.0372
10,80,1,79.2,416424.0425
10,80,1,79.3,286291.5293
10,80,1,79.4,208212.0213
10,80,1,79.5,312318.0319
10,80,1,79.6,312318.0319
10,80,1,79.7,364371.0372
10,80,1,79.8,78079.50798
10,80,1,79.9,130132.5133
10,150,1,2.9,26156.63517
10,150,1,3,52313.27035
10,150,1,3.1,156939.811
10,150,1,3.2,287722.9869
10,150,1,3.3,470819.4331
10,150,1,3.4,706229.1497
10,150,1,3.5,1072422.042
10,150,1,3.6,1883277.732
10,150,1,3.7,2406410.436
10,150,1,3.8,2641820.152
10,150,1,3.9,3504989.113
10,150,1,4,4185061.628
10,150,1,4.1,5283640.305
10,150,1,4.2,6042182.725
10,150,1,4.3,7716207.376
10,150,1,4.4,8867099.324
10,150,1,4.5,9756424.919
10,150,1,4.6,11430449.57
10,150,1,4.7,12241305.26
10,150,1,4.8,14072269.72
10,150,1,4.9,14464619.25
10,150,1,5,16687933.24
10,150,1,5.1,18937403.86
10,150,1,5.2,20140609.08
10,150,1,5.3,20611428.52
10,150,1,5.4,22416236.34
10,150,1,5.5,23828694.64
10,150,1,5.6,23227092.03
10,150,1,5.7,24508767.16
10,150,1,5.8,26208948.44
10,150,1,5.9,27961443
10,150,1,6,28458419.07
10,150,1,6.1,28039912.91
10,150,1,6.2,30917142.77
10,150,1,6.3,32224974.53
10,150,1,6.4,31858781.64
10,150,1,6.5,31806468.37
10,150,1,6.6,32931203.68
10,150,1,6.7,33846685.91
10,150,1,6.8,33925155.82
10,150,1,6.9,34003625.72
10,150,1,7,34343661.98
10,150,1,7.1,36017686.63
10,150,1,7.2,34997577.86
10,150,1,7.3,35232987.58
10,150,1,7.4,76089651.72
10,150,1,7.5,35389927.39
10,150,1,7.6,36540819.34
10,150,1,7.7,36619289.24
10,150,1,7.8,35573023.83
10,150,1,7.9,37744024.55
10,150,1,8,37011638.77
10,150,1,8.1,37639398.01
10,150,1,8.2,36880855.59
10,150,1,8.3,124584053.3
10,150,1,8.4,775151883.3
10,150,1,8.5,37534771.47
10,150,1,8.6,37717867.92
10,150,1,8.7,36174626.44
10,150,1,8.8,46898846.86
10,150,1,8.9,37613241.38
10,150,1,9,36357722.89
10,150,1,9.1,38110217.45
10,150,1,9.2,35599180.47
10,150,1,9.3,37508614.84
10,150,1,9.4,36566975.97
10,150,1,9.5,67144082.49
10,150,1,9.6,46611123.88
10,150,1,9.7,415995125.8
10,150,1,9.8,77214387.03
10,150,1,9.9,55138186.94
10,150,1,10,191205003.1
10,150,1,10.1,36436192.8
10,150,1,10.2,39679615.56
10,150,1,10.3,33611276.2
10,150,1,10.4,31832625.01
10,150,1,10.5,34317505.35
10,150,1,10.6,31466432.11
10,150,1,10.7,32852733.78
10,150,1,10.8,32251131.17
10,150,1,10.9,30917142.77
10,150,1,11,34866794.69
10,150,1,11.1,31309492.3
10,150,1,11.2,30158600.35
10,150,1,11.3,103161769.1
10,150,1,11.4,32486540.88
10,150,1,11.5,31257179.03
10,150,1,11.6,39915025.27
10,150,1,11.7,39339579.3
10,150,1,11.8,29295431.39
10,150,1,11.9,28484575.7
10,150,1,12,31727998.46
10,150,1,12.1,27987599.63
10,150,1,12.2,29007708.41
10,150,1,12.3,27307527.12
10,150,1,12.4,26653611.24
10,150,1,12.5,26941334.23
10,150,1,12.6,28667672.15
10,150,1,12.7,27569093.47
10,150,1,12.8,27229057.21
10,150,1,12.9,26836707.69
10,150,1,13,27229057.21
10,150,1,13.1,26496671.43
10,150,1,13.2,25607345.83
10,150,1,13.3,26967490.86
10,150,1,13.4,26810551.05
10,150,1,13.5,26810551.05
10,150,1,13.6,28118382.81
10,150,1,13.7,25999695.36
10,150,1,13.8,26862864.32
10,150,1,13.9,24874960.05
10,150,1,14,24953429.95
10,150,1,14.1,25267309.58
10,150,1,14.2,24508767.16
10,150,1,14.3,23331718.57
10,150,1,14.4,25738129.01
10,150,1,14.5,24901116.68
10,150,1,14.6,25633502.47
10,150,1,14.7,25293466.21
10,150,1,14.8,24508767.16
10,150,1,14.9,23122465.49
10,150,1,15,23279405.3
10,150,1,15.1,23828694.64
10,150,1,15.2,24587237.06
10,150,1,15.3,22625489.42
10,150,1,15.4,21971573.54
10,150,1,15.5,23148622.13
10,150,1,15.6,24037947.72
10,150,1,15.7,23959477.82
10,150,1,15.8,21553067.38
10,150,1,15.9,22311609.8
10,150,1,16,22259296.53
10,150,1,16.1,21605380.65
10,150,1,16.2,22547019.52
10,150,1,16.3,22154669.99
10,150,1,16.4,20846838.23
10,150,1,16.5,21919260.27
10,150,1,16.6,21239187.76
10,150,1,16.7,21945416.91
10,150,1,16.8,21317657.67
10,150,1,16.9,21448440.84
10,150,1,17,21160717.85
10,150,1,17.1,21657693.92
10,150,1,17.2,21631537.29
10,150,1,17.3,19591319.74
10,150,1,17.4,20428332.07
10,150,1,17.5,20794524.96
10,150,1,17.6,20454488.7
10,150,1,17.7,19408223.3
10,150,1,17.8,19643633.01
10,150,1,17.9,21056091.31
10,150,1,18,20114452.45
10,150,1,18.1,19120500.31
10,150,1,18.2,19565163.11
10,150,1,18.3,18178861.44
10,150,1,18.4,18335801.26
10,150,1,18.5,18754307.42
10,150,1,18.6,19355910.03
10,150,1,18.7,18832777.32
10,150,1,18.8,18492741.07
10,150,1,18.9,19722102.92
10,150,1,19,19512849.84
10,150,1,19.1,17734198.65
10,150,1,19.2,16661776.6
10,150,1,19.3,18649680.88
10,150,1,19.4,19042030.41
10,150,1,19.5,19015873.77
10,150,1,19.6,17001812.86
10,150,1,19.7,17498788.93
10,150,1,19.8,18780464.05
10,150,1,19.9,17341849.12
10,150,1,20,17315692.48
10,150,1,20.1,17184909.31
10,150,1,20.2,16766403.15
10,150,1,20.3,16217113.81
10,150,1,20.4,17812668.55
10,150,1,20.5,16975656.23
10,150,1,20.6,17315692.48
10,150,1,20.7,16897186.32
10,150,1,20.8,16792559.78
10,150,1,20.9,16217113.81
10,150,1,21,15877077.55
10,150,1,21.1,16949499.59
10,150,1,21.2,16217113.81
10,150,1,21.3,16923342.96
10,150,1,21.4,15301631.58
10,150,1,21.5,16112487.27
10,150,1,21.6,17524945.57
10,150,1,21.7,15118535.13
10,150,1,21.8,15929390.82
10,150,1,21.9,14987751.95
10,150,1,22,16034017.36
10,150,1,22.1,15249318.31
10,150,1,22.2,15824764.28
10,150,1,22.3,15353944.85
10,150,1,22.4,15720137.74
10,150,1,22.5,15615511.2
10,150,1,22.6,16321740.35
10,150,1,22.7,14883125.41
10,150,1,22.8,14124582.99
10,150,1,22.9,14673872.33
10,150,1,23,14935438.68
10,150,1,23.1,15066221.86
10,150,1,23.2,14543089.16
10,150,1,23.3,14019956.45
10,150,1,23.4,14935438.68
10,150,1,23.5,15406258.12
10,150,1,23.6,14098426.36
10,150,1,23.7,13941486.55
10,150,1,23.8,13836860.01
10,150,1,23.9,13209100.76
10,150,1,24,14752342.24
10,150,1,24.1,13732233.47
10,150,1,24.2,13836860.01
10,150,1,24.3,13104474.22
10,150,1,24.4,14490775.89
10,150,1,24.5,14386149.34
10,150,1,24.6,13993799.82
10,150,1,24.7,14150739.63
10,150,1,24.8,13392197.21
10,150,1,24.9,12607498.15
10,150,1,25,13052160.95
10,150,1,25.1,12764437.96
10,150,1,25.2,13418353.84
10,150,1,25.3,13836860.01
10,150,1,25.4,12973691.05
10,150,1,25.5,13366040.57
10,150,1,25.6,13026004.32
10,150,1,25.7,12555184.88
10,150,1,25.8,13889173.28
10,150,1,25.9,12685968.06
10,150,1,26,12633654.79
10,150,1,26.1,12215148.63
10,150,1,26.2,12816751.23
10,150,1,26.3,12058208.81
10,150,1,26.4,10855003.6
10,150,1,26.5,12529028.25
10,150,1,26.6,12319775.17
10,150,1,26.7,12529028.25
10,150,1,26.8,12162835.36
10,150,1,26.9,11979738.91
10,150,1,27,11744329.19
10,150,1,27.1,12581341.52
10,150,1,27.2,11378136.3
10,150,1,27.3,10776533.69
10,150,1,27.4,11692015.92
10,150,1,27.5,12581341.52
10,150,1,27.6,10959630.14
10,150,1,27.7,10959630.14
10,150,1,27.8,12241305.26
10,150,1,27.9,11744329.19
10,150,1,28,12398245.07
10,150,1,28.1,10750377.06
10,150,1,28.2,11456606.21
10,150,1,28.3,10514967.34
10,150,1,28.4,10959630.14
10,150,1,28.5,11796642.46
10,150,1,28.6,11901269
10,150,1,28.7,11587389.38
10,150,1,28.8,11221196.49
10,150,1,28.9,10436497.43
10,150,1,29,10593437.24
10,150,1,29.1,10384184.16
10,150,1,29.2,10358027.53
10,150,1,29.3,10907316.87
10,150,1,29.4,10044147.91
10,150,1,29.5,10724220.42
10,150,1,29.6,11116569.95
10,150,1,29.7,10671907.15
10,150,1,29.8,10331870.89
10,150,1,29.9,10410340.8
10,150,1,30,10331870.89
10,150,1,30.1,10488810.7
10,150,1,30.2,10070304.54
10,150,1,30.3,10410340.8
10,150,1,30.4,10279557.62
10,150,1,30.5,10907316.87
10,150,1,30.6,9337918.757
10,150,1,30.7,10096461.18
10,150,1,30.8,10227244.35
10,150,1,30.9,10645750.52
10,150,1,31,9782581.555
10,150,1,31.1,10462654.07
10,150,1,31.2,10279557.62
10,150,1,31.3,10070304.54
10,150,1,31.4,10070304.54
10,150,1,31.5,9494858.568
10,150,1,31.6,9442545.297
10,150,1,31.7,9756424.919
10,150,1,31.8,9704111.649
10,150,1,31.9,9887208.095
10,150,1,32,8997882.499
10,150,1,32.1,8605532.972
10,150,1,32.2,9259448.851
10,150,1,32.3,8631689.607
10,150,1,32.4,9939521.366
10,150,1,32.5,8736316.148
10,150,1,32.6,8997882.499
10,150,1,32.7,9651798.379
10,150,1,32.8,9547171.838
10,150,1,32.9,10122617.81
10,150,1,33,8867099.324
10,150,1,33.1,8867099.324
10,150,1,33.2,9076352.405
10,150,1,33.3,8579376.337
10,150,1,33.4,9756424.919
10,150,1,33.5,8553219.701
10,150,1,33.6,9442545.297
10,150,1,33.7,9102509.04
10,150,1,33.8,8814786.053
10,150,1,33.9,10227244.35
10,150,1,34,8579376.337
10,150,1,34.1,8579376.337
10,150,1,34.2,8213183.444
10,150,1,34.3,8867099.324
10,150,1,34.4,8736316.148
10,150,1,34.5,7480797.659
10,150,1,34.6,8317809.985
10,150,1,34.7,8657846.242
10,150,1,34.8,8343966.62
10,150,1,34.9,8265496.715
10,150,1,35,9207135.581
10,150,1,35.1,8605532.972
10,150,1,35.2,8396279.89
10,150,1,35.3,8448593.161
10,150,1,35.4,8082400.268
10,150,1,35.5,8814786.053
10,150,1,35.6,8134713.539
10,150,1,35.7,8082400.268
10,150,1,35.8,8160870.174
10,150,1,35.9,8291653.35
10,150,1,36,8527063.066
10,150,1,36.1,7611580.835
10,150,1,36.2,8474749.796
10,150,1,36.3,8160870.174
10,150,1,36.4,7690050.741
10,150,1,36.5,7428484.389
10,150,1,36.6,7559267.565
10,150,1,36.7,6853038.415
10,150,1,36.8,8187026.809
10,150,1,36.9,7899303.822
10,150,1,37,8213183.444
10,150,1,37.1,8317809.985
10,150,1,37.2,7088448.132
10,150,1,37.3,7951617.092
10,150,1,37.4,7690050.741
10,150,1,37.5,7480797.659
10,150,1,37.6,7193074.672
10,150,1,37.7,7245387.943
10,150,1,37.8,7323857.848
10,150,1,37.9,7559267.565
10,150,1,38,7245387.943
10,150,1,38.1,7742364.011
10,150,1,38.2,6513002.158
10,150,1,38.3,7533110.93
10,150,1,38.4,8265496.715
10,150,1,38.5,7350014.484
10,150,1,38.6,7297701.213
10,150,1,38.7,7873147.187
10,150,1,38.8,7036134.861
10,150,1,38.9,7193074.672
10,150,1,39,6617628.699
10,150,1,39.1,6251435.806
10,150,1,39.2,6931508.321
10,150,1,39.3,6957664.956
10,150,1,39.4,6329905.712
10,150,1,39.5,7637737.47
10,150,1,39.6,6722255.239
10,150,1,39.7,6696098.604
10,150,1,39.8,7768520.646
10,150,1,39.9,7846990.552
10,150,1,40,7088448.132
10,150,1,40.1,7009978.226
10,150,1,40.2,6957664.956
10,150,1,40.3,6408375.617
10,150,1,40.4,6539158.793
10,150,1,40.5,7140761.402
10,150,1,40.6,6460688.888
10,150,1,40.7,6565315.428
10,150,1,40.8,7506954.295
10,150,1,40.9,6120652.63
10,150,1,41,6486845.523
10,150,1,41.1,6853038.415
10,150,1,41.2,6826881.78
10,150,1,41.3,6539158.793
10,150,1,41.4,6146809.266
10,150,1,41.5,6513002.158
10,150,1,41.6,6277592.441
10,150,1,41.7,7036134.861
10,150,1,41.8,7009978.226
10,150,1,41.9,6853038.415
10,150,1,42,6382218.982
10,150,1,42.1,7297701.213
10,150,1,42.2,7193074.672
10,150,1,42.3,5728303.103
10,150,1,42.4,5571363.292
10,150,1,42.5,6643785.334
10,150,1,42.6,6460688.888
10,150,1,42.7,6120652.63
10,150,1,42.8,6329905.712
10,150,1,42.9,5519050.021
10,150,1,43,6539158.793
10,150,1,43.1,5283640.305
10,150,1,43.2,5832929.643
10,150,1,43.3,6434532.252
10,150,1,43.4,6042182.725
10,150,1,43.5,6356062.347
10,150,1,43.6,6172965.901
10,150,1,43.7,6068339.36
10,150,1,43.8,6643785.334
10,150,1,43.9,6016026.09
10,150,1,44,6460688.888
10,150,1,44.1,5963712.819
10,150,1,44.2,5963712.819
10,150,1,44.3,5911399.549
10,150,1,44.4,5623676.562
10,150,1,44.5,5545206.657
10,150,1,44.6,6120652.63
10,150,1,44.7,5937556.184
10,150,1,44.8,5832929.643
10,150,1,44.9,5911399.549
10,150,1,45,5885242.914
10,150,1,45.1,6356062.347
10,150,1,45.2,5780616.373
10,150,1,45.3,5754459.738
10,150,1,45.4,6016026.09
10,150,1,45.5,5623676.562
10,150,1,45.6,6042182.725
10,150,1,45.7,5283640.305
10,150,1,45.8,5832929.643
10,150,1,45.9,5519050.021
10,150,1,46,5205170.399
10,150,1,46.1,6486845.523
10,150,1,46.2,5780616.373
10,150,1,46.3,6120652.63
10,150,1,46.4,6486845.523
10,150,1,46.5,5571363.292
10,150,1,46.6,6382218.982
10,150,1,46.7,5754459.738
10,150,1,46.8,5466736.751
10,150,1,46.9,5623676.562
10,150,1,47,5859086.279
10,150,1,47.1,5335953.575
10,150,1,47.2,5702146.468
10,150,1,47.3,5152857.129
10,150,1,47.4,5152857.129
10,150,1,47.5,5283640.305
10,150,1,47.6,5126700.494
10,150,1,47.7,5205170.399
10,150,1,47.8,5048230.588
10,150,1,47.9,5152857.129
10,150,1,48,4708194.331
10,150,1,48.1,5022073.953
10,150,1,48.2,5048230.588
10,150,1,48.3,4734350.966
10,150,1,48.4,4917447.412
10,150,1,48.5,5492893.386
10,150,1,48.6,5675989.832
10,150,1,48.7,4629724.426
10,150,1,48.8,4472784.615
10,150,1,48.9,4891290.777
10,150,1,49,4917447.412
10,150,1,49.1,5152857.129
10,150,1,49.2,4865134.142
10,150,1,49.3,4786664.237
10,150,1,49.4,5519050.021
10,150,1,49.5,4629724.426
10,150,1,49.6,5283640.305
10,150,1,49.7,4655881.061
10,150,1,49.8,4237374.898
10,150,1,49.9,4786664.237
10,150,1,50,5492893.386
10,150,1,50.1,4969760.683
10,150,1,50.2,4577411.155
10,150,1,50.3,5257483.67
10,150,1,50.4,4368158.074
10,150,1,50.5,4760507.601
10,150,1,50.6,4812820.872
10,150,1,50.7,5597519.927
10,150,1,50.8,4682037.696
10,150,1,50.9,4865134.142
10,150,1,51,4786664.237
10,150,1,51.1,5335953.575
10,150,1,51.2,4080435.087
10,150,1,51.3,4891290.777
10,150,1,51.4,4368158.074
10,150,1,51.5,5205170.399
10,150,1,51.6,4786664.237
10,150,1,51.7,4446627.979
10,150,1,51.8,4420471.344
10,150,1,51.9,4446627.979
10,150,1,52,4106591.722
10,150,1,52.1,4891290.777
10,150,1,52.2,4943604.048
10,150,1,52.3,4917447.412
10,150,1,52.4,4786664.237
10,150,1,52.5,4603567.79
10,150,1,52.6,3975808.546
10,150,1,52.7,4812820.872
10,150,1,52.8,5074387.223
10,150,1,52.9,4106591.722
10,150,1,53,4472784.615
10,150,1,53.1,3766555.465
10,150,1,53.2,4603567.79
10,150,1,53.3,4446627.979
10,150,1,53.4,4289688.168
10,150,1,53.5,5022073.953
10,150,1,53.6,4891290.777
10,150,1,53.7,3688085.559
10,150,1,53.8,4446627.979
10,150,1,53.9,4394314.709
10,150,1,54,4028121.817
10,150,1,54.1,4106591.722
10,150,1,54.2,4001965.181
10,150,1,54.3,3086482.95
10,150,1,54.4,4995917.318
10,150,1,54.5,4315844.803
10,150,1,54.6,3504989.113
10,150,1,54.7,3975808.546
10,150,1,54.8,4446627.979
10,150,1,54.9,4682037.696
10,150,1,55,3975808.546
10,150,1,55.1,3426519.208
10,150,1,55.2,4368158.074
10,150,1,55.3,4211218.263
10,150,1,55.4,3688085.559
10,150,1,55.5,3897338.641
10,150,1,55.6,3661928.924
10,150,1,55.7,4237374.898
10,150,1,55.8,4028121.817
10,150,1,55.9,4342001.439
10,150,1,56,4682037.696
10,150,1,56.1,3975808.546
10,150,1,56.2,4446627.979
10,150,1,56.3,4054278.452
10,150,1,56.4,4263531.533
10,150,1,56.5,3374205.937
10,150,1,56.6,3504989.113
10,150,1,56.7,4132748.357
10,150,1,56.8,4080435.087
10,150,1,56.9,3845025.37
10,150,1,57,4132748.357
10,150,1,57.1,3975808.546
10,150,1,57.2,4054278.452
10,150,1,57.3,4342001.439
10,150,1,57.4,4995917.318
10,150,1,57.5,4054278.452
10,150,1,57.6,3452675.843
10,150,1,57.7,3975808.546
10,150,1,57.8,4315844.803
10,150,1,57.9,4211218.263
10,150,1,58,3949651.911
10,150,1,58.1,19251283.49
10,150,1,58.2,3975808.546
10,150,1,58.3,4106591.722
10,150,1,58.4,3374205.937
10,150,1,58.5,3400362.572
10,150,1,58.6,3504989.113
10,150,1,58.7,3661928.924
10,150,1,58.8,3949651.911
10,150,1,58.9,3557302.383
10,150,1,59,3060326.315
10,150,1,59.1,3531145.748
10,150,1,59.2,3164952.856
10,150,1,59.3,3714242.195
10,150,1,59.4,3531145.748
10,150,1,59.5,29373901.3
10,150,1,59.6,4132748.357
10,150,1,59.7,3531145.748
10,150,1,59.8,3374205.937
10,150,1,59.9,3714242.195
10,150,1,60,3531145.748
10,150,1,60.1,3531145.748
10,150,1,60.2,4342001.439
10,150,1,60.3,3400362.572
10,150,1,60.4,3531145.748
10,150,1,60.5,3321892.667
10,150,1,60.6,3871182.006
10,150,1,60.7,4028121.817
10,150,1,60.8,3295736.032
10,150,1,60.9,3164952.856
10,150,1,61,3295736.032
10,150,1,61.1,3217266.126
10,150,1,61.2,3374205.937
10,150,1,61.3,3504989.113
10,150,1,61.4,3557302.383
10,150,1,61.5,3426519.208
10,150,1,61.6,3191109.491
10,150,1,61.7,3374205.937
10,150,1,61.8,3583459.019
10,150,1,61.9,3426519.208
10,150,1,62,3374205.937
10,150,1,62.1,3269579.397
10,150,1,62.2,3374205.937
10,150,1,62.3,3688085.559
10,150,1,62.4,3452675.843
10,150,1,62.5,3478832.478
10,150,1,62.6,3138796.221
10,150,1,62.7,3269579.397
10,150,1,62.8,2851073.234
10,150,1,62.9,3845025.37
10,150,1,63,3714242.195
10,150,1,63.1,2955699.775
10,150,1,63.2,3243422.761
10,150,1,63.3,3688085.559
10,150,1,63.4,3060326.315
10,150,1,63.5,3138796.221
10,150,1,63.6,3845025.37
10,150,1,63.7,3504989.113
10,150,1,63.8,3374205.937
10,150,1,63.9,3086482.95
10,150,1,64,3321892.667
10,150,1,64.1,3688085.559
10,150,1,64.2,3112639.586
10,150,1,64.3,2877229.869
10,150,1,64.4,3426519.208
10,150,1,64.5,3060326.315
10,150,1,64.6,3191109.491
10,150,1,64.7,2720290.058
10,150,1,64.8,2824916.599
10,150,1,64.9,2903386.504
10,150,1,65,2746446.693
10,150,1,65.1,2955699.775
10,150,1,65.2,2929543.139
10,150,1,65.3,2851073.234
10,150,1,65.4,2955699.775
10,150,1,65.5,3243422.761
10,150,1,65.6,3243422.761
10,150,1,65.7,2929543.139
10,150,1,65.8,2851073.234
10,150,1,65.9,3008013.045
10,150,1,66,2720290.058
10,150,1,66.1,3191109.491
10,150,1,66.2,2929543.139
10,150,1,66.3,3112639.586
10,150,1,66.4,2772603.328
10,150,1,66.5,2641820.152
10,150,1,66.6,3243422.761
10,150,1,66.7,3557302.383
10,150,1,66.8,3217266.126
10,150,1,66.9,3164952.856
10,150,1,67,3635772.289
10,150,1,67.1,5649833.197
10,150,1,67.2,2851073.234
10,150,1,67.3,2641820.152
10,150,1,67.4,8056243.633
10,150,1,67.5,3217266.126
10,150,1,67.6,3138796.221
10,150,1,67.7,3086482.95
10,150,1,67.8,2955699.775
10,150,1,67.9,3269579.397
10,150,1,68,2851073.234
10,150,1,68.1,3478832.478
10,150,1,68.2,2694133.423
10,150,1,68.3,3191109.491
10,150,1,68.4,2746446.693
10,150,1,68.5,2484880.341
10,150,1,68.6,2746446.693
10,150,1,68.7,3400362.572
10,150,1,68.8,3478832.478
10,150,1,68.9,3243422.761
10,150,1,69,3060326.315
10,150,1,69.1,2981856.41
10,150,1,69.2,3034169.68
10,150,1,69.3,4446627.979
10,150,1,69.4,2537193.612
10,150,1,69.5,2929543.139
10,150,1,69.6,3112639.586
10,150,1,69.7,3321892.667
10,150,1,69.8,2746446.693
10,150,1,69.9,2667976.788
10,150,1,70,3008013.045
10,150,1,70.1,2772603.328
10,150,1,70.2,2511036.977
10,150,1,70.3,2772603.328
10,150,1,70.4,3191109.491
10,150,1,70.5,2720290.058
10,150,1,70.6,2955699.775
10,150,1,70.7,2955699.775
10,150,1,70.8,2981856.41
10,150,1,70.9,2824916.599
10,150,1,71,2798759.963
10,150,1,71.1,2249470.625
10,150,1,71.2,2537193.612
10,150,1,71.3,2641820.152
10,150,1,71.4,2851073.234
10,150,1,71.5,2537193.612
10,150,1,71.6,2903386.504
10,150,1,71.7,2667976.788
10,150,1,71.8,2851073.234
10,150,1,71.9,3191109.491
10,150,1,72,2458723.706
10,150,1,72.1,3243422.761
10,150,1,72.2,2327940.53
10,150,1,72.3,2563350.247
10,150,1,72.4,2118687.449
10,150,1,72.5,2484880.341
10,150,1,72.6,2040217.543
10,150,1,72.7,2720290.058
10,150,1,72.8,2615663.517
10,150,1,72.9,2641820.152
10,150,1,73,2929543.139
10,150,1,73.1,2484880.341
10,150,1,73.2,2432567.071
10,150,1,73.3,2537193.612
10,150,1,73.4,2092530.814
10,150,1,73.5,2511036.977
10,150,1,73.6,2380253.801
10,150,1,73.7,2903386.504
10,150,1,73.8,2694133.423
10,150,1,73.9,2511036.977
10,150,1,74,2406410.436
10,150,1,74.1,2772603.328
10,150,1,74.2,2563350.247
10,150,1,74.3,2406410.436
10,150,1,74.4,2511036.977
10,150,1,74.5,2144844.084
10,150,1,74.6,2275627.26
10,150,1,74.7,2615663.517
10,150,1,74.8,2223313.99
10,150,1,74.9,2667976.788
10,150,1,75,2275627.26
10,150,1,75.1,2327940.53
10,150,1,75.2,2406410.436
10,150,1,75.3,2694133.423
10,150,1,75.4,2615663.517
10,150,1,75.5,2118687.449
10,150,1,75.6,2327940.53
10,150,1,75.7,2406410.436
10,150,1,75.8,2511036.977
10,150,1,75.9,2066374.179
10,150,1,76,1883277.732
10,150,1,76.1,2354097.166
10,150,1,76.2,2354097.166
10,150,1,76.3,2981856.41
10,150,1,76.4,2275627.26
10,150,1,76.5,2092530.814
10,150,1,76.6,2641820.152
10,150,1,76.7,2275627.26
10,150,1,76.8,2537193.612
10,150,1,76.9,2484880.341
10,150,1,77,2641820.152
10,150,1,77.1,2720290.058
10,150,1,77.2,2092530.814
10,150,1,77.3,2563350.247
10,150,1,77.4,2066374.179
10,150,1,77.5,1857121.097
10,150,1,77.6,2327940.53
10,150,1,77.7,1752494.557
10,150,1,77.8,2171000.719
10,150,1,77.9,2275627.26
10,150,1,78,2223313.99
10,150,1,78.1,2511036.977
10,150,1,78.2,2720290.058
10,150,1,78.3,2197157.354
10,150,1,78.4,2327940.53
10,150,1,78.5,2249470.625
10,150,1,78.6,2223313.99
10,150,1,78.7,1569398.11
10,150,1,78.8,2171000.719
10,150,1,78.9,1857121.097
10,150,1,79,2144844.084
10,150,1,79.1,2380253.801
10,150,1,79.2,1778651.192
10,150,1,79.3,2354097.166
10,150,1,79.4,2275627.26
10,150,1,79.5,2694133.423
10,150,1,79.6,2144844.084
10,150,1,79.7,2118687.449
10,150,1,79.8,1987904.273
10,150,1,79.9,2301783.895
10,150,1,80,1464771.57
10,150,1,80.1,2014060.908
10,150,1,80.2,2144844.084
10,150,1,80.3,2327940.53
10,150,1,80.4,2014060.908
10,150,1,80.5,1778651.192
10,150,1,80.6,2511036.977
10,150,1,80.7,1804807.827
10,150,1,80.8,1752494.557
10,150,1,80.9,1857121.097
10,150,1,81,2118687.449
10,150,1,81.1,2223313.99
10,150,1,81.2,1804807.827
10,150,1,81.3,2144844.084
10,150,1,81.4,1909434.368
10,150,1,81.5,2040217.543
10,150,1,81.6,1935591.003
10,150,1,81.7,1830964.462
10,150,1,81.8,2066374.179
10,150,1,81.9,1726337.921
10,150,1,82,1857121.097
10,150,1,82.1,1987904.273
10,150,1,82.2,1804807.827
10,150,1,82.3,1935591.003
10,150,1,82.4,1830964.462
10,150,1,82.5,1674024.651
10,150,1,82.6,1909434.368
10,150,1,82.7,1909434.368
10,150,1,82.8,1778651.192
10,150,1,82.9,2066374.179
10,150,1,83,1543241.475
10,150,1,83.1,1726337.921
10,150,1,83.2,2144844.084
10,150,1,83.3,1857121.097
10,150,1,83.4,2092530.814
10,150,1,83.5,1595554.746
10,150,1,83.6,2040217.543
10,150,1,83.7,2066374.179
10,150,1,83.8,2144844.084
10,150,1,83.9,2118687.449
10,150,1,84,1830964.462
10,150,1,84.1,2223313.99
10,150,1,84.2,2301783.895
10,150,1,84.3,2275627.26
10,150,1,84.4,2327940.53
10,150,1,84.5,1987904.273
10,150,1,84.6,1857121.097
10,150,1,84.7,1726337.921
10,150,1,84.8,1517084.84
10,150,1,84.9,2118687.449
10,150,1,85,2197157.354
10,150,1,85.1,2563350.247
10,150,1,85.2,1752494.557
10,150,1,85.3,2223313.99
10,150,1,85.4,1830964.462
10,150,1,85.5,1595554.746
10,150,1,85.6,2197157.354
10,150,1,85.7,2066374.179
10,150,1,85.8,1674024.651
10,150,1,85.9,1830964.462
10,150,1,86,1935591.003
10,150,1,86.1,2458723.706
10,150,1,86.2,1935591.003
10,150,1,86.3,1804807.827
10,150,1,86.4,1621711.381
10,150,1,86.5,1700181.286
10,150,1,86.6,1569398.11
10,150,1,86.7,1647868.016
10,150,1,86.8,1726337.921
10,150,1,86.9,1961747.638
10,150,1,87,2040217.543
10,150,1,87.1,1595554.746
10,150,1,87.2,1778651.192
10,150,1,87.3,2249470.625
10,150,1,87.4,1595554.746
10,150,1,87.5,1490928.205
10,150,1,87.6,1726337.921
10,150,1,87.7,1830964.462
10,150,1,87.8,1883277.732
10,150,1,87.9,1857121.097
10,150,1,88,2066374.179
10,150,1,88.1,1961747.638
10,150,1,88.2,1961747.638
10,150,1,88.3,1674024.651
10,150,1,88.4,1621711.381
10,150,1,88.5,2301783.895
10,150,1,88.6,1778651.192
10,150,1,88.7,1647868.016
10,150,1,88.8,1752494.557
10,150,1,88.9,1517084.84
10,150,1,89,1621711.381
10,150,1,89.1,2144844.084
10,150,1,89.2,1647868.016
10,150,1,89.3,1674024.651
10,150,1,89.4,1778651.192
10,150,1,89.5,1621711.381
10,150,1,89.6,1569398.11
10,150,1,89.7,1647868.016
10,150,1,89.8,1595554.746
10,150,1,89.9,1517084.84
10,150,1,90,1935591.003
10,150,1,90.1,1569398.11
10,150,1,90.2,1961747.638
10,150,1,90.3,1857121.097
10,150,1,90.4,1883277.732
10,150,1,90.5,1804807.827
10,150,1,90.6,1517084.84
10,150,1,90.7,1412458.299
10,150,1,90.8,1281675.123
10,150,1,90.9,1674024.651
10,150,1,91,1857121.097
10,150,1,91.1,1804807.827
10,150,1,91.2,2040217.543
10,150,1,91.3,1569398.11
10,150,1,91.4,1307831.759
10,150,1,91.5,1490928.205
10,150,1,91.6,1595554.746
10,150,1,91.7,1490928.205
10,150,1,91.8,1909434.368
10,150,1,91.9,1595554.746
10,150,1,92,1647868.016
10,150,1,92.1,1674024.651
10,150,1,92.2,1543241.475
10,150,1,92.3,1621711.381
10,150,1,92.4,1333988.394
10,150,1,92.5,1229361.853
10,150,1,92.6,1386301.664
10,150,1,92.7,1647868.016
10,150,1,92.8,1700181.286
10,150,1,92.9,1543241.475
10,150,1,93,1386301.664
10,150,1,93.1,1621711.381
10,150,1,93.2,1726337.921
10,150,1,93.3,1804807.827
10,150,1,93.4,1464771.57
10,150,1,93.5,1569398.11
10,150,1,93.6,1438614.934
10,150,1,93.7,1229361.853
10,150,1,93.8,1386301.664
10,150,1,93.9,1307831.759
10,150,1,94,1281675.123
10,150,1,94.1,1569398.11
10,150,1,94.2,1674024.651
10,150,1,94.3,1909434.368
10,150,1,94.4,1726337.921
10,150,1,94.5,1307831.759
10,150,1,94.6,1961747.638
10,150,1,94.7,1360145.029
10,150,1,94.8,1464771.57
10,150,1,94.9,1360145.029
10,150,1,95,1517084.84
10,150,1,95.1,1490928.205
10,150,1,95.2,1883277.732
10,150,1,95.3,1674024.651
10,150,1,95.4,1543241.475
10,150,1,95.5,1438614.934
10,150,1,95.6,1726337.921
10,150,1,95.7,1830964.462
10,150,1,95.8,1674024.651
10,150,1,95.9,1830964.462
10,150,1,96,1307831.759
10,150,1,96.1,1438614.934
10,150,1,96.2,1543241.475
10,150,1,96.3,1490928.205
10,150,1,96.4,1490928.205
10,150,1,96.5,1569398.11
10,150,1,96.6,1333988.394
10,150,1,96.7,1333988.394
10,150,1,96.8,1621711.381
10,150,1,96.9,1778651.192
10,150,1,97,1464771.57
10,150,1,97.1,1203205.218
10,150,1,97.2,1517084.84
10,150,1,97.3,1490928.205
10,150,1,97.4,1229361.853
10,150,1,97.5,1464771.57
10,150,1,97.6,1281675.123
10,150,1,97.7,1464771.57
10,150,1,97.8,1333988.394
10,150,1,97.9,1281675.123
10,150,1,98,1778651.192
10,150,1,98.1,1647868.016
10,150,1,98.2,1621711.381
10,150,1,98.3,1778651.192
10,150,1,98.4,1464771.57
10,150,1,98.5,1150891.948
10,150,1,98.6,1360145.029
10,150,1,98.7,1438614.934
10,150,1,98.8,1438614.934
10,150,1,98.9,1543241.475
10,150,1,99,1490928.205
10,150,1,99.1,1464771.57
10,150,1,99.2,1281675.123
10,150,1,99.3,1595554.746
10,150,1,99.4,1490928.205
10,150,1,99.5,1124735.312
10,150,1,99.6,1203205.218
10,150,1,99.7,1438614.934
10,150,1,99.8,1386301.664
10,150,1,99.9,1517084.84
10,150,1,100,1333988.394
10,150,1,100.1,1700181.286
10,150,1,100.2,1595554.746
10,150,1,100.3,1124735.312
10,150,1,100.4,1543241.475
10,150,1,100.5,1490928.205
10,150,1,100.6,1333988.394
10,150,1,100.7,1752494.557
10,150,1,100.8,1438614.934
10,150,1,100.9,1360145.029
10,150,1,101,1098578.677
10,150,1,101.1,1412458.299
10,150,1,101.2,1098578.677
10,150,1,101.3,1517084.84
10,150,1,101.4,967795.5014
10,150,1,101.5,1333988.394
10,150,1,101.6,1124735.312
10,150,1,101.7,1229361.853
10,150,1,101.8,1333988.394
10,150,1,101.9,1150891.948
10,150,1,102,1438614.934
10,150,1,102.1,1124735.312
10,150,1,102.2,1281675.123
10,150,1,102.3,1412458.299
10,150,1,102.4,1020108.772
10,150,1,102.5,1438614.934
10,150,1,102.6,1333988.394
10,150,1,102.7,1438614.934
10,150,1,102.8,1595554.746
10,150,1,102.9,1124735.312
10,150,1,103,1229361.853
10,150,1,103.1,1177048.583
10,150,1,103.2,1255518.488
10,150,1,103.3,1333988.394
10,150,1,103.4,1412458.299
10,150,1,103.5,1438614.934
10,150,1,103.6,1386301.664
10,150,1,103.7,1360145.029
10,150,1,103.8,1255518.488
10,150,1,103.9,1281675.123
10,150,1,104,1150891.948
10,150,1,104.1,1229361.853
10,150,1,104.2,1203205.218
10,150,1,104.3,1307831.759
10,150,1,104.4,941638.8662
10,150,1,104.5,1517084.84
10,150,1,104.6,1412458.299
10,150,1,104.7,1333988.394
10,150,1,104.8,1203205.218
10,150,1,104.9,1177048.583
10,150,1,105,915482.231
10,150,1,105.1,1098578.677
10,150,1,105.2,941638.8662
10,150,1,105.3,1203205.218
10,150,1,105.4,1360145.029
10,150,1,105.5,1412458.299
10,150,1,105.6,1124735.312
10,150,1,105.7,1229361.853
10,150,1,105.8,1647868.016
10,150,1,105.9,1412458.299
10,150,1,106,1046265.407
10,150,1,106.1,1307831.759
10,150,1,106.2,1386301.664
10,150,1,106.3,1072422.042
10,150,1,106.4,1307831.759
10,150,1,106.5,993952.1366
10,150,1,106.6,1517084.84
10,150,1,106.7,1020108.772
10,150,1,106.8,1072422.042
10,150,1,106.9,784699.0552
10,150,1,107,967795.5014
10,150,1,107.1,1464771.57
10,150,1,107.2,1203205.218
10,150,1,107.3,1307831.759
10,150,1,107.4,1255518.488
10,150,1,107.5,1255518.488
10,150,1,107.6,1333988.394
10,150,1,107.7,837012.3255
10,150,1,107.8,1281675.123
10,150,1,107.9,1020108.772
10,150,1,108,941638.8662
10,150,1,108.1,1046265.407
10,150,1,108.2,1229361.853
10,150,1,108.3,1255518.488
10,150,1,108.4,1072422.042
10,150,1,108.5,1020108.772
10,150,1,108.6,1307831.759
10,150,1,108.7,1098578.677
10,150,1,108.8,1150891.948
10,150,1,108.9,1124735.312
10,150,1,109,889325.5959
10,150,1,109.1,863168.9607
10,150,1,109.2,1203205.218
10,150,1,109.3,1046265.407
10,150,1,109.4,1098578.677
10,150,1,109.5,941638.8662
10,150,1,109.6,1046265.407
10,150,1,109.7,889325.5959
10,150,1,109.8,1281675.123
10,150,1,109.9,810855.6904
10,150,1,110,1412458.299
10,150,1,110.1,1020108.772
10,150,1,110.2,1177048.583
10,150,1,110.3,1307831.759
10,150,1,110.4,1098578.677
10,150,1,110.5,1046265.407
10,150,1,110.6,1229361.853
10,150,1,110.7,1255518.488
10,150,1,110.8,1255518.488
10,150,1,110.9,1046265.407
10,150,1,111,1046265.407
10,150,1,111.1,1150891.948
10,150,1,111.2,784699.0552
10,150,1,111.3,967795.5014
10,150,1,111.4,810855.6904
10,150,1,111.5,1124735.312
10,150,1,111.6,967795.5014
10,150,1,111.7,601602.609
10,150,1,111.8,1020108.772
10,150,1,111.9,1124735.312
10,150,1,112,1229361.853
10,150,1,112.1,1281675.123
10,150,1,112.2,967795.5014
10,150,1,112.3,1386301.664
10,150,1,112.4,1046265.407
10,150,1,112.5,1150891.948
10,150,1,112.6,784699.0552
10,150,1,112.7,1124735.312
10,150,1,112.8,1203205.218
10,150,1,112.9,1412458.299
10,150,1,113,993952.1366
10,150,1,113.1,1020108.772
10,150,1,113.2,993952.1366
10,150,1,113.3,549289.3386
10,150,1,113.4,653915.8793
10,150,1,113.5,1281675.123
10,150,1,113.6,889325.5959
10,150,1,113.7,1360145.029
10,150,1,113.8,1177048.583
10,150,1,113.9,732385.7848
10,150,1,114,810855.6904
10,150,1,114.1,993952.1366
10,150,1,114.2,1203205.218
10,150,1,114.3,993952.1366
10,150,1,114.4,1150891.948
10,150,1,114.5,915482.231
10,150,1,114.6,1072422.042
10,150,1,114.7,1098578.677
10,150,1,114.8,941638.8662
10,150,1,114.9,1072422.042
10,150,1,115,863168.9607
10,150,1,115.1,1020108.772
10,150,1,115.2,1177048.583
10,150,1,115.3,993952.1366
10,150,1,115.4,993952.1366
10,150,1,115.5,706229.1497
10,150,1,115.6,784699.0552
10,150,1,115.7,1046265.407
10,150,1,115.8,1386301.664
10,150,1,115.9,732385.7848
10,150,1,116,784699.0552
10,150,1,116.1,758542.42
10,150,1,116.2,889325.5959
10,150,1,116.3,1150891.948
10,150,1,116.4,941638.8662
10,150,1,116.5,837012.3255
10,150,1,116.6,1150891.948
10,150,1,116.7,1046265.407
10,150,1,116.8,837012.3255
10,150,1,116.9,758542.42
10,150,1,117,993952.1366
10,150,1,117.1,810855.6904
10,150,1,117.2,837012.3255
10,150,1,117.3,784699.0552
10,150,1,117.4,1046265.407
10,150,1,117.5,1046265.407
10,150,1,117.6,1124735.312
10,150,1,117.7,863168.9607
10,150,1,117.8,941638.8662
10,150,1,117.9,810855.6904
10,150,1,118,810855.6904
10,150,1,118.1,732385.7848
10,150,1,118.2,993952.1366
10,150,1,118.3,1098578.677
10,150,1,118.4,1150891.948
10,150,1,118.5,967795.5014
10,150,1,118.6,993952.1366
10,150,1,118.7,1229361.853
10,150,1,118.8,941638.8662
10,150,1,118.9,1203205.218
10,150,1,119,889325.5959
10,150,1,119.1,993952.1366
10,150,1,119.2,889325.5959
10,150,1,119.3,810855.6904
10,150,1,119.4,784699.0552
10,150,1,119.5,1046265.407
10,150,1,119.6,1124735.312
10,150,1,119.7,758542.42
10,150,1,119.8,941638.8662
10,150,1,119.9,758542.42
10,150,1,120,810855.6904
10,150,1,120.1,863168.9607
10,150,1,120.2,1203205.218
10,150,1,120.3,863168.9607
10,150,1,120.4,941638.8662
10,150,1,120.5,1098578.677
10,150,1,120.6,1150891.948
10,150,1,120.7,1046265.407
10,150,1,120.8,627759.2441
10,150,1,120.9,915482.231
10,150,1,121,758542.42
10,150,1,121.1,732385.7848
10,150,1,121.2,889325.5959
10,150,1,121.3,993952.1366
10,150,1,121.4,810855.6904
10,150,1,121.5,732385.7848
10,150,1,121.6,967795.5014
10,150,1,121.7,732385.7848
10,150,1,121.8,1046265.407
10,150,1,121.9,1098578.677
10,150,1,122,915482.231
10,150,1,122.1,784699.0552
10,150,1,122.2,706229.1497
10,150,1,122.3,653915.8793
10,150,1,122.4,941638.8662
10,150,1,122.5,575445.9738
10,150,1,122.6,837012.3255
10,150,1,122.7,732385.7848
10,150,1,122.8,915482.231
10,150,1,122.9,784699.0552
10,150,1,123,837012.3255
10,150,1,123.1,706229.1497
10,150,1,123.2,863168.9607
10,150,1,123.3,1177048.583
10,150,1,123.4,706229.1497
10,150,1,123.5,837012.3255
10,150,1,123.6,1072422.042
10,150,1,123.7,496976.0683
10,150,1,123.8,1177048.583
10,150,1,123.9,915482.231
10,150,1,124,1020108.772
10,150,1,124.1,837012.3255
10,150,1,124.2,863168.9607
10,150,1,124.3,653915.8793
10,150,1,124.4,889325.5959
10,150,1,124.5,1281675.123
10,150,1,124.6,889325.5959
10,150,1,124.7,680072.5145
10,150,1,124.8,889325.5959
10,150,1,124.9,837012.3255
10,150,1,125,863168.9607
10,150,1,125.1,784699.0552
10,150,1,125.2,1072422.042
10,150,1,125.3,941638.8662
10,150,1,125.4,1020108.772
10,150,1,125.5,1046265.407
10,150,1,125.6,784699.0552
10,150,1,125.7,653915.8793
10,150,1,125.8,1124735.312
10,150,1,125.9,653915.8793
10,150,1,126,784699.0552
10,150,1,126.1,706229.1497
10,150,1,126.2,863168.9607
10,150,1,126.3,941638.8662
10,150,1,126.4,1255518.488
10,150,1,126.5,653915.8793
10,150,1,126.6,941638.8662
10,150,1,126.7,810855.6904
10,150,1,126.8,680072.5145
10,150,1,126.9,732385.7848
10,150,1,127,837012.3255
10,150,1,127.1,732385.7848
10,150,1,127.2,758542.42
10,150,1,127.3,627759.2441
10,150,1,127.4,706229.1497
10,150,1,127.5,941638.8662
10,150,1,127.6,1124735.312
10,150,1,127.7,758542.42
10,150,1,127.8,810855.6904
10,150,1,127.9,1020108.772
10,150,1,128,810855.6904
10,150,1,128.1,915482.231
10,150,1,128.2,653915.8793
10,150,1,128.3,732385.7848
10,150,1,128.4,680072.5145
10,150,1,128.5,993952.1366
10,150,1,128.6,732385.7848
10,150,1,128.7,863168.9607
10,150,1,128.8,837012.3255
10,150,1,128.9,758542.42
10,150,1,129,837012.3255
10,150,1,129.1,706229.1497
10,150,1,129.2,523132.7035
10,150,1,129.3,758542.42
10,150,1,129.4,863168.9607
10,150,1,129.5,732385.7848
10,150,1,129.6,889325.5959
10,150,1,129.7,863168.9607
10,150,1,129.8,915482.231
10,150,1,129.9,653915.8793
10,150,1,130,784699.0552
10,150,1,130.1,758542.42
10,150,1,130.2,1046265.407
10,150,1,130.3,680072.5145
10,150,1,130.4,758542.42
10,150,1,130.5,758542.42
10,150,1,130.6,784699.0552
10,150,1,130.7,1046265.407
10,150,1,130.8,627759.2441
10,150,1,130.9,680072.5145
10,150,1,131,627759.2441
10,150,1,131.1,627759.2441
10,150,1,131.2,784699.0552
10,150,1,131.3,496976.0683
10,150,1,131.4,680072.5145
10,150,1,131.5,732385.7848
10,150,1,131.6,732385.7848
10,150,1,131.7,810855.6904
10,150,1,131.8,967795.5014
10,150,1,131.9,784699.0552
10,150,1,132,680072.5145
10,150,1,132.1,889325.5959
10,150,1,132.2,680072.5145
10,150,1,132.3,784699.0552
10,150,1,132.4,863168.9607
10,150,1,132.5,706229.1497
10,150,1,132.6,496976.0683
10,150,1,132.7,810855.6904
10,150,1,132.8,575445.9738
10,150,1,132.9,653915.8793
10,150,1,133,810855.6904
10,150,1,133.1,392349.5276
10,150,1,133.2,549289.3386
10,150,1,133.3,941638.8662
10,150,1,133.4,706229.1497
10,150,1,133.5,680072.5145
10,150,1,133.6,967795.5014
10,150,1,133.7,732385.7848
10,150,1,133.8,653915.8793
10,150,1,133.9,837012.3255
10,150,1,134,653915.8793
10,150,1,134.1,680072.5145
10,150,1,134.2,653915.8793
10,150,1,134.3,575445.9738
10,150,1,134.4,758542.42
10,150,1,134.5,758542.42
10,150,1,134.6,601602.609
10,150,1,134.7,366192.8924
10,150,1,134.8,523132.7035
10,150,1,134.9,470819.4331
10,150,1,135,627759.2441
10,150,1,135.1,680072.5145
10,150,1,135.2,680072.5145
10,150,1,135.3,601602.609
10,150,1,135.4,758542.42
10,150,1,135.5,706229.1497
10,150,1,135.6,680072.5145
10,150,1,135.7,627759.2441
10,150,1,135.8,601602.609
10,150,1,135.9,810855.6904
10,150,1,136,784699.0552
10,150,1,136.1,732385.7848
10,150,1,136.2,523132.7035
10,150,1,136.3,627759.2441
10,150,1,136.4,653915.8793
10,150,1,136.5,732385.7848
10,150,1,136.6,967795.5014
10,150,1,136.7,627759.2441
10,150,1,136.8,732385.7848
10,150,1,136.9,418506.1628
10,150,1,137,470819.4331
10,150,1,137.1,470819.4331
10,150,1,137.2,470819.4331
10,150,1,137.3,706229.1497
10,150,1,137.4,523132.7035
10,150,1,137.5,601602.609
10,150,1,137.6,810855.6904
10,150,1,137.7,784699.0552
10,150,1,137.8,732385.7848
10,150,1,137.9,706229.1497
10,150,1,138,810855.6904
10,150,1,138.1,627759.2441
10,150,1,138.2,758542.42
10,150,1,138.3,601602.609
10,150,1,138.4,549289.3386
10,150,1,138.5,680072.5145
10,150,1,138.6,366192.8924
10,150,1,138.7,627759.2441
10,150,1,138.8,523132.7035
10,150,1,138.9,523132.7035
10,150,1,139,680072.5145
10,150,1,139.1,496976.0683
10,150,1,139.2,627759.2441
10,150,1,139.3,653915.8793
10,150,1,139.4,470819.4331
10,150,1,139.5,549289.3386
10,150,1,139.6,575445.9738
10,150,1,139.7,418506.1628
10,150,1,139.8,523132.7035
10,150,1,139.9,601602.609
10,150,1,140,470819.4331
10,150,1,140.1,575445.9738
10,150,1,140.2,653915.8793
10,150,1,140.3,523132.7035
10,150,1,140.4,758542.42
10,150,1,140.5,706229.1497
10,150,1,140.6,496976.0683
10,150,1,140.7,706229.1497
10,150,1,140.8,470819.4331
10,150,1,140.9,470819.4331
10,150,1,141,470819.4331
10,150,1,141.1,758542.42
10,150,1,141.2,470819.4331
10,150,1,141.3,575445.9738
10,150,1,141.4,680072.5145
10,150,1,141.5,601602.609
10,150,1,141.6,575445.9738
10,150,1,141.7,680072.5145
10,150,1,141.8,680072.5145
10,150,1,141.9,418506.1628
10,150,1,142,601602.609
10,150,1,142.1,810855.6904
10,150,1,142.2,418506.1628
10,150,1,142.3,496976.0683
10,150,1,142.4,601602.609
10,150,1,142.5,575445.9738
10,150,1,142.6,549289.3386
10,150,1,142.7,496976.0683
10,150,1,142.8,653915.8793
10,150,1,142.9,549289.3386
10,150,1,143,496976.0683
10,150,1,143.1,523132.7035
10,150,1,143.2,496976.0683
10,150,1,143.3,549289.3386
10,150,1,143.4,575445.9738
10,150,1,143.5,444662.7979
10,150,1,143.6,627759.2441
10,150,1,143.7,470819.4331
10,150,1,143.8,340036.2572
10,150,1,143.9,496976.0683
10,150,1,144,549289.3386
10,150,1,144.1,653915.8793
10,150,1,144.2,235409.7166
10,150,1,144.3,496976.0683
10,150,1,144.4,732385.7848
10,150,1,144.5,941638.8662
10,150,1,144.6,470819.4331
10,150,1,144.7,340036.2572
10,150,1,144.8,601602.609
10,150,1,144.9,575445.9738
10,150,1,145,523132.7035
10,150,1,145.1,444662.7979
10,150,1,145.2,575445.9738
10,150,1,145.3,313879.6221
10,150,1,145.4,496976.0683
10,150,1,145.5,732385.7848
10,150,1,145.6,601602.609
10,150,1,145.7,313879.6221
10,150,1,145.8,340036.2572
10,150,1,145.9,496976.0683
10,150,1,146,627759.2441
10,150,1,146.1,313879.6221
10,150,1,146.2,496976.0683
10,150,1,146.3,496976.0683
10,150,1,146.4,340036.2572
10,150,1,146.5,418506.1628
10,150,1,146.6,680072.5145
10,150,1,146.7,549289.3386
10,150,1,146.8,444662.7979
10,150,1,146.9,418506.1628
10,150,1,147,444662.7979
10,150,1,147.1,366192.8924
10,150,1,147.2,496976.0683
10,150,1,147.3,418506.1628
10,150,1,147.4,627759.2441
10,150,1,147.5,340036.2572
10,150,1,147.6,392349.5276
10,150,1,147.7,261566.3517
10,150,1,147.8,287722.9869
10,150,1,147.9,313879.6221
10,150,1,148,287722.9869
10,150,1,148.1,340036.2572
10,150,1,148.2,418506.1628
10,150,1,148.3,392349.5276
10,150,1,148.4,366192.8924
10,150,1,148.5,340036.2572
10,150,1,148.6,392349.5276
10,150,1,148.7,261566.3517
10,150,1,148.8,209253.0814
10,150,1,148.9,287722.9869
10,150,1,149,287722.9869
10,150,1,149.1,209253.0814
10,150,1,149.2,287722.9869
10,150,1,149.3,130783.1759
10,150,1,149.4,183096.4462
10,150,1,149.5,52313.27035
10,150,1,149.6,130783.1759
10,150,1,149.7,52313.27035
10,150,1,149.8,52313.27035
10,150,1,149.9,130783.1759
10,40,3,3.8,47629.68468
10,40,3,3.9,31753.12312
10,40,3,4,15876.56156
10,40,3,4.1,79382.80781
10,40,3,4.2,111135.9309
10,40,3,4.3,222271.8619
10,40,3,4.4,269901.5465
10,40,3,4.5,349284.3544
10,40,3,4.6,381037.4775
10,40,3,4.7,428667.1622
10,40,3,4.8,587432.7778
10,40,3,4.9,857334.3243
10,40,3,5,1365384.294
10,40,3,5.1,1222495.24
10,40,3,5.2,1651162.402
10,40,3,5.3,2206842.057
10,40,3,5.4,2476743.604
10,40,3,5.5,2508496.727
10,40,3,5.6,3492843.544
10,40,3,5.7,3699238.844
10,40,3,5.8,3778621.652
10,40,3,5.9,4286671.622
10,40,3,6,4969363.769
10,40,3,6.1,5445660.616
10,40,3,6.2,5969587.147
10,40,3,6.3,6922180.841
10,40,3,6.4,6890427.718
10,40,3,6.5,7763638.604
10,40,3,6.6,7223835.51
10,40,3,6.7,8398701.066
10,40,3,6.8,9430677.568
10,40,3,6.9,9287788.513
10,40,3,7,9256035.39
10,40,3,7.1,10542036.88
10,40,3,7.2,11351741.52
10,40,3,7.3,12748878.93
10,40,3,7.4,35531744.77
10,40,3,7.5,12987027.36
10,40,3,7.6,14431794.46
10,40,3,7.7,13368064.83
10,40,3,7.8,14130139.79
10,40,3,7.9,14574683.51
10,40,3,8,14495300.71
10,40,3,8.1,16257599.04
10,40,3,8.2,15686042.82
10,40,3,8.3,77207718.87
10,40,3,8.4,548979745.7
10,40,3,8.5,16892661.5
10,40,3,8.6,16718019.32
10,40,3,8.7,16860908.38
10,40,3,8.8,23751336.1
10,40,3,8.9,18654959.83
10,40,3,9,17146686.49
10,40,3,9.1,18226292.67
10,40,3,9.2,17019673.99
10,40,3,9.3,19559923.84
10,40,3,9.4,18559700.47
10,40,3,9.5,39739033.59
10,40,3,9.6,28165020.21
10,40,3,9.7,312498361.2
10,40,3,9.8,47359783.14
10,40,3,9.9,34801422.94
10,40,3,10,162210829.5
10,40,3,10.1,22195433.06
10,40,3,10.2,20560147.22
10,40,3,10.3,10049863.47
10,40,3,10.4,10097493.15
10,40,3,10.5,10494407.19
10,40,3,10.6,10288011.89
10,40,3,10.7,10589666.56
10,40,3,10.8,11256482.15
10,40,3,10.9,10859568.11
10,40,3,11,13002903.92
10,40,3,11.1,11494630.57
10,40,3,11.2,11574013.38
10,40,3,11.3,53091221.86
10,40,3,11.4,11494630.57
10,40,3,11.5,11399371.2
10,40,3,11.6,14114263.23
10,40,3,11.7,13876114.8
10,40,3,11.8,9065516.652
10,40,3,11.9,8700355.736
10,40,3,12,10478530.63
10,40,3,12.1,8335194.82
10,40,3,12.2,7874774.535
10,40,3,12.3,8001787.027
10,40,3,12.4,7970033.904
10,40,3,12.5,8541590.12
10,40,3,12.6,8414577.628
10,40,3,12.7,8890874.474
10,40,3,12.8,8382824.504
10,40,3,12.9,9478307.252
10,40,3,13,8478083.874
10,40,3,13.1,9605319.745
10,40,3,13.2,8986133.844
10,40,3,13.3,9795838.483
10,40,3,13.4,9875221.291
10,40,3,13.5,8890874.474
10,40,3,13.6,9764085.36
10,40,3,13.7,9462430.691
10,40,3,13.8,9319541.637
10,40,3,13.9,9494183.814
10,40,3,14,9129022.898
10,40,3,14.1,9541813.498
10,40,3,14.2,9414801.006
10,40,3,14.3,10462654.07
10,40,3,14.4,9557690.06
10,40,3,14.5,9541813.498
10,40,3,14.6,10351518.14
10,40,3,14.7,9811715.045
10,40,3,14.8,10113369.71
10,40,3,14.9,10113369.71
10,40,3,15,9700579.114
10,40,3,15.1,9811715.045
10,40,3,15.2,10065740.03
10,40,3,15.3,10240382.21
10,40,3,15.4,10303888.45
10,40,3,15.5,10383271.26
10,40,3,15.6,9256035.39
10,40,3,15.7,10335641.58
10,40,3,15.8,10224505.65
10,40,3,15.9,10049863.47
10,40,3,16,10335641.58
10,40,3,16.1,9891097.853
10,40,3,16.2,9938727.538
10,40,3,16.3,10605543.12
10,40,3,16.4,10462654.07
10,40,3,16.5,10764308.74
10,40,3,16.6,10097493.15
10,40,3,16.7,9621196.306
10,40,3,16.8,10446777.51
10,40,3,16.9,10113369.71
10,40,3,17,9652949.429
10,40,3,17.1,9922850.976
10,40,3,17.2,10176875.96
10,40,3,17.3,9748208.799
10,40,3,17.4,10272135.33
10,40,3,17.5,9986357.222
10,40,3,17.6,10478530.63
10,40,3,17.7,10033986.91
10,40,3,17.8,10113369.71
10,40,3,17.9,10033986.91
10,40,3,18,10049863.47
10,40,3,18.1,8652726.051
10,40,3,18.2,9557690.06
10,40,3,18.3,9764085.36
10,40,3,18.4,9684702.553
10,40,3,18.5,10383271.26
10,40,3,18.6,9367171.321
10,40,3,18.7,9891097.853
10,40,3,18.8,9192529.144
10,40,3,18.9,9811715.045
10,40,3,19,9525936.937
10,40,3,19.1,9589443.183
10,40,3,19.2,9732332.237
10,40,3,19.3,9652949.429
10,40,3,19.4,8271688.574
10,40,3,19.5,9240158.829
10,40,3,19.6,9398924.444
10,40,3,19.7,9017886.967
10,40,3,19.8,8700355.736
10,40,3,19.9,9081393.213
10,40,3,20,9065516.652
10,40,3,20.1,9764085.36
10,40,3,20.2,8716232.297
10,40,3,20.3,8795615.105
10,40,3,20.4,8287565.135
10,40,3,20.5,9446554.129
10,40,3,20.6,8652726.051
10,40,3,20.7,9176652.583
10,40,3,20.8,8557466.682
10,40,3,20.9,9033763.529
10,40,3,21,8795615.105
10,40,3,21.1,8462207.312
10,40,3,21.2,8224058.889
10,40,3,21.3,8890874.474
10,40,3,21.4,8224058.889
10,40,3,21.5,8509836.997
10,40,3,21.6,8493960.435
10,40,3,21.7,8716232.297
10,40,3,21.8,8478083.874
10,40,3,21.9,8001787.027
10,40,3,22,7557243.303
10,40,3,22.1,8732108.859
10,40,3,22.2,8160552.643
10,40,3,22.3,8430454.189
10,40,3,22.4,8366947.943
10,40,3,22.5,7716008.919
10,40,3,22.6,8192305.766
10,40,3,22.7,7922404.219
10,40,3,22.8,7461983.934
10,40,3,22.9,7588996.426
10,40,3,23,7763638.604
10,40,3,23.1,7843021.411
10,40,3,23.2,7731885.48
10,40,3,23.3,8271688.574
10,40,3,23.4,8636849.489
10,40,3,23.5,7096823.018
10,40,3,23.6,7493737.057
10,40,3,23.7,6985687.087
10,40,3,23.8,7620749.55
10,40,3,23.9,7588996.426
10,40,3,24,7398477.688
10,40,3,24.1,7414354.249
10,40,3,24.2,7414354.249
10,40,3,24.3,7319094.88
10,40,3,24.4,6763415.225
10,40,3,24.5,7192082.387
10,40,3,24.6,6684032.417
10,40,3,24.7,7477860.495
10,40,3,24.8,6604649.61
10,40,3,24.9,6493513.679
10,40,3,25,7033316.772
10,40,3,25.1,7382601.126
10,40,3,25.2,6239488.694
10,40,3,25.3,6890427.718
10,40,3,25.4,6684032.417
10,40,3,25.5,6430007.432
10,40,3,25.6,6795168.348
10,40,3,25.7,6525266.802
10,40,3,25.8,6652279.294
10,40,3,25.9,6033093.393
10,40,3,26,6445883.994
10,40,3,26.1,5842574.655
10,40,3,26.2,6096599.64
10,40,3,26.3,6096599.64
10,40,3,26.4,6223612.132
10,40,3,26.5,5842574.655
10,40,3,26.6,6302994.94
10,40,3,26.7,5921957.462
10,40,3,26.8,5969587.147
10,40,3,26.9,6033093.393
10,40,3,27,6445883.994
10,40,3,27.1,6048969.955
10,40,3,27.2,6239488.694
10,40,3,27.3,5477413.739
10,40,3,27.4,5604426.231
10,40,3,27.5,6080723.078
10,40,3,27.6,5350401.246
10,40,3,27.7,5445660.616
10,40,3,27.8,5223388.754
10,40,3,27.9,6128352.763
10,40,3,28,5064623.138
10,40,3,28.1,5001116.892
10,40,3,28.2,5001116.892
10,40,3,28.3,4874104.399
10,40,3,28.4,5271018.438
10,40,3,28.5,5382154.369
10,40,3,28.6,5255141.877
10,40,3,28.7,5588549.67
10,40,3,28.8,5032870.015
10,40,3,28.9,5286895
10,40,3,29,4874104.399
10,40,3,29.1,4620079.414
10,40,3,29.2,4874104.399
10,40,3,29.3,4985240.33
10,40,3,29.4,5334524.685
10,40,3,29.5,4397807.553
10,40,3,29.6,4826474.715
10,40,3,29.7,4254918.498
10,40,3,29.8,4286671.622
10,40,3,29.9,4397807.553
10,40,3,30,4127906.006
10,40,3,30.1,4731215.345
10,40,3,30.2,4429560.676
10,40,3,30.3,4413684.114
10,40,3,30.4,3921510.706
10,40,3,30.5,3842127.898
10,40,3,30.6,4096152.883
10,40,3,30.7,4239041.937
10,40,3,30.8,4540696.607
10,40,3,30.9,4381930.991
10,40,3,31,3905634.144
10,40,3,31.1,3730991.967
10,40,3,31.2,4143782.568
10,40,3,31.3,3889757.583
10,40,3,31.4,4016770.075
10,40,3,31.5,3921510.706
10,40,3,31.6,3635732.598
10,40,3,31.7,3889757.583
10,40,3,31.8,3826251.336
10,40,3,31.9,3794498.213
10,40,3,32,3365831.051
10,40,3,32.1,3032423.258
10,40,3,32.2,3810374.775
10,40,3,32.3,3762745.09
10,40,3,32.4,3461090.42
10,40,3,32.5,3603979.474
10,40,3,32.6,3508720.105
10,40,3,32.7,3699238.844
10,40,3,32.8,3651609.159
10,40,3,32.9,3318201.366
10,40,3,33,3461090.42
10,40,3,33.1,3556349.79
10,40,3,33.2,3508720.105
10,40,3,33.3,2921287.327
10,40,3,33.4,3254695.12
10,40,3,33.5,2826027.958
10,40,3,33.6,2873657.643
10,40,3,33.7,3222941.997
10,40,3,33.8,2921287.327
10,40,3,33.9,2746645.15
10,40,3,34,2587879.535
10,40,3,34.1,3095929.504
10,40,3,34.2,2651385.781
10,40,3,34.3,2524373.288
10,40,3,34.4,2889534.204
10,40,3,34.5,2968917.012
10,40,3,34.6,2587879.535
10,40,3,34.7,2746645.15
10,40,3,34.8,2365607.673
10,40,3,34.9,2826027.958
10,40,3,35,2508496.727
10,40,3,35.1,2746645.15
10,40,3,35.2,2556126.411
10,40,3,35.3,2413237.357
10,40,3,35.4,2016323.318
10,40,3,35.5,2333854.55
10,40,3,35.6,2397360.796
10,40,3,35.7,2000446.757
10,40,3,35.8,2365607.673
10,40,3,35.9,2175088.934
10,40,3,36,2032199.88
10,40,3,36.1,2175088.934
10,40,3,36.2,2111582.688
10,40,3,36.3,1905187.387
10,40,3,36.4,1841681.141
10,40,3,36.5,1936940.511
10,40,3,36.6,1778174.895
10,40,3,36.7,1667038.964
10,40,3,36.8,1540026.471
10,40,3,36.9,1651162.402
10,40,3,37,1809928.018
10,40,3,37.1,1682915.526
10,40,3,37.2,1349507.733
10,40,3,37.3,1206618.679
10,40,3,37.4,1365384.294
10,40,3,37.5,1365384.294
10,40,3,37.6,1270124.925
10,40,3,37.7,1603532.718
10,40,3,37.8,1381260.856
10,40,3,37.9,1063729.625
10,40,3,38,873210.8859
10,40,3,38.1,1222495.24
10,40,3,38.2,936717.1321
10,40,3,38.3,1063729.625
10,40,3,38.4,841457.7628
10,40,3,38.5,809704.6396
10,40,3,38.6,1079606.186
10,40,3,38.7,984346.8168
10,40,3,38.8,920840.5706
10,40,3,38.9,825581.2012
10,40,3,39,698568.7087
10,40,3,39.1,746198.3934
10,40,3,39.2,746198.3934
10,40,3,39.3,444543.7237
10,40,3,39.4,412790.6006
10,40,3,39.5,428667.1622
10,40,3,39.6,412790.6006
10,40,3,39.7,349284.3544
10,40,3,39.8,301654.6697
10,40,3,39.9,111135.9309
10,40,3,40,47629.68468
10,80,3,3,52313.27035
10,80,3,3.4,104626.5407
10,80,3,3.5,209253.0814
10,80,3,3.6,130783.1759
10,80,3,3.7,392349.5276
10,80,3,3.8,523132.7035
10,80,3,3.9,810855.6904
10,80,3,4,627759.2441
10,80,3,4.1,1098578.677
10,80,3,4.2,1177048.583
10,80,3,4.3,2197157.354
10,80,3,4.4,2249470.625
10,80,3,4.5,2484880.341
10,80,3,4.6,4028121.817
10,80,3,4.7,4368158.074
10,80,3,4.8,5806773.008
10,80,3,4.9,6199122.536
10,80,3,5,6931508.321
10,80,3,5.1,7794677.281
10,80,3,5.2,8579376.337
10,80,3,5.3,9834894.825
10,80,3,5.4,11011943.41
10,80,3,5.5,11561232.75
10,80,3,5.6,12685968.06
10,80,3,5.7,15066221.86
10,80,3,5.8,15641667.83
10,80,3,5.9,17786511.92
10,80,3,6,18858933.96
10,80,3,6.1,20062139.18
10,80,3,6.2,20376018.8
10,80,3,6.3,22259296.53
10,80,3,6.4,22703959.33
10,80,3,6.5,25528875.93
10,80,3,6.6,26836707.69
10,80,3,6.7,27595250.11
10,80,3,6.8,29112334.95
10,80,3,6.9,30603263.15
10,80,3,7,32224974.53
10,80,3,7.1,32224974.53
10,80,3,7.2,34448288.52
10,80,3,7.3,33297396.57
10,80,3,7.4,143207577.6
10,80,3,7.5,35128361.04
10,80,3,7.6,38241000.62
10,80,3,7.7,38894916.5
10,80,3,7.8,39051856.31
10,80,3,7.9,41222857.03
10,80,3,8,38790289.96
10,80,3,8.1,42870725.05
10,80,3,8.2,43916990.45
10,80,3,8.3,290207867.2
10,80,3,8.4,2234482873
10,80,3,8.5,42295279.07
10,80,3,8.6,44361653.25
10,80,3,8.7,43576954.2
10,80,3,8.8,74101747.44
10,80,3,8.9,46558810.61
10,80,3,9,45669485.01
10,80,3,9.1,45878738.09
10,80,3,9.2,45329448.75
10,80,3,9.3,48677498.06
10,80,3,9.4,48206678.62
10,80,3,9.5,140199564.5
10,80,3,9.6,88252487.07
10,80,3,9.7,1257794116
10,80,3,9.8,164368295.4
10,80,3,9.9,109491674.8
10,80,3,10,582011289.2
10,80,3,10.1,54510427.7
10,80,3,10.2,60238730.8
10,80,3,10.3,34605228.33
10,80,3,10.4,32355757.71
10,80,3,10.5,30786359.6
10,80,3,10.6,31858781.64
10,80,3,10.7,33088143.49
10,80,3,10.8,32538854.15
10,80,3,10.9,31989564.82
10,80,3,11,38528723.61
10,80,3,11.1,32251131.17
10,80,3,11.2,32774263.87
10,80,3,11.3,226673400.4
10,80,3,11.4,32434227.61
10,80,3,11.5,36096156.54
10,80,3,11.6,50822342.14
10,80,3,11.7,50168426.26
10,80,3,11.8,29530841.11
10,80,3,11.9,27909129.73
10,80,3,12,33768216.01
10,80,3,12.1,27281370.49
10,80,3,12.2,25319622.85
10,80,3,12.3,26810551.05
10,80,3,12.4,26235105.08
10,80,3,12.5,26601297.97
10,80,3,12.6,25528875.93
10,80,3,12.7,27961443
10,80,3,12.8,28484575.7
10,80,3,12.9,26130478.54
10,80,3,13,26967490.86
10,80,3,13.1,26208948.44
10,80,3,13.2,27595250.11
10,80,3,13.3,27490623.57
10,80,3,13.4,27699876.65
10,80,3,13.5,26208948.44
10,80,3,13.6,27595250.11
10,80,3,13.7,26601297.97
10,80,3,13.8,28118382.81
10,80,3,13.9,30760202.96
10,80,3,14,27935286.36
10,80,3,14.1,27987599.63
10,80,3,14.2,27647563.38
10,80,3,14.3,30263226.89
10,80,3,14.4,29190804.85
10,80,3,14.5,27647563.38
10,80,3,14.6,29713937.56
10,80,3,14.7,27045960.77
10,80,3,14.8,27961443
10,80,3,14.9,28144539.45
10,80,3,15,29269274.76
10,80,3,15.1,27987599.63
10,80,3,15.2,29060021.68
10,80,3,15.3,26915177.59
10,80,3,15.4,27229057.21
10,80,3,15.5,27935286.36
10,80,3,15.6,28458419.07
10,80,3,15.7,28066069.54
10,80,3,15.8,28903081.87
10,80,3,15.9,30158600.35
10,80,3,16,27726033.28
10,80,3,16.1,28563045.61
10,80,3,16.2,28824611.96
10,80,3,16.3,27385997.03
10,80,3,16.4,27255213.85
10,80,3,16.5,28458419.07
10,80,3,16.6,27255213.85
10,80,3,16.7,28196852.72
10,80,3,16.8,30472479.98
10,80,3,16.9,27464466.93
10,80,3,17,27385997.03
10,80,3,17.1,27621406.74
10,80,3,17.2,28301479.26
10,80,3,17.3,28615358.88
10,80,3,17.4,29269274.76
10,80,3,17.5,27935286.36
10,80,3,17.6,27621406.74
10,80,3,17.7,26444358.16
10,80,3,17.8,27595250.11
10,80,3,17.9,27961443
10,80,3,18,26836707.69
10,80,3,18.1,27255213.85
10,80,3,18.2,28066069.54
10,80,3,18.3,26915177.59
10,80,3,18.4,27621406.74
10,80,3,18.5,27699876.65
10,80,3,18.6,27673720.01
10,80,3,18.7,28667672.15
10,80,3,18.8,26705924.51
10,80,3,18.9,27752189.92
10,80,3,19,26862864.32
10,80,3,19.1,26313574.98
10,80,3,19.2,26705924.51
10,80,3,19.3,28223009.35
10,80,3,19.4,25738129.01
10,80,3,19.5,25790442.28
10,80,3,19.6,27385997.03
10,80,3,19.7,25136526.4
10,80,3,19.8,25581189.2
10,80,3,19.9,25659659.1
10,80,3,20,25607345.83
10,80,3,20.1,25633502.47
10,80,3,20.2,26732081.15
10,80,3,20.3,24221044.17
10,80,3,20.4,27150587.31
10,80,3,20.5,26444358.16
10,80,3,20.6,24901116.68
10,80,3,20.7,22991682.32
10,80,3,20.8,26418201.52
10,80,3,20.9,25136526.4
10,80,3,21,25241152.94
10,80,3,21.1,23933321.18
10,80,3,21.2,24561080.43
10,80,3,21.3,25973538.73
10,80,3,21.4,25241152.94
10,80,3,21.5,25999695.36
10,80,3,21.6,24508767.16
10,80,3,21.7,24534923.79
10,80,3,21.8,24665706.97
10,80,3,21.9,24901116.68
10,80,3,22,24508767.16
10,80,3,22.1,22494706.25
10,80,3,22.2,23933321.18
10,80,3,22.3,24691863.6
10,80,3,22.4,23436345.11
10,80,3,22.5,23148622.13
10,80,3,22.6,24299514.08
10,80,3,22.7,23593284.93
10,80,3,22.8,23331718.57
10,80,3,22.9,24534923.79
10,80,3,23,21997730.18
10,80,3,23.1,23697911.47
10,80,3,23.2,22730115.96
10,80,3,23.3,22390079.71
10,80,3,23.4,22076200.09
10,80,3,23.5,21866947
10,80,3,23.6,23593284.93
10,80,3,23.7,22206983.26
10,80,3,23.8,22651646.06
10,80,3,23.9,21448440.84
10,80,3,24,22677802.69
10,80,3,24.1,21814633.73
10,80,3,24.2,20977621.41
10,80,3,24.3,22076200.09
10,80,3,24.4,21919260.27
10,80,3,24.5,20820681.6
10,80,3,24.6,20480645.34
10,80,3,24.7,20637585.15
10,80,3,24.8,20323705.53
10,80,3,24.9,21788477.1
10,80,3,25,20611428.52
10,80,3,25.1,21369970.94
10,80,3,25.2,21056091.31
10,80,3,25.3,21422284.21
10,80,3,25.4,21657693.92
10,80,3,25.5,20480645.34
10,80,3,25.6,19565163.11
10,80,3,25.7,20794524.96
10,80,3,25.8,20402175.43
10,80,3,25.9,20402175.43
10,80,3,26,19722102.92
10,80,3,26.1,20637585.15
10,80,3,26.2,20323705.53
10,80,3,26.3,20585271.88
10,80,3,26.4,19800572.83
10,80,3,26.5,19015873.77
10,80,3,26.6,20062139.18
10,80,3,26.7,20585271.88
10,80,3,26.8,19277440.12
10,80,3,26.9,20506801.98
10,80,3,27,19277440.12
10,80,3,27.1,18571210.97
10,80,3,27.2,19617476.38
10,80,3,27.3,17263379.21
10,80,3,27.4,18414271.16
10,80,3,27.5,19460536.57
10,80,3,27.6,19774416.19
10,80,3,27.7,19198970.22
10,80,3,27.8,19225126.85
10,80,3,27.9,17995765
10,80,3,28,19408223.3
10,80,3,28.1,19251283.49
10,80,3,28.2,18257331.35
10,80,3,28.3,17708042.01
10,80,3,28.4,18728150.78
10,80,3,28.5,18074234.9
10,80,3,28.6,17734198.65
10,80,3,28.7,17995765
10,80,3,28.8,18100391.54
10,80,3,28.9,18309644.62
10,80,3,29,18361957.89
10,80,3,29.1,18048078.27
10,80,3,29.2,17551102.2
10,80,3,29.3,17629572.11
10,80,3,29.4,17472632.3
10,80,3,29.5,18440427.8
10,80,3,29.6,16871029.69
10,80,3,29.7,18178861.44
10,80,3,29.8,18780464.05
10,80,3,29.9,17681885.38
10,80,3,30,18021921.63
10,80,3,30.1,15380101.48
10,80,3,30.2,18100391.54
10,80,3,30.3,16714089.88
10,80,3,30.4,16583306.7
10,80,3,30.5,16295583.71
10,80,3,30.6,18205018.08
10,80,3,30.7,15170848.4
10,80,3,30.8,17237222.58
10,80,3,30.9,16086330.63
10,80,3,31,16452523.52
10,80,3,31.1,15641667.83
10,80,3,31.2,15850920.91
10,80,3,31.3,15170848.4
10,80,3,31.4,15301631.58
10,80,3,31.5,16661776.6
10,80,3,31.6,16112487.27
10,80,3,31.7,15406258.12
10,80,3,31.8,15197005.04
10,80,3,31.9,15092378.49
10,80,3,32,15484728.02
10,80,3,32.1,15746294.37
10,80,3,32.2,15667824.47
10,80,3,32.3,15929390.82
10,80,3,32.4,15406258.12
10,80,3,32.5,16557150.06
10,80,3,32.6,15903234.18
10,80,3,32.7,15563197.93
10,80,3,32.8,15563197.93
10,80,3,32.9,14229209.53
10,80,3,33,15641667.83
10,80,3,33.1,13863016.64
10,80,3,33.2,14098426.36
10,80,3,33.3,15013908.59
10,80,3,33.4,14412305.98
10,80,3,33.5,14124582.99
10,80,3,33.6,14935438.68
10,80,3,33.7,14072269.72
10,80,3,33.8,14386149.34
10,80,3,33.9,14987751.95
10,80,3,34,13889173.28
10,80,3,34.1,13078317.59
10,80,3,34.2,14464619.25
10,80,3,34.3,14229209.53
10,80,3,34.4,14176896.26
10,80,3,34.5,13706076.83
10,80,3,34.6,14752342.24
10,80,3,34.7,13706076.83
10,80,3,34.8,12738281.33
10,80,3,34.9,14176896.26
10,80,3,35,13810703.37
10,80,3,35.1,12999847.68
10,80,3,35.2,14098426.36
10,80,3,35.3,13810703.37
10,80,3,35.4,12555184.88
10,80,3,35.5,14072269.72
10,80,3,35.6,13653763.56
10,80,3,35.7,13104474.22
10,80,3,35.8,13287570.67
10,80,3,35.9,12999847.68
10,80,3,36,12999847.68
10,80,3,36.1,12633654.79
10,80,3,36.2,14490775.89
10,80,3,36.3,13549137.02
10,80,3,36.4,12921377.78
10,80,3,36.5,12319775.17
10,80,3,36.6,12659811.42
10,80,3,36.7,12293618.53
10,80,3,36.8,11744329.19
10,80,3,36.9,12319775.17
10,80,3,37,12842907.87
10,80,3,37.1,12502871.61
10,80,3,37.2,12084365.45
10,80,3,37.3,13601450.29
10,80,3,37.4,12869064.5
10,80,3,37.5,12188991.99
10,80,3,37.6,12372088.44
10,80,3,37.7,12842907.87
10,80,3,37.8,11116569.95
10,80,3,37.9,11770485.83
10,80,3,38,12084365.45
10,80,3,38.1,10776533.69
10,80,3,38.2,11665859.29
10,80,3,38.3,11979738.91
10,80,3,38.4,11770485.83
10,80,3,38.5,12293618.53
10,80,3,38.6,11639702.65
10,80,3,38.7,12973691.05
10,80,3,38.8,12032052.18
10,80,3,38.9,12136678.72
10,80,3,39,11744329.19
10,80,3,39.1,12032052.18
10,80,3,39.2,11325823.03
10,80,3,39.3,10985786.77
10,80,3,39.4,11221196.49
10,80,3,39.5,10933473.5
10,80,3,39.6,11195039.85
10,80,3,39.7,11875112.37
10,80,3,39.8,10750377.06
10,80,3,39.9,11195039.85
10,80,3,40,9861051.46
10,80,3,40.1,11482762.84
10,80,3,40.2,11221196.49
10,80,3,40.3,10384184.16
10,80,3,40.4,12005895.54
10,80,3,40.5,11142726.58
10,80,3,40.6,10724220.42
10,80,3,40.7,11796642.46
10,80,3,40.8,10881160.23
10,80,3,40.9,9991834.636
10,80,3,41,10855003.6
10,80,3,41.1,10305714.26
10,80,3,41.2,10410340.8
10,80,3,41.3,11247353.12
10,80,3,41.4,10122617.81
10,80,3,41.5,10174931.08
10,80,3,41.6,10253400.99
10,80,3,41.7,10410340.8
10,80,3,41.8,9991834.636
10,80,3,41.9,10567280.61
10,80,3,42,10724220.42
10,80,3,42.1,10462654.07
10,80,3,42.2,10802690.33
10,80,3,42.3,10724220.42
10,80,3,42.4,11011943.41
10,80,3,42.5,9102509.04
10,80,3,42.6,9364075.392
10,80,3,42.7,9651798.379
10,80,3,42.8,10802690.33
10,80,3,42.9,10514967.34
10,80,3,43,9861051.46
10,80,3,43.1,10279557.62
10,80,3,43.2,9337918.757
10,80,3,43.3,9834894.825
10,80,3,43.4,10201087.72
10,80,3,43.5,9102509.04
10,80,3,43.6,10070304.54
10,80,3,43.7,9233292.216
10,80,3,43.8,8945569.229
10,80,3,43.9,8971725.864
10,80,3,44,9704111.649
10,80,3,44.1,9939521.366
10,80,3,44.2,9390232.027
10,80,3,44.3,9599485.108
10,80,3,44.4,9311762.121
10,80,3,44.5,9599485.108
10,80,3,44.6,9887208.095
10,80,3,44.7,8657846.242
10,80,3,44.8,8945569.229
10,80,3,44.9,9599485.108
10,80,3,45,8997882.499
10,80,3,45.1,9311762.121
10,80,3,45.2,8056243.633
10,80,3,45.3,9154822.31
10,80,3,45.4,9651798.379
10,80,3,45.5,8082400.268
10,80,3,45.6,9259448.851
10,80,3,45.7,8814786.053
10,80,3,45.8,8762472.783
10,80,3,45.9,8919412.594
10,80,3,46,8684002.877
10,80,3,46.1,7794677.281
10,80,3,46.2,9154822.31
10,80,3,46.3,8527063.066
10,80,3,46.4,9547171.838
10,80,3,46.5,7663894.106
10,80,3,46.6,9730268.284
10,80,3,46.7,8631689.607
10,80,3,46.8,7506954.295
10,80,3,46.9,8213183.444
10,80,3,47,8134713.539
10,80,3,47.1,8343966.62
10,80,3,47.2,8213183.444
10,80,3,47.3,8840942.688
10,80,3,47.4,7454641.024
10,80,3,47.5,8030086.998
10,80,3,47.6,8160870.174
10,80,3,47.7,7533110.93
10,80,3,47.8,8003930.363
10,80,3,47.9,7611580.835
10,80,3,48,8160870.174
10,80,3,48.1,8213183.444
10,80,3,48.2,8500906.431
10,80,3,48.3,7611580.835
10,80,3,48.4,7820833.917
10,80,3,48.5,7506954.295
10,80,3,48.6,7506954.295
10,80,3,48.7,7506954.295
10,80,3,48.8,7663894.106
10,80,3,48.9,7062291.497
10,80,3,49,8553219.701
10,80,3,49.1,8239340.079
10,80,3,49.2,6303749.077
10,80,3,49.3,7611580.835
10,80,3,49.4,7323857.848
10,80,3,49.5,6983821.591
10,80,3,49.6,7506954.295
10,80,3,49.7,7062291.497
10,80,3,49.8,7690050.741
10,80,3,49.9,7742364.011
10,80,3,50,6722255.239
10,80,3,50.1,7794677.281
10,80,3,50.2,7690050.741
10,80,3,50.3,7088448.132
10,80,3,50.4,7873147.187
10,80,3,50.5,6565315.428
10,80,3,50.6,6748411.875
10,80,3,50.7,6669941.969
10,80,3,50.8,6853038.415
10,80,3,50.9,7506954.295
10,80,3,51,7533110.93
10,80,3,51.1,7323857.848
10,80,3,51.2,6905351.686
10,80,3,51.3,6826881.78
10,80,3,51.4,7768520.646
10,80,3,51.5,6696098.604
10,80,3,51.6,6722255.239
10,80,3,51.7,7716207.376
10,80,3,51.8,6696098.604
10,80,3,51.9,6722255.239
10,80,3,52,6329905.712
10,80,3,52.1,6905351.686
10,80,3,52.2,6931508.321
10,80,3,52.3,6513002.158
10,80,3,52.4,6853038.415
10,80,3,52.5,6643785.334
10,80,3,52.6,6565315.428
10,80,3,52.7,5937556.184
10,80,3,52.8,5649833.197
10,80,3,52.9,6722255.239
10,80,3,53,6617628.699
10,80,3,53.1,7114604.767
10,80,3,53.2,6146809.266
10,80,3,53.3,6696098.604
10,80,3,53.4,6853038.415
10,80,3,53.5,6513002.158
10,80,3,53.6,5963712.819
10,80,3,53.7,6042182.725
10,80,3,53.8,6329905.712
10,80,3,53.9,6303749.077
10,80,3,54,6094495.995
10,80,3,54.1,5832929.643
10,80,3,54.2,5519050.021
10,80,3,54.3,5519050.021
10,80,3,54.4,5963712.819
10,80,3,54.5,5832929.643
10,80,3,54.6,6696098.604
10,80,3,54.7,5806773.008
10,80,3,54.8,5362110.21
10,80,3,54.9,6303749.077
10,80,3,55,5963712.819
10,80,3,55.1,6617628.699
10,80,3,55.2,5231327.035
10,80,3,55.3,6068339.36
10,80,3,55.4,5675989.832
10,80,3,55.5,6068339.36
10,80,3,55.6,6172965.901
10,80,3,55.7,5231327.035
10,80,3,55.8,5702146.468
10,80,3,55.9,5231327.035
10,80,3,56,5675989.832
10,80,3,56.1,5623676.562
10,80,3,56.2,6120652.63
10,80,3,56.3,5414423.481
10,80,3,56.4,5440580.116
10,80,3,56.5,5309796.94
10,80,3,56.6,6068339.36
10,80,3,56.7,5492893.386
10,80,3,56.8,5754459.738
10,80,3,56.9,5545206.657
10,80,3,57,5388266.846
10,80,3,57.1,5126700.494
10,80,3,57.2,5649833.197
10,80,3,57.3,5048230.588
10,80,3,57.4,5152857.129
10,80,3,57.5,5231327.035
10,80,3,57.6,5519050.021
10,80,3,57.7,5179013.764
10,80,3,57.8,5335953.575
10,80,3,57.9,4917447.412
10,80,3,58,5440580.116
10,80,3,58.1,10096461.18
10,80,3,58.2,4865134.142
10,80,3,58.3,4969760.683
10,80,3,58.4,5649833.197
10,80,3,58.5,4917447.412
10,80,3,58.6,5022073.953
10,80,3,58.7,4446627.979
10,80,3,58.8,4498941.25
10,80,3,58.9,4865134.142
10,80,3,59,4969760.683
10,80,3,59.1,4420471.344
10,80,3,59.2,4786664.237
10,80,3,59.3,5074387.223
10,80,3,59.4,4708194.331
10,80,3,59.5,14072269.72
10,80,3,59.6,4472784.615
10,80,3,59.7,4760507.601
10,80,3,59.8,4995917.318
10,80,3,59.9,4995917.318
10,80,3,60,4106591.722
10,80,3,60.1,4106591.722
10,80,3,60.2,4786664.237
10,80,3,60.3,4655881.061
10,80,3,60.4,5152857.129
10,80,3,60.5,4446627.979
10,80,3,60.6,5335953.575
10,80,3,60.7,4446627.979
10,80,3,60.8,4446627.979
10,80,3,60.9,4263531.533
10,80,3,61,3871182.006
10,80,3,61.1,4132748.357
10,80,3,61.2,4655881.061
10,80,3,61.3,4917447.412
10,80,3,61.4,4211218.263
10,80,3,61.5,3975808.546
10,80,3,61.6,4289688.168
10,80,3,61.7,4001965.181
10,80,3,61.8,4080435.087
10,80,3,61.9,4106591.722
10,80,3,62,3975808.546
10,80,3,62.1,4315844.803
10,80,3,62.2,4394314.709
10,80,3,62.3,4106591.722
10,80,3,62.4,3792712.1
10,80,3,62.5,4054278.452
10,80,3,62.6,4132748.357
10,80,3,62.7,4577411.155
10,80,3,62.8,4812820.872
10,80,3,62.9,3766555.465
10,80,3,63,4551254.52
10,80,3,63.1,3949651.911
10,80,3,63.2,3635772.289
10,80,3,63.3,3348049.302
10,80,3,63.4,3818868.735
10,80,3,63.5,4446627.979
10,80,3,63.6,4054278.452
10,80,3,63.7,3792712.1
10,80,3,63.8,3557302.383
10,80,3,63.9,3740398.83
10,80,3,64,3452675.843
10,80,3,64.1,3635772.289
10,80,3,64.2,3766555.465
10,80,3,64.3,3426519.208
10,80,3,64.4,3740398.83
10,80,3,64.5,3426519.208
10,80,3,64.6,3400362.572
10,80,3,64.7,3374205.937
10,80,3,64.8,3269579.397
10,80,3,64.9,3583459.019
10,80,3,65,3243422.761
10,80,3,65.1,3792712.1
10,80,3,65.2,3269579.397
10,80,3,65.3,3923495.276
10,80,3,65.4,3845025.37
10,80,3,65.5,3452675.843
10,80,3,65.6,3243422.761
10,80,3,65.7,3112639.586
10,80,3,65.8,3138796.221
10,80,3,65.9,3321892.667
10,80,3,66,3191109.491
10,80,3,66.1,3243422.761
10,80,3,66.2,3217266.126
10,80,3,66.3,3452675.843
10,80,3,66.4,2589506.882
10,80,3,66.5,3348049.302
10,80,3,66.6,3164952.856
10,80,3,66.7,3008013.045
10,80,3,66.8,2877229.869
10,80,3,66.9,3478832.478
10,80,3,67,3086482.95
10,80,3,67.1,3740398.83
10,80,3,67.2,2955699.775
10,80,3,67.3,3269579.397
10,80,3,67.4,5205170.399
10,80,3,67.5,2615663.517
10,80,3,67.6,2929543.139
10,80,3,67.7,2380253.801
10,80,3,67.8,2327940.53
10,80,3,67.9,2694133.423
10,80,3,68,2851073.234
10,80,3,68.1,2903386.504
10,80,3,68.2,2458723.706
10,80,3,68.3,2458723.706
10,80,3,68.4,3112639.586
10,80,3,68.5,2798759.963
10,80,3,68.6,3112639.586
10,80,3,68.7,3060326.315
10,80,3,68.8,2746446.693
10,80,3,68.9,2929543.139
10,80,3,69,2824916.599
10,80,3,69.1,2877229.869
10,80,3,69.2,3138796.221
10,80,3,69.3,3008013.045
10,80,3,69.4,2955699.775
10,80,3,69.5,2877229.869
10,80,3,69.6,2667976.788
10,80,3,69.7,2641820.152
10,80,3,69.8,2432567.071
10,80,3,69.9,2144844.084
10,80,3,70,2275627.26
10,80,3,70.1,2406410.436
10,80,3,70.2,1909434.368
10,80,3,70.3,2484880.341
10,80,3,70.4,2066374.179
10,80,3,70.5,2301783.895
10,80,3,70.6,2432567.071
10,80,3,70.7,2197157.354
10,80,3,70.8,2537193.612
10,80,3,70.9,2354097.166
10,80,3,71,2301783.895
10,80,3,71.1,1543241.475
10,80,3,71.2,1726337.921
10,80,3,71.3,2144844.084
10,80,3,71.4,2249470.625
10,80,3,71.5,1621711.381
10,80,3,71.6,2301783.895
10,80,3,71.7,1987904.273
10,80,3,71.8,2275627.26
10,80,3,71.9,1752494.557
10,80,3,72,2092530.814
10,80,3,72.1,2144844.084
10,80,3,72.2,2092530.814
10,80,3,72.3,2118687.449
10,80,3,72.4,2040217.543
10,80,3,72.5,1464771.57
10,80,3,72.6,1935591.003
10,80,3,72.7,2092530.814
10,80,3,72.8,2014060.908
10,80,3,72.9,2327940.53
10,80,3,73,1752494.557
10,80,3,73.1,2275627.26
10,80,3,73.2,1726337.921
10,80,3,73.3,1830964.462
10,80,3,73.4,2066374.179
10,80,3,73.5,1543241.475
10,80,3,73.6,1464771.57
10,80,3,73.7,1412458.299
10,80,3,73.8,1621711.381
10,80,3,73.9,1752494.557
10,80,3,74,1804807.827
10,80,3,74.1,1752494.557
10,80,3,74.2,1490928.205
10,80,3,74.3,1464771.57
10,80,3,74.4,1203205.218
10,80,3,74.5,1569398.11
10,80,3,74.6,1307831.759
10,80,3,74.7,1150891.948
10,80,3,74.8,1517084.84
10,80,3,74.9,1255518.488
10,80,3,75,1177048.583
10,80,3,75.1,1543241.475
10,80,3,75.2,1333988.394
10,80,3,75.3,1595554.746
10,80,3,75.4,1307831.759
10,80,3,75.5,1046265.407
10,80,3,75.6,1360145.029
10,80,3,75.7,1281675.123
10,80,3,75.8,1098578.677
10,80,3,75.9,1412458.299
10,80,3,76,1046265.407
10,80,3,76.1,1333988.394
10,80,3,76.2,1046265.407
10,80,3,76.3,1046265.407
10,80,3,76.4,680072.5145
10,80,3,76.5,1203205.218
10,80,3,76.6,1046265.407
10,80,3,76.7,993952.1366
10,80,3,76.8,1046265.407
10,80,3,76.9,837012.3255
10,80,3,77,889325.5959
10,80,3,77.1,863168.9607
10,80,3,77.2,810855.6904
10,80,3,77.3,889325.5959
10,80,3,77.4,627759.2441
10,80,3,77.5,810855.6904
10,80,3,77.6,706229.1497
10,80,3,77.7,601602.609
10,80,3,77.8,680072.5145
10,80,3,77.9,732385.7848
10,80,3,78,523132.7035
10,80,3,78.1,732385.7848
10,80,3,78.2,627759.2441
10,80,3,78.3,549289.3386
10,80,3,78.4,340036.2572
10,80,3,78.5,601602.609
10,80,3,78.6,496976.0683
10,80,3,78.7,549289.3386
10,80,3,78.8,784699.0552
10,80,3,78.9,287722.9869
10,80,3,79,340036.2572
10,80,3,79.1,287722.9869
10,80,3,79.2,418506.1628
10,80,3,79.3,392349.5276
10,80,3,79.4,418506.1628
10,80,3,79.5,209253.0814
10,80,3,79.6,235409.7166
10,80,3,79.7,261566.3517
10,80,3,79.8,183096.4462
10,80,3,79.9,104626.5407
10,150,3,0.3,26622.52944
10,150,3,2.8,26622.52944
10,150,3,2.9,26622.52944
10,150,3,3,53245.05888
10,150,3,3.2,186357.7061
10,150,3,3.3,452583.0004
10,150,3,3.4,585695.6476
10,150,3,3.5,612318.1771
10,150,3,3.6,1091523.707
10,150,3,3.7,1144768.766
10,150,3,3.8,1916822.12
10,150,3,3.9,2316160.061
10,150,3,4,2768743.062
10,150,3,4.1,3807021.71
10,150,3,4.2,3860266.768
10,150,3,4.3,6069936.712
10,150,3,4.4,6203049.359
10,150,3,4.5,7054970.301
10,150,3,4.6,9450997.95
10,150,3,4.7,9131527.597
10,150,3,4.8,11234707.42
10,150,3,4.9,12619078.95
10,150,3,5,14189808.19
10,150,3,5.1,15733914.9
10,150,3,5.2,16266365.49
10,150,3,5.3,17411134.25
10,150,3,5.4,19833784.43
10,150,3,5.5,21271401.02
10,150,3,5.6,23454448.43
10,150,3,5.7,25238157.91
10,150,3,5.8,25797231.03
10,150,3,5.9,28459483.97
10,150,3,6,28592596.62
10,150,3,6.1,31041869.32
10,150,3,6.2,30163325.85
10,150,3,6.3,33224916.74
10,150,3,6.4,36073527.39
10,150,3,6.5,35620944.39
10,150,3,6.6,37750746.74
10,150,3,6.7,38469555.04
10,150,3,6.8,40120151.86
10,150,3,6.9,40732470.04
10,150,3,7,40652602.45
10,150,3,7.1,42223331.69
10,150,3,7.2,43208365.28
10,150,3,7.3,44486246.69
10,150,3,7.4,160986435.5
10,150,3,7.5,45737505.57
10,150,3,7.6,45604392.93
10,150,3,7.7,47734195.28
10,150,3,7.8,48719228.87
10,150,3,7.9,48639361.28
10,150,3,8,48559493.69
10,150,3,8.1,49943865.23
10,150,3,8.2,51381481.81
10,150,3,8.3,310498560.8
10,150,3,8.4,2362004057
10,150,3,8.5,50609428.46
10,150,3,8.6,51967177.46
10,150,3,8.7,52579495.64
10,150,3,8.8,82689576.43
10,150,3,8.9,52233402.76
10,150,3,9,53963867.17
10,150,3,9.1,53032078.64
10,150,3,9.2,53804131.99
10,150,3,9.3,53245058.88
10,150,3,9.4,59102015.35
10,150,3,9.5,153452259.7
10,150,3,9.6,92300309.56
10,150,3,9.7,1341216411
10,150,3,9.8,190777046
10,150,3,9.9,116260586.1
10,150,3,10,598154991.4
10,150,3,10.1,63122017.3
10,150,3,10.2,70150365.07
10,150,3,10.3,44086908.75
10,150,3,10.4,40412999.69
10,150,3,10.5,39401343.57
10,150,3,10.6,41637636.04
10,150,3,10.7,40386377.16
10,150,3,10.8,40785715.1
10,150,3,10.9,41797371.22
10,150,3,11,50050355.34
10,150,3,11.1,42116841.57
10,150,3,11.2,41531145.92
10,150,3,11.3,262924100.7
10,150,3,11.4,40333132.1
10,150,3,11.5,43660948.28
10,150,3,11.6,64453143.77
10,150,3,11.7,66343343.36
10,150,3,11.8,38522800.1
10,150,3,11.9,37990349.51
10,150,3,12,44246643.93
10,150,3,12.1,35141738.86
10,150,3,12.2,36526110.39
10,150,3,12.3,34529420.68
10,150,3,12.4,35887169.68
10,150,3,12.5,35647566.92
10,150,3,12.6,35061871.27
10,150,3,12.7,36472865.33
10,150,3,12.8,36898825.8
10,150,3,12.9,37005315.92
10,150,3,13,35754057.03
10,150,3,13.1,34236572.86
10,150,3,13.2,35461209.21
10,150,3,13.3,34582665.74
10,150,3,13.4,37378031.33
10,150,3,13.5,34742400.92
10,150,3,13.6,35647566.92
10,150,3,13.7,33970347.56
10,150,3,13.8,34662533.33
10,150,3,13.9,34369685.5
10,150,3,14,36020282.33
10,150,3,14.1,35274851.51
10,150,3,14.2,35754057.03
10,150,3,14.3,35807302.09
10,150,3,14.4,34343062.97
10,150,3,14.5,33437896.97
10,150,3,14.6,34476175.62
10,150,3,14.7,34316440.45
10,150,3,14.8,35248228.98
10,150,3,14.9,36872203.27
10,150,3,15,35993659.8
10,150,3,15.1,36153394.98
10,150,3,15.2,35168361.39
10,150,3,15.3,34236572.86
10,150,3,15.4,35807302.09
10,150,3,15.5,34023592.62
10,150,3,15.6,32426240.86
10,150,3,15.7,33810612.39
10,150,3,15.8,34582665.74
10,150,3,15.9,37244918.68
10,150,3,16,33597632.15
10,150,3,16.1,35008626.21
10,150,3,16.2,34023592.62
10,150,3,16.3,33810612.39
10,150,3,16.4,34343062.97
10,150,3,16.5,34769023.45
10,150,3,16.6,33650877.21
10,150,3,16.7,34130082.74
10,150,3,16.8,32452863.38
10,150,3,16.9,33491142.03
10,150,3,17,34263195.39
10,150,3,17.1,32745711.21
10,150,3,17.2,33996970.09
10,150,3,17.3,33544387.09
10,150,3,17.4,33437896.97
10,150,3,17.5,32266505.68
10,150,3,17.6,32559353.5
10,150,3,17.7,31228227.03
10,150,3,17.8,32000280.38
10,150,3,17.9,32106770.5
10,150,3,18,33038559.03
10,150,3,18.1,32798956.27
10,150,3,18.2,31920412.8
10,150,3,18.3,31840545.21
10,150,3,18.4,31920412.8
10,150,3,18.5,32639221.09
10,150,3,18.6,29471140.09
10,150,3,18.7,31787300.15
10,150,3,18.8,32053525.44
10,150,3,18.9,31600942.44
10,150,3,19,30615908.85
10,150,3,19.1,32692466.15
10,150,3,19.2,31228227.03
10,150,3,19.3,31760677.62
10,150,3,19.4,31467829.8
10,150,3,19.5,30722398.97
10,150,3,19.6,31654187.5
10,150,3,19.7,30828889.09
10,150,3,19.8,29551007.68
10,150,3,19.9,31947035.33
10,150,3,20,30695776.44
10,150,3,20.1,31654187.5
10,150,3,20.2,29817232.97
10,150,3,20.3,30722398.97
10,150,3,20.4,30749021.5
10,150,3,20.5,32559353.5
10,150,3,20.6,29897100.56
10,150,3,20.7,27793920.73
10,150,3,20.8,29843855.5
10,150,3,20.9,28246503.73
10,150,3,21,30083458.26
10,150,3,21.1,28965312.03
10,150,3,21.2,27767298.2
10,150,3,21.3,27261470.14
10,150,3,21.4,28858821.91
10,150,3,21.5,29497762.62
10,150,3,21.6,29018557.09
10,150,3,21.7,29551007.68
10,150,3,21.8,27714053.14
10,150,3,21.9,27873788.32
10,150,3,22,28379616.38
10,150,3,22.1,29151669.73
10,150,3,22.2,26915377.26
10,150,3,22.3,28805576.85
10,150,3,22.4,30163325.85
10,150,3,22.5,27501072.91
10,150,3,22.6,26835509.67
10,150,3,22.7,26489416.79
10,150,3,22.8,26436171.73
10,150,3,22.9,26941999.79
10,150,3,23,26675774.5
10,150,3,23.1,26090078.85
10,150,3,23.2,26356304.14
10,150,3,23.3,26675774.5
10,150,3,23.4,26702397.03
10,150,3,23.5,25956966.2
10,150,3,23.6,25797231.03
10,150,3,23.7,24040144.08
10,150,3,23.8,25956966.2
10,150,3,23.9,24892065.02
10,150,3,24,25743985.97
10,150,3,24.1,26063456.32
10,150,3,24.2,25531005.73
10,150,3,24.3,25903721.14
10,150,3,24.4,26675774.5
10,150,3,24.5,25051800.2
10,150,3,24.6,24120011.67
10,150,3,24.7,25344648.02
10,150,3,24.8,24892065.02
10,150,3,24.9,23747296.26
10,150,3,25,24998555.14
10,150,3,25.1,24545972.14
10,150,3,25.2,24652462.26
10,150,3,25.3,25291402.97
10,150,3,25.4,24066766.61
10,150,3,25.5,21803851.61
10,150,3,25.6,24199879.26
10,150,3,25.7,24146634.2
10,150,3,25.8,23321335.79
10,150,3,25.9,24918687.55
10,150,3,26,22682395.08
10,150,3,26.1,23214845.67
10,150,3,26.2,23747296.26
10,150,3,26.3,24998555.14
10,150,3,26.4,24359614.44
10,150,3,26.5,22043454.37
10,150,3,26.6,23134978.08
10,150,3,26.7,22469414.85
10,150,3,26.8,23134978.08
10,150,3,26.9,24253124.32
10,150,3,27,22256434.61
10,150,3,27.1,23241468.2
10,150,3,27.2,21590871.37
10,150,3,27.3,21031798.26
10,150,3,27.4,23667428.67
10,150,3,27.5,22788885.2
10,150,3,27.6,22123321.96
10,150,3,27.7,22549282.43
10,150,3,27.8,22203189.55
10,150,3,27.9,21670738.96
10,150,3,28,23347958.32
10,150,3,28.1,22149944.49
10,150,3,28.2,21058420.79
10,150,3,28.3,21031798.26
10,150,3,28.4,21377891.14
10,150,3,28.5,22442792.32
10,150,3,28.6,21191533.43
10,150,3,28.7,22070076.9
10,150,3,28.8,21511003.79
10,150,3,28.9,23055110.49
10,150,3,29,21590871.37
10,150,3,29.1,21990209.32
10,150,3,29.2,22096699.43
10,150,3,29.3,21857096.67
10,150,3,29.4,21218155.96
10,150,3,29.5,19913652.02
10,150,3,29.6,20898685.61
10,150,3,29.7,20552592.73
10,150,3,29.8,20659082.84
10,150,3,29.9,20712327.9
10,150,3,30,19514314.08
10,150,3,30.1,19168221.2
10,150,3,30.2,20446102.61
10,150,3,30.3,21963586.79
10,150,3,30.4,19753916.84
10,150,3,30.5,19567559.14
10,150,3,30.6,18476035.43
10,150,3,30.7,19274711.31
10,150,3,30.8,20446102.61
10,150,3,30.9,18848750.84
10,150,3,31,19008486.02
10,150,3,31.1,18635770.61
10,150,3,31.2,19540936.61
10,150,3,31.3,20765572.96
10,150,3,31.4,19860406.96
10,150,3,31.5,17730604.61
10,150,3,31.6,18050074.96
10,150,3,31.7,19461069.02
10,150,3,31.8,19407823.96
10,150,3,31.9,18396167.84
10,150,3,32,17970207.37
10,150,3,32.1,17730604.61
10,150,3,32.2,19168221.2
10,150,3,32.3,18396167.84
10,150,3,32.4,19221466.25
10,150,3,32.5,19327956.37
10,150,3,32.6,17624114.49
10,150,3,32.7,17730604.61
10,150,3,32.8,18183187.61
10,150,3,32.9,16931928.72
10,150,3,33,17757227.13
10,150,3,33.1,17783849.66
10,150,3,33.2,18715638.19
10,150,3,33.3,19381201.43
10,150,3,33.4,18955240.96
10,150,3,33.5,16798816.08
10,150,3,33.6,17198154.02
10,150,3,33.7,18209810.14
10,150,3,33.8,17091663.9
10,150,3,33.9,17757227.13
10,150,3,34,17970207.37
10,150,3,34.1,16905306.19
10,150,3,34.2,17890339.78
10,150,3,34.3,17011796.31
10,150,3,34.4,17118286.43
10,150,3,34.5,18529280.49
10,150,3,34.6,17570869.43
10,150,3,34.7,16479345.72
10,150,3,34.8,16985173.78
10,150,3,34.9,16559213.31
10,150,3,35,16239742.96
10,150,3,35.1,16931928.72
10,150,3,35.2,15334576.96
10,150,3,35.3,15574179.72
10,150,3,35.4,17597491.96
10,150,3,35.5,17810472.19
10,150,3,35.6,16772193.55
10,150,3,35.7,16266365.49
10,150,3,35.8,16612458.37
10,150,3,35.9,16772193.55
10,150,3,36,18209810.14
10,150,3,36.1,17224776.55
10,150,3,36.2,16159875.37
10,150,3,36.3,17065041.37
10,150,3,36.4,16292988.02
10,150,3,36.5,16639080.9
10,150,3,36.6,16026762.72
10,150,3,36.7,15946895.13
10,150,3,36.8,16505968.25
10,150,3,36.9,15467689.6
10,150,3,37,16585835.84
10,150,3,37.1,16266365.49
10,150,3,37.2,15467689.6
10,150,3,37.3,15361199.49
10,150,3,37.4,16000140.19
10,150,3,37.5,15467689.6
10,150,3,37.6,15973517.66
10,150,3,37.7,15707292.37
10,150,3,37.8,14322920.84
10,150,3,37.9,15733914.9
10,150,3,38,16186497.9
10,150,3,38.1,15201464.31
10,150,3,38.2,14109940.6
10,150,3,38.3,15228086.84
10,150,3,38.4,15254709.37
10,150,3,38.5,15148219.25
10,150,3,38.6,15893650.07
10,150,3,38.7,14535901.07
10,150,3,38.8,15494312.13
10,150,3,38.9,14881993.96
10,150,3,39,14509278.54
10,150,3,39.1,15228086.84
10,150,3,39.2,14509278.54
10,150,3,39.3,14908616.49
10,150,3,39.4,13763847.72
10,150,3,39.5,14429410.96
10,150,3,39.6,14429410.96
10,150,3,39.7,13098284.48
10,150,3,39.8,16399478.13
10,150,3,39.9,15121596.72
10,150,3,40,14855371.43
10,150,3,40.1,13710602.66
10,150,3,40.2,14509278.54
10,150,3,40.3,15547557.19
10,150,3,40.4,13976827.95
10,150,3,40.5,15068351.66
10,150,3,40.6,14376165.9
10,150,3,40.7,14216430.72
10,150,3,40.8,13577490.01
10,150,3,40.9,13923582.9
10,150,3,41,13337887.25
10,150,3,41.1,14562523.6
10,150,3,41.2,13843715.31
10,150,3,41.3,13417754.84
10,150,3,41.4,13710602.66
10,150,3,41.5,14296298.31
10,150,3,41.6,14748881.31
10,150,3,41.7,13683980.13
10,150,3,41.8,14269675.78
10,150,3,41.9,14003450.48
10,150,3,42,14083318.07
10,150,3,42.1,13391132.31
10,150,3,42.2,13683980.13
10,150,3,42.3,12672324.01
10,150,3,42.4,12725569.07
10,150,3,42.5,11980138.25
10,150,3,42.6,12778814.13
10,150,3,42.7,12299608.6
10,150,3,42.8,13231397.13
10,150,3,42.9,12778814.13
10,150,3,43,13045039.42
10,150,3,43.1,12326231.13
10,150,3,43.2,13896960.37
10,150,3,43.3,12725569.07
10,150,3,43.4,13071661.95
10,150,3,43.5,12139873.42
10,150,3,43.6,13364509.78
10,150,3,43.7,11980138.25
10,150,3,43.8,12086628.36
10,150,3,43.9,12592456.42
10,150,3,44,12459343.78
10,150,3,44.1,12459343.78
10,150,3,44.2,12246363.54
10,150,3,44.3,12565833.89
10,150,3,44.4,12619078.95
10,150,3,44.5,12113250.89
10,150,3,44.6,12698946.54
10,150,3,44.7,12938549.31
10,150,3,44.8,13124907.01
10,150,3,44.9,11474310.19
10,150,3,45,12698946.54
10,150,3,45.1,12193118.48
10,150,3,45.2,12752191.6
10,150,3,45.3,12113250.89
10,150,3,45.4,11980138.25
10,150,3,45.5,11154839.83
10,150,3,45.6,11607422.83
10,150,3,45.7,11926893.19
10,150,3,45.8,12060005.84
10,150,3,45.9,12432721.25
10,150,3,46,11980138.25
10,150,3,46.1,11980138.25
10,150,3,46.2,11128217.3
10,150,3,46.3,12166495.95
10,150,3,46.4,11154839.83
10,150,3,46.5,11900270.66
10,150,3,46.6,12272986.07
10,150,3,46.7,12246363.54
10,150,3,46.8,11740535.48
10,150,3,46.9,10861992.01
10,150,3,47,12379476.19
10,150,3,47.1,11607422.83
10,150,3,47.2,12086628.36
10,150,3,47.3,11394442.6
10,150,3,47.4,11287952.48
10,150,3,47.5,11367820.07
10,150,3,47.6,12006760.78
10,150,3,47.7,10915237.07
10,150,3,47.8,11074972.25
10,150,3,47.9,10329541.42
10,150,3,48,11527555.25
10,150,3,48.1,11447687.66
10,150,3,48.2,11793780.54
10,150,3,48.3,11793780.54
10,150,3,48.4,10223051.3
10,150,3,48.5,11421065.13
10,150,3,48.6,11101594.78
10,150,3,48.7,10835369.48
10,150,3,48.8,11074972.25
10,150,3,48.9,10462654.07
10,150,3,49,10968482.13
10,150,3,49.1,12113250.89
10,150,3,49.2,12033383.31
10,150,3,49.3,10968482.13
10,150,3,49.4,10515899.13
10,150,3,49.5,10622389.25
10,150,3,49.6,10063316.13
10,150,3,49.7,11367820.07
10,150,3,49.8,11474310.19
10,150,3,49.9,11101594.78
10,150,3,50,9450997.95
10,150,3,50.1,10382786.48
10,150,3,50.2,11447687.66
10,150,3,50.3,9903580.951
10,150,3,50.4,10436031.54
10,150,3,50.5,10702256.83
10,150,3,50.6,10143183.72
10,150,3,50.7,10782124.42
10,150,3,50.8,11314575.01
10,150,3,50.9,10649011.78
10,150,3,51,10143183.72
10,150,3,51.1,10861992.01
10,150,3,51.2,10542521.66
10,150,3,51.3,10515899.13
10,150,3,51.4,9450997.95
10,150,3,51.5,10995104.66
10,150,3,51.6,9770468.304
10,150,3,51.7,10462654.07
10,150,3,51.8,10036693.6
10,150,3,51.9,9051660.009
10,150,3,52,10489276.6
10,150,3,52.1,10995104.66
10,150,3,52.2,10755501.89
10,150,3,52.3,9743845.774
10,150,3,52.4,9823713.363
10,150,3,52.5,10409409.01
10,150,3,52.6,9717223.245
10,150,3,52.7,9504243.009
10,150,3,52.8,10223051.3
10,150,3,52.9,10169806.25
10,150,3,53,10675634.3
10,150,3,53.1,9823713.363
10,150,3,53.2,9584110.598
10,150,3,53.3,8945169.891
10,150,3,53.4,9770468.304
10,150,3,53.5,10409409.01
10,150,3,53.6,10356163.95
10,150,3,53.7,9477620.48
10,150,3,53.8,9743845.774
10,150,3,53.9,10063316.13
10,150,3,54,10010071.07
10,150,3,54.1,9051660.009
10,150,3,54.2,9530865.539
10,150,3,54.3,9371130.362
10,150,3,54.4,9504243.009
10,150,3,54.5,8971792.421
10,150,3,54.6,10169806.25
10,150,3,54.7,9850335.892
10,150,3,54.8,9477620.48
10,150,3,54.9,9051660.009
10,150,3,55,9211395.185
10,150,3,55.1,9530865.539
10,150,3,55.2,9317885.303
10,150,3,55.3,9184772.656
10,150,3,55.4,9078282.538
10,150,3,55.5,10276296.36
10,150,3,55.6,9983448.539
10,150,3,55.7,8891924.832
10,150,3,55.8,8678944.597
10,150,3,55.9,8998414.95
10,150,3,56,9104905.068
10,150,3,56.1,8439341.832
10,150,3,56.2,9504243.009
10,150,3,56.3,8945169.891
10,150,3,56.4,9477620.48
10,150,3,56.5,9078282.538
10,150,3,56.6,9477620.48
10,150,3,56.7,10063316.13
10,150,3,56.8,8652322.067
10,150,3,56.9,9184772.656
10,150,3,57,9025037.479
10,150,3,57.1,9557488.068
10,150,3,57.2,9823713.363
10,150,3,57.3,8971792.421
10,150,3,57.4,7960136.302
10,150,3,57.5,9397752.892
10,150,3,57.6,9025037.479
10,150,3,57.7,8812057.244
10,150,3,57.8,8599077.008
10,150,3,57.9,9025037.479
10,150,3,58,9078282.538
10,150,3,58.1,81598052.73
10,150,3,58.2,8465964.361
10,150,3,58.3,8013381.361
10,150,3,58.4,7906891.243
10,150,3,58.5,8146494.008
10,150,3,58.6,8599077.008
10,150,3,58.7,8545831.95
10,150,3,58.8,9184772.656
10,150,3,58.9,8119871.479
10,150,3,59,7614043.419
10,150,3,59.1,8812057.244
10,150,3,59.2,9610733.127
10,150,3,59.3,9051660.009
10,150,3,59.4,9504243.009
10,150,3,59.5,131808143.2
10,150,3,59.6,8998414.95
10,150,3,59.7,8812057.244
10,150,3,59.8,8013381.361
10,150,3,59.9,8359474.243
10,150,3,60,8412719.302
10,150,3,60.1,7507553.301
10,150,3,60.2,7827023.655
10,150,3,60.3,7640665.949
10,150,3,60.4,8412719.302
10,150,3,60.5,8040003.89
10,150,3,60.6,8199739.067
10,150,3,60.7,7640665.949
10,150,3,60.8,7560798.36
10,150,3,60.9,9025037.479
10,150,3,61,7906891.243
10,150,3,61.1,7587420.89
10,150,3,61.2,8199739.067
10,150,3,61.3,8599077.008
10,150,3,61.4,7560798.36
10,150,3,61.5,7960136.302
10,150,3,61.6,8146494.008
10,150,3,61.7,8013381.361
10,150,3,61.8,7827023.655
10,150,3,61.9,8865302.303
10,150,3,62,8386096.773
10,150,3,62.1,8306229.185
10,150,3,62.2,7800401.125
10,150,3,62.3,6948480.183
10,150,3,62.4,8492586.891
10,150,3,62.5,7906891.243
10,150,3,62.6,7667288.478
10,150,3,62.7,7720533.537
10,150,3,62.8,7054970.301
10,150,3,62.9,8146494.008
10,150,3,63,7560798.36
10,150,3,63.1,7960136.302
10,150,3,63.2,6735499.948
10,150,3,63.3,8439341.832
10,150,3,63.4,6921857.654
10,150,3,63.5,7427685.713
10,150,3,63.6,7720533.537
10,150,3,63.7,7960136.302
10,150,3,63.8,7534175.831
10,150,3,63.9,7560798.36
10,150,3,64,7906891.243
10,150,3,64.1,7507553.301
10,150,3,64.2,7054970.301
10,150,3,64.3,8359474.243
10,150,3,64.4,7747156.066
10,150,3,64.5,6229671.888
10,150,3,64.6,7214705.478
10,150,3,64.7,7134837.889
10,150,3,64.8,7906891.243
10,150,3,64.9,7880268.714
10,150,3,65,8386096.773
10,150,3,65.1,7267950.537
10,150,3,65.2,7081592.83
10,150,3,65.3,7401063.184
10,150,3,65.4,7960136.302
10,150,3,65.5,7667288.478
10,150,3,65.6,6708877.418
10,150,3,65.7,7534175.831
10,150,3,65.8,7161460.419
10,150,3,65.9,7480930.772
10,150,3,66,7560798.36
10,150,3,66.1,7800401.125
10,150,3,66.2,7267950.537
10,150,3,66.3,6575764.771
10,150,3,66.4,7374440.654
10,150,3,66.5,6309539.477
10,150,3,66.6,7294573.066
10,150,3,66.7,7214705.478
10,150,3,66.8,6868612.595
10,150,3,66.9,6362784.536
10,150,3,67,6975102.713
10,150,3,67.1,20259744.9
10,150,3,67.2,7188082.948
10,150,3,67.3,6815367.536
10,150,3,67.4,30802266.56
10,150,3,67.5,7454308.243
10,150,3,67.6,6575764.771
10,150,3,67.7,6256294.418
10,150,3,67.8,6975102.713
10,150,3,67.9,7188082.948
10,150,3,68,6841990.066
10,150,3,68.1,6522519.712
10,150,3,68.2,6149804.3
10,150,3,68.3,6575764.771
10,150,3,68.4,6203049.359
10,150,3,68.5,6815367.536
10,150,3,68.6,6336162.006
10,150,3,68.7,6708877.418
10,150,3,68.8,6708877.418
10,150,3,68.9,7001725.242
10,150,3,69,6256294.418
10,150,3,69.1,7108215.36
10,150,3,69.2,9025037.479
10,150,3,69.3,12672324.01
10,150,3,69.4,7214705.478
10,150,3,69.5,6442652.124
10,150,3,69.6,8226361.596
10,150,3,69.7,6921857.654
10,150,3,69.8,6229671.888
10,150,3,69.9,6735499.948
10,150,3,70,6176426.83
10,150,3,70.1,6043314.182
10,150,3,70.2,7081592.83
10,150,3,70.3,6309539.477
10,150,3,70.4,6176426.83
10,150,3,70.5,5697221.3
10,150,3,70.6,6948480.183
10,150,3,70.7,6815367.536
10,150,3,70.8,6655632.359
10,150,3,70.9,6921857.654
10,150,3,71,6149804.3
10,150,3,71.1,6895235.124
10,150,3,71.2,5457618.535
10,150,3,71.3,6123181.771
10,150,3,71.4,6256294.418
10,150,3,71.5,6096559.241
10,150,3,71.6,6016691.653
10,150,3,71.7,5138148.181
10,150,3,71.8,6602387.301
10,150,3,71.9,6016691.653
10,150,3,72,7001725.242
10,150,3,72.1,6575764.771
10,150,3,72.2,5404373.476
10,150,3,72.3,5883579.006
10,150,3,72.4,5990069.123
10,150,3,72.5,6069936.712
10,150,3,72.6,6123181.771
10,150,3,72.7,6096559.241
10,150,3,72.8,6016691.653
10,150,3,72.9,6389407.065
10,150,3,73,6069936.712
10,150,3,73.1,6762122.477
10,150,3,73.2,6841990.066
10,150,3,73.3,5191393.24
10,150,3,73.4,5617353.711
10,150,3,73.5,5670598.77
10,150,3,73.6,5883579.006
10,150,3,73.7,6629009.83
10,150,3,73.8,6469274.653
10,150,3,73.9,6282916.947
10,150,3,74,5457618.535
10,150,3,74.1,6149804.3
10,150,3,74.2,6549142.242
10,150,3,74.3,5617353.711
10,150,3,74.4,5670598.77
10,150,3,74.5,5936824.065
10,150,3,74.6,5830333.947
10,150,3,74.7,5936824.065
10,150,3,74.8,6362784.536
10,150,3,74.9,5510863.594
10,150,3,75,5138148.181
10,150,3,75.1,5803711.417
10,150,3,75.2,5244638.299
10,150,3,75.3,5537486.123
10,150,3,75.4,6655632.359
10,150,3,75.5,5990069.123
10,150,3,75.6,5830333.947
10,150,3,75.7,5510863.594
10,150,3,75.8,5883579.006
10,150,3,75.9,5910201.535
10,150,3,76,5537486.123
10,150,3,76.1,5856956.476
10,150,3,76.2,5856956.476
10,150,3,76.3,6123181.771
10,150,3,76.4,5643976.241
10,150,3,76.5,5351128.417
10,150,3,76.6,6256294.418
10,150,3,76.7,5723843.829
10,150,3,76.8,5936824.065
10,150,3,76.9,5883579.006
10,150,3,77,5936824.065
10,150,3,77.1,5031658.064
10,150,3,77.2,4898545.417
10,150,3,77.3,5936824.065
10,150,3,77.4,5643976.241
10,150,3,77.5,5803711.417
10,150,3,77.6,4525830.004
10,150,3,77.7,6629009.83
10,150,3,77.8,5351128.417
10,150,3,77.9,5750466.359
10,150,3,78,5697221.3
10,150,3,78.1,4845300.358
10,150,3,78.2,5351128.417
10,150,3,78.3,5777088.888
10,150,3,78.4,5670598.77
10,150,3,78.5,6069936.712
10,150,3,78.6,5697221.3
10,150,3,78.7,5297883.358
10,150,3,78.8,5537486.123
10,150,3,78.9,5564108.652
10,150,3,79,6176426.83
10,150,3,79.1,5084903.123
10,150,3,79.2,5430996.005
10,150,3,79.3,5404373.476
10,150,3,79.4,5218015.77
10,150,3,79.5,4978413.005
10,150,3,79.6,5936824.065
10,150,3,79.7,4925167.946
10,150,3,79.8,5457618.535
10,150,3,79.9,5031658.064
10,150,3,80,5005035.534
10,150,3,80.1,5777088.888
10,150,3,80.2,4925167.946
10,150,3,80.3,5457618.535
10,150,3,80.4,5510863.594
10,150,3,80.5,5138148.181
10,150,3,80.6,5005035.534
10,150,3,80.7,5084903.123
10,150,3,80.8,4366094.828
10,150,3,80.9,5697221.3
10,150,3,81,5297883.358
10,150,3,81.1,4871922.887
10,150,3,81.2,5058280.593
10,150,3,81.3,5297883.358
10,150,3,81.4,6336162.006
10,150,3,81.5,4845300.358
10,150,3,81.6,4605697.593
10,150,3,81.7,5031658.064
10,150,3,81.8,5058280.593
10,150,3,81.9,4765432.769
10,150,3,82,4871922.887
10,150,3,82.1,5271260.829
10,150,3,82.2,5005035.534
10,150,3,82.3,5617353.711
10,150,3,82.4,4818677.828
10,150,3,82.5,4658942.652
10,150,3,82.6,4845300.358
10,150,3,82.7,5351128.417
10,150,3,82.8,5084903.123
10,150,3,82.9,5510863.594
10,150,3,83,5564108.652
10,150,3,83.1,5670598.77
10,150,3,83.2,4845300.358
10,150,3,83.3,4845300.358
10,150,3,83.4,5138148.181
10,150,3,83.5,4099869.533
10,150,3,83.6,5218015.77
10,150,3,83.7,5218015.77
10,150,3,83.8,5031658.064
10,150,3,83.9,4898545.417
10,150,3,84,4792055.299
10,150,3,84.1,4898545.417
10,150,3,84.2,4738810.24
10,150,3,84.3,5084903.123
10,150,3,84.4,5138148.181
10,150,3,84.5,5244638.299
10,150,3,84.6,5324505.888
10,150,3,84.7,4525830.004
10,150,3,84.8,4978413.005
10,150,3,84.9,4339472.298
10,150,3,85,5297883.358
10,150,3,85.1,5244638.299
10,150,3,85.2,4499207.475
10,150,3,85.3,4738810.24
10,150,3,85.4,4499207.475
10,150,3,85.5,3913511.827
10,150,3,85.6,5351128.417
10,150,3,85.7,4765432.769
10,150,3,85.8,4552452.534
10,150,3,85.9,5058280.593
10,150,3,86,4153114.592
10,150,3,86.1,5218015.77
10,150,3,86.2,4818677.828
10,150,3,86.3,4818677.828
10,150,3,86.4,5351128.417
10,150,3,86.5,4419339.887
10,150,3,86.6,4392717.357
10,150,3,86.7,4366094.828
10,150,3,86.8,5324505.888
10,150,3,86.9,4658942.652
10,150,3,87,3966756.886
10,150,3,87.1,4765432.769
10,150,3,87.2,4579075.063
10,150,3,87.3,4339472.298
10,150,3,87.4,4179737.122
10,150,3,87.5,4818677.828
10,150,3,87.6,5031658.064
10,150,3,87.7,4312849.769
10,150,3,87.8,5218015.77
10,150,3,87.9,4658942.652
10,150,3,88,4525830.004
10,150,3,88.1,4792055.299
10,150,3,88.2,4738810.24
10,150,3,88.3,4419339.887
10,150,3,88.4,4286227.239
10,150,3,88.5,4073247.004
10,150,3,88.6,4153114.592
10,150,3,88.7,4712187.71
10,150,3,88.8,4312849.769
10,150,3,88.9,4312849.769
10,150,3,89,4525830.004
10,150,3,89.1,3940134.357
10,150,3,89.2,4845300.358
10,150,3,89.3,5138148.181
10,150,3,89.4,4046624.475
10,150,3,89.5,4472584.946
10,150,3,89.6,4339472.298
10,150,3,89.7,4579075.063
10,150,3,89.8,4951790.475
10,150,3,89.9,4499207.475
10,150,3,90,4206359.651
10,150,3,90.1,4366094.828
10,150,3,90.2,4232982.181
10,150,3,90.3,4499207.475
10,150,3,90.4,4366094.828
10,150,3,90.5,4632320.122
10,150,3,90.6,3860266.768
10,150,3,90.7,5031658.064
10,150,3,90.8,3993379.416
10,150,3,90.9,4126492.063
10,150,3,91,3993379.416
10,150,3,91.1,4153114.592
10,150,3,91.2,3487551.356
10,150,3,91.3,4259604.71
10,150,3,91.4,4579075.063
10,150,3,91.5,4339472.298
10,150,3,91.6,3301193.65
10,150,3,91.7,3620664.004
10,150,3,91.8,4259604.71
10,150,3,91.9,3753776.651
10,150,3,92,3780399.18
10,150,3,92.1,4392717.357
10,150,3,92.2,3833644.239
10,150,3,92.3,3913511.827
10,150,3,92.4,4605697.593
10,150,3,92.5,3940134.357
10,150,3,92.6,4339472.298
10,150,3,92.7,4286227.239
10,150,3,92.8,3727154.121
10,150,3,92.9,3673909.062
10,150,3,93,3886889.298
10,150,3,93.1,4339472.298
10,150,3,93.2,4605697.593
10,150,3,93.3,4259604.71
10,150,3,93.4,4605697.593
10,150,3,93.5,3780399.18
10,150,3,93.6,4472584.946
10,150,3,93.7,3860266.768
10,150,3,93.8,4499207.475
10,150,3,93.9,3886889.298
10,150,3,94,4046624.475
10,150,3,94.1,4419339.887
10,150,3,94.2,3833644.239
10,150,3,94.3,3913511.827
10,150,3,94.4,3567418.945
10,150,3,94.5,3594041.474
10,150,3,94.6,4099869.533
10,150,3,94.7,4286227.239
10,150,3,94.8,3833644.239
10,150,3,94.9,3913511.827
10,150,3,95,4020001.945
10,150,3,95.1,4232982.181
10,150,3,95.2,4099869.533
10,150,3,95.3,4419339.887
10,150,3,95.4,4232982.181
10,150,3,95.5,4153114.592
10,150,3,95.6,3966756.886
10,150,3,95.7,3460928.827
10,150,3,95.8,4552452.534
10,150,3,95.9,3061590.885
10,150,3,96,3141458.474
10,150,3,96.1,3673909.062
10,150,3,96.2,3780399.18
10,150,3,96.3,3753776.651
10,150,3,96.4,3913511.827
10,150,3,96.5,4206359.651
10,150,3,96.6,3567418.945
10,150,3,96.7,4073247.004
10,150,3,96.8,3780399.18
10,150,3,96.9,3966756.886
10,150,3,97,3381061.239
10,150,3,97.1,2875233.179
10,150,3,97.2,3594041.474
10,150,3,97.3,3594041.474
10,150,3,97.4,3620664.004
10,150,3,97.5,3700531.592
10,150,3,97.6,3274571.121
10,150,3,97.7,3460928.827
10,150,3,97.8,4153114.592
10,150,3,97.9,3727154.121
10,150,3,98,3327816.18
10,150,3,98.1,4046624.475
10,150,3,98.2,3354438.709
10,150,3,98.3,4499207.475
10,150,3,98.4,4419339.887
10,150,3,98.5,3993379.416
10,150,3,98.6,4419339.887
10,150,3,98.7,4366094.828
10,150,3,98.8,3993379.416
10,150,3,98.9,3860266.768
10,150,3,99,3594041.474
10,150,3,99.1,3540796.415
10,150,3,99.2,3487551.356
10,150,3,99.3,3913511.827
10,150,3,99.4,4259604.71
10,150,3,99.5,3833644.239
10,150,3,99.6,3913511.827
10,150,3,99.7,3753776.651
10,150,3,99.8,3807021.71
10,150,3,99.9,3833644.239
10,150,3,100,3354438.709
10,150,3,100.1,3514173.886
10,150,3,100.2,3886889.298
10,150,3,100.3,3753776.651
10,150,3,100.4,3700531.592
10,150,3,100.5,3594041.474
10,150,3,100.6,3434306.297
10,150,3,100.7,3807021.71
10,150,3,100.8,4099869.533
10,150,3,100.9,3860266.768
10,150,3,101,3088213.415
10,150,3,101.1,3673909.062
10,150,3,101.2,3487551.356
10,150,3,101.3,3460928.827
10,150,3,101.4,3647286.533
10,150,3,101.5,3407683.768
10,150,3,101.6,3274571.121
10,150,3,101.7,3407683.768
10,150,3,101.8,3594041.474
10,150,3,101.9,3354438.709
10,150,3,102,3034968.356
10,150,3,102.1,3620664.004
10,150,3,102.2,2662252.944
10,150,3,102.3,3008345.826
10,150,3,102.4,3194703.533
10,150,3,102.5,3381061.239
10,150,3,102.6,3434306.297
10,150,3,102.7,3088213.415
10,150,3,102.8,3993379.416
10,150,3,102.9,3620664.004
10,150,3,103,3381061.239
10,150,3,103.1,3620664.004
10,150,3,103.2,3460928.827
10,150,3,103.3,3327816.18
10,150,3,103.4,3301193.65
10,150,3,103.5,3061590.885
10,150,3,103.6,3620664.004
10,150,3,103.7,3327816.18
10,150,3,103.8,3381061.239
10,150,3,103.9,3301193.65
10,150,3,104,3540796.415
10,150,3,104.1,3381061.239
10,150,3,104.2,3514173.886
10,150,3,104.3,3567418.945
10,150,3,104.4,3114835.944
10,150,3,104.5,3434306.297
10,150,3,104.6,3673909.062
10,150,3,104.7,3407683.768
10,150,3,104.8,3034968.356
10,150,3,104.9,3247948.591
10,150,3,105,3008345.826
10,150,3,105.1,3647286.533
10,150,3,105.2,3354438.709
10,150,3,105.3,3807021.71
10,150,3,105.4,3034968.356
10,150,3,105.5,3221326.062
10,150,3,105.6,3114835.944
10,150,3,105.7,3301193.65
10,150,3,105.8,3727154.121
10,150,3,105.9,2848610.65
10,150,3,106,3993379.416
10,150,3,106.1,3221326.062
10,150,3,106.2,3221326.062
10,150,3,106.3,3141458.474
10,150,3,106.4,3194703.533
10,150,3,106.5,3088213.415
10,150,3,106.6,2981723.297
10,150,3,106.7,3381061.239
10,150,3,106.8,3594041.474
10,150,3,106.9,3407683.768
10,150,3,107,3354438.709
10,150,3,107.1,2875233.179
10,150,3,107.2,3381061.239
10,150,3,107.3,2768743.062
10,150,3,107.4,3327816.18
10,150,3,107.5,3407683.768
10,150,3,107.6,2901855.709
10,150,3,107.7,3061590.885
10,150,3,107.8,3434306.297
10,150,3,107.9,3114835.944
10,150,3,108,2609007.885
10,150,3,108.1,3141458.474
10,150,3,108.2,3034968.356
10,150,3,108.3,3354438.709
10,150,3,108.4,2848610.65
10,150,3,108.5,2981723.297
10,150,3,108.6,3567418.945
10,150,3,108.7,3247948.591
10,150,3,108.8,3407683.768
10,150,3,108.9,3807021.71
10,150,3,109,3008345.826
10,150,3,109.1,3034968.356
10,150,3,109.2,3407683.768
10,150,3,109.3,3327816.18
10,150,3,109.4,2475895.238
10,150,3,109.5,3434306.297
10,150,3,109.6,3514173.886
10,150,3,109.7,2555762.826
10,150,3,109.8,2715498.003
10,150,3,109.9,2688875.473
10,150,3,110,3141458.474
10,150,3,110.1,2635630.414
10,150,3,110.2,2768743.062
10,150,3,110.3,2848610.65
10,150,3,110.4,2981723.297
10,150,3,110.5,3194703.533
10,150,3,110.6,2875233.179
10,150,3,110.7,2901855.709
10,150,3,110.8,2742120.532
10,150,3,110.9,3114835.944
10,150,3,111,3034968.356
10,150,3,111.1,3061590.885
10,150,3,111.2,2715498.003
10,150,3,111.3,3274571.121
10,150,3,111.4,3034968.356
10,150,3,111.5,3114835.944
10,150,3,111.6,2848610.65
10,150,3,111.7,3381061.239
10,150,3,111.8,2582385.355
10,150,3,111.9,2688875.473
10,150,3,112,3194703.533
10,150,3,112.1,3088213.415
10,150,3,112.2,2901855.709
10,150,3,112.3,3194703.533
10,150,3,112.4,2662252.944
10,150,3,112.5,3034968.356
10,150,3,112.6,2821988.12
10,150,3,112.7,2742120.532
10,150,3,112.8,2715498.003
10,150,3,112.9,2502517.767
10,150,3,113,2795365.591
10,150,3,113.1,2582385.355
10,150,3,113.2,2555762.826
10,150,3,113.3,3141458.474
10,150,3,113.4,3194703.533
10,150,3,113.5,2928478.238
10,150,3,113.6,2742120.532
10,150,3,113.7,2688875.473
10,150,3,113.8,2662252.944
10,150,3,113.9,2848610.65
10,150,3,114,3088213.415
10,150,3,114.1,3114835.944
10,150,3,114.2,2981723.297
10,150,3,114.3,2289537.532
10,150,3,114.4,2981723.297
10,150,3,114.5,3088213.415
10,150,3,114.6,2715498.003
10,150,3,114.7,3194703.533
10,150,3,114.8,2662252.944
10,150,3,114.9,2289537.532
10,150,3,115,3141458.474
10,150,3,115.1,3008345.826
10,150,3,115.2,3221326.062
10,150,3,115.3,2369405.12
10,150,3,115.4,2688875.473
10,150,3,115.5,2662252.944
10,150,3,115.6,2555762.826
10,150,3,115.7,2156424.884
10,150,3,115.8,2901855.709
10,150,3,115.9,3194703.533
10,150,3,116,2449272.708
10,150,3,116.1,2662252.944
10,150,3,116.2,2875233.179
10,150,3,116.3,2396027.649
10,150,3,116.4,2635630.414
10,150,3,116.5,2529140.297
10,150,3,116.6,2688875.473
10,150,3,116.7,2742120.532
10,150,3,116.8,2768743.062
10,150,3,116.9,2688875.473
10,150,3,117,2688875.473
10,150,3,117.1,2688875.473
10,150,3,117.2,3034968.356
10,150,3,117.3,2609007.885
10,150,3,117.4,2662252.944
10,150,3,117.5,2475895.238
10,150,3,117.6,2688875.473
10,150,3,117.7,2768743.062
10,150,3,117.8,2688875.473
10,150,3,117.9,2449272.708
10,150,3,118,2582385.355
10,150,3,118.1,2529140.297
10,150,3,118.2,2715498.003
10,150,3,118.3,2635630.414
10,150,3,118.4,2103179.826
10,150,3,118.5,2502517.767
10,150,3,118.6,2635630.414
10,150,3,118.7,2209669.943
10,150,3,118.8,2928478.238
10,150,3,118.9,2369405.12
10,150,3,119,2342782.591
10,150,3,119.1,2715498.003
10,150,3,119.2,2555762.826
10,150,3,119.3,2555762.826
10,150,3,119.4,2262915.002
10,150,3,119.5,2768743.062
10,150,3,119.6,2609007.885
10,150,3,119.7,2742120.532
10,150,3,119.8,2635630.414
10,150,3,119.9,2369405.12
10,150,3,120,2475895.238
10,150,3,120.1,2289537.532
10,150,3,120.2,2023312.237
10,150,3,120.3,1916822.12
10,150,3,120.4,2422650.179
10,150,3,120.5,2369405.12
10,150,3,120.6,2555762.826
10,150,3,120.7,2023312.237
10,150,3,120.8,2609007.885
10,150,3,120.9,2449272.708
10,150,3,121,2768743.062
10,150,3,121.1,2236292.473
10,150,3,121.2,2209669.943
10,150,3,121.3,2289537.532
10,150,3,121.4,2156424.884
10,150,3,121.5,2289537.532
10,150,3,121.6,2609007.885
10,150,3,121.7,1943444.649
10,150,3,121.8,2475895.238
10,150,3,121.9,2502517.767
10,150,3,122,2342782.591
10,150,3,122.1,2316160.061
10,150,3,122.2,2635630.414
10,150,3,122.3,2049934.767
10,150,3,122.4,2262915.002
10,150,3,122.5,2183047.414
10,150,3,122.6,2422650.179
10,150,3,122.7,2129802.355
10,150,3,122.8,2156424.884
10,150,3,122.9,2369405.12
10,150,3,123,2475895.238
10,150,3,123.1,2848610.65
10,150,3,123.2,1996689.708
10,150,3,123.3,2262915.002
10,150,3,123.4,2768743.062
10,150,3,123.5,2635630.414
10,150,3,123.6,2342782.591
10,150,3,123.7,2342782.591
10,150,3,123.8,2742120.532
10,150,3,123.9,2076557.296
10,150,3,124,2475895.238
10,150,3,124.1,1970067.178
10,150,3,124.2,2289537.532
10,150,3,124.3,2396027.649
10,150,3,124.4,2236292.473
10,150,3,124.5,2475895.238
10,150,3,124.6,2049934.767
10,150,3,124.7,2103179.826
10,150,3,124.8,2129802.355
10,150,3,124.9,2156424.884
10,150,3,125,2049934.767
10,150,3,125.1,2183047.414
10,150,3,125.2,2236292.473
10,150,3,125.3,2369405.12
10,150,3,125.4,2129802.355
10,150,3,125.5,1943444.649
10,150,3,125.6,2422650.179
10,150,3,125.7,2396027.649
10,150,3,125.8,1677219.355
10,150,3,125.9,2023312.237
10,150,3,126,2555762.826
10,150,3,126.1,2183047.414
10,150,3,126.2,2156424.884
10,150,3,126.3,2183047.414
10,150,3,126.4,2475895.238
10,150,3,126.5,2236292.473
10,150,3,126.6,1623974.296
10,150,3,126.7,2396027.649
10,150,3,126.8,2023312.237
10,150,3,126.9,2183047.414
10,150,3,127,2049934.767
10,150,3,127.1,2156424.884
10,150,3,127.2,2236292.473
10,150,3,127.3,1890199.59
10,150,3,127.4,2103179.826
10,150,3,127.5,1996689.708
10,150,3,127.6,2582385.355
10,150,3,127.7,1783709.472
10,150,3,127.8,2049934.767
10,150,3,127.9,1783709.472
10,150,3,128,2209669.943
10,150,3,128.1,2262915.002
10,150,3,128.2,2129802.355
10,150,3,128.3,2023312.237
10,150,3,128.4,2449272.708
10,150,3,128.5,1890199.59
10,150,3,128.6,2289537.532
10,150,3,128.7,2076557.296
10,150,3,128.8,1703841.884
10,150,3,128.9,1996689.708
10,150,3,129,2103179.826
10,150,3,129.1,2103179.826
10,150,3,129.2,2076557.296
10,150,3,129.3,1810332.002
10,150,3,129.4,2076557.296
10,150,3,129.5,1996689.708
10,150,3,129.6,1890199.59
10,150,3,129.7,2262915.002
10,150,3,129.8,1890199.59
10,150,3,129.9,2342782.591
10,150,3,130,1810332.002
10,150,3,130.1,2236292.473
10,150,3,130.2,1836954.531
10,150,3,130.3,2049934.767
10,150,3,130.4,2129802.355
10,150,3,130.5,1757086.943
10,150,3,130.6,2156424.884
10,150,3,130.7,1836954.531
10,150,3,130.8,2103179.826
10,150,3,130.9,1783709.472
10,150,3,131,2049934.767
10,150,3,131.1,1384371.531
10,150,3,131.2,1757086.943
10,150,3,131.3,1890199.59
10,150,3,131.4,1597351.766
10,150,3,131.5,1916822.12
10,150,3,131.6,2103179.826
10,150,3,131.7,2129802.355
10,150,3,131.8,1783709.472
10,150,3,131.9,2023312.237
10,150,3,132,2049934.767
10,150,3,132.1,1623974.296
10,150,3,132.2,1916822.12
10,150,3,132.3,2103179.826
10,150,3,132.4,1783709.472
10,150,3,132.5,1677219.355
10,150,3,132.6,1304503.942
10,150,3,132.7,1677219.355
10,150,3,132.8,1623974.296
10,150,3,132.9,1916822.12
10,150,3,133,1890199.59
10,150,3,133.1,1677219.355
10,150,3,133.2,1943444.649
10,150,3,133.3,1863577.061
10,150,3,133.4,1890199.59
10,150,3,133.5,1650596.825
10,150,3,133.6,1677219.355
10,150,3,133.7,1357749.001
10,150,3,133.8,2129802.355
10,150,3,133.9,1410994.06
10,150,3,134,1730464.413
10,150,3,134.1,1890199.59
10,150,3,134.2,1783709.472
10,150,3,134.3,1650596.825
10,150,3,134.4,1597351.766
10,150,3,134.5,1597351.766
10,150,3,134.6,1757086.943
10,150,3,134.7,1597351.766
10,150,3,134.8,1650596.825
10,150,3,134.9,1597351.766
10,150,3,135,1464239.119
10,150,3,135.1,1970067.178
10,150,3,135.2,1650596.825
10,150,3,135.3,1277881.413
10,150,3,135.4,2129802.355
10,150,3,135.5,2156424.884
10,150,3,135.6,1544106.707
10,150,3,135.7,1836954.531
10,150,3,135.8,1437616.59
10,150,3,135.9,1836954.531
10,150,3,136,1384371.531
10,150,3,136.1,1464239.119
10,150,3,136.2,1490861.649
10,150,3,136.3,1384371.531
10,150,3,136.4,2156424.884
10,150,3,136.5,1970067.178
10,150,3,136.6,1623974.296
10,150,3,136.7,1890199.59
10,150,3,136.8,1703841.884
10,150,3,136.9,1304503.942
10,150,3,137,1437616.59
10,150,3,137.1,2129802.355
10,150,3,137.2,1863577.061
10,150,3,137.3,985033.5892
10,150,3,137.4,1171391.295
10,150,3,137.5,1277881.413
10,150,3,137.6,1623974.296
10,150,3,137.7,1730464.413
10,150,3,137.8,1198013.825
10,150,3,137.9,1623974.296
10,150,3,138,1410994.06
10,150,3,138.1,1304503.942
10,150,3,138.2,1277881.413
10,150,3,138.3,1650596.825
10,150,3,138.4,1331126.472
10,150,3,138.5,1570729.237
10,150,3,138.6,1437616.59
10,150,3,138.7,1490861.649
10,150,3,138.8,1304503.942
10,150,3,138.9,1783709.472
10,150,3,139,1357749.001
10,150,3,139.1,1410994.06
10,150,3,139.2,1570729.237
10,150,3,139.3,1251258.884
10,150,3,139.4,1544106.707
10,150,3,139.5,1464239.119
10,150,3,139.6,1304503.942
10,150,3,139.7,1331126.472
10,150,3,139.8,1437616.59
10,150,3,139.9,1410994.06
10,150,3,140,1144768.766
10,150,3,140.1,1597351.766
10,150,3,140.2,1011656.119
10,150,3,140.3,1357749.001
10,150,3,140.4,1064901.178
10,150,3,140.5,1384371.531
10,150,3,140.6,1277881.413
10,150,3,140.7,1277881.413
10,150,3,140.8,1038278.648
10,150,3,140.9,1304503.942
10,150,3,141,1171391.295
10,150,3,141.1,1437616.59
10,150,3,141.2,1251258.884
10,150,3,141.3,1224636.354
10,150,3,141.4,1410994.06
10,150,3,141.5,1224636.354
10,150,3,141.6,1517484.178
10,150,3,141.7,1331126.472
10,150,3,141.8,1171391.295
10,150,3,141.9,1198013.825
10,150,3,142,1331126.472
10,150,3,142.1,1038278.648
10,150,3,142.2,1224636.354
10,150,3,142.3,958411.0598
10,150,3,142.4,1011656.119
10,150,3,142.5,1011656.119
10,150,3,142.6,718808.2948
10,150,3,142.7,1091523.707
10,150,3,142.8,931788.5303
10,150,3,142.9,1038278.648
10,150,3,143,878543.4714
10,150,3,143.1,985033.5892
10,150,3,143.2,905166.0009
10,150,3,143.3,1091523.707
10,150,3,143.4,1011656.119
10,150,3,143.5,772053.3537
10,150,3,143.6,1064901.178
10,150,3,143.7,1118146.236
10,150,3,143.8,1091523.707
10,150,3,143.9,1464239.119
10,150,3,144,1091523.707
10,150,3,144.1,772053.3537
10,150,3,144.2,1038278.648
10,150,3,144.3,718808.2948
10,150,3,144.4,532450.5888
10,150,3,144.5,638940.7065
10,150,3,144.6,665563.2359
10,150,3,144.7,772053.3537
10,150,3,144.8,931788.5303
10,150,3,144.9,1011656.119
10,150,3,145,612318.1771
10,150,3,145.1,798675.8831
10,150,3,145.2,958411.0598
10,150,3,145.3,665563.2359
10,150,3,145.4,718808.2948
10,150,3,145.5,878543.4714
10,150,3,145.6,505828.0593
10,150,3,145.7,718808.2948
10,150,3,145.8,612318.1771
10,150,3,145.9,798675.8831
10,150,3,146,745430.8243
10,150,3,146.1,825298.4126
10,150,3,146.2,665563.2359
10,150,3,146.3,665563.2359
10,150,3,146.4,772053.3537
10,150,3,146.5,718808.2948
10,150,3,146.6,559073.1182
10,150,3,146.7,425960.471
10,150,3,146.8,825298.4126
10,150,3,146.9,532450.5888
10,150,3,147,612318.1771
10,150,3,147.1,665563.2359
10,150,3,147.2,692185.7654
10,150,3,147.3,372715.4121
10,150,3,147.4,612318.1771
10,150,3,147.5,612318.1771
10,150,3,147.6,532450.5888
10,150,3,147.7,372715.4121
10,150,3,147.8,372715.4121
10,150,3,147.9,319470.3533
10,150,3,148,452583.0004
10,150,3,148.1,319470.3533
10,150,3,148.2,239602.7649
10,150,3,148.3,559073.1182
10,150,3,148.4,425960.471
10,150,3,148.5,319470.3533
10,150,3,148.6,399337.9416
10,150,3,148.7,319470.3533
10,150,3,148.8,159735.1766
10,150,3,148.9,292847.8238
10,150,3,149,239602.7649
10,150,3,149.1,266225.2944
10,150,3,149.2,239602.7649
10,150,3,149.3,159735.1766
10,150,3,149.4,212980.2355
10,150,3,149.5,292847.8238
10,150,3,149.6,159735.1766
10,150,3,149.7,106490.1178
10,150,3,149.8,106490.1178
10,150,3,149.9,133112.6472
10,40,5,4.5,49352.14184
10,40,5,4.6,32901.42789
10,40,5,4.7,65802.85578
10,40,5,4.8,65802.85578
10,40,5,4.9,115154.9976
10,40,5,5,180957.8534
10,40,5,5.1,148056.4255
10,40,5,5.2,230309.9952
10,40,5,5.3,378366.4207
10,40,5,5.4,427718.5626
10,40,5,5.5,674479.2717
10,40,5,5.6,674479.2717
10,40,5,5.7,608676.416
10,40,5,5.8,789634.2694
10,40,5,5.9,1052845.692
10,40,5,6,1069296.406
10,40,5,6.1,1365409.257
10,40,5,6.2,1529916.397
10,40,5,6.3,2270198.524
10,40,5,6.4,1974085.673
10,40,5,6.5,2237297.097
10,40,5,6.6,2714367.801
10,40,5,6.7,3092734.222
10,40,5,6.8,3240790.647
10,40,5,6.9,4112678.486
10,40,5,7,3504002.07
10,40,5,7.1,4359439.195
10,40,5,7.2,4704904.188
10,40,5,7.3,5478087.744
10,40,5,7.4,16269756.09
10,40,5,7.5,5823552.737
10,40,5,7.6,6859947.715
10,40,5,7.7,6119665.588
10,40,5,7.8,6909299.857
10,40,5,7.9,7090257.71
10,40,5,8,7929244.122
10,40,5,8.1,8406314.826
10,40,5,8.2,8735329.105
10,40,5,8.3,43857603.38
10,40,5,8.4,318683230.5
10,40,5,8.5,9804625.511
10,40,5,8.6,10100738.36
10,40,5,8.7,9607216.944
10,40,5,8.8,14509529.7
10,40,5,8.9,10281696.22
10,40,5,9,11071330.49
10,40,5,9.1,11400344.76
10,40,5,9.2,11120682.63
10,40,5,9.3,12255781.89
10,40,5,9.4,11614204.05
10,40,5,9.5,28278777.27
10,40,5,9.6,19510546.74
10,40,5,9.7,221245651.8
10,40,5,9.8,33181090.03
10,40,5,9.9,24593817.35
10,40,5,10,112177418.4
10,40,5,10.1,14674036.84
10,40,5,10.2,13160571.16
10,40,5,10.3,4145579.914
10,40,5,10.4,4145579.914
10,40,5,10.5,4425242.051
10,40,5,10.6,4523946.335
10,40,5,10.7,4145579.914
10,40,5,10.8,4968115.611
10,40,5,10.9,5724848.453
10,40,5,11,6465130.58
10,40,5,11.1,5379383.46
10,40,5,11.2,5593242.741
10,40,5,11.3,28163622.27
10,40,5,11.4,6481581.294
10,40,5,11.5,6004510.59
10,40,5,11.6,6004510.59
10,40,5,11.7,5938707.734
10,40,5,11.8,3800114.921
10,40,5,11.9,4211382.77
10,40,5,12,4803608.472
10,40,5,12.1,3158537.077
10,40,5,12.2,3207889.219
10,40,5,12.3,3240790.647
10,40,5,12.4,3438199.215
10,40,5,12.5,3520452.784
10,40,5,12.6,3487551.356
10,40,5,12.7,4013974.203
10,40,5,12.8,3898819.205
10,40,5,12.9,4079777.058
10,40,5,13,4162030.628
10,40,5,13.1,3652058.496
10,40,5,13.2,3997523.489
10,40,5,13.3,4227833.484
10,40,5,13.4,4507495.621
10,40,5,13.5,4918763.47
10,40,5,13.6,4803608.472
10,40,5,13.7,4491044.907
10,40,5,13.8,5181974.893
10,40,5,13.9,5033918.467
10,40,5,14,5346482.032
10,40,5,14.1,4523946.335
10,40,5,14.2,5395834.174
10,40,5,14.3,5050369.181
10,40,5,14.4,5543890.599
10,40,5,14.5,5543890.599
10,40,5,14.6,5280679.176
10,40,5,14.7,6185468.443
10,40,5,14.8,5988059.876
10,40,5,14.9,5922257.02
10,40,5,15,5741299.167
10,40,5,15.1,6053862.732
10,40,5,15.2,6070313.446
10,40,5,15.3,5691947.025
10,40,5,15.4,6300623.441
10,40,5,15.5,6070313.446
10,40,5,15.6,6004510.59
10,40,5,15.7,6267722.013
10,40,5,15.8,6284172.727
10,40,5,15.9,6843497.001
10,40,5,16,6465130.58
10,40,5,16.1,6596736.292
10,40,5,16.2,6284172.727
10,40,5,16.3,6514482.722
10,40,5,16.4,6777694.145
10,40,5,16.5,6267722.013
10,40,5,16.6,6662539.148
10,40,5,16.7,6629637.72
10,40,5,16.8,7616680.557
10,40,5,16.9,6678989.862
10,40,5,17,6975102.713
10,40,5,17.1,6662539.148
10,40,5,17.2,7123159.138
10,40,5,17.3,6744792.717
10,40,5,17.4,6695440.576
10,40,5,17.5,7123159.138
10,40,5,17.6,6859947.715
10,40,5,17.7,6925750.571
10,40,5,17.8,6991553.427
10,40,5,17.9,6152567.015
10,40,5,18,6991553.427
10,40,5,18.1,7320567.706
10,40,5,18.2,7353469.133
10,40,5,18.3,7106708.424
10,40,5,18.4,8011497.691
10,40,5,18.5,6349975.583
10,40,5,18.6,7172511.28
10,40,5,18.7,6711891.29
10,40,5,18.8,7353469.133
10,40,5,18.9,6991553.427
10,40,5,19,7517976.273
10,40,5,19.1,7057356.282
10,40,5,19.2,7337018.419
10,40,5,19.3,7156060.566
10,40,5,19.4,7337018.419
10,40,5,19.5,7435722.703
10,40,5,19.6,7172511.28
10,40,5,19.7,6695440.576
10,40,5,19.8,7369919.847
10,40,5,19.9,7320567.706
10,40,5,20,7172511.28
10,40,5,20.1,7221863.422
10,40,5,20.2,7057356.282
10,40,5,20.3,7172511.28
10,40,5,20.4,6975102.713
10,40,5,20.5,7287666.278
10,40,5,20.6,7402821.275
10,40,5,20.7,7172511.28
10,40,5,20.8,6958651.999
10,40,5,20.9,6942201.285
10,40,5,21,6777694.145
10,40,5,21.1,6646088.434
10,40,5,21.2,7304116.992
10,40,5,21.3,6349975.583
10,40,5,21.4,7139609.852
10,40,5,21.5,7073806.996
10,40,5,21.6,6613187.006
10,40,5,21.7,6580285.578
10,40,5,21.8,7271215.564
10,40,5,21.9,7616680.557
10,40,5,22,7419271.989
10,40,5,22.1,6448679.866
10,40,5,22.2,7106708.424
10,40,5,22.3,6958651.999
10,40,5,22.4,6909299.857
10,40,5,22.5,6777694.145
10,40,5,22.6,6678989.862
10,40,5,22.7,7419271.989
10,40,5,22.8,6366426.297
10,40,5,22.9,6070313.446
10,40,5,23,6958651.999
10,40,5,23.1,6234820.585
10,40,5,23.2,6119665.588
10,40,5,23.3,6201919.157
10,40,5,23.4,5971609.162
10,40,5,23.5,6530933.436
10,40,5,23.6,6284172.727
10,40,5,23.7,6498032.008
10,40,5,23.8,6613187.006
10,40,5,23.9,6086764.16
10,40,5,24,6136116.301
10,40,5,24.1,5659045.597
10,40,5,24.2,6613187.006
10,40,5,24.3,5922257.02
10,40,5,24.4,6136116.301
10,40,5,24.5,6349975.583
10,40,5,24.6,6646088.434
10,40,5,24.7,6481581.294
10,40,5,24.8,6086764.16
10,40,5,24.9,5774200.595
10,40,5,25,5889355.592
10,40,5,25.1,5362932.746
10,40,5,25.2,6103214.874
10,40,5,25.3,5659045.597
10,40,5,25.4,5840003.45
10,40,5,25.5,5149073.465
10,40,5,25.6,5576792.027
10,40,5,25.7,5757749.881
10,40,5,25.8,6136116.301
10,40,5,25.9,5642594.883
10,40,5,26,5412284.888
10,40,5,26.1,5724848.453
10,40,5,26.2,5856454.164
10,40,5,26.3,5149073.465
10,40,5,26.4,5642594.883
10,40,5,26.5,5675496.311
10,40,5,26.6,5675496.311
10,40,5,26.7,4935214.184
10,40,5,26.8,5297129.89
10,40,5,26.9,5132622.751
10,40,5,27,4852960.614
10,40,5,27.1,5330031.318
10,40,5,27.2,5642594.883
10,40,5,27.3,5395834.174
10,40,5,27.4,5033918.467
10,40,5,27.5,5017467.753
10,40,5,27.6,5116172.037
10,40,5,27.7,5264228.462
10,40,5,27.8,4869411.328
10,40,5,27.9,4902312.756
10,40,5,28,4770707.044
10,40,5,28.1,5280679.176
10,40,5,28.2,4852960.614
10,40,5,28.3,4704904.188
10,40,5,28.4,5050369.181
10,40,5,28.5,4573298.477
10,40,5,28.6,4310087.054
10,40,5,28.7,4540397.049
10,40,5,28.8,4803608.472
10,40,5,28.9,4688453.474
10,40,5,29,5346482.032
10,40,5,29.1,4820059.186
10,40,5,29.2,4342988.481
10,40,5,29.3,4441692.765
10,40,5,29.4,5001017.039
10,40,5,29.5,3882368.491
10,40,5,29.6,4375889.909
10,40,5,29.7,3536903.498
10,40,5,29.8,4112678.486
10,40,5,29.9,4342988.481
10,40,5,30,3931720.633
10,40,5,30.1,4408791.337
10,40,5,30.2,4491044.907
10,40,5,30.3,4211382.77
10,40,5,30.4,4244284.198
10,40,5,30.5,3586255.64
10,40,5,30.6,3898819.205
10,40,5,30.7,4063326.344
10,40,5,30.8,3931720.633
10,40,5,30.9,3668509.21
10,40,5,31,3553354.212
10,40,5,31.1,4408791.337
10,40,5,31.2,3602706.354
10,40,5,31.3,3701410.638
10,40,5,31.4,3652058.496
10,40,5,31.5,4013974.203
10,40,5,31.6,3487551.356
10,40,5,31.7,3240790.647
10,40,5,31.8,3487551.356
10,40,5,31.9,3750762.779
10,40,5,32,3339494.931
10,40,5,32.1,3487551.356
10,40,5,32.2,3273692.075
10,40,5,32.3,3010480.652
10,40,5,32.4,3158537.077
10,40,5,32.5,2730818.515
10,40,5,32.6,2878874.94
10,40,5,32.7,2977579.224
10,40,5,32.8,2813072.085
10,40,5,32.9,3043382.08
10,40,5,33,2796621.371
10,40,5,33.1,2763719.943
10,40,5,33.2,2697917.087
10,40,5,33.3,2928227.082
10,40,5,33.4,2648564.945
10,40,5,33.5,2961128.51
10,40,5,33.6,3026931.366
10,40,5,33.7,2911776.368
10,40,5,33.8,2714367.801
10,40,5,33.9,2730818.515
10,40,5,34,2566311.375
10,40,5,34.1,2813072.085
10,40,5,34.2,2681466.373
10,40,5,34.3,2862424.226
10,40,5,34.4,2484057.806
10,40,5,34.5,2336001.38
10,40,5,34.6,2434705.664
10,40,5,34.7,2368902.808
10,40,5,34.8,2368902.808
10,40,5,34.9,2451156.378
10,40,5,35,2401804.236
10,40,5,35.1,2270198.524
10,40,5,35.2,2204395.669
10,40,5,35.3,2385353.522
10,40,5,35.4,2072789.957
10,40,5,35.5,2336001.38
10,40,5,35.6,2039888.529
10,40,5,35.7,2089240.671
10,40,5,35.8,2385353.522
10,40,5,35.9,2138592.813
10,40,5,36,2105691.385
10,40,5,36.1,2122142.099
10,40,5,36.2,1710874.25
10,40,5,36.3,1612169.967
10,40,5,36.4,1710874.25
10,40,5,36.5,2056339.243
10,40,5,36.6,1826029.248
10,40,5,36.7,1332507.83
10,40,5,36.8,1184451.404
10,40,5,36.9,1546367.111
10,40,5,37,1480564.255
10,40,5,37.1,1513465.683
10,40,5,37.2,1217352.832
10,40,5,37.3,1645071.395
10,40,5,37.4,1365409.257
10,40,5,37.5,1332507.83
10,40,5,37.6,1102197.834
10,40,5,37.7,1283155.688
10,40,5,37.8,1365409.257
10,40,5,37.9,1118648.548
10,40,5,38,1118648.548
10,40,5,38.1,1069296.406
10,40,5,38.2,1019944.265
10,40,5,38.3,1003493.551
10,40,5,38.4,921239.9809
10,40,5,38.5,806084.9833
10,40,5,38.6,756732.8415
10,40,5,38.7,707380.6996
10,40,5,38.8,625127.1299
10,40,5,38.9,740282.1275
10,40,5,39,394817.1347
10,40,5,39.1,575774.9881
10,40,5,39.2,526422.8462
10,40,5,39.3,575774.9881
10,40,5,39.4,493521.4184
10,40,5,39.5,444169.2765
10,40,5,39.6,509972.1323
10,40,5,39.7,180957.8534
10,40,5,39.8,263211.4231
10,40,5,39.9,115154.9976
10,40,5,40,16450.71395
10,80,5,0.3,25456.57924
10,80,5,2.4,25456.57924
10,80,5,3.4,25456.57924
10,80,5,3.6,25456.57924
10,80,5,3.7,50913.15849
10,80,5,3.8,50913.15849
10,80,5,3.9,76369.73773
10,80,5,4,152739.4755
10,80,5,4.1,152739.4755
10,80,5,4.2,203652.6339
10,80,5,4.3,356392.1094
10,80,5,4.4,381848.6887
10,80,5,4.5,432761.8471
10,80,5,4.6,840067.115
10,80,5,4.7,941893.432
10,80,5,4.8,1247372.383
10,80,5,4.9,1501938.175
10,80,5,5,1756503.968
10,80,5,5.1,2265635.553
10,80,5,5.2,2316548.711
10,80,5,5.3,2952963.192
10,80,5,5.4,3029332.93
10,80,5,5.5,3971226.362
10,80,5,5.6,4149422.417
10,80,5,5.7,4811293.477
10,80,5,5.8,6822363.237
10,80,5,5.9,6542340.866
10,80,5,6,7229668.505
10,80,5,6.1,7102385.609
10,80,5,6.2,8502497.467
10,80,5,6.3,9953522.484
10,80,5,6.4,9902609.326
10,80,5,6.5,11633656.71
10,80,5,6.6,13211964.63
10,80,5,6.7,13390160.68
10,80,5,6.8,14179314.64
10,80,5,6.9,16368580.45
10,80,5,7,16343123.87
10,80,5,7.1,17234104.15
10,80,5,7.2,18710585.74
10,80,5,7.3,19168804.17
10,80,5,7.4,80773725.94
10,80,5,7.5,21485352.88
10,80,5,7.6,23190943.69
10,80,5,7.7,24540142.39
10,80,5,7.8,23394596.32
10,80,5,7.9,25685688.46
10,80,5,8,25100187.13
10,80,5,8.1,26194820.04
10,80,5,8.2,28485912.17
10,80,5,8.3,194513722
10,80,5,8.4,1544196097
10,80,5,8.5,28816847.7
10,80,5,8.6,31744354.32
10,80,5,8.7,30318785.88
10,80,5,8.8,52949684.83
10,80,5,8.9,33984533.29
10,80,5,9,32049833.27
10,80,5,9.1,33119009.6
10,80,5,9.2,34340925.4
10,80,5,9.3,36581104.37
10,80,5,9.4,36071972.79
10,80,5,9.5,109208725
10,80,5,9.6,67281738.94
10,80,5,9.7,1000265368
10,80,5,9.8,136574547.6
10,80,5,9.9,86654195.74
10,80,5,10,473466917.3
10,80,5,10.1,44778122.89
10,80,5,10.2,46789192.65
10,80,5,10.3,18099627.84
10,80,5,10.4,17335930.46
10,80,5,10.5,17845062.05
10,80,5,10.6,17310473.89
10,80,5,10.7,16674059.4
10,80,5,10.8,19219717.33
10,80,5,10.9,18354193.63
10,80,5,11,24285576.6
10,80,5,11.1,19830675.23
10,80,5,11.2,19423369.96
10,80,5,11.3,144007868.8
10,80,5,11.4,21739918.67
10,80,5,11.5,22121767.36
10,80,5,11.6,29504175.34
10,80,5,11.7,28078606.91
10,80,5,11.8,16292210.72
10,80,5,11.9,16597689.67
10,80,5,12,19270630.49
10,80,5,12.1,13441073.84
10,80,5,12.2,14153858.06
10,80,5,12.3,13568356.74
10,80,5,12.4,14357510.69
10,80,5,12.5,14382967.27
10,80,5,12.6,13390160.68
10,80,5,12.7,14866642.28
10,80,5,12.8,15859448.87
10,80,5,12.9,14764815.96
10,80,5,13,15070294.91
10,80,5,13.1,17437756.78
10,80,5,13.2,15630339.66
10,80,5,13.3,17361387.04
10,80,5,13.4,15783079.13
10,80,5,13.5,16063101.5
10,80,5,13.6,16801342.3
10,80,5,13.7,18175997.58
10,80,5,13.8,17870518.63
10,80,5,13.9,17539583.1
10,80,5,14,17488669.94
10,80,5,14.1,18099627.84
10,80,5,14.2,18914238.38
10,80,5,14.3,18252367.32
10,80,5,14.4,19117891.01
10,80,5,14.5,18201454.16
10,80,5,14.6,19627022.6
10,80,5,14.7,18557846.27
10,80,5,14.8,18812412.06
10,80,5,14.9,20008871.29
10,80,5,15,18023258.1
10,80,5,15.1,19576109.44
10,80,5,15.2,20492546.29
10,80,5,15.3,20874394.98
10,80,5,15.4,20034327.86
10,80,5,15.5,20492546.29
10,80,5,15.6,20747112.08
10,80,5,15.7,20034327.86
10,80,5,15.8,20823481.82
10,80,5,15.9,21663548.94
10,80,5,16,20441633.13
10,80,5,16.1,21790831.83
10,80,5,16.2,21459896.3
10,80,5,16.3,22427246.31
10,80,5,16.4,21739918.67
10,80,5,16.5,21434439.72
10,80,5,16.6,22121767.36
10,80,5,16.7,22299963.42
10,80,5,16.8,21358069.99
10,80,5,16.9,22885464.74
10,80,5,17,24183750.28
10,80,5,17.1,22401789.73
10,80,5,17.2,22936377.9
10,80,5,17.3,22834551.58
10,80,5,17.4,23241856.85
10,80,5,17.5,22070854.2
10,80,5,17.6,21892658.15
10,80,5,17.7,21918114.73
10,80,5,17.8,23165487.11
10,80,5,17.9,22529072.63
10,80,5,18,23827358.17
10,80,5,18.1,21918114.73
10,80,5,18.2,24514685.81
10,80,5,18.3,21230787.09
10,80,5,18.4,22274506.84
10,80,5,18.5,22019941.05
10,80,5,18.6,23114573.95
10,80,5,18.7,24081923.96
10,80,5,18.8,23369139.75
10,80,5,18.9,22401789.73
10,80,5,19,23547335.8
10,80,5,19.1,22096310.78
10,80,5,19.2,22707268.69
10,80,5,19.3,21536266.04
10,80,5,19.4,22325420
10,80,5,19.5,24209206.86
10,80,5,19.6,22630898.95
10,80,5,19.7,22172680.52
10,80,5,19.8,21867201.57
10,80,5,19.9,21154417.35
10,80,5,20,21816288.41
10,80,5,20.1,22198137.1
10,80,5,20.2,21714462.09
10,80,5,20.3,22274506.84
10,80,5,20.4,22172680.52
10,80,5,20.5,22070854.2
10,80,5,20.6,22732725.26
10,80,5,20.7,22758181.84
10,80,5,20.8,23114573.95
10,80,5,20.9,22223593.68
10,80,5,21,23190943.69
10,80,5,21.1,21459896.3
10,80,5,21.2,22427246.31
10,80,5,21.3,21943571.31
10,80,5,21.4,21638092.36
10,80,5,21.5,23674618.7
10,80,5,21.6,22325420
10,80,5,21.7,23216400.27
10,80,5,21.8,22758181.84
10,80,5,21.9,22198137.1
10,80,5,22,22172680.52
10,80,5,22.1,21358069.99
10,80,5,22.2,22325420
10,80,5,22.3,22121767.36
10,80,5,22.4,21179873.93
10,80,5,22.5,21307156.83
10,80,5,22.6,20950764.72
10,80,5,22.7,21307156.83
10,80,5,22.8,20441633.13
10,80,5,22.9,21587179.2
10,80,5,23,20568916.03
10,80,5,23.1,20467089.71
10,80,5,23.2,21892658.15
10,80,5,23.3,23216400.27
10,80,5,23.4,20237980.5
10,80,5,23.5,21103504.19
10,80,5,23.6,21383526.56
10,80,5,23.7,21332613.41
10,80,5,23.8,21358069.99
10,80,5,23.9,20696198.92
10,80,5,24,21739918.67
10,80,5,24.1,19907044.97
10,80,5,24.2,20772568.66
10,80,5,24.3,20747112.08
10,80,5,24.4,21230787.09
10,80,5,24.5,19779762.07
10,80,5,24.6,20390719.97
10,80,5,24.7,21027134.46
10,80,5,24.8,21256243.67
10,80,5,24.9,20390719.97
10,80,5,25,19677935.76
10,80,5,25.1,20314350.24
10,80,5,25.2,20848938.4
10,80,5,25.3,20288893.66
10,80,5,25.4,19550652.86
10,80,5,25.5,20034327.86
10,80,5,25.6,18430563.37
10,80,5,25.7,19347000.22
10,80,5,25.8,19296087.07
10,80,5,25.9,18659672.59
10,80,5,26,20823481.82
10,80,5,26.1,20390719.97
10,80,5,26.2,19754305.49
10,80,5,26.3,19347000.22
10,80,5,26.4,18965151.54
10,80,5,26.5,20059784.44
10,80,5,26.6,18685129.16
10,80,5,26.7,19117891.01
10,80,5,26.8,19703392.33
10,80,5,26.9,18761498.9
10,80,5,27,20390719.97
10,80,5,27.1,18634216.01
10,80,5,27.2,19576109.44
10,80,5,27.3,19881588.39
10,80,5,27.4,18048714.68
10,80,5,27.5,17946888.37
10,80,5,27.6,19754305.49
10,80,5,27.7,19499739.7
10,80,5,27.8,17845062.05
10,80,5,27.9,18430563.37
10,80,5,28,17386843.62
10,80,5,28.1,17717779.15
10,80,5,28.2,18125084.42
10,80,5,28.3,19499739.7
10,80,5,28.4,17106821.25
10,80,5,28.5,17997801.53
10,80,5,28.6,18252367.32
10,80,5,28.7,17386843.62
10,80,5,28.8,18048714.68
10,80,5,28.9,16877712.04
10,80,5,29,18277823.9
10,80,5,29.1,17845062.05
10,80,5,29.2,15681252.81
10,80,5,29.3,18099627.84
10,80,5,29.4,16826798.88
10,80,5,29.5,19448826.54
10,80,5,29.6,17361387.04
10,80,5,29.7,16852255.46
10,80,5,29.8,16928625.2
10,80,5,29.9,17514126.52
10,80,5,30,16394037.03
10,80,5,30.1,17412300.2
10,80,5,30.2,17081364.67
10,80,5,30.3,17768692.31
10,80,5,30.4,16470406.77
10,80,5,30.5,17208647.57
10,80,5,30.6,16674059.4
10,80,5,30.7,15859448.87
10,80,5,30.8,16444950.19
10,80,5,30.9,16419493.61
10,80,5,31,17285017.31
10,80,5,31.1,16801342.3
10,80,5,31.2,16114014.66
10,80,5,31.3,15350317.28
10,80,5,31.4,16572233.09
10,80,5,31.5,16190384.4
10,80,5,31.6,16037644.92
10,80,5,31.7,16088558.08
10,80,5,31.8,15324860.7
10,80,5,31.9,16343123.87
10,80,5,32,15477600.18
10,80,5,32.1,17004994.93
10,80,5,32.2,15706709.39
10,80,5,32.3,14892098.86
10,80,5,32.4,15681252.81
10,80,5,32.5,15248490.97
10,80,5,32.6,17514126.52
10,80,5,32.7,15604883.08
10,80,5,32.8,15375773.86
10,80,5,32.9,14993925.17
10,80,5,33,14357510.69
10,80,5,33.1,16037644.92
10,80,5,33.2,15604883.08
10,80,5,33.3,14561163.33
10,80,5,33.4,14332054.11
10,80,5,33.5,14815729.12
10,80,5,33.6,15426687.02
10,80,5,33.7,14153858.06
10,80,5,33.8,16114014.66
10,80,5,33.9,13822922.53
10,80,5,34,14790272.54
10,80,5,34.1,14484793.59
10,80,5,34.2,14739359.38
10,80,5,34.3,14052031.74
10,80,5,34.4,14052031.74
10,80,5,34.5,14128401.48
10,80,5,34.6,14153858.06
10,80,5,34.7,13848379.11
10,80,5,34.8,13237421.21
10,80,5,34.9,15070294.91
10,80,5,35,13772009.37
10,80,5,35.1,13211964.63
10,80,5,35.2,13695639.63
10,80,5,35.3,12906485.68
10,80,5,35.4,13797465.95
10,80,5,35.5,12830115.94
10,80,5,35.6,14077488.32
10,80,5,35.7,13084681.73
10,80,5,35.8,13924748.85
10,80,5,35.9,13084681.73
10,80,5,36,14026575.16
10,80,5,36.1,12117331.72
10,80,5,36.2,13924748.85
10,80,5,36.3,13746552.79
10,80,5,36.4,12779202.78
10,80,5,36.5,13313790.94
10,80,5,36.6,12295527.77
10,80,5,36.7,13288334.37
10,80,5,36.8,12448267.25
10,80,5,36.9,13390160.68
10,80,5,37,13797465.95
10,80,5,37.1,12651919.88
10,80,5,37.2,13033768.57
10,80,5,37.3,13415617.26
10,80,5,37.4,12320984.35
10,80,5,37.5,12550093.57
10,80,5,37.6,11760939.61
10,80,5,37.7,12244614.62
10,80,5,37.8,12219158.04
10,80,5,37.9,12931942.26
10,80,5,38,13084681.73
10,80,5,38.1,12982855.41
10,80,5,38.2,12219158.04
10,80,5,38.3,13084681.73
10,80,5,38.4,11811852.77
10,80,5,38.5,11939135.67
10,80,5,38.6,13161051.47
10,80,5,38.7,12779202.78
10,80,5,38.8,11608200.13
10,80,5,38.9,11557286.98
10,80,5,39,11353634.34
10,80,5,39.1,11506373.82
10,80,5,39.2,11328177.76
10,80,5,39.3,12142788.3
10,80,5,39.4,11964592.24
10,80,5,39.5,11786396.19
10,80,5,39.6,10589936.97
10,80,5,39.7,11786396.19
10,80,5,39.8,11302721.18
10,80,5,39.9,12626463.3
10,80,5,40,11531830.4
10,80,5,40.1,11837309.35
10,80,5,40.2,12015505.4
10,80,5,40.3,11633656.71
10,80,5,40.4,11760939.61
10,80,5,40.5,10106261.96
10,80,5,40.6,11022698.81
10,80,5,40.7,10411740.91
10,80,5,40.8,11404547.5
10,80,5,40.9,10208088.28
10,80,5,41,10335371.17
10,80,5,41.1,11786396.19
10,80,5,41.2,11073611.97
10,80,5,41.3,10997242.23
10,80,5,41.4,10208088.28
10,80,5,41.5,10946329.07
10,80,5,41.6,10971785.65
10,80,5,41.7,10717219.86
10,80,5,41.8,10564480.39
10,80,5,41.9,11124525.13
10,80,5,42,9800783.009
10,80,5,42.1,10055348.8
10,80,5,42.2,9978979.063
10,80,5,42.3,10309914.59
10,80,5,42.4,10742676.44
10,80,5,42.5,10488110.65
10,80,5,42.6,10106261.96
10,80,5,42.7,10666306.7
10,80,5,42.8,10768133.02
10,80,5,42.9,10259001.44
10,80,5,43,10589936.97
10,80,5,43.1,9800783.009
10,80,5,43.2,9902609.326
10,80,5,43.3,9648043.533
10,80,5,43.4,10615393.54
10,80,5,43.5,10259001.44
10,80,5,43.6,10106261.96
10,80,5,43.7,10615393.54
10,80,5,43.8,9571673.796
10,80,5,43.9,10106261.96
10,80,5,44,10462654.07
10,80,5,44.1,9648043.533
10,80,5,44.2,9266194.845
10,80,5,44.3,9342564.582
10,80,5,44.4,9368021.162
10,80,5,44.5,9037085.631
10,80,5,44.6,8986172.473
10,80,5,44.7,8807976.418
10,80,5,44.8,9393477.741
10,80,5,44.9,8782519.839
10,80,5,45,9469847.479
10,80,5,45.1,8553410.626
10,80,5,45.2,8375214.571
10,80,5,45.3,9215281.686
10,80,5,45.4,9113455.369
10,80,5,45.5,8935259.314
10,80,5,45.6,8349757.992
10,80,5,45.7,8527954.047
10,80,5,45.8,8400671.15
10,80,5,45.9,8757063.26
10,80,5,46,8604323.784
10,80,5,46.1,8757063.26
10,80,5,46.2,8807976.418
10,80,5,46.3,8757063.26
10,80,5,46.4,8986172.473
10,80,5,46.5,8553410.626
10,80,5,46.6,9648043.533
10,80,5,46.7,8375214.571
10,80,5,46.8,8553410.626
10,80,5,46.9,8909802.735
10,80,5,47,8502497.467
10,80,5,47.1,8451584.309
10,80,5,47.2,8655236.943
10,80,5,47.3,7993365.882
10,80,5,47.4,8578867.205
10,80,5,47.5,8349757.992
10,80,5,47.6,9037085.631
10,80,5,47.7,9520760.637
10,80,5,47.8,8095192.199
10,80,5,47.9,8400671.15
10,80,5,48,8451584.309
10,80,5,48.1,7611517.194
10,80,5,48.2,7407864.56
10,80,5,48.3,8095192.199
10,80,5,48.4,8604323.784
10,80,5,48.5,7636973.773
10,80,5,48.6,7306038.243
10,80,5,48.7,7636973.773
10,80,5,48.8,8069735.62
10,80,5,48.9,7713343.511
10,80,5,49,7687886.932
10,80,5,49.1,7840626.407
10,80,5,49.2,7484234.298
10,80,5,49.3,7713343.511
10,80,5,49.4,7000559.292
10,80,5,49.5,7356951.401
10,80,5,49.6,7127842.188
10,80,5,49.7,7255125.084
10,80,5,49.8,8146105.358
10,80,5,49.9,8120648.779
10,80,5,50,7738800.09
10,80,5,50.1,7229668.505
10,80,5,50.2,7433321.139
10,80,5,50.3,7586060.615
10,80,5,50.4,7636973.773
10,80,5,50.5,7866082.986
10,80,5,50.6,7102385.609
10,80,5,50.7,7127842.188
10,80,5,50.8,6873276.396
10,80,5,50.9,6440514.549
10,80,5,51,6975102.713
10,80,5,51.1,7815169.828
10,80,5,51.2,7331494.822
10,80,5,51.3,7687886.932
10,80,5,51.4,7433321.139
10,80,5,51.5,7204211.926
10,80,5,51.6,6542340.866
10,80,5,51.7,6313231.652
10,80,5,51.8,6440514.549
10,80,5,51.9,6771450.079
10,80,5,52,6745993.5
10,80,5,52.1,6516884.286
10,80,5,52.2,6822363.237
10,80,5,52.3,7306038.243
10,80,5,52.4,5549534.275
10,80,5,52.5,6796906.658
10,80,5,52.6,6618710.603
10,80,5,52.7,6491427.707
10,80,5,52.8,6415057.969
10,80,5,52.9,6109579.018
10,80,5,53,6847819.816
10,80,5,53.1,6516884.286
10,80,5,53.2,5982296.122
10,80,5,53.3,6364144.811
10,80,5,53.4,6847819.816
10,80,5,53.5,6211405.335
10,80,5,53.6,5931382.964
10,80,5,53.7,5982296.122
10,80,5,53.8,6542340.866
10,80,5,53.9,5778643.488
10,80,5,54,5651360.592
10,80,5,54.1,6669623.762
10,80,5,54.2,6313231.652
10,80,5,54.3,5905926.384
10,80,5,54.4,5727730.33
10,80,5,54.5,6593254.024
10,80,5,54.6,5396794.8
10,80,5,54.7,5167685.586
10,80,5,54.8,5574990.854
10,80,5,54.9,5931382.964
10,80,5,55,5829556.647
10,80,5,55.1,5956839.543
10,80,5,55.2,5753186.909
10,80,5,55.3,6389601.39
10,80,5,55.4,5574990.854
10,80,5,55.5,5167685.586
10,80,5,55.6,5549534.275
10,80,5,55.7,6135035.598
10,80,5,55.8,6695080.341
10,80,5,55.9,6211405.335
10,80,5,56,5473164.537
10,80,5,56.1,6109579.018
10,80,5,56.2,5422251.379
10,80,5,56.3,5193142.166
10,80,5,56.4,5956839.543
10,80,5,56.5,5014946.111
10,80,5,56.6,6873276.396
10,80,5,56.7,5982296.122
10,80,5,56.8,5294968.483
10,80,5,56.9,6287775.073
10,80,5,57,5193142.166
10,80,5,57.1,6109579.018
10,80,5,57.2,4760380.319
10,80,5,57.3,5651360.592
10,80,5,57.4,5422251.379
10,80,5,57.5,5778643.488
10,80,5,57.6,5040402.69
10,80,5,57.7,5447707.958
10,80,5,57.8,5422251.379
10,80,5,57.9,5269511.903
10,80,5,58,5218598.745
10,80,5,58.1,12015505.4
10,80,5,58.2,4887663.215
10,80,5,58.3,5091315.849
10,80,5,58.4,5040402.69
10,80,5,58.5,5040402.69
10,80,5,58.6,4760380.319
10,80,5,58.7,4964032.952
10,80,5,58.8,4913119.794
10,80,5,58.9,4709467.16
10,80,5,59,5116772.428
10,80,5,59.1,4785836.898
10,80,5,59.2,4760380.319
10,80,5,59.3,4149422.417
10,80,5,59.4,4760380.319
10,80,5,59.5,17030451.51
10,80,5,59.6,5116772.428
10,80,5,59.7,5065859.269
10,80,5,59.8,4429444.788
10,80,5,59.9,5116772.428
10,80,5,60,4684010.581
10,80,5,60.1,4938576.373
10,80,5,60.2,4302161.892
10,80,5,60.3,4658554.002
10,80,5,60.4,4964032.952
10,80,5,60.5,3996682.941
10,80,5,60.6,4327618.471
10,80,5,60.7,4327618.471
10,80,5,60.8,5244055.324
10,80,5,60.9,4378531.63
10,80,5,61,4505814.526
10,80,5,61.1,3843943.466
10,80,5,61.2,4582184.264
10,80,5,61.3,4302161.892
10,80,5,61.4,4734923.739
10,80,5,61.5,3894856.624
10,80,5,61.6,4251248.734
10,80,5,61.7,4760380.319
10,80,5,61.8,3996682.941
10,80,5,61.9,4302161.892
10,80,5,62,3945769.783
10,80,5,62.1,4073052.679
10,80,5,62.2,4454901.368
10,80,5,62.3,4123965.837
10,80,5,62.4,3996682.941
10,80,5,62.5,3691203.99
10,80,5,62.6,3996682.941
10,80,5,62.7,4200335.575
10,80,5,62.8,3971226.362
10,80,5,62.9,3640290.832
10,80,5,63,3716660.57
10,80,5,63.1,3411181.619
10,80,5,63.2,4327618.471
10,80,5,63.3,3793030.307
10,80,5,63.4,3920313.203
10,80,5,63.5,4353075.051
10,80,5,63.6,3945769.783
10,80,5,63.7,3996682.941
10,80,5,63.8,3665747.411
10,80,5,63.9,3793030.307
10,80,5,64,3385725.039
10,80,5,64.1,3971226.362
10,80,5,64.2,4225792.154
10,80,5,64.3,3589377.673
10,80,5,64.4,3487551.356
10,80,5,64.5,3767573.728
10,80,5,64.6,3716660.57
10,80,5,64.7,3513007.936
10,80,5,64.8,3207528.985
10,80,5,64.9,3029332.93
10,80,5,65,3436638.198
10,80,5,65.1,3843943.466
10,80,5,65.2,3003876.351
10,80,5,65.3,3563921.094
10,80,5,65.4,3640290.832
10,80,5,65.5,3411181.619
10,80,5,65.6,3869400.045
10,80,5,65.7,3843943.466
10,80,5,65.8,3105702.668
10,80,5,65.9,3920313.203
10,80,5,66,3742117.149
10,80,5,66.1,3207528.985
10,80,5,66.2,3411181.619
10,80,5,66.3,3309355.302
10,80,5,66.4,3513007.936
10,80,5,66.5,3360268.46
10,80,5,66.6,3156615.826
10,80,5,66.7,3207528.985
10,80,5,66.8,3029332.93
10,80,5,66.9,2927506.613
10,80,5,67,2851136.875
10,80,5,67.1,4760380.319
10,80,5,67.2,2876593.455
10,80,5,67.3,2596571.083
10,80,5,67.4,5804100.067
10,80,5,67.5,2876593.455
10,80,5,67.6,3131159.247
10,80,5,67.7,2876593.455
10,80,5,67.8,2952963.192
10,80,5,67.9,2825680.296
10,80,5,68,3207528.985
10,80,5,68.1,2876593.455
10,80,5,68.2,2978419.771
10,80,5,68.3,3614834.253
10,80,5,68.4,2494744.766
10,80,5,68.5,2622027.662
10,80,5,68.6,2978419.771
10,80,5,68.7,2698397.4
10,80,5,68.8,2571114.504
10,80,5,68.9,2392918.449
10,80,5,69,2698397.4
10,80,5,69.1,2647484.241
10,80,5,69.2,2800223.717
10,80,5,69.3,3258442.143
10,80,5,69.4,2469288.187
10,80,5,69.5,2723853.979
10,80,5,69.6,2418375.028
10,80,5,69.7,2876593.455
10,80,5,69.8,2189265.815
10,80,5,69.9,1654677.651
10,80,5,70,2316548.711
10,80,5,70.1,2036526.339
10,80,5,70.2,2392918.449
10,80,5,70.3,2291092.132
10,80,5,70.4,2443831.607
10,80,5,70.5,2189265.815
10,80,5,70.6,2163809.236
10,80,5,70.7,2112896.077
10,80,5,70.8,2418375.028
10,80,5,70.9,1934700.022
10,80,5,71,2596571.083
10,80,5,71.1,1909243.443
10,80,5,71.2,1832873.706
10,80,5,71.3,2163809.236
10,80,5,71.4,2214722.394
10,80,5,71.5,2418375.028
10,80,5,71.6,2112896.077
10,80,5,71.7,1832873.706
10,80,5,71.8,2011069.76
10,80,5,71.9,2036526.339
10,80,5,72,1807417.126
10,80,5,72.1,2061982.919
10,80,5,72.2,2061982.919
10,80,5,72.3,1705590.809
10,80,5,72.4,1654677.651
10,80,5,72.5,1680134.23
10,80,5,72.6,2011069.76
10,80,5,72.7,1960156.602
10,80,5,72.8,1603764.492
10,80,5,72.9,1578307.913
10,80,5,73,1934700.022
10,80,5,73.1,1425568.438
10,80,5,73.2,1705590.809
10,80,5,73.3,1374655.279
10,80,5,73.4,1832873.706
10,80,5,73.5,1985613.181
10,80,5,73.6,1552851.334
10,80,5,73.7,1629221.072
10,80,5,73.8,1476481.596
10,80,5,73.9,1349198.7
10,80,5,74,1705590.809
10,80,5,74.1,1603764.492
10,80,5,74.2,1247372.383
10,80,5,74.3,1501938.175
10,80,5,74.4,1629221.072
10,80,5,74.5,1400111.858
10,80,5,74.6,1349198.7
10,80,5,74.7,1247372.383
10,80,5,74.8,1578307.913
10,80,5,74.9,1120089.487
10,80,5,75,1018263.17
10,80,5,75.1,1120089.487
10,80,5,75.2,1018263.17
10,80,5,75.3,1629221.072
10,80,5,75.4,1374655.279
10,80,5,75.5,1298285.541
10,80,5,75.6,1120089.487
10,80,5,75.7,1120089.487
10,80,5,75.8,1272828.962
10,80,5,75.9,1018263.17
10,80,5,76,1272828.962
10,80,5,76.1,840067.115
10,80,5,76.2,1120089.487
10,80,5,76.3,1043719.749
10,80,5,76.4,941893.432
10,80,5,76.5,992806.5905
10,80,5,76.6,1094632.907
10,80,5,76.7,992806.5905
10,80,5,76.8,1018263.17
10,80,5,76.9,814610.5358
10,80,5,77,840067.115
10,80,5,77.1,610957.9018
10,80,5,77.2,941893.432
10,80,5,77.3,916436.8528
10,80,5,77.4,1043719.749
10,80,5,77.5,738240.7981
10,80,5,77.6,763697.3773
10,80,5,77.7,738240.7981
10,80,5,77.8,992806.5905
10,80,5,77.9,636414.4811
10,80,5,78,814610.5358
10,80,5,78.1,814610.5358
10,80,5,78.2,712784.2188
10,80,5,78.3,381848.6887
10,80,5,78.4,330935.5302
10,80,5,78.5,458218.4264
10,80,5,78.6,458218.4264
10,80,5,78.7,305478.9509
10,80,5,78.8,458218.4264
10,80,5,78.9,560044.7434
10,80,5,79,356392.1094
10,80,5,79.1,254565.7924
10,80,5,79.2,356392.1094
10,80,5,79.3,203652.6339
10,80,5,79.4,203652.6339
10,80,5,79.5,280022.3717
10,80,5,79.6,152739.4755
10,80,5,79.7,101826.317
10,80,5,79.8,76369.73773
10,80,5,79.9,50913.15849
10,80,5,80,50913.15849
10,150,5,3,51795.31717
10,150,5,3.1,51795.31717
10,150,5,3.2,103590.6343
10,150,5,3.3,103590.6343
10,150,5,3.4,362567.2202
10,150,5,3.5,517953.1717
10,150,5,3.6,621543.8061
10,150,5,3.7,414362.5374
10,150,5,3.8,621543.8061
10,150,5,3.9,932315.7091
10,150,5,4,1657450.15
10,150,5,4.1,1761040.784
10,150,5,4.2,3263104.982
10,150,5,4.3,3418490.933
10,150,5,4.4,4713373.863
10,150,5,4.5,4609783.228
10,150,5,4.6,5542098.938
10,150,5,4.7,6629800.598
10,150,5,4.8,7044163.136
10,150,5,4.9,8546227.334
10,150,5,5,8028274.162
10,150,5,5.1,10514449.39
10,150,5,5.2,12171899.54
10,150,5,5.3,14191916.91
10,150,5,5.4,14347302.86
10,150,5,5.5,16574501.5
10,150,5,5.6,16004753.01
10,150,5,5.7,19785811.16
10,150,5,5.8,20407354.97
10,150,5,5.9,22064805.12
10,150,5,6,23152506.78
10,150,5,6.1,26778178.98
10,150,5,6.2,24292003.75
10,150,5,6.3,29471535.47
10,150,5,6.4,32113096.65
10,150,5,6.5,30818213.72
10,150,5,6.6,32631049.82
10,150,5,6.7,33925932.75
10,150,5,6.8,35531587.58
10,150,5,6.9,38639306.61
10,150,5,7,40296756.76
10,150,5,7.1,40452142.71
10,150,5,7.2,40089575.49
10,150,5,7.3,41488049.06
10,150,5,7.4,185530826.1
10,150,5,7.5,45010130.62
10,150,5,7.6,49775299.8
10,150,5,7.7,51847112.49
10,150,5,7.8,51536340.59
10,150,5,7.9,52106089.08
10,150,5,8,54022515.81
10,150,5,8.1,53504562.64
10,150,5,8.2,52986609.47
10,150,5,8.3,405401947.5
10,150,5,8.4,3151330687
10,150,5,8.5,57958959.92
10,150,5,8.6,58217936.5
10,150,5,8.7,58010755.23
10,150,5,8.8,101000868.5
10,150,5,8.9,63811830.76
10,150,5,9,62568743.15
10,150,5,9.1,58839480.31
10,150,5,9.2,61740018.07
10,150,5,9.3,62879515.05
10,150,5,9.4,64485169.88
10,150,5,9.5,211428484.7
10,150,5,9.6,122444129.8
10,150,5,9.7,1965269720
10,150,5,9.8,262395076.8
10,150,5,9.9,157820331.4
10,150,5,10,876842924.4
10,150,5,10.1,79764788.45
10,150,5,10.2,91729506.71
10,150,5,10.3,42834727.3
10,150,5,10.4,40089575.49
10,150,5,10.5,40555733.35
10,150,5,10.6,40348552.08
10,150,5,10.7,42161388.18
10,150,5,10.8,40296756.76
10,150,5,10.9,44388586.82
10,150,5,11,51070182.73
10,150,5,11.1,44699358.72
10,150,5,11.2,42834727.3
10,150,5,11.3,313776031.4
10,150,5,11.4,44906539.99
10,150,5,11.5,51329159.32
10,150,5,11.6,68110842.08
10,150,5,11.7,66660573.2
10,150,5,11.8,36878265.83
10,150,5,11.9,35583382.9
10,150,5,12,44906539.99
10,150,5,12.1,32786435.77
10,150,5,12.2,33200798.31
10,150,5,12.3,33925932.75
10,150,5,12.4,34133114.02
10,150,5,12.5,33925932.75
10,150,5,12.6,36515698.61
10,150,5,12.7,34858248.46
10,150,5,12.8,36101336.07
10,150,5,12.9,37344423.68
10,150,5,13,35117225.04
10,150,5,13.1,36878265.83
10,150,5,13.2,35427996.95
10,150,5,13.3,36619289.24
10,150,5,13.4,37448014.32
10,150,5,13.5,36619289.24
10,150,5,13.6,37396219
10,150,5,13.7,38432125.34
10,150,5,13.8,38173148.76
10,150,5,13.9,39053669.15
10,150,5,14,37603400.27
10,150,5,14.1,39157259.78
10,150,5,14.2,37551604.95
10,150,5,14.3,38380330.03
10,150,5,14.4,37085447.1
10,150,5,14.5,38535715.98
10,150,5,14.6,41177277.15
10,150,5,14.7,37810581.54
10,150,5,14.8,42057797.54
10,150,5,14.9,39778803.59
10,150,5,15,37965967.49
10,150,5,15.1,39053669.15
10,150,5,15.2,39053669.15
10,150,5,15.3,39934189.54
10,150,5,15.4,40348552.08
10,150,5,15.5,37448014.32
10,150,5,15.6,39312645.73
10,150,5,15.7,39727008.27
10,150,5,15.8,41384458.42
10,150,5,15.9,41798820.96
10,150,5,16,40970095.88
10,150,5,16.1,39830598.91
10,150,5,16.2,41798820.96
10,150,5,16.3,38535715.98
10,150,5,16.4,38846487.88
10,150,5,16.5,41643435.01
10,150,5,16.6,41539844.37
10,150,5,16.7,40866505.25
10,150,5,16.8,37655195.59
10,150,5,16.9,41229072.47
10,150,5,17,41902411.59
10,150,5,17.1,41332663.1
10,150,5,17.2,42938317.94
10,150,5,17.3,40503938.03
10,150,5,17.4,43093703.89
10,150,5,17.5,41591639.69
10,150,5,17.6,42109592.86
10,150,5,17.7,41488049.06
10,150,5,17.8,41488049.06
10,150,5,17.9,41643435.01
10,150,5,18,41902411.59
10,150,5,18.1,39519827
10,150,5,18.2,41073686.52
10,150,5,18.3,40866505.25
10,150,5,18.4,42161388.18
10,150,5,18.5,38639306.61
10,150,5,18.6,41747025.64
10,150,5,18.7,40348552.08
10,150,5,18.8,38483920.66
10,150,5,18.9,40193166.13
10,150,5,19,41798820.96
10,150,5,19.1,38950078.51
10,150,5,19.2,40866505.25
10,150,5,19.3,41695230.32
10,150,5,19.4,38846487.88
10,150,5,19.5,40244961.44
10,150,5,19.6,39830598.91
10,150,5,19.7,40193166.13
10,150,5,19.8,36204926.7
10,150,5,19.9,41229072.47
10,150,5,20,42782931.99
10,150,5,20.1,39260850.42
10,150,5,20.2,38639306.61
10,150,5,20.3,38742897.25
10,150,5,20.4,39364441.05
10,150,5,20.5,38742897.25
10,150,5,20.6,40452142.71
10,150,5,20.7,40400347.4
10,150,5,20.8,38276739.39
10,150,5,20.9,38794692.56
10,150,5,21,39830598.91
10,150,5,21.1,39209055.1
10,150,5,21.2,39053669.15
10,150,5,21.3,37810581.54
10,150,5,21.4,37499809.63
10,150,5,21.5,39882394.22
10,150,5,21.6,37033651.78
10,150,5,21.7,38432125.34
10,150,5,21.8,38950078.51
10,150,5,21.9,35842359.48
10,150,5,22,39519827
10,150,5,22.1,39830598.91
10,150,5,22.2,38794692.56
10,150,5,22.3,36153131.39
10,150,5,22.4,35376201.63
10,150,5,22.5,38017762.81
10,150,5,22.6,38173148.76
10,150,5,22.7,36515698.61
10,150,5,22.8,36049540.75
10,150,5,22.9,36722879.88
10,150,5,23,37603400.27
10,150,5,23.1,37965967.49
10,150,5,23.2,37706990.9
10,150,5,23.3,40762914.62
10,150,5,23.4,35738768.85
10,150,5,23.5,36878265.83
10,150,5,23.6,34495681.24
10,150,5,23.7,35997745.44
10,150,5,23.8,36049540.75
10,150,5,23.9,32941821.72
10,150,5,24,35169020.36
10,150,5,24.1,38173148.76
10,150,5,24.2,34392090.6
10,150,5,24.3,36153131.39
10,150,5,24.4,36153131.39
10,150,5,24.5,36878265.83
10,150,5,24.6,34236704.65
10,150,5,24.7,36671084.56
10,150,5,24.8,33149002.99
10,150,5,24.9,35117225.04
10,150,5,25,34754657.82
10,150,5,25.1,35894154.8
10,150,5,25.2,34910043.77
10,150,5,25.3,33563365.53
10,150,5,25.4,34392090.6
10,150,5,25.5,35635178.22
10,150,5,25.6,35531587.58
10,150,5,25.7,35065429.73
10,150,5,25.8,31698734.11
10,150,5,25.9,31854120.06
10,150,5,26,33304388.94
10,150,5,26.1,32061301.33
10,150,5,26.2,32579254.5
10,150,5,26.3,35169020.36
10,150,5,26.4,31491552.84
10,150,5,26.5,31491552.84
10,150,5,26.6,33200798.31
10,150,5,26.7,32320277.92
10,150,5,26.8,32268482.6
10,150,5,26.9,34547476.55
10,150,5,27,32164891.96
10,150,5,27.1,32838231.09
10,150,5,27.2,32164891.96
10,150,5,27.3,31491552.84
10,150,5,27.4,34029523.38
10,150,5,27.5,31595143.48
10,150,5,27.6,32164891.96
10,150,5,27.7,34858248.46
10,150,5,27.8,33874137.43
10,150,5,27.9,31025394.99
10,150,5,28,31750529.43
10,150,5,28.1,30973599.67
10,150,5,28.2,32216687.28
10,150,5,28.3,32993617.04
10,150,5,28.4,32423868.55
10,150,5,28.5,32320277.92
10,150,5,28.6,30093079.28
10,150,5,28.7,30870009.04
10,150,5,28.8,31905915.38
10,150,5,28.9,31439757.52
10,150,5,29,29989488.64
10,150,5,29.1,30559237.13
10,150,5,29.2,31595143.48
10,150,5,29.3,29626921.42
10,150,5,29.4,29626921.42
10,150,5,29.5,31180780.94
10,150,5,29.6,30870009.04
10,150,5,29.7,29885898.01
10,150,5,29.8,27710494.69
10,150,5,29.9,28383833.81
10,150,5,30,29471535.47
10,150,5,30.1,29678716.74
10,150,5,30.2,29626921.42
10,150,5,30.3,30300260.55
10,150,5,30.4,30662827.77
10,150,5,30.5,29367944.84
10,150,5,30.6,28849991.67
10,150,5,30.7,27865880.64
10,150,5,30.8,27347927.47
10,150,5,30.9,27814085.32
10,150,5,31,31232576.26
10,150,5,31.1,30196669.91
10,150,5,31.2,29937693.33
10,150,5,31.3,28073061.91
10,150,5,31.4,28746401.03
10,150,5,31.5,27192541.52
10,150,5,31.6,29575126.11
10,150,5,31.7,28383833.81
10,150,5,31.8,26519202.39
10,150,5,31.9,29316149.52
10,150,5,32,28228447.86
10,150,5,32.1,28383833.81
10,150,5,32.2,29212558.89
10,150,5,32.3,28539219.76
10,150,5,32.4,28383833.81
10,150,5,32.5,28021266.59
10,150,5,32.6,26881769.61
10,150,5,32.7,26467407.08
10,150,5,32.8,26467407.08
10,150,5,32.9,24706366.29
10,150,5,33,27710494.69
10,150,5,33.1,26415611.76
10,150,5,33.2,27814085.32
10,150,5,33.3,27296132.15
10,150,5,33.4,26933564.93
10,150,5,33.5,27555108.74
10,150,5,33.6,27244336.83
10,150,5,33.7,27606904.05
10,150,5,33.8,25690477.32
10,150,5,33.9,26208430.49
10,150,5,34,22634553.6
10,150,5,34.1,24602775.66
10,150,5,34.2,26467407.08
10,150,5,34.3,22634553.6
10,150,5,34.4,26104839.86
10,150,5,34.5,27710494.69
10,150,5,34.6,26674588.34
10,150,5,34.7,25483296.05
10,150,5,34.8,24240208.44
10,150,5,34.9,26312021.12
10,150,5,35,27865880.64
10,150,5,35.1,24861752.24
10,150,5,35.2,24084822.49
10,150,5,35.3,24913547.56
10,150,5,35.4,25017138.19
10,150,5,35.5,23825845.9
10,150,5,35.6,27244336.83
10,150,5,35.7,24395594.39
10,150,5,35.8,23100711.46
10,150,5,35.9,23825845.9
10,150,5,36,25535091.37
10,150,5,36.1,27037155.56
10,150,5,36.2,25172524.15
10,150,5,36.3,24084822.49
10,150,5,36.4,22634553.6
10,150,5,36.5,24136617.8
10,150,5,36.6,24395594.39
10,150,5,36.7,24188413.12
10,150,5,36.8,22789939.56
10,150,5,36.9,24965342.88
10,150,5,37,23256097.41
10,150,5,37.1,20044787.75
10,150,5,37.2,22064805.12
10,150,5,37.3,22427372.34
10,150,5,37.4,22271986.38
10,150,5,37.5,24136617.8
10,150,5,37.6,24550980.34
10,150,5,37.7,25794067.95
10,150,5,37.8,23515074
10,150,5,37.9,20925308.14
10,150,5,38,23204302.09
10,150,5,38.1,23981231.85
10,150,5,38.2,22271986.38
10,150,5,38.3,23981231.85
10,150,5,38.4,22116600.43
10,150,5,38.5,21546851.94
10,150,5,38.6,21443261.31
10,150,5,38.7,22375577.02
10,150,5,38.8,22530962.97
10,150,5,38.9,20303764.33
10,150,5,39,21287875.36
10,150,5,39.1,22013009.8
10,150,5,39.2,22323781.7
10,150,5,39.3,23204302.09
10,150,5,39.4,20614536.24
10,150,5,39.5,23307892.73
10,150,5,39.6,18801700.13
10,150,5,39.7,20562740.92
10,150,5,39.8,19837606.48
10,150,5,39.9,20562740.92
10,150,5,40,22530962.97
10,150,5,40.1,23722255.27
10,150,5,40.2,21909419.16
10,150,5,40.3,20562740.92
10,150,5,40.4,23359688.05
10,150,5,40.5,20977103.46
10,150,5,40.6,20718126.87
10,150,5,40.7,19941197.11
10,150,5,40.8,22064805.12
10,150,5,40.9,22582758.29
10,150,5,41,23256097.41
10,150,5,41.1,22323781.7
10,150,5,41.2,21754033.21
10,150,5,41.3,20459150.28
10,150,5,41.4,20303764.33
10,150,5,41.5,21495056.63
10,150,5,41.6,21236080.04
10,150,5,41.7,20251969.01
10,150,5,41.8,20459150.28
10,150,5,41.9,21236080.04
10,150,5,42,18594518.87
10,150,5,42.1,19112472.04
10,150,5,42.2,19889401.79
10,150,5,42.3,17869384.42
10,150,5,42.4,18646314.18
10,150,5,42.5,20666331.55
10,150,5,42.6,20044787.75
10,150,5,42.7,17247840.62
10,150,5,42.8,18283746.96
10,150,5,42.9,19682220.53
10,150,5,43,18905290.77
10,150,5,43.1,20096583.06
10,150,5,43.2,19682220.53
10,150,5,43.3,20303764.33
10,150,5,43.4,19060676.72
10,150,5,43.5,18957086.09
10,150,5,43.6,19164267.35
10,150,5,43.7,20562740.92
10,150,5,43.8,20096583.06
10,150,5,43.9,20459150.28
10,150,5,44,17817589.11
10,150,5,44.1,18335542.28
10,150,5,44.2,19682220.53
10,150,5,44.3,18594518.87
10,150,5,44.4,19734015.84
10,150,5,44.5,17869384.42
10,150,5,44.6,18594518.87
10,150,5,44.7,17506817.2
10,150,5,44.8,18439132.91
10,150,5,44.9,19371448.62
10,150,5,45,18801700.13
10,150,5,45.1,17817589.11
10,150,5,45.2,17299635.94
10,150,5,45.3,17869384.42
10,150,5,45.4,18024770.38
10,150,5,45.5,16263729.59
10,150,5,45.6,16988864.03
10,150,5,45.7,18749904.82
10,150,5,45.8,18490928.23
10,150,5,45.9,17351431.25
10,150,5,46,18853495.45
10,150,5,46.1,18542723.55
10,150,5,46.2,17713998.47
10,150,5,46.3,18024770.38
10,150,5,46.4,16626296.81
10,150,5,46.5,18231951.65
10,150,5,46.6,17144249.98
10,150,5,46.7,16988864.03
10,150,5,46.8,17196045.3
10,150,5,46.9,17972975.06
10,150,5,47,17299635.94
10,150,5,47.1,16004753.01
10,150,5,47.2,17558612.52
10,150,5,47.3,17144249.98
10,150,5,47.4,16470910.86
10,150,5,47.5,17299635.94
10,150,5,47.6,17040659.35
10,150,5,47.7,16988864.03
10,150,5,47.8,17662203.16
10,150,5,47.9,16781682.76
10,150,5,48,17610407.84
10,150,5,48.1,14709870.08
10,150,5,48.2,18335542.28
10,150,5,48.3,16367320.23
10,150,5,48.4,18024770.38
10,150,5,48.5,15797571.74
10,150,5,48.6,15642185.79
10,150,5,48.7,17196045.3
10,150,5,48.8,16419115.54
10,150,5,48.9,15901162.37
10,150,5,49,16678092.13
10,150,5,49.1,17610407.84
10,150,5,49.2,17144249.98
10,150,5,49.3,15538595.15
10,150,5,49.4,17403226.57
10,150,5,49.5,16729887.45
10,150,5,49.6,15020641.98
10,150,5,49.7,17196045.3
10,150,5,49.8,17403226.57
10,150,5,49.9,15745776.42
10,150,5,50,16056548.32
10,150,5,50.1,14761665.39
10,150,5,50.2,16626296.81
10,150,5,50.3,15901162.37
10,150,5,50.4,16367320.23
10,150,5,50.5,15486799.83
10,150,5,50.6,15693981.1
10,150,5,50.7,15227823.25
10,150,5,50.8,15797571.74
10,150,5,50.9,14606279.44
10,150,5,51,16056548.32
10,150,5,51.1,16004753.01
10,150,5,51.2,16263729.59
10,150,5,51.3,15435004.52
10,150,5,51.4,14709870.08
10,150,5,51.5,14243712.22
10,150,5,51.6,15590390.47
10,150,5,51.7,16056548.32
10,150,5,51.8,16885273.4
10,150,5,51.9,15124232.61
10,150,5,52,15124232.61
10,150,5,52.1,13518577.78
10,150,5,52.2,15952957.69
10,150,5,52.3,14709870.08
10,150,5,52.4,16108343.64
10,150,5,52.5,13622168.42
10,150,5,52.6,15435004.52
10,150,5,52.7,14813460.71
10,150,5,52.8,14554484.13
10,150,5,52.9,12482671.44
10,150,5,53,16263729.59
10,150,5,53.1,15176027.93
10,150,5,53.2,16626296.81
10,150,5,53.3,14554484.13
10,150,5,53.4,13673963.73
10,150,5,53.5,14088326.27
10,150,5,53.6,15642185.79
10,150,5,53.7,13984735.64
10,150,5,53.8,14088326.27
10,150,5,53.9,13518577.78
10,150,5,54,15693981.1
10,150,5,54.1,15383209.2
10,150,5,54.2,14140121.59
10,150,5,54.3,15279618.57
10,150,5,54.4,14554484.13
10,150,5,54.5,15901162.37
10,150,5,54.6,15538595.15
10,150,5,54.7,12534466.76
10,150,5,54.8,13518577.78
10,150,5,54.9,13881145
10,150,5,55,13414987.15
10,150,5,55.1,15227823.25
10,150,5,55.2,14554484.13
10,150,5,55.3,14347302.86
10,150,5,55.4,14191916.91
10,150,5,55.5,14554484.13
10,150,5,55.6,12845238.66
10,150,5,55.7,13104215.24
10,150,5,55.8,14243712.22
10,150,5,55.9,13829349.69
10,150,5,56,15435004.52
10,150,5,56.1,14399098.17
10,150,5,56.2,13673963.73
10,150,5,56.3,12948829.29
10,150,5,56.4,13156010.56
10,150,5,56.5,12379080.8
10,150,5,56.6,12741648.02
10,150,5,56.7,13104215.24
10,150,5,56.8,12223694.85
10,150,5,56.9,12586262.07
10,150,5,57,14709870.08
10,150,5,57.1,13156010.56
10,150,5,57.2,16056548.32
10,150,5,57.3,14347302.86
10,150,5,57.4,12948829.29
10,150,5,57.5,13207805.88
10,150,5,57.6,13052419.93
10,150,5,57.7,13881145
10,150,5,57.8,12379080.8
10,150,5,57.9,13000624.61
10,150,5,58,12327285.49
10,150,5,58.1,145959203.8
10,150,5,58.2,13622168.42
10,150,5,58.3,13881145
10,150,5,58.4,14709870.08
10,150,5,58.5,12948829.29
10,150,5,58.6,13622168.42
10,150,5,58.7,13052419.93
10,150,5,58.8,12171899.54
10,150,5,58.9,12897033.98
10,150,5,59,12948829.29
10,150,5,59.1,12793443.34
10,150,5,59.2,12223694.85
10,150,5,59.3,13052419.93
10,150,5,59.4,11757537
10,150,5,59.5,234736377.4
10,150,5,59.6,11809332.32
10,150,5,59.7,13052419.93
10,150,5,59.8,11705741.68
10,150,5,59.9,12586262.07
10,150,5,60,12897033.98
10,150,5,60.1,13052419.93
10,150,5,60.2,12534466.76
10,150,5,60.3,12948829.29
10,150,5,60.4,12275490.17
10,150,5,60.5,12482671.44
10,150,5,60.6,11809332.32
10,150,5,60.7,11498560.41
10,150,5,60.8,13052419.93
10,150,5,60.9,11602151.05
10,150,5,61,13518577.78
10,150,5,61.1,10669835.34
10,150,5,61.2,12793443.34
10,150,5,61.3,12223694.85
10,150,5,61.4,11757537
10,150,5,61.5,10877016.61
10,150,5,61.6,11239583.83
10,150,5,61.7,12689852.71
10,150,5,61.8,13207805.88
10,150,5,61.9,12327285.49
10,150,5,62,10928811.92
10,150,5,62.1,12586262.07
10,150,5,62.2,12430876.12
10,150,5,62.3,12741648.02
10,150,5,62.4,10566244.7
10,150,5,62.5,11912922.95
10,150,5,62.6,11446765.1
10,150,5,62.7,11239583.83
10,150,5,62.8,12275490.17
10,150,5,62.9,12793443.34
10,150,5,63,11394969.78
10,150,5,63.1,12120104.22
10,150,5,63.2,11653946.36
10,150,5,63.3,11964718.27
10,150,5,63.4,11239583.83
10,150,5,63.5,12845238.66
10,150,5,63.6,10462654.07
10,150,5,63.7,10928811.92
10,150,5,63.8,10255472.8
10,150,5,63.9,11757537
10,150,5,64,11861127.63
10,150,5,64.1,11602151.05
10,150,5,64.2,12379080.8
10,150,5,64.3,11757537
10,150,5,64.4,11446765.1
10,150,5,64.5,10410858.75
10,150,5,64.6,11239583.83
10,150,5,64.7,10566244.7
10,150,5,64.8,10669835.34
10,150,5,64.9,11239583.83
10,150,5,65,11602151.05
10,150,5,65.1,10307268.12
10,150,5,65.2,10048291.53
10,150,5,65.3,11912922.95
10,150,5,65.4,10462654.07
10,150,5,65.5,10721630.65
10,150,5,65.6,9633928.994
10,150,5,65.7,10203677.48
10,150,5,65.8,10203677.48
10,150,5,65.9,10773425.97
10,150,5,66,12120104.22
10,150,5,66.1,11861127.63
10,150,5,66.2,11187788.51
10,150,5,66.3,10151882.17
10,150,5,66.4,11239583.83
10,150,5,66.5,12068308.9
10,150,5,66.6,9426747.726
10,150,5,66.7,10825221.29
10,150,5,66.8,10203677.48
10,150,5,66.9,9944700.897
10,150,5,67,9426747.726
10,150,5,67.1,36153131.39
10,150,5,67.2,9841110.263
10,150,5,67.3,8908794.554
10,150,5,67.4,59616410.07
10,150,5,67.5,10462654.07
10,150,5,67.6,10566244.7
10,150,5,67.7,10669835.34
10,150,5,67.8,10514449.39
10,150,5,67.9,10928811.92
10,150,5,68,10721630.65
10,150,5,68.1,10100086.85
10,150,5,68.2,10048291.53
10,150,5,68.3,9841110.263
10,150,5,68.4,11602151.05
10,150,5,68.5,10100086.85
10,150,5,68.6,11084197.88
10,150,5,68.7,10980607.24
10,150,5,68.8,10255472.8
10,150,5,68.9,10203677.48
10,150,5,69,8598022.651
10,150,5,69.1,10669835.34
10,150,5,69.2,15435004.52
10,150,5,69.3,19578629.89
10,150,5,69.4,11135993.19
10,150,5,69.5,10151882.17
10,150,5,69.6,13466782.47
10,150,5,69.7,9685724.311
10,150,5,69.8,9582133.677
10,150,5,69.9,8131864.796
10,150,5,70,9633928.994
10,150,5,70.1,9271361.774
10,150,5,70.2,8908794.554
10,150,5,70.3,9944700.897
10,150,5,70.4,8598022.651
10,150,5,70.5,8856999.237
10,150,5,70.6,9115975.823
10,150,5,70.7,9789314.946
10,150,5,70.8,9737519.629
10,150,5,70.9,8339046.065
10,150,5,71,8753408.602
10,150,5,71.1,9478543.043
10,150,5,71.2,9426747.726
10,150,5,71.3,8856999.237
10,150,5,71.4,9374952.408
10,150,5,71.5,9012385.188
10,150,5,71.6,8131864.796
10,150,5,71.7,9167771.14
10,150,5,71.8,8494432.016
10,150,5,71.9,9426747.726
10,150,5,72,8856999.237
10,150,5,72.1,7924683.528
10,150,5,72.2,9271361.774
10,150,5,72.3,8339046.065
10,150,5,72.4,7354935.039
10,150,5,72.5,10203677.48
10,150,5,72.6,8908794.554
10,150,5,72.7,8753408.602
10,150,5,72.8,8908794.554
10,150,5,72.9,8598022.651
10,150,5,73,8753408.602
10,150,5,73.1,8649817.968
10,150,5,73.2,7406730.356
10,150,5,73.3,8753408.602
10,150,5,73.4,9582133.677
10,150,5,73.5,8598022.651
10,150,5,73.6,8598022.651
10,150,5,73.7,8235455.431
10,150,5,73.8,8442636.699
10,150,5,73.9,8805203.919
10,150,5,74,9115975.823
10,150,5,74.1,9115975.823
10,150,5,74.2,9323157.091
10,150,5,74.3,8649817.968
10,150,5,74.4,8598022.651
10,150,5,74.5,9167771.14
10,150,5,74.6,9530338.36
10,150,5,74.7,8598022.651
10,150,5,74.8,7821092.893
10,150,5,74.9,8080069.479
10,150,5,75,8339046.065
10,150,5,75.1,8235455.431
10,150,5,75.2,8287250.748
10,150,5,75.3,6785186.55
10,150,5,75.4,7924683.528
10,150,5,75.5,9374952.408
10,150,5,75.6,7821092.893
10,150,5,75.7,8649817.968
10,150,5,75.8,8753408.602
10,150,5,75.9,8235455.431
10,150,5,76,6888777.184
10,150,5,76.1,8235455.431
10,150,5,76.2,8856999.237
10,150,5,76.3,8701613.285
10,150,5,76.4,9219566.457
10,150,5,76.5,8235455.431
10,150,5,76.6,8960589.871
10,150,5,76.7,7821092.893
10,150,5,76.8,9271361.774
10,150,5,76.9,8183660.113
10,150,5,77,8701613.285
10,150,5,77.1,8753408.602
10,150,5,77.2,7199549.087
10,150,5,77.3,9892905.58
10,150,5,77.4,7821092.893
10,150,5,77.5,7924683.528
10,150,5,77.6,7044163.136
10,150,5,77.7,8494432.016
10,150,5,77.8,8080069.479
10,150,5,77.9,7924683.528
10,150,5,78,6629800.598
10,150,5,78.1,8442636.699
10,150,5,78.2,7769297.576
10,150,5,78.3,7458525.673
10,150,5,78.4,6681595.915
10,150,5,78.5,7147753.77
10,150,5,78.6,7924683.528
10,150,5,78.7,6992367.818
10,150,5,78.8,7251344.404
10,150,5,78.9,8080069.479
10,150,5,79,6836981.867
10,150,5,79.1,7924683.528
10,150,5,79.2,7924683.528
10,150,5,79.3,7665706.942
10,150,5,79.4,7769297.576
10,150,5,79.5,7613911.625
10,150,5,79.6,9271361.774
10,150,5,79.7,7821092.893
10,150,5,79.8,6992367.818
10,150,5,79.9,8287250.748
10,150,5,80,8080069.479
10,150,5,80.1,7872888.21
10,150,5,80.2,8080069.479
10,150,5,80.3,7199549.087
10,150,5,80.4,7303139.721
10,150,5,80.5,7510320.99
10,150,5,80.6,7458525.673
10,150,5,80.7,7717502.259
10,150,5,80.8,7303139.721
10,150,5,80.9,6992367.818
10,150,5,81,7924683.528
10,150,5,81.1,7251344.404
10,150,5,81.2,6836981.867
10,150,5,81.3,7717502.259
10,150,5,81.4,7406730.356
10,150,5,81.5,7199549.087
10,150,5,81.6,6836981.867
10,150,5,81.7,7406730.356
10,150,5,81.8,6681595.915
10,150,5,81.9,7458525.673
10,150,5,82,7199549.087
10,150,5,82.1,6629800.598
10,150,5,82.2,8390841.382
10,150,5,82.3,7821092.893
10,150,5,82.4,6578005.281
10,150,5,82.5,7303139.721
10,150,5,82.6,7354935.039
10,150,5,82.7,7613911.625
10,150,5,82.8,8390841.382
10,150,5,82.9,6526209.964
10,150,5,83,6422619.33
10,150,5,83.1,8080069.479
10,150,5,83.2,6733391.233
10,150,5,83.3,6940572.501
10,150,5,83.4,7044163.136
10,150,5,83.5,7251344.404
10,150,5,83.6,8183660.113
10,150,5,83.7,7354935.039
10,150,5,83.8,6888777.184
10,150,5,83.9,7147753.77
10,150,5,84,7821092.893
10,150,5,84.1,6319028.695
10,150,5,84.2,7458525.673
10,150,5,84.3,7251344.404
10,150,5,84.4,6526209.964
10,150,5,84.5,6733391.233
10,150,5,84.6,6733391.233
10,150,5,84.7,7095958.453
10,150,5,84.8,6836981.867
10,150,5,84.9,8287250.748
10,150,5,85,6578005.281
10,150,5,85.1,7251344.404
10,150,5,85.2,6422619.33
10,150,5,85.3,6060052.109
10,150,5,85.4,6319028.695
10,150,5,85.5,8080069.479
10,150,5,85.6,6111847.426
10,150,5,85.7,7821092.893
10,150,5,85.8,7147753.77
10,150,5,85.9,7562116.307
10,150,5,86,6008256.792
10,150,5,86.1,7199549.087
10,150,5,86.2,6629800.598
10,150,5,86.3,7095958.453
10,150,5,86.4,7199549.087
10,150,5,86.5,7044163.136
10,150,5,86.6,7458525.673
10,150,5,86.7,7562116.307
10,150,5,86.8,6526209.964
10,150,5,86.9,6319028.695
10,150,5,87,7044163.136
10,150,5,87.1,6267233.378
10,150,5,87.2,6836981.867
10,150,5,87.3,6215438.061
10,150,5,87.4,6267233.378
10,150,5,87.5,6681595.915
10,150,5,87.6,6111847.426
10,150,5,87.7,6060052.109
10,150,5,87.8,6629800.598
10,150,5,87.9,6163642.744
10,150,5,88,5749280.206
10,150,5,88.1,6888777.184
10,150,5,88.2,6526209.964
10,150,5,88.3,6733391.233
10,150,5,88.4,6888777.184
10,150,5,88.5,7717502.259
10,150,5,88.6,6733391.233
10,150,5,88.7,6578005.281
10,150,5,88.8,6681595.915
10,150,5,88.9,6370824.012
10,150,5,89,6111847.426
10,150,5,89.1,6215438.061
10,150,5,89.2,5749280.206
10,150,5,89.3,5904666.158
10,150,5,89.4,7665706.942
10,150,5,89.5,6267233.378
10,150,5,89.6,6215438.061
10,150,5,89.7,6629800.598
10,150,5,89.8,5697484.889
10,150,5,89.9,5904666.158
10,150,5,90,6629800.598
10,150,5,90.1,7147753.77
10,150,5,90.2,7406730.356
10,150,5,90.3,6163642.744
10,150,5,90.4,5542098.938
10,150,5,90.5,5542098.938
10,150,5,90.6,6785186.55
10,150,5,90.7,6111847.426
10,150,5,90.8,6111847.426
10,150,5,90.9,5956461.475
10,150,5,91,5697484.889
10,150,5,91.1,6422619.33
10,150,5,91.2,6319028.695
10,150,5,91.3,6060052.109
10,150,5,91.4,6888777.184
10,150,5,91.5,5749280.206
10,150,5,91.6,5490303.62
10,150,5,91.7,5490303.62
10,150,5,91.8,6526209.964
10,150,5,91.9,6008256.792
10,150,5,92,5852870.841
10,150,5,92.1,6422619.33
10,150,5,92.2,5801075.523
10,150,5,92.3,5438508.303
10,150,5,92.4,6785186.55
10,150,5,92.5,5438508.303
10,150,5,92.6,5852870.841
10,150,5,92.7,5645689.572
10,150,5,92.8,6111847.426
10,150,5,92.9,5075941.083
10,150,5,93,5956461.475
10,150,5,93.1,6163642.744
10,150,5,93.2,5438508.303
10,150,5,93.3,6578005.281
10,150,5,93.4,4972350.449
10,150,5,93.5,6060052.109
10,150,5,93.6,5334917.669
10,150,5,93.7,6163642.744
10,150,5,93.8,6526209.964
10,150,5,93.9,6267233.378
10,150,5,94,4713373.863
10,150,5,94.1,6578005.281
10,150,5,94.2,6111847.426
10,150,5,94.3,6267233.378
10,150,5,94.4,6111847.426
10,150,5,94.5,5593894.255
10,150,5,94.6,5749280.206
10,150,5,94.7,5645689.572
10,150,5,94.8,4765169.18
10,150,5,94.9,4816964.497
10,150,5,95,5801075.523
10,150,5,95.1,5179531.717
10,150,5,95.2,5490303.62
10,150,5,95.3,5697484.889
10,150,5,95.4,5697484.889
10,150,5,95.5,5542098.938
10,150,5,95.6,5801075.523
10,150,5,95.7,6060052.109
10,150,5,95.8,4661578.546
10,150,5,95.9,5334917.669
10,150,5,96,7044163.136
10,150,5,96.1,5801075.523
10,150,5,96.2,6215438.061
10,150,5,96.3,5283122.352
10,150,5,96.4,5801075.523
10,150,5,96.5,5542098.938
10,150,5,96.6,5386712.986
10,150,5,96.7,4816964.497
10,150,5,96.8,6163642.744
10,150,5,96.9,4609783.228
10,150,5,97,6111847.426
10,150,5,97.1,5852870.841
10,150,5,97.2,5593894.255
10,150,5,97.3,4557987.911
10,150,5,97.4,4816964.497
10,150,5,97.5,5231327.035
10,150,5,97.6,5749280.206
10,150,5,97.7,5749280.206
10,150,5,97.8,4920555.131
10,150,5,97.9,5283122.352
10,150,5,98,4816964.497
10,150,5,98.1,6163642.744
10,150,5,98.2,5490303.62
10,150,5,98.3,5490303.62
10,150,5,98.4,5075941.083
10,150,5,98.5,5024145.766
10,150,5,98.6,4972350.449
10,150,5,98.7,5645689.572
10,150,5,98.8,4713373.863
10,150,5,98.9,6422619.33
10,150,5,99,5231327.035
10,150,5,99.1,4920555.131
10,150,5,99.2,4713373.863
10,150,5,99.3,5283122.352
10,150,5,99.4,4506192.594
10,150,5,99.5,5904666.158
10,150,5,99.6,4091830.057
10,150,5,99.7,5697484.889
10,150,5,99.8,5075941.083
10,150,5,99.9,4299011.325
10,150,5,100,5490303.62
10,150,5,100.1,4506192.594
10,150,5,100.2,5334917.669
10,150,5,100.3,5438508.303
10,150,5,100.4,5075941.083
10,150,5,100.5,5490303.62
10,150,5,100.6,4713373.863
10,150,5,100.7,4195420.691
10,150,5,100.8,4506192.594
10,150,5,100.9,4609783.228
10,150,5,101,5024145.766
10,150,5,101.1,5334917.669
10,150,5,101.2,5231327.035
10,150,5,101.3,4454397.277
10,150,5,101.4,4816964.497
10,150,5,101.5,4195420.691
10,150,5,101.6,4350806.643
10,150,5,101.7,4609783.228
10,150,5,101.8,5024145.766
10,150,5,101.9,5127736.4
10,150,5,102,5593894.255
10,150,5,102.1,4765169.18
10,150,5,102.2,4454397.277
10,150,5,102.3,4713373.863
10,150,5,102.4,5386712.986
10,150,5,102.5,4195420.691
10,150,5,102.6,5024145.766
10,150,5,102.7,5075941.083
10,150,5,102.8,4972350.449
10,150,5,102.9,4609783.228
10,150,5,103,5231327.035
10,150,5,103.1,5801075.523
10,150,5,103.2,5231327.035
10,150,5,103.3,4402601.96
10,150,5,103.4,4506192.594
10,150,5,103.5,4454397.277
10,150,5,103.6,5179531.717
10,150,5,103.7,5542098.938
10,150,5,103.8,4609783.228
10,150,5,103.9,4299011.325
10,150,5,104,5024145.766
10,150,5,104.1,4920555.131
10,150,5,104.2,5490303.62
10,150,5,104.3,5179531.717
10,150,5,104.4,4040034.74
10,150,5,104.5,3677467.519
10,150,5,104.6,4195420.691
10,150,5,104.7,5490303.62
10,150,5,104.8,4609783.228
10,150,5,104.9,4506192.594
10,150,5,105,4557987.911
10,150,5,105.1,4091830.057
10,150,5,105.2,4247216.008
10,150,5,105.3,3936444.105
10,150,5,105.4,4299011.325
10,150,5,105.5,5593894.255
10,150,5,105.6,5542098.938
10,150,5,105.7,4195420.691
10,150,5,105.8,3573876.885
10,150,5,105.9,4143625.374
10,150,5,106,4713373.863
10,150,5,106.1,4299011.325
10,150,5,106.2,4765169.18
10,150,5,106.3,4765169.18
10,150,5,106.4,4713373.863
10,150,5,106.5,4195420.691
10,150,5,106.6,4609783.228
10,150,5,106.7,4506192.594
10,150,5,106.8,3573876.885
10,150,5,106.9,5283122.352
10,150,5,107,3573876.885
10,150,5,107.1,4765169.18
10,150,5,107.2,4506192.594
10,150,5,107.3,4091830.057
10,150,5,107.4,4143625.374
10,150,5,107.5,4557987.911
10,150,5,107.6,4091830.057
10,150,5,107.7,4816964.497
10,150,5,107.8,4040034.74
10,150,5,107.9,3729262.836
10,150,5,108,4506192.594
10,150,5,108.1,3677467.519
10,150,5,108.2,4350806.643
10,150,5,108.3,3884648.788
10,150,5,108.4,4454397.277
10,150,5,108.5,4299011.325
10,150,5,108.6,4247216.008
10,150,5,108.7,4247216.008
10,150,5,108.8,4609783.228
10,150,5,108.9,4765169.18
10,150,5,109,4350806.643
10,150,5,109.1,4765169.18
10,150,5,109.2,4920555.131
10,150,5,109.3,3832853.471
10,150,5,109.4,3573876.885
10,150,5,109.5,4557987.911
10,150,5,109.6,3625672.202
10,150,5,109.7,4816964.497
10,150,5,109.8,3418490.933
10,150,5,109.9,4765169.18
10,150,5,110,3418490.933
10,150,5,110.1,3677467.519
10,150,5,110.2,3988239.422
10,150,5,110.3,4247216.008
10,150,5,110.4,4040034.74
10,150,5,110.5,3677467.519
10,150,5,110.6,3781058.154
10,150,5,110.7,3522081.568
10,150,5,110.8,4350806.643
10,150,5,110.9,4350806.643
10,150,5,111,3677467.519
10,150,5,111.1,4040034.74
10,150,5,111.2,4143625.374
10,150,5,111.3,3832853.471
10,150,5,111.4,4040034.74
10,150,5,111.5,3107719.03
10,150,5,111.6,4143625.374
10,150,5,111.7,4506192.594
10,150,5,111.8,4091830.057
10,150,5,111.9,3729262.836
10,150,5,112,3988239.422
10,150,5,112.1,3677467.519
10,150,5,112.2,4143625.374
10,150,5,112.3,3263104.982
10,150,5,112.4,3211309.665
10,150,5,112.5,3625672.202
10,150,5,112.6,3832853.471
10,150,5,112.7,3988239.422
10,150,5,112.8,3211309.665
10,150,5,112.9,3418490.933
10,150,5,113,3263104.982
10,150,5,113.1,3573876.885
10,150,5,113.2,3470286.251
10,150,5,113.3,4195420.691
10,150,5,113.4,3988239.422
10,150,5,113.5,4091830.057
10,150,5,113.6,4091830.057
10,150,5,113.7,3729262.836
10,150,5,113.8,3936444.105
10,150,5,113.9,4350806.643
10,150,5,114,3936444.105
10,150,5,114.1,4091830.057
10,150,5,114.2,3159514.348
10,150,5,114.3,4143625.374
10,150,5,114.4,4040034.74
10,150,5,114.5,3729262.836
10,150,5,114.6,3314900.299
10,150,5,114.7,3729262.836
10,150,5,114.8,3781058.154
10,150,5,114.9,3884648.788
10,150,5,115,3988239.422
10,150,5,115.1,3211309.665
10,150,5,115.2,3573876.885
10,150,5,115.3,3522081.568
10,150,5,115.4,3781058.154
10,150,5,115.5,4402601.96
10,150,5,115.6,4040034.74
10,150,5,115.7,3263104.982
10,150,5,115.8,3625672.202
10,150,5,115.9,3729262.836
10,150,5,116,3781058.154
10,150,5,116.1,3884648.788
10,150,5,116.2,3159514.348
10,150,5,116.3,3522081.568
10,150,5,116.4,3314900.299
10,150,5,116.5,4040034.74
10,150,5,116.6,4247216.008
10,150,5,116.7,3418490.933
10,150,5,116.8,3573876.885
10,150,5,116.9,3832853.471
10,150,5,117,2641561.176
10,150,5,117.1,3107719.03
10,150,5,117.2,2900537.762
10,150,5,117.3,3470286.251
10,150,5,117.4,3055923.713
10,150,5,117.5,4040034.74
10,150,5,117.6,3004128.396
10,150,5,117.7,4350806.643
10,150,5,117.8,3314900.299
10,150,5,117.9,2745151.81
10,150,5,118,3781058.154
10,150,5,118.1,3573876.885
10,150,5,118.2,4091830.057
10,150,5,118.3,3159514.348
10,150,5,118.4,3366695.616
10,150,5,118.5,3470286.251
10,150,5,118.6,3522081.568
10,150,5,118.7,3366695.616
10,150,5,118.8,2796947.127
10,150,5,118.9,4091830.057
10,150,5,119,3107719.03
10,150,5,119.1,3314900.299
10,150,5,119.2,2900537.762
10,150,5,119.3,3314900.299
10,150,5,119.4,3366695.616
10,150,5,119.5,3988239.422
10,150,5,119.6,3004128.396
10,150,5,119.7,3211309.665
10,150,5,119.8,3263104.982
10,150,5,119.9,3418490.933
10,150,5,120,2486175.224
10,150,5,120.1,2900537.762
10,150,5,120.2,3159514.348
10,150,5,120.3,3263104.982
10,150,5,120.4,3004128.396
10,150,5,120.5,3314900.299
10,150,5,120.6,3263104.982
10,150,5,120.7,3729262.836
10,150,5,120.8,3263104.982
10,150,5,120.9,3418490.933
10,150,5,121,3107719.03
10,150,5,121.1,3159514.348
10,150,5,121.2,2589765.859
10,150,5,121.3,3004128.396
10,150,5,121.4,3470286.251
10,150,5,121.5,3366695.616
10,150,5,121.6,3470286.251
10,150,5,121.7,3055923.713
10,150,5,121.8,2434379.907
10,150,5,121.9,3729262.836
10,150,5,122,3211309.665
10,150,5,122.1,3781058.154
10,150,5,122.2,2537970.542
10,150,5,122.3,2745151.81
10,150,5,122.4,2952333.079
10,150,5,122.5,2641561.176
10,150,5,122.6,2848742.445
10,150,5,122.7,2848742.445
10,150,5,122.8,2745151.81
10,150,5,122.9,3159514.348
10,150,5,123,3729262.836
10,150,5,123.1,3107719.03
10,150,5,123.2,2952333.079
10,150,5,123.3,2693356.493
10,150,5,123.4,3159514.348
10,150,5,123.5,3625672.202
10,150,5,123.6,2900537.762
10,150,5,123.7,2900537.762
10,150,5,123.8,2848742.445
10,150,5,123.9,3211309.665
10,150,5,124,2537970.542
10,150,5,124.1,3055923.713
10,150,5,124.2,2900537.762
10,150,5,124.3,2796947.127
10,150,5,124.4,3314900.299
10,150,5,124.5,2796947.127
10,150,5,124.6,3832853.471
10,150,5,124.7,2641561.176
10,150,5,124.8,2486175.224
10,150,5,124.9,3004128.396
10,150,5,125,2745151.81
10,150,5,125.1,2641561.176
10,150,5,125.2,2848742.445
10,150,5,125.3,2486175.224
10,150,5,125.4,2537970.542
10,150,5,125.5,2641561.176
10,150,5,125.6,2745151.81
10,150,5,125.7,3055923.713
10,150,5,125.8,2745151.81
10,150,5,125.9,2848742.445
10,150,5,126,3366695.616
10,150,5,126.1,3004128.396
10,150,5,126.2,2020017.37
10,150,5,126.3,2796947.127
10,150,5,126.4,2745151.81
10,150,5,126.5,2537970.542
10,150,5,126.6,2434379.907
10,150,5,126.7,2641561.176
10,150,5,126.8,2278993.956
10,150,5,126.9,2745151.81
10,150,5,127,3263104.982
10,150,5,127.1,1916426.735
10,150,5,127.2,2175403.321
10,150,5,127.3,2848742.445
10,150,5,127.4,2278993.956
10,150,5,127.5,3004128.396
10,150,5,127.6,2123608.004
10,150,5,127.7,2589765.859
10,150,5,127.8,3107719.03
10,150,5,127.9,2693356.493
10,150,5,128,2745151.81
10,150,5,128.1,2227198.638
10,150,5,128.2,2745151.81
10,150,5,128.3,2330789.273
10,150,5,128.4,2848742.445
10,150,5,128.5,3055923.713
10,150,5,128.6,2537970.542
10,150,5,128.7,3107719.03
10,150,5,128.8,2486175.224
10,150,5,128.9,2071812.687
10,150,5,129,2227198.638
10,150,5,129.1,2278993.956
10,150,5,129.2,2434379.907
10,150,5,129.3,2175403.321
10,150,5,129.4,1709245.467
10,150,5,129.5,2848742.445
10,150,5,129.6,2227198.638
10,150,5,129.7,2693356.493
10,150,5,129.8,3055923.713
10,150,5,129.9,2071812.687
10,150,5,130,2796947.127
10,150,5,130.1,2227198.638
10,150,5,130.2,2589765.859
10,150,5,130.3,2071812.687
10,150,5,130.4,2848742.445
10,150,5,130.5,2330789.273
10,150,5,130.6,3055923.713
10,150,5,130.7,1864631.418
10,150,5,130.8,2537970.542
10,150,5,130.9,2900537.762
10,150,5,131,2693356.493
10,150,5,131.1,2123608.004
10,150,5,131.2,2175403.321
10,150,5,131.3,2434379.907
10,150,5,131.4,2330789.273
10,150,5,131.5,2330789.273
10,150,5,131.6,2071812.687
10,150,5,131.7,2175403.321
10,150,5,131.8,1709245.467
10,150,5,131.9,2486175.224
10,150,5,132,3055923.713
10,150,5,132.1,2071812.687
10,150,5,132.2,2227198.638
10,150,5,132.3,1864631.418
10,150,5,132.4,1761040.784
10,150,5,132.5,2537970.542
10,150,5,132.6,2071812.687
10,150,5,132.7,2641561.176
10,150,5,132.8,2796947.127
10,150,5,132.9,2537970.542
10,150,5,133,2123608.004
10,150,5,133.1,2123608.004
10,150,5,133.2,1709245.467
10,150,5,133.3,2123608.004
10,150,5,133.4,1709245.467
10,150,5,133.5,1916426.735
10,150,5,133.6,2227198.638
10,150,5,133.7,1864631.418
10,150,5,133.8,1709245.467
10,150,5,133.9,2175403.321
10,150,5,134,1864631.418
10,150,5,134.1,1761040.784
10,150,5,134.2,1761040.784
10,150,5,134.3,2486175.224
10,150,5,134.4,2175403.321
10,150,5,134.5,1968222.053
10,150,5,134.6,1605654.832
10,150,5,134.7,1605654.832
10,150,5,134.8,2227198.638
10,150,5,134.9,1605654.832
10,150,5,135,1761040.784
10,150,5,135.1,1502064.198
10,150,5,135.2,2278993.956
10,150,5,135.3,2071812.687
10,150,5,135.4,1812836.101
10,150,5,135.5,1812836.101
10,150,5,135.6,2020017.37
10,150,5,135.7,1761040.784
10,150,5,135.8,1761040.784
10,150,5,135.9,1553859.515
10,150,5,136,1709245.467
10,150,5,136.1,1502064.198
10,150,5,136.2,2020017.37
10,150,5,136.3,1294882.929
10,150,5,136.4,1450268.881
10,150,5,136.5,2382584.59
10,150,5,136.6,1657450.15
10,150,5,136.7,1553859.515
10,150,5,136.8,1709245.467
10,150,5,136.9,1864631.418
10,150,5,137,2020017.37
10,150,5,137.1,1812836.101
10,150,5,137.2,1916426.735
10,150,5,137.3,1398473.564
10,150,5,137.4,1398473.564
10,150,5,137.5,1553859.515
10,150,5,137.6,1812836.101
10,150,5,137.7,1968222.053
10,150,5,137.8,1761040.784
10,150,5,137.9,1398473.564
10,150,5,138,2071812.687
10,150,5,138.1,1812836.101
10,150,5,138.2,1294882.929
10,150,5,138.3,1657450.15
10,150,5,138.4,1346678.247
10,150,5,138.5,1709245.467
10,150,5,138.6,1812836.101
10,150,5,138.7,1968222.053
10,150,5,138.8,2123608.004
10,150,5,138.9,2123608.004
10,150,5,139,1294882.929
10,150,5,139.1,1657450.15
10,150,5,139.2,2020017.37
10,150,5,139.3,1398473.564
10,150,5,139.4,932315.7091
10,150,5,139.5,1709245.467
10,150,5,139.6,1346678.247
10,150,5,139.7,1346678.247
10,150,5,139.8,1398473.564
10,150,5,139.9,1398473.564
10,150,5,140,1398473.564
10,150,5,140.1,1502064.198
10,150,5,140.2,1864631.418
10,150,5,140.3,1191292.295
10,150,5,140.4,1502064.198
10,150,5,140.5,1709245.467
10,150,5,140.6,1243087.612
10,150,5,140.7,1605654.832
10,150,5,140.8,1139496.978
10,150,5,140.9,1243087.612
10,150,5,141,828725.0748
10,150,5,141.1,932315.7091
10,150,5,141.2,984111.0263
10,150,5,141.3,932315.7091
10,150,5,141.4,1346678.247
10,150,5,141.5,1191292.295
10,150,5,141.6,1035906.343
10,150,5,141.7,1294882.929
10,150,5,141.8,984111.0263
10,150,5,141.9,1346678.247
10,150,5,142,880520.3919
10,150,5,142.1,932315.7091
10,150,5,142.2,828725.0748
10,150,5,142.3,880520.3919
10,150,5,142.4,1191292.295
10,150,5,142.5,1139496.978
10,150,5,142.6,1035906.343
10,150,5,142.7,1035906.343
10,150,5,142.8,1035906.343
10,150,5,142.9,1087701.661
10,150,5,143,1035906.343
10,150,5,143.1,776929.7576
10,150,5,143.2,984111.0263
10,150,5,143.3,673339.1233
10,150,5,143.4,1243087.612
10,150,5,143.5,932315.7091
10,150,5,143.6,880520.3919
10,150,5,143.7,932315.7091
10,150,5,143.8,725134.4404
10,150,5,143.9,725134.4404
10,150,5,144,880520.3919
10,150,5,144.1,880520.3919
10,150,5,144.2,932315.7091
10,150,5,144.3,1139496.978
10,150,5,144.4,1294882.929
10,150,5,144.5,621543.8061
10,150,5,144.6,621543.8061
10,150,5,144.7,828725.0748
10,150,5,144.8,984111.0263
10,150,5,144.9,932315.7091
10,150,5,145,673339.1233
10,150,5,145.1,725134.4404
10,150,5,145.2,621543.8061
10,150,5,145.3,984111.0263
10,150,5,145.4,673339.1233
10,150,5,145.5,1035906.343
10,150,5,145.6,776929.7576
10,150,5,145.7,828725.0748
10,150,5,145.8,362567.2202
10,150,5,145.9,776929.7576
10,150,5,146,466157.8546
10,150,5,146.1,828725.0748
10,150,5,146.2,828725.0748
10,150,5,146.3,466157.8546
10,150,5,146.4,673339.1233
10,150,5,146.5,725134.4404
10,150,5,146.6,776929.7576
10,150,5,146.7,517953.1717
10,150,5,146.8,828725.0748
10,150,5,146.9,725134.4404
10,150,5,147,673339.1233
10,150,5,147.1,880520.3919
10,150,5,147.2,414362.5374
10,150,5,147.3,569748.4889
10,150,5,147.4,466157.8546
10,150,5,147.5,466157.8546
10,150,5,147.6,466157.8546
10,150,5,147.7,569748.4889
10,150,5,147.8,569748.4889
10,150,5,147.9,310771.903
10,150,5,148,466157.8546
10,150,5,148.1,414362.5374
10,150,5,148.2,725134.4404
10,150,5,148.3,466157.8546
10,150,5,148.4,207181.2687
10,150,5,148.5,207181.2687
10,150,5,148.6,103590.6343
10,150,5,148.7,258976.5859
10,150,5,148.8,310771.903
10,150,5,148.9,310771.903
10,150,5,149,310771.903
10,150,5,149.1,414362.5374
10,150,5,149.2,258976.5859
10,150,5,149.3,103590.6343
10,150,5,149.4,103590.6343
10,150,5,149.5,155385.9515
10,150,5,149.7,51795.31717
10,150,5,149.8,51795.31717
10,150,5,149.9,51795.31717
10,40,7,4.1,17095.83998
10,40,7,4.7,17095.83998
10,40,7,5,17095.83998
10,40,7,5.1,51287.51995
10,40,7,5.2,34191.67996
10,40,7,5.3,68383.35993
10,40,7,5.4,17095.83998
10,40,7,5.5,153862.5598
10,40,7,5.6,119670.8799
10,40,7,5.7,102575.0399
10,40,7,5.8,222245.9198
10,40,7,5.9,205150.0798
10,40,7,6,222245.9198
10,40,7,6.1,359012.6396
10,40,7,6.2,547066.8794
10,40,7,6.3,598354.3994
10,40,7,6.4,666737.7593
10,40,7,6.5,683833.5993
10,40,7,6.6,1025750.399
10,40,7,6.7,1128325.439
10,40,7,6.8,1247996.319
10,40,7,6.9,1196708.799
10,40,7,7,1607008.958
10,40,7,7.1,1914734.078
10,40,7,7.2,2119884.158
10,40,7,7.3,2684046.877
10,40,7,7.4,7676032.152
10,40,7,7.5,2495992.637
10,40,7,7.6,3077251.197
10,40,7,7.7,3350784.636
10,40,7,7.8,3384976.316
10,40,7,7.9,4000426.556
10,40,7,8,4034618.236
10,40,7,8.1,4598780.955
10,40,7,8.2,4581685.115
10,40,7,8.3,24002559.33
10,40,7,8.4,185028276.1
10,40,7,8.5,5282614.554
10,40,7,8.6,5368093.754
10,40,7,8.7,6086119.034
10,40,7,8.8,9265945.27
10,40,7,8.9,6428035.833
10,40,7,9,7898278.072
10,40,7,9.1,7026390.233
10,40,7,9.2,6735760.953
10,40,7,9.3,7641840.472
10,40,7,9.4,8035044.792
10,40,7,9.5,18189973.74
10,40,7,9.6,12941550.87
10,40,7,9.7,151691388.2
10,40,7,9.8,23028096.46
10,40,7,9.9,17198415.02
10,40,7,10,78025413.68
10,40,7,10.1,10821666.71
10,40,7,10.2,8154715.671
10,40,7,10.3,1743775.678
10,40,7,10.4,2136979.998
10,40,7,10.5,2188267.518
10,40,7,10.6,2290842.558
10,40,7,10.7,1948925.758
10,40,7,10.8,2273746.718
10,40,7,10.9,2581471.837
10,40,7,11,2752430.237
10,40,7,11.1,2803717.757
10,40,7,11.2,2820813.597
10,40,7,11.3,13454426.07
10,40,7,11.4,2855005.277
10,40,7,11.5,3008867.837
10,40,7,11.6,2701142.717
10,40,7,11.7,2564375.997
10,40,7,11.8,1487338.078
10,40,7,11.9,1948925.758
10,40,7,12,2273746.718
10,40,7,12.1,1521529.758
10,40,7,12.2,1350571.359
10,40,7,12.3,991558.719
10,40,7,12.4,1641200.638
10,40,7,12.5,1538625.598
10,40,7,12.6,1607008.958
10,40,7,12.7,1812159.038
10,40,7,12.8,1624104.798
10,40,7,12.9,1726679.838
10,40,7,13,1795063.198
10,40,7,13.1,1743775.678
10,40,7,13.2,2017309.118
10,40,7,13.3,2000213.278
10,40,7,13.4,1897638.238
10,40,7,13.5,2256650.878
10,40,7,13.6,2444705.117
10,40,7,13.7,2666951.037
10,40,7,13.8,2649855.197
10,40,7,13.9,3145634.557
10,40,7,14,2735334.397
10,40,7,14.1,2974676.157
10,40,7,14.2,2393417.597
10,40,7,14.3,3043059.517
10,40,7,14.4,2991771.997
10,40,7,14.5,2940484.477
10,40,7,14.6,2837909.437
10,40,7,14.7,2837909.437
10,40,7,14.8,3555934.716
10,40,7,14.9,3555934.716
10,40,7,15,3436263.836
10,40,7,15.1,3880755.676
10,40,7,15.2,3829468.156
10,40,7,15.3,3436263.836
10,40,7,15.4,3880755.676
10,40,7,15.5,3966234.876
10,40,7,15.6,3829468.156
10,40,7,15.7,4000426.556
10,40,7,15.8,3863659.836
10,40,7,15.9,3453359.676
10,40,7,16,4068809.916
10,40,7,16.1,4342343.355
10,40,7,16.2,3966234.876
10,40,7,16.3,4120097.436
10,40,7,16.4,4393630.875
10,40,7,16.5,4085905.756
10,40,7,16.6,4410726.715
10,40,7,16.7,4803931.035
10,40,7,16.8,4513301.755
10,40,7,16.9,4462014.235
10,40,7,17,4376535.035
10,40,7,17.1,4650068.475
10,40,7,17.2,4667164.315
10,40,7,17.3,4701355.995
10,40,7,17.4,5026176.955
10,40,7,17.5,5026176.955
10,40,7,17.6,4701355.995
10,40,7,17.7,4735547.675
10,40,7,17.8,5026176.955
10,40,7,17.9,5094560.315
10,40,7,18,5060368.635
10,40,7,18.1,4923601.915
10,40,7,18.2,5316806.234
10,40,7,18.3,5026176.955
10,40,7,18.4,5504860.474
10,40,7,18.5,6017735.674
10,40,7,18.6,5111656.155
10,40,7,18.7,5043272.795
10,40,7,18.8,5094560.315
10,40,7,18.9,5624531.354
10,40,7,19,5197135.355
10,40,7,19.1,6034831.514
10,40,7,19.2,5214231.195
10,40,7,19.3,5658723.034
10,40,7,19.4,5180039.515
10,40,7,19.5,5692914.714
10,40,7,19.6,5812585.594
10,40,7,19.7,5470668.794
10,40,7,19.8,5402285.434
10,40,7,19.9,5778393.914
10,40,7,20,5880968.954
10,40,7,20.1,5299710.394
10,40,7,20.2,6051927.354
10,40,7,20.3,5180039.515
10,40,7,20.4,5299710.394
10,40,7,20.5,6154502.394
10,40,7,20.6,5214231.195
10,40,7,20.7,5487764.634
10,40,7,20.8,5641627.194
10,40,7,20.9,5795489.754
10,40,7,21,5624531.354
10,40,7,21.1,6154502.394
10,40,7,21.2,5504860.474
10,40,7,21.3,6257077.433
10,40,7,21.4,6359652.473
10,40,7,21.5,5521956.314
10,40,7,21.6,6205789.914
10,40,7,21.7,5419381.274
10,40,7,21.8,6069023.194
10,40,7,21.9,6445131.673
10,40,7,22,5863873.114
10,40,7,22.1,5692914.714
10,40,7,22.2,5710010.554
10,40,7,22.3,5487764.634
10,40,7,22.4,5436477.114
10,40,7,22.5,5556147.994
10,40,7,22.6,5316806.234
10,40,7,22.7,4872314.395
10,40,7,22.8,5761298.074
10,40,7,22.9,5248422.875
10,40,7,23,5778393.914
10,40,7,23.1,5607435.514
10,40,7,23.2,4991985.275
10,40,7,23.3,5692914.714
10,40,7,23.4,5111656.155
10,40,7,23.5,4581685.115
10,40,7,23.6,5778393.914
10,40,7,23.7,4684260.155
10,40,7,23.8,4735547.675
10,40,7,23.9,4923601.915
10,40,7,24,5231327.035
10,40,7,24.1,5350997.914
10,40,7,24.2,5111656.155
10,40,7,24.3,4735547.675
10,40,7,24.4,5539052.154
10,40,7,24.5,5521956.314
10,40,7,24.6,4855218.555
10,40,7,24.7,5368093.754
10,40,7,24.8,5128751.995
10,40,7,24.9,5145847.835
10,40,7,25,5214231.195
10,40,7,25.1,4889410.235
10,40,7,25.2,4667164.315
10,40,7,25.3,5248422.875
10,40,7,25.4,4735547.675
10,40,7,25.5,4940697.755
10,40,7,25.6,4769739.355
10,40,7,25.7,5231327.035
10,40,7,25.8,5299710.394
10,40,7,25.9,4752643.515
10,40,7,26,4821026.875
10,40,7,26.1,4821026.875
10,40,7,26.2,4906506.075
10,40,7,26.3,4718451.835
10,40,7,26.4,4769739.355
10,40,7,26.5,4547493.435
10,40,7,26.6,5145847.835
10,40,7,26.7,5299710.394
10,40,7,26.8,4769739.355
10,40,7,26.9,4598780.955
10,40,7,27,4171384.956
10,40,7,27.1,5026176.955
10,40,7,27.2,4684260.155
10,40,7,27.3,4547493.435
10,40,7,27.4,4359439.195
10,40,7,27.5,4256864.156
10,40,7,27.6,4427822.555
10,40,7,27.7,5162943.675
10,40,7,27.8,4615876.795
10,40,7,27.9,4188480.796
10,40,7,28,4393630.875
10,40,7,28.1,4359439.195
10,40,7,28.2,4393630.875
10,40,7,28.3,4273959.996
10,40,7,28.4,4581685.115
10,40,7,28.5,4273959.996
10,40,7,28.6,4410726.715
10,40,7,28.7,4581685.115
10,40,7,28.8,4359439.195
10,40,7,28.9,4701355.995
10,40,7,29,4376535.035
10,40,7,29.1,4273959.996
10,40,7,29.2,4154289.116
10,40,7,29.3,3897851.516
10,40,7,29.4,4342343.355
10,40,7,29.5,4444918.395
10,40,7,29.6,3726893.116
10,40,7,29.7,3521743.036
10,40,7,29.8,3983330.716
10,40,7,29.9,3966234.876
10,40,7,30,3932043.196
10,40,7,30.1,4239768.316
10,40,7,30.2,3880755.676
10,40,7,30.3,3590126.396
10,40,7,30.4,3949139.036
10,40,7,30.5,3863659.836
10,40,7,30.6,3761084.796
10,40,7,30.7,3880755.676
10,40,7,30.8,3538838.876
10,40,7,30.9,3470455.516
10,40,7,31,3196922.077
10,40,7,31.1,3470455.516
10,40,7,31.2,3812372.316
10,40,7,31.3,3402072.156
10,40,7,31.4,2957580.317
10,40,7,31.5,2752430.237
10,40,7,31.6,3333688.797
10,40,7,31.7,3179826.237
10,40,7,31.8,3709797.276
10,40,7,31.9,3094347.037
10,40,7,32,2991771.997
10,40,7,32.1,3248209.597
10,40,7,32.2,3402072.156
10,40,7,32.3,3196922.077
10,40,7,32.4,3128538.717
10,40,7,32.5,2974676.157
10,40,7,32.6,3077251.197
10,40,7,32.7,2786621.917
10,40,7,32.8,2735334.397
10,40,7,32.9,2906292.797
10,40,7,33,2906292.797
10,40,7,33.1,2478896.797
10,40,7,33.2,2889196.957
10,40,7,33.3,2855005.277
10,40,7,33.4,2889196.957
10,40,7,33.5,2410513.437
10,40,7,33.6,2906292.797
10,40,7,33.7,2786621.917
10,40,7,33.8,2752430.237
10,40,7,33.9,2735334.397
10,40,7,34,2649855.197
10,40,7,34.1,2444705.117
10,40,7,34.2,2136979.998
10,40,7,34.3,2547280.157
10,40,7,34.4,2530184.317
10,40,7,34.5,2307938.398
10,40,7,34.6,2188267.518
10,40,7,34.7,2085692.478
10,40,7,34.8,2325034.238
10,40,7,34.9,2444705.117
10,40,7,35,2307938.398
10,40,7,35.1,2136979.998
10,40,7,35.2,2359225.918
10,40,7,35.3,2102788.318
10,40,7,35.4,2119884.158
10,40,7,35.5,2136979.998
10,40,7,35.6,1880542.398
10,40,7,35.7,2273746.718
10,40,7,35.8,1760871.518
10,40,7,35.9,2188267.518
10,40,7,36,1812159.038
10,40,7,36.1,1880542.398
10,40,7,36.2,1709583.998
10,40,7,36.3,1846350.718
10,40,7,36.4,1589913.118
10,40,7,36.5,1743775.678
10,40,7,36.6,1726679.838
10,40,7,36.7,1453146.398
10,40,7,36.8,1538625.598
10,40,7,36.9,1692488.158
10,40,7,37,1572817.278
10,40,7,37.1,1230900.479
10,40,7,37.2,1316379.679
10,40,7,37.3,1230900.479
10,40,7,37.4,1111229.599
10,40,7,37.5,1213804.639
10,40,7,37.6,1316379.679
10,40,7,37.7,1333475.519
10,40,7,37.8,1128325.439
10,40,7,37.9,1128325.439
10,40,7,38,1042846.239
10,40,7,38.1,1128325.439
10,40,7,38.2,1094133.759
10,40,7,38.3,1008654.559
10,40,7,38.4,906079.5191
10,40,7,38.5,666737.7593
10,40,7,38.6,803504.4792
10,40,7,38.7,820600.3191
10,40,7,38.8,752216.9592
10,40,7,38.9,718025.2792
10,40,7,39,666737.7593
10,40,7,39.1,564162.7194
10,40,7,39.2,666737.7593
10,40,7,39.3,649641.9193
10,40,7,39.4,307725.1197
10,40,7,39.5,376108.4796
10,40,7,39.6,359012.6396
10,40,7,39.7,324820.9597
10,40,7,39.8,222245.9198
10,40,7,39.9,136766.7199
10,40,7,40,17095.83998
10,80,7,4,26222.19065
10,80,7,4.3,26222.19065
10,80,7,4.6,52444.3813
10,80,7,4.7,52444.3813
10,80,7,4.8,104888.7626
10,80,7,4.9,104888.7626
10,80,7,5,235999.7158
10,80,7,5.1,262221.9065
10,80,7,5.2,314666.2878
10,80,7,5.3,576888.1943
10,80,7,5.4,629332.5756
10,80,7,5.5,865332.2914
10,80,7,5.6,891554.4821
10,80,7,5.7,1258665.151
10,80,7,5.8,1389776.104
10,80,7,5.9,1835553.345
10,80,7,6,1573331.439
10,80,7,6.1,2438663.73
10,80,7,6.2,2831996.59
10,80,7,6.3,2989329.734
10,80,7,6.4,3461329.166
10,80,7,6.5,4064439.551
10,80,7,6.6,4536438.982
10,80,7,6.7,5218215.939
10,80,7,6.8,5742659.752
10,80,7,6.9,6450658.9
10,80,7,7,7053769.285
10,80,7,7.1,6870213.95
10,80,7,7.2,7892879.385
10,80,7,7.3,8915544.821
10,80,7,7.4,39752841.02
10,80,7,7.5,10043099.02
10,80,7,7.6,10855986.93
10,80,7,7.7,12245763.03
10,80,7,7.8,12219540.84
10,80,7,7.9,13373317.23
10,80,7,8,13792872.28
10,80,7,8.1,14474649.24
10,80,7,8.2,14474649.24
10,80,7,8.3,112152309.4
10,80,7,8.4,906684686.1
10,80,7,8.5,16598646.68
10,80,7,8.6,17726200.88
10,80,7,8.7,18355533.45
10,80,7,8.8,32541738.6
10,80,7,8.9,20295975.56
10,80,7,9,20636864.04
10,80,7,9.1,21344863.19
10,80,7,9.2,23652415.97
10,80,7,9.3,23835971.3
10,80,7,9.4,22760861.48
10,80,7,9.5,73317245.06
10,80,7,9.6,45652833.92
10,80,7,9.7,710332922.5
10,80,7,9.8,94163886.62
10,80,7,9.9,61386148.31
10,80,7,10,340967145
10,80,7,10.1,31886183.83
10,80,7,10.2,31466628.78
10,80,7,10.3,7342213.382
10,80,7,10.4,7001324.903
10,80,7,10.5,8233767.864
10,80,7,10.6,6555547.662
10,80,7,10.7,8338656.626
10,80,7,10.8,8417323.198
10,80,7,10.9,8417323.198
10,80,7,11,11799985.79
10,80,7,11.1,9177766.727
10,80,7,11.2,9702210.54
10,80,7,11.3,74261243.92
10,80,7,11.4,10357765.31
10,80,7,11.5,12429318.37
10,80,7,11.6,13163539.71
10,80,7,11.7,12035985.51
10,80,7,11.8,6712880.806
10,80,7,11.9,6503103.281
10,80,7,12,8443545.389
10,80,7,12.1,5716437.562
10,80,7,12.2,5585326.608
10,80,7,12.3,6529325.472
10,80,7,12.4,5873770.705
10,80,7,12.5,5559104.418
10,80,7,12.6,6975102.713
10,80,7,12.7,7027547.094
10,80,7,12.8,6581769.853
10,80,7,12.9,6791547.378
10,80,7,13,7368435.572
10,80,7,13.1,7971545.957
10,80,7,13.2,8286212.245
10,80,7,13.3,8522211.961
10,80,7,13.4,8836878.249
10,80,7,13.5,9492433.015
10,80,7,13.6,8286212.245
10,80,7,13.7,9177766.727
10,80,7,13.8,9020433.583
10,80,7,13.9,9282655.49
10,80,7,14,9597321.778
10,80,7,14.1,10279098.73
10,80,7,14.2,10095543.4
10,80,7,14.3,10593765.02
10,80,7,14.4,10672431.59
10,80,7,14.5,10803542.55
10,80,7,14.6,10462654.07
10,80,7,14.7,12219540.84
10,80,7,14.8,11196875.41
10,80,7,14.9,10987097.88
10,80,7,15,12062207.7
10,80,7,15.1,12455540.56
10,80,7,15.2,13425761.61
10,80,7,15.3,12167096.46
10,80,7,15.4,12796429.04
10,80,7,15.5,12429318.37
10,80,7,15.6,12193318.65
10,80,7,15.7,12481762.75
10,80,7,15.8,12665318.08
10,80,7,15.9,13897761.04
10,80,7,16,13320872.85
10,80,7,16.1,13687983.52
10,80,7,16.2,13766650.09
10,80,7,16.3,15025315.24
10,80,7,16.4,14448427.05
10,80,7,16.5,14264871.71
10,80,7,16.6,13766650.09
10,80,7,16.7,14579538
10,80,7,16.8,15103981.81
10,80,7,16.9,14894204.29
10,80,7,17,14631982.38
10,80,7,17.1,16074202.87
10,80,7,17.2,15418648.1
10,80,7,17.3,15838203.15
10,80,7,17.4,15838203.15
10,80,7,17.5,15890647.53
10,80,7,17.6,15287537.15
10,80,7,17.7,14789315.53
10,80,7,17.8,16126647.25
10,80,7,17.9,17306645.83
10,80,7,18,16519980.11
10,80,7,18.1,17306645.83
10,80,7,18.2,16179091.63
10,80,7,18.3,16021758.49
10,80,7,18.4,15759536.58
10,80,7,18.5,16467535.73
10,80,7,18.6,17621312.12
10,80,7,18.7,16336424.77
10,80,7,18.8,16546202.3
10,80,7,18.9,17332868.02
10,80,7,19,17096868.3
10,80,7,19.1,18093311.55
10,80,7,19.2,16834646.4
10,80,7,19.3,17411534.59
10,80,7,19.4,17647534.31
10,80,7,19.5,16729757.63
10,80,7,19.6,18355533.45
10,80,7,19.7,17463978.97
10,80,7,19.8,17332868.02
10,80,7,19.9,17332868.02
10,80,7,20,16782202.02
10,80,7,20.1,18853755.08
10,80,7,20.2,18224422.5
10,80,7,20.3,18171978.12
10,80,7,20.4,19115976.98
10,80,7,20.5,18355533.45
10,80,7,20.6,18119533.74
10,80,7,20.7,17359090.21
10,80,7,20.8,17411534.59
10,80,7,20.9,18565310.98
10,80,7,21,18512866.6
10,80,7,21.1,17752423.07
10,80,7,21.2,19168421.36
10,80,7,21.3,18040867.17
10,80,7,21.4,17018201.73
10,80,7,21.5,18355533.45
10,80,7,21.6,18932421.65
10,80,7,21.7,18250644.69
10,80,7,21.8,17804867.45
10,80,7,21.9,18958643.84
10,80,7,22,18224422.5
10,80,7,22.1,17804867.45
10,80,7,22.2,17516423.35
10,80,7,22.3,17149312.68
10,80,7,22.4,18407977.84
10,80,7,22.5,18093311.55
10,80,7,22.6,18748866.31
10,80,7,22.7,19142199.17
10,80,7,22.8,18145755.93
10,80,7,22.9,17306645.83
10,80,7,23,18040867.17
10,80,7,23.1,17962200.59
10,80,7,23.2,18722644.12
10,80,7,23.3,17280423.64
10,80,7,23.4,16808424.21
10,80,7,23.5,16729757.63
10,80,7,23.6,19850198.32
10,80,7,23.7,17647534.31
10,80,7,23.8,18565310.98
10,80,7,23.9,17673756.5
10,80,7,24,17332868.02
10,80,7,24.1,17568867.73
10,80,7,24.2,18539088.79
10,80,7,24.3,18014644.98
10,80,7,24.4,18643977.55
10,80,7,24.5,18801310.7
10,80,7,24.6,18067089.36
10,80,7,24.7,17385312.4
10,80,7,24.8,18958643.84
10,80,7,24.9,17227979.26
10,80,7,25,18250644.69
10,80,7,25.1,18643977.55
10,80,7,25.2,18879977.27
10,80,7,25.3,18198200.31
10,80,7,25.4,17857311.83
10,80,7,25.5,17935978.4
10,80,7,25.6,16965757.35
10,80,7,25.7,17149312.68
10,80,7,25.8,18775088.5
10,80,7,25.9,16991979.54
10,80,7,26,17883534.02
10,80,7,26.1,18276866.88
10,80,7,26.2,18748866.31
10,80,7,26.3,16047980.68
10,80,7,26.4,18355533.45
10,80,7,26.5,17306645.83
10,80,7,26.6,18486644.41
10,80,7,26.7,17831089.64
10,80,7,26.8,17568867.73
10,80,7,26.9,17385312.4
10,80,7,27,16913312.97
10,80,7,27.1,17411534.59
10,80,7,27.2,17516423.35
10,80,7,27.3,17463978.97
10,80,7,27.4,17227979.26
10,80,7,27.5,16021758.49
10,80,7,27.6,17437756.78
10,80,7,27.7,15864425.34
10,80,7,27.8,15549759.05
10,80,7,27.9,17621312.12
10,80,7,28,15943091.91
10,80,7,28.1,17123090.49
10,80,7,28.2,16205313.82
10,80,7,28.3,16074202.87
10,80,7,28.4,16913312.97
10,80,7,28.5,16231536.01
10,80,7,28.6,16074202.87
10,80,7,28.7,15969314.11
10,80,7,28.8,16598646.68
10,80,7,28.9,16598646.68
10,80,7,29,16651091.06
10,80,7,29.1,16624868.87
10,80,7,29.2,16808424.21
10,80,7,29.3,15995536.3
10,80,7,29.4,16519980.11
10,80,7,29.5,16598646.68
10,80,7,29.6,15366203.72
10,80,7,29.7,16257758.2
10,80,7,29.8,14605760.19
10,80,7,29.9,16336424.77
10,80,7,30,14920426.48
10,80,7,30.1,15916869.72
10,80,7,30.2,16808424.21
10,80,7,30.3,15654647.82
10,80,7,30.4,14527093.62
10,80,7,30.5,15287537.15
10,80,7,30.6,14999093.05
10,80,7,30.7,15680870.01
10,80,7,30.8,16519980.11
10,80,7,30.9,14920426.48
10,80,7,31,16362646.97
10,80,7,31.1,15759536.58
10,80,7,31.2,14841759.91
10,80,7,31.3,15130204
10,80,7,31.4,13687983.52
10,80,7,31.5,15523536.86
10,80,7,31.6,13871538.85
10,80,7,31.7,15916869.72
10,80,7,31.8,14710648.95
10,80,7,31.9,15261314.96
10,80,7,32,13923983.23
10,80,7,32.1,14605760.19
10,80,7,32.2,14264871.71
10,80,7,32.3,13845316.66
10,80,7,32.4,15575981.25
10,80,7,32.5,14815537.72
10,80,7,32.6,15051537.43
10,80,7,32.7,13740427.9
10,80,7,32.8,15025315.24
10,80,7,32.9,13215984.09
10,80,7,33,14028872
10,80,7,33.1,13687983.52
10,80,7,33.2,14159982.95
10,80,7,33.3,14527093.62
10,80,7,33.4,13373317.23
10,80,7,33.5,13609316.95
10,80,7,33.6,13871538.85
10,80,7,33.7,13504428.18
10,80,7,33.8,13399539.42
10,80,7,33.9,13373317.23
10,80,7,34,13897761.04
10,80,7,34.1,13871538.85
10,80,7,34.2,14684426.76
10,80,7,34.3,13792872.28
10,80,7,34.4,14579538
10,80,7,34.5,13687983.52
10,80,7,34.6,14107538.57
10,80,7,34.7,13845316.66
10,80,7,34.8,13923983.23
10,80,7,34.9,13451983.8
10,80,7,35,14055094.19
10,80,7,35.1,13215984.09
10,80,7,35.2,12901317.8
10,80,7,35.3,13347095.04
10,80,7,35.4,13425761.61
10,80,7,35.5,12639095.89
10,80,7,35.6,13373317.23
10,80,7,35.7,13661761.33
10,80,7,35.8,12979984.37
10,80,7,35.9,12193318.65
10,80,7,36,12560429.32
10,80,7,36.1,12403096.18
10,80,7,36.2,12035985.51
10,80,7,36.3,11878652.36
10,80,7,36.4,12114652.08
10,80,7,36.5,13006206.56
10,80,7,36.6,12612873.7
10,80,7,36.7,12507984.94
10,80,7,36.8,13451983.8
10,80,7,36.9,11642652.65
10,80,7,37,12271985.22
10,80,7,37.1,13006206.56
10,80,7,37.2,12507984.94
10,80,7,37.3,13347095.04
10,80,7,37.4,12035985.51
10,80,7,37.5,11590208.27
10,80,7,37.6,11773763.6
10,80,7,37.7,12324429.61
10,80,7,37.8,11799985.79
10,80,7,37.9,12534207.13
10,80,7,38,12088429.89
10,80,7,38.1,13347095.04
10,80,7,38.2,12298207.41
10,80,7,38.3,11695097.03
10,80,7,38.4,11563986.08
10,80,7,38.5,12062207.7
10,80,7,38.6,13294650.66
10,80,7,38.7,10987097.88
10,80,7,38.8,12481762.75
10,80,7,38.9,13347095.04
10,80,7,39,11249319.79
10,80,7,39.1,10410209.69
10,80,7,39.2,11013320.07
10,80,7,39.3,11432875.12
10,80,7,39.4,10803542.55
10,80,7,39.5,10987097.88
10,80,7,39.6,10777320.36
10,80,7,39.7,10829764.74
10,80,7,39.8,11852430.17
10,80,7,39.9,10724875.98
10,80,7,40,10488876.26
10,80,7,40.1,9807099.303
10,80,7,40.2,10882209.12
10,80,7,40.3,10436431.88
10,80,7,40.4,10174209.97
10,80,7,40.5,11406652.93
10,80,7,40.6,10147987.78
10,80,7,40.7,11327986.36
10,80,7,40.8,11668874.84
10,80,7,40.9,11747541.41
10,80,7,41,10777320.36
10,80,7,41.1,11249319.79
10,80,7,41.2,10803542.55
10,80,7,41.3,10043099.02
10,80,7,41.4,11590208.27
10,80,7,41.5,10279098.73
10,80,7,41.6,10305320.93
10,80,7,41.7,9938210.256
10,80,7,41.8,10043099.02
10,80,7,41.9,10279098.73
10,80,7,42,9544877.396
10,80,7,42.1,11144431.03
10,80,7,42.2,9623543.968
10,80,7,42.3,10305320.93
10,80,7,42.4,10436431.88
10,80,7,42.5,9492433.015
10,80,7,42.6,9308877.68
10,80,7,42.7,9702210.54
10,80,7,42.8,9780877.112
10,80,7,42.9,9518655.206
10,80,7,43,10147987.78
10,80,7,43.1,10200432.16
10,80,7,43.2,9439988.634
10,80,7,43.3,9518655.206
10,80,7,43.4,10593765.02
10,80,7,43.5,8915544.821
10,80,7,43.6,8679545.105
10,80,7,43.7,9361322.062
10,80,7,43.8,9466210.824
10,80,7,43.9,9675988.35
10,80,7,44,9413766.443
10,80,7,44.1,8469767.58
10,80,7,44.2,8574656.342
10,80,7,44.3,9230211.109
10,80,7,44.4,8889322.63
10,80,7,44.5,9177766.727
10,80,7,44.6,9203988.918
10,80,7,44.7,9466210.824
10,80,7,44.8,8522211.961
10,80,7,44.9,9203988.918
10,80,7,45,8758211.677
10,80,7,45.1,9466210.824
10,80,7,45.2,9072877.965
10,80,7,45.3,9597321.778
10,80,7,45.4,9728432.731
10,80,7,45.5,7840435.004
10,80,7,45.6,8627100.724
10,80,7,45.7,9308877.68
10,80,7,45.8,8050212.529
10,80,7,45.9,8679545.105
10,80,7,46,8495989.77
10,80,7,46.1,9466210.824
10,80,7,46.2,9072877.965
10,80,7,46.3,8548434.152
10,80,7,46.4,7997768.148
10,80,7,46.5,8705767.296
10,80,7,46.6,8600878.533
10,80,7,46.7,8653322.914
10,80,7,46.8,9256433.299
10,80,7,46.9,8338656.626
10,80,7,47,8391101.008
10,80,7,47.1,8102656.911
10,80,7,47.2,8443545.389
10,80,7,47.3,8574656.342
10,80,7,47.4,8181323.483
10,80,7,47.5,7342213.382
10,80,7,47.6,8050212.529
10,80,7,47.7,8050212.529
10,80,7,47.8,8128879.101
10,80,7,47.9,8233767.864
10,80,7,48,8548434.152
10,80,7,48.1,8495989.77
10,80,7,48.2,7866657.195
10,80,7,48.3,6345770.137
10,80,7,48.4,7892879.385
10,80,7,48.5,8338656.626
10,80,7,48.6,7158658.047
10,80,7,48.7,8259990.055
10,80,7,48.8,7787990.623
10,80,7,48.9,7499546.526
10,80,7,49,8023990.339
10,80,7,49.1,7578213.098
10,80,7,49.2,8102656.911
10,80,7,49.3,8233767.864
10,80,7,49.4,7814212.813
10,80,7,49.5,8181323.483
10,80,7,49.6,7394657.763
10,80,7,49.7,7079991.475
10,80,7,49.8,7866657.195
10,80,7,49.9,8600878.533
10,80,7,50,6660436.425
10,80,7,50.1,8286212.245
10,80,7,50.2,7237324.619
10,80,7,50.3,6948880.522
10,80,7,50.4,6948880.522
10,80,7,50.5,6660436.425
10,80,7,50.6,6660436.425
10,80,7,50.7,7289769
10,80,7,50.8,6529325.472
10,80,7,50.9,6712880.806
10,80,7,51,6345770.137
10,80,7,51.1,7578213.098
10,80,7,51.2,7079991.475
10,80,7,51.3,7027547.094
10,80,7,51.4,7106213.666
10,80,7,51.5,7315991.191
10,80,7,51.6,6398214.518
10,80,7,51.7,7289769
10,80,7,51.8,6581769.853
10,80,7,51.9,6188436.993
10,80,7,52,6398214.518
10,80,7,52.1,6922658.331
10,80,7,52.2,5873770.705
10,80,7,52.3,6503103.281
10,80,7,52.4,6371992.328
10,80,7,52.5,6529325.472
10,80,7,52.6,6581769.853
10,80,7,52.7,6791547.378
10,80,7,52.8,6503103.281
10,80,7,52.9,6791547.378
10,80,7,53,6922658.331
10,80,7,53.1,6896436.141
10,80,7,53.2,6057326.04
10,80,7,53.3,6503103.281
10,80,7,53.4,6922658.331
10,80,7,53.5,6398214.518
10,80,7,53.6,6188436.993
10,80,7,53.7,5952437.277
10,80,7,53.8,5873770.705
10,80,7,53.9,6135992.612
10,80,7,54,7473324.335
10,80,7,54.1,5454215.655
10,80,7,54.2,5952437.277
10,80,7,54.3,6634214.234
10,80,7,54.4,6293325.756
10,80,7,54.5,5926215.087
10,80,7,54.6,6450658.9
10,80,7,54.7,5952437.277
10,80,7,54.8,5742659.752
10,80,7,54.9,5585326.608
10,80,7,55,6214659.184
10,80,7,55.1,5375549.083
10,80,7,55.2,6135992.612
10,80,7,55.3,6004881.659
10,80,7,55.4,5008438.414
10,80,7,55.5,6214659.184
10,80,7,55.6,5506660.036
10,80,7,55.7,5742659.752
10,80,7,55.8,5952437.277
10,80,7,55.9,5637770.99
10,80,7,56,5454215.655
10,80,7,56.1,5323104.702
10,80,7,56.2,5690215.371
10,80,7,56.3,4693772.126
10,80,7,56.4,5768881.943
10,80,7,56.5,5139549.367
10,80,7,56.6,6004881.659
10,80,7,56.7,5454215.655
10,80,7,56.8,5270660.32
10,80,7,56.9,5139549.367
10,80,7,57,5637770.99
10,80,7,57.1,5218215.939
10,80,7,57.2,4746216.508
10,80,7,57.3,4536438.982
10,80,7,57.4,4746216.508
10,80,7,57.5,5113327.177
10,80,7,57.6,4877327.461
10,80,7,57.7,4719994.317
10,80,7,57.8,5375549.083
10,80,7,57.9,4851105.27
10,80,7,58,4562661.173
10,80,7,58.1,13268428.47
10,80,7,58.2,4588883.364
10,80,7,58.3,5454215.655
10,80,7,58.4,4877327.461
10,80,7,58.5,5139549.367
10,80,7,58.6,4851105.27
10,80,7,58.7,4929771.842
10,80,7,58.8,5139549.367
10,80,7,58.9,4824883.079
10,80,7,59,4457772.41
10,80,7,59.1,4982216.223
10,80,7,59.2,4772438.698
10,80,7,59.3,5506660.036
10,80,7,59.4,4824883.079
10,80,7,59.5,18512866.6
10,80,7,59.6,4772438.698
10,80,7,59.7,4352883.648
10,80,7,59.8,4824883.079
10,80,7,59.9,4641327.745
10,80,7,60,4798660.889
10,80,7,60.1,4562661.173
10,80,7,60.2,4667549.936
10,80,7,60.3,4562661.173
10,80,7,60.4,4824883.079
10,80,7,60.5,4719994.317
10,80,7,60.6,4379105.838
10,80,7,60.7,4195550.504
10,80,7,60.8,4562661.173
10,80,7,60.9,4169328.313
10,80,7,61,4536438.982
10,80,7,61.1,4274217.076
10,80,7,61.2,4195550.504
10,80,7,61.3,4615105.554
10,80,7,61.4,4719994.317
10,80,7,61.5,3933328.597
10,80,7,61.6,3487551.356
10,80,7,61.7,4038217.36
10,80,7,61.8,3985772.979
10,80,7,61.9,4588883.364
10,80,7,62,3697328.882
10,80,7,62.1,3959550.788
10,80,7,62.2,4405328.029
10,80,7,62.3,4982216.223
10,80,7,62.4,4090661.741
10,80,7,62.5,4719994.317
10,80,7,62.6,4169328.313
10,80,7,62.7,3671106.691
10,80,7,62.8,4667549.936
10,80,7,62.9,3513773.547
10,80,7,63,4221772.695
10,80,7,63.1,3566217.928
10,80,7,63.2,3880884.216
10,80,7,63.3,3435106.975
10,80,7,63.4,3907106.407
10,80,7,63.5,4379105.838
10,80,7,63.6,3592440.119
10,80,7,63.7,3959550.788
10,80,7,63.8,2936885.353
10,80,7,63.9,4143106.123
10,80,7,64,3697328.882
10,80,7,64.1,3697328.882
10,80,7,64.2,3356440.403
10,80,7,64.3,3356440.403
10,80,7,64.4,3513773.547
10,80,7,64.5,3539995.738
10,80,7,64.6,3880884.216
10,80,7,64.7,3671106.691
10,80,7,64.8,3644884.5
10,80,7,64.9,3330218.212
10,80,7,65,3671106.691
10,80,7,65.1,3225329.45
10,80,7,65.2,3933328.597
10,80,7,65.3,3094218.497
10,80,7,65.4,2884440.971
10,80,7,65.5,3330218.212
10,80,7,65.6,3644884.5
10,80,7,65.7,2858218.781
10,80,7,65.8,2989329.734
10,80,7,65.9,3303996.022
10,80,7,66,3513773.547
10,80,7,66.1,3277773.831
10,80,7,66.2,3015551.925
10,80,7,66.3,2884440.971
10,80,7,66.4,2779552.209
10,80,7,66.5,2963107.543
10,80,7,66.6,3094218.497
10,80,7,66.7,3251551.641
10,80,7,66.8,3015551.925
10,80,7,66.9,3120440.687
10,80,7,67,2858218.781
10,80,7,67.1,4641327.745
10,80,7,67.2,3067996.306
10,80,7,67.3,3041774.115
10,80,7,67.4,5978659.468
10,80,7,67.5,2753330.018
10,80,7,67.6,3172885.069
10,80,7,67.7,2569774.684
10,80,7,67.8,2831996.59
10,80,7,67.9,2648441.256
10,80,7,68,3094218.497
10,80,7,68.1,2622219.065
10,80,7,68.2,2648441.256
10,80,7,68.3,2779552.209
10,80,7,68.4,3120440.687
10,80,7,68.5,2831996.59
10,80,7,68.6,2543552.493
10,80,7,68.7,2569774.684
10,80,7,68.8,2910663.162
10,80,7,68.9,2884440.971
10,80,7,69,2805774.399
10,80,7,69.1,2595996.874
10,80,7,69.2,2753330.018
10,80,7,69.3,3251551.641
10,80,7,69.4,3067996.306
10,80,7,69.5,2753330.018
10,80,7,69.6,2438663.73
10,80,7,69.7,2569774.684
10,80,7,69.8,2622219.065
10,80,7,69.9,1887997.727
10,80,7,70,2543552.493
10,80,7,70.1,1756886.773
10,80,7,70.2,2097775.252
10,80,7,70.3,2910663.162
10,80,7,70.4,2150219.633
10,80,7,70.5,2359997.158
10,80,7,70.6,2228886.205
10,80,7,70.7,1966664.299
10,80,7,70.8,1599553.63
10,80,7,70.9,2517330.302
10,80,7,71,2071553.061
10,80,7,71.1,2255108.396
10,80,7,71.2,1887997.727
10,80,7,71.3,1992886.489
10,80,7,71.4,2123997.443
10,80,7,71.5,1651998.011
10,80,7,71.6,1651998.011
10,80,7,71.7,1992886.489
10,80,7,71.8,2438663.73
10,80,7,71.9,1651998.011
10,80,7,72,1940442.108
10,80,7,72.1,1730664.583
10,80,7,72.2,1756886.773
10,80,7,72.3,1573331.439
10,80,7,72.4,1311109.532
10,80,7,72.5,1992886.489
10,80,7,72.6,1809331.155
10,80,7,72.7,1678220.202
10,80,7,72.8,1756886.773
10,80,7,72.9,1861775.536
10,80,7,73,1599553.63
10,80,7,73.1,1153776.389
10,80,7,73.2,1494664.867
10,80,7,73.3,1494664.867
10,80,7,73.4,1730664.583
10,80,7,73.5,1783108.964
10,80,7,73.6,1940442.108
10,80,7,73.7,1520887.058
10,80,7,73.8,1468442.676
10,80,7,73.9,1258665.151
10,80,7,74,1494664.867
10,80,7,74.1,1206220.77
10,80,7,74.2,1520887.058
10,80,7,74.3,1494664.867
10,80,7,74.4,1730664.583
10,80,7,74.5,1389776.104
10,80,7,74.6,1258665.151
10,80,7,74.7,970221.054
10,80,7,74.8,1625775.82
10,80,7,74.9,1573331.439
10,80,7,75,1153776.389
10,80,7,75.1,1625775.82
10,80,7,75.2,1075109.817
10,80,7,75.3,996443.2447
10,80,7,75.4,1284887.342
10,80,7,75.5,1363553.914
10,80,7,75.6,1075109.817
10,80,7,75.7,891554.4821
10,80,7,75.8,1337331.723
10,80,7,75.9,1468442.676
10,80,7,76,917776.6727
10,80,7,76.1,943998.8634
10,80,7,76.2,917776.6727
10,80,7,76.3,1048887.626
10,80,7,76.4,839110.1008
10,80,7,76.5,1022665.435
10,80,7,76.6,1101332.007
10,80,7,76.7,1232442.961
10,80,7,76.8,1022665.435
10,80,7,76.9,812887.9101
10,80,7,77,839110.1008
10,80,7,77.1,760443.5288
10,80,7,77.2,891554.4821
10,80,7,77.3,865332.2914
10,80,7,77.4,603110.3849
10,80,7,77.5,839110.1008
10,80,7,77.6,629332.5756
10,80,7,77.7,812887.9101
10,80,7,77.8,707999.1475
10,80,7,77.9,498221.6223
10,80,7,78,655554.7662
10,80,7,78.1,603110.3849
10,80,7,78.2,629332.5756
10,80,7,78.3,419555.0504
10,80,7,78.4,550666.0036
10,80,7,78.5,603110.3849
10,80,7,78.6,603110.3849
10,80,7,78.7,471999.4317
10,80,7,78.8,471999.4317
10,80,7,78.9,367110.6691
10,80,7,79,393332.8597
10,80,7,79.1,314666.2878
10,80,7,79.2,209777.5252
10,80,7,79.3,288444.0971
10,80,7,79.4,262221.9065
10,80,7,79.5,262221.9065
10,80,7,79.6,78666.57195
10,80,7,79.7,288444.0971
10,80,7,79.8,183555.3345
10,80,7,79.9,131110.9532
10,80,7,80,52444.3813
10,150,7,2.5,52313.27035
10,150,7,3.2,52313.27035
10,150,7,3.3,52313.27035
10,150,7,3.4,52313.27035
10,150,7,3.5,261566.3517
10,150,7,3.6,52313.27035
10,150,7,3.7,418506.1628
10,150,7,3.8,418506.1628
10,150,7,3.9,889325.5959
10,150,7,4,993952.1366
10,150,7,4.1,941638.8662
10,150,7,4.2,1674024.651
10,150,7,4.3,2301783.895
10,150,7,4.4,2406410.436
10,150,7,4.5,2249470.625
10,150,7,4.6,3766555.465
10,150,7,4.7,4342001.439
10,150,7,4.8,4132748.357
10,150,7,4.9,5283640.305
10,150,7,5,5963712.819
10,150,7,5.1,6591472.063
10,150,7,5.2,8422436.526
10,150,7,5.3,8527063.066
10,150,7,5.4,8997882.499
10,150,7,5.5,9939521.366
10,150,7,5.6,10881160.23
10,150,7,5.7,13235257.4
10,150,7,5.8,13810703.37
10,150,7,5.9,15275474.94
10,150,7,6,16740246.51
10,150,7,6.1,16269427.08
10,150,7,6.2,19512849.84
10,150,7,6.3,20349862.16
10,150,7,6.4,20820681.6
10,150,7,6.5,24430297.25
10,150,7,6.6,24534923.79
10,150,7,6.7,26261261.71
10,150,7,6.8,28406105.8
10,150,7,6.9,29713937.56
10,150,7,7,33114300.13
10,150,7,7.1,32381914.34
10,150,7,7.2,31021769.31
10,150,7,7.3,33061986.86
10,150,7,7.4,158927715.3
10,150,7,7.5,37822494.46
10,150,7,7.6,40124278.35
10,150,7,7.7,41379796.84
10,150,7,7.8,41170543.76
10,150,7,7.9,45721798.28
10,150,7,8,45721798.28
10,150,7,8.1,43576954.2
10,150,7,8.2,46768063.69
10,150,7,8.3,392768033.8
10,150,7,8.4,3059070797
10,150,7,8.5,55399753.3
10,150,7,8.6,51685511.1
10,150,7,8.7,54928933.86
10,150,7,8.8,97459622.65
10,150,7,8.9,58381609.71
10,150,7,9,59689441.46
10,150,7,9.1,58486236.25
10,150,7,9.2,57963103.54
10,150,7,9.3,64083756.17
10,150,7,9.4,60474140.52
10,150,7,9.5,210090093.7
10,150,7,9.6,123302378.2
10,150,7,9.7,2064647841
10,150,7,9.8,273179897.7
10,150,7,9.9,166042320.1
10,150,7,10,931280838.7
10,150,7,10.1,85322943.93
10,150,7,10.2,84904437.77
10,150,7,10.3,32381914.34
10,150,7,10.4,32120347.99
10,150,7,10.5,32748107.24
10,150,7,10.6,32329601.07
10,150,7,10.7,32852733.78
10,150,7,10.8,34788324.78
10,150,7,10.9,35416084.02
10,150,7,11,42269122.44
10,150,7,11.1,36514662.7
10,150,7,11.2,35468397.29
10,150,7,11.3,287252167.5
10,150,7,11.4,37247048.49
10,150,7,11.5,39182639.49
10,150,7,11.6,55452066.57
10,150,7,11.7,55975199.27
10,150,7,11.8,31544902.02
10,150,7,11.9,28563045.61
10,150,7,12,39078012.95
10,150,7,12.1,27726033.28
10,150,7,12.2,27673720.01
10,150,7,12.3,27150587.31
10,150,7,12.4,24587237.06
10,150,7,12.5,27359840.39
10,150,7,12.6,28876925.23
10,150,7,12.7,27830659.82
10,150,7,12.8,29818564.1
10,150,7,12.9,31231022.4
10,150,7,13,30394010.07
10,150,7,13.1,27830659.82
10,150,7,13.2,30394010.07
10,150,7,13.3,29975503.91
10,150,7,13.4,30341696.8
10,150,7,13.5,31597215.29
10,150,7,13.6,29975503.91
10,150,7,13.7,33480493.02
10,150,7,13.8,32852733.78
10,150,7,13.9,32905047.05
10,150,7,14,35991530
10,150,7,14.1,32748107.24
10,150,7,14.2,32800420.51
10,150,7,14.3,37037795.4
10,150,7,14.4,32957360.32
10,150,7,14.5,31649528.56
10,150,7,14.6,33532806.29
10,150,7,14.7,35625337.11
10,150,7,14.8,35311457.48
10,150,7,14.9,36619289.24
10,150,7,15,36462349.43
10,150,7,15.1,35886903.46
10,150,7,15.2,38764133.33
10,150,7,15.3,37456301.57
10,150,7,15.4,36514662.7
10,150,7,15.5,37822494.46
10,150,7,15.6,36933168.86
10,150,7,15.7,38136374.08
10,150,7,15.8,37299361.76
10,150,7,15.9,37247048.49
10,150,7,16,38607193.51
10,150,7,16.1,38293313.89
10,150,7,16.2,40281218.17
10,150,7,16.3,37299361.76
10,150,7,16.4,40438157.98
10,150,7,16.5,39391892.57
10,150,7,16.6,38502566.97
10,150,7,16.7,37194735.22
10,150,7,16.8,42844568.41
10,150,7,16.9,39234952.76
10,150,7,17,41641363.19
10,150,7,17.1,38241000.62
10,150,7,17.2,40699724.33
10,150,7,17.3,39915025.27
10,150,7,17.4,41222857.03
10,150,7,17.5,41484423.38
10,150,7,17.6,39705772.19
10,150,7,17.7,40752037.6
10,150,7,17.8,40176591.63
10,150,7,17.9,40071965.08
10,150,7,18,43210761.31
10,150,7,18.1,41327483.57
10,150,7,18.2,40856664.14
10,150,7,18.3,42530688.79
10,150,7,18.4,42216809.17
10,150,7,18.5,40804350.87
10,150,7,18.6,41170543.76
10,150,7,18.7,39705772.19
10,150,7,18.8,41902929.55
10,150,7,18.9,41484423.38
10,150,7,19,44675532.87
10,150,7,19.1,42896881.68
10,150,7,19.2,42583002.06
10,150,7,19.3,42321435.71
10,150,7,19.4,44257026.71
10,150,7,19.5,38031747.54
10,150,7,19.6,43838520.55
10,150,7,19.7,41222857.03
10,150,7,19.8,45250978.85
10,150,7,19.9,43472327.66
10,150,7,20,41955242.82
10,150,7,20.1,43001508.22
10,150,7,20.2,41902929.55
10,150,7,20.3,43786207.28
10,150,7,20.4,41589049.92
10,150,7,20.5,40542784.52
10,150,7,20.6,45041725.77
10,150,7,20.7,42844568.41
10,150,7,20.8,43420014.39
10,150,7,20.9,42739941.87
10,150,7,21,43315387.85
10,150,7,21.1,43315387.85
10,150,7,21.2,40961290.68
10,150,7,21.3,42007556.09
10,150,7,21.4,42739941.87
10,150,7,21.5,43786207.28
10,150,7,21.6,43106134.76
10,150,7,21.7,44100086.9
10,150,7,21.8,42007556.09
10,150,7,21.9,41170543.76
10,150,7,22,41118230.49
10,150,7,22.1,43733894.01
10,150,7,22.2,42112182.63
10,150,7,22.3,41641363.19
10,150,7,22.4,41589049.92
10,150,7,22.5,40961290.68
10,150,7,22.6,41275170.3
10,150,7,22.7,41745989.74
10,150,7,22.8,42792255.14
10,150,7,22.9,44361653.25
10,150,7,23,42426062.25
10,150,7,23.1,42635315.33
10,150,7,23.2,40490471.25
10,150,7,23.3,44780159.42
10,150,7,23.4,42059869.36
10,150,7,23.5,40699724.33
10,150,7,23.6,38345627.16
10,150,7,23.7,42896881.68
10,150,7,23.8,42739941.87
10,150,7,23.9,39234952.76
10,150,7,24,40856664.14
10,150,7,24.1,41745989.74
10,150,7,24.2,39758085.46
10,150,7,24.3,41379796.84
10,150,7,24.4,41013603.95
10,150,7,24.5,39862712
10,150,7,24.6,42112182.63
10,150,7,24.7,38345627.16
10,150,7,24.8,39339579.3
10,150,7,24.9,38450253.7
10,150,7,25,41379796.84
10,150,7,25.1,40542784.52
10,150,7,25.2,39705772.19
10,150,7,25.3,41170543.76
10,150,7,25.4,38711820.06
10,150,7,25.5,37822494.46
10,150,7,25.6,41118230.49
10,150,7,25.7,38973386.41
10,150,7,25.8,40961290.68
10,150,7,25.9,42687628.6
10,150,7,26,41536736.65
10,150,7,26.1,38293313.89
10,150,7,26.2,37770181.19
10,150,7,26.3,36357722.89
10,150,7,26.4,37090108.67
10,150,7,26.5,37822494.46
10,150,7,26.6,40908977.41
10,150,7,26.7,39444205.84
10,150,7,26.8,39287266.03
10,150,7,26.9,38711820.06
10,150,7,27,37456301.57
10,150,7,27.1,38868759.87
10,150,7,27.2,36253096.35
10,150,7,27.3,36043843.27
10,150,7,27.4,37194735.22
10,150,7,27.5,36566975.97
10,150,7,27.6,36096156.54
10,150,7,27.7,38502566.97
10,150,7,27.8,36305409.62
10,150,7,27.9,37090108.67
10,150,7,28,34840638.05
10,150,7,28.1,35834590.19
10,150,7,28.2,37037795.4
10,150,7,28.3,37403988.3
10,150,7,28.4,35154517.67
10,150,7,28.5,40228904.9
10,150,7,28.6,35834590.19
10,150,7,28.7,35782276.92
10,150,7,28.8,35259144.21
10,150,7,28.9,38554880.24
10,150,7,29,35363770.75
10,150,7,29.1,35049891.13
10,150,7,29.2,34683698.24
10,150,7,29.3,35573023.83
10,150,7,29.4,35206830.94
10,150,7,29.5,34422131.89
10,150,7,29.6,37351675.03
10,150,7,29.7,36305409.62
10,150,7,29.8,33951312.45
10,150,7,29.9,33742059.37
10,150,7,30,34631384.97
10,150,7,30.1,34736011.51
10,150,7,30.2,34369818.62
10,150,7,30.3,35416084.02
10,150,7,30.4,37194735.22
10,150,7,30.5,36305409.62
10,150,7,30.6,34317505.35
10,150,7,30.7,33114300.13
10,150,7,30.8,34422131.89
10,150,7,30.9,35520710.56
10,150,7,31,33637432.83
10,150,7,31.1,33898999.18
10,150,7,31.2,34997577.86
10,150,7,31.3,34212878.81
10,150,7,31.4,32538854.15
10,150,7,31.5,36933168.86
10,150,7,31.6,33532806.29
10,150,7,31.7,33689746.1
10,150,7,31.8,33480493.02
10,150,7,31.9,33532806.29
10,150,7,32,31544902.02
10,150,7,32.1,35677650.38
10,150,7,32.2,31283335.67
10,150,7,32.3,33009673.59
10,150,7,32.4,32852733.78
10,150,7,32.5,34579071.7
10,150,7,32.6,31911094.91
10,150,7,32.7,30655576.42
10,150,7,32.8,31021769.31
10,150,7,32.9,30341696.8
10,150,7,33,31597215.29
10,150,7,33.1,32172661.26
10,150,7,33.2,31858781.64
10,150,7,33.3,34160565.54
10,150,7,33.4,30707889.69
10,150,7,33.5,34683698.24
10,150,7,33.6,31649528.56
10,150,7,33.7,32381914.34
10,150,7,33.8,29870877.37
10,150,7,33.9,28563045.61
10,150,7,34,30969456.04
10,150,7,34.1,31963408.18
10,150,7,34.2,29138491.58
10,150,7,34.3,31858781.64
10,150,7,34.4,30603263.15
10,150,7,34.5,28824611.96
10,150,7,34.6,30341696.8
10,150,7,34.7,30341696.8
10,150,7,34.8,29504684.47
10,150,7,34.9,29504684.47
10,150,7,35,31021769.31
10,150,7,35.1,29766250.83
10,150,7,35.2,30498636.61
10,150,7,35.3,28353792.53
10,150,7,35.4,26993647.5
10,150,7,35.5,29138491.58
10,150,7,35.6,30498636.61
10,150,7,35.7,28458419.07
10,150,7,35.8,28824611.96
10,150,7,35.9,28772298.69
10,150,7,36,29033865.04
10,150,7,36.1,29556997.75
10,150,7,36.2,28772298.69
10,150,7,36.3,30237070.26
10,150,7,36.4,28981551.77
10,150,7,36.5,27307527.12
10,150,7,36.6,29138491.58
10,150,7,36.7,29609311.02
10,150,7,36.8,28563045.61
10,150,7,36.9,27150587.31
10,150,7,37,29347744.66
10,150,7,37.1,27045960.77
10,150,7,37.2,27464466.93
10,150,7,37.3,29033865.04
10,150,7,37.4,29923190.64
10,150,7,37.5,28719985.42
10,150,7,37.6,29400057.93
10,150,7,37.7,29504684.47
10,150,7,37.8,28144539.45
10,150,7,37.9,28458419.07
10,150,7,38,29138491.58
10,150,7,38.1,25685815.74
10,150,7,38.2,25947382.09
10,150,7,38.3,25685815.74
10,150,7,38.4,28876925.23
10,150,7,38.5,27935286.36
10,150,7,38.6,26365888.25
10,150,7,38.7,27255213.85
10,150,7,38.8,27412153.66
10,150,7,38.9,27830659.82
10,150,7,39,27726033.28
10,150,7,39.1,25738129.01
10,150,7,39.2,26627454.61
10,150,7,39.3,25738129.01
10,150,7,39.4,26627454.61
10,150,7,39.5,27726033.28
10,150,7,39.6,25790442.28
10,150,7,39.7,26993647.5
10,150,7,39.8,25947382.09
10,150,7,39.9,25947382.09
10,150,7,40,26208948.44
10,150,7,40.1,26575141.34
10,150,7,40.2,25790442.28
10,150,7,40.3,25633502.47
10,150,7,40.4,25895068.82
10,150,7,40.5,27255213.85
10,150,7,40.6,26052008.63
10,150,7,40.7,26156635.17
10,150,7,40.8,25214996.31
10,150,7,40.9,25267309.58
10,150,7,41,24534923.79
10,150,7,41.1,26470514.79
10,150,7,41.2,26156635.17
10,150,7,41.3,23070152.22
10,150,7,41.4,23854851.28
10,150,7,41.5,23645598.2
10,150,7,41.6,26732081.15
10,150,7,41.7,24011791.09
10,150,7,41.8,25162683.04
10,150,7,41.9,24901116.68
10,150,7,42,25947382.09
10,150,7,42.1,26156635.17
10,150,7,42.2,22285453.17
10,150,7,42.3,22337766.44
10,150,7,42.4,25842755.55
10,150,7,42.5,25162683.04
10,150,7,42.6,22494706.25
10,150,7,42.7,23907164.55
10,150,7,42.8,25110369.77
10,150,7,42.9,22285453.17
10,150,7,43,24639550.33
10,150,7,43.1,23593284.93
10,150,7,43.2,22547019.52
10,150,7,43.3,23959477.82
10,150,7,43.4,24011791.09
10,150,7,43.5,22128513.36
10,150,7,43.6,23697911.47
10,150,7,43.7,23122465.49
10,150,7,43.8,23593284.93
10,150,7,43.9,23645598.2
10,150,7,44,23802538.01
10,150,7,44.1,20977621.41
10,150,7,44.2,23384031.84
10,150,7,44.3,23384031.84
10,150,7,44.4,24901116.68
10,150,7,44.5,23174778.76
10,150,7,44.6,21971573.54
10,150,7,44.7,23802538.01
10,150,7,44.8,20977621.41
10,150,7,44.9,22337766.44
10,150,7,45,20297548.89
10,150,7,45.1,21657693.92
10,150,7,45.2,22808585.87
10,150,7,45.3,24901116.68
10,150,7,45.4,22390079.71
10,150,7,45.5,20768368.33
10,150,7,45.6,22233139.9
10,150,7,45.7,23854851.28
10,150,7,45.8,22180826.63
10,150,7,45.9,19983669.27
10,150,7,46,23854851.28
10,150,7,46.1,21657693.92
10,150,7,46.2,20716055.06
10,150,7,46.3,21134561.22
10,150,7,46.4,21710007.19
10,150,7,46.5,22390079.71
10,150,7,46.6,19983669.27
10,150,7,46.7,22651646.06
10,150,7,46.8,21029934.68
10,150,7,46.9,21762320.46
10,150,7,47,20925308.14
10,150,7,47.1,20663741.79
10,150,7,47.2,20977621.41
10,150,7,47.3,22023886.82
10,150,7,47.4,19983669.27
10,150,7,47.5,21396127.57
10,150,7,47.6,23331718.57
10,150,7,47.7,19565163.11
10,150,7,47.8,20192922.35
10,150,7,47.9,20506801.98
10,150,7,48,22337766.44
10,150,7,48.1,21239187.76
10,150,7,48.2,19094343.68
10,150,7,48.3,21291501.03
10,150,7,48.4,20611428.52
10,150,7,48.5,18414271.16
10,150,7,48.6,19983669.27
10,150,7,48.7,20297548.89
10,150,7,48.8,19931356
10,150,7,48.9,18518897.7
10,150,7,49,22233139.9
10,150,7,49.1,18623524.24
10,150,7,49.2,21082247.95
10,150,7,49.3,20297548.89
10,150,7,49.4,19879042.73
10,150,7,49.5,19094343.68
10,150,7,49.6,18885090.59
10,150,7,49.7,18571210.97
10,150,7,49.8,18989717.14
10,150,7,49.9,20035982.54
10,150,7,50,19565163.11
10,150,7,50.1,19617476.38
10,150,7,50.2,21186874.49
10,150,7,50.3,18257331.35
10,150,7,50.4,19983669.27
10,150,7,50.5,18466584.43
10,150,7,50.6,18780464.05
10,150,7,50.7,19408223.3
10,150,7,50.8,20035982.54
10,150,7,50.9,19198970.22
10,150,7,51,18675837.51
10,150,7,51.1,18937403.86
10,150,7,51.2,17943451.73
10,150,7,51.3,17263379.21
10,150,7,51.4,18780464.05
10,150,7,51.5,19303596.76
10,150,7,51.6,18571210.97
10,150,7,51.7,16530993.43
10,150,7,51.8,19042030.41
10,150,7,51.9,16792559.78
10,150,7,52,18885090.59
10,150,7,52.1,17786511.92
10,150,7,52.2,18361957.89
10,150,7,52.3,17734198.65
10,150,7,52.4,16060174
10,150,7,52.5,17943451.73
10,150,7,52.6,17995765
10,150,7,52.7,19094343.68
10,150,7,52.8,19303596.76
10,150,7,52.9,17106439.4
10,150,7,53,17838825.19
10,150,7,53.1,18309644.62
10,150,7,53.2,18466584.43
10,150,7,53.3,17472632.3
10,150,7,53.4,17420319.02
10,150,7,53.5,17629572.11
10,150,7,53.6,17734198.65
10,150,7,53.7,17158752.67
10,150,7,53.8,16478680.16
10,150,7,53.9,17472632.3
10,150,7,54,17838825.19
10,150,7,54.1,17368005.75
10,150,7,54.2,17786511.92
10,150,7,54.3,16844873.05
10,150,7,54.4,17001812.86
10,150,7,54.5,16583306.7
10,150,7,54.6,16112487.27
10,150,7,54.7,16478680.16
10,150,7,54.8,17158752.67
10,150,7,54.9,16060174
10,150,7,55,16007860.73
10,150,7,55.1,18466584.43
10,150,7,55.2,16740246.51
10,150,7,55.3,16583306.7
10,150,7,55.4,17734198.65
10,150,7,55.5,17943451.73
10,150,7,55.6,17995765
10,150,7,55.7,16949499.59
10,150,7,55.8,16792559.78
10,150,7,55.9,16217113.81
10,150,7,56,16949499.59
10,150,7,56.1,17158752.67
10,150,7,56.2,16164800.54
10,150,7,56.3,16792559.78
10,150,7,56.4,15537041.29
10,150,7,56.5,16374053.62
10,150,7,56.6,16844873.05
10,150,7,56.7,17211065.94
10,150,7,56.8,15641667.83
10,150,7,56.9,17158752.67
10,150,7,57,14490775.89
10,150,7,57.1,17681885.38
10,150,7,57.2,16217113.81
10,150,7,57.3,17577258.84
10,150,7,57.4,16112487.27
10,150,7,57.5,16583306.7
10,150,7,57.6,15484728.02
10,150,7,57.7,16740246.51
10,150,7,57.8,16426366.89
10,150,7,57.9,15484728.02
10,150,7,58,15484728.02
10,150,7,58.1,183776518.7
10,150,7,58.2,17420319.02
10,150,7,58.3,15170848.4
10,150,7,58.4,15537041.29
10,150,7,58.5,15955547.46
10,150,7,58.6,16007860.73
10,150,7,58.7,15955547.46
10,150,7,58.8,17263379.21
10,150,7,58.9,13601450.29
10,150,7,59,16217113.81
10,150,7,59.1,15432414.75
10,150,7,59.2,16949499.59
10,150,7,59.3,14909282.05
10,150,7,59.4,15693981.1
10,150,7,59.5,314036561.9
10,150,7,59.6,16740246.51
10,150,7,59.7,15066221.86
10,150,7,59.8,14700028.97
10,150,7,59.9,15641667.83
10,150,7,60,14438462.62
10,150,7,60.1,15537041.29
10,150,7,60.2,15170848.4
10,150,7,60.3,13496823.75
10,150,7,60.4,15589354.56
10,150,7,60.5,14647715.7
10,150,7,60.6,14281522.8
10,150,7,60.7,13653763.56
10,150,7,60.8,13392197.21
10,150,7,60.9,15850920.91
10,150,7,61,14856968.78
10,150,7,61.1,14700028.97
10,150,7,61.2,14072269.72
10,150,7,61.3,14019956.45
10,150,7,61.4,15066221.86
10,150,7,61.5,15641667.83
10,150,7,61.6,13967643.18
10,150,7,61.7,12869064.5
10,150,7,61.8,15118535.13
10,150,7,61.9,15066221.86
10,150,7,62,14804655.51
10,150,7,62.1,15066221.86
10,150,7,62.2,13182944.13
10,150,7,62.3,14281522.8
10,150,7,62.4,14176896.26
10,150,7,62.5,13130630.86
10,150,7,62.6,13967643.18
10,150,7,62.7,14595402.43
10,150,7,62.8,12450558.34
10,150,7,62.9,13026004.32
10,150,7,63,14700028.97
10,150,7,63.1,12188991.99
10,150,7,63.2,13601450.29
10,150,7,63.3,14333836.07
10,150,7,63.4,14019956.45
10,150,7,63.5,14072269.72
10,150,7,63.6,14490775.89
10,150,7,63.7,15223161.67
10,150,7,63.8,14333836.07
10,150,7,63.9,14333836.07
10,150,7,64,13339883.94
10,150,7,64.1,13706076.83
10,150,7,64.2,13287570.67
10,150,7,64.3,14229209.53
10,150,7,64.4,14386149.34
10,150,7,64.5,12398245.07
10,150,7,64.6,13601450.29
10,150,7,64.7,15118535.13
10,150,7,64.8,14072269.72
10,150,7,64.9,12712124.69
10,150,7,65,11718172.56
10,150,7,65.1,12607498.15
10,150,7,65.2,12188991.99
10,150,7,65.3,14490775.89
10,150,7,65.4,11404292.94
10,150,7,65.5,13444510.48
10,150,7,65.6,14229209.53
10,150,7,65.7,12450558.34
10,150,7,65.8,12921377.78
10,150,7,65.9,13026004.32
10,150,7,66,11508919.48
10,150,7,66.1,12607498.15
10,150,7,66.2,12921377.78
10,150,7,66.3,12188991.99
10,150,7,66.4,11718172.56
10,150,7,66.5,13235257.4
10,150,7,66.6,10985786.77
10,150,7,66.7,13287570.67
10,150,7,66.8,10776533.69
10,150,7,66.9,11090413.31
10,150,7,67,12816751.23
10,150,7,67.1,45198665.58
10,150,7,67.2,12659811.42
10,150,7,67.3,12973691.05
10,150,7,67.4,75069542.95
10,150,7,67.5,12973691.05
10,150,7,67.6,11299666.39
10,150,7,67.7,13078317.59
10,150,7,67.8,14019956.45
10,150,7,67.9,12345931.8
10,150,7,68,12032052.18
10,150,7,68.1,11665859.29
10,150,7,68.2,11770485.83
10,150,7,68.3,11822799.1
10,150,7,68.4,11299666.39
10,150,7,68.5,12869064.5
10,150,7,68.6,12345931.8
10,150,7,68.7,13967643.18
10,150,7,68.8,13078317.59
10,150,7,68.9,12869064.5
10,150,7,69,11979738.91
10,150,7,69.1,11195039.85
10,150,7,69.2,18152704.81
10,150,7,69.3,24587237.06
10,150,7,69.4,12555184.88
10,150,7,69.5,12450558.34
10,150,7,69.6,17943451.73
10,150,7,69.7,13235257.4
10,150,7,69.8,10776533.69
10,150,7,69.9,11351979.66
10,150,7,70,12764437.96
10,150,7,70.1,11247353.12
10,150,7,70.2,11770485.83
10,150,7,70.3,11665859.29
10,150,7,70.4,11038100.04
10,150,7,70.5,10514967.34
10,150,7,70.6,11404292.94
10,150,7,70.7,10096461.18
10,150,7,70.8,9991834.636
10,150,7,70.9,10462654.07
10,150,7,71,10724220.42
10,150,7,71.1,12032052.18
10,150,7,71.2,10096461.18
10,150,7,71.3,10148774.45
10,150,7,71.4,11247353.12
10,150,7,71.5,10044147.91
10,150,7,71.6,11351979.66
10,150,7,71.7,10933473.5
10,150,7,71.8,9625641.744
10,150,7,71.9,10462654.07
10,150,7,72,10776533.69
10,150,7,72.1,9939521.366
10,150,7,72.2,11038100.04
10,150,7,72.3,9782581.555
10,150,7,72.4,9521015.203
10,150,7,72.5,9939521.366
10,150,7,72.6,11142726.58
10,150,7,72.7,10462654.07
10,150,7,72.8,10201087.72
10,150,7,72.9,11665859.29
10,150,7,73,10985786.77
10,150,7,73.1,9207135.581
10,150,7,73.2,10410340.8
10,150,7,73.3,10044147.91
10,150,7,73.4,10305714.26
10,150,7,73.5,10253400.99
10,150,7,73.6,9730268.284
10,150,7,73.7,8893255.959
10,150,7,73.8,9468701.932
10,150,7,73.9,9259448.851
10,150,7,74,9991834.636
10,150,7,74.1,10305714.26
10,150,7,74.2,9364075.392
10,150,7,74.3,10776533.69
10,150,7,74.4,10776533.69
10,150,7,74.5,9416388.662
10,150,7,74.6,9939521.366
10,150,7,74.7,11090413.31
10,150,7,74.8,10567280.61
10,150,7,74.9,9991834.636
10,150,7,75,10410340.8
10,150,7,75.1,9259448.851
10,150,7,75.2,10305714.26
10,150,7,75.3,11090413.31
10,150,7,75.4,8317809.985
10,150,7,75.5,9154822.31
10,150,7,75.6,11090413.31
10,150,7,75.7,9207135.581
10,150,7,75.8,9364075.392
10,150,7,75.9,8736316.148
10,150,7,76,10619593.88
10,150,7,76.1,9311762.121
10,150,7,76.2,10305714.26
10,150,7,76.3,8108556.904
10,150,7,76.4,9259448.851
10,150,7,76.5,9991834.636
10,150,7,76.6,9573328.473
10,150,7,76.7,10985786.77
10,150,7,76.8,8945569.229
10,150,7,76.9,10253400.99
10,150,7,77,10881160.23
10,150,7,77.1,8160870.174
10,150,7,77.2,10305714.26
10,150,7,77.3,9625641.744
10,150,7,77.4,9939521.366
10,150,7,77.5,9102509.04
10,150,7,77.6,9677955.014
10,150,7,77.7,9364075.392
10,150,7,77.8,8370123.255
10,150,7,77.9,8684002.877
10,150,7,78,8265496.715
10,150,7,78.1,8788629.418
10,150,7,78.2,8893255.959
10,150,7,78.3,8997882.499
10,150,7,78.4,8108556.904
10,150,7,78.5,7690050.741
10,150,7,78.6,8317809.985
10,150,7,78.7,8945569.229
10,150,7,78.8,9154822.31
10,150,7,78.9,9521015.203
10,150,7,79,8997882.499
10,150,7,79.1,8840942.688
10,150,7,79.2,9207135.581
10,150,7,79.3,9102509.04
10,150,7,79.4,10044147.91
10,150,7,79.5,9416388.662
10,150,7,79.6,8893255.959
10,150,7,79.7,8631689.607
10,150,7,79.8,9730268.284
10,150,7,79.9,8108556.904
10,150,7,80,9207135.581
10,150,7,80.1,9311762.121
10,150,7,80.2,9573328.473
10,150,7,80.3,8579376.337
10,150,7,80.4,8317809.985
10,150,7,80.5,7846990.552
10,150,7,80.6,8422436.526
10,150,7,80.7,9259448.851
10,150,7,80.8,9887208.095
10,150,7,80.9,7690050.741
10,150,7,81,7742364.011
10,150,7,81.1,10358027.53
10,150,7,81.2,9154822.31
10,150,7,81.3,7376171.119
10,150,7,81.4,7323857.848
10,150,7,81.5,9102509.04
10,150,7,81.6,8631689.607
10,150,7,81.7,10148774.45
10,150,7,81.8,7533110.93
10,150,7,81.9,8945569.229
10,150,7,82,7637737.47
10,150,7,82.1,8527063.066
10,150,7,82.2,8003930.363
10,150,7,82.3,8265496.715
10,150,7,82.4,9521015.203
10,150,7,82.5,9364075.392
10,150,7,82.6,8945569.229
10,150,7,82.7,8422436.526
10,150,7,82.8,9207135.581
10,150,7,82.9,8631689.607
10,150,7,83,7690050.741
10,150,7,83.1,8056243.633
10,150,7,83.2,8631689.607
10,150,7,83.3,9050195.77
10,150,7,83.4,7323857.848
10,150,7,83.5,8213183.444
10,150,7,83.6,8213183.444
10,150,7,83.7,8003930.363
10,150,7,83.8,7271544.578
10,150,7,83.9,8736316.148
10,150,7,84,8684002.877
10,150,7,84.1,8160870.174
10,150,7,84.2,8945569.229
10,150,7,84.3,8056243.633
10,150,7,84.4,8317809.985
10,150,7,84.5,7690050.741
10,150,7,84.6,8840942.688
10,150,7,84.7,8527063.066
10,150,7,84.8,7533110.93
10,150,7,84.9,8840942.688
10,150,7,85,7899303.822
10,150,7,85.1,7166918.037
10,150,7,85.2,7323857.848
10,150,7,85.3,7166918.037
10,150,7,85.4,8527063.066
10,150,7,85.5,7219231.308
10,150,7,85.6,6748411.875
10,150,7,85.7,8579376.337
10,150,7,85.8,6905351.686
10,150,7,85.9,7794677.281
10,150,7,86,7637737.47
10,150,7,86.1,8736316.148
10,150,7,86.2,8527063.066
10,150,7,86.3,7794677.281
10,150,7,86.4,7323857.848
10,150,7,86.5,7742364.011
10,150,7,86.6,8317809.985
10,150,7,86.7,8213183.444
10,150,7,86.8,7899303.822
10,150,7,86.9,7428484.389
10,150,7,87,8370123.255
10,150,7,87.1,7271544.578
10,150,7,87.2,8160870.174
10,150,7,87.3,6696098.604
10,150,7,87.4,7114604.767
10,150,7,87.5,7951617.092
10,150,7,87.6,7376171.119
10,150,7,87.7,7794677.281
10,150,7,87.8,7480797.659
10,150,7,87.9,8160870.174
10,150,7,88,7846990.552
10,150,7,88.1,6643785.334
10,150,7,88.2,6172965.901
10,150,7,88.3,6853038.415
10,150,7,88.4,7114604.767
10,150,7,88.5,7846990.552
10,150,7,88.6,9102509.04
10,150,7,88.7,6800725.145
10,150,7,88.8,6643785.334
10,150,7,88.9,6853038.415
10,150,7,89,7637737.47
10,150,7,89.1,6277592.441
10,150,7,89.2,7637737.47
10,150,7,89.3,6957664.956
10,150,7,89.4,6748411.875
10,150,7,89.5,7166918.037
10,150,7,89.6,7114604.767
10,150,7,89.7,7323857.848
10,150,7,89.8,6382218.982
10,150,7,89.9,7062291.497
10,150,7,90,6957664.956
10,150,7,90.1,6434532.252
10,150,7,90.2,6853038.415
10,150,7,90.3,6800725.145
10,150,7,90.4,7428484.389
10,150,7,90.5,8370123.255
10,150,7,90.6,7533110.93
10,150,7,90.7,5702146.468
10,150,7,90.8,7794677.281
10,150,7,90.9,7271544.578
10,150,7,91,7742364.011
10,150,7,91.1,7794677.281
10,150,7,91.2,7690050.741
10,150,7,91.3,6539158.793
10,150,7,91.4,6172965.901
10,150,7,91.5,6905351.686
10,150,7,91.6,6434532.252
10,150,7,91.7,7376171.119
10,150,7,91.8,6068339.36
10,150,7,91.9,7323857.848
10,150,7,92,7376171.119
10,150,7,92.1,6957664.956
10,150,7,92.2,6539158.793
10,150,7,92.3,6957664.956
10,150,7,92.4,6800725.145
10,150,7,92.5,7166918.037
10,150,7,92.6,6957664.956
10,150,7,92.7,6591472.063
10,150,7,92.8,7062291.497
10,150,7,92.9,7062291.497
10,150,7,93,6329905.712
10,150,7,93.1,7846990.552
10,150,7,93.2,7585424.2
10,150,7,93.3,7376171.119
10,150,7,93.4,6016026.09
10,150,7,93.5,6434532.252
10,150,7,93.6,6853038.415
10,150,7,93.7,6382218.982
10,150,7,93.8,7271544.578
10,150,7,93.9,6591472.063
10,150,7,94,5963712.819
10,150,7,94.1,6643785.334
10,150,7,94.2,6329905.712
10,150,7,94.3,6225279.171
10,150,7,94.4,5126700.494
10,150,7,94.5,6800725.145
10,150,7,94.6,6434532.252
10,150,7,94.7,6957664.956
10,150,7,94.8,6120652.63
10,150,7,94.9,6016026.09
10,150,7,95,6382218.982
10,150,7,95.1,6591472.063
10,150,7,95.2,5806773.008
10,150,7,95.3,6853038.415
10,150,7,95.4,6800725.145
10,150,7,95.5,7323857.848
10,150,7,95.6,6696098.604
10,150,7,95.7,5335953.575
10,150,7,95.8,6225279.171
10,150,7,95.9,6486845.523
10,150,7,96,6172965.901
10,150,7,96.1,6905351.686
10,150,7,96.2,5963712.819
10,150,7,96.3,6329905.712
10,150,7,96.4,4655881.061
10,150,7,96.5,5440580.116
10,150,7,96.6,5806773.008
10,150,7,96.7,5911399.549
10,150,7,96.8,6382218.982
10,150,7,96.9,6120652.63
10,150,7,97,6748411.875
10,150,7,97.1,5806773.008
10,150,7,97.2,6016026.09
10,150,7,97.3,6643785.334
10,150,7,97.4,6643785.334
10,150,7,97.5,5859086.279
10,150,7,97.6,5492893.386
10,150,7,97.7,6277592.441
10,150,7,97.8,6905351.686
10,150,7,97.9,5911399.549
10,150,7,98,6277592.441
10,150,7,98.1,5963712.819
10,150,7,98.2,5597519.927
10,150,7,98.3,5335953.575
10,150,7,98.4,5806773.008
10,150,7,98.5,5335953.575
10,150,7,98.6,5388266.846
10,150,7,98.7,6382218.982
10,150,7,98.8,4812820.872
10,150,7,98.9,6643785.334
10,150,7,99,5754459.738
10,150,7,99.1,5283640.305
10,150,7,99.2,6225279.171
10,150,7,99.3,6120652.63
10,150,7,99.4,6172965.901
10,150,7,99.5,5388266.846
10,150,7,99.6,5492893.386
10,150,7,99.7,5806773.008
10,150,7,99.8,6382218.982
10,150,7,99.9,5754459.738
10,150,7,100,5649833.197
10,150,7,100.1,5649833.197
10,150,7,100.2,6016026.09
10,150,7,100.3,5859086.279
10,150,7,100.4,5388266.846
10,150,7,100.5,6277592.441
10,150,7,100.6,6120652.63
10,150,7,100.7,5022073.953
10,150,7,100.8,6172965.901
10,150,7,100.9,4917447.412
10,150,7,101,4708194.331
10,150,7,101.1,5335953.575
10,150,7,101.2,6120652.63
10,150,7,101.3,5963712.819
10,150,7,101.4,5597519.927
10,150,7,101.5,5597519.927
10,150,7,101.6,4603567.79
10,150,7,101.7,4708194.331
10,150,7,101.8,5022073.953
10,150,7,101.9,6225279.171
10,150,7,102,5492893.386
10,150,7,102.1,5545206.657
10,150,7,102.2,6016026.09
10,150,7,102.3,4655881.061
10,150,7,102.4,4289688.168
10,150,7,102.5,5649833.197
10,150,7,102.6,5545206.657
10,150,7,102.7,5283640.305
10,150,7,102.8,5545206.657
10,150,7,102.9,5022073.953
10,150,7,103,4708194.331
10,150,7,103.1,5179013.764
10,150,7,103.2,5388266.846
10,150,7,103.3,5702146.468
10,150,7,103.4,5335953.575
10,150,7,103.5,3818868.735
10,150,7,103.6,4342001.439
10,150,7,103.7,5754459.738
10,150,7,103.8,5179013.764
10,150,7,103.9,5179013.764
10,150,7,104,5545206.657
10,150,7,104.1,5597519.927
10,150,7,104.2,5545206.657
10,150,7,104.3,5231327.035
10,150,7,104.4,5022073.953
10,150,7,104.5,5231327.035
10,150,7,104.6,5440580.116
10,150,7,104.7,6486845.523
10,150,7,104.8,5440580.116
10,150,7,104.9,5022073.953
10,150,7,105,4812820.872
10,150,7,105.1,4394314.709
10,150,7,105.2,5179013.764
10,150,7,105.3,5806773.008
10,150,7,105.4,5231327.035
10,150,7,105.5,5440580.116
10,150,7,105.6,5492893.386
10,150,7,105.7,4342001.439
10,150,7,105.8,4655881.061
10,150,7,105.9,5597519.927
10,150,7,106,5074387.223
10,150,7,106.1,4760507.601
10,150,7,106.2,5022073.953
10,150,7,106.3,5074387.223
10,150,7,106.4,5179013.764
10,150,7,106.5,5179013.764
10,150,7,106.6,4760507.601
10,150,7,106.7,5022073.953
10,150,7,106.8,4655881.061
10,150,7,106.9,4498941.25
10,150,7,107,5283640.305
10,150,7,107.1,5179013.764
10,150,7,107.2,5074387.223
10,150,7,107.3,4551254.52
10,150,7,107.4,4865134.142
10,150,7,107.5,5126700.494
10,150,7,107.6,4237374.898
10,150,7,107.7,3714242.195
10,150,7,107.8,4394314.709
10,150,7,107.9,5074387.223
10,150,7,108,5597519.927
10,150,7,108.1,5022073.953
10,150,7,108.2,4342001.439
10,150,7,108.3,5335953.575
10,150,7,108.4,4394314.709
10,150,7,108.5,4394314.709
10,150,7,108.6,4708194.331
10,150,7,108.7,4028121.817
10,150,7,108.8,3452675.843
10,150,7,108.9,4812820.872
10,150,7,109,3452675.843
10,150,7,109.1,4812820.872
10,150,7,109.2,4551254.52
10,150,7,109.3,3923495.276
10,150,7,109.4,4237374.898
10,150,7,109.5,5231327.035
10,150,7,109.6,4708194.331
10,150,7,109.7,3923495.276
10,150,7,109.8,4498941.25
10,150,7,109.9,4185061.628
10,150,7,110,4028121.817
10,150,7,110.1,4185061.628
10,150,7,110.2,4446627.979
10,150,7,110.3,4237374.898
10,150,7,110.4,5074387.223
10,150,7,110.5,4028121.817
10,150,7,110.6,4865134.142
10,150,7,110.7,3818868.735
10,150,7,110.8,5335953.575
10,150,7,110.9,3348049.302
10,150,7,111,4394314.709
10,150,7,111.1,4708194.331
10,150,7,111.2,4498941.25
10,150,7,111.3,5074387.223
10,150,7,111.4,3557302.383
10,150,7,111.5,4498941.25
10,150,7,111.6,4760507.601
10,150,7,111.7,4237374.898
10,150,7,111.8,5283640.305
10,150,7,111.9,4865134.142
10,150,7,112,4812820.872
10,150,7,112.1,4865134.142
10,150,7,112.2,4132748.357
10,150,7,112.3,4028121.817
10,150,7,112.4,4551254.52
10,150,7,112.5,4342001.439
10,150,7,112.6,5231327.035
10,150,7,112.7,4446627.979
10,150,7,112.8,4708194.331
10,150,7,112.9,3348049.302
10,150,7,113,3138796.221
10,150,7,113.1,4237374.898
10,150,7,113.2,4394314.709
10,150,7,113.3,4865134.142
10,150,7,113.4,3871182.006
10,150,7,113.5,4289688.168
10,150,7,113.6,3871182.006
10,150,7,113.7,4237374.898
10,150,7,113.8,3295736.032
10,150,7,113.9,4342001.439
10,150,7,114,3661928.924
10,150,7,114.1,4289688.168
10,150,7,114.2,3714242.195
10,150,7,114.3,4132748.357
10,150,7,114.4,3818868.735
10,150,7,114.5,4185061.628
10,150,7,114.6,3818868.735
10,150,7,114.7,3975808.546
10,150,7,114.8,3975808.546
10,150,7,114.9,4080435.087
10,150,7,115,3661928.924
10,150,7,115.1,4289688.168
10,150,7,115.2,4028121.817
10,150,7,115.3,3766555.465
10,150,7,115.4,3504989.113
10,150,7,115.5,3661928.924
10,150,7,115.6,3609615.654
10,150,7,115.7,4603567.79
10,150,7,115.8,4080435.087
10,150,7,115.9,3348049.302
10,150,7,116,3923495.276
10,150,7,116.1,3504989.113
10,150,7,116.2,4028121.817
10,150,7,116.3,4498941.25
10,150,7,116.4,4132748.357
10,150,7,116.5,2824916.599
10,150,7,116.6,3138796.221
10,150,7,116.7,3557302.383
10,150,7,116.8,3191109.491
10,150,7,116.9,4603567.79
10,150,7,117,3243422.761
10,150,7,117.1,3975808.546
10,150,7,117.2,4132748.357
10,150,7,117.3,4342001.439
10,150,7,117.4,3609615.654
10,150,7,117.5,3871182.006
10,150,7,117.6,4185061.628
10,150,7,117.7,3661928.924
10,150,7,117.8,3295736.032
10,150,7,117.9,3661928.924
10,150,7,118,3714242.195
10,150,7,118.1,3191109.491
10,150,7,118.2,4185061.628
10,150,7,118.3,3818868.735
10,150,7,118.4,3504989.113
10,150,7,118.5,2981856.41
10,150,7,118.6,4342001.439
10,150,7,118.7,3714242.195
10,150,7,118.8,3714242.195
10,150,7,118.9,3661928.924
10,150,7,119,2511036.977
10,150,7,119.1,3243422.761
10,150,7,119.2,3818868.735
10,150,7,119.3,3557302.383
10,150,7,119.4,3504989.113
10,150,7,119.5,3348049.302
10,150,7,119.6,3661928.924
10,150,7,119.7,2615663.517
10,150,7,119.8,4446627.979
10,150,7,119.9,3504989.113
10,150,7,120,3400362.572
10,150,7,120.1,3557302.383
10,150,7,120.2,3295736.032
10,150,7,120.3,3661928.924
10,150,7,120.4,3452675.843
10,150,7,120.5,3243422.761
10,150,7,120.6,3557302.383
10,150,7,120.7,2720290.058
10,150,7,120.8,3400362.572
10,150,7,120.9,2877229.869
10,150,7,121,3661928.924
10,150,7,121.1,3714242.195
10,150,7,121.2,3295736.032
10,150,7,121.3,2563350.247
10,150,7,121.4,3504989.113
10,150,7,121.5,3452675.843
10,150,7,121.6,4028121.817
10,150,7,121.7,3923495.276
10,150,7,121.8,2563350.247
10,150,7,121.9,3400362.572
10,150,7,122,3818868.735
10,150,7,122.1,3138796.221
10,150,7,122.2,2720290.058
10,150,7,122.3,3086482.95
10,150,7,122.4,3086482.95
10,150,7,122.5,2877229.869
10,150,7,122.6,2615663.517
10,150,7,122.7,4289688.168
10,150,7,122.8,3191109.491
10,150,7,122.9,3661928.924
10,150,7,123,3086482.95
10,150,7,123.1,3400362.572
10,150,7,123.2,2929543.139
10,150,7,123.3,3609615.654
10,150,7,123.4,3138796.221
10,150,7,123.5,2877229.869
10,150,7,123.6,3923495.276
10,150,7,123.7,3138796.221
10,150,7,123.8,2615663.517
10,150,7,123.9,2981856.41
10,150,7,124,3295736.032
10,150,7,124.1,2563350.247
10,150,7,124.2,2772603.328
10,150,7,124.3,3923495.276
10,150,7,124.4,2406410.436
10,150,7,124.5,2772603.328
10,150,7,124.6,2824916.599
10,150,7,124.7,3348049.302
10,150,7,124.8,3243422.761
10,150,7,124.9,3191109.491
10,150,7,125,3295736.032
10,150,7,125.1,3348049.302
10,150,7,125.2,3034169.68
10,150,7,125.3,3191109.491
10,150,7,125.4,2667976.788
10,150,7,125.5,2877229.869
10,150,7,125.6,2615663.517
10,150,7,125.7,3191109.491
10,150,7,125.8,3086482.95
10,150,7,125.9,3034169.68
10,150,7,126,2929543.139
10,150,7,126.1,3191109.491
10,150,7,126.2,2458723.706
10,150,7,126.3,2615663.517
10,150,7,126.4,2458723.706
10,150,7,126.5,2772603.328
10,150,7,126.6,2301783.895
10,150,7,126.7,2563350.247
10,150,7,126.8,3714242.195
10,150,7,126.9,3138796.221
10,150,7,127,2877229.869
10,150,7,127.1,2667976.788
10,150,7,127.2,2929543.139
10,150,7,127.3,2720290.058
10,150,7,127.4,2667976.788
10,150,7,127.5,3661928.924
10,150,7,127.6,2563350.247
10,150,7,127.7,2877229.869
10,150,7,127.8,2667976.788
10,150,7,127.9,2667976.788
10,150,7,128,2877229.869
10,150,7,128.1,2511036.977
10,150,7,128.2,1987904.273
10,150,7,128.3,1987904.273
10,150,7,128.4,3034169.68
10,150,7,128.5,3243422.761
10,150,7,128.6,2406410.436
10,150,7,128.7,2301783.895
10,150,7,128.8,2772603.328
10,150,7,128.9,2354097.166
10,150,7,129,2144844.084
10,150,7,129.1,1987904.273
10,150,7,129.2,2981856.41
10,150,7,129.3,1935591.003
10,150,7,129.4,1726337.921
10,150,7,129.5,2354097.166
10,150,7,129.6,1987904.273
10,150,7,129.7,2354097.166
10,150,7,129.8,2615663.517
10,150,7,129.9,2615663.517
10,150,7,130,2667976.788
10,150,7,130.1,2981856.41
10,150,7,130.2,1883277.732
10,150,7,130.3,2511036.977
10,150,7,130.4,2720290.058
10,150,7,130.5,2354097.166
10,150,7,130.6,2458723.706
10,150,7,130.7,2824916.599
10,150,7,130.8,2511036.977
10,150,7,130.9,2144844.084
10,150,7,131,2667976.788
10,150,7,131.1,1830964.462
10,150,7,131.2,1778651.192
10,150,7,131.3,2249470.625
10,150,7,131.4,2615663.517
10,150,7,131.5,2511036.977
10,150,7,131.6,2249470.625
10,150,7,131.7,2563350.247
10,150,7,131.8,2877229.869
10,150,7,131.9,2458723.706
10,150,7,132,2092530.814
10,150,7,132.1,1778651.192
10,150,7,132.2,2197157.354
10,150,7,132.3,1987904.273
10,150,7,132.4,1517084.84
10,150,7,132.5,1987904.273
10,150,7,132.6,2354097.166
10,150,7,132.7,2301783.895
10,150,7,132.8,2563350.247
10,150,7,132.9,1830964.462
10,150,7,133,1830964.462
10,150,7,133.1,2092530.814
10,150,7,133.2,2354097.166
10,150,7,133.3,2929543.139
10,150,7,133.4,1935591.003
10,150,7,133.5,1464771.57
10,150,7,133.6,1621711.381
10,150,7,133.7,2406410.436
10,150,7,133.8,1726337.921
10,150,7,133.9,2249470.625
10,150,7,134,2144844.084
10,150,7,134.1,1778651.192
10,150,7,134.2,2040217.543
10,150,7,134.3,2144844.084
10,150,7,134.4,2458723.706
10,150,7,134.5,1726337.921
10,150,7,134.6,1726337.921
10,150,7,134.7,1726337.921
10,150,7,134.8,1830964.462
10,150,7,134.9,2249470.625
10,150,7,135,1517084.84
10,150,7,135.1,2563350.247
10,150,7,135.2,1569398.11
10,150,7,135.3,2301783.895
10,150,7,135.4,2092530.814
10,150,7,135.5,2301783.895
10,150,7,135.6,2563350.247
10,150,7,135.7,1883277.732
10,150,7,135.8,1726337.921
10,150,7,135.9,1935591.003
10,150,7,136,1674024.651
10,150,7,136.1,1674024.651
10,150,7,136.2,2144844.084
10,150,7,136.3,2249470.625
10,150,7,136.4,1307831.759
10,150,7,136.5,1778651.192
10,150,7,136.6,1935591.003
10,150,7,136.7,1464771.57
10,150,7,136.8,1621711.381
10,150,7,136.9,1464771.57
10,150,7,137,1569398.11
10,150,7,137.1,2040217.543
10,150,7,137.2,1674024.651
10,150,7,137.3,1621711.381
10,150,7,137.4,1987904.273
10,150,7,137.5,2354097.166
10,150,7,137.6,1203205.218
10,150,7,137.7,1726337.921
10,150,7,137.8,1255518.488
10,150,7,137.9,1517084.84
10,150,7,138,2563350.247
10,150,7,138.1,1726337.921
10,150,7,138.2,1674024.651
10,150,7,138.3,1883277.732
10,150,7,138.4,1150891.948
10,150,7,138.5,1307831.759
10,150,7,138.6,1360145.029
10,150,7,138.7,2040217.543
10,150,7,138.8,1778651.192
10,150,7,138.9,1307831.759
10,150,7,139,2615663.517
10,150,7,139.1,1674024.651
10,150,7,139.2,1464771.57
10,150,7,139.3,1255518.488
10,150,7,139.4,1464771.57
10,150,7,139.5,1360145.029
10,150,7,139.6,1255518.488
10,150,7,139.7,1830964.462
10,150,7,139.8,1674024.651
10,150,7,139.9,1150891.948
10,150,7,140,1360145.029
10,150,7,140.1,1255518.488
10,150,7,140.2,1412458.299
10,150,7,140.3,784699.0552
10,150,7,140.4,1464771.57
10,150,7,140.5,1464771.57
10,150,7,140.6,1517084.84
10,150,7,140.7,941638.8662
10,150,7,140.8,1412458.299
10,150,7,140.9,1360145.029
10,150,7,141,1098578.677
10,150,7,141.1,993952.1366
10,150,7,141.2,1569398.11
10,150,7,141.3,1098578.677
10,150,7,141.4,1517084.84
10,150,7,141.5,1464771.57
10,150,7,141.6,1517084.84
10,150,7,141.7,1412458.299
10,150,7,141.8,889325.5959
10,150,7,141.9,1360145.029
10,150,7,142,1150891.948
10,150,7,142.1,1255518.488
10,150,7,142.2,1517084.84
10,150,7,142.3,1307831.759
10,150,7,142.4,889325.5959
10,150,7,142.5,941638.8662
10,150,7,142.6,1255518.488
10,150,7,142.7,993952.1366
10,150,7,142.8,1046265.407
10,150,7,142.9,889325.5959
10,150,7,143,1255518.488
10,150,7,143.1,1360145.029
10,150,7,143.2,732385.7848
10,150,7,143.3,1046265.407
10,150,7,143.4,1150891.948
10,150,7,143.5,837012.3255
10,150,7,143.6,784699.0552
10,150,7,143.7,993952.1366
10,150,7,143.8,1046265.407
10,150,7,143.9,993952.1366
10,150,7,144,1203205.218
10,150,7,144.1,1046265.407
10,150,7,144.2,993952.1366
10,150,7,144.3,1098578.677
10,150,7,144.4,680072.5145
10,150,7,144.5,732385.7848
10,150,7,144.6,627759.2441
10,150,7,144.7,1046265.407
10,150,7,144.8,1046265.407
10,150,7,144.9,418506.1628
10,150,7,145,575445.9738
10,150,7,145.1,732385.7848
10,150,7,145.2,1098578.677
10,150,7,145.3,575445.9738
10,150,7,145.4,627759.2441
10,150,7,145.5,418506.1628
10,150,7,145.6,680072.5145
10,150,7,145.7,784699.0552
10,150,7,145.8,732385.7848
10,150,7,145.9,680072.5145
10,150,7,146,575445.9738
10,150,7,146.1,680072.5145
10,150,7,146.2,837012.3255
10,150,7,146.3,313879.6221
10,150,7,146.4,470819.4331
10,150,7,146.5,993952.1366
10,150,7,146.6,523132.7035
10,150,7,146.7,889325.5959
10,150,7,146.8,680072.5145
10,150,7,146.9,837012.3255
10,150,7,147,418506.1628
10,150,7,147.1,575445.9738
10,150,7,147.2,837012.3255
10,150,7,147.3,575445.9738
10,150,7,147.4,366192.8924
10,150,7,147.5,470819.4331
10,150,7,147.6,209253.0814
10,150,7,147.7,313879.6221
10,150,7,147.8,261566.3517
10,150,7,147.9,261566.3517
10,150,7,148,313879.6221
10,150,7,148.1,366192.8924
10,150,7,148.2,313879.6221
10,150,7,148.3,366192.8924
10,150,7,148.4,627759.2441
10,150,7,148.5,366192.8924
10,150,7,148.6,418506.1628
10,150,7,148.7,156939.811
10,150,7,148.8,209253.0814
10,150,7,148.9,156939.811
10,150,7,149,523132.7035
10,150,7,149.1,261566.3517
10,150,7,149.2,52313.27035
10,150,7,149.3,418506.1628
10,150,7,149.4,104626.5407
10,150,7,149.5,104626.5407
10,150,7,149.6,104626.5407
10,150,7,149.7,313879.6221
10,150,7,149.8,52313.27035
10,150,7,149.9,104626.5407
